ISO-10303-21;
HEADER;
/* Generated by software containing ST-Developer
 * from STEP Tools, Inc. (www.steptools.com) 
 */
/* OPTION: using custom schema-name function */

FILE_DESCRIPTION(
/* description */ (''),
/* implementation_level */ '2;1');

FILE_NAME(
/* name */ 'HFV15[2].stp',
/* time_stamp */ '2018-03-03T10:11:57+08:00',
/* author */ (''),
/* organization */ (''),
/* preprocessor_version */ 'ST-DEVELOPER v15',
/* originating_system */ 'SIEMENS PLM Software NX 8.5',
/* authorisation */ '');

FILE_SCHEMA (('AP203_CONFIGURATION_CONTROLLED_3D_DESIGN_OF_MECHANICAL_PARTS_AND_ASSEMBLIES_MIM_LF { 1 0 10303 403 2 1 2}'));
ENDSEC;

DATA;
#10=PROPERTY_DEFINITION_REPRESENTATION(#14,#12);
#11=PROPERTY_DEFINITION_REPRESENTATION(#15,#13);
#12=REPRESENTATION('',(#16),#8459);
#13=REPRESENTATION('',(#17),#8459);
#14=PROPERTY_DEFINITION('pmi validation property','',#89);
#15=PROPERTY_DEFINITION('pmi validation property','',#89);
#16=VALUE_REPRESENTATION_ITEM('number of annotations',COUNT_MEASURE(0.));
#17=VALUE_REPRESENTATION_ITEM('number of views',COUNT_MEASURE(0.));
#18=SHAPE_REPRESENTATION_RELATIONSHIP('None',
'relationship between 190118702A49zsly-None and 190118702A49zsly-None',
#100,#19);
#19=ADVANCED_BREP_SHAPE_REPRESENTATION('190118702A49zsly-None',(#318,#319,
#320,#321,#322,#323),#8459);
#20=CC_DESIGN_APPROVAL(#32,(#90));
#21=CC_DESIGN_APPROVAL(#33,(#92));
#22=CC_DESIGN_APPROVAL(#34,(#39));
#23=APPROVAL_PERSON_ORGANIZATION(#77,#32,#26);
#24=APPROVAL_PERSON_ORGANIZATION(#78,#33,#27);
#25=APPROVAL_PERSON_ORGANIZATION(#79,#34,#28);
#26=APPROVAL_ROLE('approver');
#27=APPROVAL_ROLE('approver');
#28=APPROVAL_ROLE('approver');
#29=APPROVAL_DATE_TIME(#47,#32);
#30=APPROVAL_DATE_TIME(#48,#33);
#31=APPROVAL_DATE_TIME(#49,#34);
#32=APPROVAL(#35,' ');
#33=APPROVAL(#36,' ');
#34=APPROVAL(#37,' ');
#35=APPROVAL_STATUS('not_yet_approved');
#36=APPROVAL_STATUS('not_yet_approved');
#37=APPROVAL_STATUS('not_yet_approved');
#38=CC_DESIGN_SECURITY_CLASSIFICATION(#39,(#92));
#39=SECURITY_CLASSIFICATION(' ',' ',#40);
#40=SECURITY_CLASSIFICATION_LEVEL('confidential');
#41=CC_DESIGN_DATE_AND_TIME_ASSIGNMENT(#45,#43,(#90));
#42=CC_DESIGN_DATE_AND_TIME_ASSIGNMENT(#46,#44,(#39));
#43=DATE_TIME_ROLE('creation_date');
#44=DATE_TIME_ROLE('classification_date');
#45=DATE_AND_TIME(#60,#50);
#46=DATE_AND_TIME(#61,#51);
#47=DATE_AND_TIME(#62,#52);
#48=DATE_AND_TIME(#63,#53);
#49=DATE_AND_TIME(#64,#54);
#50=LOCAL_TIME(0,0,0.,#55);
#51=LOCAL_TIME(0,0,0.,#56);
#52=LOCAL_TIME(0,0,0.,#57);
#53=LOCAL_TIME(0,0,0.,#58);
#54=LOCAL_TIME(0,0,0.,#59);
#55=COORDINATED_UNIVERSAL_TIME_OFFSET(0,0,.BEHIND.);
#56=COORDINATED_UNIVERSAL_TIME_OFFSET(0,0,.BEHIND.);
#57=COORDINATED_UNIVERSAL_TIME_OFFSET(0,0,.BEHIND.);
#58=COORDINATED_UNIVERSAL_TIME_OFFSET(0,0,.BEHIND.);
#59=COORDINATED_UNIVERSAL_TIME_OFFSET(0,0,.BEHIND.);
#60=CALENDAR_DATE(0,1,1);
#61=CALENDAR_DATE(0,1,1);
#62=CALENDAR_DATE(0,1,1);
#63=CALENDAR_DATE(0,1,1);
#64=CALENDAR_DATE(0,1,1);
#65=CC_DESIGN_PERSON_AND_ORGANIZATION_ASSIGNMENT(#73,#69,(#90,#92));
#66=CC_DESIGN_PERSON_AND_ORGANIZATION_ASSIGNMENT(#74,#70,(#94));
#67=CC_DESIGN_PERSON_AND_ORGANIZATION_ASSIGNMENT(#75,#71,(#92));
#68=CC_DESIGN_PERSON_AND_ORGANIZATION_ASSIGNMENT(#76,#72,(#39));
#69=PERSON_AND_ORGANIZATION_ROLE('creator');
#70=PERSON_AND_ORGANIZATION_ROLE('design_owner');
#71=PERSON_AND_ORGANIZATION_ROLE('design_supplier');
#72=PERSON_AND_ORGANIZATION_ROLE('classification_officer');
#73=PERSON_AND_ORGANIZATION(#87,#80);
#74=PERSON_AND_ORGANIZATION(#87,#81);
#75=PERSON_AND_ORGANIZATION(#87,#82);
#76=PERSON_AND_ORGANIZATION(#87,#83);
#77=PERSON_AND_ORGANIZATION(#87,#84);
#78=PERSON_AND_ORGANIZATION(#87,#85);
#79=PERSON_AND_ORGANIZATION(#87,#86);
#80=ORGANIZATION(' ',' ',' ');
#81=ORGANIZATION(' ',' ',' ');
#82=ORGANIZATION(' ',' ',' ');
#83=ORGANIZATION(' ',' ',' ');
#84=ORGANIZATION(' ',' ',' ');
#85=ORGANIZATION(' ',' ',' ');
#86=ORGANIZATION(' ',' ',' ');
#87=PERSON(' ',' ',' ',(' '),$,$);
#88=SHAPE_DEFINITION_REPRESENTATION(#89,#100);
#89=PRODUCT_DEFINITION_SHAPE('','',#90);
#90=PRODUCT_DEFINITION(' ','',#92,#91);
#91=DESIGN_CONTEXT('',#99,'design');
#92=PRODUCT_DEFINITION_FORMATION_WITH_SPECIFIED_SOURCE(' ',' ',#94,
 .NOT_KNOWN.);
#93=PRODUCT_RELATED_PRODUCT_CATEGORY('detail','',(#94));
#94=PRODUCT('190118702A49zsly','190118702A49zsly',' ',(#97));
#95=PRODUCT_CATEGORY('part',' ');
#96=PRODUCT_CATEGORY(' ','');
#97=MECHANICAL_CONTEXT(' ',#99,'mechanical');
#98=APPLICATION_PROTOCOL_DEFINITION('international standard',
'config_control_design',2010,#99);
#99=APPLICATION_CONTEXT(
'configuration controlled 3D designs of mechanical parts and assemblie
s');
#100=SHAPE_REPRESENTATION('190118702A49zsly-None',(#5199),#8459);
#101=(
BOUNDED_SURFACE()
B_SPLINE_SURFACE(3,3,((#8295,#8296,#8297,#8298),(#8299,#8300,#8301,#8302),
(#8303,#8304,#8305,#8306),(#8307,#8308,#8309,#8310)),.UNSPECIFIED.,.F.,
 .F.,.F.)
B_SPLINE_SURFACE_WITH_KNOTS((4,4),(4,4),(0.,1.),(0.,1.),.UNSPECIFIED.)
GEOMETRIC_REPRESENTATION_ITEM()
RATIONAL_B_SPLINE_SURFACE(((1.,0.804737854124368,0.804737854124368,1.),
(0.804737854124375,0.647603013860698,0.647603013860698,0.804737854124375),
(0.804737854124375,0.647603013860698,0.647603013860698,0.804737854124375),
(1.,0.804737854124368,0.804737854124368,1.)))
REPRESENTATION_ITEM('')
SURFACE()
);
#102=(
BOUNDED_SURFACE()
B_SPLINE_SURFACE(3,3,((#8321,#8322,#8323,#8324),(#8325,#8326,#8327,#8328),
(#8329,#8330,#8331,#8332),(#8333,#8334,#8335,#8336)),.UNSPECIFIED.,.F.,
 .F.,.F.)
B_SPLINE_SURFACE_WITH_KNOTS((4,4),(4,4),(0.,1.),(0.,1.),.UNSPECIFIED.)
GEOMETRIC_REPRESENTATION_ITEM()
RATIONAL_B_SPLINE_SURFACE(((1.,0.804737854124368,0.804737854124368,1.),
(0.804737854124375,0.647603013860698,0.647603013860698,0.804737854124375),
(0.804737854124375,0.647603013860698,0.647603013860698,0.804737854124375),
(1.,0.804737854124368,0.804737854124368,1.)))
REPRESENTATION_ITEM('')
SURFACE()
);
#103=(
BOUNDED_SURFACE()
B_SPLINE_SURFACE(3,3,((#8346,#8347,#8348,#8349),(#8350,#8351,#8352,#8353),
(#8354,#8355,#8356,#8357),(#8358,#8359,#8360,#8361)),.UNSPECIFIED.,.F.,
 .F.,.F.)
B_SPLINE_SURFACE_WITH_KNOTS((4,4),(4,4),(0.,1.),(0.,1.),.UNSPECIFIED.)
GEOMETRIC_REPRESENTATION_ITEM()
RATIONAL_B_SPLINE_SURFACE(((1.,0.804737854124368,0.804737854124368,1.),
(0.804737854124375,0.647603013860698,0.647603013860698,0.804737854124375),
(0.804737854124375,0.647603013860698,0.647603013860698,0.804737854124375),
(1.,0.804737854124368,0.804737854124368,1.)))
REPRESENTATION_ITEM('')
SURFACE()
);
#104=B_SPLINE_CURVE_WITH_KNOTS('',3,(#8275,#8276,#8277,#8278,#8279,#8280,
#8281,#8282,#8283,#8284,#8285,#8286,#8287),.UNSPECIFIED.,.F.,.F.,(4,3,3,
3,4),(0.,0.337060803368601,0.672481404710291,0.990852063167764,1.),
 .UNSPECIFIED.);
#105=ELLIPSE('',#5499,0.707106781186547,0.5);
#106=ELLIPSE('',#5500,0.707106781186547,0.5);
#107=ELLIPSE('',#5502,0.707106781186547,0.5);
#108=ELLIPSE('',#5503,0.707106781186547,0.5);
#109=ELLIPSE('',#5505,0.707106781186548,0.5);
#110=ELLIPSE('',#5506,0.707106781186548,0.5);
#111=ELLIPSE('',#5508,0.707106781186545,0.5);
#112=ELLIPSE('',#5509,0.707106781186545,0.5);
#113=ELLIPSE('',#5519,2.08832734769028,1.);
#114=ELLIPSE('',#5520,1.04416367384514,0.5);
#115=ELLIPSE('',#5531,0.707106781186548,0.5);
#116=ELLIPSE('',#5532,0.707106781186547,0.5);
#117=ELLIPSE('',#5536,0.707106781186547,0.5);
#118=ELLIPSE('',#5537,0.707106781186547,0.5);
#119=ELLIPSE('',#5540,0.707106781186547,0.5);
#120=ELLIPSE('',#5541,0.707106781186547,0.5);
#121=ELLIPSE('',#5545,0.707106781186547,0.5);
#122=ELLIPSE('',#5548,0.515999502751182,0.5);
#123=CONICAL_SURFACE('',#5248,1.25,22.6198649480404);
#124=CONICAL_SURFACE('',#5340,0.200000000000001,30.9637565320735);
#125=CONICAL_SURFACE('',#5343,0.200000000000001,30.9637565320735);
#126=CONICAL_SURFACE('',#5346,0.200000000000001,30.9637565320735);
#127=CONICAL_SURFACE('',#5349,0.200000000000001,30.9637565320735);
#128=CONICAL_SURFACE('',#5498,1.5,45.);
#129=CYLINDRICAL_SURFACE('',#5236,0.5);
#130=CYLINDRICAL_SURFACE('',#5239,0.5);
#131=CYLINDRICAL_SURFACE('',#5242,0.5);
#132=CYLINDRICAL_SURFACE('',#5245,0.5);
#133=CYLINDRICAL_SURFACE('',#5250,0.5);
#134=CYLINDRICAL_SURFACE('',#5253,0.5);
#135=CYLINDRICAL_SURFACE('',#5256,0.5);
#136=CYLINDRICAL_SURFACE('',#5259,0.5);
#137=CYLINDRICAL_SURFACE('',#5262,0.5);
#138=CYLINDRICAL_SURFACE('',#5265,0.5);
#139=CYLINDRICAL_SURFACE('',#5268,0.5);
#140=CYLINDRICAL_SURFACE('',#5271,0.5);
#141=CYLINDRICAL_SURFACE('',#5350,0.5);
#142=CYLINDRICAL_SURFACE('',#5351,0.5);
#143=CYLINDRICAL_SURFACE('',#5352,0.5);
#144=CYLINDRICAL_SURFACE('',#5353,0.5);
#145=CYLINDRICAL_SURFACE('',#5369,0.5);
#146=CYLINDRICAL_SURFACE('',#5372,0.5);
#147=CYLINDRICAL_SURFACE('',#5375,0.5);
#148=CYLINDRICAL_SURFACE('',#5378,0.5);
#149=CYLINDRICAL_SURFACE('',#5382,0.75);
#150=CYLINDRICAL_SURFACE('',#5395,0.5);
#151=CYLINDRICAL_SURFACE('',#5420,0.2);
#152=CYLINDRICAL_SURFACE('',#5421,0.2);
#153=CYLINDRICAL_SURFACE('',#5422,0.2);
#154=CYLINDRICAL_SURFACE('',#5423,0.2);
#155=CYLINDRICAL_SURFACE('',#5431,0.724999999999999);
#156=CYLINDRICAL_SURFACE('',#5434,0.724999999999999);
#157=CYLINDRICAL_SURFACE('',#5437,0.3);
#158=CYLINDRICAL_SURFACE('',#5447,0.3);
#159=CYLINDRICAL_SURFACE('',#5497,0.25);
#160=CYLINDRICAL_SURFACE('',#5511,0.5);
#161=CYLINDRICAL_SURFACE('',#5513,0.5);
#162=CYLINDRICAL_SURFACE('',#5515,0.5);
#163=CYLINDRICAL_SURFACE('',#5517,0.5);
#164=CYLINDRICAL_SURFACE('',#5523,1.);
#165=CYLINDRICAL_SURFACE('',#5524,1.);
#166=CYLINDRICAL_SURFACE('',#5526,1.);
#167=CYLINDRICAL_SURFACE('',#5528,1.);
#168=CYLINDRICAL_SURFACE('',#5533,0.5);
#169=CYLINDRICAL_SURFACE('',#5535,0.5);
#170=CYLINDRICAL_SURFACE('',#5538,0.5);
#171=CYLINDRICAL_SURFACE('',#5542,0.5);
#172=CYLINDRICAL_SURFACE('',#5544,0.5);
#173=CYLINDRICAL_SURFACE('',#5547,0.5);
#174=CYLINDRICAL_SURFACE('',#5549,0.5);
#175=CYLINDRICAL_SURFACE('',#5550,0.5);
#176=CYLINDRICAL_SURFACE('',#5551,0.5);
#177=CYLINDRICAL_SURFACE('',#5577,0.5);
#178=CIRCLE('',#5212,0.5);
#179=CIRCLE('',#5213,0.5);
#180=CIRCLE('',#5214,0.5);
#181=CIRCLE('',#5215,0.5);
#182=CIRCLE('',#5216,0.75);
#183=CIRCLE('',#5218,0.5);
#184=CIRCLE('',#5219,0.5);
#185=CIRCLE('',#5220,0.5);
#186=CIRCLE('',#5221,0.5);
#187=CIRCLE('',#5223,1.25);
#188=CIRCLE('',#5225,0.5);
#189=CIRCLE('',#5226,0.5);
#190=CIRCLE('',#5227,0.5);
#191=CIRCLE('',#5228,0.5);
#192=CIRCLE('',#5230,0.5);
#193=CIRCLE('',#5231,0.5);
#194=CIRCLE('',#5232,0.5);
#195=CIRCLE('',#5233,0.5);
#196=CIRCLE('',#5235,0.5);
#197=CIRCLE('',#5238,0.5);
#198=CIRCLE('',#5241,0.5);
#199=CIRCLE('',#5244,0.5);
#200=CIRCLE('',#5247,1.5);
#201=CIRCLE('',#5249,0.5);
#202=CIRCLE('',#5252,0.5);
#203=CIRCLE('',#5255,0.5);
#204=CIRCLE('',#5258,0.5);
#205=CIRCLE('',#5261,0.5);
#206=CIRCLE('',#5264,0.5);
#207=CIRCLE('',#5267,0.5);
#208=CIRCLE('',#5270,0.5);
#209=CIRCLE('',#5338,0.200000000000001);
#210=CIRCLE('',#5339,0.5);
#211=CIRCLE('',#5341,0.200000000000001);
#212=CIRCLE('',#5342,0.5);
#213=CIRCLE('',#5344,0.200000000000001);
#214=CIRCLE('',#5345,0.5);
#215=CIRCLE('',#5347,0.200000000000001);
#216=CIRCLE('',#5348,0.5);
#217=CIRCLE('',#5363,0.5);
#218=CIRCLE('',#5364,0.5);
#219=CIRCLE('',#5365,0.5);
#220=CIRCLE('',#5366,0.5);
#221=CIRCLE('',#5368,0.5);
#222=CIRCLE('',#5371,0.5);
#223=CIRCLE('',#5374,0.5);
#224=CIRCLE('',#5377,0.5);
#225=CIRCLE('',#5380,0.75);
#226=CIRCLE('',#5384,0.5);
#227=CIRCLE('',#5387,0.5);
#228=CIRCLE('',#5397,0.2);
#229=CIRCLE('',#5398,0.2);
#230=CIRCLE('',#5399,0.2);
#231=CIRCLE('',#5400,0.2);
#232=CIRCLE('',#5402,0.2);
#233=CIRCLE('',#5403,0.2);
#234=CIRCLE('',#5404,0.2);
#235=CIRCLE('',#5405,0.2);
#236=CIRCLE('',#5429,0.724999999999999);
#237=CIRCLE('',#5430,0.724999999999999);
#238=CIRCLE('',#5432,0.724999999999999);
#239=CIRCLE('',#5433,0.724999999999999);
#240=CIRCLE('',#5435,0.3);
#241=CIRCLE('',#5436,0.3);
#242=CIRCLE('',#5443,0.5);
#243=CIRCLE('',#5445,0.3);
#244=CIRCLE('',#5446,0.3);
#245=CIRCLE('',#5451,0.5);
#246=CIRCLE('',#5452,0.5);
#247=CIRCLE('',#5453,0.5);
#248=CIRCLE('',#5454,1.5);
#249=CIRCLE('',#5457,1.);
#250=CIRCLE('',#5458,1.);
#251=CIRCLE('',#5459,1.);
#252=CIRCLE('',#5460,1.);
#253=CIRCLE('',#5492,0.25);
#254=CIRCLE('',#5493,1.);
#255=CIRCLE('',#5495,0.25);
#256=CIRCLE('',#5512,0.5);
#257=CIRCLE('',#5514,0.5);
#258=CIRCLE('',#5516,0.5);
#259=CIRCLE('',#5522,1.);
#260=CIRCLE('',#5525,1.);
#261=CIRCLE('',#5527,1.);
#262=CIRCLE('',#5529,0.5);
#263=CIRCLE('',#5530,0.5);
#264=CIRCLE('',#5534,0.5);
#265=CIRCLE('',#5539,0.5);
#266=CIRCLE('',#5543,0.5);
#267=CIRCLE('',#5546,0.5);
#268=CIRCLE('',#5566,0.5);
#269=CIRCLE('',#5568,0.5);
#270=FACE_BOUND('',#1079,.T.);
#271=FACE_BOUND('',#1080,.T.);
#272=FACE_BOUND('',#1081,.T.);
#273=FACE_BOUND('',#1082,.T.);
#274=FACE_BOUND('',#1083,.T.);
#275=FACE_BOUND('',#1084,.T.);
#276=FACE_BOUND('',#1097,.T.);
#277=FACE_BOUND('',#1098,.T.);
#278=FACE_BOUND('',#1115,.T.);
#279=FACE_BOUND('',#1116,.T.);
#280=FACE_BOUND('',#1117,.T.);
#281=FACE_BOUND('',#1118,.T.);
#282=FACE_BOUND('',#1195,.T.);
#283=FACE_BOUND('',#1196,.T.);
#284=FACE_BOUND('',#1197,.T.);
#285=FACE_BOUND('',#1198,.T.);
#286=FACE_BOUND('',#1199,.T.);
#287=FACE_BOUND('',#1200,.T.);
#288=FACE_BOUND('',#1201,.T.);
#289=FACE_BOUND('',#1206,.T.);
#290=FACE_BOUND('',#1207,.T.);
#291=FACE_BOUND('',#1208,.T.);
#292=FACE_BOUND('',#1217,.T.);
#293=FACE_BOUND('',#1218,.T.);
#294=FACE_BOUND('',#1219,.T.);
#295=FACE_BOUND('',#1220,.T.);
#296=FACE_BOUND('',#1222,.T.);
#297=FACE_BOUND('',#1223,.T.);
#298=FACE_BOUND('',#1225,.T.);
#299=FACE_BOUND('',#1226,.T.);
#300=FACE_BOUND('',#1233,.T.);
#301=FACE_BOUND('',#1234,.T.);
#302=FACE_BOUND('',#1273,.T.);
#303=FACE_BOUND('',#1274,.T.);
#304=FACE_BOUND('',#1276,.T.);
#305=FACE_BOUND('',#1277,.T.);
#306=FACE_BOUND('',#1308,.T.);
#307=FACE_BOUND('',#1309,.T.);
#308=FACE_BOUND('',#1311,.T.);
#309=FACE_BOUND('',#1312,.T.);
#310=FACE_BOUND('',#1313,.T.);
#311=FACE_BOUND('',#1314,.T.);
#312=FACE_BOUND('',#1355,.T.);
#313=FACE_BOUND('',#1356,.T.);
#314=FACE_BOUND('',#1357,.T.);
#315=FACE_BOUND('',#1358,.T.);
#316=FACE_BOUND('',#1366,.T.);
#317=FACE_BOUND('',#1367,.T.);
#318=MANIFOLD_SOLID_BREP('',#324);
#319=MANIFOLD_SOLID_BREP('',#325);
#320=MANIFOLD_SOLID_BREP('',#326);
#321=MANIFOLD_SOLID_BREP('',#327);
#322=MANIFOLD_SOLID_BREP('',#328);
#323=MANIFOLD_SOLID_BREP('',#329);
#324=CLOSED_SHELL('',(#330,#331,#332,#333,#334,#335,#336,#337,#338,#339,
#340,#341));
#325=CLOSED_SHELL('',(#342,#343,#344,#345,#346,#347,#348,#349,#350,#351,
#352,#353,#354,#355,#356,#357,#358,#359,#360,#361,#362,#363,#364,#365,#366,
#367,#368,#369,#370,#371,#372,#373,#374,#375,#376,#377,#378,#379,#380,#381,
#382,#383,#384,#385,#386,#387,#388,#389,#390,#391,#392,#393,#394,#395,#396,
#397,#398,#399,#400,#401,#402,#403,#404,#405,#406,#407,#408,#409,#410,#411,
#412,#413,#414,#415,#416,#417,#418,#419,#420,#421,#422,#423,#424,#425,#426,
#427,#428,#429,#430,#431,#432,#433,#434,#435,#436,#437,#438,#439,#440,#441,
#442,#443,#444,#445,#446,#447,#448,#449,#450,#451,#452,#453,#454,#455,#456,
#457,#458,#459,#460,#461,#462,#463,#464));
#326=CLOSED_SHELL('',(#465,#466,#467,#468,#469,#470,#471,#472,#473,#474,
#475));
#327=CLOSED_SHELL('',(#476,#477,#478,#479,#480,#481,#482,#483,#484,#485,
#486,#487,#488,#489,#490,#491,#492,#493,#494,#495,#496,#497));
#328=CLOSED_SHELL('',(#498,#499,#500,#501,#502,#503,#504,#505,#506,#507,
#508,#509,#510,#511,#512,#513,#514,#515,#516,#517,#518,#519,#520,#521,#522,
#523,#524,#525,#526,#527,#528,#529,#530,#531,#532,#533,#534,#535,#536,#537,
#538,#539,#540,#541,#542,#543,#544,#545,#546,#547,#548,#549,#550,#551,#552,
#553,#554,#555,#556,#557,#558,#559,#560,#561,#562,#563,#564,#565,#566,#567,
#568,#569,#570,#571,#572,#573,#574,#575,#576,#577,#578,#579,#580,#581,#582,
#583,#584,#585,#586,#587,#588,#589));
#329=CLOSED_SHELL('',(#590,#591,#592,#593,#594,#595,#596,#597,#598,#599,
#600));
#330=ADVANCED_FACE('',(#814),#601,.T.);
#331=ADVANCED_FACE('',(#815),#602,.F.);
#332=ADVANCED_FACE('',(#816),#603,.T.);
#333=ADVANCED_FACE('',(#817),#604,.T.);
#334=ADVANCED_FACE('',(#818),#605,.T.);
#335=ADVANCED_FACE('',(#819),#606,.T.);
#336=ADVANCED_FACE('',(#820),#607,.F.);
#337=ADVANCED_FACE('',(#821),#608,.F.);
#338=ADVANCED_FACE('',(#822),#609,.T.);
#339=ADVANCED_FACE('',(#823),#610,.F.);
#340=ADVANCED_FACE('',(#824),#611,.T.);
#341=ADVANCED_FACE('',(#825),#612,.T.);
#342=ADVANCED_FACE('',(#270,#271,#272,#273,#274,#275),#613,.T.);
#343=ADVANCED_FACE('',(#826),#614,.F.);
#344=ADVANCED_FACE('',(#827),#615,.T.);
#345=ADVANCED_FACE('',(#828),#616,.F.);
#346=ADVANCED_FACE('',(#829),#617,.F.);
#347=ADVANCED_FACE('',(#830),#129,.F.);
#348=ADVANCED_FACE('',(#831),#618,.F.);
#349=ADVANCED_FACE('',(#832),#130,.F.);
#350=ADVANCED_FACE('',(#833),#619,.T.);
#351=ADVANCED_FACE('',(#834),#131,.F.);
#352=ADVANCED_FACE('',(#835),#620,.T.);
#353=ADVANCED_FACE('',(#836),#132,.F.);
#354=ADVANCED_FACE('',(#837),#621,.T.);
#355=ADVANCED_FACE('',(#276,#277),#123,.F.);
#356=ADVANCED_FACE('',(#838),#133,.F.);
#357=ADVANCED_FACE('',(#839),#622,.T.);
#358=ADVANCED_FACE('',(#840),#134,.F.);
#359=ADVANCED_FACE('',(#841),#623,.T.);
#360=ADVANCED_FACE('',(#842),#135,.F.);
#361=ADVANCED_FACE('',(#843),#624,.T.);
#362=ADVANCED_FACE('',(#844),#136,.F.);
#363=ADVANCED_FACE('',(#845),#625,.T.);
#364=ADVANCED_FACE('',(#846),#137,.F.);
#365=ADVANCED_FACE('',(#847),#626,.T.);
#366=ADVANCED_FACE('',(#848),#138,.F.);
#367=ADVANCED_FACE('',(#849),#627,.T.);
#368=ADVANCED_FACE('',(#850),#139,.F.);
#369=ADVANCED_FACE('',(#851),#628,.T.);
#370=ADVANCED_FACE('',(#852),#140,.F.);
#371=ADVANCED_FACE('',(#853),#629,.T.);
#372=ADVANCED_FACE('',(#278,#279,#280,#281),#630,.F.);
#373=ADVANCED_FACE('',(#854),#631,.T.);
#374=ADVANCED_FACE('',(#855),#632,.T.);
#375=ADVANCED_FACE('',(#856),#633,.F.);
#376=ADVANCED_FACE('',(#857),#634,.F.);
#377=ADVANCED_FACE('',(#858),#635,.F.);
#378=ADVANCED_FACE('',(#859),#636,.F.);
#379=ADVANCED_FACE('',(#860),#637,.T.);
#380=ADVANCED_FACE('',(#861),#638,.T.);
#381=ADVANCED_FACE('',(#862),#639,.F.);
#382=ADVANCED_FACE('',(#863),#640,.T.);
#383=ADVANCED_FACE('',(#864),#641,.T.);
#384=ADVANCED_FACE('',(#865),#642,.F.);
#385=ADVANCED_FACE('',(#866),#643,.T.);
#386=ADVANCED_FACE('',(#867),#644,.F.);
#387=ADVANCED_FACE('',(#868),#645,.T.);
#388=ADVANCED_FACE('',(#869),#646,.T.);
#389=ADVANCED_FACE('',(#870),#647,.F.);
#390=ADVANCED_FACE('',(#871),#648,.T.);
#391=ADVANCED_FACE('',(#872),#649,.T.);
#392=ADVANCED_FACE('',(#873),#650,.F.);
#393=ADVANCED_FACE('',(#874),#651,.F.);
#394=ADVANCED_FACE('',(#875),#652,.F.);
#395=ADVANCED_FACE('',(#876),#653,.T.);
#396=ADVANCED_FACE('',(#877),#654,.T.);
#397=ADVANCED_FACE('',(#878),#655,.F.);
#398=ADVANCED_FACE('',(#879),#656,.T.);
#399=ADVANCED_FACE('',(#880),#657,.T.);
#400=ADVANCED_FACE('',(#881),#658,.F.);
#401=ADVANCED_FACE('',(#882),#659,.T.);
#402=ADVANCED_FACE('',(#883),#660,.T.);
#403=ADVANCED_FACE('',(#884),#661,.T.);
#404=ADVANCED_FACE('',(#885),#662,.T.);
#405=ADVANCED_FACE('',(#886),#663,.T.);
#406=ADVANCED_FACE('',(#887),#664,.T.);
#407=ADVANCED_FACE('',(#888),#665,.T.);
#408=ADVANCED_FACE('',(#889),#666,.T.);
#409=ADVANCED_FACE('',(#890),#667,.T.);
#410=ADVANCED_FACE('',(#891),#668,.T.);
#411=ADVANCED_FACE('',(#892),#669,.T.);
#412=ADVANCED_FACE('',(#893),#670,.T.);
#413=ADVANCED_FACE('',(#894),#671,.T.);
#414=ADVANCED_FACE('',(#895),#672,.F.);
#415=ADVANCED_FACE('',(#896),#673,.T.);
#416=ADVANCED_FACE('',(#897),#674,.T.);
#417=ADVANCED_FACE('',(#898),#675,.F.);
#418=ADVANCED_FACE('',(#899),#676,.T.);
#419=ADVANCED_FACE('',(#900),#677,.T.);
#420=ADVANCED_FACE('',(#901),#678,.F.);
#421=ADVANCED_FACE('',(#902),#679,.T.);
#422=ADVANCED_FACE('',(#903),#680,.T.);
#423=ADVANCED_FACE('',(#904),#681,.F.);
#424=ADVANCED_FACE('',(#905),#682,.T.);
#425=ADVANCED_FACE('',(#906),#683,.T.);
#426=ADVANCED_FACE('',(#907),#684,.T.);
#427=ADVANCED_FACE('',(#908),#685,.T.);
#428=ADVANCED_FACE('',(#909),#686,.T.);
#429=ADVANCED_FACE('',(#910),#687,.T.);
#430=ADVANCED_FACE('',(#911),#688,.T.);
#431=ADVANCED_FACE('',(#912),#689,.T.);
#432=ADVANCED_FACE('',(#913),#690,.T.);
#433=ADVANCED_FACE('',(#914),#691,.T.);
#434=ADVANCED_FACE('',(#915),#692,.T.);
#435=ADVANCED_FACE('',(#916),#693,.T.);
#436=ADVANCED_FACE('',(#917),#694,.T.);
#437=ADVANCED_FACE('',(#918),#124,.T.);
#438=ADVANCED_FACE('',(#919),#125,.T.);
#439=ADVANCED_FACE('',(#920),#126,.T.);
#440=ADVANCED_FACE('',(#921),#127,.T.);
#441=ADVANCED_FACE('',(#922),#141,.T.);
#442=ADVANCED_FACE('',(#923),#142,.T.);
#443=ADVANCED_FACE('',(#924),#143,.T.);
#444=ADVANCED_FACE('',(#925),#144,.T.);
#445=ADVANCED_FACE('',(#926),#695,.T.);
#446=ADVANCED_FACE('',(#927),#696,.T.);
#447=ADVANCED_FACE('',(#928),#697,.T.);
#448=ADVANCED_FACE('',(#929),#698,.T.);
#449=ADVANCED_FACE('',(#282,#283,#284,#285,#286,#287,#288),#699,.F.);
#450=ADVANCED_FACE('',(#930),#700,.T.);
#451=ADVANCED_FACE('',(#931),#701,.T.);
#452=ADVANCED_FACE('',(#932),#702,.T.);
#453=ADVANCED_FACE('',(#933),#703,.T.);
#454=ADVANCED_FACE('',(#289,#290,#291),#704,.F.);
#455=ADVANCED_FACE('',(#934),#145,.F.);
#456=ADVANCED_FACE('',(#935),#705,.T.);
#457=ADVANCED_FACE('',(#936),#146,.F.);
#458=ADVANCED_FACE('',(#937),#706,.T.);
#459=ADVANCED_FACE('',(#938),#147,.F.);
#460=ADVANCED_FACE('',(#939),#707,.T.);
#461=ADVANCED_FACE('',(#940),#148,.F.);
#462=ADVANCED_FACE('',(#941),#708,.T.);
#463=ADVANCED_FACE('',(#292,#293),#709,.F.);
#464=ADVANCED_FACE('',(#294,#295),#149,.F.);
#465=ADVANCED_FACE('',(#942),#710,.T.);
#466=ADVANCED_FACE('',(#296,#297),#711,.F.);
#467=ADVANCED_FACE('',(#943),#712,.T.);
#468=ADVANCED_FACE('',(#298,#299),#713,.T.);
#469=ADVANCED_FACE('',(#944),#714,.T.);
#470=ADVANCED_FACE('',(#945),#715,.T.);
#471=ADVANCED_FACE('',(#946),#716,.F.);
#472=ADVANCED_FACE('',(#947),#717,.F.);
#473=ADVANCED_FACE('',(#948),#718,.T.);
#474=ADVANCED_FACE('',(#949),#719,.F.);
#475=ADVANCED_FACE('',(#300,#301),#150,.F.);
#476=ADVANCED_FACE('',(#950),#720,.T.);
#477=ADVANCED_FACE('',(#951),#721,.T.);
#478=ADVANCED_FACE('',(#952),#722,.F.);
#479=ADVANCED_FACE('',(#953),#723,.T.);
#480=ADVANCED_FACE('',(#954),#724,.T.);
#481=ADVANCED_FACE('',(#955),#725,.T.);
#482=ADVANCED_FACE('',(#956),#726,.T.);
#483=ADVANCED_FACE('',(#957),#727,.T.);
#484=ADVANCED_FACE('',(#958),#728,.F.);
#485=ADVANCED_FACE('',(#959),#729,.F.);
#486=ADVANCED_FACE('',(#960),#730,.F.);
#487=ADVANCED_FACE('',(#961),#731,.F.);
#488=ADVANCED_FACE('',(#962),#732,.F.);
#489=ADVANCED_FACE('',(#963),#733,.T.);
#490=ADVANCED_FACE('',(#964),#734,.T.);
#491=ADVANCED_FACE('',(#965),#735,.T.);
#492=ADVANCED_FACE('',(#966),#151,.T.);
#493=ADVANCED_FACE('',(#967),#152,.T.);
#494=ADVANCED_FACE('',(#968),#153,.T.);
#495=ADVANCED_FACE('',(#969),#154,.T.);
#496=ADVANCED_FACE('',(#970),#736,.F.);
#497=ADVANCED_FACE('',(#971),#737,.T.);
#498=ADVANCED_FACE('',(#972),#738,.T.);
#499=ADVANCED_FACE('',(#973),#739,.T.);
#500=ADVANCED_FACE('',(#974),#740,.T.);
#501=ADVANCED_FACE('',(#975),#155,.T.);
#502=ADVANCED_FACE('',(#976),#156,.T.);
#503=ADVANCED_FACE('',(#977),#157,.F.);
#504=ADVANCED_FACE('',(#978),#741,.T.);
#505=ADVANCED_FACE('',(#979),#742,.T.);
#506=ADVANCED_FACE('',(#980),#743,.T.);
#507=ADVANCED_FACE('',(#981),#744,.T.);
#508=ADVANCED_FACE('',(#982),#745,.T.);
#509=ADVANCED_FACE('',(#983),#746,.T.);
#510=ADVANCED_FACE('',(#984),#158,.F.);
#511=ADVANCED_FACE('',(#985),#747,.T.);
#512=ADVANCED_FACE('',(#986),#748,.T.);
#513=ADVANCED_FACE('',(#987),#749,.T.);
#514=ADVANCED_FACE('',(#302,#303),#750,.F.);
#515=ADVANCED_FACE('',(#988),#751,.T.);
#516=ADVANCED_FACE('',(#304,#305),#752,.T.);
#517=ADVANCED_FACE('',(#989),#753,.T.);
#518=ADVANCED_FACE('',(#990),#754,.T.);
#519=ADVANCED_FACE('',(#991),#755,.F.);
#520=ADVANCED_FACE('',(#992),#756,.T.);
#521=ADVANCED_FACE('',(#993),#757,.T.);
#522=ADVANCED_FACE('',(#994),#758,.F.);
#523=ADVANCED_FACE('',(#995),#759,.F.);
#524=ADVANCED_FACE('',(#996),#760,.F.);
#525=ADVANCED_FACE('',(#997),#761,.T.);
#526=ADVANCED_FACE('',(#998),#762,.T.);
#527=ADVANCED_FACE('',(#999),#763,.T.);
#528=ADVANCED_FACE('',(#1000),#764,.T.);
#529=ADVANCED_FACE('',(#1001),#765,.T.);
#530=ADVANCED_FACE('',(#1002),#766,.F.);
#531=ADVANCED_FACE('',(#1003),#767,.T.);
#532=ADVANCED_FACE('',(#1004),#768,.F.);
#533=ADVANCED_FACE('',(#1005),#769,.F.);
#534=ADVANCED_FACE('',(#1006),#770,.F.);
#535=ADVANCED_FACE('',(#1007),#771,.F.);
#536=ADVANCED_FACE('',(#1008),#772,.T.);
#537=ADVANCED_FACE('',(#1009),#773,.T.);
#538=ADVANCED_FACE('',(#1010),#774,.T.);
#539=ADVANCED_FACE('',(#1011),#775,.F.);
#540=ADVANCED_FACE('',(#1012),#776,.F.);
#541=ADVANCED_FACE('',(#1013),#777,.T.);
#542=ADVANCED_FACE('',(#1014),#778,.T.);
#543=ADVANCED_FACE('',(#1015),#779,.T.);
#544=ADVANCED_FACE('',(#1016),#780,.F.);
#545=ADVANCED_FACE('',(#1017),#781,.F.);
#546=ADVANCED_FACE('',(#1018),#782,.T.);
#547=ADVANCED_FACE('',(#306,#307),#783,.F.);
#548=ADVANCED_FACE('',(#1019),#784,.T.);
#549=ADVANCED_FACE('',(#308,#309),#159,.T.);
#550=ADVANCED_FACE('',(#310,#311),#128,.F.);
#551=ADVANCED_FACE('',(#1020),#785,.F.);
#552=ADVANCED_FACE('',(#1021),#786,.F.);
#553=ADVANCED_FACE('',(#1022),#787,.F.);
#554=ADVANCED_FACE('',(#1023),#788,.F.);
#555=ADVANCED_FACE('',(#1024),#160,.F.);
#556=ADVANCED_FACE('',(#1025),#161,.F.);
#557=ADVANCED_FACE('',(#1026),#162,.F.);
#558=ADVANCED_FACE('',(#1027),#163,.F.);
#559=ADVANCED_FACE('',(#1028),#789,.T.);
#560=ADVANCED_FACE('',(#1029),#790,.T.);
#561=ADVANCED_FACE('',(#1030),#164,.T.);
#562=ADVANCED_FACE('',(#1031),#165,.T.);
#563=ADVANCED_FACE('',(#1032),#166,.T.);
#564=ADVANCED_FACE('',(#1033),#167,.T.);
#565=ADVANCED_FACE('',(#1034),#101,.T.);
#566=ADVANCED_FACE('',(#1035),#168,.T.);
#567=ADVANCED_FACE('',(#1036),#169,.T.);
#568=ADVANCED_FACE('',(#1037),#170,.T.);
#569=ADVANCED_FACE('',(#1038),#102,.T.);
#570=ADVANCED_FACE('',(#1039),#171,.T.);
#571=ADVANCED_FACE('',(#1040),#172,.T.);
#572=ADVANCED_FACE('',(#1041),#173,.T.);
#573=ADVANCED_FACE('',(#1042),#103,.T.);
#574=ADVANCED_FACE('',(#1043),#174,.T.);
#575=ADVANCED_FACE('',(#1044),#175,.T.);
#576=ADVANCED_FACE('',(#1045),#176,.T.);
#577=ADVANCED_FACE('',(#1046),#791,.F.);
#578=ADVANCED_FACE('',(#1047),#792,.T.);
#579=ADVANCED_FACE('',(#1048),#793,.T.);
#580=ADVANCED_FACE('',(#1049),#794,.T.);
#581=ADVANCED_FACE('',(#1050),#795,.T.);
#582=ADVANCED_FACE('',(#1051),#796,.T.);
#583=ADVANCED_FACE('',(#1052),#797,.T.);
#584=ADVANCED_FACE('',(#1053),#798,.T.);
#585=ADVANCED_FACE('',(#1054),#799,.T.);
#586=ADVANCED_FACE('',(#1055),#800,.T.);
#587=ADVANCED_FACE('',(#1056),#801,.T.);
#588=ADVANCED_FACE('',(#1057),#802,.F.);
#589=ADVANCED_FACE('',(#1058),#803,.T.);
#590=ADVANCED_FACE('',(#1059),#804,.T.);
#591=ADVANCED_FACE('',(#312,#313),#805,.F.);
#592=ADVANCED_FACE('',(#314,#315),#806,.T.);
#593=ADVANCED_FACE('',(#1060),#807,.T.);
#594=ADVANCED_FACE('',(#1061),#808,.T.);
#595=ADVANCED_FACE('',(#1062),#809,.T.);
#596=ADVANCED_FACE('',(#1063),#810,.F.);
#597=ADVANCED_FACE('',(#1064),#811,.F.);
#598=ADVANCED_FACE('',(#1065),#812,.T.);
#599=ADVANCED_FACE('',(#1066),#813,.F.);
#600=ADVANCED_FACE('',(#316,#317),#177,.F.);
#601=PLANE('',#5200);
#602=PLANE('',#5201);
#603=PLANE('',#5202);
#604=PLANE('',#5203);
#605=PLANE('',#5204);
#606=PLANE('',#5205);
#607=PLANE('',#5206);
#608=PLANE('',#5207);
#609=PLANE('',#5208);
#610=PLANE('',#5209);
#611=PLANE('',#5210);
#612=PLANE('',#5211);
#613=PLANE('',#5217);
#614=PLANE('',#5222);
#615=PLANE('',#5224);
#616=PLANE('',#5229);
#617=PLANE('',#5234);
#618=PLANE('',#5237);
#619=PLANE('',#5240);
#620=PLANE('',#5243);
#621=PLANE('',#5246);
#622=PLANE('',#5251);
#623=PLANE('',#5254);
#624=PLANE('',#5257);
#625=PLANE('',#5260);
#626=PLANE('',#5263);
#627=PLANE('',#5266);
#628=PLANE('',#5269);
#629=PLANE('',#5272);
#630=PLANE('',#5273);
#631=PLANE('',#5274);
#632=PLANE('',#5275);
#633=PLANE('',#5276);
#634=PLANE('',#5277);
#635=PLANE('',#5278);
#636=PLANE('',#5279);
#637=PLANE('',#5280);
#638=PLANE('',#5281);
#639=PLANE('',#5282);
#640=PLANE('',#5283);
#641=PLANE('',#5284);
#642=PLANE('',#5285);
#643=PLANE('',#5286);
#644=PLANE('',#5287);
#645=PLANE('',#5288);
#646=PLANE('',#5289);
#647=PLANE('',#5290);
#648=PLANE('',#5291);
#649=PLANE('',#5292);
#650=PLANE('',#5293);
#651=PLANE('',#5294);
#652=PLANE('',#5295);
#653=PLANE('',#5296);
#654=PLANE('',#5297);
#655=PLANE('',#5298);
#656=PLANE('',#5299);
#657=PLANE('',#5300);
#658=PLANE('',#5301);
#659=PLANE('',#5302);
#660=PLANE('',#5303);
#661=PLANE('',#5304);
#662=PLANE('',#5305);
#663=PLANE('',#5306);
#664=PLANE('',#5307);
#665=PLANE('',#5308);
#666=PLANE('',#5309);
#667=PLANE('',#5310);
#668=PLANE('',#5311);
#669=PLANE('',#5312);
#670=PLANE('',#5313);
#671=PLANE('',#5314);
#672=PLANE('',#5315);
#673=PLANE('',#5316);
#674=PLANE('',#5317);
#675=PLANE('',#5318);
#676=PLANE('',#5319);
#677=PLANE('',#5320);
#678=PLANE('',#5321);
#679=PLANE('',#5322);
#680=PLANE('',#5323);
#681=PLANE('',#5324);
#682=PLANE('',#5325);
#683=PLANE('',#5326);
#684=PLANE('',#5327);
#685=PLANE('',#5328);
#686=PLANE('',#5329);
#687=PLANE('',#5330);
#688=PLANE('',#5331);
#689=PLANE('',#5332);
#690=PLANE('',#5333);
#691=PLANE('',#5334);
#692=PLANE('',#5335);
#693=PLANE('',#5336);
#694=PLANE('',#5337);
#695=PLANE('',#5354);
#696=PLANE('',#5355);
#697=PLANE('',#5356);
#698=PLANE('',#5357);
#699=PLANE('',#5358);
#700=PLANE('',#5359);
#701=PLANE('',#5360);
#702=PLANE('',#5361);
#703=PLANE('',#5362);
#704=PLANE('',#5367);
#705=PLANE('',#5370);
#706=PLANE('',#5373);
#707=PLANE('',#5376);
#708=PLANE('',#5379);
#709=PLANE('',#5381);
#710=PLANE('',#5383);
#711=PLANE('',#5385);
#712=PLANE('',#5386);
#713=PLANE('',#5388);
#714=PLANE('',#5389);
#715=PLANE('',#5390);
#716=PLANE('',#5391);
#717=PLANE('',#5392);
#718=PLANE('',#5393);
#719=PLANE('',#5394);
#720=PLANE('',#5396);
#721=PLANE('',#5401);
#722=PLANE('',#5406);
#723=PLANE('',#5407);
#724=PLANE('',#5408);
#725=PLANE('',#5409);
#726=PLANE('',#5410);
#727=PLANE('',#5411);
#728=PLANE('',#5412);
#729=PLANE('',#5413);
#730=PLANE('',#5414);
#731=PLANE('',#5415);
#732=PLANE('',#5416);
#733=PLANE('',#5417);
#734=PLANE('',#5418);
#735=PLANE('',#5419);
#736=PLANE('',#5424);
#737=PLANE('',#5425);
#738=PLANE('',#5426);
#739=PLANE('',#5427);
#740=PLANE('',#5428);
#741=PLANE('',#5438);
#742=PLANE('',#5439);
#743=PLANE('',#5440);
#744=PLANE('',#5441);
#745=PLANE('',#5442);
#746=PLANE('',#5444);
#747=PLANE('',#5448);
#748=PLANE('',#5449);
#749=PLANE('',#5450);
#750=PLANE('',#5455);
#751=PLANE('',#5456);
#752=PLANE('',#5461);
#753=PLANE('',#5462);
#754=PLANE('',#5463);
#755=PLANE('',#5464);
#756=PLANE('',#5465);
#757=PLANE('',#5466);
#758=PLANE('',#5467);
#759=PLANE('',#5468);
#760=PLANE('',#5469);
#761=PLANE('',#5470);
#762=PLANE('',#5471);
#763=PLANE('',#5472);
#764=PLANE('',#5473);
#765=PLANE('',#5474);
#766=PLANE('',#5475);
#767=PLANE('',#5476);
#768=PLANE('',#5477);
#769=PLANE('',#5478);
#770=PLANE('',#5479);
#771=PLANE('',#5480);
#772=PLANE('',#5481);
#773=PLANE('',#5482);
#774=PLANE('',#5483);
#775=PLANE('',#5484);
#776=PLANE('',#5485);
#777=PLANE('',#5486);
#778=PLANE('',#5487);
#779=PLANE('',#5488);
#780=PLANE('',#5489);
#781=PLANE('',#5490);
#782=PLANE('',#5491);
#783=PLANE('',#5494);
#784=PLANE('',#5496);
#785=PLANE('',#5501);
#786=PLANE('',#5504);
#787=PLANE('',#5507);
#788=PLANE('',#5510);
#789=PLANE('',#5518);
#790=PLANE('',#5521);
#791=PLANE('',#5552);
#792=PLANE('',#5553);
#793=PLANE('',#5554);
#794=PLANE('',#5555);
#795=PLANE('',#5556);
#796=PLANE('',#5557);
#797=PLANE('',#5558);
#798=PLANE('',#5559);
#799=PLANE('',#5560);
#800=PLANE('',#5561);
#801=PLANE('',#5562);
#802=PLANE('',#5563);
#803=PLANE('',#5564);
#804=PLANE('',#5565);
#805=PLANE('',#5567);
#806=PLANE('',#5569);
#807=PLANE('',#5570);
#808=PLANE('',#5571);
#809=PLANE('',#5572);
#810=PLANE('',#5573);
#811=PLANE('',#5574);
#812=PLANE('',#5575);
#813=PLANE('',#5576);
#814=FACE_OUTER_BOUND('',#1067,.T.);
#815=FACE_OUTER_BOUND('',#1068,.T.);
#816=FACE_OUTER_BOUND('',#1069,.T.);
#817=FACE_OUTER_BOUND('',#1070,.T.);
#818=FACE_OUTER_BOUND('',#1071,.T.);
#819=FACE_OUTER_BOUND('',#1072,.T.);
#820=FACE_OUTER_BOUND('',#1073,.T.);
#821=FACE_OUTER_BOUND('',#1074,.T.);
#822=FACE_OUTER_BOUND('',#1075,.T.);
#823=FACE_OUTER_BOUND('',#1076,.T.);
#824=FACE_OUTER_BOUND('',#1077,.T.);
#825=FACE_OUTER_BOUND('',#1078,.T.);
#826=FACE_OUTER_BOUND('',#1085,.T.);
#827=FACE_OUTER_BOUND('',#1086,.T.);
#828=FACE_OUTER_BOUND('',#1087,.T.);
#829=FACE_OUTER_BOUND('',#1088,.T.);
#830=FACE_OUTER_BOUND('',#1089,.T.);
#831=FACE_OUTER_BOUND('',#1090,.T.);
#832=FACE_OUTER_BOUND('',#1091,.T.);
#833=FACE_OUTER_BOUND('',#1092,.T.);
#834=FACE_OUTER_BOUND('',#1093,.T.);
#835=FACE_OUTER_BOUND('',#1094,.T.);
#836=FACE_OUTER_BOUND('',#1095,.T.);
#837=FACE_OUTER_BOUND('',#1096,.T.);
#838=FACE_OUTER_BOUND('',#1099,.T.);
#839=FACE_OUTER_BOUND('',#1100,.T.);
#840=FACE_OUTER_BOUND('',#1101,.T.);
#841=FACE_OUTER_BOUND('',#1102,.T.);
#842=FACE_OUTER_BOUND('',#1103,.T.);
#843=FACE_OUTER_BOUND('',#1104,.T.);
#844=FACE_OUTER_BOUND('',#1105,.T.);
#845=FACE_OUTER_BOUND('',#1106,.T.);
#846=FACE_OUTER_BOUND('',#1107,.T.);
#847=FACE_OUTER_BOUND('',#1108,.T.);
#848=FACE_OUTER_BOUND('',#1109,.T.);
#849=FACE_OUTER_BOUND('',#1110,.T.);
#850=FACE_OUTER_BOUND('',#1111,.T.);
#851=FACE_OUTER_BOUND('',#1112,.T.);
#852=FACE_OUTER_BOUND('',#1113,.T.);
#853=FACE_OUTER_BOUND('',#1114,.T.);
#854=FACE_OUTER_BOUND('',#1119,.T.);
#855=FACE_OUTER_BOUND('',#1120,.T.);
#856=FACE_OUTER_BOUND('',#1121,.T.);
#857=FACE_OUTER_BOUND('',#1122,.T.);
#858=FACE_OUTER_BOUND('',#1123,.T.);
#859=FACE_OUTER_BOUND('',#1124,.T.);
#860=FACE_OUTER_BOUND('',#1125,.T.);
#861=FACE_OUTER_BOUND('',#1126,.T.);
#862=FACE_OUTER_BOUND('',#1127,.T.);
#863=FACE_OUTER_BOUND('',#1128,.T.);
#864=FACE_OUTER_BOUND('',#1129,.T.);
#865=FACE_OUTER_BOUND('',#1130,.T.);
#866=FACE_OUTER_BOUND('',#1131,.T.);
#867=FACE_OUTER_BOUND('',#1132,.T.);
#868=FACE_OUTER_BOUND('',#1133,.T.);
#869=FACE_OUTER_BOUND('',#1134,.T.);
#870=FACE_OUTER_BOUND('',#1135,.T.);
#871=FACE_OUTER_BOUND('',#1136,.T.);
#872=FACE_OUTER_BOUND('',#1137,.T.);
#873=FACE_OUTER_BOUND('',#1138,.T.);
#874=FACE_OUTER_BOUND('',#1139,.T.);
#875=FACE_OUTER_BOUND('',#1140,.T.);
#876=FACE_OUTER_BOUND('',#1141,.T.);
#877=FACE_OUTER_BOUND('',#1142,.T.);
#878=FACE_OUTER_BOUND('',#1143,.T.);
#879=FACE_OUTER_BOUND('',#1144,.T.);
#880=FACE_OUTER_BOUND('',#1145,.T.);
#881=FACE_OUTER_BOUND('',#1146,.T.);
#882=FACE_OUTER_BOUND('',#1147,.T.);
#883=FACE_OUTER_BOUND('',#1148,.T.);
#884=FACE_OUTER_BOUND('',#1149,.T.);
#885=FACE_OUTER_BOUND('',#1150,.T.);
#886=FACE_OUTER_BOUND('',#1151,.T.);
#887=FACE_OUTER_BOUND('',#1152,.T.);
#888=FACE_OUTER_BOUND('',#1153,.T.);
#889=FACE_OUTER_BOUND('',#1154,.T.);
#890=FACE_OUTER_BOUND('',#1155,.T.);
#891=FACE_OUTER_BOUND('',#1156,.T.);
#892=FACE_OUTER_BOUND('',#1157,.T.);
#893=FACE_OUTER_BOUND('',#1158,.T.);
#894=FACE_OUTER_BOUND('',#1159,.T.);
#895=FACE_OUTER_BOUND('',#1160,.T.);
#896=FACE_OUTER_BOUND('',#1161,.T.);
#897=FACE_OUTER_BOUND('',#1162,.T.);
#898=FACE_OUTER_BOUND('',#1163,.T.);
#899=FACE_OUTER_BOUND('',#1164,.T.);
#900=FACE_OUTER_BOUND('',#1165,.T.);
#901=FACE_OUTER_BOUND('',#1166,.T.);
#902=FACE_OUTER_BOUND('',#1167,.T.);
#903=FACE_OUTER_BOUND('',#1168,.T.);
#904=FACE_OUTER_BOUND('',#1169,.T.);
#905=FACE_OUTER_BOUND('',#1170,.T.);
#906=FACE_OUTER_BOUND('',#1171,.T.);
#907=FACE_OUTER_BOUND('',#1172,.T.);
#908=FACE_OUTER_BOUND('',#1173,.T.);
#909=FACE_OUTER_BOUND('',#1174,.T.);
#910=FACE_OUTER_BOUND('',#1175,.T.);
#911=FACE_OUTER_BOUND('',#1176,.T.);
#912=FACE_OUTER_BOUND('',#1177,.T.);
#913=FACE_OUTER_BOUND('',#1178,.T.);
#914=FACE_OUTER_BOUND('',#1179,.T.);
#915=FACE_OUTER_BOUND('',#1180,.T.);
#916=FACE_OUTER_BOUND('',#1181,.T.);
#917=FACE_OUTER_BOUND('',#1182,.T.);
#918=FACE_OUTER_BOUND('',#1183,.T.);
#919=FACE_OUTER_BOUND('',#1184,.T.);
#920=FACE_OUTER_BOUND('',#1185,.T.);
#921=FACE_OUTER_BOUND('',#1186,.T.);
#922=FACE_OUTER_BOUND('',#1187,.T.);
#923=FACE_OUTER_BOUND('',#1188,.T.);
#924=FACE_OUTER_BOUND('',#1189,.T.);
#925=FACE_OUTER_BOUND('',#1190,.T.);
#926=FACE_OUTER_BOUND('',#1191,.T.);
#927=FACE_OUTER_BOUND('',#1192,.T.);
#928=FACE_OUTER_BOUND('',#1193,.T.);
#929=FACE_OUTER_BOUND('',#1194,.T.);
#930=FACE_OUTER_BOUND('',#1202,.T.);
#931=FACE_OUTER_BOUND('',#1203,.T.);
#932=FACE_OUTER_BOUND('',#1204,.T.);
#933=FACE_OUTER_BOUND('',#1205,.T.);
#934=FACE_OUTER_BOUND('',#1209,.T.);
#935=FACE_OUTER_BOUND('',#1210,.T.);
#936=FACE_OUTER_BOUND('',#1211,.T.);
#937=FACE_OUTER_BOUND('',#1212,.T.);
#938=FACE_OUTER_BOUND('',#1213,.T.);
#939=FACE_OUTER_BOUND('',#1214,.T.);
#940=FACE_OUTER_BOUND('',#1215,.T.);
#941=FACE_OUTER_BOUND('',#1216,.T.);
#942=FACE_OUTER_BOUND('',#1221,.T.);
#943=FACE_OUTER_BOUND('',#1224,.T.);
#944=FACE_OUTER_BOUND('',#1227,.T.);
#945=FACE_OUTER_BOUND('',#1228,.T.);
#946=FACE_OUTER_BOUND('',#1229,.T.);
#947=FACE_OUTER_BOUND('',#1230,.T.);
#948=FACE_OUTER_BOUND('',#1231,.T.);
#949=FACE_OUTER_BOUND('',#1232,.T.);
#950=FACE_OUTER_BOUND('',#1235,.T.);
#951=FACE_OUTER_BOUND('',#1236,.T.);
#952=FACE_OUTER_BOUND('',#1237,.T.);
#953=FACE_OUTER_BOUND('',#1238,.T.);
#954=FACE_OUTER_BOUND('',#1239,.T.);
#955=FACE_OUTER_BOUND('',#1240,.T.);
#956=FACE_OUTER_BOUND('',#1241,.T.);
#957=FACE_OUTER_BOUND('',#1242,.T.);
#958=FACE_OUTER_BOUND('',#1243,.T.);
#959=FACE_OUTER_BOUND('',#1244,.T.);
#960=FACE_OUTER_BOUND('',#1245,.T.);
#961=FACE_OUTER_BOUND('',#1246,.T.);
#962=FACE_OUTER_BOUND('',#1247,.T.);
#963=FACE_OUTER_BOUND('',#1248,.T.);
#964=FACE_OUTER_BOUND('',#1249,.T.);
#965=FACE_OUTER_BOUND('',#1250,.T.);
#966=FACE_OUTER_BOUND('',#1251,.T.);
#967=FACE_OUTER_BOUND('',#1252,.T.);
#968=FACE_OUTER_BOUND('',#1253,.T.);
#969=FACE_OUTER_BOUND('',#1254,.T.);
#970=FACE_OUTER_BOUND('',#1255,.T.);
#971=FACE_OUTER_BOUND('',#1256,.T.);
#972=FACE_OUTER_BOUND('',#1257,.T.);
#973=FACE_OUTER_BOUND('',#1258,.T.);
#974=FACE_OUTER_BOUND('',#1259,.T.);
#975=FACE_OUTER_BOUND('',#1260,.T.);
#976=FACE_OUTER_BOUND('',#1261,.T.);
#977=FACE_OUTER_BOUND('',#1262,.T.);
#978=FACE_OUTER_BOUND('',#1263,.T.);
#979=FACE_OUTER_BOUND('',#1264,.T.);
#980=FACE_OUTER_BOUND('',#1265,.T.);
#981=FACE_OUTER_BOUND('',#1266,.T.);
#982=FACE_OUTER_BOUND('',#1267,.T.);
#983=FACE_OUTER_BOUND('',#1268,.T.);
#984=FACE_OUTER_BOUND('',#1269,.T.);
#985=FACE_OUTER_BOUND('',#1270,.T.);
#986=FACE_OUTER_BOUND('',#1271,.T.);
#987=FACE_OUTER_BOUND('',#1272,.T.);
#988=FACE_OUTER_BOUND('',#1275,.T.);
#989=FACE_OUTER_BOUND('',#1278,.T.);
#990=FACE_OUTER_BOUND('',#1279,.T.);
#991=FACE_OUTER_BOUND('',#1280,.T.);
#992=FACE_OUTER_BOUND('',#1281,.T.);
#993=FACE_OUTER_BOUND('',#1282,.T.);
#994=FACE_OUTER_BOUND('',#1283,.T.);
#995=FACE_OUTER_BOUND('',#1284,.T.);
#996=FACE_OUTER_BOUND('',#1285,.T.);
#997=FACE_OUTER_BOUND('',#1286,.T.);
#998=FACE_OUTER_BOUND('',#1287,.T.);
#999=FACE_OUTER_BOUND('',#1288,.T.);
#1000=FACE_OUTER_BOUND('',#1289,.T.);
#1001=FACE_OUTER_BOUND('',#1290,.T.);
#1002=FACE_OUTER_BOUND('',#1291,.T.);
#1003=FACE_OUTER_BOUND('',#1292,.T.);
#1004=FACE_OUTER_BOUND('',#1293,.T.);
#1005=FACE_OUTER_BOUND('',#1294,.T.);
#1006=FACE_OUTER_BOUND('',#1295,.T.);
#1007=FACE_OUTER_BOUND('',#1296,.T.);
#1008=FACE_OUTER_BOUND('',#1297,.T.);
#1009=FACE_OUTER_BOUND('',#1298,.T.);
#1010=FACE_OUTER_BOUND('',#1299,.T.);
#1011=FACE_OUTER_BOUND('',#1300,.T.);
#1012=FACE_OUTER_BOUND('',#1301,.T.);
#1013=FACE_OUTER_BOUND('',#1302,.T.);
#1014=FACE_OUTER_BOUND('',#1303,.T.);
#1015=FACE_OUTER_BOUND('',#1304,.T.);
#1016=FACE_OUTER_BOUND('',#1305,.T.);
#1017=FACE_OUTER_BOUND('',#1306,.T.);
#1018=FACE_OUTER_BOUND('',#1307,.T.);
#1019=FACE_OUTER_BOUND('',#1310,.T.);
#1020=FACE_OUTER_BOUND('',#1315,.T.);
#1021=FACE_OUTER_BOUND('',#1316,.T.);
#1022=FACE_OUTER_BOUND('',#1317,.T.);
#1023=FACE_OUTER_BOUND('',#1318,.T.);
#1024=FACE_OUTER_BOUND('',#1319,.T.);
#1025=FACE_OUTER_BOUND('',#1320,.T.);
#1026=FACE_OUTER_BOUND('',#1321,.T.);
#1027=FACE_OUTER_BOUND('',#1322,.T.);
#1028=FACE_OUTER_BOUND('',#1323,.T.);
#1029=FACE_OUTER_BOUND('',#1324,.T.);
#1030=FACE_OUTER_BOUND('',#1325,.T.);
#1031=FACE_OUTER_BOUND('',#1326,.T.);
#1032=FACE_OUTER_BOUND('',#1327,.T.);
#1033=FACE_OUTER_BOUND('',#1328,.T.);
#1034=FACE_OUTER_BOUND('',#1329,.T.);
#1035=FACE_OUTER_BOUND('',#1330,.T.);
#1036=FACE_OUTER_BOUND('',#1331,.T.);
#1037=FACE_OUTER_BOUND('',#1332,.T.);
#1038=FACE_OUTER_BOUND('',#1333,.T.);
#1039=FACE_OUTER_BOUND('',#1334,.T.);
#1040=FACE_OUTER_BOUND('',#1335,.T.);
#1041=FACE_OUTER_BOUND('',#1336,.T.);
#1042=FACE_OUTER_BOUND('',#1337,.T.);
#1043=FACE_OUTER_BOUND('',#1338,.T.);
#1044=FACE_OUTER_BOUND('',#1339,.T.);
#1045=FACE_OUTER_BOUND('',#1340,.T.);
#1046=FACE_OUTER_BOUND('',#1341,.T.);
#1047=FACE_OUTER_BOUND('',#1342,.T.);
#1048=FACE_OUTER_BOUND('',#1343,.T.);
#1049=FACE_OUTER_BOUND('',#1344,.T.);
#1050=FACE_OUTER_BOUND('',#1345,.T.);
#1051=FACE_OUTER_BOUND('',#1346,.T.);
#1052=FACE_OUTER_BOUND('',#1347,.T.);
#1053=FACE_OUTER_BOUND('',#1348,.T.);
#1054=FACE_OUTER_BOUND('',#1349,.T.);
#1055=FACE_OUTER_BOUND('',#1350,.T.);
#1056=FACE_OUTER_BOUND('',#1351,.T.);
#1057=FACE_OUTER_BOUND('',#1352,.T.);
#1058=FACE_OUTER_BOUND('',#1353,.T.);
#1059=FACE_OUTER_BOUND('',#1354,.T.);
#1060=FACE_OUTER_BOUND('',#1359,.T.);
#1061=FACE_OUTER_BOUND('',#1360,.T.);
#1062=FACE_OUTER_BOUND('',#1361,.T.);
#1063=FACE_OUTER_BOUND('',#1362,.T.);
#1064=FACE_OUTER_BOUND('',#1363,.T.);
#1065=FACE_OUTER_BOUND('',#1364,.T.);
#1066=FACE_OUTER_BOUND('',#1365,.T.);
#1067=EDGE_LOOP('',(#1368,#1369,#1370,#1371));
#1068=EDGE_LOOP('',(#1372,#1373,#1374,#1375,#1376,#1377,#1378,#1379));
#1069=EDGE_LOOP('',(#1380,#1381,#1382,#1383,#1384,#1385,#1386,#1387));
#1070=EDGE_LOOP('',(#1388,#1389,#1390,#1391));
#1071=EDGE_LOOP('',(#1392,#1393,#1394,#1395));
#1072=EDGE_LOOP('',(#1396,#1397,#1398,#1399));
#1073=EDGE_LOOP('',(#1400,#1401,#1402,#1403,#1404,#1405));
#1074=EDGE_LOOP('',(#1406,#1407,#1408,#1409,#1410,#1411));
#1075=EDGE_LOOP('',(#1412,#1413,#1414,#1415));
#1076=EDGE_LOOP('',(#1416,#1417,#1418,#1419));
#1077=EDGE_LOOP('',(#1420,#1421,#1422,#1423));
#1078=EDGE_LOOP('',(#1424,#1425,#1426,#1427));
#1079=EDGE_LOOP('',(#1428,#1429,#1430,#1431));
#1080=EDGE_LOOP('',(#1432,#1433,#1434,#1435));
#1081=EDGE_LOOP('',(#1436,#1437,#1438,#1439));
#1082=EDGE_LOOP('',(#1440,#1441,#1442,#1443));
#1083=EDGE_LOOP('',(#1444,#1445,#1446,#1447,#1448,#1449,#1450,#1451));
#1084=EDGE_LOOP('',(#1452));
#1085=EDGE_LOOP('',(#1453,#1454,#1455,#1456,#1457,#1458,#1459,#1460));
#1086=EDGE_LOOP('',(#1461));
#1087=EDGE_LOOP('',(#1462,#1463,#1464,#1465,#1466,#1467,#1468,#1469));
#1088=EDGE_LOOP('',(#1470,#1471,#1472,#1473,#1474,#1475,#1476,#1477));
#1089=EDGE_LOOP('',(#1478,#1479,#1480,#1481));
#1090=EDGE_LOOP('',(#1482,#1483,#1484,#1485));
#1091=EDGE_LOOP('',(#1486,#1487,#1488,#1489));
#1092=EDGE_LOOP('',(#1490,#1491,#1492,#1493));
#1093=EDGE_LOOP('',(#1494,#1495,#1496,#1497));
#1094=EDGE_LOOP('',(#1498,#1499,#1500,#1501));
#1095=EDGE_LOOP('',(#1502,#1503,#1504,#1505));
#1096=EDGE_LOOP('',(#1506,#1507,#1508,#1509));
#1097=EDGE_LOOP('',(#1510));
#1098=EDGE_LOOP('',(#1511));
#1099=EDGE_LOOP('',(#1512,#1513,#1514,#1515));
#1100=EDGE_LOOP('',(#1516,#1517,#1518,#1519));
#1101=EDGE_LOOP('',(#1520,#1521,#1522,#1523));
#1102=EDGE_LOOP('',(#1524,#1525,#1526,#1527));
#1103=EDGE_LOOP('',(#1528,#1529,#1530,#1531));
#1104=EDGE_LOOP('',(#1532,#1533,#1534,#1535));
#1105=EDGE_LOOP('',(#1536,#1537,#1538,#1539));
#1106=EDGE_LOOP('',(#1540,#1541,#1542,#1543));
#1107=EDGE_LOOP('',(#1544,#1545,#1546,#1547));
#1108=EDGE_LOOP('',(#1548,#1549,#1550,#1551));
#1109=EDGE_LOOP('',(#1552,#1553,#1554,#1555));
#1110=EDGE_LOOP('',(#1556,#1557,#1558,#1559));
#1111=EDGE_LOOP('',(#1560,#1561,#1562,#1563));
#1112=EDGE_LOOP('',(#1564,#1565,#1566,#1567));
#1113=EDGE_LOOP('',(#1568,#1569,#1570,#1571));
#1114=EDGE_LOOP('',(#1572,#1573,#1574,#1575));
#1115=EDGE_LOOP('',(#1576,#1577,#1578,#1579,#1580,#1581,#1582,#1583));
#1116=EDGE_LOOP('',(#1584,#1585,#1586,#1587,#1588,#1589,#1590,#1591));
#1117=EDGE_LOOP('',(#1592));
#1118=EDGE_LOOP('',(#1593,#1594,#1595,#1596,#1597,#1598,#1599,#1600));
#1119=EDGE_LOOP('',(#1601,#1602,#1603,#1604));
#1120=EDGE_LOOP('',(#1605,#1606,#1607,#1608));
#1121=EDGE_LOOP('',(#1609,#1610,#1611,#1612));
#1122=EDGE_LOOP('',(#1613,#1614,#1615,#1616));
#1123=EDGE_LOOP('',(#1617,#1618,#1619,#1620));
#1124=EDGE_LOOP('',(#1621,#1622,#1623,#1624));
#1125=EDGE_LOOP('',(#1625,#1626,#1627,#1628));
#1126=EDGE_LOOP('',(#1629,#1630,#1631,#1632));
#1127=EDGE_LOOP('',(#1633,#1634,#1635,#1636));
#1128=EDGE_LOOP('',(#1637,#1638,#1639,#1640));
#1129=EDGE_LOOP('',(#1641,#1642,#1643,#1644));
#1130=EDGE_LOOP('',(#1645,#1646,#1647,#1648));
#1131=EDGE_LOOP('',(#1649,#1650,#1651,#1652));
#1132=EDGE_LOOP('',(#1653,#1654,#1655,#1656));
#1133=EDGE_LOOP('',(#1657,#1658,#1659,#1660));
#1134=EDGE_LOOP('',(#1661,#1662,#1663,#1664));
#1135=EDGE_LOOP('',(#1665,#1666,#1667,#1668));
#1136=EDGE_LOOP('',(#1669,#1670,#1671,#1672));
#1137=EDGE_LOOP('',(#1673,#1674,#1675,#1676));
#1138=EDGE_LOOP('',(#1677,#1678,#1679,#1680));
#1139=EDGE_LOOP('',(#1681,#1682,#1683,#1684));
#1140=EDGE_LOOP('',(#1685,#1686,#1687,#1688));
#1141=EDGE_LOOP('',(#1689,#1690,#1691,#1692));
#1142=EDGE_LOOP('',(#1693,#1694,#1695,#1696));
#1143=EDGE_LOOP('',(#1697,#1698,#1699,#1700));
#1144=EDGE_LOOP('',(#1701,#1702,#1703,#1704));
#1145=EDGE_LOOP('',(#1705,#1706,#1707,#1708));
#1146=EDGE_LOOP('',(#1709,#1710,#1711,#1712));
#1147=EDGE_LOOP('',(#1713,#1714,#1715,#1716));
#1148=EDGE_LOOP('',(#1717,#1718,#1719,#1720));
#1149=EDGE_LOOP('',(#1721,#1722,#1723,#1724));
#1150=EDGE_LOOP('',(#1725,#1726,#1727,#1728));
#1151=EDGE_LOOP('',(#1729,#1730,#1731,#1732));
#1152=EDGE_LOOP('',(#1733,#1734,#1735,#1736));
#1153=EDGE_LOOP('',(#1737,#1738,#1739,#1740));
#1154=EDGE_LOOP('',(#1741,#1742,#1743,#1744));
#1155=EDGE_LOOP('',(#1745,#1746,#1747,#1748));
#1156=EDGE_LOOP('',(#1749,#1750,#1751,#1752));
#1157=EDGE_LOOP('',(#1753,#1754,#1755,#1756));
#1158=EDGE_LOOP('',(#1757,#1758,#1759,#1760));
#1159=EDGE_LOOP('',(#1761,#1762,#1763,#1764));
#1160=EDGE_LOOP('',(#1765,#1766,#1767,#1768));
#1161=EDGE_LOOP('',(#1769,#1770,#1771,#1772));
#1162=EDGE_LOOP('',(#1773,#1774,#1775,#1776));
#1163=EDGE_LOOP('',(#1777,#1778,#1779,#1780));
#1164=EDGE_LOOP('',(#1781,#1782,#1783,#1784));
#1165=EDGE_LOOP('',(#1785,#1786,#1787,#1788));
#1166=EDGE_LOOP('',(#1789,#1790,#1791,#1792));
#1167=EDGE_LOOP('',(#1793,#1794,#1795,#1796));
#1168=EDGE_LOOP('',(#1797,#1798,#1799,#1800));
#1169=EDGE_LOOP('',(#1801,#1802,#1803,#1804));
#1170=EDGE_LOOP('',(#1805,#1806,#1807,#1808));
#1171=EDGE_LOOP('',(#1809,#1810,#1811,#1812));
#1172=EDGE_LOOP('',(#1813,#1814,#1815,#1816));
#1173=EDGE_LOOP('',(#1817,#1818,#1819,#1820));
#1174=EDGE_LOOP('',(#1821,#1822,#1823,#1824));
#1175=EDGE_LOOP('',(#1825,#1826,#1827,#1828));
#1176=EDGE_LOOP('',(#1829,#1830,#1831,#1832));
#1177=EDGE_LOOP('',(#1833,#1834,#1835,#1836));
#1178=EDGE_LOOP('',(#1837,#1838,#1839,#1840));
#1179=EDGE_LOOP('',(#1841,#1842,#1843,#1844));
#1180=EDGE_LOOP('',(#1845,#1846,#1847,#1848));
#1181=EDGE_LOOP('',(#1849,#1850,#1851,#1852));
#1182=EDGE_LOOP('',(#1853,#1854,#1855,#1856));
#1183=EDGE_LOOP('',(#1857,#1858,#1859,#1860));
#1184=EDGE_LOOP('',(#1861,#1862,#1863,#1864));
#1185=EDGE_LOOP('',(#1865,#1866,#1867,#1868));
#1186=EDGE_LOOP('',(#1869,#1870,#1871,#1872));
#1187=EDGE_LOOP('',(#1873,#1874,#1875,#1876));
#1188=EDGE_LOOP('',(#1877,#1878,#1879,#1880));
#1189=EDGE_LOOP('',(#1881,#1882,#1883,#1884));
#1190=EDGE_LOOP('',(#1885,#1886,#1887,#1888));
#1191=EDGE_LOOP('',(#1889,#1890,#1891,#1892,#1893,#1894));
#1192=EDGE_LOOP('',(#1895,#1896,#1897,#1898,#1899,#1900));
#1193=EDGE_LOOP('',(#1901,#1902,#1903,#1904,#1905,#1906));
#1194=EDGE_LOOP('',(#1907,#1908,#1909,#1910,#1911,#1912));
#1195=EDGE_LOOP('',(#1913,#1914,#1915,#1916,#1917,#1918,#1919,#1920,#1921,
#1922,#1923,#1924,#1925,#1926,#1927,#1928,#1929,#1930,#1931,#1932,#1933,
#1934,#1935,#1936));
#1196=EDGE_LOOP('',(#1937,#1938,#1939,#1940,#1941,#1942,#1943,#1944));
#1197=EDGE_LOOP('',(#1945,#1946,#1947,#1948));
#1198=EDGE_LOOP('',(#1949,#1950,#1951,#1952));
#1199=EDGE_LOOP('',(#1953,#1954,#1955,#1956));
#1200=EDGE_LOOP('',(#1957,#1958,#1959,#1960));
#1201=EDGE_LOOP('',(#1961,#1962,#1963,#1964,#1965,#1966,#1967,#1968,#1969,
#1970,#1971,#1972,#1973,#1974,#1975,#1976,#1977,#1978,#1979,#1980));
#1202=EDGE_LOOP('',(#1981,#1982,#1983,#1984));
#1203=EDGE_LOOP('',(#1985,#1986,#1987,#1988));
#1204=EDGE_LOOP('',(#1989,#1990,#1991,#1992));
#1205=EDGE_LOOP('',(#1993,#1994,#1995,#1996));
#1206=EDGE_LOOP('',(#1997,#1998,#1999,#2000,#2001,#2002,#2003,#2004,#2005,
#2006,#2007,#2008,#2009,#2010,#2011,#2012,#2013,#2014,#2015,#2016));
#1207=EDGE_LOOP('',(#2017,#2018,#2019,#2020,#2021,#2022,#2023,#2024));
#1208=EDGE_LOOP('',(#2025,#2026,#2027,#2028,#2029,#2030,#2031,#2032));
#1209=EDGE_LOOP('',(#2033,#2034,#2035,#2036));
#1210=EDGE_LOOP('',(#2037,#2038,#2039,#2040));
#1211=EDGE_LOOP('',(#2041,#2042,#2043,#2044));
#1212=EDGE_LOOP('',(#2045,#2046,#2047,#2048));
#1213=EDGE_LOOP('',(#2049,#2050,#2051,#2052));
#1214=EDGE_LOOP('',(#2053,#2054,#2055,#2056));
#1215=EDGE_LOOP('',(#2057,#2058,#2059,#2060));
#1216=EDGE_LOOP('',(#2061,#2062,#2063,#2064));
#1217=EDGE_LOOP('',(#2065));
#1218=EDGE_LOOP('',(#2066,#2067,#2068,#2069,#2070,#2071,#2072,#2073));
#1219=EDGE_LOOP('',(#2074));
#1220=EDGE_LOOP('',(#2075));
#1221=EDGE_LOOP('',(#2076,#2077,#2078,#2079));
#1222=EDGE_LOOP('',(#2080));
#1223=EDGE_LOOP('',(#2081,#2082,#2083,#2084,#2085,#2086));
#1224=EDGE_LOOP('',(#2087,#2088,#2089,#2090));
#1225=EDGE_LOOP('',(#2091));
#1226=EDGE_LOOP('',(#2092,#2093,#2094,#2095,#2096,#2097));
#1227=EDGE_LOOP('',(#2098,#2099,#2100,#2101));
#1228=EDGE_LOOP('',(#2102,#2103,#2104,#2105));
#1229=EDGE_LOOP('',(#2106,#2107,#2108,#2109,#2110,#2111));
#1230=EDGE_LOOP('',(#2112,#2113,#2114,#2115,#2116,#2117));
#1231=EDGE_LOOP('',(#2118,#2119,#2120,#2121));
#1232=EDGE_LOOP('',(#2122,#2123,#2124,#2125));
#1233=EDGE_LOOP('',(#2126));
#1234=EDGE_LOOP('',(#2127));
#1235=EDGE_LOOP('',(#2128,#2129,#2130,#2131));
#1236=EDGE_LOOP('',(#2132,#2133,#2134,#2135,#2136,#2137,#2138,#2139,#2140,
#2141,#2142,#2143,#2144,#2145,#2146,#2147,#2148,#2149));
#1237=EDGE_LOOP('',(#2150,#2151,#2152,#2153,#2154,#2155,#2156,#2157,#2158,
#2159,#2160,#2161,#2162,#2163,#2164,#2165,#2166,#2167));
#1238=EDGE_LOOP('',(#2168,#2169,#2170,#2171));
#1239=EDGE_LOOP('',(#2172,#2173,#2174,#2175));
#1240=EDGE_LOOP('',(#2176,#2177,#2178,#2179));
#1241=EDGE_LOOP('',(#2180,#2181,#2182,#2183));
#1242=EDGE_LOOP('',(#2184,#2185,#2186,#2187));
#1243=EDGE_LOOP('',(#2188,#2189,#2190,#2191,#2192,#2193));
#1244=EDGE_LOOP('',(#2194,#2195,#2196,#2197,#2198,#2199));
#1245=EDGE_LOOP('',(#2200,#2201,#2202,#2203));
#1246=EDGE_LOOP('',(#2204,#2205,#2206,#2207));
#1247=EDGE_LOOP('',(#2208,#2209,#2210,#2211));
#1248=EDGE_LOOP('',(#2212,#2213,#2214,#2215));
#1249=EDGE_LOOP('',(#2216,#2217,#2218,#2219));
#1250=EDGE_LOOP('',(#2220,#2221,#2222,#2223));
#1251=EDGE_LOOP('',(#2224,#2225,#2226,#2227));
#1252=EDGE_LOOP('',(#2228,#2229,#2230,#2231));
#1253=EDGE_LOOP('',(#2232,#2233,#2234,#2235));
#1254=EDGE_LOOP('',(#2236,#2237,#2238,#2239));
#1255=EDGE_LOOP('',(#2240,#2241,#2242,#2243));
#1256=EDGE_LOOP('',(#2244,#2245,#2246,#2247));
#1257=EDGE_LOOP('',(#2248,#2249,#2250,#2251,#2252,#2253,#2254,#2255,#2256,
#2257,#2258,#2259));
#1258=EDGE_LOOP('',(#2260,#2261,#2262,#2263));
#1259=EDGE_LOOP('',(#2264,#2265,#2266,#2267));
#1260=EDGE_LOOP('',(#2268,#2269,#2270,#2271));
#1261=EDGE_LOOP('',(#2272,#2273,#2274,#2275));
#1262=EDGE_LOOP('',(#2276,#2277,#2278,#2279));
#1263=EDGE_LOOP('',(#2280,#2281,#2282,#2283,#2284,#2285,#2286,#2287,#2288,
#2289,#2290,#2291,#2292,#2293,#2294,#2295,#2296));
#1264=EDGE_LOOP('',(#2297,#2298,#2299,#2300,#2301,#2302,#2303,#2304,#2305,
#2306,#2307,#2308,#2309));
#1265=EDGE_LOOP('',(#2310,#2311,#2312,#2313));
#1266=EDGE_LOOP('',(#2314,#2315,#2316,#2317,#2318,#2319));
#1267=EDGE_LOOP('',(#2320,#2321,#2322,#2323,#2324,#2325,#2326,#2327,#2328,
#2329));
#1268=EDGE_LOOP('',(#2330,#2331,#2332,#2333,#2334,#2335,#2336,#2337,#2338));
#1269=EDGE_LOOP('',(#2339,#2340,#2341,#2342));
#1270=EDGE_LOOP('',(#2343,#2344,#2345,#2346,#2347,#2348,#2349,#2350));
#1271=EDGE_LOOP('',(#2351,#2352,#2353,#2354,#2355,#2356));
#1272=EDGE_LOOP('',(#2357,#2358,#2359,#2360,#2361,#2362));
#1273=EDGE_LOOP('',(#2363,#2364,#2365,#2366,#2367,#2368,#2369,#2370,#2371));
#1274=EDGE_LOOP('',(#2372));
#1275=EDGE_LOOP('',(#2373,#2374,#2375,#2376));
#1276=EDGE_LOOP('',(#2377,#2378,#2379,#2380));
#1277=EDGE_LOOP('',(#2381,#2382,#2383,#2384,#2385,#2386,#2387,#2388));
#1278=EDGE_LOOP('',(#2389,#2390,#2391,#2392));
#1279=EDGE_LOOP('',(#2393,#2394,#2395,#2396));
#1280=EDGE_LOOP('',(#2397,#2398,#2399,#2400,#2401,#2402,#2403,#2404,#2405));
#1281=EDGE_LOOP('',(#2406,#2407,#2408,#2409));
#1282=EDGE_LOOP('',(#2410,#2411,#2412,#2413));
#1283=EDGE_LOOP('',(#2414,#2415,#2416,#2417));
#1284=EDGE_LOOP('',(#2418,#2419,#2420,#2421,#2422,#2423,#2424));
#1285=EDGE_LOOP('',(#2425,#2426,#2427,#2428,#2429));
#1286=EDGE_LOOP('',(#2430,#2431,#2432,#2433));
#1287=EDGE_LOOP('',(#2434,#2435,#2436,#2437));
#1288=EDGE_LOOP('',(#2438,#2439,#2440,#2441));
#1289=EDGE_LOOP('',(#2442,#2443,#2444,#2445));
#1290=EDGE_LOOP('',(#2446,#2447,#2448,#2449));
#1291=EDGE_LOOP('',(#2450,#2451,#2452,#2453,#2454));
#1292=EDGE_LOOP('',(#2455,#2456,#2457,#2458,#2459));
#1293=EDGE_LOOP('',(#2460,#2461,#2462,#2463));
#1294=EDGE_LOOP('',(#2464,#2465,#2466,#2467));
#1295=EDGE_LOOP('',(#2468,#2469,#2470,#2471));
#1296=EDGE_LOOP('',(#2472,#2473,#2474,#2475,#2476));
#1297=EDGE_LOOP('',(#2477,#2478,#2479,#2480,#2481));
#1298=EDGE_LOOP('',(#2482,#2483,#2484,#2485));
#1299=EDGE_LOOP('',(#2486,#2487,#2488,#2489));
#1300=EDGE_LOOP('',(#2490,#2491,#2492,#2493));
#1301=EDGE_LOOP('',(#2494,#2495,#2496,#2497,#2498));
#1302=EDGE_LOOP('',(#2499,#2500,#2501,#2502,#2503));
#1303=EDGE_LOOP('',(#2504,#2505,#2506,#2507));
#1304=EDGE_LOOP('',(#2508,#2509,#2510,#2511));
#1305=EDGE_LOOP('',(#2512,#2513,#2514,#2515));
#1306=EDGE_LOOP('',(#2516,#2517,#2518,#2519,#2520));
#1307=EDGE_LOOP('',(#2521,#2522,#2523,#2524,#2525));
#1308=EDGE_LOOP('',(#2526));
#1309=EDGE_LOOP('',(#2527));
#1310=EDGE_LOOP('',(#2528));
#1311=EDGE_LOOP('',(#2529));
#1312=EDGE_LOOP('',(#2530));
#1313=EDGE_LOOP('',(#2531));
#1314=EDGE_LOOP('',(#2532));
#1315=EDGE_LOOP('',(#2533,#2534,#2535,#2536,#2537,#2538,#2539,#2540,#2541,
#2542));
#1316=EDGE_LOOP('',(#2543,#2544,#2545,#2546,#2547,#2548,#2549,#2550,#2551,
#2552));
#1317=EDGE_LOOP('',(#2553,#2554,#2555,#2556,#2557,#2558,#2559,#2560,#2561,
#2562));
#1318=EDGE_LOOP('',(#2563,#2564,#2565,#2566,#2567,#2568,#2569,#2570,#2571,
#2572));
#1319=EDGE_LOOP('',(#2573,#2574,#2575,#2576,#2577));
#1320=EDGE_LOOP('',(#2578,#2579,#2580,#2581,#2582));
#1321=EDGE_LOOP('',(#2583,#2584,#2585,#2586,#2587));
#1322=EDGE_LOOP('',(#2588,#2589,#2590,#2591,#2592));
#1323=EDGE_LOOP('',(#2593,#2594,#2595,#2596,#2597,#2598));
#1324=EDGE_LOOP('',(#2599,#2600,#2601,#2602,#2603,#2604));
#1325=EDGE_LOOP('',(#2605,#2606,#2607,#2608));
#1326=EDGE_LOOP('',(#2609,#2610,#2611,#2612,#2613));
#1327=EDGE_LOOP('',(#2614,#2615,#2616,#2617));
#1328=EDGE_LOOP('',(#2618,#2619,#2620,#2621));
#1329=EDGE_LOOP('',(#2622,#2623,#2624,#2625));
#1330=EDGE_LOOP('',(#2626,#2627,#2628,#2629,#2630));
#1331=EDGE_LOOP('',(#2631,#2632,#2633,#2634));
#1332=EDGE_LOOP('',(#2635,#2636,#2637,#2638,#2639));
#1333=EDGE_LOOP('',(#2640,#2641,#2642,#2643));
#1334=EDGE_LOOP('',(#2644,#2645,#2646,#2647,#2648));
#1335=EDGE_LOOP('',(#2649,#2650,#2651,#2652));
#1336=EDGE_LOOP('',(#2653,#2654,#2655,#2656,#2657));
#1337=EDGE_LOOP('',(#2658,#2659,#2660,#2661));
#1338=EDGE_LOOP('',(#2662,#2663,#2664,#2665,#2666));
#1339=EDGE_LOOP('',(#2667,#2668,#2669,#2670));
#1340=EDGE_LOOP('',(#2671,#2672,#2673,#2674,#2675));
#1341=EDGE_LOOP('',(#2676,#2677,#2678,#2679,#2680,#2681,#2682,#2683,#2684,
#2685));
#1342=EDGE_LOOP('',(#2686,#2687,#2688,#2689));
#1343=EDGE_LOOP('',(#2690,#2691,#2692,#2693,#2694,#2695,#2696));
#1344=EDGE_LOOP('',(#2697,#2698,#2699,#2700));
#1345=EDGE_LOOP('',(#2701,#2702,#2703,#2704));
#1346=EDGE_LOOP('',(#2705,#2706,#2707,#2708,#2709,#2710,#2711));
#1347=EDGE_LOOP('',(#2712,#2713));
#1348=EDGE_LOOP('',(#2714,#2715));
#1349=EDGE_LOOP('',(#2716,#2717,#2718,#2719,#2720,#2721,#2722,#2723,#2724,
#2725,#2726,#2727,#2728));
#1350=EDGE_LOOP('',(#2729,#2730,#2731,#2732));
#1351=EDGE_LOOP('',(#2733,#2734,#2735,#2736));
#1352=EDGE_LOOP('',(#2737,#2738,#2739,#2740,#2741,#2742,#2743));
#1353=EDGE_LOOP('',(#2744,#2745,#2746,#2747));
#1354=EDGE_LOOP('',(#2748,#2749,#2750,#2751));
#1355=EDGE_LOOP('',(#2752));
#1356=EDGE_LOOP('',(#2753,#2754,#2755,#2756,#2757,#2758));
#1357=EDGE_LOOP('',(#2759));
#1358=EDGE_LOOP('',(#2760,#2761,#2762,#2763,#2764,#2765));
#1359=EDGE_LOOP('',(#2766,#2767,#2768,#2769));
#1360=EDGE_LOOP('',(#2770,#2771,#2772,#2773));
#1361=EDGE_LOOP('',(#2774,#2775,#2776,#2777));
#1362=EDGE_LOOP('',(#2778,#2779,#2780,#2781,#2782,#2783));
#1363=EDGE_LOOP('',(#2784,#2785,#2786,#2787,#2788,#2789));
#1364=EDGE_LOOP('',(#2790,#2791,#2792,#2793));
#1365=EDGE_LOOP('',(#2794,#2795,#2796,#2797));
#1366=EDGE_LOOP('',(#2798));
#1367=EDGE_LOOP('',(#2799));
#1368=ORIENTED_EDGE('',*,*,#3273,.F.);
#1369=ORIENTED_EDGE('',*,*,#3274,.F.);
#1370=ORIENTED_EDGE('',*,*,#3275,.F.);
#1371=ORIENTED_EDGE('',*,*,#3276,.T.);
#1372=ORIENTED_EDGE('',*,*,#3276,.F.);
#1373=ORIENTED_EDGE('',*,*,#3277,.T.);
#1374=ORIENTED_EDGE('',*,*,#3278,.T.);
#1375=ORIENTED_EDGE('',*,*,#3279,.T.);
#1376=ORIENTED_EDGE('',*,*,#3280,.T.);
#1377=ORIENTED_EDGE('',*,*,#3281,.T.);
#1378=ORIENTED_EDGE('',*,*,#3282,.T.);
#1379=ORIENTED_EDGE('',*,*,#3283,.T.);
#1380=ORIENTED_EDGE('',*,*,#3284,.F.);
#1381=ORIENTED_EDGE('',*,*,#3274,.T.);
#1382=ORIENTED_EDGE('',*,*,#3285,.F.);
#1383=ORIENTED_EDGE('',*,*,#3286,.T.);
#1384=ORIENTED_EDGE('',*,*,#3287,.T.);
#1385=ORIENTED_EDGE('',*,*,#3288,.T.);
#1386=ORIENTED_EDGE('',*,*,#3289,.T.);
#1387=ORIENTED_EDGE('',*,*,#3290,.T.);
#1388=ORIENTED_EDGE('',*,*,#3285,.T.);
#1389=ORIENTED_EDGE('',*,*,#3273,.T.);
#1390=ORIENTED_EDGE('',*,*,#3283,.F.);
#1391=ORIENTED_EDGE('',*,*,#3291,.T.);
#1392=ORIENTED_EDGE('',*,*,#3277,.F.);
#1393=ORIENTED_EDGE('',*,*,#3275,.T.);
#1394=ORIENTED_EDGE('',*,*,#3284,.T.);
#1395=ORIENTED_EDGE('',*,*,#3292,.T.);
#1396=ORIENTED_EDGE('',*,*,#3293,.T.);
#1397=ORIENTED_EDGE('',*,*,#3294,.T.);
#1398=ORIENTED_EDGE('',*,*,#3295,.T.);
#1399=ORIENTED_EDGE('',*,*,#3296,.T.);
#1400=ORIENTED_EDGE('',*,*,#3287,.F.);
#1401=ORIENTED_EDGE('',*,*,#3297,.T.);
#1402=ORIENTED_EDGE('',*,*,#3281,.F.);
#1403=ORIENTED_EDGE('',*,*,#3298,.T.);
#1404=ORIENTED_EDGE('',*,*,#3295,.F.);
#1405=ORIENTED_EDGE('',*,*,#3299,.T.);
#1406=ORIENTED_EDGE('',*,*,#3279,.F.);
#1407=ORIENTED_EDGE('',*,*,#3300,.T.);
#1408=ORIENTED_EDGE('',*,*,#3289,.F.);
#1409=ORIENTED_EDGE('',*,*,#3301,.T.);
#1410=ORIENTED_EDGE('',*,*,#3293,.F.);
#1411=ORIENTED_EDGE('',*,*,#3302,.T.);
#1412=ORIENTED_EDGE('',*,*,#3302,.F.);
#1413=ORIENTED_EDGE('',*,*,#3296,.F.);
#1414=ORIENTED_EDGE('',*,*,#3298,.F.);
#1415=ORIENTED_EDGE('',*,*,#3280,.F.);
#1416=ORIENTED_EDGE('',*,*,#3301,.F.);
#1417=ORIENTED_EDGE('',*,*,#3288,.F.);
#1418=ORIENTED_EDGE('',*,*,#3299,.F.);
#1419=ORIENTED_EDGE('',*,*,#3294,.F.);
#1420=ORIENTED_EDGE('',*,*,#3290,.F.);
#1421=ORIENTED_EDGE('',*,*,#3300,.F.);
#1422=ORIENTED_EDGE('',*,*,#3278,.F.);
#1423=ORIENTED_EDGE('',*,*,#3292,.F.);
#1424=ORIENTED_EDGE('',*,*,#3282,.F.);
#1425=ORIENTED_EDGE('',*,*,#3297,.F.);
#1426=ORIENTED_EDGE('',*,*,#3286,.F.);
#1427=ORIENTED_EDGE('',*,*,#3291,.F.);
#1428=ORIENTED_EDGE('',*,*,#3303,.F.);
#1429=ORIENTED_EDGE('',*,*,#3304,.F.);
#1430=ORIENTED_EDGE('',*,*,#3305,.F.);
#1431=ORIENTED_EDGE('',*,*,#3306,.F.);
#1432=ORIENTED_EDGE('',*,*,#3307,.F.);
#1433=ORIENTED_EDGE('',*,*,#3308,.F.);
#1434=ORIENTED_EDGE('',*,*,#3309,.F.);
#1435=ORIENTED_EDGE('',*,*,#3310,.F.);
#1436=ORIENTED_EDGE('',*,*,#3311,.F.);
#1437=ORIENTED_EDGE('',*,*,#3312,.F.);
#1438=ORIENTED_EDGE('',*,*,#3313,.F.);
#1439=ORIENTED_EDGE('',*,*,#3314,.F.);
#1440=ORIENTED_EDGE('',*,*,#3315,.F.);
#1441=ORIENTED_EDGE('',*,*,#3316,.F.);
#1442=ORIENTED_EDGE('',*,*,#3317,.F.);
#1443=ORIENTED_EDGE('',*,*,#3318,.F.);
#1444=ORIENTED_EDGE('',*,*,#3319,.F.);
#1445=ORIENTED_EDGE('',*,*,#3320,.F.);
#1446=ORIENTED_EDGE('',*,*,#3321,.F.);
#1447=ORIENTED_EDGE('',*,*,#3322,.F.);
#1448=ORIENTED_EDGE('',*,*,#3323,.F.);
#1449=ORIENTED_EDGE('',*,*,#3324,.F.);
#1450=ORIENTED_EDGE('',*,*,#3325,.F.);
#1451=ORIENTED_EDGE('',*,*,#3326,.F.);
#1452=ORIENTED_EDGE('',*,*,#3327,.T.);
#1453=ORIENTED_EDGE('',*,*,#3328,.T.);
#1454=ORIENTED_EDGE('',*,*,#3329,.T.);
#1455=ORIENTED_EDGE('',*,*,#3330,.F.);
#1456=ORIENTED_EDGE('',*,*,#3331,.T.);
#1457=ORIENTED_EDGE('',*,*,#3332,.F.);
#1458=ORIENTED_EDGE('',*,*,#3333,.T.);
#1459=ORIENTED_EDGE('',*,*,#3334,.F.);
#1460=ORIENTED_EDGE('',*,*,#3335,.T.);
#1461=ORIENTED_EDGE('',*,*,#3336,.T.);
#1462=ORIENTED_EDGE('',*,*,#3337,.F.);
#1463=ORIENTED_EDGE('',*,*,#3338,.T.);
#1464=ORIENTED_EDGE('',*,*,#3339,.F.);
#1465=ORIENTED_EDGE('',*,*,#3340,.T.);
#1466=ORIENTED_EDGE('',*,*,#3341,.F.);
#1467=ORIENTED_EDGE('',*,*,#3342,.T.);
#1468=ORIENTED_EDGE('',*,*,#3343,.F.);
#1469=ORIENTED_EDGE('',*,*,#3344,.T.);
#1470=ORIENTED_EDGE('',*,*,#3345,.F.);
#1471=ORIENTED_EDGE('',*,*,#3346,.T.);
#1472=ORIENTED_EDGE('',*,*,#3347,.F.);
#1473=ORIENTED_EDGE('',*,*,#3348,.T.);
#1474=ORIENTED_EDGE('',*,*,#3349,.F.);
#1475=ORIENTED_EDGE('',*,*,#3350,.T.);
#1476=ORIENTED_EDGE('',*,*,#3351,.F.);
#1477=ORIENTED_EDGE('',*,*,#3352,.T.);
#1478=ORIENTED_EDGE('',*,*,#3335,.F.);
#1479=ORIENTED_EDGE('',*,*,#3353,.F.);
#1480=ORIENTED_EDGE('',*,*,#3354,.F.);
#1481=ORIENTED_EDGE('',*,*,#3355,.F.);
#1482=ORIENTED_EDGE('',*,*,#3356,.T.);
#1483=ORIENTED_EDGE('',*,*,#3357,.T.);
#1484=ORIENTED_EDGE('',*,*,#3328,.F.);
#1485=ORIENTED_EDGE('',*,*,#3355,.T.);
#1486=ORIENTED_EDGE('',*,*,#3329,.F.);
#1487=ORIENTED_EDGE('',*,*,#3357,.F.);
#1488=ORIENTED_EDGE('',*,*,#3358,.F.);
#1489=ORIENTED_EDGE('',*,*,#3359,.F.);
#1490=ORIENTED_EDGE('',*,*,#3330,.T.);
#1491=ORIENTED_EDGE('',*,*,#3359,.T.);
#1492=ORIENTED_EDGE('',*,*,#3360,.F.);
#1493=ORIENTED_EDGE('',*,*,#3361,.T.);
#1494=ORIENTED_EDGE('',*,*,#3331,.F.);
#1495=ORIENTED_EDGE('',*,*,#3361,.F.);
#1496=ORIENTED_EDGE('',*,*,#3362,.F.);
#1497=ORIENTED_EDGE('',*,*,#3363,.F.);
#1498=ORIENTED_EDGE('',*,*,#3364,.F.);
#1499=ORIENTED_EDGE('',*,*,#3365,.T.);
#1500=ORIENTED_EDGE('',*,*,#3332,.T.);
#1501=ORIENTED_EDGE('',*,*,#3363,.T.);
#1502=ORIENTED_EDGE('',*,*,#3333,.F.);
#1503=ORIENTED_EDGE('',*,*,#3365,.F.);
#1504=ORIENTED_EDGE('',*,*,#3366,.F.);
#1505=ORIENTED_EDGE('',*,*,#3367,.F.);
#1506=ORIENTED_EDGE('',*,*,#3368,.F.);
#1507=ORIENTED_EDGE('',*,*,#3353,.T.);
#1508=ORIENTED_EDGE('',*,*,#3334,.T.);
#1509=ORIENTED_EDGE('',*,*,#3367,.T.);
#1510=ORIENTED_EDGE('',*,*,#3369,.T.);
#1511=ORIENTED_EDGE('',*,*,#3336,.F.);
#1512=ORIENTED_EDGE('',*,*,#3344,.F.);
#1513=ORIENTED_EDGE('',*,*,#3370,.F.);
#1514=ORIENTED_EDGE('',*,*,#3371,.F.);
#1515=ORIENTED_EDGE('',*,*,#3372,.F.);
#1516=ORIENTED_EDGE('',*,*,#3373,.F.);
#1517=ORIENTED_EDGE('',*,*,#3374,.T.);
#1518=ORIENTED_EDGE('',*,*,#3337,.T.);
#1519=ORIENTED_EDGE('',*,*,#3372,.T.);
#1520=ORIENTED_EDGE('',*,*,#3338,.F.);
#1521=ORIENTED_EDGE('',*,*,#3374,.F.);
#1522=ORIENTED_EDGE('',*,*,#3375,.F.);
#1523=ORIENTED_EDGE('',*,*,#3376,.F.);
#1524=ORIENTED_EDGE('',*,*,#3339,.T.);
#1525=ORIENTED_EDGE('',*,*,#3376,.T.);
#1526=ORIENTED_EDGE('',*,*,#3377,.F.);
#1527=ORIENTED_EDGE('',*,*,#3378,.T.);
#1528=ORIENTED_EDGE('',*,*,#3340,.F.);
#1529=ORIENTED_EDGE('',*,*,#3378,.F.);
#1530=ORIENTED_EDGE('',*,*,#3379,.F.);
#1531=ORIENTED_EDGE('',*,*,#3380,.F.);
#1532=ORIENTED_EDGE('',*,*,#3341,.T.);
#1533=ORIENTED_EDGE('',*,*,#3380,.T.);
#1534=ORIENTED_EDGE('',*,*,#3381,.F.);
#1535=ORIENTED_EDGE('',*,*,#3382,.T.);
#1536=ORIENTED_EDGE('',*,*,#3342,.F.);
#1537=ORIENTED_EDGE('',*,*,#3382,.F.);
#1538=ORIENTED_EDGE('',*,*,#3383,.F.);
#1539=ORIENTED_EDGE('',*,*,#3384,.F.);
#1540=ORIENTED_EDGE('',*,*,#3385,.F.);
#1541=ORIENTED_EDGE('',*,*,#3370,.T.);
#1542=ORIENTED_EDGE('',*,*,#3343,.T.);
#1543=ORIENTED_EDGE('',*,*,#3384,.T.);
#1544=ORIENTED_EDGE('',*,*,#3352,.F.);
#1545=ORIENTED_EDGE('',*,*,#3386,.F.);
#1546=ORIENTED_EDGE('',*,*,#3387,.F.);
#1547=ORIENTED_EDGE('',*,*,#3388,.F.);
#1548=ORIENTED_EDGE('',*,*,#3389,.F.);
#1549=ORIENTED_EDGE('',*,*,#3390,.T.);
#1550=ORIENTED_EDGE('',*,*,#3345,.T.);
#1551=ORIENTED_EDGE('',*,*,#3388,.T.);
#1552=ORIENTED_EDGE('',*,*,#3346,.F.);
#1553=ORIENTED_EDGE('',*,*,#3390,.F.);
#1554=ORIENTED_EDGE('',*,*,#3391,.F.);
#1555=ORIENTED_EDGE('',*,*,#3392,.F.);
#1556=ORIENTED_EDGE('',*,*,#3347,.T.);
#1557=ORIENTED_EDGE('',*,*,#3392,.T.);
#1558=ORIENTED_EDGE('',*,*,#3393,.F.);
#1559=ORIENTED_EDGE('',*,*,#3394,.T.);
#1560=ORIENTED_EDGE('',*,*,#3348,.F.);
#1561=ORIENTED_EDGE('',*,*,#3394,.F.);
#1562=ORIENTED_EDGE('',*,*,#3395,.F.);
#1563=ORIENTED_EDGE('',*,*,#3396,.F.);
#1564=ORIENTED_EDGE('',*,*,#3397,.F.);
#1565=ORIENTED_EDGE('',*,*,#3398,.T.);
#1566=ORIENTED_EDGE('',*,*,#3349,.T.);
#1567=ORIENTED_EDGE('',*,*,#3396,.T.);
#1568=ORIENTED_EDGE('',*,*,#3350,.F.);
#1569=ORIENTED_EDGE('',*,*,#3398,.F.);
#1570=ORIENTED_EDGE('',*,*,#3399,.F.);
#1571=ORIENTED_EDGE('',*,*,#3400,.F.);
#1572=ORIENTED_EDGE('',*,*,#3401,.F.);
#1573=ORIENTED_EDGE('',*,*,#3386,.T.);
#1574=ORIENTED_EDGE('',*,*,#3351,.T.);
#1575=ORIENTED_EDGE('',*,*,#3400,.T.);
#1576=ORIENTED_EDGE('',*,*,#3402,.T.);
#1577=ORIENTED_EDGE('',*,*,#3403,.T.);
#1578=ORIENTED_EDGE('',*,*,#3404,.T.);
#1579=ORIENTED_EDGE('',*,*,#3405,.T.);
#1580=ORIENTED_EDGE('',*,*,#3406,.T.);
#1581=ORIENTED_EDGE('',*,*,#3407,.T.);
#1582=ORIENTED_EDGE('',*,*,#3408,.T.);
#1583=ORIENTED_EDGE('',*,*,#3409,.T.);
#1584=ORIENTED_EDGE('',*,*,#3385,.T.);
#1585=ORIENTED_EDGE('',*,*,#3383,.T.);
#1586=ORIENTED_EDGE('',*,*,#3381,.T.);
#1587=ORIENTED_EDGE('',*,*,#3379,.T.);
#1588=ORIENTED_EDGE('',*,*,#3377,.T.);
#1589=ORIENTED_EDGE('',*,*,#3375,.T.);
#1590=ORIENTED_EDGE('',*,*,#3373,.T.);
#1591=ORIENTED_EDGE('',*,*,#3371,.T.);
#1592=ORIENTED_EDGE('',*,*,#3369,.F.);
#1593=ORIENTED_EDGE('',*,*,#3368,.T.);
#1594=ORIENTED_EDGE('',*,*,#3366,.T.);
#1595=ORIENTED_EDGE('',*,*,#3364,.T.);
#1596=ORIENTED_EDGE('',*,*,#3362,.T.);
#1597=ORIENTED_EDGE('',*,*,#3360,.T.);
#1598=ORIENTED_EDGE('',*,*,#3358,.T.);
#1599=ORIENTED_EDGE('',*,*,#3356,.F.);
#1600=ORIENTED_EDGE('',*,*,#3354,.T.);
#1601=ORIENTED_EDGE('',*,*,#3410,.T.);
#1602=ORIENTED_EDGE('',*,*,#3411,.F.);
#1603=ORIENTED_EDGE('',*,*,#3412,.F.);
#1604=ORIENTED_EDGE('',*,*,#3413,.F.);
#1605=ORIENTED_EDGE('',*,*,#3414,.T.);
#1606=ORIENTED_EDGE('',*,*,#3415,.F.);
#1607=ORIENTED_EDGE('',*,*,#3410,.F.);
#1608=ORIENTED_EDGE('',*,*,#3416,.F.);
#1609=ORIENTED_EDGE('',*,*,#3417,.T.);
#1610=ORIENTED_EDGE('',*,*,#3418,.F.);
#1611=ORIENTED_EDGE('',*,*,#3414,.F.);
#1612=ORIENTED_EDGE('',*,*,#3419,.T.);
#1613=ORIENTED_EDGE('',*,*,#3420,.T.);
#1614=ORIENTED_EDGE('',*,*,#3421,.F.);
#1615=ORIENTED_EDGE('',*,*,#3417,.F.);
#1616=ORIENTED_EDGE('',*,*,#3422,.F.);
#1617=ORIENTED_EDGE('',*,*,#3423,.T.);
#1618=ORIENTED_EDGE('',*,*,#3424,.F.);
#1619=ORIENTED_EDGE('',*,*,#3420,.F.);
#1620=ORIENTED_EDGE('',*,*,#3425,.T.);
#1621=ORIENTED_EDGE('',*,*,#3426,.T.);
#1622=ORIENTED_EDGE('',*,*,#3427,.F.);
#1623=ORIENTED_EDGE('',*,*,#3423,.F.);
#1624=ORIENTED_EDGE('',*,*,#3428,.T.);
#1625=ORIENTED_EDGE('',*,*,#3426,.F.);
#1626=ORIENTED_EDGE('',*,*,#3429,.F.);
#1627=ORIENTED_EDGE('',*,*,#3430,.F.);
#1628=ORIENTED_EDGE('',*,*,#3431,.F.);
#1629=ORIENTED_EDGE('',*,*,#3430,.T.);
#1630=ORIENTED_EDGE('',*,*,#3432,.F.);
#1631=ORIENTED_EDGE('',*,*,#3433,.F.);
#1632=ORIENTED_EDGE('',*,*,#3434,.F.);
#1633=ORIENTED_EDGE('',*,*,#3433,.T.);
#1634=ORIENTED_EDGE('',*,*,#3435,.F.);
#1635=ORIENTED_EDGE('',*,*,#3436,.F.);
#1636=ORIENTED_EDGE('',*,*,#3437,.F.);
#1637=ORIENTED_EDGE('',*,*,#3436,.T.);
#1638=ORIENTED_EDGE('',*,*,#3438,.F.);
#1639=ORIENTED_EDGE('',*,*,#3439,.F.);
#1640=ORIENTED_EDGE('',*,*,#3440,.F.);
#1641=ORIENTED_EDGE('',*,*,#3439,.T.);
#1642=ORIENTED_EDGE('',*,*,#3441,.F.);
#1643=ORIENTED_EDGE('',*,*,#3442,.F.);
#1644=ORIENTED_EDGE('',*,*,#3443,.F.);
#1645=ORIENTED_EDGE('',*,*,#3442,.T.);
#1646=ORIENTED_EDGE('',*,*,#3444,.T.);
#1647=ORIENTED_EDGE('',*,*,#3445,.F.);
#1648=ORIENTED_EDGE('',*,*,#3446,.F.);
#1649=ORIENTED_EDGE('',*,*,#3445,.T.);
#1650=ORIENTED_EDGE('',*,*,#3447,.F.);
#1651=ORIENTED_EDGE('',*,*,#3448,.F.);
#1652=ORIENTED_EDGE('',*,*,#3449,.F.);
#1653=ORIENTED_EDGE('',*,*,#3448,.T.);
#1654=ORIENTED_EDGE('',*,*,#3450,.T.);
#1655=ORIENTED_EDGE('',*,*,#3451,.F.);
#1656=ORIENTED_EDGE('',*,*,#3452,.F.);
#1657=ORIENTED_EDGE('',*,*,#3451,.T.);
#1658=ORIENTED_EDGE('',*,*,#3453,.F.);
#1659=ORIENTED_EDGE('',*,*,#3454,.F.);
#1660=ORIENTED_EDGE('',*,*,#3455,.F.);
#1661=ORIENTED_EDGE('',*,*,#3454,.T.);
#1662=ORIENTED_EDGE('',*,*,#3456,.F.);
#1663=ORIENTED_EDGE('',*,*,#3457,.F.);
#1664=ORIENTED_EDGE('',*,*,#3458,.F.);
#1665=ORIENTED_EDGE('',*,*,#3457,.T.);
#1666=ORIENTED_EDGE('',*,*,#3459,.F.);
#1667=ORIENTED_EDGE('',*,*,#3460,.T.);
#1668=ORIENTED_EDGE('',*,*,#3461,.F.);
#1669=ORIENTED_EDGE('',*,*,#3462,.T.);
#1670=ORIENTED_EDGE('',*,*,#3463,.F.);
#1671=ORIENTED_EDGE('',*,*,#3460,.F.);
#1672=ORIENTED_EDGE('',*,*,#3464,.F.);
#1673=ORIENTED_EDGE('',*,*,#3465,.T.);
#1674=ORIENTED_EDGE('',*,*,#3466,.F.);
#1675=ORIENTED_EDGE('',*,*,#3462,.F.);
#1676=ORIENTED_EDGE('',*,*,#3467,.F.);
#1677=ORIENTED_EDGE('',*,*,#3412,.T.);
#1678=ORIENTED_EDGE('',*,*,#3468,.F.);
#1679=ORIENTED_EDGE('',*,*,#3465,.F.);
#1680=ORIENTED_EDGE('',*,*,#3469,.T.);
#1681=ORIENTED_EDGE('',*,*,#3470,.T.);
#1682=ORIENTED_EDGE('',*,*,#3471,.F.);
#1683=ORIENTED_EDGE('',*,*,#3472,.F.);
#1684=ORIENTED_EDGE('',*,*,#3409,.F.);
#1685=ORIENTED_EDGE('',*,*,#3472,.T.);
#1686=ORIENTED_EDGE('',*,*,#3473,.T.);
#1687=ORIENTED_EDGE('',*,*,#3474,.F.);
#1688=ORIENTED_EDGE('',*,*,#3402,.F.);
#1689=ORIENTED_EDGE('',*,*,#3474,.T.);
#1690=ORIENTED_EDGE('',*,*,#3475,.F.);
#1691=ORIENTED_EDGE('',*,*,#3476,.T.);
#1692=ORIENTED_EDGE('',*,*,#3403,.F.);
#1693=ORIENTED_EDGE('',*,*,#3477,.T.);
#1694=ORIENTED_EDGE('',*,*,#3404,.F.);
#1695=ORIENTED_EDGE('',*,*,#3476,.F.);
#1696=ORIENTED_EDGE('',*,*,#3478,.F.);
#1697=ORIENTED_EDGE('',*,*,#3479,.T.);
#1698=ORIENTED_EDGE('',*,*,#3405,.F.);
#1699=ORIENTED_EDGE('',*,*,#3477,.F.);
#1700=ORIENTED_EDGE('',*,*,#3480,.F.);
#1701=ORIENTED_EDGE('',*,*,#3481,.T.);
#1702=ORIENTED_EDGE('',*,*,#3406,.F.);
#1703=ORIENTED_EDGE('',*,*,#3479,.F.);
#1704=ORIENTED_EDGE('',*,*,#3482,.F.);
#1705=ORIENTED_EDGE('',*,*,#3481,.F.);
#1706=ORIENTED_EDGE('',*,*,#3483,.F.);
#1707=ORIENTED_EDGE('',*,*,#3484,.F.);
#1708=ORIENTED_EDGE('',*,*,#3407,.F.);
#1709=ORIENTED_EDGE('',*,*,#3484,.T.);
#1710=ORIENTED_EDGE('',*,*,#3485,.T.);
#1711=ORIENTED_EDGE('',*,*,#3470,.F.);
#1712=ORIENTED_EDGE('',*,*,#3408,.F.);
#1713=ORIENTED_EDGE('',*,*,#3486,.F.);
#1714=ORIENTED_EDGE('',*,*,#3487,.F.);
#1715=ORIENTED_EDGE('',*,*,#3488,.T.);
#1716=ORIENTED_EDGE('',*,*,#3489,.T.);
#1717=ORIENTED_EDGE('',*,*,#3490,.F.);
#1718=ORIENTED_EDGE('',*,*,#3491,.T.);
#1719=ORIENTED_EDGE('',*,*,#3492,.T.);
#1720=ORIENTED_EDGE('',*,*,#3487,.T.);
#1721=ORIENTED_EDGE('',*,*,#3493,.T.);
#1722=ORIENTED_EDGE('',*,*,#3494,.T.);
#1723=ORIENTED_EDGE('',*,*,#3495,.F.);
#1724=ORIENTED_EDGE('',*,*,#3496,.F.);
#1725=ORIENTED_EDGE('',*,*,#3497,.F.);
#1726=ORIENTED_EDGE('',*,*,#3498,.F.);
#1727=ORIENTED_EDGE('',*,*,#3499,.T.);
#1728=ORIENTED_EDGE('',*,*,#3496,.T.);
#1729=ORIENTED_EDGE('',*,*,#3500,.F.);
#1730=ORIENTED_EDGE('',*,*,#3501,.T.);
#1731=ORIENTED_EDGE('',*,*,#3502,.T.);
#1732=ORIENTED_EDGE('',*,*,#3498,.T.);
#1733=ORIENTED_EDGE('',*,*,#3503,.T.);
#1734=ORIENTED_EDGE('',*,*,#3504,.T.);
#1735=ORIENTED_EDGE('',*,*,#3505,.F.);
#1736=ORIENTED_EDGE('',*,*,#3506,.F.);
#1737=ORIENTED_EDGE('',*,*,#3507,.F.);
#1738=ORIENTED_EDGE('',*,*,#3508,.F.);
#1739=ORIENTED_EDGE('',*,*,#3509,.T.);
#1740=ORIENTED_EDGE('',*,*,#3506,.T.);
#1741=ORIENTED_EDGE('',*,*,#3510,.F.);
#1742=ORIENTED_EDGE('',*,*,#3511,.T.);
#1743=ORIENTED_EDGE('',*,*,#3512,.T.);
#1744=ORIENTED_EDGE('',*,*,#3508,.T.);
#1745=ORIENTED_EDGE('',*,*,#3513,.T.);
#1746=ORIENTED_EDGE('',*,*,#3514,.T.);
#1747=ORIENTED_EDGE('',*,*,#3515,.F.);
#1748=ORIENTED_EDGE('',*,*,#3516,.F.);
#1749=ORIENTED_EDGE('',*,*,#3517,.F.);
#1750=ORIENTED_EDGE('',*,*,#3518,.F.);
#1751=ORIENTED_EDGE('',*,*,#3519,.T.);
#1752=ORIENTED_EDGE('',*,*,#3516,.T.);
#1753=ORIENTED_EDGE('',*,*,#3520,.F.);
#1754=ORIENTED_EDGE('',*,*,#3521,.T.);
#1755=ORIENTED_EDGE('',*,*,#3522,.T.);
#1756=ORIENTED_EDGE('',*,*,#3518,.T.);
#1757=ORIENTED_EDGE('',*,*,#3523,.T.);
#1758=ORIENTED_EDGE('',*,*,#3524,.T.);
#1759=ORIENTED_EDGE('',*,*,#3525,.F.);
#1760=ORIENTED_EDGE('',*,*,#3489,.F.);
#1761=ORIENTED_EDGE('',*,*,#3491,.F.);
#1762=ORIENTED_EDGE('',*,*,#3526,.F.);
#1763=ORIENTED_EDGE('',*,*,#3527,.F.);
#1764=ORIENTED_EDGE('',*,*,#3528,.F.);
#1765=ORIENTED_EDGE('',*,*,#3492,.F.);
#1766=ORIENTED_EDGE('',*,*,#3529,.F.);
#1767=ORIENTED_EDGE('',*,*,#3523,.F.);
#1768=ORIENTED_EDGE('',*,*,#3488,.F.);
#1769=ORIENTED_EDGE('',*,*,#3524,.F.);
#1770=ORIENTED_EDGE('',*,*,#3530,.F.);
#1771=ORIENTED_EDGE('',*,*,#3531,.T.);
#1772=ORIENTED_EDGE('',*,*,#3532,.F.);
#1773=ORIENTED_EDGE('',*,*,#3501,.F.);
#1774=ORIENTED_EDGE('',*,*,#3533,.F.);
#1775=ORIENTED_EDGE('',*,*,#3534,.F.);
#1776=ORIENTED_EDGE('',*,*,#3535,.F.);
#1777=ORIENTED_EDGE('',*,*,#3499,.F.);
#1778=ORIENTED_EDGE('',*,*,#3502,.F.);
#1779=ORIENTED_EDGE('',*,*,#3536,.F.);
#1780=ORIENTED_EDGE('',*,*,#3493,.F.);
#1781=ORIENTED_EDGE('',*,*,#3494,.F.);
#1782=ORIENTED_EDGE('',*,*,#3537,.F.);
#1783=ORIENTED_EDGE('',*,*,#3538,.T.);
#1784=ORIENTED_EDGE('',*,*,#3539,.F.);
#1785=ORIENTED_EDGE('',*,*,#3511,.F.);
#1786=ORIENTED_EDGE('',*,*,#3540,.F.);
#1787=ORIENTED_EDGE('',*,*,#3541,.F.);
#1788=ORIENTED_EDGE('',*,*,#3542,.F.);
#1789=ORIENTED_EDGE('',*,*,#3503,.F.);
#1790=ORIENTED_EDGE('',*,*,#3509,.F.);
#1791=ORIENTED_EDGE('',*,*,#3512,.F.);
#1792=ORIENTED_EDGE('',*,*,#3543,.F.);
#1793=ORIENTED_EDGE('',*,*,#3504,.F.);
#1794=ORIENTED_EDGE('',*,*,#3544,.F.);
#1795=ORIENTED_EDGE('',*,*,#3545,.T.);
#1796=ORIENTED_EDGE('',*,*,#3546,.F.);
#1797=ORIENTED_EDGE('',*,*,#3521,.F.);
#1798=ORIENTED_EDGE('',*,*,#3547,.F.);
#1799=ORIENTED_EDGE('',*,*,#3548,.F.);
#1800=ORIENTED_EDGE('',*,*,#3549,.F.);
#1801=ORIENTED_EDGE('',*,*,#3519,.F.);
#1802=ORIENTED_EDGE('',*,*,#3522,.F.);
#1803=ORIENTED_EDGE('',*,*,#3550,.F.);
#1804=ORIENTED_EDGE('',*,*,#3513,.F.);
#1805=ORIENTED_EDGE('',*,*,#3514,.F.);
#1806=ORIENTED_EDGE('',*,*,#3551,.F.);
#1807=ORIENTED_EDGE('',*,*,#3552,.T.);
#1808=ORIENTED_EDGE('',*,*,#3553,.F.);
#1809=ORIENTED_EDGE('',*,*,#3554,.F.);
#1810=ORIENTED_EDGE('',*,*,#3313,.T.);
#1811=ORIENTED_EDGE('',*,*,#3555,.T.);
#1812=ORIENTED_EDGE('',*,*,#3556,.F.);
#1813=ORIENTED_EDGE('',*,*,#3557,.F.);
#1814=ORIENTED_EDGE('',*,*,#3311,.T.);
#1815=ORIENTED_EDGE('',*,*,#3558,.T.);
#1816=ORIENTED_EDGE('',*,*,#3559,.F.);
#1817=ORIENTED_EDGE('',*,*,#3558,.F.);
#1818=ORIENTED_EDGE('',*,*,#3314,.T.);
#1819=ORIENTED_EDGE('',*,*,#3554,.T.);
#1820=ORIENTED_EDGE('',*,*,#3560,.F.);
#1821=ORIENTED_EDGE('',*,*,#3555,.F.);
#1822=ORIENTED_EDGE('',*,*,#3312,.T.);
#1823=ORIENTED_EDGE('',*,*,#3557,.T.);
#1824=ORIENTED_EDGE('',*,*,#3561,.F.);
#1825=ORIENTED_EDGE('',*,*,#3562,.F.);
#1826=ORIENTED_EDGE('',*,*,#3304,.T.);
#1827=ORIENTED_EDGE('',*,*,#3563,.T.);
#1828=ORIENTED_EDGE('',*,*,#3564,.F.);
#1829=ORIENTED_EDGE('',*,*,#3565,.F.);
#1830=ORIENTED_EDGE('',*,*,#3305,.T.);
#1831=ORIENTED_EDGE('',*,*,#3562,.T.);
#1832=ORIENTED_EDGE('',*,*,#3566,.F.);
#1833=ORIENTED_EDGE('',*,*,#3567,.F.);
#1834=ORIENTED_EDGE('',*,*,#3306,.T.);
#1835=ORIENTED_EDGE('',*,*,#3565,.T.);
#1836=ORIENTED_EDGE('',*,*,#3568,.F.);
#1837=ORIENTED_EDGE('',*,*,#3563,.F.);
#1838=ORIENTED_EDGE('',*,*,#3303,.T.);
#1839=ORIENTED_EDGE('',*,*,#3567,.T.);
#1840=ORIENTED_EDGE('',*,*,#3569,.F.);
#1841=ORIENTED_EDGE('',*,*,#3570,.F.);
#1842=ORIENTED_EDGE('',*,*,#3309,.T.);
#1843=ORIENTED_EDGE('',*,*,#3571,.T.);
#1844=ORIENTED_EDGE('',*,*,#3572,.F.);
#1845=ORIENTED_EDGE('',*,*,#3573,.F.);
#1846=ORIENTED_EDGE('',*,*,#3307,.T.);
#1847=ORIENTED_EDGE('',*,*,#3574,.T.);
#1848=ORIENTED_EDGE('',*,*,#3575,.F.);
#1849=ORIENTED_EDGE('',*,*,#3574,.F.);
#1850=ORIENTED_EDGE('',*,*,#3310,.T.);
#1851=ORIENTED_EDGE('',*,*,#3570,.T.);
#1852=ORIENTED_EDGE('',*,*,#3576,.F.);
#1853=ORIENTED_EDGE('',*,*,#3571,.F.);
#1854=ORIENTED_EDGE('',*,*,#3308,.T.);
#1855=ORIENTED_EDGE('',*,*,#3573,.T.);
#1856=ORIENTED_EDGE('',*,*,#3577,.F.);
#1857=ORIENTED_EDGE('',*,*,#3527,.T.);
#1858=ORIENTED_EDGE('',*,*,#3578,.F.);
#1859=ORIENTED_EDGE('',*,*,#3538,.F.);
#1860=ORIENTED_EDGE('',*,*,#3579,.F.);
#1861=ORIENTED_EDGE('',*,*,#3548,.T.);
#1862=ORIENTED_EDGE('',*,*,#3580,.F.);
#1863=ORIENTED_EDGE('',*,*,#3531,.F.);
#1864=ORIENTED_EDGE('',*,*,#3581,.F.);
#1865=ORIENTED_EDGE('',*,*,#3541,.T.);
#1866=ORIENTED_EDGE('',*,*,#3582,.F.);
#1867=ORIENTED_EDGE('',*,*,#3552,.F.);
#1868=ORIENTED_EDGE('',*,*,#3583,.F.);
#1869=ORIENTED_EDGE('',*,*,#3534,.T.);
#1870=ORIENTED_EDGE('',*,*,#3584,.F.);
#1871=ORIENTED_EDGE('',*,*,#3545,.F.);
#1872=ORIENTED_EDGE('',*,*,#3585,.F.);
#1873=ORIENTED_EDGE('',*,*,#3586,.F.);
#1874=ORIENTED_EDGE('',*,*,#3321,.T.);
#1875=ORIENTED_EDGE('',*,*,#3587,.F.);
#1876=ORIENTED_EDGE('',*,*,#3579,.T.);
#1877=ORIENTED_EDGE('',*,*,#3588,.F.);
#1878=ORIENTED_EDGE('',*,*,#3323,.T.);
#1879=ORIENTED_EDGE('',*,*,#3589,.F.);
#1880=ORIENTED_EDGE('',*,*,#3585,.T.);
#1881=ORIENTED_EDGE('',*,*,#3590,.F.);
#1882=ORIENTED_EDGE('',*,*,#3325,.T.);
#1883=ORIENTED_EDGE('',*,*,#3591,.F.);
#1884=ORIENTED_EDGE('',*,*,#3583,.T.);
#1885=ORIENTED_EDGE('',*,*,#3592,.F.);
#1886=ORIENTED_EDGE('',*,*,#3319,.T.);
#1887=ORIENTED_EDGE('',*,*,#3593,.F.);
#1888=ORIENTED_EDGE('',*,*,#3581,.T.);
#1889=ORIENTED_EDGE('',*,*,#3593,.T.);
#1890=ORIENTED_EDGE('',*,*,#3326,.T.);
#1891=ORIENTED_EDGE('',*,*,#3590,.T.);
#1892=ORIENTED_EDGE('',*,*,#3551,.T.);
#1893=ORIENTED_EDGE('',*,*,#3550,.T.);
#1894=ORIENTED_EDGE('',*,*,#3549,.T.);
#1895=ORIENTED_EDGE('',*,*,#3591,.T.);
#1896=ORIENTED_EDGE('',*,*,#3324,.T.);
#1897=ORIENTED_EDGE('',*,*,#3588,.T.);
#1898=ORIENTED_EDGE('',*,*,#3544,.T.);
#1899=ORIENTED_EDGE('',*,*,#3543,.T.);
#1900=ORIENTED_EDGE('',*,*,#3542,.T.);
#1901=ORIENTED_EDGE('',*,*,#3589,.T.);
#1902=ORIENTED_EDGE('',*,*,#3322,.T.);
#1903=ORIENTED_EDGE('',*,*,#3586,.T.);
#1904=ORIENTED_EDGE('',*,*,#3537,.T.);
#1905=ORIENTED_EDGE('',*,*,#3536,.T.);
#1906=ORIENTED_EDGE('',*,*,#3535,.T.);
#1907=ORIENTED_EDGE('',*,*,#3587,.T.);
#1908=ORIENTED_EDGE('',*,*,#3320,.T.);
#1909=ORIENTED_EDGE('',*,*,#3592,.T.);
#1910=ORIENTED_EDGE('',*,*,#3530,.T.);
#1911=ORIENTED_EDGE('',*,*,#3529,.T.);
#1912=ORIENTED_EDGE('',*,*,#3528,.T.);
#1913=ORIENTED_EDGE('',*,*,#3525,.T.);
#1914=ORIENTED_EDGE('',*,*,#3532,.T.);
#1915=ORIENTED_EDGE('',*,*,#3580,.T.);
#1916=ORIENTED_EDGE('',*,*,#3547,.T.);
#1917=ORIENTED_EDGE('',*,*,#3520,.T.);
#1918=ORIENTED_EDGE('',*,*,#3517,.T.);
#1919=ORIENTED_EDGE('',*,*,#3515,.T.);
#1920=ORIENTED_EDGE('',*,*,#3553,.T.);
#1921=ORIENTED_EDGE('',*,*,#3582,.T.);
#1922=ORIENTED_EDGE('',*,*,#3540,.T.);
#1923=ORIENTED_EDGE('',*,*,#3510,.T.);
#1924=ORIENTED_EDGE('',*,*,#3507,.T.);
#1925=ORIENTED_EDGE('',*,*,#3505,.T.);
#1926=ORIENTED_EDGE('',*,*,#3546,.T.);
#1927=ORIENTED_EDGE('',*,*,#3584,.T.);
#1928=ORIENTED_EDGE('',*,*,#3533,.T.);
#1929=ORIENTED_EDGE('',*,*,#3500,.T.);
#1930=ORIENTED_EDGE('',*,*,#3497,.T.);
#1931=ORIENTED_EDGE('',*,*,#3495,.T.);
#1932=ORIENTED_EDGE('',*,*,#3539,.T.);
#1933=ORIENTED_EDGE('',*,*,#3578,.T.);
#1934=ORIENTED_EDGE('',*,*,#3526,.T.);
#1935=ORIENTED_EDGE('',*,*,#3490,.T.);
#1936=ORIENTED_EDGE('',*,*,#3486,.T.);
#1937=ORIENTED_EDGE('',*,*,#3485,.F.);
#1938=ORIENTED_EDGE('',*,*,#3483,.T.);
#1939=ORIENTED_EDGE('',*,*,#3482,.T.);
#1940=ORIENTED_EDGE('',*,*,#3480,.T.);
#1941=ORIENTED_EDGE('',*,*,#3478,.T.);
#1942=ORIENTED_EDGE('',*,*,#3475,.T.);
#1943=ORIENTED_EDGE('',*,*,#3473,.F.);
#1944=ORIENTED_EDGE('',*,*,#3471,.T.);
#1945=ORIENTED_EDGE('',*,*,#3594,.T.);
#1946=ORIENTED_EDGE('',*,*,#3595,.T.);
#1947=ORIENTED_EDGE('',*,*,#3596,.T.);
#1948=ORIENTED_EDGE('',*,*,#3597,.T.);
#1949=ORIENTED_EDGE('',*,*,#3572,.T.);
#1950=ORIENTED_EDGE('',*,*,#3577,.T.);
#1951=ORIENTED_EDGE('',*,*,#3575,.T.);
#1952=ORIENTED_EDGE('',*,*,#3576,.T.);
#1953=ORIENTED_EDGE('',*,*,#3569,.T.);
#1954=ORIENTED_EDGE('',*,*,#3568,.T.);
#1955=ORIENTED_EDGE('',*,*,#3566,.T.);
#1956=ORIENTED_EDGE('',*,*,#3564,.T.);
#1957=ORIENTED_EDGE('',*,*,#3556,.T.);
#1958=ORIENTED_EDGE('',*,*,#3561,.T.);
#1959=ORIENTED_EDGE('',*,*,#3559,.T.);
#1960=ORIENTED_EDGE('',*,*,#3560,.T.);
#1961=ORIENTED_EDGE('',*,*,#3469,.F.);
#1962=ORIENTED_EDGE('',*,*,#3467,.T.);
#1963=ORIENTED_EDGE('',*,*,#3464,.T.);
#1964=ORIENTED_EDGE('',*,*,#3459,.T.);
#1965=ORIENTED_EDGE('',*,*,#3456,.T.);
#1966=ORIENTED_EDGE('',*,*,#3453,.T.);
#1967=ORIENTED_EDGE('',*,*,#3450,.F.);
#1968=ORIENTED_EDGE('',*,*,#3447,.T.);
#1969=ORIENTED_EDGE('',*,*,#3444,.F.);
#1970=ORIENTED_EDGE('',*,*,#3441,.T.);
#1971=ORIENTED_EDGE('',*,*,#3438,.T.);
#1972=ORIENTED_EDGE('',*,*,#3435,.T.);
#1973=ORIENTED_EDGE('',*,*,#3432,.T.);
#1974=ORIENTED_EDGE('',*,*,#3429,.T.);
#1975=ORIENTED_EDGE('',*,*,#3428,.F.);
#1976=ORIENTED_EDGE('',*,*,#3425,.F.);
#1977=ORIENTED_EDGE('',*,*,#3422,.T.);
#1978=ORIENTED_EDGE('',*,*,#3419,.F.);
#1979=ORIENTED_EDGE('',*,*,#3416,.T.);
#1980=ORIENTED_EDGE('',*,*,#3413,.T.);
#1981=ORIENTED_EDGE('',*,*,#3598,.F.);
#1982=ORIENTED_EDGE('',*,*,#3316,.T.);
#1983=ORIENTED_EDGE('',*,*,#3599,.T.);
#1984=ORIENTED_EDGE('',*,*,#3596,.F.);
#1985=ORIENTED_EDGE('',*,*,#3600,.F.);
#1986=ORIENTED_EDGE('',*,*,#3317,.T.);
#1987=ORIENTED_EDGE('',*,*,#3598,.T.);
#1988=ORIENTED_EDGE('',*,*,#3595,.F.);
#1989=ORIENTED_EDGE('',*,*,#3601,.F.);
#1990=ORIENTED_EDGE('',*,*,#3318,.T.);
#1991=ORIENTED_EDGE('',*,*,#3600,.T.);
#1992=ORIENTED_EDGE('',*,*,#3594,.F.);
#1993=ORIENTED_EDGE('',*,*,#3599,.F.);
#1994=ORIENTED_EDGE('',*,*,#3315,.T.);
#1995=ORIENTED_EDGE('',*,*,#3601,.T.);
#1996=ORIENTED_EDGE('',*,*,#3597,.F.);
#1997=ORIENTED_EDGE('',*,*,#3449,.T.);
#1998=ORIENTED_EDGE('',*,*,#3452,.T.);
#1999=ORIENTED_EDGE('',*,*,#3455,.T.);
#2000=ORIENTED_EDGE('',*,*,#3458,.T.);
#2001=ORIENTED_EDGE('',*,*,#3461,.T.);
#2002=ORIENTED_EDGE('',*,*,#3463,.T.);
#2003=ORIENTED_EDGE('',*,*,#3466,.T.);
#2004=ORIENTED_EDGE('',*,*,#3468,.T.);
#2005=ORIENTED_EDGE('',*,*,#3411,.T.);
#2006=ORIENTED_EDGE('',*,*,#3415,.T.);
#2007=ORIENTED_EDGE('',*,*,#3418,.T.);
#2008=ORIENTED_EDGE('',*,*,#3421,.T.);
#2009=ORIENTED_EDGE('',*,*,#3424,.T.);
#2010=ORIENTED_EDGE('',*,*,#3427,.T.);
#2011=ORIENTED_EDGE('',*,*,#3431,.T.);
#2012=ORIENTED_EDGE('',*,*,#3434,.T.);
#2013=ORIENTED_EDGE('',*,*,#3437,.T.);
#2014=ORIENTED_EDGE('',*,*,#3440,.T.);
#2015=ORIENTED_EDGE('',*,*,#3443,.T.);
#2016=ORIENTED_EDGE('',*,*,#3446,.T.);
#2017=ORIENTED_EDGE('',*,*,#3602,.T.);
#2018=ORIENTED_EDGE('',*,*,#3603,.T.);
#2019=ORIENTED_EDGE('',*,*,#3604,.T.);
#2020=ORIENTED_EDGE('',*,*,#3605,.T.);
#2021=ORIENTED_EDGE('',*,*,#3606,.T.);
#2022=ORIENTED_EDGE('',*,*,#3607,.T.);
#2023=ORIENTED_EDGE('',*,*,#3608,.T.);
#2024=ORIENTED_EDGE('',*,*,#3609,.T.);
#2025=ORIENTED_EDGE('',*,*,#3401,.T.);
#2026=ORIENTED_EDGE('',*,*,#3399,.T.);
#2027=ORIENTED_EDGE('',*,*,#3397,.T.);
#2028=ORIENTED_EDGE('',*,*,#3395,.T.);
#2029=ORIENTED_EDGE('',*,*,#3393,.T.);
#2030=ORIENTED_EDGE('',*,*,#3391,.T.);
#2031=ORIENTED_EDGE('',*,*,#3389,.T.);
#2032=ORIENTED_EDGE('',*,*,#3387,.T.);
#2033=ORIENTED_EDGE('',*,*,#3610,.F.);
#2034=ORIENTED_EDGE('',*,*,#3611,.F.);
#2035=ORIENTED_EDGE('',*,*,#3609,.F.);
#2036=ORIENTED_EDGE('',*,*,#3612,.F.);
#2037=ORIENTED_EDGE('',*,*,#3602,.F.);
#2038=ORIENTED_EDGE('',*,*,#3611,.T.);
#2039=ORIENTED_EDGE('',*,*,#3613,.T.);
#2040=ORIENTED_EDGE('',*,*,#3614,.T.);
#2041=ORIENTED_EDGE('',*,*,#3615,.F.);
#2042=ORIENTED_EDGE('',*,*,#3616,.F.);
#2043=ORIENTED_EDGE('',*,*,#3603,.F.);
#2044=ORIENTED_EDGE('',*,*,#3614,.F.);
#2045=ORIENTED_EDGE('',*,*,#3617,.T.);
#2046=ORIENTED_EDGE('',*,*,#3618,.T.);
#2047=ORIENTED_EDGE('',*,*,#3604,.F.);
#2048=ORIENTED_EDGE('',*,*,#3616,.T.);
#2049=ORIENTED_EDGE('',*,*,#3619,.F.);
#2050=ORIENTED_EDGE('',*,*,#3620,.F.);
#2051=ORIENTED_EDGE('',*,*,#3605,.F.);
#2052=ORIENTED_EDGE('',*,*,#3618,.F.);
#2053=ORIENTED_EDGE('',*,*,#3621,.T.);
#2054=ORIENTED_EDGE('',*,*,#3622,.T.);
#2055=ORIENTED_EDGE('',*,*,#3606,.F.);
#2056=ORIENTED_EDGE('',*,*,#3620,.T.);
#2057=ORIENTED_EDGE('',*,*,#3623,.F.);
#2058=ORIENTED_EDGE('',*,*,#3624,.F.);
#2059=ORIENTED_EDGE('',*,*,#3607,.F.);
#2060=ORIENTED_EDGE('',*,*,#3622,.F.);
#2061=ORIENTED_EDGE('',*,*,#3608,.F.);
#2062=ORIENTED_EDGE('',*,*,#3624,.T.);
#2063=ORIENTED_EDGE('',*,*,#3625,.T.);
#2064=ORIENTED_EDGE('',*,*,#3612,.T.);
#2065=ORIENTED_EDGE('',*,*,#3626,.T.);
#2066=ORIENTED_EDGE('',*,*,#3625,.F.);
#2067=ORIENTED_EDGE('',*,*,#3623,.T.);
#2068=ORIENTED_EDGE('',*,*,#3621,.F.);
#2069=ORIENTED_EDGE('',*,*,#3619,.T.);
#2070=ORIENTED_EDGE('',*,*,#3617,.F.);
#2071=ORIENTED_EDGE('',*,*,#3615,.T.);
#2072=ORIENTED_EDGE('',*,*,#3613,.F.);
#2073=ORIENTED_EDGE('',*,*,#3610,.T.);
#2074=ORIENTED_EDGE('',*,*,#3626,.F.);
#2075=ORIENTED_EDGE('',*,*,#3327,.F.);
#2076=ORIENTED_EDGE('',*,*,#3627,.F.);
#2077=ORIENTED_EDGE('',*,*,#3628,.T.);
#2078=ORIENTED_EDGE('',*,*,#3629,.F.);
#2079=ORIENTED_EDGE('',*,*,#3630,.F.);
#2080=ORIENTED_EDGE('',*,*,#3631,.F.);
#2081=ORIENTED_EDGE('',*,*,#3628,.F.);
#2082=ORIENTED_EDGE('',*,*,#3632,.F.);
#2083=ORIENTED_EDGE('',*,*,#3633,.T.);
#2084=ORIENTED_EDGE('',*,*,#3634,.T.);
#2085=ORIENTED_EDGE('',*,*,#3635,.T.);
#2086=ORIENTED_EDGE('',*,*,#3636,.F.);
#2087=ORIENTED_EDGE('',*,*,#3632,.T.);
#2088=ORIENTED_EDGE('',*,*,#3627,.T.);
#2089=ORIENTED_EDGE('',*,*,#3637,.F.);
#2090=ORIENTED_EDGE('',*,*,#3638,.T.);
#2091=ORIENTED_EDGE('',*,*,#3639,.F.);
#2092=ORIENTED_EDGE('',*,*,#3637,.T.);
#2093=ORIENTED_EDGE('',*,*,#3630,.T.);
#2094=ORIENTED_EDGE('',*,*,#3640,.T.);
#2095=ORIENTED_EDGE('',*,*,#3641,.T.);
#2096=ORIENTED_EDGE('',*,*,#3642,.T.);
#2097=ORIENTED_EDGE('',*,*,#3643,.T.);
#2098=ORIENTED_EDGE('',*,*,#3640,.F.);
#2099=ORIENTED_EDGE('',*,*,#3629,.T.);
#2100=ORIENTED_EDGE('',*,*,#3636,.T.);
#2101=ORIENTED_EDGE('',*,*,#3644,.T.);
#2102=ORIENTED_EDGE('',*,*,#3645,.T.);
#2103=ORIENTED_EDGE('',*,*,#3646,.T.);
#2104=ORIENTED_EDGE('',*,*,#3647,.T.);
#2105=ORIENTED_EDGE('',*,*,#3648,.T.);
#2106=ORIENTED_EDGE('',*,*,#3643,.F.);
#2107=ORIENTED_EDGE('',*,*,#3649,.T.);
#2108=ORIENTED_EDGE('',*,*,#3645,.F.);
#2109=ORIENTED_EDGE('',*,*,#3650,.T.);
#2110=ORIENTED_EDGE('',*,*,#3633,.F.);
#2111=ORIENTED_EDGE('',*,*,#3638,.F.);
#2112=ORIENTED_EDGE('',*,*,#3647,.F.);
#2113=ORIENTED_EDGE('',*,*,#3651,.T.);
#2114=ORIENTED_EDGE('',*,*,#3641,.F.);
#2115=ORIENTED_EDGE('',*,*,#3644,.F.);
#2116=ORIENTED_EDGE('',*,*,#3635,.F.);
#2117=ORIENTED_EDGE('',*,*,#3652,.T.);
#2118=ORIENTED_EDGE('',*,*,#3652,.F.);
#2119=ORIENTED_EDGE('',*,*,#3634,.F.);
#2120=ORIENTED_EDGE('',*,*,#3650,.F.);
#2121=ORIENTED_EDGE('',*,*,#3648,.F.);
#2122=ORIENTED_EDGE('',*,*,#3651,.F.);
#2123=ORIENTED_EDGE('',*,*,#3646,.F.);
#2124=ORIENTED_EDGE('',*,*,#3649,.F.);
#2125=ORIENTED_EDGE('',*,*,#3642,.F.);
#2126=ORIENTED_EDGE('',*,*,#3639,.T.);
#2127=ORIENTED_EDGE('',*,*,#3631,.T.);
#2128=ORIENTED_EDGE('',*,*,#3653,.F.);
#2129=ORIENTED_EDGE('',*,*,#3654,.T.);
#2130=ORIENTED_EDGE('',*,*,#3655,.F.);
#2131=ORIENTED_EDGE('',*,*,#3656,.F.);
#2132=ORIENTED_EDGE('',*,*,#3657,.F.);
#2133=ORIENTED_EDGE('',*,*,#3656,.T.);
#2134=ORIENTED_EDGE('',*,*,#3658,.F.);
#2135=ORIENTED_EDGE('',*,*,#3659,.T.);
#2136=ORIENTED_EDGE('',*,*,#3660,.T.);
#2137=ORIENTED_EDGE('',*,*,#3661,.T.);
#2138=ORIENTED_EDGE('',*,*,#3662,.T.);
#2139=ORIENTED_EDGE('',*,*,#3663,.T.);
#2140=ORIENTED_EDGE('',*,*,#3664,.F.);
#2141=ORIENTED_EDGE('',*,*,#3665,.T.);
#2142=ORIENTED_EDGE('',*,*,#3666,.T.);
#2143=ORIENTED_EDGE('',*,*,#3667,.T.);
#2144=ORIENTED_EDGE('',*,*,#3668,.F.);
#2145=ORIENTED_EDGE('',*,*,#3669,.F.);
#2146=ORIENTED_EDGE('',*,*,#3670,.T.);
#2147=ORIENTED_EDGE('',*,*,#3671,.F.);
#2148=ORIENTED_EDGE('',*,*,#3672,.T.);
#2149=ORIENTED_EDGE('',*,*,#3673,.F.);
#2150=ORIENTED_EDGE('',*,*,#3654,.F.);
#2151=ORIENTED_EDGE('',*,*,#3674,.T.);
#2152=ORIENTED_EDGE('',*,*,#3675,.T.);
#2153=ORIENTED_EDGE('',*,*,#3676,.T.);
#2154=ORIENTED_EDGE('',*,*,#3677,.T.);
#2155=ORIENTED_EDGE('',*,*,#3678,.T.);
#2156=ORIENTED_EDGE('',*,*,#3679,.T.);
#2157=ORIENTED_EDGE('',*,*,#3680,.T.);
#2158=ORIENTED_EDGE('',*,*,#3681,.T.);
#2159=ORIENTED_EDGE('',*,*,#3682,.T.);
#2160=ORIENTED_EDGE('',*,*,#3683,.T.);
#2161=ORIENTED_EDGE('',*,*,#3684,.T.);
#2162=ORIENTED_EDGE('',*,*,#3685,.F.);
#2163=ORIENTED_EDGE('',*,*,#3686,.T.);
#2164=ORIENTED_EDGE('',*,*,#3687,.F.);
#2165=ORIENTED_EDGE('',*,*,#3688,.T.);
#2166=ORIENTED_EDGE('',*,*,#3689,.F.);
#2167=ORIENTED_EDGE('',*,*,#3690,.T.);
#2168=ORIENTED_EDGE('',*,*,#3674,.F.);
#2169=ORIENTED_EDGE('',*,*,#3653,.T.);
#2170=ORIENTED_EDGE('',*,*,#3657,.T.);
#2171=ORIENTED_EDGE('',*,*,#3691,.T.);
#2172=ORIENTED_EDGE('',*,*,#3658,.T.);
#2173=ORIENTED_EDGE('',*,*,#3655,.T.);
#2174=ORIENTED_EDGE('',*,*,#3690,.F.);
#2175=ORIENTED_EDGE('',*,*,#3692,.F.);
#2176=ORIENTED_EDGE('',*,*,#3680,.F.);
#2177=ORIENTED_EDGE('',*,*,#3693,.T.);
#2178=ORIENTED_EDGE('',*,*,#3668,.T.);
#2179=ORIENTED_EDGE('',*,*,#3694,.T.);
#2180=ORIENTED_EDGE('',*,*,#3695,.T.);
#2181=ORIENTED_EDGE('',*,*,#3696,.T.);
#2182=ORIENTED_EDGE('',*,*,#3697,.T.);
#2183=ORIENTED_EDGE('',*,*,#3698,.T.);
#2184=ORIENTED_EDGE('',*,*,#3699,.F.);
#2185=ORIENTED_EDGE('',*,*,#3684,.F.);
#2186=ORIENTED_EDGE('',*,*,#3700,.T.);
#2187=ORIENTED_EDGE('',*,*,#3664,.T.);
#2188=ORIENTED_EDGE('',*,*,#3697,.F.);
#2189=ORIENTED_EDGE('',*,*,#3701,.T.);
#2190=ORIENTED_EDGE('',*,*,#3681,.F.);
#2191=ORIENTED_EDGE('',*,*,#3694,.F.);
#2192=ORIENTED_EDGE('',*,*,#3667,.F.);
#2193=ORIENTED_EDGE('',*,*,#3702,.T.);
#2194=ORIENTED_EDGE('',*,*,#3683,.F.);
#2195=ORIENTED_EDGE('',*,*,#3703,.T.);
#2196=ORIENTED_EDGE('',*,*,#3695,.F.);
#2197=ORIENTED_EDGE('',*,*,#3704,.T.);
#2198=ORIENTED_EDGE('',*,*,#3665,.F.);
#2199=ORIENTED_EDGE('',*,*,#3700,.F.);
#2200=ORIENTED_EDGE('',*,*,#3677,.F.);
#2201=ORIENTED_EDGE('',*,*,#3705,.T.);
#2202=ORIENTED_EDGE('',*,*,#3671,.T.);
#2203=ORIENTED_EDGE('',*,*,#3706,.T.);
#2204=ORIENTED_EDGE('',*,*,#3679,.F.);
#2205=ORIENTED_EDGE('',*,*,#3707,.T.);
#2206=ORIENTED_EDGE('',*,*,#3669,.T.);
#2207=ORIENTED_EDGE('',*,*,#3693,.F.);
#2208=ORIENTED_EDGE('',*,*,#3673,.T.);
#2209=ORIENTED_EDGE('',*,*,#3708,.T.);
#2210=ORIENTED_EDGE('',*,*,#3675,.F.);
#2211=ORIENTED_EDGE('',*,*,#3691,.F.);
#2212=ORIENTED_EDGE('',*,*,#3689,.T.);
#2213=ORIENTED_EDGE('',*,*,#3709,.T.);
#2214=ORIENTED_EDGE('',*,*,#3659,.F.);
#2215=ORIENTED_EDGE('',*,*,#3692,.T.);
#2216=ORIENTED_EDGE('',*,*,#3687,.T.);
#2217=ORIENTED_EDGE('',*,*,#3710,.T.);
#2218=ORIENTED_EDGE('',*,*,#3661,.F.);
#2219=ORIENTED_EDGE('',*,*,#3711,.T.);
#2220=ORIENTED_EDGE('',*,*,#3663,.F.);
#2221=ORIENTED_EDGE('',*,*,#3712,.T.);
#2222=ORIENTED_EDGE('',*,*,#3685,.T.);
#2223=ORIENTED_EDGE('',*,*,#3699,.T.);
#2224=ORIENTED_EDGE('',*,*,#3676,.F.);
#2225=ORIENTED_EDGE('',*,*,#3708,.F.);
#2226=ORIENTED_EDGE('',*,*,#3672,.F.);
#2227=ORIENTED_EDGE('',*,*,#3705,.F.);
#2228=ORIENTED_EDGE('',*,*,#3678,.F.);
#2229=ORIENTED_EDGE('',*,*,#3706,.F.);
#2230=ORIENTED_EDGE('',*,*,#3670,.F.);
#2231=ORIENTED_EDGE('',*,*,#3707,.F.);
#2232=ORIENTED_EDGE('',*,*,#3686,.F.);
#2233=ORIENTED_EDGE('',*,*,#3712,.F.);
#2234=ORIENTED_EDGE('',*,*,#3662,.F.);
#2235=ORIENTED_EDGE('',*,*,#3710,.F.);
#2236=ORIENTED_EDGE('',*,*,#3688,.F.);
#2237=ORIENTED_EDGE('',*,*,#3711,.F.);
#2238=ORIENTED_EDGE('',*,*,#3660,.F.);
#2239=ORIENTED_EDGE('',*,*,#3709,.F.);
#2240=ORIENTED_EDGE('',*,*,#3702,.F.);
#2241=ORIENTED_EDGE('',*,*,#3666,.F.);
#2242=ORIENTED_EDGE('',*,*,#3704,.F.);
#2243=ORIENTED_EDGE('',*,*,#3698,.F.);
#2244=ORIENTED_EDGE('',*,*,#3701,.F.);
#2245=ORIENTED_EDGE('',*,*,#3696,.F.);
#2246=ORIENTED_EDGE('',*,*,#3703,.F.);
#2247=ORIENTED_EDGE('',*,*,#3682,.F.);
#2248=ORIENTED_EDGE('',*,*,#3713,.F.);
#2249=ORIENTED_EDGE('',*,*,#3714,.T.);
#2250=ORIENTED_EDGE('',*,*,#3715,.T.);
#2251=ORIENTED_EDGE('',*,*,#3716,.T.);
#2252=ORIENTED_EDGE('',*,*,#3717,.F.);
#2253=ORIENTED_EDGE('',*,*,#3718,.T.);
#2254=ORIENTED_EDGE('',*,*,#3719,.T.);
#2255=ORIENTED_EDGE('',*,*,#3720,.T.);
#2256=ORIENTED_EDGE('',*,*,#3721,.F.);
#2257=ORIENTED_EDGE('',*,*,#3722,.F.);
#2258=ORIENTED_EDGE('',*,*,#3723,.T.);
#2259=ORIENTED_EDGE('',*,*,#3724,.T.);
#2260=ORIENTED_EDGE('',*,*,#3725,.F.);
#2261=ORIENTED_EDGE('',*,*,#3726,.T.);
#2262=ORIENTED_EDGE('',*,*,#3727,.T.);
#2263=ORIENTED_EDGE('',*,*,#3728,.T.);
#2264=ORIENTED_EDGE('',*,*,#3715,.F.);
#2265=ORIENTED_EDGE('',*,*,#3729,.T.);
#2266=ORIENTED_EDGE('',*,*,#3725,.T.);
#2267=ORIENTED_EDGE('',*,*,#3730,.T.);
#2268=ORIENTED_EDGE('',*,*,#3731,.F.);
#2269=ORIENTED_EDGE('',*,*,#3732,.T.);
#2270=ORIENTED_EDGE('',*,*,#3733,.T.);
#2271=ORIENTED_EDGE('',*,*,#3734,.T.);
#2272=ORIENTED_EDGE('',*,*,#3735,.F.);
#2273=ORIENTED_EDGE('',*,*,#3736,.T.);
#2274=ORIENTED_EDGE('',*,*,#3737,.T.);
#2275=ORIENTED_EDGE('',*,*,#3738,.T.);
#2276=ORIENTED_EDGE('',*,*,#3739,.F.);
#2277=ORIENTED_EDGE('',*,*,#3740,.F.);
#2278=ORIENTED_EDGE('',*,*,#3741,.F.);
#2279=ORIENTED_EDGE('',*,*,#3727,.F.);
#2280=ORIENTED_EDGE('',*,*,#3740,.T.);
#2281=ORIENTED_EDGE('',*,*,#3742,.T.);
#2282=ORIENTED_EDGE('',*,*,#3731,.T.);
#2283=ORIENTED_EDGE('',*,*,#3743,.T.);
#2284=ORIENTED_EDGE('',*,*,#3733,.F.);
#2285=ORIENTED_EDGE('',*,*,#3744,.T.);
#2286=ORIENTED_EDGE('',*,*,#3735,.T.);
#2287=ORIENTED_EDGE('',*,*,#3745,.T.);
#2288=ORIENTED_EDGE('',*,*,#3737,.F.);
#2289=ORIENTED_EDGE('',*,*,#3746,.T.);
#2290=ORIENTED_EDGE('',*,*,#3747,.T.);
#2291=ORIENTED_EDGE('',*,*,#3748,.T.);
#2292=ORIENTED_EDGE('',*,*,#3749,.T.);
#2293=ORIENTED_EDGE('',*,*,#3750,.T.);
#2294=ORIENTED_EDGE('',*,*,#3751,.T.);
#2295=ORIENTED_EDGE('',*,*,#3752,.T.);
#2296=ORIENTED_EDGE('',*,*,#3753,.T.);
#2297=ORIENTED_EDGE('',*,*,#3754,.T.);
#2298=ORIENTED_EDGE('',*,*,#3755,.T.);
#2299=ORIENTED_EDGE('',*,*,#3756,.F.);
#2300=ORIENTED_EDGE('',*,*,#3757,.T.);
#2301=ORIENTED_EDGE('',*,*,#3758,.T.);
#2302=ORIENTED_EDGE('',*,*,#3759,.T.);
#2303=ORIENTED_EDGE('',*,*,#3760,.T.);
#2304=ORIENTED_EDGE('',*,*,#3761,.F.);
#2305=ORIENTED_EDGE('',*,*,#3762,.T.);
#2306=ORIENTED_EDGE('',*,*,#3763,.T.);
#2307=ORIENTED_EDGE('',*,*,#3764,.T.);
#2308=ORIENTED_EDGE('',*,*,#3765,.F.);
#2309=ORIENTED_EDGE('',*,*,#3766,.F.);
#2310=ORIENTED_EDGE('',*,*,#3767,.T.);
#2311=ORIENTED_EDGE('',*,*,#3754,.F.);
#2312=ORIENTED_EDGE('',*,*,#3768,.F.);
#2313=ORIENTED_EDGE('',*,*,#3769,.F.);
#2314=ORIENTED_EDGE('',*,*,#3770,.F.);
#2315=ORIENTED_EDGE('',*,*,#3771,.T.);
#2316=ORIENTED_EDGE('',*,*,#3772,.T.);
#2317=ORIENTED_EDGE('',*,*,#3773,.T.);
#2318=ORIENTED_EDGE('',*,*,#3774,.T.);
#2319=ORIENTED_EDGE('',*,*,#3775,.T.);
#2320=ORIENTED_EDGE('',*,*,#3776,.F.);
#2321=ORIENTED_EDGE('',*,*,#3777,.T.);
#2322=ORIENTED_EDGE('',*,*,#3778,.T.);
#2323=ORIENTED_EDGE('',*,*,#3779,.T.);
#2324=ORIENTED_EDGE('',*,*,#3780,.T.);
#2325=ORIENTED_EDGE('',*,*,#3781,.T.);
#2326=ORIENTED_EDGE('',*,*,#3782,.F.);
#2327=ORIENTED_EDGE('',*,*,#3783,.F.);
#2328=ORIENTED_EDGE('',*,*,#3784,.T.);
#2329=ORIENTED_EDGE('',*,*,#3785,.T.);
#2330=ORIENTED_EDGE('',*,*,#3778,.F.);
#2331=ORIENTED_EDGE('',*,*,#3786,.T.);
#2332=ORIENTED_EDGE('',*,*,#3770,.T.);
#2333=ORIENTED_EDGE('',*,*,#3787,.T.);
#2334=ORIENTED_EDGE('',*,*,#3788,.F.);
#2335=ORIENTED_EDGE('',*,*,#3789,.F.);
#2336=ORIENTED_EDGE('',*,*,#3790,.T.);
#2337=ORIENTED_EDGE('',*,*,#3764,.F.);
#2338=ORIENTED_EDGE('',*,*,#3791,.T.);
#2339=ORIENTED_EDGE('',*,*,#3792,.F.);
#2340=ORIENTED_EDGE('',*,*,#3748,.F.);
#2341=ORIENTED_EDGE('',*,*,#3793,.F.);
#2342=ORIENTED_EDGE('',*,*,#3772,.F.);
#2343=ORIENTED_EDGE('',*,*,#3794,.F.);
#2344=ORIENTED_EDGE('',*,*,#3795,.T.);
#2345=ORIENTED_EDGE('',*,*,#3796,.T.);
#2346=ORIENTED_EDGE('',*,*,#3797,.F.);
#2347=ORIENTED_EDGE('',*,*,#3798,.F.);
#2348=ORIENTED_EDGE('',*,*,#3799,.T.);
#2349=ORIENTED_EDGE('',*,*,#3800,.T.);
#2350=ORIENTED_EDGE('',*,*,#3801,.T.);
#2351=ORIENTED_EDGE('',*,*,#3802,.T.);
#2352=ORIENTED_EDGE('',*,*,#3803,.T.);
#2353=ORIENTED_EDGE('',*,*,#3804,.T.);
#2354=ORIENTED_EDGE('',*,*,#3805,.T.);
#2355=ORIENTED_EDGE('',*,*,#3806,.F.);
#2356=ORIENTED_EDGE('',*,*,#3807,.T.);
#2357=ORIENTED_EDGE('',*,*,#3808,.T.);
#2358=ORIENTED_EDGE('',*,*,#3809,.T.);
#2359=ORIENTED_EDGE('',*,*,#3810,.T.);
#2360=ORIENTED_EDGE('',*,*,#3811,.T.);
#2361=ORIENTED_EDGE('',*,*,#3812,.T.);
#2362=ORIENTED_EDGE('',*,*,#3813,.F.);
#2363=ORIENTED_EDGE('',*,*,#3814,.T.);
#2364=ORIENTED_EDGE('',*,*,#3815,.T.);
#2365=ORIENTED_EDGE('',*,*,#3816,.T.);
#2366=ORIENTED_EDGE('',*,*,#3817,.T.);
#2367=ORIENTED_EDGE('',*,*,#3818,.T.);
#2368=ORIENTED_EDGE('',*,*,#3819,.T.);
#2369=ORIENTED_EDGE('',*,*,#3820,.T.);
#2370=ORIENTED_EDGE('',*,*,#3821,.T.);
#2371=ORIENTED_EDGE('',*,*,#3822,.T.);
#2372=ORIENTED_EDGE('',*,*,#3823,.T.);
#2373=ORIENTED_EDGE('',*,*,#3824,.F.);
#2374=ORIENTED_EDGE('',*,*,#3825,.T.);
#2375=ORIENTED_EDGE('',*,*,#3787,.F.);
#2376=ORIENTED_EDGE('',*,*,#3775,.F.);
#2377=ORIENTED_EDGE('',*,*,#3826,.T.);
#2378=ORIENTED_EDGE('',*,*,#3827,.T.);
#2379=ORIENTED_EDGE('',*,*,#3828,.T.);
#2380=ORIENTED_EDGE('',*,*,#3829,.T.);
#2381=ORIENTED_EDGE('',*,*,#3830,.T.);
#2382=ORIENTED_EDGE('',*,*,#3831,.T.);
#2383=ORIENTED_EDGE('',*,*,#3806,.T.);
#2384=ORIENTED_EDGE('',*,*,#3832,.T.);
#2385=ORIENTED_EDGE('',*,*,#3813,.T.);
#2386=ORIENTED_EDGE('',*,*,#3833,.T.);
#2387=ORIENTED_EDGE('',*,*,#3834,.T.);
#2388=ORIENTED_EDGE('',*,*,#3835,.T.);
#2389=ORIENTED_EDGE('',*,*,#3836,.T.);
#2390=ORIENTED_EDGE('',*,*,#3837,.T.);
#2391=ORIENTED_EDGE('',*,*,#3838,.T.);
#2392=ORIENTED_EDGE('',*,*,#3834,.F.);
#2393=ORIENTED_EDGE('',*,*,#3839,.T.);
#2394=ORIENTED_EDGE('',*,*,#3840,.T.);
#2395=ORIENTED_EDGE('',*,*,#3841,.T.);
#2396=ORIENTED_EDGE('',*,*,#3830,.F.);
#2397=ORIENTED_EDGE('',*,*,#3842,.F.);
#2398=ORIENTED_EDGE('',*,*,#3843,.T.);
#2399=ORIENTED_EDGE('',*,*,#3844,.T.);
#2400=ORIENTED_EDGE('',*,*,#3845,.T.);
#2401=ORIENTED_EDGE('',*,*,#3846,.F.);
#2402=ORIENTED_EDGE('',*,*,#3847,.F.);
#2403=ORIENTED_EDGE('',*,*,#3848,.T.);
#2404=ORIENTED_EDGE('',*,*,#3755,.F.);
#2405=ORIENTED_EDGE('',*,*,#3767,.F.);
#2406=ORIENTED_EDGE('',*,*,#3768,.T.);
#2407=ORIENTED_EDGE('',*,*,#3766,.T.);
#2408=ORIENTED_EDGE('',*,*,#3849,.F.);
#2409=ORIENTED_EDGE('',*,*,#3850,.T.);
#2410=ORIENTED_EDGE('',*,*,#3849,.T.);
#2411=ORIENTED_EDGE('',*,*,#3765,.T.);
#2412=ORIENTED_EDGE('',*,*,#3790,.F.);
#2413=ORIENTED_EDGE('',*,*,#3851,.T.);
#2414=ORIENTED_EDGE('',*,*,#3825,.F.);
#2415=ORIENTED_EDGE('',*,*,#3852,.T.);
#2416=ORIENTED_EDGE('',*,*,#3853,.F.);
#2417=ORIENTED_EDGE('',*,*,#3788,.T.);
#2418=ORIENTED_EDGE('',*,*,#3853,.T.);
#2419=ORIENTED_EDGE('',*,*,#3854,.T.);
#2420=ORIENTED_EDGE('',*,*,#3842,.T.);
#2421=ORIENTED_EDGE('',*,*,#3769,.T.);
#2422=ORIENTED_EDGE('',*,*,#3850,.F.);
#2423=ORIENTED_EDGE('',*,*,#3851,.F.);
#2424=ORIENTED_EDGE('',*,*,#3789,.T.);
#2425=ORIENTED_EDGE('',*,*,#3844,.F.);
#2426=ORIENTED_EDGE('',*,*,#3855,.T.);
#2427=ORIENTED_EDGE('',*,*,#3773,.F.);
#2428=ORIENTED_EDGE('',*,*,#3793,.T.);
#2429=ORIENTED_EDGE('',*,*,#3747,.F.);
#2430=ORIENTED_EDGE('',*,*,#3856,.T.);
#2431=ORIENTED_EDGE('',*,*,#3857,.T.);
#2432=ORIENTED_EDGE('',*,*,#3858,.T.);
#2433=ORIENTED_EDGE('',*,*,#3859,.F.);
#2434=ORIENTED_EDGE('',*,*,#3860,.T.);
#2435=ORIENTED_EDGE('',*,*,#3861,.T.);
#2436=ORIENTED_EDGE('',*,*,#3862,.T.);
#2437=ORIENTED_EDGE('',*,*,#3859,.T.);
#2438=ORIENTED_EDGE('',*,*,#3863,.F.);
#2439=ORIENTED_EDGE('',*,*,#3864,.F.);
#2440=ORIENTED_EDGE('',*,*,#3865,.T.);
#2441=ORIENTED_EDGE('',*,*,#3866,.T.);
#2442=ORIENTED_EDGE('',*,*,#3867,.T.);
#2443=ORIENTED_EDGE('',*,*,#3798,.T.);
#2444=ORIENTED_EDGE('',*,*,#3868,.F.);
#2445=ORIENTED_EDGE('',*,*,#3866,.F.);
#2446=ORIENTED_EDGE('',*,*,#3869,.F.);
#2447=ORIENTED_EDGE('',*,*,#3870,.T.);
#2448=ORIENTED_EDGE('',*,*,#3871,.T.);
#2449=ORIENTED_EDGE('',*,*,#3864,.T.);
#2450=ORIENTED_EDGE('',*,*,#3799,.F.);
#2451=ORIENTED_EDGE('',*,*,#3867,.F.);
#2452=ORIENTED_EDGE('',*,*,#3865,.F.);
#2453=ORIENTED_EDGE('',*,*,#3871,.F.);
#2454=ORIENTED_EDGE('',*,*,#3872,.T.);
#2455=ORIENTED_EDGE('',*,*,#3868,.T.);
#2456=ORIENTED_EDGE('',*,*,#3797,.T.);
#2457=ORIENTED_EDGE('',*,*,#3873,.T.);
#2458=ORIENTED_EDGE('',*,*,#3869,.T.);
#2459=ORIENTED_EDGE('',*,*,#3863,.T.);
#2460=ORIENTED_EDGE('',*,*,#3760,.F.);
#2461=ORIENTED_EDGE('',*,*,#3874,.F.);
#2462=ORIENTED_EDGE('',*,*,#3875,.T.);
#2463=ORIENTED_EDGE('',*,*,#3876,.T.);
#2464=ORIENTED_EDGE('',*,*,#3877,.F.);
#2465=ORIENTED_EDGE('',*,*,#3878,.T.);
#2466=ORIENTED_EDGE('',*,*,#3879,.T.);
#2467=ORIENTED_EDGE('',*,*,#3880,.F.);
#2468=ORIENTED_EDGE('',*,*,#3881,.T.);
#2469=ORIENTED_EDGE('',*,*,#3875,.F.);
#2470=ORIENTED_EDGE('',*,*,#3882,.F.);
#2471=ORIENTED_EDGE('',*,*,#3880,.T.);
#2472=ORIENTED_EDGE('',*,*,#3759,.F.);
#2473=ORIENTED_EDGE('',*,*,#3883,.T.);
#2474=ORIENTED_EDGE('',*,*,#3877,.T.);
#2475=ORIENTED_EDGE('',*,*,#3882,.T.);
#2476=ORIENTED_EDGE('',*,*,#3874,.T.);
#2477=ORIENTED_EDGE('',*,*,#3879,.F.);
#2478=ORIENTED_EDGE('',*,*,#3884,.T.);
#2479=ORIENTED_EDGE('',*,*,#3761,.T.);
#2480=ORIENTED_EDGE('',*,*,#3876,.F.);
#2481=ORIENTED_EDGE('',*,*,#3881,.F.);
#2482=ORIENTED_EDGE('',*,*,#3885,.F.);
#2483=ORIENTED_EDGE('',*,*,#3721,.T.);
#2484=ORIENTED_EDGE('',*,*,#3886,.T.);
#2485=ORIENTED_EDGE('',*,*,#3887,.T.);
#2486=ORIENTED_EDGE('',*,*,#3888,.F.);
#2487=ORIENTED_EDGE('',*,*,#3887,.F.);
#2488=ORIENTED_EDGE('',*,*,#3889,.T.);
#2489=ORIENTED_EDGE('',*,*,#3890,.T.);
#2490=ORIENTED_EDGE('',*,*,#3891,.F.);
#2491=ORIENTED_EDGE('',*,*,#3892,.T.);
#2492=ORIENTED_EDGE('',*,*,#3893,.T.);
#2493=ORIENTED_EDGE('',*,*,#3890,.F.);
#2494=ORIENTED_EDGE('',*,*,#3720,.F.);
#2495=ORIENTED_EDGE('',*,*,#3894,.T.);
#2496=ORIENTED_EDGE('',*,*,#3891,.T.);
#2497=ORIENTED_EDGE('',*,*,#3889,.F.);
#2498=ORIENTED_EDGE('',*,*,#3886,.F.);
#2499=ORIENTED_EDGE('',*,*,#3893,.F.);
#2500=ORIENTED_EDGE('',*,*,#3895,.T.);
#2501=ORIENTED_EDGE('',*,*,#3722,.T.);
#2502=ORIENTED_EDGE('',*,*,#3885,.T.);
#2503=ORIENTED_EDGE('',*,*,#3888,.T.);
#2504=ORIENTED_EDGE('',*,*,#3896,.F.);
#2505=ORIENTED_EDGE('',*,*,#3782,.T.);
#2506=ORIENTED_EDGE('',*,*,#3897,.T.);
#2507=ORIENTED_EDGE('',*,*,#3898,.T.);
#2508=ORIENTED_EDGE('',*,*,#3899,.F.);
#2509=ORIENTED_EDGE('',*,*,#3898,.F.);
#2510=ORIENTED_EDGE('',*,*,#3900,.T.);
#2511=ORIENTED_EDGE('',*,*,#3901,.T.);
#2512=ORIENTED_EDGE('',*,*,#3902,.F.);
#2513=ORIENTED_EDGE('',*,*,#3903,.T.);
#2514=ORIENTED_EDGE('',*,*,#3904,.T.);
#2515=ORIENTED_EDGE('',*,*,#3901,.F.);
#2516=ORIENTED_EDGE('',*,*,#3781,.F.);
#2517=ORIENTED_EDGE('',*,*,#3905,.T.);
#2518=ORIENTED_EDGE('',*,*,#3902,.T.);
#2519=ORIENTED_EDGE('',*,*,#3900,.F.);
#2520=ORIENTED_EDGE('',*,*,#3897,.F.);
#2521=ORIENTED_EDGE('',*,*,#3904,.F.);
#2522=ORIENTED_EDGE('',*,*,#3906,.T.);
#2523=ORIENTED_EDGE('',*,*,#3783,.T.);
#2524=ORIENTED_EDGE('',*,*,#3896,.T.);
#2525=ORIENTED_EDGE('',*,*,#3899,.T.);
#2526=ORIENTED_EDGE('',*,*,#3907,.F.);
#2527=ORIENTED_EDGE('',*,*,#3908,.F.);
#2528=ORIENTED_EDGE('',*,*,#3909,.T.);
#2529=ORIENTED_EDGE('',*,*,#3909,.F.);
#2530=ORIENTED_EDGE('',*,*,#3907,.T.);
#2531=ORIENTED_EDGE('',*,*,#3908,.T.);
#2532=ORIENTED_EDGE('',*,*,#3823,.F.);
#2533=ORIENTED_EDGE('',*,*,#3894,.F.);
#2534=ORIENTED_EDGE('',*,*,#3719,.F.);
#2535=ORIENTED_EDGE('',*,*,#3910,.T.);
#2536=ORIENTED_EDGE('',*,*,#3911,.F.);
#2537=ORIENTED_EDGE('',*,*,#3829,.F.);
#2538=ORIENTED_EDGE('',*,*,#3912,.F.);
#2539=ORIENTED_EDGE('',*,*,#3913,.T.);
#2540=ORIENTED_EDGE('',*,*,#3723,.F.);
#2541=ORIENTED_EDGE('',*,*,#3895,.F.);
#2542=ORIENTED_EDGE('',*,*,#3892,.F.);
#2543=ORIENTED_EDGE('',*,*,#3873,.F.);
#2544=ORIENTED_EDGE('',*,*,#3796,.F.);
#2545=ORIENTED_EDGE('',*,*,#3914,.T.);
#2546=ORIENTED_EDGE('',*,*,#3915,.F.);
#2547=ORIENTED_EDGE('',*,*,#3826,.F.);
#2548=ORIENTED_EDGE('',*,*,#3911,.T.);
#2549=ORIENTED_EDGE('',*,*,#3916,.T.);
#2550=ORIENTED_EDGE('',*,*,#3800,.F.);
#2551=ORIENTED_EDGE('',*,*,#3872,.F.);
#2552=ORIENTED_EDGE('',*,*,#3870,.F.);
#2553=ORIENTED_EDGE('',*,*,#3912,.T.);
#2554=ORIENTED_EDGE('',*,*,#3828,.F.);
#2555=ORIENTED_EDGE('',*,*,#3917,.F.);
#2556=ORIENTED_EDGE('',*,*,#3918,.T.);
#2557=ORIENTED_EDGE('',*,*,#3762,.F.);
#2558=ORIENTED_EDGE('',*,*,#3884,.F.);
#2559=ORIENTED_EDGE('',*,*,#3878,.F.);
#2560=ORIENTED_EDGE('',*,*,#3883,.F.);
#2561=ORIENTED_EDGE('',*,*,#3758,.F.);
#2562=ORIENTED_EDGE('',*,*,#3919,.T.);
#2563=ORIENTED_EDGE('',*,*,#3905,.F.);
#2564=ORIENTED_EDGE('',*,*,#3780,.F.);
#2565=ORIENTED_EDGE('',*,*,#3920,.T.);
#2566=ORIENTED_EDGE('',*,*,#3917,.T.);
#2567=ORIENTED_EDGE('',*,*,#3827,.F.);
#2568=ORIENTED_EDGE('',*,*,#3915,.T.);
#2569=ORIENTED_EDGE('',*,*,#3921,.T.);
#2570=ORIENTED_EDGE('',*,*,#3784,.F.);
#2571=ORIENTED_EDGE('',*,*,#3906,.F.);
#2572=ORIENTED_EDGE('',*,*,#3903,.F.);
#2573=ORIENTED_EDGE('',*,*,#3791,.F.);
#2574=ORIENTED_EDGE('',*,*,#3763,.F.);
#2575=ORIENTED_EDGE('',*,*,#3918,.F.);
#2576=ORIENTED_EDGE('',*,*,#3920,.F.);
#2577=ORIENTED_EDGE('',*,*,#3779,.F.);
#2578=ORIENTED_EDGE('',*,*,#3795,.F.);
#2579=ORIENTED_EDGE('',*,*,#3922,.T.);
#2580=ORIENTED_EDGE('',*,*,#3785,.F.);
#2581=ORIENTED_EDGE('',*,*,#3921,.F.);
#2582=ORIENTED_EDGE('',*,*,#3914,.F.);
#2583=ORIENTED_EDGE('',*,*,#3718,.F.);
#2584=ORIENTED_EDGE('',*,*,#3923,.T.);
#2585=ORIENTED_EDGE('',*,*,#3801,.F.);
#2586=ORIENTED_EDGE('',*,*,#3916,.F.);
#2587=ORIENTED_EDGE('',*,*,#3910,.F.);
#2588=ORIENTED_EDGE('',*,*,#3757,.F.);
#2589=ORIENTED_EDGE('',*,*,#3924,.T.);
#2590=ORIENTED_EDGE('',*,*,#3724,.F.);
#2591=ORIENTED_EDGE('',*,*,#3913,.F.);
#2592=ORIENTED_EDGE('',*,*,#3919,.F.);
#2593=ORIENTED_EDGE('',*,*,#3774,.F.);
#2594=ORIENTED_EDGE('',*,*,#3855,.F.);
#2595=ORIENTED_EDGE('',*,*,#3843,.F.);
#2596=ORIENTED_EDGE('',*,*,#3854,.F.);
#2597=ORIENTED_EDGE('',*,*,#3852,.F.);
#2598=ORIENTED_EDGE('',*,*,#3824,.T.);
#2599=ORIENTED_EDGE('',*,*,#3862,.F.);
#2600=ORIENTED_EDGE('',*,*,#3925,.T.);
#2601=ORIENTED_EDGE('',*,*,#3926,.T.);
#2602=ORIENTED_EDGE('',*,*,#3804,.F.);
#2603=ORIENTED_EDGE('',*,*,#3927,.T.);
#2604=ORIENTED_EDGE('',*,*,#3856,.F.);
#2605=ORIENTED_EDGE('',*,*,#3841,.F.);
#2606=ORIENTED_EDGE('',*,*,#3928,.T.);
#2607=ORIENTED_EDGE('',*,*,#3807,.F.);
#2608=ORIENTED_EDGE('',*,*,#3831,.F.);
#2609=ORIENTED_EDGE('',*,*,#3926,.F.);
#2610=ORIENTED_EDGE('',*,*,#3929,.T.);
#2611=ORIENTED_EDGE('',*,*,#3808,.F.);
#2612=ORIENTED_EDGE('',*,*,#3832,.F.);
#2613=ORIENTED_EDGE('',*,*,#3805,.F.);
#2614=ORIENTED_EDGE('',*,*,#3812,.F.);
#2615=ORIENTED_EDGE('',*,*,#3930,.T.);
#2616=ORIENTED_EDGE('',*,*,#3836,.F.);
#2617=ORIENTED_EDGE('',*,*,#3833,.F.);
#2618=ORIENTED_EDGE('',*,*,#3838,.F.);
#2619=ORIENTED_EDGE('',*,*,#3931,.T.);
#2620=ORIENTED_EDGE('',*,*,#3839,.F.);
#2621=ORIENTED_EDGE('',*,*,#3835,.F.);
#2622=ORIENTED_EDGE('',*,*,#3932,.F.);
#2623=ORIENTED_EDGE('',*,*,#3816,.F.);
#2624=ORIENTED_EDGE('',*,*,#3933,.F.);
#2625=ORIENTED_EDGE('',*,*,#3928,.F.);
#2626=ORIENTED_EDGE('',*,*,#3934,.F.);
#2627=ORIENTED_EDGE('',*,*,#3935,.T.);
#2628=ORIENTED_EDGE('',*,*,#3802,.F.);
#2629=ORIENTED_EDGE('',*,*,#3933,.T.);
#2630=ORIENTED_EDGE('',*,*,#3815,.F.);
#2631=ORIENTED_EDGE('',*,*,#3932,.T.);
#2632=ORIENTED_EDGE('',*,*,#3840,.F.);
#2633=ORIENTED_EDGE('',*,*,#3936,.F.);
#2634=ORIENTED_EDGE('',*,*,#3817,.F.);
#2635=ORIENTED_EDGE('',*,*,#3858,.F.);
#2636=ORIENTED_EDGE('',*,*,#3937,.T.);
#2637=ORIENTED_EDGE('',*,*,#3934,.T.);
#2638=ORIENTED_EDGE('',*,*,#3814,.F.);
#2639=ORIENTED_EDGE('',*,*,#3938,.F.);
#2640=ORIENTED_EDGE('',*,*,#3936,.T.);
#2641=ORIENTED_EDGE('',*,*,#3931,.F.);
#2642=ORIENTED_EDGE('',*,*,#3939,.F.);
#2643=ORIENTED_EDGE('',*,*,#3818,.F.);
#2644=ORIENTED_EDGE('',*,*,#3940,.F.);
#2645=ORIENTED_EDGE('',*,*,#3941,.T.);
#2646=ORIENTED_EDGE('',*,*,#3860,.F.);
#2647=ORIENTED_EDGE('',*,*,#3938,.T.);
#2648=ORIENTED_EDGE('',*,*,#3822,.F.);
#2649=ORIENTED_EDGE('',*,*,#3939,.T.);
#2650=ORIENTED_EDGE('',*,*,#3837,.F.);
#2651=ORIENTED_EDGE('',*,*,#3942,.F.);
#2652=ORIENTED_EDGE('',*,*,#3819,.F.);
#2653=ORIENTED_EDGE('',*,*,#3811,.F.);
#2654=ORIENTED_EDGE('',*,*,#3943,.T.);
#2655=ORIENTED_EDGE('',*,*,#3940,.T.);
#2656=ORIENTED_EDGE('',*,*,#3821,.F.);
#2657=ORIENTED_EDGE('',*,*,#3944,.F.);
#2658=ORIENTED_EDGE('',*,*,#3942,.T.);
#2659=ORIENTED_EDGE('',*,*,#3930,.F.);
#2660=ORIENTED_EDGE('',*,*,#3944,.T.);
#2661=ORIENTED_EDGE('',*,*,#3820,.F.);
#2662=ORIENTED_EDGE('',*,*,#3943,.F.);
#2663=ORIENTED_EDGE('',*,*,#3810,.F.);
#2664=ORIENTED_EDGE('',*,*,#3945,.F.);
#2665=ORIENTED_EDGE('',*,*,#3861,.F.);
#2666=ORIENTED_EDGE('',*,*,#3941,.F.);
#2667=ORIENTED_EDGE('',*,*,#3929,.F.);
#2668=ORIENTED_EDGE('',*,*,#3925,.F.);
#2669=ORIENTED_EDGE('',*,*,#3945,.T.);
#2670=ORIENTED_EDGE('',*,*,#3809,.F.);
#2671=ORIENTED_EDGE('',*,*,#3927,.F.);
#2672=ORIENTED_EDGE('',*,*,#3803,.F.);
#2673=ORIENTED_EDGE('',*,*,#3935,.F.);
#2674=ORIENTED_EDGE('',*,*,#3937,.F.);
#2675=ORIENTED_EDGE('',*,*,#3857,.F.);
#2676=ORIENTED_EDGE('',*,*,#3776,.T.);
#2677=ORIENTED_EDGE('',*,*,#3922,.F.);
#2678=ORIENTED_EDGE('',*,*,#3794,.T.);
#2679=ORIENTED_EDGE('',*,*,#3923,.F.);
#2680=ORIENTED_EDGE('',*,*,#3717,.T.);
#2681=ORIENTED_EDGE('',*,*,#3946,.T.);
#2682=ORIENTED_EDGE('',*,*,#3947,.T.);
#2683=ORIENTED_EDGE('',*,*,#3948,.T.);
#2684=ORIENTED_EDGE('',*,*,#3949,.T.);
#2685=ORIENTED_EDGE('',*,*,#3950,.T.);
#2686=ORIENTED_EDGE('',*,*,#3750,.F.);
#2687=ORIENTED_EDGE('',*,*,#3951,.T.);
#2688=ORIENTED_EDGE('',*,*,#3949,.F.);
#2689=ORIENTED_EDGE('',*,*,#3952,.F.);
#2690=ORIENTED_EDGE('',*,*,#3950,.F.);
#2691=ORIENTED_EDGE('',*,*,#3951,.F.);
#2692=ORIENTED_EDGE('',*,*,#3749,.F.);
#2693=ORIENTED_EDGE('',*,*,#3792,.T.);
#2694=ORIENTED_EDGE('',*,*,#3771,.F.);
#2695=ORIENTED_EDGE('',*,*,#3786,.F.);
#2696=ORIENTED_EDGE('',*,*,#3777,.F.);
#2697=ORIENTED_EDGE('',*,*,#3752,.F.);
#2698=ORIENTED_EDGE('',*,*,#3953,.T.);
#2699=ORIENTED_EDGE('',*,*,#3947,.F.);
#2700=ORIENTED_EDGE('',*,*,#3954,.F.);
#2701=ORIENTED_EDGE('',*,*,#3751,.F.);
#2702=ORIENTED_EDGE('',*,*,#3952,.T.);
#2703=ORIENTED_EDGE('',*,*,#3948,.F.);
#2704=ORIENTED_EDGE('',*,*,#3953,.F.);
#2705=ORIENTED_EDGE('',*,*,#3730,.F.);
#2706=ORIENTED_EDGE('',*,*,#3728,.F.);
#2707=ORIENTED_EDGE('',*,*,#3741,.T.);
#2708=ORIENTED_EDGE('',*,*,#3753,.F.);
#2709=ORIENTED_EDGE('',*,*,#3954,.T.);
#2710=ORIENTED_EDGE('',*,*,#3946,.F.);
#2711=ORIENTED_EDGE('',*,*,#3716,.F.);
#2712=ORIENTED_EDGE('',*,*,#3745,.F.);
#2713=ORIENTED_EDGE('',*,*,#3738,.F.);
#2714=ORIENTED_EDGE('',*,*,#3743,.F.);
#2715=ORIENTED_EDGE('',*,*,#3734,.F.);
#2716=ORIENTED_EDGE('',*,*,#3955,.F.);
#2717=ORIENTED_EDGE('',*,*,#3956,.F.);
#2718=ORIENTED_EDGE('',*,*,#3957,.T.);
#2719=ORIENTED_EDGE('',*,*,#3845,.F.);
#2720=ORIENTED_EDGE('',*,*,#3746,.F.);
#2721=ORIENTED_EDGE('',*,*,#3736,.F.);
#2722=ORIENTED_EDGE('',*,*,#3744,.F.);
#2723=ORIENTED_EDGE('',*,*,#3732,.F.);
#2724=ORIENTED_EDGE('',*,*,#3742,.F.);
#2725=ORIENTED_EDGE('',*,*,#3739,.T.);
#2726=ORIENTED_EDGE('',*,*,#3726,.F.);
#2727=ORIENTED_EDGE('',*,*,#3729,.F.);
#2728=ORIENTED_EDGE('',*,*,#3714,.F.);
#2729=ORIENTED_EDGE('',*,*,#3958,.T.);
#2730=ORIENTED_EDGE('',*,*,#3956,.T.);
#2731=ORIENTED_EDGE('',*,*,#3959,.F.);
#2732=ORIENTED_EDGE('',*,*,#3960,.F.);
#2733=ORIENTED_EDGE('',*,*,#3961,.T.);
#2734=ORIENTED_EDGE('',*,*,#3960,.T.);
#2735=ORIENTED_EDGE('',*,*,#3962,.F.);
#2736=ORIENTED_EDGE('',*,*,#3847,.T.);
#2737=ORIENTED_EDGE('',*,*,#3713,.T.);
#2738=ORIENTED_EDGE('',*,*,#3924,.F.);
#2739=ORIENTED_EDGE('',*,*,#3756,.T.);
#2740=ORIENTED_EDGE('',*,*,#3848,.F.);
#2741=ORIENTED_EDGE('',*,*,#3962,.T.);
#2742=ORIENTED_EDGE('',*,*,#3959,.T.);
#2743=ORIENTED_EDGE('',*,*,#3955,.T.);
#2744=ORIENTED_EDGE('',*,*,#3957,.F.);
#2745=ORIENTED_EDGE('',*,*,#3958,.F.);
#2746=ORIENTED_EDGE('',*,*,#3961,.F.);
#2747=ORIENTED_EDGE('',*,*,#3846,.T.);
#2748=ORIENTED_EDGE('',*,*,#3963,.F.);
#2749=ORIENTED_EDGE('',*,*,#3964,.F.);
#2750=ORIENTED_EDGE('',*,*,#3965,.F.);
#2751=ORIENTED_EDGE('',*,*,#3966,.T.);
#2752=ORIENTED_EDGE('',*,*,#3967,.F.);
#2753=ORIENTED_EDGE('',*,*,#3966,.F.);
#2754=ORIENTED_EDGE('',*,*,#3968,.F.);
#2755=ORIENTED_EDGE('',*,*,#3969,.T.);
#2756=ORIENTED_EDGE('',*,*,#3970,.T.);
#2757=ORIENTED_EDGE('',*,*,#3971,.T.);
#2758=ORIENTED_EDGE('',*,*,#3972,.F.);
#2759=ORIENTED_EDGE('',*,*,#3973,.F.);
#2760=ORIENTED_EDGE('',*,*,#3974,.T.);
#2761=ORIENTED_EDGE('',*,*,#3964,.T.);
#2762=ORIENTED_EDGE('',*,*,#3975,.T.);
#2763=ORIENTED_EDGE('',*,*,#3976,.T.);
#2764=ORIENTED_EDGE('',*,*,#3977,.T.);
#2765=ORIENTED_EDGE('',*,*,#3978,.T.);
#2766=ORIENTED_EDGE('',*,*,#3975,.F.);
#2767=ORIENTED_EDGE('',*,*,#3963,.T.);
#2768=ORIENTED_EDGE('',*,*,#3972,.T.);
#2769=ORIENTED_EDGE('',*,*,#3979,.T.);
#2770=ORIENTED_EDGE('',*,*,#3968,.T.);
#2771=ORIENTED_EDGE('',*,*,#3965,.T.);
#2772=ORIENTED_EDGE('',*,*,#3974,.F.);
#2773=ORIENTED_EDGE('',*,*,#3980,.T.);
#2774=ORIENTED_EDGE('',*,*,#3981,.T.);
#2775=ORIENTED_EDGE('',*,*,#3982,.T.);
#2776=ORIENTED_EDGE('',*,*,#3983,.T.);
#2777=ORIENTED_EDGE('',*,*,#3984,.T.);
#2778=ORIENTED_EDGE('',*,*,#3978,.F.);
#2779=ORIENTED_EDGE('',*,*,#3985,.T.);
#2780=ORIENTED_EDGE('',*,*,#3981,.F.);
#2781=ORIENTED_EDGE('',*,*,#3986,.T.);
#2782=ORIENTED_EDGE('',*,*,#3969,.F.);
#2783=ORIENTED_EDGE('',*,*,#3980,.F.);
#2784=ORIENTED_EDGE('',*,*,#3983,.F.);
#2785=ORIENTED_EDGE('',*,*,#3987,.T.);
#2786=ORIENTED_EDGE('',*,*,#3976,.F.);
#2787=ORIENTED_EDGE('',*,*,#3979,.F.);
#2788=ORIENTED_EDGE('',*,*,#3971,.F.);
#2789=ORIENTED_EDGE('',*,*,#3988,.T.);
#2790=ORIENTED_EDGE('',*,*,#3988,.F.);
#2791=ORIENTED_EDGE('',*,*,#3970,.F.);
#2792=ORIENTED_EDGE('',*,*,#3986,.F.);
#2793=ORIENTED_EDGE('',*,*,#3984,.F.);
#2794=ORIENTED_EDGE('',*,*,#3987,.F.);
#2795=ORIENTED_EDGE('',*,*,#3982,.F.);
#2796=ORIENTED_EDGE('',*,*,#3985,.F.);
#2797=ORIENTED_EDGE('',*,*,#3977,.F.);
#2798=ORIENTED_EDGE('',*,*,#3973,.T.);
#2799=ORIENTED_EDGE('',*,*,#3967,.T.);
#2800=VERTEX_POINT('',#6943);
#2801=VERTEX_POINT('',#6944);
#2802=VERTEX_POINT('',#6946);
#2803=VERTEX_POINT('',#6948);
#2804=VERTEX_POINT('',#6952);
#2805=VERTEX_POINT('',#6954);
#2806=VERTEX_POINT('',#6956);
#2807=VERTEX_POINT('',#6958);
#2808=VERTEX_POINT('',#6960);
#2809=VERTEX_POINT('',#6962);
#2810=VERTEX_POINT('',#6966);
#2811=VERTEX_POINT('',#6968);
#2812=VERTEX_POINT('',#6970);
#2813=VERTEX_POINT('',#6972);
#2814=VERTEX_POINT('',#6974);
#2815=VERTEX_POINT('',#6976);
#2816=VERTEX_POINT('',#6984);
#2817=VERTEX_POINT('',#6985);
#2818=VERTEX_POINT('',#6987);
#2819=VERTEX_POINT('',#6989);
#2820=VERTEX_POINT('',#7005);
#2821=VERTEX_POINT('',#7006);
#2822=VERTEX_POINT('',#7008);
#2823=VERTEX_POINT('',#7010);
#2824=VERTEX_POINT('',#7013);
#2825=VERTEX_POINT('',#7014);
#2826=VERTEX_POINT('',#7016);
#2827=VERTEX_POINT('',#7018);
#2828=VERTEX_POINT('',#7021);
#2829=VERTEX_POINT('',#7022);
#2830=VERTEX_POINT('',#7024);
#2831=VERTEX_POINT('',#7026);
#2832=VERTEX_POINT('',#7029);
#2833=VERTEX_POINT('',#7030);
#2834=VERTEX_POINT('',#7032);
#2835=VERTEX_POINT('',#7034);
#2836=VERTEX_POINT('',#7037);
#2837=VERTEX_POINT('',#7038);
#2838=VERTEX_POINT('',#7040);
#2839=VERTEX_POINT('',#7042);
#2840=VERTEX_POINT('',#7044);
#2841=VERTEX_POINT('',#7046);
#2842=VERTEX_POINT('',#7048);
#2843=VERTEX_POINT('',#7050);
#2844=VERTEX_POINT('',#7053);
#2845=VERTEX_POINT('',#7056);
#2846=VERTEX_POINT('',#7057);
#2847=VERTEX_POINT('',#7059);
#2848=VERTEX_POINT('',#7061);
#2849=VERTEX_POINT('',#7063);
#2850=VERTEX_POINT('',#7065);
#2851=VERTEX_POINT('',#7067);
#2852=VERTEX_POINT('',#7069);
#2853=VERTEX_POINT('',#7073);
#2854=VERTEX_POINT('',#7076);
#2855=VERTEX_POINT('',#7077);
#2856=VERTEX_POINT('',#7079);
#2857=VERTEX_POINT('',#7081);
#2858=VERTEX_POINT('',#7083);
#2859=VERTEX_POINT('',#7085);
#2860=VERTEX_POINT('',#7087);
#2861=VERTEX_POINT('',#7089);
#2862=VERTEX_POINT('',#7093);
#2863=VERTEX_POINT('',#7094);
#2864=VERTEX_POINT('',#7096);
#2865=VERTEX_POINT('',#7098);
#2866=VERTEX_POINT('',#7100);
#2867=VERTEX_POINT('',#7102);
#2868=VERTEX_POINT('',#7104);
#2869=VERTEX_POINT('',#7106);
#2870=VERTEX_POINT('',#7110);
#2871=VERTEX_POINT('',#7112);
#2872=VERTEX_POINT('',#7116);
#2873=VERTEX_POINT('',#7120);
#2874=VERTEX_POINT('',#7124);
#2875=VERTEX_POINT('',#7128);
#2876=VERTEX_POINT('',#7132);
#2877=VERTEX_POINT('',#7136);
#2878=VERTEX_POINT('',#7142);
#2879=VERTEX_POINT('',#7145);
#2880=VERTEX_POINT('',#7147);
#2881=VERTEX_POINT('',#7151);
#2882=VERTEX_POINT('',#7155);
#2883=VERTEX_POINT('',#7159);
#2884=VERTEX_POINT('',#7163);
#2885=VERTEX_POINT('',#7167);
#2886=VERTEX_POINT('',#7171);
#2887=VERTEX_POINT('',#7177);
#2888=VERTEX_POINT('',#7179);
#2889=VERTEX_POINT('',#7183);
#2890=VERTEX_POINT('',#7187);
#2891=VERTEX_POINT('',#7191);
#2892=VERTEX_POINT('',#7195);
#2893=VERTEX_POINT('',#7199);
#2894=VERTEX_POINT('',#7203);
#2895=VERTEX_POINT('',#7209);
#2896=VERTEX_POINT('',#7210);
#2897=VERTEX_POINT('',#7212);
#2898=VERTEX_POINT('',#7214);
#2899=VERTEX_POINT('',#7216);
#2900=VERTEX_POINT('',#7218);
#2901=VERTEX_POINT('',#7220);
#2902=VERTEX_POINT('',#7222);
#2903=VERTEX_POINT('',#7226);
#2904=VERTEX_POINT('',#7227);
#2905=VERTEX_POINT('',#7229);
#2906=VERTEX_POINT('',#7231);
#2907=VERTEX_POINT('',#7235);
#2908=VERTEX_POINT('',#7236);
#2909=VERTEX_POINT('',#7241);
#2910=VERTEX_POINT('',#7242);
#2911=VERTEX_POINT('',#7247);
#2912=VERTEX_POINT('',#7248);
#2913=VERTEX_POINT('',#7253);
#2914=VERTEX_POINT('',#7254);
#2915=VERTEX_POINT('',#7259);
#2916=VERTEX_POINT('',#7260);
#2917=VERTEX_POINT('',#7265);
#2918=VERTEX_POINT('',#7267);
#2919=VERTEX_POINT('',#7271);
#2920=VERTEX_POINT('',#7273);
#2921=VERTEX_POINT('',#7277);
#2922=VERTEX_POINT('',#7279);
#2923=VERTEX_POINT('',#7283);
#2924=VERTEX_POINT('',#7285);
#2925=VERTEX_POINT('',#7289);
#2926=VERTEX_POINT('',#7291);
#2927=VERTEX_POINT('',#7295);
#2928=VERTEX_POINT('',#7297);
#2929=VERTEX_POINT('',#7301);
#2930=VERTEX_POINT('',#7303);
#2931=VERTEX_POINT('',#7307);
#2932=VERTEX_POINT('',#7309);
#2933=VERTEX_POINT('',#7313);
#2934=VERTEX_POINT('',#7315);
#2935=VERTEX_POINT('',#7319);
#2936=VERTEX_POINT('',#7321);
#2937=VERTEX_POINT('',#7325);
#2938=VERTEX_POINT('',#7327);
#2939=VERTEX_POINT('',#7331);
#2940=VERTEX_POINT('',#7332);
#2941=VERTEX_POINT('',#7337);
#2942=VERTEX_POINT('',#7338);
#2943=VERTEX_POINT('',#7346);
#2944=VERTEX_POINT('',#7348);
#2945=VERTEX_POINT('',#7352);
#2946=VERTEX_POINT('',#7356);
#2947=VERTEX_POINT('',#7360);
#2948=VERTEX_POINT('',#7364);
#2949=VERTEX_POINT('',#7368);
#2950=VERTEX_POINT('',#7372);
#2951=VERTEX_POINT('',#7378);
#2952=VERTEX_POINT('',#7379);
#2953=VERTEX_POINT('',#7381);
#2954=VERTEX_POINT('',#7383);
#2955=VERTEX_POINT('',#7387);
#2956=VERTEX_POINT('',#7389);
#2957=VERTEX_POINT('',#7393);
#2958=VERTEX_POINT('',#7394);
#2959=VERTEX_POINT('',#7396);
#2960=VERTEX_POINT('',#7398);
#2961=VERTEX_POINT('',#7402);
#2962=VERTEX_POINT('',#7404);
#2963=VERTEX_POINT('',#7408);
#2964=VERTEX_POINT('',#7410);
#2965=VERTEX_POINT('',#7414);
#2966=VERTEX_POINT('',#7415);
#2967=VERTEX_POINT('',#7417);
#2968=VERTEX_POINT('',#7419);
#2969=VERTEX_POINT('',#7423);
#2970=VERTEX_POINT('',#7425);
#2971=VERTEX_POINT('',#7429);
#2972=VERTEX_POINT('',#7431);
#2973=VERTEX_POINT('',#7435);
#2974=VERTEX_POINT('',#7436);
#2975=VERTEX_POINT('',#7438);
#2976=VERTEX_POINT('',#7440);
#2977=VERTEX_POINT('',#7444);
#2978=VERTEX_POINT('',#7446);
#2979=VERTEX_POINT('',#7450);
#2980=VERTEX_POINT('',#7452);
#2981=VERTEX_POINT('',#7456);
#2982=VERTEX_POINT('',#7458);
#2983=VERTEX_POINT('',#7462);
#2984=VERTEX_POINT('',#7464);
#2985=VERTEX_POINT('',#7470);
#2986=VERTEX_POINT('',#7472);
#2987=VERTEX_POINT('',#7476);
#2988=VERTEX_POINT('',#7478);
#2989=VERTEX_POINT('',#7484);
#2990=VERTEX_POINT('',#7486);
#2991=VERTEX_POINT('',#7490);
#2992=VERTEX_POINT('',#7492);
#2993=VERTEX_POINT('',#7498);
#2994=VERTEX_POINT('',#7500);
#2995=VERTEX_POINT('',#7504);
#2996=VERTEX_POINT('',#7506);
#2997=VERTEX_POINT('',#7512);
#2998=VERTEX_POINT('',#7514);
#2999=VERTEX_POINT('',#7518);
#3000=VERTEX_POINT('',#7520);
#3001=VERTEX_POINT('',#7524);
#3002=VERTEX_POINT('',#7526);
#3003=VERTEX_POINT('',#7534);
#3004=VERTEX_POINT('',#7536);
#3005=VERTEX_POINT('',#7540);
#3006=VERTEX_POINT('',#7544);
#3007=VERTEX_POINT('',#7550);
#3008=VERTEX_POINT('',#7552);
#3009=VERTEX_POINT('',#7556);
#3010=VERTEX_POINT('',#7558);
#3011=VERTEX_POINT('',#7594);
#3012=VERTEX_POINT('',#7595);
#3013=VERTEX_POINT('',#7597);
#3014=VERTEX_POINT('',#7599);
#3015=VERTEX_POINT('',#7611);
#3016=VERTEX_POINT('',#7612);
#3017=VERTEX_POINT('',#7614);
#3018=VERTEX_POINT('',#7616);
#3019=VERTEX_POINT('',#7618);
#3020=VERTEX_POINT('',#7620);
#3021=VERTEX_POINT('',#7622);
#3022=VERTEX_POINT('',#7624);
#3023=VERTEX_POINT('',#7628);
#3024=VERTEX_POINT('',#7629);
#3025=VERTEX_POINT('',#7634);
#3026=VERTEX_POINT('',#7638);
#3027=VERTEX_POINT('',#7642);
#3028=VERTEX_POINT('',#7646);
#3029=VERTEX_POINT('',#7650);
#3030=VERTEX_POINT('',#7654);
#3031=VERTEX_POINT('',#7660);
#3032=VERTEX_POINT('',#7664);
#3033=VERTEX_POINT('',#7665);
#3034=VERTEX_POINT('',#7667);
#3035=VERTEX_POINT('',#7669);
#3036=VERTEX_POINT('',#7673);
#3037=VERTEX_POINT('',#7675);
#3038=VERTEX_POINT('',#7677);
#3039=VERTEX_POINT('',#7679);
#3040=VERTEX_POINT('',#7681);
#3041=VERTEX_POINT('',#7685);
#3042=VERTEX_POINT('',#7689);
#3043=VERTEX_POINT('',#7691);
#3044=VERTEX_POINT('',#7693);
#3045=VERTEX_POINT('',#7695);
#3046=VERTEX_POINT('',#7701);
#3047=VERTEX_POINT('',#7702);
#3048=VERTEX_POINT('',#7704);
#3049=VERTEX_POINT('',#7706);
#3050=VERTEX_POINT('',#7719);
#3051=VERTEX_POINT('',#7720);
#3052=VERTEX_POINT('',#7722);
#3053=VERTEX_POINT('',#7724);
#3054=VERTEX_POINT('',#7728);
#3055=VERTEX_POINT('',#7730);
#3056=VERTEX_POINT('',#7732);
#3057=VERTEX_POINT('',#7734);
#3058=VERTEX_POINT('',#7736);
#3059=VERTEX_POINT('',#7738);
#3060=VERTEX_POINT('',#7740);
#3061=VERTEX_POINT('',#7742);
#3062=VERTEX_POINT('',#7744);
#3063=VERTEX_POINT('',#7746);
#3064=VERTEX_POINT('',#7748);
#3065=VERTEX_POINT('',#7750);
#3066=VERTEX_POINT('',#7752);
#3067=VERTEX_POINT('',#7754);
#3068=VERTEX_POINT('',#7756);
#3069=VERTEX_POINT('',#7758);
#3070=VERTEX_POINT('',#7762);
#3071=VERTEX_POINT('',#7764);
#3072=VERTEX_POINT('',#7766);
#3073=VERTEX_POINT('',#7768);
#3074=VERTEX_POINT('',#7770);
#3075=VERTEX_POINT('',#7772);
#3076=VERTEX_POINT('',#7774);
#3077=VERTEX_POINT('',#7776);
#3078=VERTEX_POINT('',#7778);
#3079=VERTEX_POINT('',#7780);
#3080=VERTEX_POINT('',#7782);
#3081=VERTEX_POINT('',#7784);
#3082=VERTEX_POINT('',#7786);
#3083=VERTEX_POINT('',#7788);
#3084=VERTEX_POINT('',#7790);
#3085=VERTEX_POINT('',#7792);
#3086=VERTEX_POINT('',#7803);
#3087=VERTEX_POINT('',#7804);
#3088=VERTEX_POINT('',#7806);
#3089=VERTEX_POINT('',#7808);
#3090=VERTEX_POINT('',#7841);
#3091=VERTEX_POINT('',#7842);
#3092=VERTEX_POINT('',#7844);
#3093=VERTEX_POINT('',#7846);
#3094=VERTEX_POINT('',#7848);
#3095=VERTEX_POINT('',#7850);
#3096=VERTEX_POINT('',#7852);
#3097=VERTEX_POINT('',#7854);
#3098=VERTEX_POINT('',#7856);
#3099=VERTEX_POINT('',#7858);
#3100=VERTEX_POINT('',#7860);
#3101=VERTEX_POINT('',#7862);
#3102=VERTEX_POINT('',#7866);
#3103=VERTEX_POINT('',#7867);
#3104=VERTEX_POINT('',#7869);
#3105=VERTEX_POINT('',#7871);
#3106=VERTEX_POINT('',#7878);
#3107=VERTEX_POINT('',#7879);
#3108=VERTEX_POINT('',#7881);
#3109=VERTEX_POINT('',#7883);
#3110=VERTEX_POINT('',#7887);
#3111=VERTEX_POINT('',#7888);
#3112=VERTEX_POINT('',#7890);
#3113=VERTEX_POINT('',#7892);
#3114=VERTEX_POINT('',#7896);
#3115=VERTEX_POINT('',#7898);
#3116=VERTEX_POINT('',#7906);
#3117=VERTEX_POINT('',#7908);
#3118=VERTEX_POINT('',#7910);
#3119=VERTEX_POINT('',#7912);
#3120=VERTEX_POINT('',#7914);
#3121=VERTEX_POINT('',#7916);
#3122=VERTEX_POINT('',#7918);
#3123=VERTEX_POINT('',#7922);
#3124=VERTEX_POINT('',#7923);
#3125=VERTEX_POINT('',#7925);
#3126=VERTEX_POINT('',#7927);
#3127=VERTEX_POINT('',#7929);
#3128=VERTEX_POINT('',#7931);
#3129=VERTEX_POINT('',#7933);
#3130=VERTEX_POINT('',#7935);
#3131=VERTEX_POINT('',#7937);
#3132=VERTEX_POINT('',#7939);
#3133=VERTEX_POINT('',#7941);
#3134=VERTEX_POINT('',#7943);
#3135=VERTEX_POINT('',#7945);
#3136=VERTEX_POINT('',#7949);
#3137=VERTEX_POINT('',#7951);
#3138=VERTEX_POINT('',#7955);
#3139=VERTEX_POINT('',#7956);
#3140=VERTEX_POINT('',#7958);
#3141=VERTEX_POINT('',#7960);
#3142=VERTEX_POINT('',#7962);
#3143=VERTEX_POINT('',#7964);
#3144=VERTEX_POINT('',#7968);
#3145=VERTEX_POINT('',#7969);
#3146=VERTEX_POINT('',#7971);
#3147=VERTEX_POINT('',#7973);
#3148=VERTEX_POINT('',#7975);
#3149=VERTEX_POINT('',#7977);
#3150=VERTEX_POINT('',#7979);
#3151=VERTEX_POINT('',#7981);
#3152=VERTEX_POINT('',#7983);
#3153=VERTEX_POINT('',#7985);
#3154=VERTEX_POINT('',#7990);
#3155=VERTEX_POINT('',#7992);
#3156=VERTEX_POINT('',#7994);
#3157=VERTEX_POINT('',#8002);
#3158=VERTEX_POINT('',#8003);
#3159=VERTEX_POINT('',#8005);
#3160=VERTEX_POINT('',#8007);
#3161=VERTEX_POINT('',#8009);
#3162=VERTEX_POINT('',#8011);
#3163=VERTEX_POINT('',#8013);
#3164=VERTEX_POINT('',#8015);
#3165=VERTEX_POINT('',#8019);
#3166=VERTEX_POINT('',#8020);
#3167=VERTEX_POINT('',#8022);
#3168=VERTEX_POINT('',#8024);
#3169=VERTEX_POINT('',#8026);
#3170=VERTEX_POINT('',#8028);
#3171=VERTEX_POINT('',#8032);
#3172=VERTEX_POINT('',#8033);
#3173=VERTEX_POINT('',#8035);
#3174=VERTEX_POINT('',#8037);
#3175=VERTEX_POINT('',#8039);
#3176=VERTEX_POINT('',#8041);
#3177=VERTEX_POINT('',#8045);
#3178=VERTEX_POINT('',#8046);
#3179=VERTEX_POINT('',#8048);
#3180=VERTEX_POINT('',#8050);
#3181=VERTEX_POINT('',#8052);
#3182=VERTEX_POINT('',#8054);
#3183=VERTEX_POINT('',#8056);
#3184=VERTEX_POINT('',#8058);
#3185=VERTEX_POINT('',#8060);
#3186=VERTEX_POINT('',#8063);
#3187=VERTEX_POINT('',#8066);
#3188=VERTEX_POINT('',#8070);
#3189=VERTEX_POINT('',#8071);
#3190=VERTEX_POINT('',#8073);
#3191=VERTEX_POINT('',#8075);
#3192=VERTEX_POINT('',#8078);
#3193=VERTEX_POINT('',#8079);
#3194=VERTEX_POINT('',#8083);
#3195=VERTEX_POINT('',#8085);
#3196=VERTEX_POINT('',#8089);
#3197=VERTEX_POINT('',#8091);
#3198=VERTEX_POINT('',#8095);
#3199=VERTEX_POINT('',#8097);
#3200=VERTEX_POINT('',#8101);
#3201=VERTEX_POINT('',#8103);
#3202=VERTEX_POINT('',#8106);
#3203=VERTEX_POINT('',#8108);
#3204=VERTEX_POINT('',#8110);
#3205=VERTEX_POINT('',#8114);
#3206=VERTEX_POINT('',#8120);
#3207=VERTEX_POINT('',#8128);
#3208=VERTEX_POINT('',#8129);
#3209=VERTEX_POINT('',#8131);
#3210=VERTEX_POINT('',#8133);
#3211=VERTEX_POINT('',#8137);
#3212=VERTEX_POINT('',#8139);
#3213=VERTEX_POINT('',#8143);
#3214=VERTEX_POINT('',#8144);
#3215=VERTEX_POINT('',#8146);
#3216=VERTEX_POINT('',#8148);
#3217=VERTEX_POINT('',#8155);
#3218=VERTEX_POINT('',#8157);
#3219=VERTEX_POINT('',#8165);
#3220=VERTEX_POINT('',#8167);
#3221=VERTEX_POINT('',#8171);
#3222=VERTEX_POINT('',#8172);
#3223=VERTEX_POINT('',#8174);
#3224=VERTEX_POINT('',#8176);
#3225=VERTEX_POINT('',#8187);
#3226=VERTEX_POINT('',#8189);
#3227=VERTEX_POINT('',#8193);
#3228=VERTEX_POINT('',#8195);
#3229=VERTEX_POINT('',#8199);
#3230=VERTEX_POINT('',#8201);
#3231=VERTEX_POINT('',#8209);
#3232=VERTEX_POINT('',#8211);
#3233=VERTEX_POINT('',#8215);
#3234=VERTEX_POINT('',#8217);
#3235=VERTEX_POINT('',#8221);
#3236=VERTEX_POINT('',#8223);
#3237=VERTEX_POINT('',#8231);
#3238=VERTEX_POINT('',#8233);
#3239=VERTEX_POINT('',#8236);
#3240=VERTEX_POINT('',#8241);
#3241=VERTEX_POINT('',#8244);
#3242=VERTEX_POINT('',#8248);
#3243=VERTEX_POINT('',#8253);
#3244=VERTEX_POINT('',#8269);
#3245=VERTEX_POINT('',#8312);
#3246=VERTEX_POINT('',#8338);
#3247=VERTEX_POINT('',#8367);
#3248=VERTEX_POINT('',#8369);
#3249=VERTEX_POINT('',#8371);
#3250=VERTEX_POINT('',#8373);
#3251=VERTEX_POINT('',#8388);
#3252=VERTEX_POINT('',#8390);
#3253=VERTEX_POINT('',#8394);
#3254=VERTEX_POINT('',#8396);
#3255=VERTEX_POINT('',#8405);
#3256=VERTEX_POINT('',#8406);
#3257=VERTEX_POINT('',#8408);
#3258=VERTEX_POINT('',#8410);
#3259=VERTEX_POINT('',#8414);
#3260=VERTEX_POINT('',#8416);
#3261=VERTEX_POINT('',#8418);
#3262=VERTEX_POINT('',#8420);
#3263=VERTEX_POINT('',#8422);
#3264=VERTEX_POINT('',#8426);
#3265=VERTEX_POINT('',#8428);
#3266=VERTEX_POINT('',#8430);
#3267=VERTEX_POINT('',#8432);
#3268=VERTEX_POINT('',#8434);
#3269=VERTEX_POINT('',#8442);
#3270=VERTEX_POINT('',#8443);
#3271=VERTEX_POINT('',#8445);
#3272=VERTEX_POINT('',#8447);
#3273=EDGE_CURVE('',#2800,#2801,#3989,.T.);
#3274=EDGE_CURVE('',#2802,#2800,#3990,.T.);
#3275=EDGE_CURVE('',#2803,#2802,#3991,.T.);
#3276=EDGE_CURVE('',#2803,#2801,#3992,.T.);
#3277=EDGE_CURVE('',#2803,#2804,#3993,.T.);
#3278=EDGE_CURVE('',#2804,#2805,#3994,.T.);
#3279=EDGE_CURVE('',#2805,#2806,#3995,.T.);
#3280=EDGE_CURVE('',#2806,#2807,#3996,.T.);
#3281=EDGE_CURVE('',#2807,#2808,#3997,.T.);
#3282=EDGE_CURVE('',#2808,#2809,#3998,.T.);
#3283=EDGE_CURVE('',#2809,#2801,#3999,.T.);
#3284=EDGE_CURVE('',#2802,#2810,#4000,.T.);
#3285=EDGE_CURVE('',#2811,#2800,#4001,.T.);
#3286=EDGE_CURVE('',#2811,#2812,#4002,.T.);
#3287=EDGE_CURVE('',#2812,#2813,#4003,.T.);
#3288=EDGE_CURVE('',#2813,#2814,#4004,.T.);
#3289=EDGE_CURVE('',#2814,#2815,#4005,.T.);
#3290=EDGE_CURVE('',#2815,#2810,#4006,.T.);
#3291=EDGE_CURVE('',#2809,#2811,#4007,.T.);
#3292=EDGE_CURVE('',#2810,#2804,#4008,.T.);
#3293=EDGE_CURVE('',#2816,#2817,#4009,.T.);
#3294=EDGE_CURVE('',#2817,#2818,#4010,.T.);
#3295=EDGE_CURVE('',#2818,#2819,#4011,.T.);
#3296=EDGE_CURVE('',#2819,#2816,#4012,.T.);
#3297=EDGE_CURVE('',#2812,#2808,#4013,.T.);
#3298=EDGE_CURVE('',#2807,#2819,#4014,.T.);
#3299=EDGE_CURVE('',#2818,#2813,#4015,.T.);
#3300=EDGE_CURVE('',#2805,#2815,#4016,.T.);
#3301=EDGE_CURVE('',#2814,#2817,#4017,.T.);
#3302=EDGE_CURVE('',#2816,#2806,#4018,.T.);
#3303=EDGE_CURVE('',#2820,#2821,#4019,.T.);
#3304=EDGE_CURVE('',#2822,#2820,#4020,.T.);
#3305=EDGE_CURVE('',#2823,#2822,#4021,.T.);
#3306=EDGE_CURVE('',#2821,#2823,#4022,.T.);
#3307=EDGE_CURVE('',#2824,#2825,#4023,.T.);
#3308=EDGE_CURVE('',#2826,#2824,#4024,.T.);
#3309=EDGE_CURVE('',#2827,#2826,#4025,.T.);
#3310=EDGE_CURVE('',#2825,#2827,#4026,.T.);
#3311=EDGE_CURVE('',#2828,#2829,#4027,.T.);
#3312=EDGE_CURVE('',#2830,#2828,#4028,.T.);
#3313=EDGE_CURVE('',#2831,#2830,#4029,.T.);
#3314=EDGE_CURVE('',#2829,#2831,#4030,.T.);
#3315=EDGE_CURVE('',#2832,#2833,#4031,.T.);
#3316=EDGE_CURVE('',#2834,#2832,#4032,.T.);
#3317=EDGE_CURVE('',#2835,#2834,#4033,.T.);
#3318=EDGE_CURVE('',#2833,#2835,#4034,.T.);
#3319=EDGE_CURVE('',#2836,#2837,#178,.T.);
#3320=EDGE_CURVE('',#2838,#2836,#4035,.T.);
#3321=EDGE_CURVE('',#2839,#2838,#179,.T.);
#3322=EDGE_CURVE('',#2840,#2839,#4036,.T.);
#3323=EDGE_CURVE('',#2841,#2840,#180,.T.);
#3324=EDGE_CURVE('',#2842,#2841,#4037,.T.);
#3325=EDGE_CURVE('',#2843,#2842,#181,.T.);
#3326=EDGE_CURVE('',#2837,#2843,#4038,.T.);
#3327=EDGE_CURVE('',#2844,#2844,#182,.T.);
#3328=EDGE_CURVE('',#2845,#2846,#4039,.T.);
#3329=EDGE_CURVE('',#2846,#2847,#183,.T.);
#3330=EDGE_CURVE('',#2848,#2847,#4040,.T.);
#3331=EDGE_CURVE('',#2848,#2849,#184,.T.);
#3332=EDGE_CURVE('',#2850,#2849,#4041,.T.);
#3333=EDGE_CURVE('',#2850,#2851,#185,.T.);
#3334=EDGE_CURVE('',#2852,#2851,#4042,.T.);
#3335=EDGE_CURVE('',#2852,#2845,#186,.T.);
#3336=EDGE_CURVE('',#2853,#2853,#187,.T.);
#3337=EDGE_CURVE('',#2854,#2855,#4043,.T.);
#3338=EDGE_CURVE('',#2854,#2856,#188,.T.);
#3339=EDGE_CURVE('',#2857,#2856,#4044,.T.);
#3340=EDGE_CURVE('',#2857,#2858,#189,.T.);
#3341=EDGE_CURVE('',#2859,#2858,#4045,.T.);
#3342=EDGE_CURVE('',#2859,#2860,#190,.T.);
#3343=EDGE_CURVE('',#2861,#2860,#4046,.T.);
#3344=EDGE_CURVE('',#2861,#2855,#191,.T.);
#3345=EDGE_CURVE('',#2862,#2863,#4047,.T.);
#3346=EDGE_CURVE('',#2862,#2864,#192,.T.);
#3347=EDGE_CURVE('',#2865,#2864,#4048,.T.);
#3348=EDGE_CURVE('',#2865,#2866,#193,.T.);
#3349=EDGE_CURVE('',#2867,#2866,#4049,.T.);
#3350=EDGE_CURVE('',#2867,#2868,#194,.T.);
#3351=EDGE_CURVE('',#2869,#2868,#4050,.T.);
#3352=EDGE_CURVE('',#2869,#2863,#195,.T.);
#3353=EDGE_CURVE('',#2870,#2852,#4051,.T.);
#3354=EDGE_CURVE('',#2871,#2870,#196,.T.);
#3355=EDGE_CURVE('',#2845,#2871,#4052,.T.);
#3356=EDGE_CURVE('',#2871,#2872,#4053,.T.);
#3357=EDGE_CURVE('',#2872,#2846,#4054,.T.);
#3358=EDGE_CURVE('',#2873,#2872,#197,.T.);
#3359=EDGE_CURVE('',#2847,#2873,#4055,.T.);
#3360=EDGE_CURVE('',#2874,#2873,#4056,.T.);
#3361=EDGE_CURVE('',#2874,#2848,#4057,.T.);
#3362=EDGE_CURVE('',#2875,#2874,#198,.T.);
#3363=EDGE_CURVE('',#2849,#2875,#4058,.T.);
#3364=EDGE_CURVE('',#2876,#2875,#4059,.T.);
#3365=EDGE_CURVE('',#2876,#2850,#4060,.T.);
#3366=EDGE_CURVE('',#2877,#2876,#199,.T.);
#3367=EDGE_CURVE('',#2851,#2877,#4061,.T.);
#3368=EDGE_CURVE('',#2870,#2877,#4062,.T.);
#3369=EDGE_CURVE('',#2878,#2878,#200,.T.);
#3370=EDGE_CURVE('',#2879,#2861,#4063,.T.);
#3371=EDGE_CURVE('',#2880,#2879,#201,.T.);
#3372=EDGE_CURVE('',#2855,#2880,#4064,.T.);
#3373=EDGE_CURVE('',#2881,#2880,#4065,.T.);
#3374=EDGE_CURVE('',#2881,#2854,#4066,.T.);
#3375=EDGE_CURVE('',#2882,#2881,#202,.T.);
#3376=EDGE_CURVE('',#2856,#2882,#4067,.T.);
#3377=EDGE_CURVE('',#2883,#2882,#4068,.T.);
#3378=EDGE_CURVE('',#2883,#2857,#4069,.T.);
#3379=EDGE_CURVE('',#2884,#2883,#203,.T.);
#3380=EDGE_CURVE('',#2858,#2884,#4070,.T.);
#3381=EDGE_CURVE('',#2885,#2884,#4071,.T.);
#3382=EDGE_CURVE('',#2885,#2859,#4072,.T.);
#3383=EDGE_CURVE('',#2886,#2885,#204,.T.);
#3384=EDGE_CURVE('',#2860,#2886,#4073,.T.);
#3385=EDGE_CURVE('',#2879,#2886,#4074,.T.);
#3386=EDGE_CURVE('',#2887,#2869,#4075,.T.);
#3387=EDGE_CURVE('',#2888,#2887,#205,.T.);
#3388=EDGE_CURVE('',#2863,#2888,#4076,.T.);
#3389=EDGE_CURVE('',#2889,#2888,#4077,.T.);
#3390=EDGE_CURVE('',#2889,#2862,#4078,.T.);
#3391=EDGE_CURVE('',#2890,#2889,#206,.T.);
#3392=EDGE_CURVE('',#2864,#2890,#4079,.T.);
#3393=EDGE_CURVE('',#2891,#2890,#4080,.T.);
#3394=EDGE_CURVE('',#2891,#2865,#4081,.T.);
#3395=EDGE_CURVE('',#2892,#2891,#207,.T.);
#3396=EDGE_CURVE('',#2866,#2892,#4082,.T.);
#3397=EDGE_CURVE('',#2893,#2892,#4083,.T.);
#3398=EDGE_CURVE('',#2893,#2867,#4084,.T.);
#3399=EDGE_CURVE('',#2894,#2893,#208,.T.);
#3400=EDGE_CURVE('',#2868,#2894,#4085,.T.);
#3401=EDGE_CURVE('',#2887,#2894,#4086,.T.);
#3402=EDGE_CURVE('',#2895,#2896,#4087,.T.);
#3403=EDGE_CURVE('',#2896,#2897,#4088,.T.);
#3404=EDGE_CURVE('',#2897,#2898,#4089,.T.);
#3405=EDGE_CURVE('',#2898,#2899,#4090,.T.);
#3406=EDGE_CURVE('',#2899,#2900,#4091,.T.);
#3407=EDGE_CURVE('',#2900,#2901,#4092,.T.);
#3408=EDGE_CURVE('',#2901,#2902,#4093,.T.);
#3409=EDGE_CURVE('',#2902,#2895,#4094,.T.);
#3410=EDGE_CURVE('',#2903,#2904,#4095,.T.);
#3411=EDGE_CURVE('',#2905,#2904,#4096,.T.);
#3412=EDGE_CURVE('',#2906,#2905,#4097,.T.);
#3413=EDGE_CURVE('',#2903,#2906,#4098,.T.);
#3414=EDGE_CURVE('',#2907,#2908,#4099,.T.);
#3415=EDGE_CURVE('',#2904,#2908,#4100,.T.);
#3416=EDGE_CURVE('',#2907,#2903,#4101,.T.);
#3417=EDGE_CURVE('',#2909,#2910,#4102,.T.);
#3418=EDGE_CURVE('',#2908,#2910,#4103,.T.);
#3419=EDGE_CURVE('',#2907,#2909,#4104,.T.);
#3420=EDGE_CURVE('',#2911,#2912,#4105,.T.);
#3421=EDGE_CURVE('',#2910,#2912,#4106,.T.);
#3422=EDGE_CURVE('',#2911,#2909,#4107,.T.);
#3423=EDGE_CURVE('',#2913,#2914,#4108,.T.);
#3424=EDGE_CURVE('',#2912,#2914,#4109,.T.);
#3425=EDGE_CURVE('',#2911,#2913,#4110,.T.);
#3426=EDGE_CURVE('',#2915,#2916,#4111,.T.);
#3427=EDGE_CURVE('',#2914,#2916,#4112,.T.);
#3428=EDGE_CURVE('',#2913,#2915,#4113,.T.);
#3429=EDGE_CURVE('',#2917,#2915,#4114,.T.);
#3430=EDGE_CURVE('',#2918,#2917,#4115,.T.);
#3431=EDGE_CURVE('',#2916,#2918,#4116,.T.);
#3432=EDGE_CURVE('',#2919,#2917,#4117,.T.);
#3433=EDGE_CURVE('',#2920,#2919,#4118,.T.);
#3434=EDGE_CURVE('',#2918,#2920,#4119,.T.);
#3435=EDGE_CURVE('',#2921,#2919,#4120,.T.);
#3436=EDGE_CURVE('',#2922,#2921,#4121,.T.);
#3437=EDGE_CURVE('',#2920,#2922,#4122,.T.);
#3438=EDGE_CURVE('',#2923,#2921,#4123,.T.);
#3439=EDGE_CURVE('',#2924,#2923,#4124,.T.);
#3440=EDGE_CURVE('',#2922,#2924,#4125,.T.);
#3441=EDGE_CURVE('',#2925,#2923,#4126,.T.);
#3442=EDGE_CURVE('',#2926,#2925,#4127,.T.);
#3443=EDGE_CURVE('',#2924,#2926,#4128,.T.);
#3444=EDGE_CURVE('',#2925,#2927,#4129,.T.);
#3445=EDGE_CURVE('',#2928,#2927,#4130,.T.);
#3446=EDGE_CURVE('',#2926,#2928,#4131,.T.);
#3447=EDGE_CURVE('',#2929,#2927,#4132,.T.);
#3448=EDGE_CURVE('',#2930,#2929,#4133,.T.);
#3449=EDGE_CURVE('',#2928,#2930,#4134,.T.);
#3450=EDGE_CURVE('',#2929,#2931,#4135,.T.);
#3451=EDGE_CURVE('',#2932,#2931,#4136,.T.);
#3452=EDGE_CURVE('',#2930,#2932,#4137,.T.);
#3453=EDGE_CURVE('',#2933,#2931,#4138,.T.);
#3454=EDGE_CURVE('',#2934,#2933,#4139,.T.);
#3455=EDGE_CURVE('',#2932,#2934,#4140,.T.);
#3456=EDGE_CURVE('',#2935,#2933,#4141,.T.);
#3457=EDGE_CURVE('',#2936,#2935,#4142,.T.);
#3458=EDGE_CURVE('',#2934,#2936,#4143,.T.);
#3459=EDGE_CURVE('',#2937,#2935,#4144,.T.);
#3460=EDGE_CURVE('',#2937,#2938,#4145,.T.);
#3461=EDGE_CURVE('',#2936,#2938,#4146,.T.);
#3462=EDGE_CURVE('',#2939,#2940,#4147,.T.);
#3463=EDGE_CURVE('',#2938,#2940,#4148,.T.);
#3464=EDGE_CURVE('',#2939,#2937,#4149,.T.);
#3465=EDGE_CURVE('',#2941,#2942,#4150,.T.);
#3466=EDGE_CURVE('',#2940,#2942,#4151,.T.);
#3467=EDGE_CURVE('',#2941,#2939,#4152,.T.);
#3468=EDGE_CURVE('',#2942,#2905,#4153,.T.);
#3469=EDGE_CURVE('',#2941,#2906,#4154,.T.);
#3470=EDGE_CURVE('',#2902,#2943,#4155,.T.);
#3471=EDGE_CURVE('',#2944,#2943,#4156,.T.);
#3472=EDGE_CURVE('',#2895,#2944,#4157,.T.);
#3473=EDGE_CURVE('',#2944,#2945,#4158,.T.);
#3474=EDGE_CURVE('',#2896,#2945,#4159,.T.);
#3475=EDGE_CURVE('',#2946,#2945,#4160,.T.);
#3476=EDGE_CURVE('',#2946,#2897,#4161,.T.);
#3477=EDGE_CURVE('',#2947,#2898,#4162,.T.);
#3478=EDGE_CURVE('',#2947,#2946,#4163,.T.);
#3479=EDGE_CURVE('',#2948,#2899,#4164,.T.);
#3480=EDGE_CURVE('',#2948,#2947,#4165,.T.);
#3481=EDGE_CURVE('',#2949,#2900,#4166,.T.);
#3482=EDGE_CURVE('',#2949,#2948,#4167,.T.);
#3483=EDGE_CURVE('',#2950,#2949,#4168,.T.);
#3484=EDGE_CURVE('',#2901,#2950,#4169,.T.);
#3485=EDGE_CURVE('',#2950,#2943,#4170,.T.);
#3486=EDGE_CURVE('',#2951,#2952,#4171,.T.);
#3487=EDGE_CURVE('',#2953,#2951,#4172,.T.);
#3488=EDGE_CURVE('',#2953,#2954,#4173,.T.);
#3489=EDGE_CURVE('',#2954,#2952,#4174,.T.);
#3490=EDGE_CURVE('',#2955,#2951,#4175,.T.);
#3491=EDGE_CURVE('',#2955,#2956,#4176,.T.);
#3492=EDGE_CURVE('',#2956,#2953,#4177,.T.);
#3493=EDGE_CURVE('',#2957,#2958,#4178,.T.);
#3494=EDGE_CURVE('',#2958,#2959,#4179,.T.);
#3495=EDGE_CURVE('',#2960,#2959,#4180,.T.);
#3496=EDGE_CURVE('',#2957,#2960,#4181,.T.);
#3497=EDGE_CURVE('',#2961,#2960,#4182,.T.);
#3498=EDGE_CURVE('',#2962,#2961,#4183,.T.);
#3499=EDGE_CURVE('',#2962,#2957,#4184,.T.);
#3500=EDGE_CURVE('',#2963,#2961,#4185,.T.);
#3501=EDGE_CURVE('',#2963,#2964,#4186,.T.);
#3502=EDGE_CURVE('',#2964,#2962,#4187,.T.);
#3503=EDGE_CURVE('',#2965,#2966,#4188,.T.);
#3504=EDGE_CURVE('',#2966,#2967,#4189,.T.);
#3505=EDGE_CURVE('',#2968,#2967,#4190,.T.);
#3506=EDGE_CURVE('',#2965,#2968,#4191,.T.);
#3507=EDGE_CURVE('',#2969,#2968,#4192,.T.);
#3508=EDGE_CURVE('',#2970,#2969,#4193,.T.);
#3509=EDGE_CURVE('',#2970,#2965,#4194,.T.);
#3510=EDGE_CURVE('',#2971,#2969,#4195,.T.);
#3511=EDGE_CURVE('',#2971,#2972,#4196,.T.);
#3512=EDGE_CURVE('',#2972,#2970,#4197,.T.);
#3513=EDGE_CURVE('',#2973,#2974,#4198,.T.);
#3514=EDGE_CURVE('',#2974,#2975,#4199,.T.);
#3515=EDGE_CURVE('',#2976,#2975,#4200,.T.);
#3516=EDGE_CURVE('',#2973,#2976,#4201,.T.);
#3517=EDGE_CURVE('',#2977,#2976,#4202,.T.);
#3518=EDGE_CURVE('',#2978,#2977,#4203,.T.);
#3519=EDGE_CURVE('',#2978,#2973,#4204,.T.);
#3520=EDGE_CURVE('',#2979,#2977,#4205,.T.);
#3521=EDGE_CURVE('',#2979,#2980,#4206,.T.);
#3522=EDGE_CURVE('',#2980,#2978,#4207,.T.);
#3523=EDGE_CURVE('',#2954,#2981,#4208,.T.);
#3524=EDGE_CURVE('',#2981,#2982,#4209,.T.);
#3525=EDGE_CURVE('',#2952,#2982,#4210,.T.);
#3526=EDGE_CURVE('',#2983,#2955,#4211,.T.);
#3527=EDGE_CURVE('',#2984,#2983,#4212,.T.);
#3528=EDGE_CURVE('',#2956,#2984,#4213,.T.);
#3529=EDGE_CURVE('',#2981,#2956,#4214,.T.);
#3530=EDGE_CURVE('',#2985,#2981,#4215,.T.);
#3531=EDGE_CURVE('',#2985,#2986,#4216,.T.);
#3532=EDGE_CURVE('',#2982,#2986,#4217,.T.);
#3533=EDGE_CURVE('',#2987,#2963,#4218,.T.);
#3534=EDGE_CURVE('',#2988,#2987,#4219,.T.);
#3535=EDGE_CURVE('',#2964,#2988,#4220,.T.);
#3536=EDGE_CURVE('',#2958,#2964,#4221,.T.);
#3537=EDGE_CURVE('',#2989,#2958,#4222,.T.);
#3538=EDGE_CURVE('',#2989,#2990,#4223,.T.);
#3539=EDGE_CURVE('',#2959,#2990,#4224,.T.);
#3540=EDGE_CURVE('',#2991,#2971,#4225,.T.);
#3541=EDGE_CURVE('',#2992,#2991,#4226,.T.);
#3542=EDGE_CURVE('',#2972,#2992,#4227,.T.);
#3543=EDGE_CURVE('',#2966,#2972,#4228,.T.);
#3544=EDGE_CURVE('',#2993,#2966,#4229,.T.);
#3545=EDGE_CURVE('',#2993,#2994,#4230,.T.);
#3546=EDGE_CURVE('',#2967,#2994,#4231,.T.);
#3547=EDGE_CURVE('',#2995,#2979,#4232,.T.);
#3548=EDGE_CURVE('',#2996,#2995,#4233,.T.);
#3549=EDGE_CURVE('',#2980,#2996,#4234,.T.);
#3550=EDGE_CURVE('',#2974,#2980,#4235,.T.);
#3551=EDGE_CURVE('',#2997,#2974,#4236,.T.);
#3552=EDGE_CURVE('',#2997,#2998,#4237,.T.);
#3553=EDGE_CURVE('',#2975,#2998,#4238,.T.);
#3554=EDGE_CURVE('',#2831,#2999,#4239,.T.);
#3555=EDGE_CURVE('',#2830,#3000,#4240,.T.);
#3556=EDGE_CURVE('',#2999,#3000,#4241,.T.);
#3557=EDGE_CURVE('',#2828,#3001,#4242,.T.);
#3558=EDGE_CURVE('',#2829,#3002,#4243,.T.);
#3559=EDGE_CURVE('',#3001,#3002,#4244,.T.);
#3560=EDGE_CURVE('',#3002,#2999,#4245,.T.);
#3561=EDGE_CURVE('',#3000,#3001,#4246,.T.);
#3562=EDGE_CURVE('',#2822,#3003,#4247,.T.);
#3563=EDGE_CURVE('',#2820,#3004,#4248,.T.);
#3564=EDGE_CURVE('',#3003,#3004,#4249,.T.);
#3565=EDGE_CURVE('',#2823,#3005,#4250,.T.);
#3566=EDGE_CURVE('',#3005,#3003,#4251,.T.);
#3567=EDGE_CURVE('',#2821,#3006,#4252,.T.);
#3568=EDGE_CURVE('',#3006,#3005,#4253,.T.);
#3569=EDGE_CURVE('',#3004,#3006,#4254,.T.);
#3570=EDGE_CURVE('',#2827,#3007,#4255,.T.);
#3571=EDGE_CURVE('',#2826,#3008,#4256,.T.);
#3572=EDGE_CURVE('',#3007,#3008,#4257,.T.);
#3573=EDGE_CURVE('',#2824,#3009,#4258,.T.);
#3574=EDGE_CURVE('',#2825,#3010,#4259,.T.);
#3575=EDGE_CURVE('',#3009,#3010,#4260,.T.);
#3576=EDGE_CURVE('',#3010,#3007,#4261,.T.);
#3577=EDGE_CURVE('',#3008,#3009,#4262,.T.);
#3578=EDGE_CURVE('',#2990,#2983,#209,.T.);
#3579=EDGE_CURVE('',#2984,#2989,#210,.T.);
#3580=EDGE_CURVE('',#2986,#2995,#211,.T.);
#3581=EDGE_CURVE('',#2996,#2985,#212,.T.);
#3582=EDGE_CURVE('',#2998,#2991,#213,.T.);
#3583=EDGE_CURVE('',#2992,#2997,#214,.T.);
#3584=EDGE_CURVE('',#2994,#2987,#215,.T.);
#3585=EDGE_CURVE('',#2988,#2993,#216,.T.);
#3586=EDGE_CURVE('',#2839,#2989,#4263,.T.);
#3587=EDGE_CURVE('',#2984,#2838,#4264,.T.);
#3588=EDGE_CURVE('',#2841,#2993,#4265,.T.);
#3589=EDGE_CURVE('',#2988,#2840,#4266,.T.);
#3590=EDGE_CURVE('',#2843,#2997,#4267,.T.);
#3591=EDGE_CURVE('',#2992,#2842,#4268,.T.);
#3592=EDGE_CURVE('',#2836,#2985,#4269,.T.);
#3593=EDGE_CURVE('',#2996,#2837,#4270,.T.);
#3594=EDGE_CURVE('',#3011,#3012,#4271,.T.);
#3595=EDGE_CURVE('',#3012,#3013,#4272,.T.);
#3596=EDGE_CURVE('',#3013,#3014,#4273,.T.);
#3597=EDGE_CURVE('',#3014,#3011,#4274,.T.);
#3598=EDGE_CURVE('',#2834,#3013,#4275,.T.);
#3599=EDGE_CURVE('',#2832,#3014,#4276,.T.);
#3600=EDGE_CURVE('',#2835,#3012,#4277,.T.);
#3601=EDGE_CURVE('',#2833,#3011,#4278,.T.);
#3602=EDGE_CURVE('',#3015,#3016,#4279,.T.);
#3603=EDGE_CURVE('',#3016,#3017,#217,.T.);
#3604=EDGE_CURVE('',#3017,#3018,#4280,.T.);
#3605=EDGE_CURVE('',#3018,#3019,#218,.T.);
#3606=EDGE_CURVE('',#3019,#3020,#4281,.T.);
#3607=EDGE_CURVE('',#3020,#3021,#219,.T.);
#3608=EDGE_CURVE('',#3021,#3022,#4282,.T.);
#3609=EDGE_CURVE('',#3022,#3015,#220,.T.);
#3610=EDGE_CURVE('',#3023,#3024,#221,.T.);
#3611=EDGE_CURVE('',#3015,#3023,#4283,.T.);
#3612=EDGE_CURVE('',#3024,#3022,#4284,.T.);
#3613=EDGE_CURVE('',#3023,#3025,#4285,.T.);
#3614=EDGE_CURVE('',#3025,#3016,#4286,.T.);
#3615=EDGE_CURVE('',#3026,#3025,#222,.T.);
#3616=EDGE_CURVE('',#3017,#3026,#4287,.T.);
#3617=EDGE_CURVE('',#3026,#3027,#4288,.T.);
#3618=EDGE_CURVE('',#3027,#3018,#4289,.T.);
#3619=EDGE_CURVE('',#3028,#3027,#223,.T.);
#3620=EDGE_CURVE('',#3019,#3028,#4290,.T.);
#3621=EDGE_CURVE('',#3028,#3029,#4291,.T.);
#3622=EDGE_CURVE('',#3029,#3020,#4292,.T.);
#3623=EDGE_CURVE('',#3030,#3029,#224,.T.);
#3624=EDGE_CURVE('',#3021,#3030,#4293,.T.);
#3625=EDGE_CURVE('',#3030,#3024,#4294,.T.);
#3626=EDGE_CURVE('',#3031,#3031,#225,.T.);
#3627=EDGE_CURVE('',#3032,#3033,#4295,.T.);
#3628=EDGE_CURVE('',#3032,#3034,#4296,.T.);
#3629=EDGE_CURVE('',#3035,#3034,#4297,.T.);
#3630=EDGE_CURVE('',#3033,#3035,#4298,.T.);
#3631=EDGE_CURVE('',#3036,#3036,#226,.T.);
#3632=EDGE_CURVE('',#3037,#3032,#4299,.T.);
#3633=EDGE_CURVE('',#3037,#3038,#4300,.T.);
#3634=EDGE_CURVE('',#3038,#3039,#4301,.T.);
#3635=EDGE_CURVE('',#3039,#3040,#4302,.T.);
#3636=EDGE_CURVE('',#3034,#3040,#4303,.T.);
#3637=EDGE_CURVE('',#3041,#3033,#4304,.T.);
#3638=EDGE_CURVE('',#3041,#3037,#4305,.T.);
#3639=EDGE_CURVE('',#3042,#3042,#227,.T.);
#3640=EDGE_CURVE('',#3035,#3043,#4306,.T.);
#3641=EDGE_CURVE('',#3043,#3044,#4307,.T.);
#3642=EDGE_CURVE('',#3044,#3045,#4308,.T.);
#3643=EDGE_CURVE('',#3045,#3041,#4309,.T.);
#3644=EDGE_CURVE('',#3040,#3043,#4310,.T.);
#3645=EDGE_CURVE('',#3046,#3047,#4311,.T.);
#3646=EDGE_CURVE('',#3047,#3048,#4312,.T.);
#3647=EDGE_CURVE('',#3048,#3049,#4313,.T.);
#3648=EDGE_CURVE('',#3049,#3046,#4314,.T.);
#3649=EDGE_CURVE('',#3045,#3047,#4315,.T.);
#3650=EDGE_CURVE('',#3046,#3038,#4316,.T.);
#3651=EDGE_CURVE('',#3048,#3044,#4317,.T.);
#3652=EDGE_CURVE('',#3039,#3049,#4318,.T.);
#3653=EDGE_CURVE('',#3050,#3051,#4319,.T.);
#3654=EDGE_CURVE('',#3050,#3052,#4320,.T.);
#3655=EDGE_CURVE('',#3053,#3052,#4321,.T.);
#3656=EDGE_CURVE('',#3051,#3053,#4322,.T.);
#3657=EDGE_CURVE('',#3051,#3054,#4323,.T.);
#3658=EDGE_CURVE('',#3055,#3053,#4324,.T.);
#3659=EDGE_CURVE('',#3055,#3056,#4325,.T.);
#3660=EDGE_CURVE('',#3056,#3057,#228,.T.);
#3661=EDGE_CURVE('',#3057,#3058,#4326,.T.);
#3662=EDGE_CURVE('',#3058,#3059,#229,.T.);
#3663=EDGE_CURVE('',#3059,#3060,#4327,.T.);
#3664=EDGE_CURVE('',#3061,#3060,#4328,.T.);
#3665=EDGE_CURVE('',#3061,#3062,#4329,.T.);
#3666=EDGE_CURVE('',#3062,#3063,#4330,.T.);
#3667=EDGE_CURVE('',#3063,#3064,#4331,.T.);
#3668=EDGE_CURVE('',#3065,#3064,#4332,.T.);
#3669=EDGE_CURVE('',#3066,#3065,#4333,.T.);
#3670=EDGE_CURVE('',#3066,#3067,#230,.T.);
#3671=EDGE_CURVE('',#3068,#3067,#4334,.T.);
#3672=EDGE_CURVE('',#3068,#3069,#231,.T.);
#3673=EDGE_CURVE('',#3054,#3069,#4335,.T.);
#3674=EDGE_CURVE('',#3050,#3070,#4336,.T.);
#3675=EDGE_CURVE('',#3070,#3071,#4337,.T.);
#3676=EDGE_CURVE('',#3071,#3072,#232,.T.);
#3677=EDGE_CURVE('',#3072,#3073,#4338,.T.);
#3678=EDGE_CURVE('',#3073,#3074,#233,.T.);
#3679=EDGE_CURVE('',#3074,#3075,#4339,.T.);
#3680=EDGE_CURVE('',#3075,#3076,#4340,.T.);
#3681=EDGE_CURVE('',#3076,#3077,#4341,.T.);
#3682=EDGE_CURVE('',#3077,#3078,#4342,.T.);
#3683=EDGE_CURVE('',#3078,#3079,#4343,.T.);
#3684=EDGE_CURVE('',#3079,#3080,#4344,.T.);
#3685=EDGE_CURVE('',#3081,#3080,#4345,.T.);
#3686=EDGE_CURVE('',#3081,#3082,#234,.T.);
#3687=EDGE_CURVE('',#3083,#3082,#4346,.T.);
#3688=EDGE_CURVE('',#3083,#3084,#235,.T.);
#3689=EDGE_CURVE('',#3085,#3084,#4347,.T.);
#3690=EDGE_CURVE('',#3085,#3052,#4348,.T.);
#3691=EDGE_CURVE('',#3054,#3070,#4349,.T.);
#3692=EDGE_CURVE('',#3055,#3085,#4350,.T.);
#3693=EDGE_CURVE('',#3075,#3065,#4351,.T.);
#3694=EDGE_CURVE('',#3064,#3076,#4352,.T.);
#3695=EDGE_CURVE('',#3086,#3087,#4353,.T.);
#3696=EDGE_CURVE('',#3087,#3088,#4354,.T.);
#3697=EDGE_CURVE('',#3088,#3089,#4355,.T.);
#3698=EDGE_CURVE('',#3089,#3086,#4356,.T.);
#3699=EDGE_CURVE('',#3080,#3060,#4357,.T.);
#3700=EDGE_CURVE('',#3079,#3061,#4358,.T.);
#3701=EDGE_CURVE('',#3088,#3077,#4359,.T.);
#3702=EDGE_CURVE('',#3063,#3089,#4360,.T.);
#3703=EDGE_CURVE('',#3078,#3087,#4361,.T.);
#3704=EDGE_CURVE('',#3086,#3062,#4362,.T.);
#3705=EDGE_CURVE('',#3072,#3068,#4363,.T.);
#3706=EDGE_CURVE('',#3067,#3073,#4364,.T.);
#3707=EDGE_CURVE('',#3074,#3066,#4365,.T.);
#3708=EDGE_CURVE('',#3069,#3071,#4366,.T.);
#3709=EDGE_CURVE('',#3084,#3056,#4367,.T.);
#3710=EDGE_CURVE('',#3082,#3058,#4368,.T.);
#3711=EDGE_CURVE('',#3057,#3083,#4369,.T.);
#3712=EDGE_CURVE('',#3059,#3081,#4370,.T.);
#3713=EDGE_CURVE('',#3090,#3091,#4371,.T.);
#3714=EDGE_CURVE('',#3090,#3092,#4372,.T.);
#3715=EDGE_CURVE('',#3092,#3093,#4373,.T.);
#3716=EDGE_CURVE('',#3093,#3094,#4374,.T.);
#3717=EDGE_CURVE('',#3095,#3094,#4375,.T.);
#3718=EDGE_CURVE('',#3095,#3096,#4376,.T.);
#3719=EDGE_CURVE('',#3096,#3097,#4377,.T.);
#3720=EDGE_CURVE('',#3097,#3098,#4378,.T.);
#3721=EDGE_CURVE('',#3099,#3098,#4379,.T.);
#3722=EDGE_CURVE('',#3100,#3099,#4380,.T.);
#3723=EDGE_CURVE('',#3100,#3101,#4381,.T.);
#3724=EDGE_CURVE('',#3101,#3091,#4382,.T.);
#3725=EDGE_CURVE('',#3102,#3103,#4383,.T.);
#3726=EDGE_CURVE('',#3102,#3104,#4384,.T.);
#3727=EDGE_CURVE('',#3104,#3105,#4385,.T.);
#3728=EDGE_CURVE('',#3105,#3103,#4386,.T.);
#3729=EDGE_CURVE('',#3092,#3102,#4387,.T.);
#3730=EDGE_CURVE('',#3103,#3093,#4388,.T.);
#3731=EDGE_CURVE('',#3106,#3107,#4389,.T.);
#3732=EDGE_CURVE('',#3106,#3108,#236,.T.);
#3733=EDGE_CURVE('',#3108,#3109,#4390,.T.);
#3734=EDGE_CURVE('',#3109,#3107,#237,.T.);
#3735=EDGE_CURVE('',#3110,#3111,#4391,.T.);
#3736=EDGE_CURVE('',#3110,#3112,#238,.T.);
#3737=EDGE_CURVE('',#3112,#3113,#4392,.T.);
#3738=EDGE_CURVE('',#3113,#3111,#239,.T.);
#3739=EDGE_CURVE('',#3114,#3104,#240,.T.);
#3740=EDGE_CURVE('',#3115,#3114,#4393,.T.);
#3741=EDGE_CURVE('',#3105,#3115,#241,.T.);
#3742=EDGE_CURVE('',#3114,#3106,#4394,.T.);
#3743=EDGE_CURVE('',#3107,#3109,#4395,.T.);
#3744=EDGE_CURVE('',#3108,#3110,#4396,.T.);
#3745=EDGE_CURVE('',#3111,#3113,#4397,.T.);
#3746=EDGE_CURVE('',#3112,#3116,#4398,.T.);
#3747=EDGE_CURVE('',#3116,#3117,#4399,.T.);
#3748=EDGE_CURVE('',#3117,#3118,#4400,.T.);
#3749=EDGE_CURVE('',#3118,#3119,#4401,.T.);
#3750=EDGE_CURVE('',#3119,#3120,#4402,.T.);
#3751=EDGE_CURVE('',#3120,#3121,#4403,.T.);
#3752=EDGE_CURVE('',#3121,#3122,#4404,.T.);
#3753=EDGE_CURVE('',#3122,#3115,#4405,.T.);
#3754=EDGE_CURVE('',#3123,#3124,#4406,.T.);
#3755=EDGE_CURVE('',#3124,#3125,#4407,.T.);
#3756=EDGE_CURVE('',#3126,#3125,#4408,.T.);
#3757=EDGE_CURVE('',#3126,#3127,#4409,.T.);
#3758=EDGE_CURVE('',#3127,#3128,#4410,.T.);
#3759=EDGE_CURVE('',#3128,#3129,#4411,.T.);
#3760=EDGE_CURVE('',#3129,#3130,#4412,.T.);
#3761=EDGE_CURVE('',#3131,#3130,#4413,.T.);
#3762=EDGE_CURVE('',#3131,#3132,#4414,.T.);
#3763=EDGE_CURVE('',#3132,#3133,#4415,.T.);
#3764=EDGE_CURVE('',#3133,#3134,#4416,.T.);
#3765=EDGE_CURVE('',#3135,#3134,#4417,.T.);
#3766=EDGE_CURVE('',#3123,#3135,#4418,.T.);
#3767=EDGE_CURVE('',#3136,#3124,#4419,.T.);
#3768=EDGE_CURVE('',#3137,#3123,#4420,.T.);
#3769=EDGE_CURVE('',#3136,#3137,#4421,.T.);
#3770=EDGE_CURVE('',#3138,#3139,#4422,.T.);
#3771=EDGE_CURVE('',#3138,#3140,#4423,.T.);
#3772=EDGE_CURVE('',#3140,#3141,#4424,.T.);
#3773=EDGE_CURVE('',#3141,#3142,#4425,.T.);
#3774=EDGE_CURVE('',#3142,#3143,#4426,.T.);
#3775=EDGE_CURVE('',#3143,#3139,#4427,.T.);
#3776=EDGE_CURVE('',#3144,#3145,#4428,.T.);
#3777=EDGE_CURVE('',#3144,#3146,#4429,.T.);
#3778=EDGE_CURVE('',#3146,#3147,#4430,.T.);
#3779=EDGE_CURVE('',#3147,#3148,#4431,.T.);
#3780=EDGE_CURVE('',#3148,#3149,#4432,.T.);
#3781=EDGE_CURVE('',#3149,#3150,#4433,.T.);
#3782=EDGE_CURVE('',#3151,#3150,#4434,.T.);
#3783=EDGE_CURVE('',#3152,#3151,#4435,.T.);
#3784=EDGE_CURVE('',#3152,#3153,#4436,.T.);
#3785=EDGE_CURVE('',#3153,#3145,#4437,.T.);
#3786=EDGE_CURVE('',#3146,#3138,#4438,.T.);
#3787=EDGE_CURVE('',#3139,#3154,#4439,.T.);
#3788=EDGE_CURVE('',#3155,#3154,#4440,.T.);
#3789=EDGE_CURVE('',#3156,#3155,#4441,.T.);
#3790=EDGE_CURVE('',#3156,#3134,#4442,.T.);
#3791=EDGE_CURVE('',#3133,#3147,#242,.T.);
#3792=EDGE_CURVE('',#3118,#3140,#243,.T.);
#3793=EDGE_CURVE('',#3141,#3117,#244,.T.);
#3794=EDGE_CURVE('',#3157,#3158,#4443,.T.);
#3795=EDGE_CURVE('',#3157,#3159,#4444,.T.);
#3796=EDGE_CURVE('',#3159,#3160,#4445,.T.);
#3797=EDGE_CURVE('',#3161,#3160,#4446,.T.);
#3798=EDGE_CURVE('',#3162,#3161,#4447,.T.);
#3799=EDGE_CURVE('',#3162,#3163,#4448,.T.);
#3800=EDGE_CURVE('',#3163,#3164,#4449,.T.);
#3801=EDGE_CURVE('',#3164,#3158,#4450,.T.);
#3802=EDGE_CURVE('',#3165,#3166,#4451,.T.);
#3803=EDGE_CURVE('',#3166,#3167,#4452,.T.);
#3804=EDGE_CURVE('',#3167,#3168,#4453,.T.);
#3805=EDGE_CURVE('',#3168,#3169,#4454,.T.);
#3806=EDGE_CURVE('',#3170,#3169,#4455,.T.);
#3807=EDGE_CURVE('',#3170,#3165,#4456,.T.);
#3808=EDGE_CURVE('',#3171,#3172,#4457,.T.);
#3809=EDGE_CURVE('',#3172,#3173,#4458,.T.);
#3810=EDGE_CURVE('',#3173,#3174,#4459,.T.);
#3811=EDGE_CURVE('',#3174,#3175,#4460,.T.);
#3812=EDGE_CURVE('',#3175,#3176,#4461,.T.);
#3813=EDGE_CURVE('',#3171,#3176,#4462,.T.);
#3814=EDGE_CURVE('',#3177,#3178,#4463,.T.);
#3815=EDGE_CURVE('',#3178,#3179,#4464,.T.);
#3816=EDGE_CURVE('',#3179,#3180,#245,.T.);
#3817=EDGE_CURVE('',#3180,#3181,#4465,.T.);
#3818=EDGE_CURVE('',#3181,#3182,#246,.T.);
#3819=EDGE_CURVE('',#3182,#3183,#4466,.T.);
#3820=EDGE_CURVE('',#3183,#3184,#247,.T.);
#3821=EDGE_CURVE('',#3184,#3185,#4467,.T.);
#3822=EDGE_CURVE('',#3185,#3177,#4468,.T.);
#3823=EDGE_CURVE('',#3186,#3186,#248,.T.);
#3824=EDGE_CURVE('',#3187,#3143,#4469,.T.);
#3825=EDGE_CURVE('',#3187,#3154,#4470,.T.);
#3826=EDGE_CURVE('',#3188,#3189,#4471,.T.);
#3827=EDGE_CURVE('',#3189,#3190,#4472,.T.);
#3828=EDGE_CURVE('',#3190,#3191,#4473,.T.);
#3829=EDGE_CURVE('',#3191,#3188,#4474,.T.);
#3830=EDGE_CURVE('',#3192,#3193,#4475,.T.);
#3831=EDGE_CURVE('',#3193,#3170,#249,.T.);
#3832=EDGE_CURVE('',#3169,#3171,#250,.T.);
#3833=EDGE_CURVE('',#3176,#3194,#251,.T.);
#3834=EDGE_CURVE('',#3194,#3195,#4476,.T.);
#3835=EDGE_CURVE('',#3195,#3192,#252,.T.);
#3836=EDGE_CURVE('',#3194,#3196,#4477,.T.);
#3837=EDGE_CURVE('',#3196,#3197,#4478,.T.);
#3838=EDGE_CURVE('',#3197,#3195,#4479,.T.);
#3839=EDGE_CURVE('',#3192,#3198,#4480,.T.);
#3840=EDGE_CURVE('',#3198,#3199,#4481,.T.);
#3841=EDGE_CURVE('',#3199,#3193,#4482,.T.);
#3842=EDGE_CURVE('',#3200,#3136,#4483,.T.);
#3843=EDGE_CURVE('',#3200,#3201,#4484,.T.);
#3844=EDGE_CURVE('',#3201,#3116,#4485,.T.);
#3845=EDGE_CURVE('',#3116,#3202,#4486,.T.);
#3846=EDGE_CURVE('',#3203,#3202,#4487,.T.);
#3847=EDGE_CURVE('',#3204,#3203,#4488,.T.);
#3848=EDGE_CURVE('',#3204,#3125,#4489,.T.);
#3849=EDGE_CURVE('',#3205,#3135,#4490,.T.);
#3850=EDGE_CURVE('',#3205,#3137,#4491,.T.);
#3851=EDGE_CURVE('',#3156,#3205,#4492,.T.);
#3852=EDGE_CURVE('',#3187,#3206,#4493,.T.);
#3853=EDGE_CURVE('',#3155,#3206,#4494,.T.);
#3854=EDGE_CURVE('',#3206,#3200,#4495,.T.);
#3855=EDGE_CURVE('',#3201,#3142,#4496,.T.);
#3856=EDGE_CURVE('',#3207,#3208,#4497,.T.);
#3857=EDGE_CURVE('',#3208,#3209,#4498,.T.);
#3858=EDGE_CURVE('',#3209,#3210,#4499,.T.);
#3859=EDGE_CURVE('',#3207,#3210,#4500,.T.);
#3860=EDGE_CURVE('',#3210,#3211,#4501,.T.);
#3861=EDGE_CURVE('',#3211,#3212,#4502,.T.);
#3862=EDGE_CURVE('',#3212,#3207,#4503,.T.);
#3863=EDGE_CURVE('',#3213,#3214,#4504,.T.);
#3864=EDGE_CURVE('',#3215,#3213,#4505,.T.);
#3865=EDGE_CURVE('',#3215,#3216,#4506,.T.);
#3866=EDGE_CURVE('',#3216,#3214,#4507,.T.);
#3867=EDGE_CURVE('',#3216,#3162,#4508,.T.);
#3868=EDGE_CURVE('',#3214,#3161,#4509,.T.);
#3869=EDGE_CURVE('',#3217,#3213,#4510,.T.);
#3870=EDGE_CURVE('',#3217,#3218,#4511,.T.);
#3871=EDGE_CURVE('',#3218,#3215,#4512,.T.);
#3872=EDGE_CURVE('',#3218,#3163,#4513,.T.);
#3873=EDGE_CURVE('',#3160,#3217,#4514,.T.);
#3874=EDGE_CURVE('',#3219,#3129,#4515,.T.);
#3875=EDGE_CURVE('',#3219,#3220,#4516,.T.);
#3876=EDGE_CURVE('',#3220,#3130,#4517,.T.);
#3877=EDGE_CURVE('',#3221,#3222,#4518,.T.);
#3878=EDGE_CURVE('',#3221,#3223,#4519,.T.);
#3879=EDGE_CURVE('',#3223,#3224,#4520,.T.);
#3880=EDGE_CURVE('',#3222,#3224,#4521,.T.);
#3881=EDGE_CURVE('',#3224,#3220,#4522,.T.);
#3882=EDGE_CURVE('',#3222,#3219,#4523,.T.);
#3883=EDGE_CURVE('',#3128,#3221,#4524,.T.);
#3884=EDGE_CURVE('',#3223,#3131,#4525,.T.);
#3885=EDGE_CURVE('',#3099,#3225,#4526,.T.);
#3886=EDGE_CURVE('',#3098,#3226,#4527,.T.);
#3887=EDGE_CURVE('',#3226,#3225,#4528,.T.);
#3888=EDGE_CURVE('',#3225,#3227,#4529,.T.);
#3889=EDGE_CURVE('',#3226,#3228,#4530,.T.);
#3890=EDGE_CURVE('',#3228,#3227,#4531,.T.);
#3891=EDGE_CURVE('',#3229,#3228,#4532,.T.);
#3892=EDGE_CURVE('',#3229,#3230,#4533,.T.);
#3893=EDGE_CURVE('',#3230,#3227,#4534,.T.);
#3894=EDGE_CURVE('',#3097,#3229,#4535,.T.);
#3895=EDGE_CURVE('',#3230,#3100,#4536,.T.);
#3896=EDGE_CURVE('',#3151,#3231,#4537,.T.);
#3897=EDGE_CURVE('',#3150,#3232,#4538,.T.);
#3898=EDGE_CURVE('',#3232,#3231,#4539,.T.);
#3899=EDGE_CURVE('',#3231,#3233,#4540,.T.);
#3900=EDGE_CURVE('',#3232,#3234,#4541,.T.);
#3901=EDGE_CURVE('',#3234,#3233,#4542,.T.);
#3902=EDGE_CURVE('',#3235,#3234,#4543,.T.);
#3903=EDGE_CURVE('',#3235,#3236,#4544,.T.);
#3904=EDGE_CURVE('',#3236,#3233,#4545,.T.);
#3905=EDGE_CURVE('',#3149,#3235,#4546,.T.);
#3906=EDGE_CURVE('',#3236,#3152,#4547,.T.);
#3907=EDGE_CURVE('',#3237,#3237,#253,.T.);
#3908=EDGE_CURVE('',#3238,#3238,#254,.T.);
#3909=EDGE_CURVE('',#3239,#3239,#255,.T.);
#3910=EDGE_CURVE('',#3096,#3240,#105,.T.);
#3911=EDGE_CURVE('',#3188,#3240,#4548,.T.);
#3912=EDGE_CURVE('',#3241,#3191,#4549,.T.);
#3913=EDGE_CURVE('',#3241,#3101,#106,.T.);
#3914=EDGE_CURVE('',#3159,#3242,#107,.T.);
#3915=EDGE_CURVE('',#3189,#3242,#4550,.T.);
#3916=EDGE_CURVE('',#3240,#3164,#108,.T.);
#3917=EDGE_CURVE('',#3243,#3190,#4551,.T.);
#3918=EDGE_CURVE('',#3243,#3132,#109,.T.);
#3919=EDGE_CURVE('',#3127,#3241,#110,.T.);
#3920=EDGE_CURVE('',#3148,#3243,#111,.T.);
#3921=EDGE_CURVE('',#3242,#3153,#112,.T.);
#3922=EDGE_CURVE('',#3157,#3145,#256,.T.);
#3923=EDGE_CURVE('',#3095,#3158,#257,.T.);
#3924=EDGE_CURVE('',#3126,#3091,#258,.T.);
#3925=EDGE_CURVE('',#3212,#3244,#4552,.T.);
#3926=EDGE_CURVE('',#3244,#3168,#113,.T.);
#3927=EDGE_CURVE('',#3167,#3208,#114,.T.);
#3928=EDGE_CURVE('',#3199,#3165,#259,.T.);
#3929=EDGE_CURVE('',#3244,#3172,#104,.T.);
#3930=EDGE_CURVE('',#3175,#3196,#260,.T.);
#3931=EDGE_CURVE('',#3197,#3198,#261,.T.);
#3932=EDGE_CURVE('',#3180,#3199,#262,.T.);
#3933=EDGE_CURVE('',#3165,#3179,#263,.T.);
#3934=EDGE_CURVE('',#3245,#3178,#115,.T.);
#3935=EDGE_CURVE('',#3245,#3166,#116,.T.);
#3936=EDGE_CURVE('',#3181,#3198,#264,.T.);
#3937=EDGE_CURVE('',#3209,#3245,#117,.T.);
#3938=EDGE_CURVE('',#3210,#3177,#118,.T.);
#3939=EDGE_CURVE('',#3182,#3197,#265,.T.);
#3940=EDGE_CURVE('',#3246,#3185,#119,.T.);
#3941=EDGE_CURVE('',#3246,#3211,#120,.T.);
#3942=EDGE_CURVE('',#3183,#3196,#266,.T.);
#3943=EDGE_CURVE('',#3174,#3246,#121,.T.);
#3944=EDGE_CURVE('',#3175,#3184,#267,.T.);
#3945=EDGE_CURVE('',#3212,#3173,#122,.T.);
#3946=EDGE_CURVE('',#3094,#3247,#4553,.T.);
#3947=EDGE_CURVE('',#3247,#3248,#4554,.T.);
#3948=EDGE_CURVE('',#3248,#3249,#4555,.T.);
#3949=EDGE_CURVE('',#3249,#3250,#4556,.T.);
#3950=EDGE_CURVE('',#3250,#3144,#4557,.T.);
#3951=EDGE_CURVE('',#3119,#3250,#4558,.T.);
#3952=EDGE_CURVE('',#3120,#3249,#4559,.T.);
#3953=EDGE_CURVE('',#3121,#3248,#4560,.T.);
#3954=EDGE_CURVE('',#3122,#3247,#4561,.T.);
#3955=EDGE_CURVE('',#3251,#3090,#4562,.T.);
#3956=EDGE_CURVE('',#3252,#3251,#4563,.T.);
#3957=EDGE_CURVE('',#3252,#3202,#4564,.T.);
#3958=EDGE_CURVE('',#3253,#3252,#4565,.T.);
#3959=EDGE_CURVE('',#3254,#3251,#4566,.T.);
#3960=EDGE_CURVE('',#3253,#3254,#4567,.T.);
#3961=EDGE_CURVE('',#3203,#3253,#4568,.T.);
#3962=EDGE_CURVE('',#3204,#3254,#4569,.T.);
#3963=EDGE_CURVE('',#3255,#3256,#4570,.T.);
#3964=EDGE_CURVE('',#3257,#3255,#4571,.T.);
#3965=EDGE_CURVE('',#3258,#3257,#4572,.T.);
#3966=EDGE_CURVE('',#3258,#3256,#4573,.T.);
#3967=EDGE_CURVE('',#3259,#3259,#268,.T.);
#3968=EDGE_CURVE('',#3260,#3258,#4574,.T.);
#3969=EDGE_CURVE('',#3260,#3261,#4575,.T.);
#3970=EDGE_CURVE('',#3261,#3262,#4576,.T.);
#3971=EDGE_CURVE('',#3262,#3263,#4577,.T.);
#3972=EDGE_CURVE('',#3256,#3263,#4578,.T.);
#3973=EDGE_CURVE('',#3264,#3264,#269,.T.);
#3974=EDGE_CURVE('',#3265,#3257,#4579,.T.);
#3975=EDGE_CURVE('',#3255,#3266,#4580,.T.);
#3976=EDGE_CURVE('',#3266,#3267,#4581,.T.);
#3977=EDGE_CURVE('',#3267,#3268,#4582,.T.);
#3978=EDGE_CURVE('',#3268,#3265,#4583,.T.);
#3979=EDGE_CURVE('',#3263,#3266,#4584,.T.);
#3980=EDGE_CURVE('',#3265,#3260,#4585,.T.);
#3981=EDGE_CURVE('',#3269,#3270,#4586,.T.);
#3982=EDGE_CURVE('',#3270,#3271,#4587,.T.);
#3983=EDGE_CURVE('',#3271,#3272,#4588,.T.);
#3984=EDGE_CURVE('',#3272,#3269,#4589,.T.);
#3985=EDGE_CURVE('',#3268,#3270,#4590,.T.);
#3986=EDGE_CURVE('',#3269,#3261,#4591,.T.);
#3987=EDGE_CURVE('',#3271,#3267,#4592,.T.);
#3988=EDGE_CURVE('',#3262,#3272,#4593,.T.);
#3989=LINE('',#6942,#4594);
#3990=LINE('',#6945,#4595);
#3991=LINE('',#6947,#4596);
#3992=LINE('',#6949,#4597);
#3993=LINE('',#6951,#4598);
#3994=LINE('',#6953,#4599);
#3995=LINE('',#6955,#4600);
#3996=LINE('',#6957,#4601);
#3997=LINE('',#6959,#4602);
#3998=LINE('',#6961,#4603);
#3999=LINE('',#6963,#4604);
#4000=LINE('',#6965,#4605);
#4001=LINE('',#6967,#4606);
#4002=LINE('',#6969,#4607);
#4003=LINE('',#6971,#4608);
#4004=LINE('',#6973,#4609);
#4005=LINE('',#6975,#4610);
#4006=LINE('',#6977,#4611);
#4007=LINE('',#6979,#4612);
#4008=LINE('',#6981,#4613);
#4009=LINE('',#6983,#4614);
#4010=LINE('',#6986,#4615);
#4011=LINE('',#6988,#4616);
#4012=LINE('',#6990,#4617);
#4013=LINE('',#6992,#4618);
#4014=LINE('',#6993,#4619);
#4015=LINE('',#6994,#4620);
#4016=LINE('',#6996,#4621);
#4017=LINE('',#6997,#4622);
#4018=LINE('',#6998,#4623);
#4019=LINE('',#7004,#4624);
#4020=LINE('',#7007,#4625);
#4021=LINE('',#7009,#4626);
#4022=LINE('',#7011,#4627);
#4023=LINE('',#7012,#4628);
#4024=LINE('',#7015,#4629);
#4025=LINE('',#7017,#4630);
#4026=LINE('',#7019,#4631);
#4027=LINE('',#7020,#4632);
#4028=LINE('',#7023,#4633);
#4029=LINE('',#7025,#4634);
#4030=LINE('',#7027,#4635);
#4031=LINE('',#7028,#4636);
#4032=LINE('',#7031,#4637);
#4033=LINE('',#7033,#4638);
#4034=LINE('',#7035,#4639);
#4035=LINE('',#7039,#4640);
#4036=LINE('',#7043,#4641);
#4037=LINE('',#7047,#4642);
#4038=LINE('',#7051,#4643);
#4039=LINE('',#7055,#4644);
#4040=LINE('',#7060,#4645);
#4041=LINE('',#7064,#4646);
#4042=LINE('',#7068,#4647);
#4043=LINE('',#7075,#4648);
#4044=LINE('',#7080,#4649);
#4045=LINE('',#7084,#4650);
#4046=LINE('',#7088,#4651);
#4047=LINE('',#7092,#4652);
#4048=LINE('',#7097,#4653);
#4049=LINE('',#7101,#4654);
#4050=LINE('',#7105,#4655);
#4051=LINE('',#7109,#4656);
#4052=LINE('',#7113,#4657);
#4053=LINE('',#7115,#4658);
#4054=LINE('',#7117,#4659);
#4055=LINE('',#7121,#4660);
#4056=LINE('',#7123,#4661);
#4057=LINE('',#7125,#4662);
#4058=LINE('',#7129,#4663);
#4059=LINE('',#7131,#4664);
#4060=LINE('',#7133,#4665);
#4061=LINE('',#7137,#4666);
#4062=LINE('',#7139,#4667);
#4063=LINE('',#7144,#4668);
#4064=LINE('',#7148,#4669);
#4065=LINE('',#7150,#4670);
#4066=LINE('',#7152,#4671);
#4067=LINE('',#7156,#4672);
#4068=LINE('',#7158,#4673);
#4069=LINE('',#7160,#4674);
#4070=LINE('',#7164,#4675);
#4071=LINE('',#7166,#4676);
#4072=LINE('',#7168,#4677);
#4073=LINE('',#7172,#4678);
#4074=LINE('',#7174,#4679);
#4075=LINE('',#7176,#4680);
#4076=LINE('',#7180,#4681);
#4077=LINE('',#7182,#4682);
#4078=LINE('',#7184,#4683);
#4079=LINE('',#7188,#4684);
#4080=LINE('',#7190,#4685);
#4081=LINE('',#7192,#4686);
#4082=LINE('',#7196,#4687);
#4083=LINE('',#7198,#4688);
#4084=LINE('',#7200,#4689);
#4085=LINE('',#7204,#4690);
#4086=LINE('',#7206,#4691);
#4087=LINE('',#7208,#4692);
#4088=LINE('',#7211,#4693);
#4089=LINE('',#7213,#4694);
#4090=LINE('',#7215,#4695);
#4091=LINE('',#7217,#4696);
#4092=LINE('',#7219,#4697);
#4093=LINE('',#7221,#4698);
#4094=LINE('',#7223,#4699);
#4095=LINE('',#7225,#4700);
#4096=LINE('',#7228,#4701);
#4097=LINE('',#7230,#4702);
#4098=LINE('',#7232,#4703);
#4099=LINE('',#7234,#4704);
#4100=LINE('',#7237,#4705);
#4101=LINE('',#7238,#4706);
#4102=LINE('',#7240,#4707);
#4103=LINE('',#7243,#4708);
#4104=LINE('',#7244,#4709);
#4105=LINE('',#7246,#4710);
#4106=LINE('',#7249,#4711);
#4107=LINE('',#7250,#4712);
#4108=LINE('',#7252,#4713);
#4109=LINE('',#7255,#4714);
#4110=LINE('',#7256,#4715);
#4111=LINE('',#7258,#4716);
#4112=LINE('',#7261,#4717);
#4113=LINE('',#7262,#4718);
#4114=LINE('',#7264,#4719);
#4115=LINE('',#7266,#4720);
#4116=LINE('',#7268,#4721);
#4117=LINE('',#7270,#4722);
#4118=LINE('',#7272,#4723);
#4119=LINE('',#7274,#4724);
#4120=LINE('',#7276,#4725);
#4121=LINE('',#7278,#4726);
#4122=LINE('',#7280,#4727);
#4123=LINE('',#7282,#4728);
#4124=LINE('',#7284,#4729);
#4125=LINE('',#7286,#4730);
#4126=LINE('',#7288,#4731);
#4127=LINE('',#7290,#4732);
#4128=LINE('',#7292,#4733);
#4129=LINE('',#7294,#4734);
#4130=LINE('',#7296,#4735);
#4131=LINE('',#7298,#4736);
#4132=LINE('',#7300,#4737);
#4133=LINE('',#7302,#4738);
#4134=LINE('',#7304,#4739);
#4135=LINE('',#7306,#4740);
#4136=LINE('',#7308,#4741);
#4137=LINE('',#7310,#4742);
#4138=LINE('',#7312,#4743);
#4139=LINE('',#7314,#4744);
#4140=LINE('',#7316,#4745);
#4141=LINE('',#7318,#4746);
#4142=LINE('',#7320,#4747);
#4143=LINE('',#7322,#4748);
#4144=LINE('',#7324,#4749);
#4145=LINE('',#7326,#4750);
#4146=LINE('',#7328,#4751);
#4147=LINE('',#7330,#4752);
#4148=LINE('',#7333,#4753);
#4149=LINE('',#7334,#4754);
#4150=LINE('',#7336,#4755);
#4151=LINE('',#7339,#4756);
#4152=LINE('',#7340,#4757);
#4153=LINE('',#7342,#4758);
#4154=LINE('',#7343,#4759);
#4155=LINE('',#7345,#4760);
#4156=LINE('',#7347,#4761);
#4157=LINE('',#7349,#4762);
#4158=LINE('',#7351,#4763);
#4159=LINE('',#7353,#4764);
#4160=LINE('',#7355,#4765);
#4161=LINE('',#7357,#4766);
#4162=LINE('',#7359,#4767);
#4163=LINE('',#7361,#4768);
#4164=LINE('',#7363,#4769);
#4165=LINE('',#7365,#4770);
#4166=LINE('',#7367,#4771);
#4167=LINE('',#7369,#4772);
#4168=LINE('',#7371,#4773);
#4169=LINE('',#7373,#4774);
#4170=LINE('',#7375,#4775);
#4171=LINE('',#7377,#4776);
#4172=LINE('',#7380,#4777);
#4173=LINE('',#7382,#4778);
#4174=LINE('',#7384,#4779);
#4175=LINE('',#7386,#4780);
#4176=LINE('',#7388,#4781);
#4177=LINE('',#7390,#4782);
#4178=LINE('',#7392,#4783);
#4179=LINE('',#7395,#4784);
#4180=LINE('',#7397,#4785);
#4181=LINE('',#7399,#4786);
#4182=LINE('',#7401,#4787);
#4183=LINE('',#7403,#4788);
#4184=LINE('',#7405,#4789);
#4185=LINE('',#7407,#4790);
#4186=LINE('',#7409,#4791);
#4187=LINE('',#7411,#4792);
#4188=LINE('',#7413,#4793);
#4189=LINE('',#7416,#4794);
#4190=LINE('',#7418,#4795);
#4191=LINE('',#7420,#4796);
#4192=LINE('',#7422,#4797);
#4193=LINE('',#7424,#4798);
#4194=LINE('',#7426,#4799);
#4195=LINE('',#7428,#4800);
#4196=LINE('',#7430,#4801);
#4197=LINE('',#7432,#4802);
#4198=LINE('',#7434,#4803);
#4199=LINE('',#7437,#4804);
#4200=LINE('',#7439,#4805);
#4201=LINE('',#7441,#4806);
#4202=LINE('',#7443,#4807);
#4203=LINE('',#7445,#4808);
#4204=LINE('',#7447,#4809);
#4205=LINE('',#7449,#4810);
#4206=LINE('',#7451,#4811);
#4207=LINE('',#7453,#4812);
#4208=LINE('',#7455,#4813);
#4209=LINE('',#7457,#4814);
#4210=LINE('',#7459,#4815);
#4211=LINE('',#7461,#4816);
#4212=LINE('',#7463,#4817);
#4213=LINE('',#7465,#4818);
#4214=LINE('',#7467,#4819);
#4215=LINE('',#7469,#4820);
#4216=LINE('',#7471,#4821);
#4217=LINE('',#7473,#4822);
#4218=LINE('',#7475,#4823);
#4219=LINE('',#7477,#4824);
#4220=LINE('',#7479,#4825);
#4221=LINE('',#7481,#4826);
#4222=LINE('',#7483,#4827);
#4223=LINE('',#7485,#4828);
#4224=LINE('',#7487,#4829);
#4225=LINE('',#7489,#4830);
#4226=LINE('',#7491,#4831);
#4227=LINE('',#7493,#4832);
#4228=LINE('',#7495,#4833);
#4229=LINE('',#7497,#4834);
#4230=LINE('',#7499,#4835);
#4231=LINE('',#7501,#4836);
#4232=LINE('',#7503,#4837);
#4233=LINE('',#7505,#4838);
#4234=LINE('',#7507,#4839);
#4235=LINE('',#7509,#4840);
#4236=LINE('',#7511,#4841);
#4237=LINE('',#7513,#4842);
#4238=LINE('',#7515,#4843);
#4239=LINE('',#7517,#4844);
#4240=LINE('',#7519,#4845);
#4241=LINE('',#7521,#4846);
#4242=LINE('',#7523,#4847);
#4243=LINE('',#7525,#4848);
#4244=LINE('',#7527,#4849);
#4245=LINE('',#7529,#4850);
#4246=LINE('',#7531,#4851);
#4247=LINE('',#7533,#4852);
#4248=LINE('',#7535,#4853);
#4249=LINE('',#7537,#4854);
#4250=LINE('',#7539,#4855);
#4251=LINE('',#7541,#4856);
#4252=LINE('',#7543,#4857);
#4253=LINE('',#7545,#4858);
#4254=LINE('',#7547,#4859);
#4255=LINE('',#7549,#4860);
#4256=LINE('',#7551,#4861);
#4257=LINE('',#7553,#4862);
#4258=LINE('',#7555,#4863);
#4259=LINE('',#7557,#4864);
#4260=LINE('',#7559,#4865);
#4261=LINE('',#7561,#4866);
#4262=LINE('',#7563,#4867);
#4263=LINE('',#7577,#4868);
#4264=LINE('',#7578,#4869);
#4265=LINE('',#7580,#4870);
#4266=LINE('',#7581,#4871);
#4267=LINE('',#7583,#4872);
#4268=LINE('',#7584,#4873);
#4269=LINE('',#7586,#4874);
#4270=LINE('',#7587,#4875);
#4271=LINE('',#7593,#4876);
#4272=LINE('',#7596,#4877);
#4273=LINE('',#7598,#4878);
#4274=LINE('',#7600,#4879);
#4275=LINE('',#7602,#4880);
#4276=LINE('',#7603,#4881);
#4277=LINE('',#7605,#4882);
#4278=LINE('',#7607,#4883);
#4279=LINE('',#7610,#4884);
#4280=LINE('',#7615,#4885);
#4281=LINE('',#7619,#4886);
#4282=LINE('',#7623,#4887);
#4283=LINE('',#7630,#4888);
#4284=LINE('',#7631,#4889);
#4285=LINE('',#7633,#4890);
#4286=LINE('',#7635,#4891);
#4287=LINE('',#7639,#4892);
#4288=LINE('',#7641,#4893);
#4289=LINE('',#7643,#4894);
#4290=LINE('',#7647,#4895);
#4291=LINE('',#7649,#4896);
#4292=LINE('',#7651,#4897);
#4293=LINE('',#7655,#4898);
#4294=LINE('',#7657,#4899);
#4295=LINE('',#7663,#4900);
#4296=LINE('',#7666,#4901);
#4297=LINE('',#7668,#4902);
#4298=LINE('',#7670,#4903);
#4299=LINE('',#7674,#4904);
#4300=LINE('',#7676,#4905);
#4301=LINE('',#7678,#4906);
#4302=LINE('',#7680,#4907);
#4303=LINE('',#7682,#4908);
#4304=LINE('',#7684,#4909);
#4305=LINE('',#7686,#4910);
#4306=LINE('',#7690,#4911);
#4307=LINE('',#7692,#4912);
#4308=LINE('',#7694,#4913);
#4309=LINE('',#7696,#4914);
#4310=LINE('',#7698,#4915);
#4311=LINE('',#7700,#4916);
#4312=LINE('',#7703,#4917);
#4313=LINE('',#7705,#4918);
#4314=LINE('',#7707,#4919);
#4315=LINE('',#7709,#4920);
#4316=LINE('',#7710,#4921);
#4317=LINE('',#7712,#4922);
#4318=LINE('',#7713,#4923);
#4319=LINE('',#7718,#4924);
#4320=LINE('',#7721,#4925);
#4321=LINE('',#7723,#4926);
#4322=LINE('',#7725,#4927);
#4323=LINE('',#7727,#4928);
#4324=LINE('',#7729,#4929);
#4325=LINE('',#7731,#4930);
#4326=LINE('',#7735,#4931);
#4327=LINE('',#7739,#4932);
#4328=LINE('',#7741,#4933);
#4329=LINE('',#7743,#4934);
#4330=LINE('',#7745,#4935);
#4331=LINE('',#7747,#4936);
#4332=LINE('',#7749,#4937);
#4333=LINE('',#7751,#4938);
#4334=LINE('',#7755,#4939);
#4335=LINE('',#7759,#4940);
#4336=LINE('',#7761,#4941);
#4337=LINE('',#7763,#4942);
#4338=LINE('',#7767,#4943);
#4339=LINE('',#7771,#4944);
#4340=LINE('',#7773,#4945);
#4341=LINE('',#7775,#4946);
#4342=LINE('',#7777,#4947);
#4343=LINE('',#7779,#4948);
#4344=LINE('',#7781,#4949);
#4345=LINE('',#7783,#4950);
#4346=LINE('',#7787,#4951);
#4347=LINE('',#7791,#4952);
#4348=LINE('',#7793,#4953);
#4349=LINE('',#7795,#4954);
#4350=LINE('',#7797,#4955);
#4351=LINE('',#7799,#4956);
#4352=LINE('',#7800,#4957);
#4353=LINE('',#7802,#4958);
#4354=LINE('',#7805,#4959);
#4355=LINE('',#7807,#4960);
#4356=LINE('',#7809,#4961);
#4357=LINE('',#7811,#4962);
#4358=LINE('',#7812,#4963);
#4359=LINE('',#7814,#4964);
#4360=LINE('',#7815,#4965);
#4361=LINE('',#7817,#4966);
#4362=LINE('',#7818,#4967);
#4363=LINE('',#7820,#4968);
#4364=LINE('',#7821,#4969);
#4365=LINE('',#7823,#4970);
#4366=LINE('',#7825,#4971);
#4367=LINE('',#7827,#4972);
#4368=LINE('',#7829,#4973);
#4369=LINE('',#7830,#4974);
#4370=LINE('',#7832,#4975);
#4371=LINE('',#7840,#4976);
#4372=LINE('',#7843,#4977);
#4373=LINE('',#7845,#4978);
#4374=LINE('',#7847,#4979);
#4375=LINE('',#7849,#4980);
#4376=LINE('',#7851,#4981);
#4377=LINE('',#7853,#4982);
#4378=LINE('',#7855,#4983);
#4379=LINE('',#7857,#4984);
#4380=LINE('',#7859,#4985);
#4381=LINE('',#7861,#4986);
#4382=LINE('',#7863,#4987);
#4383=LINE('',#7865,#4988);
#4384=LINE('',#7868,#4989);
#4385=LINE('',#7870,#4990);
#4386=LINE('',#7872,#4991);
#4387=LINE('',#7874,#4992);
#4388=LINE('',#7875,#4993);
#4389=LINE('',#7877,#4994);
#4390=LINE('',#7882,#4995);
#4391=LINE('',#7886,#4996);
#4392=LINE('',#7891,#4997);
#4393=LINE('',#7897,#4998);
#4394=LINE('',#7901,#4999);
#4395=LINE('',#7902,#5000);
#4396=LINE('',#7903,#5001);
#4397=LINE('',#7904,#5002);
#4398=LINE('',#7905,#5003);
#4399=LINE('',#7907,#5004);
#4400=LINE('',#7909,#5005);
#4401=LINE('',#7911,#5006);
#4402=LINE('',#7913,#5007);
#4403=LINE('',#7915,#5008);
#4404=LINE('',#7917,#5009);
#4405=LINE('',#7919,#5010);
#4406=LINE('',#7921,#5011);
#4407=LINE('',#7924,#5012);
#4408=LINE('',#7926,#5013);
#4409=LINE('',#7928,#5014);
#4410=LINE('',#7930,#5015);
#4411=LINE('',#7932,#5016);
#4412=LINE('',#7934,#5017);
#4413=LINE('',#7936,#5018);
#4414=LINE('',#7938,#5019);
#4415=LINE('',#7940,#5020);
#4416=LINE('',#7942,#5021);
#4417=LINE('',#7944,#5022);
#4418=LINE('',#7946,#5023);
#4419=LINE('',#7948,#5024);
#4420=LINE('',#7950,#5025);
#4421=LINE('',#7952,#5026);
#4422=LINE('',#7954,#5027);
#4423=LINE('',#7957,#5028);
#4424=LINE('',#7959,#5029);
#4425=LINE('',#7961,#5030);
#4426=LINE('',#7963,#5031);
#4427=LINE('',#7965,#5032);
#4428=LINE('',#7967,#5033);
#4429=LINE('',#7970,#5034);
#4430=LINE('',#7972,#5035);
#4431=LINE('',#7974,#5036);
#4432=LINE('',#7976,#5037);
#4433=LINE('',#7978,#5038);
#4434=LINE('',#7980,#5039);
#4435=LINE('',#7982,#5040);
#4436=LINE('',#7984,#5041);
#4437=LINE('',#7986,#5042);
#4438=LINE('',#7988,#5043);
#4439=LINE('',#7989,#5044);
#4440=LINE('',#7991,#5045);
#4441=LINE('',#7993,#5046);
#4442=LINE('',#7995,#5047);
#4443=LINE('',#8001,#5048);
#4444=LINE('',#8004,#5049);
#4445=LINE('',#8006,#5050);
#4446=LINE('',#8008,#5051);
#4447=LINE('',#8010,#5052);
#4448=LINE('',#8012,#5053);
#4449=LINE('',#8014,#5054);
#4450=LINE('',#8016,#5055);
#4451=LINE('',#8018,#5056);
#4452=LINE('',#8021,#5057);
#4453=LINE('',#8023,#5058);
#4454=LINE('',#8025,#5059);
#4455=LINE('',#8027,#5060);
#4456=LINE('',#8029,#5061);
#4457=LINE('',#8031,#5062);
#4458=LINE('',#8034,#5063);
#4459=LINE('',#8036,#5064);
#4460=LINE('',#8038,#5065);
#4461=LINE('',#8040,#5066);
#4462=LINE('',#8042,#5067);
#4463=LINE('',#8044,#5068);
#4464=LINE('',#8047,#5069);
#4465=LINE('',#8051,#5070);
#4466=LINE('',#8055,#5071);
#4467=LINE('',#8059,#5072);
#4468=LINE('',#8061,#5073);
#4469=LINE('',#8065,#5074);
#4470=LINE('',#8067,#5075);
#4471=LINE('',#8069,#5076);
#4472=LINE('',#8072,#5077);
#4473=LINE('',#8074,#5078);
#4474=LINE('',#8076,#5079);
#4475=LINE('',#8077,#5080);
#4476=LINE('',#8084,#5081);
#4477=LINE('',#8088,#5082);
#4478=LINE('',#8090,#5083);
#4479=LINE('',#8092,#5084);
#4480=LINE('',#8094,#5085);
#4481=LINE('',#8096,#5086);
#4482=LINE('',#8098,#5087);
#4483=LINE('',#8100,#5088);
#4484=LINE('',#8102,#5089);
#4485=LINE('',#8104,#5090);
#4486=LINE('',#8105,#5091);
#4487=LINE('',#8107,#5092);
#4488=LINE('',#8109,#5093);
#4489=LINE('',#8111,#5094);
#4490=LINE('',#8113,#5095);
#4491=LINE('',#8115,#5096);
#4492=LINE('',#8117,#5097);
#4493=LINE('',#8119,#5098);
#4494=LINE('',#8121,#5099);
#4495=LINE('',#8123,#5100);
#4496=LINE('',#8125,#5101);
#4497=LINE('',#8127,#5102);
#4498=LINE('',#8130,#5103);
#4499=LINE('',#8132,#5104);
#4500=LINE('',#8134,#5105);
#4501=LINE('',#8136,#5106);
#4502=LINE('',#8138,#5107);
#4503=LINE('',#8140,#5108);
#4504=LINE('',#8142,#5109);
#4505=LINE('',#8145,#5110);
#4506=LINE('',#8147,#5111);
#4507=LINE('',#8149,#5112);
#4508=LINE('',#8151,#5113);
#4509=LINE('',#8152,#5114);
#4510=LINE('',#8154,#5115);
#4511=LINE('',#8156,#5116);
#4512=LINE('',#8158,#5117);
#4513=LINE('',#8160,#5118);
#4514=LINE('',#8162,#5119);
#4515=LINE('',#8164,#5120);
#4516=LINE('',#8166,#5121);
#4517=LINE('',#8168,#5122);
#4518=LINE('',#8170,#5123);
#4519=LINE('',#8173,#5124);
#4520=LINE('',#8175,#5125);
#4521=LINE('',#8177,#5126);
#4522=LINE('',#8179,#5127);
#4523=LINE('',#8180,#5128);
#4524=LINE('',#8182,#5129);
#4525=LINE('',#8184,#5130);
#4526=LINE('',#8186,#5131);
#4527=LINE('',#8188,#5132);
#4528=LINE('',#8190,#5133);
#4529=LINE('',#8192,#5134);
#4530=LINE('',#8194,#5135);
#4531=LINE('',#8196,#5136);
#4532=LINE('',#8198,#5137);
#4533=LINE('',#8200,#5138);
#4534=LINE('',#8202,#5139);
#4535=LINE('',#8204,#5140);
#4536=LINE('',#8206,#5141);
#4537=LINE('',#8208,#5142);
#4538=LINE('',#8210,#5143);
#4539=LINE('',#8212,#5144);
#4540=LINE('',#8214,#5145);
#4541=LINE('',#8216,#5146);
#4542=LINE('',#8218,#5147);
#4543=LINE('',#8220,#5148);
#4544=LINE('',#8222,#5149);
#4545=LINE('',#8224,#5150);
#4546=LINE('',#8226,#5151);
#4547=LINE('',#8228,#5152);
#4548=LINE('',#8242,#5153);
#4549=LINE('',#8243,#5154);
#4550=LINE('',#8249,#5155);
#4551=LINE('',#8252,#5156);
#4552=LINE('',#8268,#5157);
#4553=LINE('',#8366,#5158);
#4554=LINE('',#8368,#5159);
#4555=LINE('',#8370,#5160);
#4556=LINE('',#8372,#5161);
#4557=LINE('',#8374,#5162);
#4558=LINE('',#8376,#5163);
#4559=LINE('',#8377,#5164);
#4560=LINE('',#8380,#5165);
#4561=LINE('',#8381,#5166);
#4562=LINE('',#8387,#5167);
#4563=LINE('',#8389,#5168);
#4564=LINE('',#8391,#5169);
#4565=LINE('',#8393,#5170);
#4566=LINE('',#8395,#5171);
#4567=LINE('',#8397,#5172);
#4568=LINE('',#8399,#5173);
#4569=LINE('',#8400,#5174);
#4570=LINE('',#8404,#5175);
#4571=LINE('',#8407,#5176);
#4572=LINE('',#8409,#5177);
#4573=LINE('',#8411,#5178);
#4574=LINE('',#8415,#5179);
#4575=LINE('',#8417,#5180);
#4576=LINE('',#8419,#5181);
#4577=LINE('',#8421,#5182);
#4578=LINE('',#8423,#5183);
#4579=LINE('',#8427,#5184);
#4580=LINE('',#8429,#5185);
#4581=LINE('',#8431,#5186);
#4582=LINE('',#8433,#5187);
#4583=LINE('',#8435,#5188);
#4584=LINE('',#8437,#5189);
#4585=LINE('',#8439,#5190);
#4586=LINE('',#8441,#5191);
#4587=LINE('',#8444,#5192);
#4588=LINE('',#8446,#5193);
#4589=LINE('',#8448,#5194);
#4590=LINE('',#8450,#5195);
#4591=LINE('',#8451,#5196);
#4592=LINE('',#8453,#5197);
#4593=LINE('',#8454,#5198);
#4594=VECTOR('',#5580,1.);
#4595=VECTOR('',#5581,1.);
#4596=VECTOR('',#5582,1.);
#4597=VECTOR('',#5583,1.);
#4598=VECTOR('',#5586,1.);
#4599=VECTOR('',#5587,1.);
#4600=VECTOR('',#5588,1.);
#4601=VECTOR('',#5589,1.);
#4602=VECTOR('',#5590,1.);
#4603=VECTOR('',#5591,1.);
#4604=VECTOR('',#5592,1.);
#4605=VECTOR('',#5595,1.);
#4606=VECTOR('',#5596,1.);
#4607=VECTOR('',#5597,1.);
#4608=VECTOR('',#5598,1.);
#4609=VECTOR('',#5599,1.);
#4610=VECTOR('',#5600,1.);
#4611=VECTOR('',#5601,1.);
#4612=VECTOR('',#5604,1.);
#4613=VECTOR('',#5607,1.);
#4614=VECTOR('',#5610,1.);
#4615=VECTOR('',#5611,1.);
#4616=VECTOR('',#5612,1.);
#4617=VECTOR('',#5613,1.);
#4618=VECTOR('',#5616,1.);
#4619=VECTOR('',#5617,1.);
#4620=VECTOR('',#5618,1.);
#4621=VECTOR('',#5621,1.);
#4622=VECTOR('',#5622,1.);
#4623=VECTOR('',#5623,1.);
#4624=VECTOR('',#5634,1.);
#4625=VECTOR('',#5635,1.);
#4626=VECTOR('',#5636,1.);
#4627=VECTOR('',#5637,1.);
#4628=VECTOR('',#5638,1.);
#4629=VECTOR('',#5639,1.);
#4630=VECTOR('',#5640,1.);
#4631=VECTOR('',#5641,1.);
#4632=VECTOR('',#5642,1.);
#4633=VECTOR('',#5643,1.);
#4634=VECTOR('',#5644,1.);
#4635=VECTOR('',#5645,1.);
#4636=VECTOR('',#5646,1.);
#4637=VECTOR('',#5647,1.);
#4638=VECTOR('',#5648,1.);
#4639=VECTOR('',#5649,1.);
#4640=VECTOR('',#5652,1.);
#4641=VECTOR('',#5655,1.);
#4642=VECTOR('',#5658,1.);
#4643=VECTOR('',#5661,1.);
#4644=VECTOR('',#5666,1.);
#4645=VECTOR('',#5669,1.);
#4646=VECTOR('',#5672,1.);
#4647=VECTOR('',#5675,1.);
#4648=VECTOR('',#5684,1.);
#4649=VECTOR('',#5687,1.);
#4650=VECTOR('',#5690,1.);
#4651=VECTOR('',#5693,1.);
#4652=VECTOR('',#5698,1.);
#4653=VECTOR('',#5701,1.);
#4654=VECTOR('',#5704,1.);
#4655=VECTOR('',#5707,1.);
#4656=VECTOR('',#5712,1.);
#4657=VECTOR('',#5715,1.);
#4658=VECTOR('',#5718,1.);
#4659=VECTOR('',#5719,1.);
#4660=VECTOR('',#5724,1.);
#4661=VECTOR('',#5727,1.);
#4662=VECTOR('',#5728,1.);
#4663=VECTOR('',#5733,1.);
#4664=VECTOR('',#5736,1.);
#4665=VECTOR('',#5737,1.);
#4666=VECTOR('',#5742,1.);
#4667=VECTOR('',#5745,1.);
#4668=VECTOR('',#5752,1.);
#4669=VECTOR('',#5755,1.);
#4670=VECTOR('',#5758,1.);
#4671=VECTOR('',#5759,1.);
#4672=VECTOR('',#5764,1.);
#4673=VECTOR('',#5767,1.);
#4674=VECTOR('',#5768,1.);
#4675=VECTOR('',#5773,1.);
#4676=VECTOR('',#5776,1.);
#4677=VECTOR('',#5777,1.);
#4678=VECTOR('',#5782,1.);
#4679=VECTOR('',#5785,1.);
#4680=VECTOR('',#5788,1.);
#4681=VECTOR('',#5791,1.);
#4682=VECTOR('',#5794,1.);
#4683=VECTOR('',#5795,1.);
#4684=VECTOR('',#5800,1.);
#4685=VECTOR('',#5803,1.);
#4686=VECTOR('',#5804,1.);
#4687=VECTOR('',#5809,1.);
#4688=VECTOR('',#5812,1.);
#4689=VECTOR('',#5813,1.);
#4690=VECTOR('',#5818,1.);
#4691=VECTOR('',#5821,1.);
#4692=VECTOR('',#5824,1.);
#4693=VECTOR('',#5825,1.);
#4694=VECTOR('',#5826,1.);
#4695=VECTOR('',#5827,1.);
#4696=VECTOR('',#5828,1.);
#4697=VECTOR('',#5829,1.);
#4698=VECTOR('',#5830,1.);
#4699=VECTOR('',#5831,1.);
#4700=VECTOR('',#5834,1.);
#4701=VECTOR('',#5835,1.);
#4702=VECTOR('',#5836,1.);
#4703=VECTOR('',#5837,1.);
#4704=VECTOR('',#5840,1.);
#4705=VECTOR('',#5841,1.);
#4706=VECTOR('',#5842,1.);
#4707=VECTOR('',#5845,1.);
#4708=VECTOR('',#5846,1.);
#4709=VECTOR('',#5847,1.);
#4710=VECTOR('',#5850,1.);
#4711=VECTOR('',#5851,1.);
#4712=VECTOR('',#5852,1.);
#4713=VECTOR('',#5855,1.);
#4714=VECTOR('',#5856,1.);
#4715=VECTOR('',#5857,1.);
#4716=VECTOR('',#5860,1.);
#4717=VECTOR('',#5861,1.);
#4718=VECTOR('',#5862,1.);
#4719=VECTOR('',#5865,1.);
#4720=VECTOR('',#5866,1.);
#4721=VECTOR('',#5867,1.);
#4722=VECTOR('',#5870,1.);
#4723=VECTOR('',#5871,1.);
#4724=VECTOR('',#5872,1.);
#4725=VECTOR('',#5875,1.);
#4726=VECTOR('',#5876,1.);
#4727=VECTOR('',#5877,1.);
#4728=VECTOR('',#5880,1.);
#4729=VECTOR('',#5881,1.);
#4730=VECTOR('',#5882,1.);
#4731=VECTOR('',#5885,1.);
#4732=VECTOR('',#5886,1.);
#4733=VECTOR('',#5887,1.);
#4734=VECTOR('',#5890,1.);
#4735=VECTOR('',#5891,1.);
#4736=VECTOR('',#5892,1.);
#4737=VECTOR('',#5895,1.);
#4738=VECTOR('',#5896,1.);
#4739=VECTOR('',#5897,1.);
#4740=VECTOR('',#5900,1.);
#4741=VECTOR('',#5901,1.);
#4742=VECTOR('',#5902,1.);
#4743=VECTOR('',#5905,1.);
#4744=VECTOR('',#5906,1.);
#4745=VECTOR('',#5907,1.);
#4746=VECTOR('',#5910,1.);
#4747=VECTOR('',#5911,1.);
#4748=VECTOR('',#5912,1.);
#4749=VECTOR('',#5915,1.);
#4750=VECTOR('',#5916,1.);
#4751=VECTOR('',#5917,1.);
#4752=VECTOR('',#5920,1.);
#4753=VECTOR('',#5921,1.);
#4754=VECTOR('',#5922,1.);
#4755=VECTOR('',#5925,1.);
#4756=VECTOR('',#5926,1.);
#4757=VECTOR('',#5927,1.);
#4758=VECTOR('',#5930,1.);
#4759=VECTOR('',#5931,1.);
#4760=VECTOR('',#5934,1.);
#4761=VECTOR('',#5935,1.);
#4762=VECTOR('',#5936,1.);
#4763=VECTOR('',#5939,1.);
#4764=VECTOR('',#5940,1.);
#4765=VECTOR('',#5943,1.);
#4766=VECTOR('',#5944,1.);
#4767=VECTOR('',#5947,1.);
#4768=VECTOR('',#5948,1.);
#4769=VECTOR('',#5951,1.);
#4770=VECTOR('',#5952,1.);
#4771=VECTOR('',#5955,1.);
#4772=VECTOR('',#5956,1.);
#4773=VECTOR('',#5959,1.);
#4774=VECTOR('',#5960,1.);
#4775=VECTOR('',#5963,1.);
#4776=VECTOR('',#5966,1.);
#4777=VECTOR('',#5967,1.);
#4778=VECTOR('',#5968,1.);
#4779=VECTOR('',#5969,1.);
#4780=VECTOR('',#5972,1.);
#4781=VECTOR('',#5973,1.);
#4782=VECTOR('',#5974,1.);
#4783=VECTOR('',#5977,1.);
#4784=VECTOR('',#5978,1.);
#4785=VECTOR('',#5979,1.);
#4786=VECTOR('',#5980,1.);
#4787=VECTOR('',#5983,1.);
#4788=VECTOR('',#5984,1.);
#4789=VECTOR('',#5985,1.);
#4790=VECTOR('',#5988,1.);
#4791=VECTOR('',#5989,1.);
#4792=VECTOR('',#5990,1.);
#4793=VECTOR('',#5993,1.);
#4794=VECTOR('',#5994,1.);
#4795=VECTOR('',#5995,1.);
#4796=VECTOR('',#5996,1.);
#4797=VECTOR('',#5999,1.);
#4798=VECTOR('',#6000,1.);
#4799=VECTOR('',#6001,1.);
#4800=VECTOR('',#6004,1.);
#4801=VECTOR('',#6005,1.);
#4802=VECTOR('',#6006,1.);
#4803=VECTOR('',#6009,1.);
#4804=VECTOR('',#6010,1.);
#4805=VECTOR('',#6011,1.);
#4806=VECTOR('',#6012,1.);
#4807=VECTOR('',#6015,1.);
#4808=VECTOR('',#6016,1.);
#4809=VECTOR('',#6017,1.);
#4810=VECTOR('',#6020,1.);
#4811=VECTOR('',#6021,1.);
#4812=VECTOR('',#6022,1.);
#4813=VECTOR('',#6025,1.);
#4814=VECTOR('',#6026,1.);
#4815=VECTOR('',#6027,1.);
#4816=VECTOR('',#6030,1.);
#4817=VECTOR('',#6031,1.);
#4818=VECTOR('',#6032,1.);
#4819=VECTOR('',#6035,1.);
#4820=VECTOR('',#6038,1.);
#4821=VECTOR('',#6039,1.);
#4822=VECTOR('',#6040,1.);
#4823=VECTOR('',#6043,1.);
#4824=VECTOR('',#6044,1.);
#4825=VECTOR('',#6045,1.);
#4826=VECTOR('',#6048,1.);
#4827=VECTOR('',#6051,1.);
#4828=VECTOR('',#6052,1.);
#4829=VECTOR('',#6053,1.);
#4830=VECTOR('',#6056,1.);
#4831=VECTOR('',#6057,1.);
#4832=VECTOR('',#6058,1.);
#4833=VECTOR('',#6061,1.);
#4834=VECTOR('',#6064,1.);
#4835=VECTOR('',#6065,1.);
#4836=VECTOR('',#6066,1.);
#4837=VECTOR('',#6069,1.);
#4838=VECTOR('',#6070,1.);
#4839=VECTOR('',#6071,1.);
#4840=VECTOR('',#6074,1.);
#4841=VECTOR('',#6077,1.);
#4842=VECTOR('',#6078,1.);
#4843=VECTOR('',#6079,1.);
#4844=VECTOR('',#6082,1.);
#4845=VECTOR('',#6083,1.);
#4846=VECTOR('',#6084,1.);
#4847=VECTOR('',#6087,1.);
#4848=VECTOR('',#6088,1.);
#4849=VECTOR('',#6089,1.);
#4850=VECTOR('',#6092,1.);
#4851=VECTOR('',#6095,1.);
#4852=VECTOR('',#6098,1.);
#4853=VECTOR('',#6099,1.);
#4854=VECTOR('',#6100,1.);
#4855=VECTOR('',#6103,1.);
#4856=VECTOR('',#6104,1.);
#4857=VECTOR('',#6107,1.);
#4858=VECTOR('',#6108,1.);
#4859=VECTOR('',#6111,1.);
#4860=VECTOR('',#6114,1.);
#4861=VECTOR('',#6115,1.);
#4862=VECTOR('',#6116,1.);
#4863=VECTOR('',#6119,1.);
#4864=VECTOR('',#6120,1.);
#4865=VECTOR('',#6121,1.);
#4866=VECTOR('',#6124,1.);
#4867=VECTOR('',#6127,1.);
#4868=VECTOR('',#6154,1.);
#4869=VECTOR('',#6155,1.);
#4870=VECTOR('',#6158,1.);
#4871=VECTOR('',#6159,1.);
#4872=VECTOR('',#6162,1.);
#4873=VECTOR('',#6163,1.);
#4874=VECTOR('',#6166,1.);
#4875=VECTOR('',#6167,1.);
#4876=VECTOR('',#6178,1.);
#4877=VECTOR('',#6179,1.);
#4878=VECTOR('',#6180,1.);
#4879=VECTOR('',#6181,1.);
#4880=VECTOR('',#6184,1.);
#4881=VECTOR('',#6185,1.);
#4882=VECTOR('',#6188,1.);
#4883=VECTOR('',#6191,1.);
#4884=VECTOR('',#6196,1.);
#4885=VECTOR('',#6199,1.);
#4886=VECTOR('',#6202,1.);
#4887=VECTOR('',#6205,1.);
#4888=VECTOR('',#6212,1.);
#4889=VECTOR('',#6213,1.);
#4890=VECTOR('',#6216,1.);
#4891=VECTOR('',#6217,1.);
#4892=VECTOR('',#6222,1.);
#4893=VECTOR('',#6225,1.);
#4894=VECTOR('',#6226,1.);
#4895=VECTOR('',#6231,1.);
#4896=VECTOR('',#6234,1.);
#4897=VECTOR('',#6235,1.);
#4898=VECTOR('',#6240,1.);
#4899=VECTOR('',#6243,1.);
#4900=VECTOR('',#6252,1.);
#4901=VECTOR('',#6253,1.);
#4902=VECTOR('',#6254,1.);
#4903=VECTOR('',#6255,1.);
#4904=VECTOR('',#6260,1.);
#4905=VECTOR('',#6261,1.);
#4906=VECTOR('',#6262,1.);
#4907=VECTOR('',#6263,1.);
#4908=VECTOR('',#6264,1.);
#4909=VECTOR('',#6267,1.);
#4910=VECTOR('',#6268,1.);
#4911=VECTOR('',#6273,1.);
#4912=VECTOR('',#6274,1.);
#4913=VECTOR('',#6275,1.);
#4914=VECTOR('',#6276,1.);
#4915=VECTOR('',#6279,1.);
#4916=VECTOR('',#6282,1.);
#4917=VECTOR('',#6283,1.);
#4918=VECTOR('',#6284,1.);
#4919=VECTOR('',#6285,1.);
#4920=VECTOR('',#6288,1.);
#4921=VECTOR('',#6289,1.);
#4922=VECTOR('',#6292,1.);
#4923=VECTOR('',#6293,1.);
#4924=VECTOR('',#6302,1.);
#4925=VECTOR('',#6303,1.);
#4926=VECTOR('',#6304,1.);
#4927=VECTOR('',#6305,1.);
#4928=VECTOR('',#6308,1.);
#4929=VECTOR('',#6309,1.);
#4930=VECTOR('',#6310,1.);
#4931=VECTOR('',#6313,1.);
#4932=VECTOR('',#6316,1.);
#4933=VECTOR('',#6317,1.);
#4934=VECTOR('',#6318,1.);
#4935=VECTOR('',#6319,1.);
#4936=VECTOR('',#6320,1.);
#4937=VECTOR('',#6321,1.);
#4938=VECTOR('',#6322,1.);
#4939=VECTOR('',#6325,1.);
#4940=VECTOR('',#6328,1.);
#4941=VECTOR('',#6331,1.);
#4942=VECTOR('',#6332,1.);
#4943=VECTOR('',#6335,1.);
#4944=VECTOR('',#6338,1.);
#4945=VECTOR('',#6339,1.);
#4946=VECTOR('',#6340,1.);
#4947=VECTOR('',#6341,1.);
#4948=VECTOR('',#6342,1.);
#4949=VECTOR('',#6343,1.);
#4950=VECTOR('',#6344,1.);
#4951=VECTOR('',#6347,1.);
#4952=VECTOR('',#6350,1.);
#4953=VECTOR('',#6351,1.);
#4954=VECTOR('',#6354,1.);
#4955=VECTOR('',#6357,1.);
#4956=VECTOR('',#6360,1.);
#4957=VECTOR('',#6361,1.);
#4958=VECTOR('',#6364,1.);
#4959=VECTOR('',#6365,1.);
#4960=VECTOR('',#6366,1.);
#4961=VECTOR('',#6367,1.);
#4962=VECTOR('',#6370,1.);
#4963=VECTOR('',#6371,1.);
#4964=VECTOR('',#6374,1.);
#4965=VECTOR('',#6375,1.);
#4966=VECTOR('',#6378,1.);
#4967=VECTOR('',#6379,1.);
#4968=VECTOR('',#6382,1.);
#4969=VECTOR('',#6383,1.);
#4970=VECTOR('',#6386,1.);
#4971=VECTOR('',#6389,1.);
#4972=VECTOR('',#6392,1.);
#4973=VECTOR('',#6395,1.);
#4974=VECTOR('',#6396,1.);
#4975=VECTOR('',#6399,1.);
#4976=VECTOR('',#6414,1.);
#4977=VECTOR('',#6415,1.);
#4978=VECTOR('',#6416,1.);
#4979=VECTOR('',#6417,1.);
#4980=VECTOR('',#6418,1.);
#4981=VECTOR('',#6419,1.);
#4982=VECTOR('',#6420,1.);
#4983=VECTOR('',#6421,1.);
#4984=VECTOR('',#6422,1.);
#4985=VECTOR('',#6423,1.);
#4986=VECTOR('',#6424,1.);
#4987=VECTOR('',#6425,1.);
#4988=VECTOR('',#6428,1.);
#4989=VECTOR('',#6429,1.);
#4990=VECTOR('',#6430,1.);
#4991=VECTOR('',#6431,1.);
#4992=VECTOR('',#6434,1.);
#4993=VECTOR('',#6435,1.);
#4994=VECTOR('',#6438,1.);
#4995=VECTOR('',#6441,1.);
#4996=VECTOR('',#6446,1.);
#4997=VECTOR('',#6449,1.);
#4998=VECTOR('',#6456,1.);
#4999=VECTOR('',#6461,1.);
#5000=VECTOR('',#6462,1.);
#5001=VECTOR('',#6463,1.);
#5002=VECTOR('',#6464,1.);
#5003=VECTOR('',#6465,1.);
#5004=VECTOR('',#6466,1.);
#5005=VECTOR('',#6467,1.);
#5006=VECTOR('',#6468,1.);
#5007=VECTOR('',#6469,1.);
#5008=VECTOR('',#6470,1.);
#5009=VECTOR('',#6471,1.);
#5010=VECTOR('',#6472,1.);
#5011=VECTOR('',#6475,1.);
#5012=VECTOR('',#6476,1.);
#5013=VECTOR('',#6477,1.);
#5014=VECTOR('',#6478,1.);
#5015=VECTOR('',#6479,1.);
#5016=VECTOR('',#6480,1.);
#5017=VECTOR('',#6481,1.);
#5018=VECTOR('',#6482,1.);
#5019=VECTOR('',#6483,1.);
#5020=VECTOR('',#6484,1.);
#5021=VECTOR('',#6485,1.);
#5022=VECTOR('',#6486,1.);
#5023=VECTOR('',#6487,1.);
#5024=VECTOR('',#6490,1.);
#5025=VECTOR('',#6491,1.);
#5026=VECTOR('',#6492,1.);
#5027=VECTOR('',#6495,1.);
#5028=VECTOR('',#6496,1.);
#5029=VECTOR('',#6497,1.);
#5030=VECTOR('',#6498,1.);
#5031=VECTOR('',#6499,1.);
#5032=VECTOR('',#6500,1.);
#5033=VECTOR('',#6503,1.);
#5034=VECTOR('',#6504,1.);
#5035=VECTOR('',#6505,1.);
#5036=VECTOR('',#6506,1.);
#5037=VECTOR('',#6507,1.);
#5038=VECTOR('',#6508,1.);
#5039=VECTOR('',#6509,1.);
#5040=VECTOR('',#6510,1.);
#5041=VECTOR('',#6511,1.);
#5042=VECTOR('',#6512,1.);
#5043=VECTOR('',#6515,1.);
#5044=VECTOR('',#6516,1.);
#5045=VECTOR('',#6517,1.);
#5046=VECTOR('',#6518,1.);
#5047=VECTOR('',#6519,1.);
#5048=VECTOR('',#6530,1.);
#5049=VECTOR('',#6531,1.);
#5050=VECTOR('',#6532,1.);
#5051=VECTOR('',#6533,1.);
#5052=VECTOR('',#6534,1.);
#5053=VECTOR('',#6535,1.);
#5054=VECTOR('',#6536,1.);
#5055=VECTOR('',#6537,1.);
#5056=VECTOR('',#6540,1.);
#5057=VECTOR('',#6541,1.);
#5058=VECTOR('',#6542,1.);
#5059=VECTOR('',#6543,1.);
#5060=VECTOR('',#6544,1.);
#5061=VECTOR('',#6545,1.);
#5062=VECTOR('',#6548,1.);
#5063=VECTOR('',#6549,1.);
#5064=VECTOR('',#6550,1.);
#5065=VECTOR('',#6551,1.);
#5066=VECTOR('',#6552,1.);
#5067=VECTOR('',#6553,1.);
#5068=VECTOR('',#6556,1.);
#5069=VECTOR('',#6557,1.);
#5070=VECTOR('',#6560,1.);
#5071=VECTOR('',#6563,1.);
#5072=VECTOR('',#6566,1.);
#5073=VECTOR('',#6567,1.);
#5074=VECTOR('',#6572,1.);
#5075=VECTOR('',#6573,1.);
#5076=VECTOR('',#6576,1.);
#5077=VECTOR('',#6577,1.);
#5078=VECTOR('',#6578,1.);
#5079=VECTOR('',#6579,1.);
#5080=VECTOR('',#6580,1.);
#5081=VECTOR('',#6587,1.);
#5082=VECTOR('',#6592,1.);
#5083=VECTOR('',#6593,1.);
#5084=VECTOR('',#6594,1.);
#5085=VECTOR('',#6597,1.);
#5086=VECTOR('',#6598,1.);
#5087=VECTOR('',#6599,1.);
#5088=VECTOR('',#6602,1.);
#5089=VECTOR('',#6603,1.);
#5090=VECTOR('',#6604,1.);
#5091=VECTOR('',#6605,1.);
#5092=VECTOR('',#6606,1.);
#5093=VECTOR('',#6607,1.);
#5094=VECTOR('',#6608,1.);
#5095=VECTOR('',#6611,1.);
#5096=VECTOR('',#6612,1.);
#5097=VECTOR('',#6615,1.);
#5098=VECTOR('',#6618,1.);
#5099=VECTOR('',#6619,1.);
#5100=VECTOR('',#6622,1.);
#5101=VECTOR('',#6625,1.);
#5102=VECTOR('',#6628,1.);
#5103=VECTOR('',#6629,1.);
#5104=VECTOR('',#6630,1.);
#5105=VECTOR('',#6631,1.);
#5106=VECTOR('',#6634,1.);
#5107=VECTOR('',#6635,1.);
#5108=VECTOR('',#6636,1.);
#5109=VECTOR('',#6639,1.);
#5110=VECTOR('',#6640,1.);
#5111=VECTOR('',#6641,1.);
#5112=VECTOR('',#6642,1.);
#5113=VECTOR('',#6645,1.);
#5114=VECTOR('',#6646,1.);
#5115=VECTOR('',#6649,1.);
#5116=VECTOR('',#6650,1.);
#5117=VECTOR('',#6651,1.);
#5118=VECTOR('',#6654,1.);
#5119=VECTOR('',#6657,1.);
#5120=VECTOR('',#6660,1.);
#5121=VECTOR('',#6661,1.);
#5122=VECTOR('',#6662,1.);
#5123=VECTOR('',#6665,1.);
#5124=VECTOR('',#6666,1.);
#5125=VECTOR('',#6667,1.);
#5126=VECTOR('',#6668,1.);
#5127=VECTOR('',#6671,1.);
#5128=VECTOR('',#6672,1.);
#5129=VECTOR('',#6675,1.);
#5130=VECTOR('',#6678,1.);
#5131=VECTOR('',#6681,1.);
#5132=VECTOR('',#6682,1.);
#5133=VECTOR('',#6683,1.);
#5134=VECTOR('',#6686,1.);
#5135=VECTOR('',#6687,1.);
#5136=VECTOR('',#6688,1.);
#5137=VECTOR('',#6691,1.);
#5138=VECTOR('',#6692,1.);
#5139=VECTOR('',#6693,1.);
#5140=VECTOR('',#6696,1.);
#5141=VECTOR('',#6699,1.);
#5142=VECTOR('',#6702,1.);
#5143=VECTOR('',#6703,1.);
#5144=VECTOR('',#6704,1.);
#5145=VECTOR('',#6707,1.);
#5146=VECTOR('',#6708,1.);
#5147=VECTOR('',#6709,1.);
#5148=VECTOR('',#6712,1.);
#5149=VECTOR('',#6713,1.);
#5150=VECTOR('',#6714,1.);
#5151=VECTOR('',#6717,1.);
#5152=VECTOR('',#6720,1.);
#5153=VECTOR('',#6739,1.);
#5154=VECTOR('',#6740,1.);
#5155=VECTOR('',#6747,1.);
#5156=VECTOR('',#6752,1.);
#5157=VECTOR('',#6781,1.);
#5158=VECTOR('',#6848,1.);
#5159=VECTOR('',#6849,1.);
#5160=VECTOR('',#6850,1.);
#5161=VECTOR('',#6851,1.);
#5162=VECTOR('',#6852,1.);
#5163=VECTOR('',#6855,1.);
#5164=VECTOR('',#6856,1.);
#5165=VECTOR('',#6861,1.);
#5166=VECTOR('',#6862,1.);
#5167=VECTOR('',#6873,1.);
#5168=VECTOR('',#6874,1.);
#5169=VECTOR('',#6875,1.);
#5170=VECTOR('',#6878,1.);
#5171=VECTOR('',#6879,1.);
#5172=VECTOR('',#6880,1.);
#5173=VECTOR('',#6883,1.);
#5174=VECTOR('',#6884,1.);
#5175=VECTOR('',#6891,1.);
#5176=VECTOR('',#6892,1.);
#5177=VECTOR('',#6893,1.);
#5178=VECTOR('',#6894,1.);
#5179=VECTOR('',#6899,1.);
#5180=VECTOR('',#6900,1.);
#5181=VECTOR('',#6901,1.);
#5182=VECTOR('',#6902,1.);
#5183=VECTOR('',#6903,1.);
#5184=VECTOR('',#6908,1.);
#5185=VECTOR('',#6909,1.);
#5186=VECTOR('',#6910,1.);
#5187=VECTOR('',#6911,1.);
#5188=VECTOR('',#6912,1.);
#5189=VECTOR('',#6915,1.);
#5190=VECTOR('',#6918,1.);
#5191=VECTOR('',#6921,1.);
#5192=VECTOR('',#6922,1.);
#5193=VECTOR('',#6923,1.);
#5194=VECTOR('',#6924,1.);
#5195=VECTOR('',#6927,1.);
#5196=VECTOR('',#6928,1.);
#5197=VECTOR('',#6931,1.);
#5198=VECTOR('',#6932,1.);
#5199=AXIS2_PLACEMENT_3D('',#6941,#5578,#5579);
#5200=AXIS2_PLACEMENT_3D('',#6950,#5584,#5585);
#5201=AXIS2_PLACEMENT_3D('',#6964,#5593,#5594);
#5202=AXIS2_PLACEMENT_3D('',#6978,#5602,#5603);
#5203=AXIS2_PLACEMENT_3D('',#6980,#5605,#5606);
#5204=AXIS2_PLACEMENT_3D('',#6982,#5608,#5609);
#5205=AXIS2_PLACEMENT_3D('',#6991,#5614,#5615);
#5206=AXIS2_PLACEMENT_3D('',#6995,#5619,#5620);
#5207=AXIS2_PLACEMENT_3D('',#6999,#5624,#5625);
#5208=AXIS2_PLACEMENT_3D('',#7000,#5626,#5627);
#5209=AXIS2_PLACEMENT_3D('',#7001,#5628,#5629);
#5210=AXIS2_PLACEMENT_3D('',#7002,#5630,#5631);
#5211=AXIS2_PLACEMENT_3D('',#7003,#5632,#5633);
#5212=AXIS2_PLACEMENT_3D('',#7036,#5650,#5651);
#5213=AXIS2_PLACEMENT_3D('',#7041,#5653,#5654);
#5214=AXIS2_PLACEMENT_3D('',#7045,#5656,#5657);
#5215=AXIS2_PLACEMENT_3D('',#7049,#5659,#5660);
#5216=AXIS2_PLACEMENT_3D('',#7052,#5662,#5663);
#5217=AXIS2_PLACEMENT_3D('',#7054,#5664,#5665);
#5218=AXIS2_PLACEMENT_3D('',#7058,#5667,#5668);
#5219=AXIS2_PLACEMENT_3D('',#7062,#5670,#5671);
#5220=AXIS2_PLACEMENT_3D('',#7066,#5673,#5674);
#5221=AXIS2_PLACEMENT_3D('',#7070,#5676,#5677);
#5222=AXIS2_PLACEMENT_3D('',#7071,#5678,#5679);
#5223=AXIS2_PLACEMENT_3D('',#7072,#5680,#5681);
#5224=AXIS2_PLACEMENT_3D('',#7074,#5682,#5683);
#5225=AXIS2_PLACEMENT_3D('',#7078,#5685,#5686);
#5226=AXIS2_PLACEMENT_3D('',#7082,#5688,#5689);
#5227=AXIS2_PLACEMENT_3D('',#7086,#5691,#5692);
#5228=AXIS2_PLACEMENT_3D('',#7090,#5694,#5695);
#5229=AXIS2_PLACEMENT_3D('',#7091,#5696,#5697);
#5230=AXIS2_PLACEMENT_3D('',#7095,#5699,#5700);
#5231=AXIS2_PLACEMENT_3D('',#7099,#5702,#5703);
#5232=AXIS2_PLACEMENT_3D('',#7103,#5705,#5706);
#5233=AXIS2_PLACEMENT_3D('',#7107,#5708,#5709);
#5234=AXIS2_PLACEMENT_3D('',#7108,#5710,#5711);
#5235=AXIS2_PLACEMENT_3D('',#7111,#5713,#5714);
#5236=AXIS2_PLACEMENT_3D('',#7114,#5716,#5717);
#5237=AXIS2_PLACEMENT_3D('',#7118,#5720,#5721);
#5238=AXIS2_PLACEMENT_3D('',#7119,#5722,#5723);
#5239=AXIS2_PLACEMENT_3D('',#7122,#5725,#5726);
#5240=AXIS2_PLACEMENT_3D('',#7126,#5729,#5730);
#5241=AXIS2_PLACEMENT_3D('',#7127,#5731,#5732);
#5242=AXIS2_PLACEMENT_3D('',#7130,#5734,#5735);
#5243=AXIS2_PLACEMENT_3D('',#7134,#5738,#5739);
#5244=AXIS2_PLACEMENT_3D('',#7135,#5740,#5741);
#5245=AXIS2_PLACEMENT_3D('',#7138,#5743,#5744);
#5246=AXIS2_PLACEMENT_3D('',#7140,#5746,#5747);
#5247=AXIS2_PLACEMENT_3D('',#7141,#5748,#5749);
#5248=AXIS2_PLACEMENT_3D('',#7143,#5750,#5751);
#5249=AXIS2_PLACEMENT_3D('',#7146,#5753,#5754);
#5250=AXIS2_PLACEMENT_3D('',#7149,#5756,#5757);
#5251=AXIS2_PLACEMENT_3D('',#7153,#5760,#5761);
#5252=AXIS2_PLACEMENT_3D('',#7154,#5762,#5763);
#5253=AXIS2_PLACEMENT_3D('',#7157,#5765,#5766);
#5254=AXIS2_PLACEMENT_3D('',#7161,#5769,#5770);
#5255=AXIS2_PLACEMENT_3D('',#7162,#5771,#5772);
#5256=AXIS2_PLACEMENT_3D('',#7165,#5774,#5775);
#5257=AXIS2_PLACEMENT_3D('',#7169,#5778,#5779);
#5258=AXIS2_PLACEMENT_3D('',#7170,#5780,#5781);
#5259=AXIS2_PLACEMENT_3D('',#7173,#5783,#5784);
#5260=AXIS2_PLACEMENT_3D('',#7175,#5786,#5787);
#5261=AXIS2_PLACEMENT_3D('',#7178,#5789,#5790);
#5262=AXIS2_PLACEMENT_3D('',#7181,#5792,#5793);
#5263=AXIS2_PLACEMENT_3D('',#7185,#5796,#5797);
#5264=AXIS2_PLACEMENT_3D('',#7186,#5798,#5799);
#5265=AXIS2_PLACEMENT_3D('',#7189,#5801,#5802);
#5266=AXIS2_PLACEMENT_3D('',#7193,#5805,#5806);
#5267=AXIS2_PLACEMENT_3D('',#7194,#5807,#5808);
#5268=AXIS2_PLACEMENT_3D('',#7197,#5810,#5811);
#5269=AXIS2_PLACEMENT_3D('',#7201,#5814,#5815);
#5270=AXIS2_PLACEMENT_3D('',#7202,#5816,#5817);
#5271=AXIS2_PLACEMENT_3D('',#7205,#5819,#5820);
#5272=AXIS2_PLACEMENT_3D('',#7207,#5822,#5823);
#5273=AXIS2_PLACEMENT_3D('',#7224,#5832,#5833);
#5274=AXIS2_PLACEMENT_3D('',#7233,#5838,#5839);
#5275=AXIS2_PLACEMENT_3D('',#7239,#5843,#5844);
#5276=AXIS2_PLACEMENT_3D('',#7245,#5848,#5849);
#5277=AXIS2_PLACEMENT_3D('',#7251,#5853,#5854);
#5278=AXIS2_PLACEMENT_3D('',#7257,#5858,#5859);
#5279=AXIS2_PLACEMENT_3D('',#7263,#5863,#5864);
#5280=AXIS2_PLACEMENT_3D('',#7269,#5868,#5869);
#5281=AXIS2_PLACEMENT_3D('',#7275,#5873,#5874);
#5282=AXIS2_PLACEMENT_3D('',#7281,#5878,#5879);
#5283=AXIS2_PLACEMENT_3D('',#7287,#5883,#5884);
#5284=AXIS2_PLACEMENT_3D('',#7293,#5888,#5889);
#5285=AXIS2_PLACEMENT_3D('',#7299,#5893,#5894);
#5286=AXIS2_PLACEMENT_3D('',#7305,#5898,#5899);
#5287=AXIS2_PLACEMENT_3D('',#7311,#5903,#5904);
#5288=AXIS2_PLACEMENT_3D('',#7317,#5908,#5909);
#5289=AXIS2_PLACEMENT_3D('',#7323,#5913,#5914);
#5290=AXIS2_PLACEMENT_3D('',#7329,#5918,#5919);
#5291=AXIS2_PLACEMENT_3D('',#7335,#5923,#5924);
#5292=AXIS2_PLACEMENT_3D('',#7341,#5928,#5929);
#5293=AXIS2_PLACEMENT_3D('',#7344,#5932,#5933);
#5294=AXIS2_PLACEMENT_3D('',#7350,#5937,#5938);
#5295=AXIS2_PLACEMENT_3D('',#7354,#5941,#5942);
#5296=AXIS2_PLACEMENT_3D('',#7358,#5945,#5946);
#5297=AXIS2_PLACEMENT_3D('',#7362,#5949,#5950);
#5298=AXIS2_PLACEMENT_3D('',#7366,#5953,#5954);
#5299=AXIS2_PLACEMENT_3D('',#7370,#5957,#5958);
#5300=AXIS2_PLACEMENT_3D('',#7374,#5961,#5962);
#5301=AXIS2_PLACEMENT_3D('',#7376,#5964,#5965);
#5302=AXIS2_PLACEMENT_3D('',#7385,#5970,#5971);
#5303=AXIS2_PLACEMENT_3D('',#7391,#5975,#5976);
#5304=AXIS2_PLACEMENT_3D('',#7400,#5981,#5982);
#5305=AXIS2_PLACEMENT_3D('',#7406,#5986,#5987);
#5306=AXIS2_PLACEMENT_3D('',#7412,#5991,#5992);
#5307=AXIS2_PLACEMENT_3D('',#7421,#5997,#5998);
#5308=AXIS2_PLACEMENT_3D('',#7427,#6002,#6003);
#5309=AXIS2_PLACEMENT_3D('',#7433,#6007,#6008);
#5310=AXIS2_PLACEMENT_3D('',#7442,#6013,#6014);
#5311=AXIS2_PLACEMENT_3D('',#7448,#6018,#6019);
#5312=AXIS2_PLACEMENT_3D('',#7454,#6023,#6024);
#5313=AXIS2_PLACEMENT_3D('',#7460,#6028,#6029);
#5314=AXIS2_PLACEMENT_3D('',#7466,#6033,#6034);
#5315=AXIS2_PLACEMENT_3D('',#7468,#6036,#6037);
#5316=AXIS2_PLACEMENT_3D('',#7474,#6041,#6042);
#5317=AXIS2_PLACEMENT_3D('',#7480,#6046,#6047);
#5318=AXIS2_PLACEMENT_3D('',#7482,#6049,#6050);
#5319=AXIS2_PLACEMENT_3D('',#7488,#6054,#6055);
#5320=AXIS2_PLACEMENT_3D('',#7494,#6059,#6060);
#5321=AXIS2_PLACEMENT_3D('',#7496,#6062,#6063);
#5322=AXIS2_PLACEMENT_3D('',#7502,#6067,#6068);
#5323=AXIS2_PLACEMENT_3D('',#7508,#6072,#6073);
#5324=AXIS2_PLACEMENT_3D('',#7510,#6075,#6076);
#5325=AXIS2_PLACEMENT_3D('',#7516,#6080,#6081);
#5326=AXIS2_PLACEMENT_3D('',#7522,#6085,#6086);
#5327=AXIS2_PLACEMENT_3D('',#7528,#6090,#6091);
#5328=AXIS2_PLACEMENT_3D('',#7530,#6093,#6094);
#5329=AXIS2_PLACEMENT_3D('',#7532,#6096,#6097);
#5330=AXIS2_PLACEMENT_3D('',#7538,#6101,#6102);
#5331=AXIS2_PLACEMENT_3D('',#7542,#6105,#6106);
#5332=AXIS2_PLACEMENT_3D('',#7546,#6109,#6110);
#5333=AXIS2_PLACEMENT_3D('',#7548,#6112,#6113);
#5334=AXIS2_PLACEMENT_3D('',#7554,#6117,#6118);
#5335=AXIS2_PLACEMENT_3D('',#7560,#6122,#6123);
#5336=AXIS2_PLACEMENT_3D('',#7562,#6125,#6126);
#5337=AXIS2_PLACEMENT_3D('',#7564,#6128,#6129);
#5338=AXIS2_PLACEMENT_3D('',#7565,#6130,#6131);
#5339=AXIS2_PLACEMENT_3D('',#7566,#6132,#6133);
#5340=AXIS2_PLACEMENT_3D('',#7567,#6134,#6135);
#5341=AXIS2_PLACEMENT_3D('',#7568,#6136,#6137);
#5342=AXIS2_PLACEMENT_3D('',#7569,#6138,#6139);
#5343=AXIS2_PLACEMENT_3D('',#7570,#6140,#6141);
#5344=AXIS2_PLACEMENT_3D('',#7571,#6142,#6143);
#5345=AXIS2_PLACEMENT_3D('',#7572,#6144,#6145);
#5346=AXIS2_PLACEMENT_3D('',#7573,#6146,#6147);
#5347=AXIS2_PLACEMENT_3D('',#7574,#6148,#6149);
#5348=AXIS2_PLACEMENT_3D('',#7575,#6150,#6151);
#5349=AXIS2_PLACEMENT_3D('',#7576,#6152,#6153);
#5350=AXIS2_PLACEMENT_3D('',#7579,#6156,#6157);
#5351=AXIS2_PLACEMENT_3D('',#7582,#6160,#6161);
#5352=AXIS2_PLACEMENT_3D('',#7585,#6164,#6165);
#5353=AXIS2_PLACEMENT_3D('',#7588,#6168,#6169);
#5354=AXIS2_PLACEMENT_3D('',#7589,#6170,#6171);
#5355=AXIS2_PLACEMENT_3D('',#7590,#6172,#6173);
#5356=AXIS2_PLACEMENT_3D('',#7591,#6174,#6175);
#5357=AXIS2_PLACEMENT_3D('',#7592,#6176,#6177);
#5358=AXIS2_PLACEMENT_3D('',#7601,#6182,#6183);
#5359=AXIS2_PLACEMENT_3D('',#7604,#6186,#6187);
#5360=AXIS2_PLACEMENT_3D('',#7606,#6189,#6190);
#5361=AXIS2_PLACEMENT_3D('',#7608,#6192,#6193);
#5362=AXIS2_PLACEMENT_3D('',#7609,#6194,#6195);
#5363=AXIS2_PLACEMENT_3D('',#7613,#6197,#6198);
#5364=AXIS2_PLACEMENT_3D('',#7617,#6200,#6201);
#5365=AXIS2_PLACEMENT_3D('',#7621,#6203,#6204);
#5366=AXIS2_PLACEMENT_3D('',#7625,#6206,#6207);
#5367=AXIS2_PLACEMENT_3D('',#7626,#6208,#6209);
#5368=AXIS2_PLACEMENT_3D('',#7627,#6210,#6211);
#5369=AXIS2_PLACEMENT_3D('',#7632,#6214,#6215);
#5370=AXIS2_PLACEMENT_3D('',#7636,#6218,#6219);
#5371=AXIS2_PLACEMENT_3D('',#7637,#6220,#6221);
#5372=AXIS2_PLACEMENT_3D('',#7640,#6223,#6224);
#5373=AXIS2_PLACEMENT_3D('',#7644,#6227,#6228);
#5374=AXIS2_PLACEMENT_3D('',#7645,#6229,#6230);
#5375=AXIS2_PLACEMENT_3D('',#7648,#6232,#6233);
#5376=AXIS2_PLACEMENT_3D('',#7652,#6236,#6237);
#5377=AXIS2_PLACEMENT_3D('',#7653,#6238,#6239);
#5378=AXIS2_PLACEMENT_3D('',#7656,#6241,#6242);
#5379=AXIS2_PLACEMENT_3D('',#7658,#6244,#6245);
#5380=AXIS2_PLACEMENT_3D('',#7659,#6246,#6247);
#5381=AXIS2_PLACEMENT_3D('',#7661,#6248,#6249);
#5382=AXIS2_PLACEMENT_3D('',#7662,#6250,#6251);
#5383=AXIS2_PLACEMENT_3D('',#7671,#6256,#6257);
#5384=AXIS2_PLACEMENT_3D('',#7672,#6258,#6259);
#5385=AXIS2_PLACEMENT_3D('',#7683,#6265,#6266);
#5386=AXIS2_PLACEMENT_3D('',#7687,#6269,#6270);
#5387=AXIS2_PLACEMENT_3D('',#7688,#6271,#6272);
#5388=AXIS2_PLACEMENT_3D('',#7697,#6277,#6278);
#5389=AXIS2_PLACEMENT_3D('',#7699,#6280,#6281);
#5390=AXIS2_PLACEMENT_3D('',#7708,#6286,#6287);
#5391=AXIS2_PLACEMENT_3D('',#7711,#6290,#6291);
#5392=AXIS2_PLACEMENT_3D('',#7714,#6294,#6295);
#5393=AXIS2_PLACEMENT_3D('',#7715,#6296,#6297);
#5394=AXIS2_PLACEMENT_3D('',#7716,#6298,#6299);
#5395=AXIS2_PLACEMENT_3D('',#7717,#6300,#6301);
#5396=AXIS2_PLACEMENT_3D('',#7726,#6306,#6307);
#5397=AXIS2_PLACEMENT_3D('',#7733,#6311,#6312);
#5398=AXIS2_PLACEMENT_3D('',#7737,#6314,#6315);
#5399=AXIS2_PLACEMENT_3D('',#7753,#6323,#6324);
#5400=AXIS2_PLACEMENT_3D('',#7757,#6326,#6327);
#5401=AXIS2_PLACEMENT_3D('',#7760,#6329,#6330);
#5402=AXIS2_PLACEMENT_3D('',#7765,#6333,#6334);
#5403=AXIS2_PLACEMENT_3D('',#7769,#6336,#6337);
#5404=AXIS2_PLACEMENT_3D('',#7785,#6345,#6346);
#5405=AXIS2_PLACEMENT_3D('',#7789,#6348,#6349);
#5406=AXIS2_PLACEMENT_3D('',#7794,#6352,#6353);
#5407=AXIS2_PLACEMENT_3D('',#7796,#6355,#6356);
#5408=AXIS2_PLACEMENT_3D('',#7798,#6358,#6359);
#5409=AXIS2_PLACEMENT_3D('',#7801,#6362,#6363);
#5410=AXIS2_PLACEMENT_3D('',#7810,#6368,#6369);
#5411=AXIS2_PLACEMENT_3D('',#7813,#6372,#6373);
#5412=AXIS2_PLACEMENT_3D('',#7816,#6376,#6377);
#5413=AXIS2_PLACEMENT_3D('',#7819,#6380,#6381);
#5414=AXIS2_PLACEMENT_3D('',#7822,#6384,#6385);
#5415=AXIS2_PLACEMENT_3D('',#7824,#6387,#6388);
#5416=AXIS2_PLACEMENT_3D('',#7826,#6390,#6391);
#5417=AXIS2_PLACEMENT_3D('',#7828,#6393,#6394);
#5418=AXIS2_PLACEMENT_3D('',#7831,#6397,#6398);
#5419=AXIS2_PLACEMENT_3D('',#7833,#6400,#6401);
#5420=AXIS2_PLACEMENT_3D('',#7834,#6402,#6403);
#5421=AXIS2_PLACEMENT_3D('',#7835,#6404,#6405);
#5422=AXIS2_PLACEMENT_3D('',#7836,#6406,#6407);
#5423=AXIS2_PLACEMENT_3D('',#7837,#6408,#6409);
#5424=AXIS2_PLACEMENT_3D('',#7838,#6410,#6411);
#5425=AXIS2_PLACEMENT_3D('',#7839,#6412,#6413);
#5426=AXIS2_PLACEMENT_3D('',#7864,#6426,#6427);
#5427=AXIS2_PLACEMENT_3D('',#7873,#6432,#6433);
#5428=AXIS2_PLACEMENT_3D('',#7876,#6436,#6437);
#5429=AXIS2_PLACEMENT_3D('',#7880,#6439,#6440);
#5430=AXIS2_PLACEMENT_3D('',#7884,#6442,#6443);
#5431=AXIS2_PLACEMENT_3D('',#7885,#6444,#6445);
#5432=AXIS2_PLACEMENT_3D('',#7889,#6447,#6448);
#5433=AXIS2_PLACEMENT_3D('',#7893,#6450,#6451);
#5434=AXIS2_PLACEMENT_3D('',#7894,#6452,#6453);
#5435=AXIS2_PLACEMENT_3D('',#7895,#6454,#6455);
#5436=AXIS2_PLACEMENT_3D('',#7899,#6457,#6458);
#5437=AXIS2_PLACEMENT_3D('',#7900,#6459,#6460);
#5438=AXIS2_PLACEMENT_3D('',#7920,#6473,#6474);
#5439=AXIS2_PLACEMENT_3D('',#7947,#6488,#6489);
#5440=AXIS2_PLACEMENT_3D('',#7953,#6493,#6494);
#5441=AXIS2_PLACEMENT_3D('',#7966,#6501,#6502);
#5442=AXIS2_PLACEMENT_3D('',#7987,#6513,#6514);
#5443=AXIS2_PLACEMENT_3D('',#7996,#6520,#6521);
#5444=AXIS2_PLACEMENT_3D('',#7997,#6522,#6523);
#5445=AXIS2_PLACEMENT_3D('',#7998,#6524,#6525);
#5446=AXIS2_PLACEMENT_3D('',#7999,#6526,#6527);
#5447=AXIS2_PLACEMENT_3D('',#8000,#6528,#6529);
#5448=AXIS2_PLACEMENT_3D('',#8017,#6538,#6539);
#5449=AXIS2_PLACEMENT_3D('',#8030,#6546,#6547);
#5450=AXIS2_PLACEMENT_3D('',#8043,#6554,#6555);
#5451=AXIS2_PLACEMENT_3D('',#8049,#6558,#6559);
#5452=AXIS2_PLACEMENT_3D('',#8053,#6561,#6562);
#5453=AXIS2_PLACEMENT_3D('',#8057,#6564,#6565);
#5454=AXIS2_PLACEMENT_3D('',#8062,#6568,#6569);
#5455=AXIS2_PLACEMENT_3D('',#8064,#6570,#6571);
#5456=AXIS2_PLACEMENT_3D('',#8068,#6574,#6575);
#5457=AXIS2_PLACEMENT_3D('',#8080,#6581,#6582);
#5458=AXIS2_PLACEMENT_3D('',#8081,#6583,#6584);
#5459=AXIS2_PLACEMENT_3D('',#8082,#6585,#6586);
#5460=AXIS2_PLACEMENT_3D('',#8086,#6588,#6589);
#5461=AXIS2_PLACEMENT_3D('',#8087,#6590,#6591);
#5462=AXIS2_PLACEMENT_3D('',#8093,#6595,#6596);
#5463=AXIS2_PLACEMENT_3D('',#8099,#6600,#6601);
#5464=AXIS2_PLACEMENT_3D('',#8112,#6609,#6610);
#5465=AXIS2_PLACEMENT_3D('',#8116,#6613,#6614);
#5466=AXIS2_PLACEMENT_3D('',#8118,#6616,#6617);
#5467=AXIS2_PLACEMENT_3D('',#8122,#6620,#6621);
#5468=AXIS2_PLACEMENT_3D('',#8124,#6623,#6624);
#5469=AXIS2_PLACEMENT_3D('',#8126,#6626,#6627);
#5470=AXIS2_PLACEMENT_3D('',#8135,#6632,#6633);
#5471=AXIS2_PLACEMENT_3D('',#8141,#6637,#6638);
#5472=AXIS2_PLACEMENT_3D('',#8150,#6643,#6644);
#5473=AXIS2_PLACEMENT_3D('',#8153,#6647,#6648);
#5474=AXIS2_PLACEMENT_3D('',#8159,#6652,#6653);
#5475=AXIS2_PLACEMENT_3D('',#8161,#6655,#6656);
#5476=AXIS2_PLACEMENT_3D('',#8163,#6658,#6659);
#5477=AXIS2_PLACEMENT_3D('',#8169,#6663,#6664);
#5478=AXIS2_PLACEMENT_3D('',#8178,#6669,#6670);
#5479=AXIS2_PLACEMENT_3D('',#8181,#6673,#6674);
#5480=AXIS2_PLACEMENT_3D('',#8183,#6676,#6677);
#5481=AXIS2_PLACEMENT_3D('',#8185,#6679,#6680);
#5482=AXIS2_PLACEMENT_3D('',#8191,#6684,#6685);
#5483=AXIS2_PLACEMENT_3D('',#8197,#6689,#6690);
#5484=AXIS2_PLACEMENT_3D('',#8203,#6694,#6695);
#5485=AXIS2_PLACEMENT_3D('',#8205,#6697,#6698);
#5486=AXIS2_PLACEMENT_3D('',#8207,#6700,#6701);
#5487=AXIS2_PLACEMENT_3D('',#8213,#6705,#6706);
#5488=AXIS2_PLACEMENT_3D('',#8219,#6710,#6711);
#5489=AXIS2_PLACEMENT_3D('',#8225,#6715,#6716);
#5490=AXIS2_PLACEMENT_3D('',#8227,#6718,#6719);
#5491=AXIS2_PLACEMENT_3D('',#8229,#6721,#6722);
#5492=AXIS2_PLACEMENT_3D('',#8230,#6723,#6724);
#5493=AXIS2_PLACEMENT_3D('',#8232,#6725,#6726);
#5494=AXIS2_PLACEMENT_3D('',#8234,#6727,#6728);
#5495=AXIS2_PLACEMENT_3D('',#8235,#6729,#6730);
#5496=AXIS2_PLACEMENT_3D('',#8237,#6731,#6732);
#5497=AXIS2_PLACEMENT_3D('',#8238,#6733,#6734);
#5498=AXIS2_PLACEMENT_3D('',#8239,#6735,#6736);
#5499=AXIS2_PLACEMENT_3D('',#8240,#6737,#6738);
#5500=AXIS2_PLACEMENT_3D('',#8245,#6741,#6742);
#5501=AXIS2_PLACEMENT_3D('',#8246,#6743,#6744);
#5502=AXIS2_PLACEMENT_3D('',#8247,#6745,#6746);
#5503=AXIS2_PLACEMENT_3D('',#8250,#6748,#6749);
#5504=AXIS2_PLACEMENT_3D('',#8251,#6750,#6751);
#5505=AXIS2_PLACEMENT_3D('',#8254,#6753,#6754);
#5506=AXIS2_PLACEMENT_3D('',#8255,#6755,#6756);
#5507=AXIS2_PLACEMENT_3D('',#8256,#6757,#6758);
#5508=AXIS2_PLACEMENT_3D('',#8257,#6759,#6760);
#5509=AXIS2_PLACEMENT_3D('',#8258,#6761,#6762);
#5510=AXIS2_PLACEMENT_3D('',#8259,#6763,#6764);
#5511=AXIS2_PLACEMENT_3D('',#8260,#6765,#6766);
#5512=AXIS2_PLACEMENT_3D('',#8261,#6767,#6768);
#5513=AXIS2_PLACEMENT_3D('',#8262,#6769,#6770);
#5514=AXIS2_PLACEMENT_3D('',#8263,#6771,#6772);
#5515=AXIS2_PLACEMENT_3D('',#8264,#6773,#6774);
#5516=AXIS2_PLACEMENT_3D('',#8265,#6775,#6776);
#5517=AXIS2_PLACEMENT_3D('',#8266,#6777,#6778);
#5518=AXIS2_PLACEMENT_3D('',#8267,#6779,#6780);
#5519=AXIS2_PLACEMENT_3D('',#8270,#6782,#6783);
#5520=AXIS2_PLACEMENT_3D('',#8271,#6784,#6785);
#5521=AXIS2_PLACEMENT_3D('',#8272,#6786,#6787);
#5522=AXIS2_PLACEMENT_3D('',#8273,#6788,#6789);
#5523=AXIS2_PLACEMENT_3D('',#8274,#6790,#6791);
#5524=AXIS2_PLACEMENT_3D('',#8288,#6792,#6793);
#5525=AXIS2_PLACEMENT_3D('',#8289,#6794,#6795);
#5526=AXIS2_PLACEMENT_3D('',#8290,#6796,#6797);
#5527=AXIS2_PLACEMENT_3D('',#8291,#6798,#6799);
#5528=AXIS2_PLACEMENT_3D('',#8292,#6800,#6801);
#5529=AXIS2_PLACEMENT_3D('',#8293,#6802,#6803);
#5530=AXIS2_PLACEMENT_3D('',#8294,#6804,#6805);
#5531=AXIS2_PLACEMENT_3D('',#8311,#6806,#6807);
#5532=AXIS2_PLACEMENT_3D('',#8313,#6808,#6809);
#5533=AXIS2_PLACEMENT_3D('',#8314,#6810,#6811);
#5534=AXIS2_PLACEMENT_3D('',#8315,#6812,#6813);
#5535=AXIS2_PLACEMENT_3D('',#8316,#6814,#6815);
#5536=AXIS2_PLACEMENT_3D('',#8317,#6816,#6817);
#5537=AXIS2_PLACEMENT_3D('',#8318,#6818,#6819);
#5538=AXIS2_PLACEMENT_3D('',#8319,#6820,#6821);
#5539=AXIS2_PLACEMENT_3D('',#8320,#6822,#6823);
#5540=AXIS2_PLACEMENT_3D('',#8337,#6824,#6825);
#5541=AXIS2_PLACEMENT_3D('',#8339,#6826,#6827);
#5542=AXIS2_PLACEMENT_3D('',#8340,#6828,#6829);
#5543=AXIS2_PLACEMENT_3D('',#8341,#6830,#6831);
#5544=AXIS2_PLACEMENT_3D('',#8342,#6832,#6833);
#5545=AXIS2_PLACEMENT_3D('',#8343,#6834,#6835);
#5546=AXIS2_PLACEMENT_3D('',#8344,#6836,#6837);
#5547=AXIS2_PLACEMENT_3D('',#8345,#6838,#6839);
#5548=AXIS2_PLACEMENT_3D('',#8362,#6840,#6841);
#5549=AXIS2_PLACEMENT_3D('',#8363,#6842,#6843);
#5550=AXIS2_PLACEMENT_3D('',#8364,#6844,#6845);
#5551=AXIS2_PLACEMENT_3D('',#8365,#6846,#6847);
#5552=AXIS2_PLACEMENT_3D('',#8375,#6853,#6854);
#5553=AXIS2_PLACEMENT_3D('',#8378,#6857,#6858);
#5554=AXIS2_PLACEMENT_3D('',#8379,#6859,#6860);
#5555=AXIS2_PLACEMENT_3D('',#8382,#6863,#6864);
#5556=AXIS2_PLACEMENT_3D('',#8383,#6865,#6866);
#5557=AXIS2_PLACEMENT_3D('',#8384,#6867,#6868);
#5558=AXIS2_PLACEMENT_3D('',#8385,#6869,#6870);
#5559=AXIS2_PLACEMENT_3D('',#8386,#6871,#6872);
#5560=AXIS2_PLACEMENT_3D('',#8392,#6876,#6877);
#5561=AXIS2_PLACEMENT_3D('',#8398,#6881,#6882);
#5562=AXIS2_PLACEMENT_3D('',#8401,#6885,#6886);
#5563=AXIS2_PLACEMENT_3D('',#8402,#6887,#6888);
#5564=AXIS2_PLACEMENT_3D('',#8403,#6889,#6890);
#5565=AXIS2_PLACEMENT_3D('',#8412,#6895,#6896);
#5566=AXIS2_PLACEMENT_3D('',#8413,#6897,#6898);
#5567=AXIS2_PLACEMENT_3D('',#8424,#6904,#6905);
#5568=AXIS2_PLACEMENT_3D('',#8425,#6906,#6907);
#5569=AXIS2_PLACEMENT_3D('',#8436,#6913,#6914);
#5570=AXIS2_PLACEMENT_3D('',#8438,#6916,#6917);
#5571=AXIS2_PLACEMENT_3D('',#8440,#6919,#6920);
#5572=AXIS2_PLACEMENT_3D('',#8449,#6925,#6926);
#5573=AXIS2_PLACEMENT_3D('',#8452,#6929,#6930);
#5574=AXIS2_PLACEMENT_3D('',#8455,#6933,#6934);
#5575=AXIS2_PLACEMENT_3D('',#8456,#6935,#6936);
#5576=AXIS2_PLACEMENT_3D('',#8457,#6937,#6938);
#5577=AXIS2_PLACEMENT_3D('',#8458,#6939,#6940);
#5578=DIRECTION('',(0.,0.,1.));
#5579=DIRECTION('',(1.,0.,0.));
#5580=DIRECTION('',(0.,1.,0.));
#5581=DIRECTION('',(-1.,0.,0.));
#5582=DIRECTION('',(0.,-1.,0.));
#5583=DIRECTION('',(-1.,0.,0.));
#5584=DIRECTION('',(0.,0.,1.));
#5585=DIRECTION('',(1.,0.,0.));
#5586=DIRECTION('',(5.70632722360792E-017,0.,-1.));
#5587=DIRECTION('',(-0.17364817766693,0.,-0.984807753012208));
#5588=DIRECTION('',(-0.707106781186547,0.,-0.707106781186548));
#5589=DIRECTION('',(-1.,0.,-1.37676466347366E-016));
#5590=DIRECTION('',(-0.707106781186547,0.,0.707106781186547));
#5591=DIRECTION('',(-0.17364817766693,0.,0.984807753012208));
#5592=DIRECTION('',(0.,0.,1.));
#5593=DIRECTION('',(0.,-1.,0.));
#5594=DIRECTION('',(-1.,0.,0.));
#5595=DIRECTION('',(5.70632722360792E-017,0.,-1.));
#5596=DIRECTION('',(0.,0.,1.));
#5597=DIRECTION('',(0.17364817766693,0.,-0.984807753012208));
#5598=DIRECTION('',(0.707106781186547,0.,-0.707106781186547));
#5599=DIRECTION('',(1.,0.,1.37676466347366E-016));
#5600=DIRECTION('',(0.707106781186547,0.,0.707106781186548));
#5601=DIRECTION('',(0.17364817766693,0.,0.984807753012208));
#5602=DIRECTION('',(0.,-1.,0.));
#5603=DIRECTION('',(-1.,0.,0.));
#5604=DIRECTION('',(0.,-1.,0.));
#5605=DIRECTION('',(-1.,0.,0.));
#5606=DIRECTION('',(0.,1.,0.));
#5607=DIRECTION('',(0.,1.,0.));
#5608=DIRECTION('',(1.,0.,5.70632722360792E-017));
#5609=DIRECTION('',(5.72458747072346E-017,0.,-1.));
#5610=DIRECTION('',(0.,-1.,0.));
#5611=DIRECTION('',(-1.,0.,-1.37676466347366E-016));
#5612=DIRECTION('',(0.,1.,0.));
#5613=DIRECTION('',(1.,0.,1.37676466347366E-016));
#5614=DIRECTION('',(1.37676466347366E-016,0.,-1.));
#5615=DIRECTION('',(-1.,0.,-1.37043154602168E-016));
#5616=DIRECTION('',(0.,1.,0.));
#5617=DIRECTION('',(0.696310623822791,-0.174077655955698,-0.696310623822791));
#5618=DIRECTION('',(-0.696310623822791,-0.174077655955698,0.696310623822791));
#5619=DIRECTION('',(0.707106781186547,0.,0.707106781186547));
#5620=DIRECTION('',(0.707106781186547,0.,-0.707106781186547));
#5621=DIRECTION('',(0.,-1.,0.));
#5622=DIRECTION('',(-0.696310623822791,0.174077655955698,-0.696310623822792));
#5623=DIRECTION('',(0.696310623822791,0.174077655955698,0.696310623822792));
#5624=DIRECTION('',(-0.707106781186548,0.,0.707106781186547));
#5625=DIRECTION('',(0.707106781186547,0.,0.707106781186548));
#5626=DIRECTION('',(3.33914478183521E-017,0.970142500145332,-0.242535625036333));
#5627=DIRECTION('',(0.,-0.242535625036333,-0.970142500145332));
#5628=DIRECTION('',(-3.3391447818352E-017,0.970142500145332,0.242535625036333));
#5629=DIRECTION('',(0.,0.242535625036333,-0.970142500145332));
#5630=DIRECTION('',(0.984807753012208,0.,-0.17364817766693));
#5631=DIRECTION('',(0.,1.,0.));
#5632=DIRECTION('',(-0.984807753012208,0.,-0.17364817766693));
#5633=DIRECTION('',(0.,-1.,0.));
#5634=DIRECTION('',(1.,0.,0.));
#5635=DIRECTION('',(0.,-1.,0.));
#5636=DIRECTION('',(-1.,0.,0.));
#5637=DIRECTION('',(0.,1.,0.));
#5638=DIRECTION('',(0.,-1.,0.));
#5639=DIRECTION('',(-1.,0.,0.));
#5640=DIRECTION('',(0.,1.,0.));
#5641=DIRECTION('',(1.,0.,0.));
#5642=DIRECTION('',(0.,-1.,0.));
#5643=DIRECTION('',(-1.,0.,0.));
#5644=DIRECTION('',(0.,1.,0.));
#5645=DIRECTION('',(1.,0.,0.));
#5646=DIRECTION('',(1.,-1.20466908053945E-016,0.));
#5647=DIRECTION('',(0.,-1.,0.));
#5648=DIRECTION('',(-1.,0.,0.));
#5649=DIRECTION('',(0.,1.,0.));
#5650=DIRECTION('',(0.,0.,-1.));
#5651=DIRECTION('',(1.,0.,0.));
#5652=DIRECTION('',(0.,1.,0.));
#5653=DIRECTION('',(0.,0.,-1.));
#5654=DIRECTION('',(1.,0.,0.));
#5655=DIRECTION('',(-1.,-1.42190448850558E-016,0.));
#5656=DIRECTION('',(0.,0.,-1.));
#5657=DIRECTION('',(1.,0.,0.));
#5658=DIRECTION('',(1.42190448850558E-016,-1.,0.));
#5659=DIRECTION('',(0.,0.,-1.));
#5660=DIRECTION('',(1.,0.,0.));
#5661=DIRECTION('',(1.,0.,0.));
#5662=DIRECTION('',(0.,0.,-1.));
#5663=DIRECTION('',(1.,0.,0.));
#5664=DIRECTION('',(0.,0.,1.));
#5665=DIRECTION('',(-1.,0.,0.));
#5666=DIRECTION('',(1.,0.,0.));
#5667=DIRECTION('',(0.,0.,-1.));
#5668=DIRECTION('',(1.,0.,0.));
#5669=DIRECTION('',(0.,1.,0.));
#5670=DIRECTION('',(0.,0.,-1.));
#5671=DIRECTION('',(1.,0.,0.));
#5672=DIRECTION('',(1.,0.,0.));
#5673=DIRECTION('',(0.,0.,-1.));
#5674=DIRECTION('',(1.,0.,0.));
#5675=DIRECTION('',(0.,-1.,0.));
#5676=DIRECTION('',(0.,0.,-1.));
#5677=DIRECTION('',(1.,0.,0.));
#5678=DIRECTION('',(0.,0.,1.));
#5679=DIRECTION('',(-1.,0.,0.));
#5680=DIRECTION('',(0.,0.,-1.));
#5681=DIRECTION('',(-1.,0.,0.));
#5682=DIRECTION('',(0.,0.,-1.));
#5683=DIRECTION('',(1.,0.,0.));
#5684=DIRECTION('',(-1.,0.,0.));
#5685=DIRECTION('',(0.,0.,-1.));
#5686=DIRECTION('',(1.,0.,0.));
#5687=DIRECTION('',(0.,1.,0.));
#5688=DIRECTION('',(0.,0.,-1.));
#5689=DIRECTION('',(1.,0.,0.));
#5690=DIRECTION('',(1.,0.,0.));
#5691=DIRECTION('',(0.,0.,-1.));
#5692=DIRECTION('',(1.,0.,0.));
#5693=DIRECTION('',(0.,-1.,0.));
#5694=DIRECTION('',(0.,0.,-1.));
#5695=DIRECTION('',(1.,0.,0.));
#5696=DIRECTION('',(0.,0.,1.));
#5697=DIRECTION('',(-1.,0.,0.));
#5698=DIRECTION('',(-1.,8.94187358750932E-017,0.));
#5699=DIRECTION('',(0.,0.,-1.));
#5700=DIRECTION('',(1.,0.,0.));
#5701=DIRECTION('',(0.,1.,0.));
#5702=DIRECTION('',(0.,0.,-1.));
#5703=DIRECTION('',(1.,0.,0.));
#5704=DIRECTION('',(1.,-1.43069977400149E-015,0.));
#5705=DIRECTION('',(0.,0.,-1.));
#5706=DIRECTION('',(1.,0.,0.));
#5707=DIRECTION('',(0.,-1.,0.));
#5708=DIRECTION('',(0.,0.,-1.));
#5709=DIRECTION('',(1.,0.,0.));
#5710=DIRECTION('',(0.,0.,1.));
#5711=DIRECTION('',(-1.,0.,0.));
#5712=DIRECTION('',(0.,0.,1.));
#5713=DIRECTION('',(0.,0.,1.));
#5714=DIRECTION('',(1.,0.,0.));
#5715=DIRECTION('',(0.,0.,-1.));
#5716=DIRECTION('',(0.,0.,-1.));
#5717=DIRECTION('',(1.,0.,0.));
#5718=DIRECTION('',(1.,0.,0.));
#5719=DIRECTION('',(0.,0.,1.));
#5720=DIRECTION('',(0.,1.,0.));
#5721=DIRECTION('',(0.,0.,-1.));
#5722=DIRECTION('',(0.,0.,1.));
#5723=DIRECTION('',(1.,0.,0.));
#5724=DIRECTION('',(0.,0.,-1.));
#5725=DIRECTION('',(0.,0.,-1.));
#5726=DIRECTION('',(1.,0.,0.));
#5727=DIRECTION('',(0.,1.,0.));
#5728=DIRECTION('',(0.,0.,1.));
#5729=DIRECTION('',(-1.,0.,0.));
#5730=DIRECTION('',(0.,0.,-1.));
#5731=DIRECTION('',(0.,0.,1.));
#5732=DIRECTION('',(1.,0.,0.));
#5733=DIRECTION('',(0.,0.,-1.));
#5734=DIRECTION('',(0.,0.,1.));
#5735=DIRECTION('',(-1.,0.,0.));
#5736=DIRECTION('',(1.,0.,0.));
#5737=DIRECTION('',(0.,0.,1.));
#5738=DIRECTION('',(0.,1.,0.));
#5739=DIRECTION('',(0.,0.,-1.));
#5740=DIRECTION('',(0.,0.,1.));
#5741=DIRECTION('',(1.,0.,0.));
#5742=DIRECTION('',(0.,0.,-1.));
#5743=DIRECTION('',(0.,0.,1.));
#5744=DIRECTION('',(-1.,0.,0.));
#5745=DIRECTION('',(0.,-1.,0.));
#5746=DIRECTION('',(1.,0.,0.));
#5747=DIRECTION('',(0.,0.,1.));
#5748=DIRECTION('',(0.,0.,-1.));
#5749=DIRECTION('',(1.,1.22464679914735E-016,0.));
#5750=DIRECTION('',(0.,0.,-1.));
#5751=DIRECTION('',(1.,0.,2.59430230704407E-019));
#5752=DIRECTION('',(0.,0.,1.));
#5753=DIRECTION('',(0.,0.,1.));
#5754=DIRECTION('',(1.,0.,0.));
#5755=DIRECTION('',(0.,0.,-1.));
#5756=DIRECTION('',(0.,0.,1.));
#5757=DIRECTION('',(-1.,0.,0.));
#5758=DIRECTION('',(-1.,0.,0.));
#5759=DIRECTION('',(0.,0.,1.));
#5760=DIRECTION('',(0.,-1.,0.));
#5761=DIRECTION('',(0.,0.,1.));
#5762=DIRECTION('',(0.,0.,1.));
#5763=DIRECTION('',(1.,0.,0.));
#5764=DIRECTION('',(0.,0.,-1.));
#5765=DIRECTION('',(0.,0.,1.));
#5766=DIRECTION('',(-1.,0.,0.));
#5767=DIRECTION('',(0.,1.,0.));
#5768=DIRECTION('',(0.,0.,1.));
#5769=DIRECTION('',(-1.,0.,0.));
#5770=DIRECTION('',(0.,0.,-1.));
#5771=DIRECTION('',(0.,0.,1.));
#5772=DIRECTION('',(1.,0.,0.));
#5773=DIRECTION('',(0.,0.,-1.));
#5774=DIRECTION('',(0.,0.,1.));
#5775=DIRECTION('',(-1.,0.,0.));
#5776=DIRECTION('',(1.,0.,0.));
#5777=DIRECTION('',(0.,0.,1.));
#5778=DIRECTION('',(0.,1.,0.));
#5779=DIRECTION('',(0.,0.,-1.));
#5780=DIRECTION('',(0.,0.,1.));
#5781=DIRECTION('',(1.,0.,0.));
#5782=DIRECTION('',(0.,0.,-1.));
#5783=DIRECTION('',(0.,0.,1.));
#5784=DIRECTION('',(-1.,0.,0.));
#5785=DIRECTION('',(0.,-1.,0.));
#5786=DIRECTION('',(1.,0.,0.));
#5787=DIRECTION('',(0.,0.,1.));
#5788=DIRECTION('',(0.,0.,1.));
#5789=DIRECTION('',(0.,0.,1.));
#5790=DIRECTION('',(1.,0.,0.));
#5791=DIRECTION('',(0.,0.,-1.));
#5792=DIRECTION('',(0.,0.,1.));
#5793=DIRECTION('',(-1.,0.,0.));
#5794=DIRECTION('',(-1.,8.94187358750932E-017,0.));
#5795=DIRECTION('',(0.,0.,1.));
#5796=DIRECTION('',(-8.94187358750932E-017,-1.,0.));
#5797=DIRECTION('',(-1.,8.93382590128056E-017,0.));
#5798=DIRECTION('',(0.,0.,1.));
#5799=DIRECTION('',(1.,0.,0.));
#5800=DIRECTION('',(0.,0.,-1.));
#5801=DIRECTION('',(0.,0.,1.));
#5802=DIRECTION('',(-1.,0.,0.));
#5803=DIRECTION('',(0.,1.,0.));
#5804=DIRECTION('',(0.,0.,1.));
#5805=DIRECTION('',(-1.,0.,0.));
#5806=DIRECTION('',(0.,0.,-1.));
#5807=DIRECTION('',(0.,0.,1.));
#5808=DIRECTION('',(1.,0.,0.));
#5809=DIRECTION('',(0.,0.,-1.));
#5810=DIRECTION('',(0.,0.,1.));
#5811=DIRECTION('',(-1.,0.,0.));
#5812=DIRECTION('',(1.,-1.43069977400149E-015,0.));
#5813=DIRECTION('',(0.,0.,1.));
#5814=DIRECTION('',(1.43069977400149E-015,1.,0.));
#5815=DIRECTION('',(1.,-1.43114686768087E-015,0.));
#5816=DIRECTION('',(0.,0.,1.));
#5817=DIRECTION('',(1.,0.,0.));
#5818=DIRECTION('',(0.,0.,-1.));
#5819=DIRECTION('',(0.,0.,1.));
#5820=DIRECTION('',(-1.,0.,0.));
#5821=DIRECTION('',(0.,-1.,0.));
#5822=DIRECTION('',(1.,0.,0.));
#5823=DIRECTION('',(0.,0.,1.));
#5824=DIRECTION('',(1.,0.,0.));
#5825=DIRECTION('',(0.707106781186547,-0.707106781186548,0.));
#5826=DIRECTION('',(-1.27553196763001E-016,-1.,0.));
#5827=DIRECTION('',(-0.707106781186547,-0.707106781186547,0.));
#5828=DIRECTION('',(-1.,-3.69090101271661E-016,0.));
#5829=DIRECTION('',(-0.707106781186547,0.707106781186547,0.));
#5830=DIRECTION('',(1.27553196763001E-016,1.,0.));
#5831=DIRECTION('',(0.707106781186548,0.707106781186547,0.));
#5832=DIRECTION('',(0.,0.,1.));
#5833=DIRECTION('',(-1.,0.,0.));
#5834=DIRECTION('',(0.314550689992376,0.759392541833408,-0.569544406375056));
#5835=DIRECTION('',(-1.,0.,0.));
#5836=DIRECTION('',(0.624695047554424,0.624695047554424,-0.468521285665818));
#5837=DIRECTION('',(1.,0.,0.));
#5838=DIRECTION('',(0.,-0.6,-0.8));
#5839=DIRECTION('',(0.,-0.8,0.6));
#5840=DIRECTION('',(0.759392541833408,0.314550689992376,-0.569544406375056));
#5841=DIRECTION('',(-0.707106781186547,0.707106781186547,0.));
#5842=DIRECTION('',(0.707106781186547,-0.707106781186547,0.));
#5843=DIRECTION('',(-0.424264068711928,-0.424264068711928,-0.8));
#5844=DIRECTION('',(0.883452208598772,1.88217497143484E-016,-0.468521285665818));
#5845=DIRECTION('',(0.759392541833408,-0.314550689992376,-0.569544406375056));
#5846=DIRECTION('',(1.43497346358376E-016,1.,0.));
#5847=DIRECTION('',(1.43497346358376E-016,1.,0.));
#5848=DIRECTION('',(0.6,-8.60984078150254E-017,0.8));
#5849=DIRECTION('',(-0.8,0.,0.6));
#5850=DIRECTION('',(0.314550689992376,-0.759392541833409,-0.569544406375056));
#5851=DIRECTION('',(0.707106781186548,0.707106781186547,0.));
#5852=DIRECTION('',(-0.707106781186548,-0.707106781186547,0.));
#5853=DIRECTION('',(0.424264068711928,-0.424264068711929,0.8));
#5854=DIRECTION('',(1.88434337577981E-016,0.883452208598772,0.468521285665819));
#5855=DIRECTION('',(0.624695047554424,-0.624695047554425,-0.468521285665818));
#5856=DIRECTION('',(1.,0.,0.));
#5857=DIRECTION('',(1.,0.,0.));
#5858=DIRECTION('',(0.,-0.6,0.8));
#5859=DIRECTION('',(0.,0.8,0.6));
#5860=DIRECTION('',(0.759392541833408,-0.314550689992378,-0.569544406375056));
#5861=DIRECTION('',(1.35525271560688E-016,1.,0.));
#5862=DIRECTION('',(1.35525271560688E-016,1.,0.));
#5863=DIRECTION('',(0.6,-8.13151629364128E-017,0.8));
#5864=DIRECTION('',(-0.8,0.,0.6));
#5865=DIRECTION('',(-0.707106781186547,-0.707106781186547,0.));
#5866=DIRECTION('',(-0.314550689992377,0.759392541833408,0.569544406375056));
#5867=DIRECTION('',(0.707106781186547,0.707106781186547,0.));
#5868=DIRECTION('',(-0.424264068711928,0.424264068711928,-0.8));
#5869=DIRECTION('',(0.883452208598773,-2.34187669256869E-017,-0.468521285665818));
#5870=DIRECTION('',(-1.,0.,0.));
#5871=DIRECTION('',(0.314550689992373,0.75939254183341,0.569544406375057));
#5872=DIRECTION('',(1.,0.,0.));
#5873=DIRECTION('',(0.,0.6,-0.8));
#5874=DIRECTION('',(0.,-0.8,-0.6));
#5875=DIRECTION('',(-0.707106781186548,0.707106781186547,0.));
#5876=DIRECTION('',(0.759392541833409,0.314550689992373,0.569544406375057));
#5877=DIRECTION('',(0.707106781186548,-0.707106781186547,0.));
#5878=DIRECTION('',(-0.424264068711929,-0.42426406871193,0.799999999999999));
#5879=DIRECTION('',(-4.23272528138341E-016,0.883452208598772,0.46852128566582));
#5880=DIRECTION('',(0.,1.,0.));
#5881=DIRECTION('',(0.759392541833409,-0.314550689992375,0.569544406375056));
#5882=DIRECTION('',(0.,-1.,0.));
#5883=DIRECTION('',(0.6,0.,-0.8));
#5884=DIRECTION('',(0.8,0.,0.6));
#5885=DIRECTION('',(0.707106781186548,0.707106781186547,0.));
#5886=DIRECTION('',(0.314550689992375,-0.759392541833409,0.569544406375057));
#5887=DIRECTION('',(-0.707106781186548,-0.707106781186547,0.));
#5888=DIRECTION('',(0.424264068711928,-0.424264068711929,-0.8));
#5889=DIRECTION('',(1.64798730217797E-016,-0.883452208598772,0.468521285665819));
#5890=DIRECTION('',(-1.,1.15648231731787E-016,0.));
#5891=DIRECTION('',(0.624695047554424,-0.624695047554424,0.468521285665818));
#5892=DIRECTION('',(-1.,1.15648231731787E-016,0.));
#5893=DIRECTION('',(6.93889390390723E-017,0.6,0.8));
#5894=DIRECTION('',(0.,0.8,-0.6));
#5895=DIRECTION('',(0.,1.,0.));
#5896=DIRECTION('',(0.624695047554424,0.624695047554424,0.468521285665818));
#5897=DIRECTION('',(0.,-1.,0.));
#5898=DIRECTION('',(0.6,0.,-0.8));
#5899=DIRECTION('',(0.8,0.,0.6));
#5900=DIRECTION('',(1.,5.78241158658936E-017,0.));
#5901=DIRECTION('',(0.314550689992374,0.759392541833409,0.569544406375057));
#5902=DIRECTION('',(1.,5.78241158658936E-017,0.));
#5903=DIRECTION('',(3.46944695195361E-017,-0.6,0.8));
#5904=DIRECTION('',(0.,0.8,0.6));
#5905=DIRECTION('',(-0.707106781186548,0.707106781186547,0.));
#5906=DIRECTION('',(0.75939254183341,0.314550689992373,0.569544406375056));
#5907=DIRECTION('',(0.707106781186548,-0.707106781186547,0.));
#5908=DIRECTION('',(0.424264068711929,0.424264068711929,-0.799999999999999));
#5909=DIRECTION('',(4.7271214720368E-017,-0.883452208598772,-0.468521285665819));
#5910=DIRECTION('',(2.06514699521048E-016,1.,0.));
#5911=DIRECTION('',(0.759392541833409,-0.314550689992375,0.569544406375056));
#5912=DIRECTION('',(-2.06514699521048E-016,-1.,0.));
#5913=DIRECTION('',(0.6,-1.23908819712629E-016,-0.8));
#5914=DIRECTION('',(0.8,0.,0.6));
#5915=DIRECTION('',(0.707106781186547,0.707106781186547,0.));
#5916=DIRECTION('',(-0.314550689992377,0.759392541833408,-0.569544406375056));
#5917=DIRECTION('',(-0.707106781186547,-0.707106781186547,0.));
#5918=DIRECTION('',(-0.424264068711928,0.424264068711928,0.8));
#5919=DIRECTION('',(-0.883452208598772,1.88217497143484E-016,-0.468521285665818));
#5920=DIRECTION('',(0.314550689992374,0.759392541833408,-0.569544406375057));
#5921=DIRECTION('',(-1.,8.31005257952962E-016,0.));
#5922=DIRECTION('',(1.,-8.31005257952962E-016,0.));
#5923=DIRECTION('',(-4.98603154771778E-016,-0.600000000000001,-0.8));
#5924=DIRECTION('',(0.,-0.8,0.600000000000001));
#5925=DIRECTION('',(0.75939254183341,0.314550689992372,-0.569544406375057));
#5926=DIRECTION('',(-0.707106781186547,0.707106781186548,0.));
#5927=DIRECTION('',(0.707106781186547,-0.707106781186548,0.));
#5928=DIRECTION('',(-0.42426406871193,-0.424264068711929,-0.799999999999999));
#5929=DIRECTION('',(0.883452208598771,1.17961196366423E-016,-0.46852128566582));
#5930=DIRECTION('',(2.71050543121376E-016,1.,0.));
#5931=DIRECTION('',(2.71050543121376E-016,1.,0.));
#5932=DIRECTION('',(0.6,-1.62630325872825E-016,0.8));
#5933=DIRECTION('',(-0.8,0.,0.6));
#5934=DIRECTION('',(-0.759392541833409,0.314550689992376,0.569544406375056));
#5935=DIRECTION('',(-0.707106781186548,-0.707106781186547,0.));
#5936=DIRECTION('',(-0.314550689992375,0.759392541833409,0.569544406375056));
#5937=DIRECTION('',(0.424264068711928,-0.424264068711929,0.8));
#5938=DIRECTION('',(1.89084858881472E-016,0.883452208598772,0.468521285665819));
#5939=DIRECTION('',(1.,0.,0.));
#5940=DIRECTION('',(0.314550689992375,0.759392541833409,0.569544406375056));
#5941=DIRECTION('',(0.,-0.6,0.8));
#5942=DIRECTION('',(0.,0.8,0.6));
#5943=DIRECTION('',(-0.707106781186547,0.707106781186548,0.));
#5944=DIRECTION('',(-0.759392541833409,-0.314550689992374,-0.569544406375056));
#5945=DIRECTION('',(0.424264068711929,0.424264068711928,-0.8));
#5946=DIRECTION('',(0.883452208598772,1.64798730217797E-016,0.468521285665819));
#5947=DIRECTION('',(-0.759392541833409,0.314550689992374,-0.569544406375056));
#5948=DIRECTION('',(1.27553196763001E-016,1.,0.));
#5949=DIRECTION('',(0.6,-7.65319180578003E-017,-0.8));
#5950=DIRECTION('',(0.8,0.,0.6));
#5951=DIRECTION('',(-0.314550689992375,0.759392541833409,-0.569544406375057));
#5952=DIRECTION('',(0.707106781186547,0.707106781186547,0.));
#5953=DIRECTION('',(-0.424264068711929,0.424264068711929,0.8));
#5954=DIRECTION('',(-0.883452208598772,-1.64798730217797E-016,-0.468521285665819));
#5955=DIRECTION('',(0.314550689992377,0.759392541833408,-0.569544406375056));
#5956=DIRECTION('',(1.,3.69090101271661E-016,0.));
#5957=DIRECTION('',(2.21454060762996E-016,-0.6,-0.8));
#5958=DIRECTION('',(0.,-0.8,0.6));
#5959=DIRECTION('',(0.707106781186547,-0.707106781186547,0.));
#5960=DIRECTION('',(-0.759392541833408,-0.314550689992377,0.569544406375056));
#5961=DIRECTION('',(-0.424264068711928,-0.424264068711928,-0.8));
#5962=DIRECTION('',(0.883452208598773,2.42861286636753E-017,-0.468521285665818));
#5963=DIRECTION('',(1.27553196763001E-016,1.,0.));
#5964=DIRECTION('',(0.6,-7.65319180578003E-017,0.8));
#5965=DIRECTION('',(-0.8,0.,0.6));
#5966=DIRECTION('',(0.,1.,0.));
#5967=DIRECTION('',(0.,0.,-1.));
#5968=DIRECTION('',(0.,1.,0.));
#5969=DIRECTION('',(0.,0.,-1.));
#5970=DIRECTION('',(-1.,0.,0.));
#5971=DIRECTION('',(0.,0.,-1.));
#5972=DIRECTION('',(1.,0.,0.));
#5973=DIRECTION('',(-0.514495755427526,0.,0.857492925712544));
#5974=DIRECTION('',(1.,0.,0.));
#5975=DIRECTION('',(0.,1.,0.));
#5976=DIRECTION('',(0.,0.,-1.));
#5977=DIRECTION('',(0.,-1.,0.));
#5978=DIRECTION('',(0.,0.514495755427529,-0.857492925712543));
#5979=DIRECTION('',(0.,-1.,0.));
#5980=DIRECTION('',(0.,0.,-1.));
#5981=DIRECTION('',(1.,0.,0.));
#5982=DIRECTION('',(0.,0.,1.));
#5983=DIRECTION('',(-1.,0.,0.));
#5984=DIRECTION('',(0.,0.,-1.));
#5985=DIRECTION('',(-1.,0.,0.));
#5986=DIRECTION('',(0.,-1.,0.));
#5987=DIRECTION('',(0.,0.,1.));
#5988=DIRECTION('',(0.,1.,0.));
#5989=DIRECTION('',(0.,-0.514495755427529,0.857492925712543));
#5990=DIRECTION('',(0.,1.,0.));
#5991=DIRECTION('',(-1.,0.,0.));
#5992=DIRECTION('',(0.,0.,-1.));
#5993=DIRECTION('',(1.,0.,0.));
#5994=DIRECTION('',(-0.514495755427526,0.,-0.857492925712544));
#5995=DIRECTION('',(1.,0.,0.));
#5996=DIRECTION('',(0.,0.,-1.));
#5997=DIRECTION('',(0.,1.,0.));
#5998=DIRECTION('',(0.,0.,-1.));
#5999=DIRECTION('',(0.,-1.,0.));
#6000=DIRECTION('',(0.,0.,-1.));
#6001=DIRECTION('',(0.,-1.,0.));
#6002=DIRECTION('',(1.,0.,0.));
#6003=DIRECTION('',(0.,0.,1.));
#6004=DIRECTION('',(-1.,0.,0.));
#6005=DIRECTION('',(0.514495755427526,0.,0.857492925712544));
#6006=DIRECTION('',(-1.,0.,0.));
#6007=DIRECTION('',(0.,-1.,0.));
#6008=DIRECTION('',(0.,0.,1.));
#6009=DIRECTION('',(0.,1.,0.));
#6010=DIRECTION('',(0.,-0.514495755427526,-0.857492925712544));
#6011=DIRECTION('',(0.,1.,0.));
#6012=DIRECTION('',(0.,0.,-1.));
#6013=DIRECTION('',(-1.,0.,0.));
#6014=DIRECTION('',(0.,0.,-1.));
#6015=DIRECTION('',(1.,0.,0.));
#6016=DIRECTION('',(0.,0.,-1.));
#6017=DIRECTION('',(1.,0.,0.));
#6018=DIRECTION('',(0.,1.,0.));
#6019=DIRECTION('',(0.,0.,-1.));
#6020=DIRECTION('',(0.,-1.,0.));
#6021=DIRECTION('',(0.,0.514495755427526,0.857492925712544));
#6022=DIRECTION('',(0.,-1.,0.));
#6023=DIRECTION('',(1.,0.,0.));
#6024=DIRECTION('',(0.,0.,1.));
#6025=DIRECTION('',(-1.,0.,0.));
#6026=DIRECTION('',(0.514495755427526,0.,-0.857492925712544));
#6027=DIRECTION('',(-1.,0.,0.));
#6028=DIRECTION('',(0.,-1.,0.));
#6029=DIRECTION('',(0.,0.,1.));
#6030=DIRECTION('',(0.,1.,0.));
#6031=DIRECTION('',(0.514495755427526,0.,-0.857492925712544));
#6032=DIRECTION('',(0.,-1.,0.));
#6033=DIRECTION('',(-0.857492925712544,0.,-0.514495755427526));
#6034=DIRECTION('',(0.514495755427526,0.,-0.857492925712544));
#6035=DIRECTION('',(0.,-1.,0.));
#6036=DIRECTION('',(0.,0.,1.));
#6037=DIRECTION('',(-1.,0.,0.));
#6038=DIRECTION('',(0.,-1.,0.));
#6039=DIRECTION('',(0.514495755427526,0.,-0.857492925712544));
#6040=DIRECTION('',(0.,1.,0.));
#6041=DIRECTION('',(-0.857492925712544,0.,-0.514495755427526));
#6042=DIRECTION('',(0.514495755427526,0.,-0.857492925712544));
#6043=DIRECTION('',(-1.,-1.42190448850558E-016,0.));
#6044=DIRECTION('',(0.,0.514495755427526,-0.857492925712544));
#6045=DIRECTION('',(1.,1.42190448850558E-016,0.));
#6046=DIRECTION('',(1.21927303993245E-016,-0.857492925712543,-0.514495755427529));
#6047=DIRECTION('',(0.,-0.514495755427529,0.857492925712543));
#6048=DIRECTION('',(1.,0.,0.));
#6049=DIRECTION('',(0.,0.,1.));
#6050=DIRECTION('',(-1.,0.,0.));
#6051=DIRECTION('',(1.,1.42190448850558E-016,0.));
#6052=DIRECTION('',(0.,0.514495755427526,-0.857492925712544));
#6053=DIRECTION('',(-1.,-1.42190448850558E-016,0.));
#6054=DIRECTION('',(1.21927303993245E-016,-0.857492925712543,-0.514495755427529));
#6055=DIRECTION('',(0.,-0.514495755427529,0.857492925712543));
#6056=DIRECTION('',(1.42190448850558E-016,-1.,0.));
#6057=DIRECTION('',(-0.514495755427526,0.,-0.857492925712544));
#6058=DIRECTION('',(-1.42190448850558E-016,1.,0.));
#6059=DIRECTION('',(0.857492925712544,1.21927303993245E-016,-0.514495755427526));
#6060=DIRECTION('',(0.514495755427526,0.,0.857492925712544));
#6061=DIRECTION('',(0.,1.,0.));
#6062=DIRECTION('',(0.,0.,1.));
#6063=DIRECTION('',(-1.,0.,0.));
#6064=DIRECTION('',(-1.42190448850558E-016,1.,0.));
#6065=DIRECTION('',(-0.514495755427526,0.,-0.857492925712544));
#6066=DIRECTION('',(1.42190448850558E-016,-1.,0.));
#6067=DIRECTION('',(0.857492925712544,1.21927303993245E-016,-0.514495755427526));
#6068=DIRECTION('',(0.514495755427526,0.,0.857492925712544));
#6069=DIRECTION('',(1.,0.,0.));
#6070=DIRECTION('',(0.,-0.514495755427526,-0.857492925712544));
#6071=DIRECTION('',(-1.,0.,0.));
#6072=DIRECTION('',(0.,0.857492925712544,-0.514495755427526));
#6073=DIRECTION('',(0.,-0.514495755427526,-0.857492925712544));
#6074=DIRECTION('',(-1.,0.,0.));
#6075=DIRECTION('',(0.,0.,1.));
#6076=DIRECTION('',(-1.,0.,0.));
#6077=DIRECTION('',(-1.,0.,0.));
#6078=DIRECTION('',(0.,-0.514495755427526,-0.857492925712544));
#6079=DIRECTION('',(1.,0.,0.));
#6080=DIRECTION('',(0.,0.857492925712544,-0.514495755427526));
#6081=DIRECTION('',(0.,-0.514495755427526,-0.857492925712544));
#6082=DIRECTION('',(0.,0.,-1.));
#6083=DIRECTION('',(0.,0.,-1.));
#6084=DIRECTION('',(0.,1.,0.));
#6085=DIRECTION('',(-1.,0.,0.));
#6086=DIRECTION('',(0.,0.,-1.));
#6087=DIRECTION('',(0.,0.,-1.));
#6088=DIRECTION('',(0.,0.,-1.));
#6089=DIRECTION('',(0.,-1.,0.));
#6090=DIRECTION('',(1.,0.,0.));
#6091=DIRECTION('',(0.,0.,1.));
#6092=DIRECTION('',(1.,0.,0.));
#6093=DIRECTION('',(0.,1.,0.));
#6094=DIRECTION('',(0.,0.,-1.));
#6095=DIRECTION('',(-1.,0.,0.));
#6096=DIRECTION('',(0.,-1.,0.));
#6097=DIRECTION('',(0.,0.,1.));
#6098=DIRECTION('',(0.,0.,-1.));
#6099=DIRECTION('',(0.,0.,-1.));
#6100=DIRECTION('',(0.,-1.,0.));
#6101=DIRECTION('',(1.,0.,0.));
#6102=DIRECTION('',(0.,0.,1.));
#6103=DIRECTION('',(0.,0.,-1.));
#6104=DIRECTION('',(-1.,0.,0.));
#6105=DIRECTION('',(0.,-1.,0.));
#6106=DIRECTION('',(0.,0.,1.));
#6107=DIRECTION('',(0.,0.,-1.));
#6108=DIRECTION('',(0.,1.,0.));
#6109=DIRECTION('',(-1.,0.,0.));
#6110=DIRECTION('',(0.,0.,-1.));
#6111=DIRECTION('',(1.,0.,0.));
#6112=DIRECTION('',(0.,1.,0.));
#6113=DIRECTION('',(0.,0.,-1.));
#6114=DIRECTION('',(0.,0.,-1.));
#6115=DIRECTION('',(0.,0.,-1.));
#6116=DIRECTION('',(0.,1.,0.));
#6117=DIRECTION('',(-1.,0.,0.));
#6118=DIRECTION('',(0.,0.,-1.));
#6119=DIRECTION('',(0.,0.,-1.));
#6120=DIRECTION('',(0.,0.,-1.));
#6121=DIRECTION('',(0.,-1.,0.));
#6122=DIRECTION('',(1.,0.,0.));
#6123=DIRECTION('',(0.,0.,1.));
#6124=DIRECTION('',(1.,0.,0.));
#6125=DIRECTION('',(0.,1.,0.));
#6126=DIRECTION('',(0.,0.,-1.));
#6127=DIRECTION('',(-1.,0.,0.));
#6128=DIRECTION('',(0.,-1.,0.));
#6129=DIRECTION('',(0.,0.,1.));
#6130=DIRECTION('',(0.,0.,-1.));
#6131=DIRECTION('',(0.999999999999998,0.,0.));
#6132=DIRECTION('',(0.,0.,1.));
#6133=DIRECTION('',(1.,0.,0.));
#6134=DIRECTION('',(0.,0.,1.));
#6135=DIRECTION('',(-1.,0.,0.));
#6136=DIRECTION('',(0.,0.,-1.));
#6137=DIRECTION('',(0.999999999999998,0.,0.));
#6138=DIRECTION('',(0.,0.,1.));
#6139=DIRECTION('',(1.,0.,0.));
#6140=DIRECTION('',(0.,0.,1.));
#6141=DIRECTION('',(-1.,0.,0.));
#6142=DIRECTION('',(0.,0.,-1.));
#6143=DIRECTION('',(0.999999999999998,0.,0.));
#6144=DIRECTION('',(0.,0.,1.));
#6145=DIRECTION('',(1.,0.,0.));
#6146=DIRECTION('',(0.,0.,1.));
#6147=DIRECTION('',(-1.,0.,0.));
#6148=DIRECTION('',(0.,0.,-1.));
#6149=DIRECTION('',(0.999999999999998,0.,0.));
#6150=DIRECTION('',(0.,0.,1.));
#6151=DIRECTION('',(1.,0.,0.));
#6152=DIRECTION('',(0.,0.,1.));
#6153=DIRECTION('',(-1.,0.,0.));
#6154=DIRECTION('',(0.,0.,-1.));
#6155=DIRECTION('',(0.,0.,1.));
#6156=DIRECTION('',(0.,0.,-1.));
#6157=DIRECTION('',(1.,0.,0.));
#6158=DIRECTION('',(0.,0.,-1.));
#6159=DIRECTION('',(0.,0.,1.));
#6160=DIRECTION('',(0.,0.,-1.));
#6161=DIRECTION('',(1.,0.,0.));
#6162=DIRECTION('',(0.,0.,-1.));
#6163=DIRECTION('',(0.,0.,1.));
#6164=DIRECTION('',(0.,0.,-1.));
#6165=DIRECTION('',(1.,0.,0.));
#6166=DIRECTION('',(0.,0.,-1.));
#6167=DIRECTION('',(0.,0.,1.));
#6168=DIRECTION('',(0.,0.,-1.));
#6169=DIRECTION('',(1.,0.,0.));
#6170=DIRECTION('',(0.,1.,0.));
#6171=DIRECTION('',(0.,0.,-1.));
#6172=DIRECTION('',(1.,1.42190448850558E-016,0.));
#6173=DIRECTION('',(1.42247325030098E-016,-1.,0.));
#6174=DIRECTION('',(1.42190448850558E-016,-1.,0.));
#6175=DIRECTION('',(-1.,-1.42247325030098E-016,0.));
#6176=DIRECTION('',(-1.,0.,0.));
#6177=DIRECTION('',(0.,0.,-1.));
#6178=DIRECTION('',(0.,1.,0.));
#6179=DIRECTION('',(-1.,0.,0.));
#6180=DIRECTION('',(0.,-1.,0.));
#6181=DIRECTION('',(1.,-1.20466908053945E-016,0.));
#6182=DIRECTION('',(0.,0.,1.));
#6183=DIRECTION('',(-1.,0.,0.));
#6184=DIRECTION('',(0.,0.,-1.));
#6185=DIRECTION('',(0.,0.,-1.));
#6186=DIRECTION('',(1.,0.,0.));
#6187=DIRECTION('',(0.,0.,1.));
#6188=DIRECTION('',(0.,0.,-1.));
#6189=DIRECTION('',(0.,-1.,0.));
#6190=DIRECTION('',(0.,0.,1.));
#6191=DIRECTION('',(0.,0.,-1.));
#6192=DIRECTION('',(-1.,0.,0.));
#6193=DIRECTION('',(0.,0.,-1.));
#6194=DIRECTION('',(1.20466908053945E-016,1.,0.));
#6195=DIRECTION('',(1.,-1.2045486136314E-016,0.));
#6196=DIRECTION('',(0.,-1.,0.));
#6197=DIRECTION('',(0.,0.,1.));
#6198=DIRECTION('',(1.,0.,0.));
#6199=DIRECTION('',(1.,0.,0.));
#6200=DIRECTION('',(0.,0.,1.));
#6201=DIRECTION('',(1.,0.,0.));
#6202=DIRECTION('',(0.,1.,0.));
#6203=DIRECTION('',(0.,0.,1.));
#6204=DIRECTION('',(1.,0.,0.));
#6205=DIRECTION('',(-1.,0.,0.));
#6206=DIRECTION('',(0.,0.,1.));
#6207=DIRECTION('',(1.,0.,0.));
#6208=DIRECTION('',(0.,0.,1.));
#6209=DIRECTION('',(-1.,0.,0.));
#6210=DIRECTION('',(0.,0.,-1.));
#6211=DIRECTION('',(1.,0.,0.));
#6212=DIRECTION('',(0.,0.,1.));
#6213=DIRECTION('',(0.,0.,-1.));
#6214=DIRECTION('',(0.,0.,1.));
#6215=DIRECTION('',(-1.,0.,0.));
#6216=DIRECTION('',(0.,-1.,0.));
#6217=DIRECTION('',(0.,0.,-1.));
#6218=DIRECTION('',(1.,0.,0.));
#6219=DIRECTION('',(0.,0.,1.));
#6220=DIRECTION('',(0.,0.,-1.));
#6221=DIRECTION('',(1.,0.,0.));
#6222=DIRECTION('',(0.,0.,1.));
#6223=DIRECTION('',(0.,0.,1.));
#6224=DIRECTION('',(-1.,0.,0.));
#6225=DIRECTION('',(1.,0.,0.));
#6226=DIRECTION('',(0.,0.,-1.));
#6227=DIRECTION('',(0.,1.,0.));
#6228=DIRECTION('',(0.,0.,-1.));
#6229=DIRECTION('',(0.,0.,-1.));
#6230=DIRECTION('',(1.,0.,0.));
#6231=DIRECTION('',(0.,0.,1.));
#6232=DIRECTION('',(0.,0.,1.));
#6233=DIRECTION('',(-1.,0.,0.));
#6234=DIRECTION('',(0.,1.,0.));
#6235=DIRECTION('',(0.,0.,-1.));
#6236=DIRECTION('',(-1.,0.,0.));
#6237=DIRECTION('',(0.,0.,-1.));
#6238=DIRECTION('',(0.,0.,-1.));
#6239=DIRECTION('',(1.,0.,0.));
#6240=DIRECTION('',(0.,0.,1.));
#6241=DIRECTION('',(0.,0.,1.));
#6242=DIRECTION('',(-1.,0.,0.));
#6243=DIRECTION('',(-1.,0.,0.));
#6244=DIRECTION('',(0.,-1.,0.));
#6245=DIRECTION('',(0.,0.,1.));
#6246=DIRECTION('',(0.,0.,1.));
#6247=DIRECTION('',(1.,0.,0.));
#6248=DIRECTION('',(0.,0.,1.));
#6249=DIRECTION('',(-1.,0.,0.));
#6250=DIRECTION('',(0.,0.,-1.));
#6251=DIRECTION('',(1.,0.,0.));
#6252=DIRECTION('',(0.,1.,0.));
#6253=DIRECTION('',(1.,0.,0.));
#6254=DIRECTION('',(1.5279331744363E-031,-1.,0.));
#6255=DIRECTION('',(1.,0.,0.));
#6256=DIRECTION('',(0.,0.,1.));
#6257=DIRECTION('',(1.,0.,0.));
#6258=DIRECTION('',(0.,-1.,0.));
#6259=DIRECTION('',(1.,0.,0.));
#6260=DIRECTION('',(0.,1.17145536458252E-015,1.));
#6261=DIRECTION('',(0.707106781186547,-8.28344032153661E-016,-0.707106781186547));
#6262=DIRECTION('',(1.,0.,0.));
#6263=DIRECTION('',(0.707106781186548,8.28344032153662E-016,0.707106781186547));
#6264=DIRECTION('',(1.3043033653961E-016,-1.17145536458252E-015,-1.));
#6265=DIRECTION('',(0.,1.,-1.17145536458252E-015));
#6266=DIRECTION('',(1.,0.,0.));
#6267=DIRECTION('',(0.,1.17145536458252E-015,1.));
#6268=DIRECTION('',(0.,-1.,1.17145536458252E-015));
#6269=DIRECTION('',(-1.,0.,0.));
#6270=DIRECTION('',(0.,1.,-1.17093834628434E-015));
#6271=DIRECTION('',(0.,1.,-1.17145536458252E-015));
#6272=DIRECTION('',(0.,0.,1.));
#6273=DIRECTION('',(1.3043033653961E-016,-1.17145536458252E-015,-1.));
#6274=DIRECTION('',(-0.707106781186548,-8.28344032153662E-016,-0.707106781186547));
#6275=DIRECTION('',(-1.,0.,0.));
#6276=DIRECTION('',(-0.707106781186547,8.28344032153661E-016,0.707106781186547));
#6277=DIRECTION('',(0.,1.,-1.17145536458252E-015));
#6278=DIRECTION('',(1.,0.,0.));
#6279=DIRECTION('',(0.,1.,-1.17145536458252E-015));
#6280=DIRECTION('',(1.,1.5279331744363E-031,1.3043033653961E-016));
#6281=DIRECTION('',(1.30537941567255E-016,-1.17093834628434E-015,-1.));
#6282=DIRECTION('',(0.,1.,-1.17145536458252E-015));
#6283=DIRECTION('',(1.,0.,0.));
#6284=DIRECTION('',(0.,-1.,1.17145536458252E-015));
#6285=DIRECTION('',(-1.,0.,0.));
#6286=DIRECTION('',(0.,-1.17145536458252E-015,-1.));
#6287=DIRECTION('',(0.,-1.,1.17093834628434E-015));
#6288=DIRECTION('',(0.700140042014005,-0.140028008402802,-0.700140042014005));
#6289=DIRECTION('',(-0.700140042014005,-0.1400280084028,0.700140042014005));
#6290=DIRECTION('',(0.707106781186547,8.28344032153662E-016,0.707106781186547));
#6291=DIRECTION('',(0.707106781186547,-8.29197821516914E-016,-0.707106781186547));
#6292=DIRECTION('',(0.700140042014005,0.140028008402802,0.700140042014005));
#6293=DIRECTION('',(-0.700140042014005,0.1400280084028,-0.700140042014005));
#6294=DIRECTION('',(-0.707106781186547,8.28344032153662E-016,0.707106781186548));
#6295=DIRECTION('',(0.707106781186548,8.29197821516914E-016,0.707106781186547));
#6296=DIRECTION('',(0.,-0.98058067569092,-0.196116135138183));
#6297=DIRECTION('',(0.,-0.196116135138183,0.98058067569092));
#6298=DIRECTION('',(0.,-0.98058067569092,0.196116135138185));
#6299=DIRECTION('',(0.,0.196116135138185,0.98058067569092));
#6300=DIRECTION('',(0.,-1.,0.));
#6301=DIRECTION('',(0.,0.,1.));
#6302=DIRECTION('',(1.,0.,0.));
#6303=DIRECTION('',(0.,-1.,0.));
#6304=DIRECTION('',(-1.,0.,0.));
#6305=DIRECTION('',(0.,-1.,0.));
#6306=DIRECTION('',(0.,0.,1.));
#6307=DIRECTION('',(1.,0.,0.));
#6308=DIRECTION('',(0.,0.,-1.));
#6309=DIRECTION('',(0.,0.,1.));
#6310=DIRECTION('',(0.,-0.5,-0.866025403784439));
#6311=DIRECTION('',(1.,0.,0.));
#6312=DIRECTION('',(0.,0.999999999999998,0.));
#6313=DIRECTION('',(0.,0.866025403784438,-0.5));
#6314=DIRECTION('',(1.,0.,0.));
#6315=DIRECTION('',(0.,1.,0.));
#6316=DIRECTION('',(0.,0.5,0.866025403784438));
#6317=DIRECTION('',(0.,0.,1.));
#6318=DIRECTION('',(0.,0.707106781186548,-0.707106781186547));
#6319=DIRECTION('',(0.,1.,0.));
#6320=DIRECTION('',(0.,0.707106781186548,0.707106781186547));
#6321=DIRECTION('',(0.,7.35052320329155E-017,-1.));
#6322=DIRECTION('',(0.,-0.499999999999998,0.86602540378444));
#6323=DIRECTION('',(1.,0.,0.));
#6324=DIRECTION('',(0.,1.,0.));
#6325=DIRECTION('',(0.,-0.86602540378444,-0.499999999999998));
#6326=DIRECTION('',(1.,0.,0.));
#6327=DIRECTION('',(0.,0.999999999999998,0.));
#6328=DIRECTION('',(0.,0.499999999999998,-0.86602540378444));
#6329=DIRECTION('',(1.,0.,0.));
#6330=DIRECTION('',(0.,-1.,0.));
#6331=DIRECTION('',(0.,0.,-1.));
#6332=DIRECTION('',(0.,0.499999999999998,-0.86602540378444));
#6333=DIRECTION('',(-1.,0.,0.));
#6334=DIRECTION('',(0.,0.999999999999998,0.));
#6335=DIRECTION('',(0.,-0.86602540378444,-0.499999999999998));
#6336=DIRECTION('',(-1.,0.,0.));
#6337=DIRECTION('',(0.,1.,0.));
#6338=DIRECTION('',(0.,-0.499999999999998,0.86602540378444));
#6339=DIRECTION('',(0.,7.35052320329155E-017,-1.));
#6340=DIRECTION('',(0.,-0.707106781186548,-0.707106781186547));
#6341=DIRECTION('',(0.,-1.,0.));
#6342=DIRECTION('',(0.,-0.707106781186548,0.707106781186547));
#6343=DIRECTION('',(0.,0.,1.));
#6344=DIRECTION('',(0.,0.5,0.866025403784438));
#6345=DIRECTION('',(-1.,0.,0.));
#6346=DIRECTION('',(0.,1.,0.));
#6347=DIRECTION('',(0.,0.866025403784438,-0.5));
#6348=DIRECTION('',(-1.,0.,0.));
#6349=DIRECTION('',(0.,0.999999999999998,0.));
#6350=DIRECTION('',(0.,-0.5,-0.866025403784439));
#6351=DIRECTION('',(0.,0.,1.));
#6352=DIRECTION('',(1.,0.,0.));
#6353=DIRECTION('',(0.,-1.,0.));
#6354=DIRECTION('',(-1.,0.,0.));
#6355=DIRECTION('',(0.,1.,0.));
#6356=DIRECTION('',(1.,0.,0.));
#6357=DIRECTION('',(-1.,0.,0.));
#6358=DIRECTION('',(0.,-1.,0.));
#6359=DIRECTION('',(-1.,0.,0.));
#6360=DIRECTION('',(1.,0.,0.));
#6361=DIRECTION('',(-1.,0.,0.));
#6362=DIRECTION('',(0.,1.,7.35052320329155E-017));
#6363=DIRECTION('',(0.,7.32920668600201E-017,-1.));
#6364=DIRECTION('',(-1.,0.,0.));
#6365=DIRECTION('',(0.,1.,0.));
#6366=DIRECTION('',(1.,0.,0.));
#6367=DIRECTION('',(0.,-1.,0.));
#6368=DIRECTION('',(0.,0.,-1.));
#6369=DIRECTION('',(1.,0.,0.));
#6370=DIRECTION('',(1.,0.,0.));
#6371=DIRECTION('',(1.,0.,0.));
#6372=DIRECTION('',(0.,-1.,0.));
#6373=DIRECTION('',(-1.,0.,0.));
#6374=DIRECTION('',(-0.140028008402801,0.700140042014005,0.700140042014005));
#6375=DIRECTION('',(-0.140028008402801,-0.700140042014005,-0.700140042014005));
#6376=DIRECTION('',(0.,-0.707106781186547,0.707106781186548));
#6377=DIRECTION('',(0.,0.707106781186548,0.707106781186547));
#6378=DIRECTION('',(0.140028008402801,0.700140042014005,-0.700140042014005));
#6379=DIRECTION('',(0.140028008402801,-0.700140042014005,0.700140042014005));
#6380=DIRECTION('',(0.,0.707106781186547,0.707106781186548));
#6381=DIRECTION('',(0.,0.707106781186548,-0.707106781186547));
#6382=DIRECTION('',(1.,0.,0.));
#6383=DIRECTION('',(-1.,0.,0.));
#6384=DIRECTION('',(0.,-0.499999999999998,0.86602540378444));
#6385=DIRECTION('',(0.,0.86602540378444,0.499999999999998));
#6386=DIRECTION('',(1.,0.,0.));
#6387=DIRECTION('',(0.,0.86602540378444,0.499999999999998));
#6388=DIRECTION('',(0.,0.499999999999998,-0.86602540378444));
#6389=DIRECTION('',(-1.,0.,0.));
#6390=DIRECTION('',(0.,-0.86602540378444,-0.499999999999998));
#6391=DIRECTION('',(0.,-0.499999999999998,0.86602540378444));
#6392=DIRECTION('',(1.,0.,0.));
#6393=DIRECTION('',(0.,-0.866025403784439,0.5));
#6394=DIRECTION('',(0.,0.5,0.866025403784439));
#6395=DIRECTION('',(1.,0.,0.));
#6396=DIRECTION('',(-1.,0.,0.));
#6397=DIRECTION('',(0.,-0.5,-0.866025403784438));
#6398=DIRECTION('',(0.,-0.866025403784438,0.5));
#6399=DIRECTION('',(-1.,0.,0.));
#6400=DIRECTION('',(0.,0.866025403784438,-0.5));
#6401=DIRECTION('',(0.,-0.5,-0.866025403784438));
#6402=DIRECTION('',(1.,0.,0.));
#6403=DIRECTION('',(0.,-0.999999999999998,0.));
#6404=DIRECTION('',(1.,0.,0.));
#6405=DIRECTION('',(0.,-1.,0.));
#6406=DIRECTION('',(1.,0.,0.));
#6407=DIRECTION('',(0.,-1.,0.));
#6408=DIRECTION('',(1.,0.,0.));
#6409=DIRECTION('',(0.,-0.999999999999998,0.));
#6410=DIRECTION('',(-0.98058067569092,0.,0.196116135138184));
#6411=DIRECTION('',(-0.196116135138184,0.,-0.98058067569092));
#6412=DIRECTION('',(-0.98058067569092,0.,-0.196116135138184));
#6413=DIRECTION('',(0.196116135138184,0.,-0.98058067569092));
#6414=DIRECTION('',(1.,1.42190448850558E-016,0.));
#6415=DIRECTION('',(0.,0.,1.));
#6416=DIRECTION('',(-1.,-1.42190448850558E-016,0.));
#6417=DIRECTION('',(0.,0.,-1.));
#6418=DIRECTION('',(1.,1.42190448850558E-016,0.));
#6419=DIRECTION('',(0.,0.,-1.));
#6420=DIRECTION('',(1.,1.42190448850558E-016,0.));
#6421=DIRECTION('',(0.,0.,1.));
#6422=DIRECTION('',(-1.,-1.42190448850558E-016,0.));
#6423=DIRECTION('',(0.,0.,1.));
#6424=DIRECTION('',(1.,1.42190448850558E-016,0.));
#6425=DIRECTION('',(0.,0.,1.));
#6426=DIRECTION('',(1.42190448850558E-016,-1.,0.));
#6427=DIRECTION('',(-1.,-1.42247325030098E-016,0.));
#6428=DIRECTION('',(-1.,-7.35052320329156E-017,0.));
#6429=DIRECTION('',(0.,0.,1.));
#6430=DIRECTION('',(-1.,-7.35052320329156E-017,0.));
#6431=DIRECTION('',(0.,0.,-1.));
#6432=DIRECTION('',(7.35052320329156E-017,-1.,0.));
#6433=DIRECTION('',(-1.,-7.28583859910259E-017,0.));
#6434=DIRECTION('',(0.,-1.,0.));
#6435=DIRECTION('',(0.,1.,0.));
#6436=DIRECTION('',(0.,0.,-1.));
#6437=DIRECTION('',(1.,0.,0.));
#6438=DIRECTION('',(-1.,0.,0.));
#6439=DIRECTION('',(-1.,0.,0.));
#6440=DIRECTION('',(0.,0.,-1.));
#6441=DIRECTION('',(-1.,0.,0.));
#6442=DIRECTION('',(1.,0.,0.));
#6443=DIRECTION('',(0.,0.,1.));
#6444=DIRECTION('',(1.,0.,0.));
#6445=DIRECTION('',(0.,0.,1.));
#6446=DIRECTION('',(-1.,0.,0.));
#6447=DIRECTION('',(-1.,0.,0.));
#6448=DIRECTION('',(0.,0.,-1.));
#6449=DIRECTION('',(-1.,0.,0.));
#6450=DIRECTION('',(1.,0.,0.));
#6451=DIRECTION('',(0.,0.,1.));
#6452=DIRECTION('',(1.,0.,0.));
#6453=DIRECTION('',(0.,0.,1.));
#6454=DIRECTION('',(-1.,0.,0.));
#6455=DIRECTION('',(0.,0.,-1.00000000000001));
#6456=DIRECTION('',(1.,7.35052320329156E-017,0.));
#6457=DIRECTION('',(1.,0.,0.));
#6458=DIRECTION('',(0.,0.,1.00000000000001));
#6459=DIRECTION('',(1.,7.35052320329156E-017,0.));
#6460=DIRECTION('',(0.,-1.,0.));
#6461=DIRECTION('',(0.,-1.,0.));
#6462=DIRECTION('',(0.,-1.,0.));
#6463=DIRECTION('',(0.,-1.,0.));
#6464=DIRECTION('',(0.,-1.,0.));
#6465=DIRECTION('',(0.,-1.,0.));
#6466=DIRECTION('',(0.,-1.,0.));
#6467=DIRECTION('',(-1.,1.47010464065831E-016,0.));
#6468=DIRECTION('',(0.,-1.,0.));
#6469=DIRECTION('',(-1.,0.,0.));
#6470=DIRECTION('',(0.,1.,0.));
#6471=DIRECTION('',(1.,0.,0.));
#6472=DIRECTION('',(0.,-1.,0.));
#6473=DIRECTION('',(0.,0.,-1.));
#6474=DIRECTION('',(1.,0.,0.));
#6475=DIRECTION('',(0.,1.,0.));
#6476=DIRECTION('',(0.,0.,-1.));
#6477=DIRECTION('',(0.,-1.,0.));
#6478=DIRECTION('',(0.,0.,-1.));
#6479=DIRECTION('',(0.,-1.,0.));
#6480=DIRECTION('',(0.,0.,1.));
#6481=DIRECTION('',(0.,-1.,0.));
#6482=DIRECTION('',(0.,0.,1.));
#6483=DIRECTION('',(0.,-1.,0.));
#6484=DIRECTION('',(0.,0.,1.));
#6485=DIRECTION('',(0.,1.,0.));
#6486=DIRECTION('',(0.,-0.500000000000001,0.866025403784438));
#6487=DIRECTION('',(0.,-0.500000000000006,-0.866025403784435));
#6488=DIRECTION('',(-1.,0.,0.));
#6489=DIRECTION('',(0.,0.,-1.));
#6490=DIRECTION('',(1.,0.,0.));
#6491=DIRECTION('',(1.,0.,0.));
#6492=DIRECTION('',(0.,-1.,0.));
#6493=DIRECTION('',(0.,0.,-1.));
#6494=DIRECTION('',(1.,0.,0.));
#6495=DIRECTION('',(1.,-1.47010464065831E-016,0.));
#6496=DIRECTION('',(0.,0.,1.));
#6497=DIRECTION('',(1.,-1.47010464065831E-016,0.));
#6498=DIRECTION('',(0.,0.,-1.));
#6499=DIRECTION('',(0.447213595499958,-6.57450782109977E-017,-0.894427190999916));
#6500=DIRECTION('',(0.,0.,-1.));
#6501=DIRECTION('',(1.47010464065831E-016,1.,0.));
#6502=DIRECTION('',(1.,-1.47451495458029E-016,0.));
#6503=DIRECTION('',(-1.,0.,0.));
#6504=DIRECTION('',(0.,0.,1.));
#6505=DIRECTION('',(1.,0.,0.));
#6506=DIRECTION('',(0.,0.,-1.));
#6507=DIRECTION('',(-1.,0.,0.));
#6508=DIRECTION('',(0.,0.,1.));
#6509=DIRECTION('',(1.,0.,0.));
#6510=DIRECTION('',(0.,0.,1.));
#6511=DIRECTION('',(-1.,0.,0.));
#6512=DIRECTION('',(0.,0.,1.));
#6513=DIRECTION('',(0.,1.,0.));
#6514=DIRECTION('',(0.,0.,-1.));
#6515=DIRECTION('',(0.,1.,0.));
#6516=DIRECTION('',(-1.47010464065831E-016,1.,0.));
#6517=DIRECTION('',(1.,0.,0.));
#6518=DIRECTION('',(0.,-1.,0.));
#6519=DIRECTION('',(1.,0.,0.));
#6520=DIRECTION('',(0.,0.,-1.));
#6521=DIRECTION('',(-1.,0.,0.));
#6522=DIRECTION('',(0.,0.,-1.));
#6523=DIRECTION('',(1.,0.,0.));
#6524=DIRECTION('',(1.,0.,0.));
#6525=DIRECTION('',(0.,0.,1.00000000000001));
#6526=DIRECTION('',(-1.,0.,0.));
#6527=DIRECTION('',(0.,0.,-1.00000000000001));
#6528=DIRECTION('',(-1.,1.47010464065831E-016,0.));
#6529=DIRECTION('',(0.,1.,0.));
#6530=DIRECTION('',(1.42190448850558E-016,1.,0.));
#6531=DIRECTION('',(0.,0.,-1.));
#6532=DIRECTION('',(1.42190448850558E-016,1.,0.));
#6533=DIRECTION('',(0.,0.,-1.));
#6534=DIRECTION('',(-1.42190448850558E-016,-1.,0.));
#6535=DIRECTION('',(0.,0.,-1.));
#6536=DIRECTION('',(1.42190448850558E-016,1.,0.));
#6537=DIRECTION('',(0.,0.,1.));
#6538=DIRECTION('',(1.,-1.42190448850558E-016,0.));
#6539=DIRECTION('',(-1.42247325030098E-016,-1.,0.));
#6540=DIRECTION('',(2.00160401074247E-016,-1.,0.));
#6541=DIRECTION('',(0.,0.,-1.));
#6542=DIRECTION('',(2.00160401074247E-016,-1.,0.));
#6543=DIRECTION('',(0.,0.,-1.));
#6544=DIRECTION('',(2.00160401074247E-016,-1.,0.));
#6545=DIRECTION('',(0.,0.,1.));
#6546=DIRECTION('',(1.,2.00160401074247E-016,0.));
#6547=DIRECTION('',(1.99493199737333E-016,-1.,0.));
#6548=DIRECTION('',(0.,0.,1.));
#6549=DIRECTION('',(-0.478852130680573,-9.58472345322812E-017,0.877895572914385));
#6550=DIRECTION('',(0.,0.,1.));
#6551=DIRECTION('',(-1.,-2.00160401074247E-016,0.));
#6552=DIRECTION('',(0.,0.,-1.));
#6553=DIRECTION('',(-1.,-2.00160401074247E-016,0.));
#6554=DIRECTION('',(2.00160401074247E-016,-1.,0.));
#6555=DIRECTION('',(-1.,-1.99493199737333E-016,0.));
#6556=DIRECTION('',(1.,0.,0.));
#6557=DIRECTION('',(-2.00160401074247E-016,1.,0.));
#6558=DIRECTION('',(0.,0.,1.));
#6559=DIRECTION('',(-1.,0.,0.));
#6560=DIRECTION('',(-1.,0.,0.));
#6561=DIRECTION('',(0.,0.,1.));
#6562=DIRECTION('',(-1.,0.,0.));
#6563=DIRECTION('',(0.,-1.,0.));
#6564=DIRECTION('',(0.,0.,1.));
#6565=DIRECTION('',(-1.,0.,0.));
#6566=DIRECTION('',(1.,2.00160401074247E-016,0.));
#6567=DIRECTION('',(0.,1.,0.));
#6568=DIRECTION('',(0.,0.,-1.));
#6569=DIRECTION('',(-1.,0.,0.));
#6570=DIRECTION('',(0.,0.,-1.));
#6571=DIRECTION('',(1.,0.,0.));
#6572=DIRECTION('',(1.47010464065831E-016,-1.,0.));
#6573=DIRECTION('',(0.,0.,-1.));
#6574=DIRECTION('',(-1.,-1.47010464065831E-016,0.));
#6575=DIRECTION('',(-1.47451495458029E-016,1.,0.));
#6576=DIRECTION('',(-1.42190448850558E-016,-1.,0.));
#6577=DIRECTION('',(1.,0.,0.));
#6578=DIRECTION('',(0.,1.,0.));
#6579=DIRECTION('',(-1.,-1.42190448850558E-016,0.));
#6580=DIRECTION('',(1.,0.,0.));
#6581=DIRECTION('',(0.,0.,-1.));
#6582=DIRECTION('',(-1.,0.,0.));
#6583=DIRECTION('',(0.,0.,-1.));
#6584=DIRECTION('',(-1.,0.,0.));
#6585=DIRECTION('',(0.,0.,-1.));
#6586=DIRECTION('',(-1.,0.,0.));
#6587=DIRECTION('',(0.,1.,0.));
#6588=DIRECTION('',(0.,0.,-1.));
#6589=DIRECTION('',(-1.,0.,0.));
#6590=DIRECTION('',(0.,0.,-1.));
#6591=DIRECTION('',(1.,0.,0.));
#6592=DIRECTION('',(0.,0.,1.));
#6593=DIRECTION('',(0.,1.,0.));
#6594=DIRECTION('',(0.,0.,-1.));
#6595=DIRECTION('',(-1.,0.,0.));
#6596=DIRECTION('',(0.,0.,-1.));
#6597=DIRECTION('',(0.,0.,1.));
#6598=DIRECTION('',(1.,0.,0.));
#6599=DIRECTION('',(0.,0.,-1.));
#6600=DIRECTION('',(0.,1.,0.));
#6601=DIRECTION('',(0.,0.,-1.));
#6602=DIRECTION('',(0.,9.42784497813482E-017,-1.));
#6603=DIRECTION('',(-0.447213595499958,-8.43252090097579E-017,0.894427190999916));
#6604=DIRECTION('',(0.,0.,1.));
#6605=DIRECTION('',(0.,0.,1.));
#6606=DIRECTION('',(-1.,0.,0.));
#6607=DIRECTION('',(0.,0.,1.));
#6608=DIRECTION('',(-1.,0.,0.));
#6609=DIRECTION('',(0.,-1.,-9.42784497813482E-017));
#6610=DIRECTION('',(0.,-9.36750677027476E-017,1.));
#6611=DIRECTION('',(1.,0.,0.));
#6612=DIRECTION('',(0.,0.500000000000006,0.866025403784435));
#6613=DIRECTION('',(0.,0.866025403784435,-0.500000000000006));
#6614=DIRECTION('',(0.,-0.500000000000006,-0.866025403784435));
#6615=DIRECTION('',(0.,0.500000000000001,-0.866025403784438));
#6616=DIRECTION('',(0.,-0.866025403784438,-0.500000000000001));
#6617=DIRECTION('',(0.,-0.500000000000001,0.866025403784438));
#6618=DIRECTION('',(-0.447213595499958,0.,0.894427190999916));
#6619=DIRECTION('',(0.,0.,1.));
#6620=DIRECTION('',(0.,1.,0.));
#6621=DIRECTION('',(0.,0.,-1.));
#6622=DIRECTION('',(0.,1.,0.));
#6623=DIRECTION('',(1.,0.,0.));
#6624=DIRECTION('',(0.,0.,1.));
#6625=DIRECTION('',(0.,-1.,0.));
#6626=DIRECTION('',(1.,0.,0.));
#6627=DIRECTION('',(0.,0.,1.));
#6628=DIRECTION('',(0.478852130680573,0.,-0.877895572914385));
#6629=DIRECTION('',(0.,0.,1.));
#6630=DIRECTION('',(-1.,0.,0.));
#6631=DIRECTION('',(0.,0.,1.));
#6632=DIRECTION('',(0.,-1.,0.));
#6633=DIRECTION('',(0.,0.,1.));
#6634=DIRECTION('',(0.,-1.,0.));
#6635=DIRECTION('',(0.,0.,-1.));
#6636=DIRECTION('',(0.,1.,0.));
#6637=DIRECTION('',(1.,0.,0.));
#6638=DIRECTION('',(0.,0.,1.));
#6639=DIRECTION('',(0.,0.,1.));
#6640=DIRECTION('',(0.,-1.,0.));
#6641=DIRECTION('',(0.,0.,1.));
#6642=DIRECTION('',(0.,-1.,0.));
#6643=DIRECTION('',(1.,0.,0.));
#6644=DIRECTION('',(0.,0.,1.));
#6645=DIRECTION('',(-1.,-1.0842021724855E-015,0.));
#6646=DIRECTION('',(-1.,-1.0842021724855E-015,0.));
#6647=DIRECTION('',(0.,0.,1.));
#6648=DIRECTION('',(-1.,0.,0.));
#6649=DIRECTION('',(0.739940073395944,8.02244635084963E-016,0.672672793996312));
#6650=DIRECTION('',(1.56409493735613E-015,1.,1.42190448850557E-015));
#6651=DIRECTION('',(0.739940073395944,0.,0.672672793996312));
#6652=DIRECTION('',(0.672672793996312,0.,-0.739940073395944));
#6653=DIRECTION('',(0.739940073395944,0.,0.672672793996312));
#6654=DIRECTION('',(0.707106781186548,7.66646708341686E-016,0.707106781186547));
#6655=DIRECTION('',(1.0842021724855E-015,-1.,0.));
#6656=DIRECTION('',(-1.,-1.0842021724855E-015,0.));
#6657=DIRECTION('',(-0.707106781186548,-7.66646708341685E-016,-0.707106781186547));
#6658=DIRECTION('',(1.0842021724855E-015,-1.,0.));
#6659=DIRECTION('',(-1.,-1.0842021724855E-015,0.));
#6660=DIRECTION('',(1.,2.16840434497101E-015,0.));
#6661=DIRECTION('',(0.,-1.,0.));
#6662=DIRECTION('',(1.,2.16840434497101E-015,0.));
#6663=DIRECTION('',(0.,0.,-1.));
#6664=DIRECTION('',(1.,0.,0.));
#6665=DIRECTION('',(-0.739940073395944,0.,0.672672793996312));
#6666=DIRECTION('',(0.,-1.,0.));
#6667=DIRECTION('',(-0.739940073395944,-1.60448927016993E-015,0.672672793996312));
#6668=DIRECTION('',(0.,-1.,0.));
#6669=DIRECTION('',(0.672672793996312,0.,0.739940073395944));
#6670=DIRECTION('',(-0.739940073395944,0.,0.672672793996312));
#6671=DIRECTION('',(0.,0.,1.));
#6672=DIRECTION('',(0.,0.,1.));
#6673=DIRECTION('',(1.,0.,0.));
#6674=DIRECTION('',(0.,0.,1.));
#6675=DIRECTION('',(0.707106781186547,1.53329341668337E-015,-0.707106781186547));
#6676=DIRECTION('',(2.16840434497101E-015,-1.,0.));
#6677=DIRECTION('',(-1.,-2.16840434497101E-015,0.));
#6678=DIRECTION('',(-0.707106781186548,-1.53329341668338E-015,0.707106781186548));
#6679=DIRECTION('',(2.16840434497101E-015,-1.,0.));
#6680=DIRECTION('',(-1.,-2.16840434497101E-015,0.));
#6681=DIRECTION('',(0.,-1.,0.));
#6682=DIRECTION('',(0.,-1.,0.));
#6683=DIRECTION('',(1.,0.,0.));
#6684=DIRECTION('',(0.,0.,1.));
#6685=DIRECTION('',(-1.,0.,0.));
#6686=DIRECTION('',(0.,0.,-1.));
#6687=DIRECTION('',(0.,0.,-1.));
#6688=DIRECTION('',(1.,0.,0.));
#6689=DIRECTION('',(0.,-1.,0.));
#6690=DIRECTION('',(0.,0.,1.));
#6691=DIRECTION('',(0.,-0.739940073395943,0.672672793996313));
#6692=DIRECTION('',(1.,1.56409493735618E-015,-1.42190448850562E-015));
#6693=DIRECTION('',(0.,-0.739940073395943,0.672672793996313));
#6694=DIRECTION('',(0.,0.672672793996313,0.739940073395943));
#6695=DIRECTION('',(0.,0.739940073395943,-0.672672793996313));
#6696=DIRECTION('',(0.,0.707106781186548,-0.707106781186547));
#6697=DIRECTION('',(1.,0.,0.));
#6698=DIRECTION('',(0.,0.,1.));
#6699=DIRECTION('',(0.,-0.707106781186548,0.707106781186547));
#6700=DIRECTION('',(1.,0.,0.));
#6701=DIRECTION('',(0.,0.,1.));
#6702=DIRECTION('',(0.,1.,0.));
#6703=DIRECTION('',(0.,1.,0.));
#6704=DIRECTION('',(-1.,0.,0.));
#6705=DIRECTION('',(0.,0.,1.));
#6706=DIRECTION('',(-1.,0.,0.));
#6707=DIRECTION('',(0.,0.,-1.));
#6708=DIRECTION('',(0.,0.,-1.));
#6709=DIRECTION('',(-1.,0.,0.));
#6710=DIRECTION('',(0.,1.,0.));
#6711=DIRECTION('',(0.,0.,-1.));
#6712=DIRECTION('',(0.,0.739940073395944,0.672672793996312));
#6713=DIRECTION('',(-1.,0.,0.));
#6714=DIRECTION('',(0.,0.739940073395944,0.672672793996312));
#6715=DIRECTION('',(0.,-0.672672793996312,0.739940073395944));
#6716=DIRECTION('',(0.,0.739940073395944,0.672672793996312));
#6717=DIRECTION('',(0.,-0.70710678118655,-0.707106781186546));
#6718=DIRECTION('',(-1.,0.,0.));
#6719=DIRECTION('',(0.,0.,-1.));
#6720=DIRECTION('',(0.,0.707106781186549,0.707106781186545));
#6721=DIRECTION('',(-1.,0.,0.));
#6722=DIRECTION('',(0.,0.,-1.));
#6723=DIRECTION('',(0.,0.,1.));
#6724=DIRECTION('',(1.,0.,0.));
#6725=DIRECTION('',(0.,0.,-1.));
#6726=DIRECTION('',(-1.,0.,0.));
#6727=DIRECTION('',(0.,0.,-1.));
#6728=DIRECTION('',(1.,0.,0.));
#6729=DIRECTION('',(0.,0.,1.));
#6730=DIRECTION('',(1.,0.,0.));
#6731=DIRECTION('',(0.,0.,1.));
#6732=DIRECTION('',(-1.,0.,0.));
#6733=DIRECTION('',(0.,0.,1.));
#6734=DIRECTION('',(-1.,0.,0.));
#6735=DIRECTION('',(0.,0.,1.));
#6736=DIRECTION('',(-1.,0.,7.27492620978791E-017));
#6737=DIRECTION('',(-1.00543830602189E-016,0.707106781186547,0.707106781186548));
#6738=DIRECTION('',(1.00543830602189E-016,-0.707106781186548,0.707106781186547));
#6739=DIRECTION('',(0.577350269189626,-0.577350269189626,0.577350269189626));
#6740=DIRECTION('',(0.577350269189626,0.577350269189626,-0.577350269189626));
#6741=DIRECTION('',(-1.00543830602189E-016,0.707106781186547,0.707106781186548));
#6742=DIRECTION('',(1.00543830602189E-016,-0.707106781186548,0.707106781186547));
#6743=DIRECTION('',(-1.00543830602188E-016,0.707106781186547,0.707106781186548));
#6744=DIRECTION('',(0.,0.707106781186548,-0.707106781186547));
#6745=DIRECTION('',(-0.707106781186547,1.00543830602188E-016,0.707106781186548));
#6746=DIRECTION('',(0.707106781186548,-1.00543830602189E-016,0.707106781186547));
#6747=DIRECTION('',(0.577350269189625,0.577350269189628,0.577350269189625));
#6748=DIRECTION('',(-0.707106781186547,1.00543830602188E-016,0.707106781186548));
#6749=DIRECTION('',(0.707106781186548,-1.00543830602189E-016,0.707106781186547));
#6750=DIRECTION('',(-0.707106781186547,1.00543830602188E-016,0.707106781186548));
#6751=DIRECTION('',(-0.707106781186548,0.,-0.707106781186547));
#6752=DIRECTION('',(0.577350269189625,-0.577350269189628,-0.577350269189625));
#6753=DIRECTION('',(0.707106781186547,0.,0.707106781186547));
#6754=DIRECTION('',(-0.707106781186547,0.,0.707106781186547));
#6755=DIRECTION('',(0.707106781186547,0.,0.707106781186547));
#6756=DIRECTION('',(-0.707106781186547,0.,0.707106781186547));
#6757=DIRECTION('',(0.707106781186547,0.,0.707106781186547));
#6758=DIRECTION('',(-0.707106781186547,0.,0.707106781186547));
#6759=DIRECTION('',(0.,-0.707106781186545,0.707106781186549));
#6760=DIRECTION('',(0.,0.707106781186549,0.707106781186545));
#6761=DIRECTION('',(0.,-0.707106781186545,0.707106781186549));
#6762=DIRECTION('',(0.,0.707106781186549,0.707106781186545));
#6763=DIRECTION('',(0.,-0.707106781186545,0.707106781186549));
#6764=DIRECTION('',(0.,0.707106781186549,0.707106781186545));
#6765=DIRECTION('',(0.,0.,1.));
#6766=DIRECTION('',(-1.,0.,0.));
#6767=DIRECTION('',(0.,0.,1.));
#6768=DIRECTION('',(-1.,0.,0.));
#6769=DIRECTION('',(0.,0.,1.));
#6770=DIRECTION('',(-1.,0.,0.));
#6771=DIRECTION('',(0.,0.,1.));
#6772=DIRECTION('',(-1.,0.,0.));
#6773=DIRECTION('',(0.,0.,1.));
#6774=DIRECTION('',(-1.,0.,0.));
#6775=DIRECTION('',(0.,0.,1.));
#6776=DIRECTION('',(-1.,0.,0.));
#6777=DIRECTION('',(0.,0.,1.));
#6778=DIRECTION('',(-1.,0.,0.));
#6779=DIRECTION('',(-0.894427190999916,0.,-0.447213595499958));
#6780=DIRECTION('',(0.447213595499958,0.,-0.894427190999916));
#6781=DIRECTION('',(0.478852130680573,9.58472345322812E-017,-0.877895572914385));
#6782=DIRECTION('',(0.877895572914385,1.75719929975849E-016,0.478852130680573));
#6783=DIRECTION('',(0.478852130680573,9.58472345322812E-017,-0.877895572914385));
#6784=DIRECTION('',(-0.877895572914385,-1.75719929975849E-016,-0.478852130680573));
#6785=DIRECTION('',(-0.478852130680573,-9.58472345322812E-017,0.877895572914385));
#6786=DIRECTION('',(0.877895572914385,1.75719929975849E-016,0.478852130680573));
#6787=DIRECTION('',(-0.478852130680573,0.,0.877895572914385));
#6788=DIRECTION('',(0.,0.,-1.));
#6789=DIRECTION('',(-1.,0.,0.));
#6790=DIRECTION('',(0.,0.,-1.));
#6791=DIRECTION('',(1.,0.,0.));
#6792=DIRECTION('',(0.,0.,-1.));
#6793=DIRECTION('',(1.,0.,0.));
#6794=DIRECTION('',(0.,0.,-1.));
#6795=DIRECTION('',(-1.,0.,0.));
#6796=DIRECTION('',(0.,0.,-1.));
#6797=DIRECTION('',(1.,0.,0.));
#6798=DIRECTION('',(0.,0.,-1.));
#6799=DIRECTION('',(-1.,0.,0.));
#6800=DIRECTION('',(0.,0.,-1.));
#6801=DIRECTION('',(1.,0.,0.));
#6802=DIRECTION('',(-1.,0.,0.));
#6803=DIRECTION('',(0.,0.,1.));
#6804=DIRECTION('',(0.,-1.,0.));
#6805=DIRECTION('',(0.,0.,-1.));
#6806=DIRECTION('',(-0.707106781186547,-0.707106781186548,0.));
#6807=DIRECTION('',(-0.707106781186548,0.707106781186547,0.));
#6808=DIRECTION('',(-1.41534776924619E-016,0.707106781186547,0.707106781186547));
#6809=DIRECTION('',(-1.41534776924619E-016,0.707106781186547,-0.707106781186547));
#6810=DIRECTION('',(-2.00160401074247E-016,1.,0.));
#6811=DIRECTION('',(1.,0.,0.));
#6812=DIRECTION('',(-1.,0.,0.));
#6813=DIRECTION('',(0.,0.,1.));
#6814=DIRECTION('',(-1.,0.,0.));
#6815=DIRECTION('',(0.,0.,-1.));
#6816=DIRECTION('',(-0.707106781186547,0.,0.707106781186547));
#6817=DIRECTION('',(-0.707106781186547,0.,-0.707106781186547));
#6818=DIRECTION('',(-0.707106781186547,-0.707106781186547,0.));
#6819=DIRECTION('',(-0.707106781186547,0.707106781186547,0.));
#6820=DIRECTION('',(-1.,0.,0.));
#6821=DIRECTION('',(0.,0.,-1.));
#6822=DIRECTION('',(0.,-1.,0.));
#6823=DIRECTION('',(0.,0.,-1.));
#6824=DIRECTION('',(-0.707106781186547,-0.707106781186548,0.));
#6825=DIRECTION('',(0.707106781186548,-0.707106781186547,0.));
#6826=DIRECTION('',(0.,0.707106781186547,0.707106781186547));
#6827=DIRECTION('',(0.,-0.707106781186547,0.707106781186547));
#6828=DIRECTION('',(0.,-1.,0.));
#6829=DIRECTION('',(0.,0.,1.));
#6830=DIRECTION('',(0.,-1.,0.));
#6831=DIRECTION('',(0.,0.,-1.));
#6832=DIRECTION('',(0.,-1.,0.));
#6833=DIRECTION('',(0.,0.,1.));
#6834=DIRECTION('',(-0.707106781186547,-1.41534776924619E-016,0.707106781186547));
#6835=DIRECTION('',(0.707106781186547,1.41534776924619E-016,0.707106781186547));
#6836=DIRECTION('',(-1.,0.,0.));
#6837=DIRECTION('',(0.,0.,1.));
#6838=DIRECTION('',(1.,2.00160401074247E-016,0.));
#6839=DIRECTION('',(0.,-1.,0.));
#6840=DIRECTION('',(0.247087461322519,4.9457125358733E-017,-0.968993181842469));
#6841=DIRECTION('',(-0.968993181842469,-1.93954063915799E-016,-0.247087461322519));
#6842=DIRECTION('',(0.,0.,1.));
#6843=DIRECTION('',(-1.,0.,0.));
#6844=DIRECTION('',(-0.478852130680573,-9.58472345322812E-017,0.877895572914385));
#6845=DIRECTION('',(-0.877895572914384,0.,-0.478852130680572));
#6846=DIRECTION('',(0.,0.,1.));
#6847=DIRECTION('',(-1.,0.,0.));
#6848=DIRECTION('',(0.,1.,0.));
#6849=DIRECTION('',(-1.,0.,0.));
#6850=DIRECTION('',(0.,-1.,0.));
#6851=DIRECTION('',(1.,0.,0.));
#6852=DIRECTION('',(0.,1.,0.));
#6853=DIRECTION('',(0.,0.,-1.));
#6854=DIRECTION('',(-1.,0.,0.));
#6855=DIRECTION('',(0.,0.,-1.));
#6856=DIRECTION('',(0.,0.,-1.));
#6857=DIRECTION('',(0.,1.,0.));
#6858=DIRECTION('',(0.,0.,1.));
#6859=DIRECTION('',(-1.,0.,0.));
#6860=DIRECTION('',(0.,0.,1.));
#6861=DIRECTION('',(0.,0.,-1.));
#6862=DIRECTION('',(0.,0.,-1.));
#6863=DIRECTION('',(0.,-1.,0.));
#6864=DIRECTION('',(0.,0.,-1.));
#6865=DIRECTION('',(1.,0.,0.));
#6866=DIRECTION('',(0.,0.,-1.));
#6867=DIRECTION('',(-1.,0.,0.));
#6868=DIRECTION('',(0.,0.,1.));
#6869=DIRECTION('',(-1.,0.,0.));
#6870=DIRECTION('',(0.,0.,1.));
#6871=DIRECTION('',(-1.,0.,0.));
#6872=DIRECTION('',(0.,0.,1.));
#6873=DIRECTION('',(0.,-1.,0.));
#6874=DIRECTION('',(0.,0.,-1.));
#6875=DIRECTION('',(0.,-1.,0.));
#6876=DIRECTION('',(1.,0.,0.));
#6877=DIRECTION('',(0.,0.,-1.));
#6878=DIRECTION('',(-1.,0.,0.));
#6879=DIRECTION('',(-1.,0.,0.));
#6880=DIRECTION('',(0.,0.,-1.));
#6881=DIRECTION('',(0.,-1.,0.));
#6882=DIRECTION('',(0.,0.,-1.));
#6883=DIRECTION('',(0.,1.,0.));
#6884=DIRECTION('',(0.,1.,0.));
#6885=DIRECTION('',(-1.,0.,0.));
#6886=DIRECTION('',(0.,0.,1.));
#6887=DIRECTION('',(0.,0.,-1.));
#6888=DIRECTION('',(-1.,0.,0.));
#6889=DIRECTION('',(0.,0.,-1.));
#6890=DIRECTION('',(-1.,0.,0.));
#6891=DIRECTION('',(-1.90991646804537E-031,-1.,0.));
#6892=DIRECTION('',(1.,0.,0.));
#6893=DIRECTION('',(0.,1.,0.));
#6894=DIRECTION('',(1.,0.,0.));
#6895=DIRECTION('',(0.,0.,1.));
#6896=DIRECTION('',(1.,0.,0.));
#6897=DIRECTION('',(0.,-1.,-1.17145334231628E-015));
#6898=DIRECTION('',(1.,0.,0.));
#6899=DIRECTION('',(0.,-1.17145536458252E-015,1.));
#6900=DIRECTION('',(0.707106781186548,8.28344032153662E-016,-0.707106781186547));
#6901=DIRECTION('',(1.,0.,0.));
#6902=DIRECTION('',(0.707106781186548,-8.28344032153662E-016,0.707106781186547));
#6903=DIRECTION('',(1.63037920674512E-016,1.17145536458252E-015,-1.));
#6904=DIRECTION('',(0.,1.,1.17145536458252E-015));
#6905=DIRECTION('',(1.,0.,0.));
#6906=DIRECTION('',(0.,1.,1.17145536458252E-015));
#6907=DIRECTION('',(0.,0.,1.));
#6908=DIRECTION('',(0.,-1.17145536458252E-015,1.));
#6909=DIRECTION('',(1.63037920674512E-016,1.17145536458252E-015,-1.));
#6910=DIRECTION('',(-0.707106781186548,8.28344032153662E-016,-0.707106781186547));
#6911=DIRECTION('',(-1.,0.,0.));
#6912=DIRECTION('',(-0.707106781186548,-8.28344032153662E-016,0.707106781186547));
#6913=DIRECTION('',(0.,1.,1.17145536458252E-015));
#6914=DIRECTION('',(1.,0.,0.));
#6915=DIRECTION('',(0.,1.,1.17145536458252E-015));
#6916=DIRECTION('',(1.,-1.90991646804537E-031,1.63037920674512E-016));
#6917=DIRECTION('',(1.6306400674182E-016,1.17093834628434E-015,-1.));
#6918=DIRECTION('',(0.,-1.,-1.17145536458252E-015));
#6919=DIRECTION('',(-1.,0.,0.));
#6920=DIRECTION('',(0.,1.,1.17093834628434E-015));
#6921=DIRECTION('',(0.,1.,1.17145536458252E-015));
#6922=DIRECTION('',(1.,0.,0.));
#6923=DIRECTION('',(0.,-1.,-1.17145536458252E-015));
#6924=DIRECTION('',(-1.,0.,0.));
#6925=DIRECTION('',(0.,1.17145536458252E-015,-1.));
#6926=DIRECTION('',(0.,-1.,-1.17093834628434E-015));
#6927=DIRECTION('',(0.700140042014005,-0.1400280084028,-0.700140042014005));
#6928=DIRECTION('',(-0.700140042014005,-0.140028008402802,0.700140042014005));
#6929=DIRECTION('',(0.707106781186547,-8.28344032153662E-016,0.707106781186548));
#6930=DIRECTION('',(0.707106781186548,8.29197821516914E-016,-0.707106781186547));
#6931=DIRECTION('',(0.700140042014005,0.1400280084028,0.700140042014005));
#6932=DIRECTION('',(-0.700140042014005,0.140028008402802,-0.700140042014005));
#6933=DIRECTION('',(-0.707106781186547,-8.28344032153662E-016,0.707106781186548));
#6934=DIRECTION('',(0.707106781186548,-8.29197821516914E-016,0.707106781186547));
#6935=DIRECTION('',(0.,-0.98058067569092,-0.196116135138185));
#6936=DIRECTION('',(0.,-0.196116135138185,0.98058067569092));
#6937=DIRECTION('',(0.,-0.98058067569092,0.196116135138183));
#6938=DIRECTION('',(0.,0.196116135138183,0.980580675690921));
#6939=DIRECTION('',(0.,-1.,-1.17145334231628E-015));
#6940=DIRECTION('',(0.,-1.73472347597681E-015,1.));
#6941=CARTESIAN_POINT('',(0.,0.,0.));
#6942=CARTESIAN_POINT('',(4.4,-0.400000000000682,1.));
#6943=CARTESIAN_POINT('',(4.4,-0.400000000000682,1.));
#6944=CARTESIAN_POINT('',(4.4,0.399999999999318,1.));
#6945=CARTESIAN_POINT('',(4.4,-0.400000000000682,1.));
#6946=CARTESIAN_POINT('',(10.7,-0.400000000000682,1.));
#6947=CARTESIAN_POINT('',(10.7,-0.400000000000682,1.));
#6948=CARTESIAN_POINT('',(10.7,0.399999999999318,1.));
#6949=CARTESIAN_POINT('',(4.4,0.399999999999318,1.));
#6950=CARTESIAN_POINT('',(0.,0.,1.));
#6951=CARTESIAN_POINT('',(10.7,0.399999999999318,1.5));
#6952=CARTESIAN_POINT('',(10.7,0.399999999999318,-9.79999999999997));
#6953=CARTESIAN_POINT('',(10.7,0.399999999999318,-9.8));
#6954=CARTESIAN_POINT('',(10.5287407973032,0.399999999999318,-10.7712592026968));
#6955=CARTESIAN_POINT('',(10.7,0.399999999999318,-10.6));
#6956=CARTESIAN_POINT('',(10.3,0.399999999999318,-11.));
#6957=CARTESIAN_POINT('',(5.6,0.399999999999318,-11.));
#6958=CARTESIAN_POINT('',(4.8,0.399999999999318,-11.));
#6959=CARTESIAN_POINT('',(5.6,0.399999999999318,-11.8));
#6960=CARTESIAN_POINT('',(4.57125920269685,0.399999999999318,-10.7712592026968));
#6961=CARTESIAN_POINT('',(4.4,0.399999999999318,-9.8));
#6962=CARTESIAN_POINT('',(4.4,0.399999999999318,-9.8));
#6963=CARTESIAN_POINT('',(4.4,0.399999999999318,-11.8));
#6964=CARTESIAN_POINT('',(4.4,0.399999999999318,2.5));
#6965=CARTESIAN_POINT('',(10.7,-0.400000000000682,1.5));
#6966=CARTESIAN_POINT('',(10.7,-0.400000000000682,-9.8));
#6967=CARTESIAN_POINT('',(4.4,-0.400000000000682,-11.8));
#6968=CARTESIAN_POINT('',(4.4,-0.400000000000682,-9.8));
#6969=CARTESIAN_POINT('',(2.29657611854714,-0.400000000000682,2.12910961783334));
#6970=CARTESIAN_POINT('',(4.57125920269685,-0.400000000000682,-10.7712592026968));
#6971=CARTESIAN_POINT('',(-2.15,-0.400000000000682,-4.05));
#6972=CARTESIAN_POINT('',(4.8,-0.400000000000682,-11.));
#6973=CARTESIAN_POINT('',(4.4,-0.400000000000682,-11.));
#6974=CARTESIAN_POINT('',(10.2999999999999,-0.400000000000675,-11.0000000000001));
#6975=CARTESIAN_POINT('',(14.1,-0.400000000000682,-7.2));
#6976=CARTESIAN_POINT('',(10.5287407973032,-0.400000000000682,-10.7712592026969));
#6977=CARTESIAN_POINT('',(12.6134556369285,-0.400000000000682,1.05174616635748));
#6978=CARTESIAN_POINT('',(4.4,-0.400000000000682,2.5));
#6979=CARTESIAN_POINT('',(4.4,-0.400000000000682,-9.8));
#6980=CARTESIAN_POINT('',(4.4,-0.400000000000682,-11.8));
#6981=CARTESIAN_POINT('',(10.7,-0.400000000000682,-9.8));
#6982=CARTESIAN_POINT('',(10.7,-0.400000000000682,1.5));
#6983=CARTESIAN_POINT('',(9.5,-0.400000000000682,-11.8));
#6984=CARTESIAN_POINT('',(9.5,0.199999999999318,-11.8));
#6985=CARTESIAN_POINT('',(9.5,-0.200000000000682,-11.8));
#6986=CARTESIAN_POINT('',(10.7,-0.200000000000682,-11.8));
#6987=CARTESIAN_POINT('',(5.6,-0.200000000000682,-11.8));
#6988=CARTESIAN_POINT('',(5.6,-0.400000000000682,-11.8));
#6989=CARTESIAN_POINT('',(5.6,0.199999999999318,-11.8));
#6990=CARTESIAN_POINT('',(9.5,0.199999999999318,-11.8));
#6991=CARTESIAN_POINT('',(10.7,-0.400000000000682,-11.8));
#6992=CARTESIAN_POINT('',(4.57125920269685,-0.400000000000682,-10.7712592026968));
#6993=CARTESIAN_POINT('',(5.67272727272727,0.1818181818175,-11.8727272727273));
#6994=CARTESIAN_POINT('',(5.57575757575758,-0.206060606061288,-11.7757575757576));
#6995=CARTESIAN_POINT('',(5.6,-0.400000000000682,-11.8));
#6996=CARTESIAN_POINT('',(10.5287407973032,-0.400000000000682,-10.7712592026968));
#6997=CARTESIAN_POINT('',(10.6878787878788,-0.496969696970379,-10.6121212121212));
#6998=CARTESIAN_POINT('',(10.5909090909091,0.472727272726591,-10.7090909090909));
#6999=CARTESIAN_POINT('',(10.7,-0.400000000000682,-10.6));
#7000=CARTESIAN_POINT('',(4.4,0.399999999999318,-11.));
#7001=CARTESIAN_POINT('',(10.7,-0.200000000000682,-11.8));
#7002=CARTESIAN_POINT('',(10.7,-0.400000000000682,-9.8));
#7003=CARTESIAN_POINT('',(4.4,-0.400000000000682,-9.8));
#7004=CARTESIAN_POINT('',(-10.75,-4.15,1.));
#7005=CARTESIAN_POINT('',(-10.75,-4.15,1.));
#7006=CARTESIAN_POINT('',(-9.95,-4.15,1.));
#7007=CARTESIAN_POINT('',(-10.75,4.15,1.));
#7008=CARTESIAN_POINT('',(-10.75,4.15,1.));
#7009=CARTESIAN_POINT('',(-9.95,4.15,1.));
#7010=CARTESIAN_POINT('',(-9.95,4.15,1.));
#7011=CARTESIAN_POINT('',(-9.95,-4.15,1.));
#7012=CARTESIAN_POINT('',(-5.15,8.8,1.));
#7013=CARTESIAN_POINT('',(-5.15,8.8,1.));
#7014=CARTESIAN_POINT('',(-5.15,7.99999999999999,1.));
#7015=CARTESIAN_POINT('',(1.15,8.8,1.));
#7016=CARTESIAN_POINT('',(1.15,8.8,1.));
#7017=CARTESIAN_POINT('',(1.15,7.99999999999999,1.));
#7018=CARTESIAN_POINT('',(1.15,7.99999999999999,1.));
#7019=CARTESIAN_POINT('',(-5.15,7.99999999999999,1.));
#7020=CARTESIAN_POINT('',(-5.15,-8.00000000000001,1.));
#7021=CARTESIAN_POINT('',(-5.15,-8.00000000000001,1.));
#7022=CARTESIAN_POINT('',(-5.15,-8.80000000000001,1.));
#7023=CARTESIAN_POINT('',(1.15,-8.00000000000001,1.));
#7024=CARTESIAN_POINT('',(1.15,-8.00000000000001,1.));
#7025=CARTESIAN_POINT('',(1.15,-8.80000000000001,1.));
#7026=CARTESIAN_POINT('',(1.15,-8.80000000000001,1.));
#7027=CARTESIAN_POINT('',(-5.15,-8.80000000000001,1.));
#7028=CARTESIAN_POINT('',(4.4,-0.399999999999999,1.));
#7029=CARTESIAN_POINT('',(4.4,-0.399999999999999,1.));
#7030=CARTESIAN_POINT('',(10.7,-0.4,1.));
#7031=CARTESIAN_POINT('',(4.4,0.400000000000001,1.));
#7032=CARTESIAN_POINT('',(4.4,0.400000000000001,1.));
#7033=CARTESIAN_POINT('',(10.7,0.400000000000001,1.));
#7034=CARTESIAN_POINT('',(10.7,0.400000000000001,1.));
#7035=CARTESIAN_POINT('',(10.7,-0.4,1.));
#7036=CARTESIAN_POINT('',(-11.7,11.7,1.));
#7037=CARTESIAN_POINT('',(-12.2,11.7,1.));
#7038=CARTESIAN_POINT('',(-11.7,12.2,1.));
#7039=CARTESIAN_POINT('',(-12.2,-12.2,1.));
#7040=CARTESIAN_POINT('',(-12.2,-11.7,1.));
#7041=CARTESIAN_POINT('',(-11.7,-11.7,1.));
#7042=CARTESIAN_POINT('',(-11.7,-12.2,1.));
#7043=CARTESIAN_POINT('',(12.2,-12.2,1.));
#7044=CARTESIAN_POINT('',(11.7,-12.2,1.));
#7045=CARTESIAN_POINT('',(11.7,-11.7,1.));
#7046=CARTESIAN_POINT('',(12.2,-11.7,1.));
#7047=CARTESIAN_POINT('',(12.2,12.2,1.));
#7048=CARTESIAN_POINT('',(12.2,11.7,1.));
#7049=CARTESIAN_POINT('',(11.7,11.7,1.));
#7050=CARTESIAN_POINT('',(11.7,12.2,1.));
#7051=CARTESIAN_POINT('',(-12.2,12.2,1.));
#7052=CARTESIAN_POINT('',(6.,7.35,1.));
#7053=CARTESIAN_POINT('',(6.75,7.35,1.));
#7054=CARTESIAN_POINT('',(-0.550000000000006,5.5,1.));
#7055=CARTESIAN_POINT('',(-7.35,-1.95,0.5));
#7056=CARTESIAN_POINT('',(-6.85,-1.95,0.5));
#7057=CARTESIAN_POINT('',(-5.95,-1.95,0.5));
#7058=CARTESIAN_POINT('',(-5.95,-2.45,0.5));
#7059=CARTESIAN_POINT('',(-5.45,-2.45,0.5));
#7060=CARTESIAN_POINT('',(-5.45,-5.3,0.5));
#7061=CARTESIAN_POINT('',(-5.45,-4.8,0.5));
#7062=CARTESIAN_POINT('',(-5.95,-4.8,0.5));
#7063=CARTESIAN_POINT('',(-5.95,-5.3,0.5));
#7064=CARTESIAN_POINT('',(-7.35,-5.3,0.5));
#7065=CARTESIAN_POINT('',(-6.85,-5.3,0.5));
#7066=CARTESIAN_POINT('',(-6.85,-4.8,0.5));
#7067=CARTESIAN_POINT('',(-7.35,-4.8,0.5));
#7068=CARTESIAN_POINT('',(-7.35,-1.95,0.5));
#7069=CARTESIAN_POINT('',(-7.35,-2.45,0.5));
#7070=CARTESIAN_POINT('',(-6.85,-2.45,0.5));
#7071=CARTESIAN_POINT('',(-5.45,-5.3,0.5));
#7072=CARTESIAN_POINT('',(-6.4,4.44089209850063E-016,-1.0842021724855E-016));
#7073=CARTESIAN_POINT('',(-7.65,4.44089209850063E-016,-1.0842021724855E-016));
#7074=CARTESIAN_POINT('',(-6.4,4.44089209850063E-016,-1.0842021724855E-016));
#7075=CARTESIAN_POINT('',(-5.45,5.3,0.5));
#7076=CARTESIAN_POINT('',(-5.95,5.3,0.5));
#7077=CARTESIAN_POINT('',(-6.85,5.3,0.5));
#7078=CARTESIAN_POINT('',(-5.95,4.8,0.5));
#7079=CARTESIAN_POINT('',(-5.45,4.8,0.5));
#7080=CARTESIAN_POINT('',(-5.45,1.95,0.5));
#7081=CARTESIAN_POINT('',(-5.45,2.45,0.5));
#7082=CARTESIAN_POINT('',(-5.95,2.45,0.5));
#7083=CARTESIAN_POINT('',(-5.95,1.95,0.5));
#7084=CARTESIAN_POINT('',(-7.35,1.95,0.5));
#7085=CARTESIAN_POINT('',(-6.85,1.95,0.5));
#7086=CARTESIAN_POINT('',(-6.85,2.45,0.5));
#7087=CARTESIAN_POINT('',(-7.35,2.45,0.5));
#7088=CARTESIAN_POINT('',(-7.35,5.3,0.5));
#7089=CARTESIAN_POINT('',(-7.35,4.8,0.5));
#7090=CARTESIAN_POINT('',(-6.85,4.8,0.5));
#7091=CARTESIAN_POINT('',(-5.45,1.95,0.5));
#7092=CARTESIAN_POINT('',(9.2,-3.1,0.5));
#7093=CARTESIAN_POINT('',(8.7,-3.1,0.5));
#7094=CARTESIAN_POINT('',(4.85,-3.1,0.5));
#7095=CARTESIAN_POINT('',(8.7,-3.6,0.5));
#7096=CARTESIAN_POINT('',(9.2,-3.6,0.5));
#7097=CARTESIAN_POINT('',(9.2,-8.50000000000001,0.5));
#7098=CARTESIAN_POINT('',(9.2,-8.00000000000001,0.5));
#7099=CARTESIAN_POINT('',(8.7,-8.00000000000001,0.5));
#7100=CARTESIAN_POINT('',(8.7,-8.50000000000001,0.5));
#7101=CARTESIAN_POINT('',(4.35,-8.5,0.5));
#7102=CARTESIAN_POINT('',(4.85,-8.5,0.5));
#7103=CARTESIAN_POINT('',(4.85,-8.,0.5));
#7104=CARTESIAN_POINT('',(4.35,-8.,0.5));
#7105=CARTESIAN_POINT('',(4.35,-3.1,0.5));
#7106=CARTESIAN_POINT('',(4.35,-3.6,0.5));
#7107=CARTESIAN_POINT('',(4.85,-3.6,0.5));
#7108=CARTESIAN_POINT('',(9.2,-8.50000000000001,0.5));
#7109=CARTESIAN_POINT('',(-7.35,-2.45,0.5));
#7110=CARTESIAN_POINT('',(-7.35,-2.45,-0.6));
#7111=CARTESIAN_POINT('',(-6.85,-2.45,-0.6));
#7112=CARTESIAN_POINT('',(-6.85,-1.95,-0.6));
#7113=CARTESIAN_POINT('',(-6.85,-1.95,0.5));
#7114=CARTESIAN_POINT('',(-6.85,-2.45,0.5));
#7115=CARTESIAN_POINT('',(-7.35,-1.95,-0.6));
#7116=CARTESIAN_POINT('',(-5.95,-1.95,-0.6));
#7117=CARTESIAN_POINT('',(-5.95,-1.95,0.5));
#7118=CARTESIAN_POINT('',(-7.35,-1.95,0.5));
#7119=CARTESIAN_POINT('',(-5.95,-2.45,-0.6));
#7120=CARTESIAN_POINT('',(-5.45,-2.45,-0.6));
#7121=CARTESIAN_POINT('',(-5.45,-2.45,0.5));
#7122=CARTESIAN_POINT('',(-5.95,-2.45,0.5));
#7123=CARTESIAN_POINT('',(-5.45,-5.3,-0.6));
#7124=CARTESIAN_POINT('',(-5.45,-4.8,-0.6));
#7125=CARTESIAN_POINT('',(-5.45,-4.8,0.5));
#7126=CARTESIAN_POINT('',(-5.45,-5.3,0.5));
#7127=CARTESIAN_POINT('',(-5.95,-4.8,-0.6));
#7128=CARTESIAN_POINT('',(-5.95,-5.3,-0.6));
#7129=CARTESIAN_POINT('',(-5.95,-5.3,-0.6));
#7130=CARTESIAN_POINT('',(-5.95,-4.8,0.5));
#7131=CARTESIAN_POINT('',(-7.35,-5.3,-0.6));
#7132=CARTESIAN_POINT('',(-6.85,-5.3,-0.6));
#7133=CARTESIAN_POINT('',(-6.85,-5.3,0.5));
#7134=CARTESIAN_POINT('',(-7.35,-5.3,0.5));
#7135=CARTESIAN_POINT('',(-6.85,-4.8,-0.6));
#7136=CARTESIAN_POINT('',(-7.35,-4.8,-0.6));
#7137=CARTESIAN_POINT('',(-7.35,-4.8,-0.6));
#7138=CARTESIAN_POINT('',(-6.85,-4.8,0.5));
#7139=CARTESIAN_POINT('',(-7.35,-1.95,-0.6));
#7140=CARTESIAN_POINT('',(-7.35,-1.95,0.5));
#7141=CARTESIAN_POINT('',(-6.4,4.44089209850063E-016,-0.6));
#7142=CARTESIAN_POINT('',(-4.9,6.27786229722166E-016,-0.6));
#7143=CARTESIAN_POINT('',(-6.4,4.44089209850063E-016,-1.0842021724855E-016));
#7144=CARTESIAN_POINT('',(-7.35,4.8,0.5));
#7145=CARTESIAN_POINT('',(-7.35,4.8,-0.6));
#7146=CARTESIAN_POINT('',(-6.85,4.8,-0.6));
#7147=CARTESIAN_POINT('',(-6.85,5.3,-0.6));
#7148=CARTESIAN_POINT('',(-6.85,5.3,-0.6));
#7149=CARTESIAN_POINT('',(-6.85,4.8,0.5));
#7150=CARTESIAN_POINT('',(-5.45,5.3,-0.6));
#7151=CARTESIAN_POINT('',(-5.95,5.3,-0.6));
#7152=CARTESIAN_POINT('',(-5.95,5.3,0.5));
#7153=CARTESIAN_POINT('',(-5.45,5.3,0.5));
#7154=CARTESIAN_POINT('',(-5.95,4.8,-0.6));
#7155=CARTESIAN_POINT('',(-5.45,4.8,-0.6));
#7156=CARTESIAN_POINT('',(-5.45,4.8,-0.6));
#7157=CARTESIAN_POINT('',(-5.95,4.8,0.5));
#7158=CARTESIAN_POINT('',(-5.45,1.95,-0.6));
#7159=CARTESIAN_POINT('',(-5.45,2.45,-0.6));
#7160=CARTESIAN_POINT('',(-5.45,2.45,0.5));
#7161=CARTESIAN_POINT('',(-5.45,1.95,0.5));
#7162=CARTESIAN_POINT('',(-5.95,2.45,-0.6));
#7163=CARTESIAN_POINT('',(-5.95,1.95,-0.6));
#7164=CARTESIAN_POINT('',(-5.95,1.95,-0.6));
#7165=CARTESIAN_POINT('',(-5.95,2.45,0.5));
#7166=CARTESIAN_POINT('',(-7.35,1.95,-0.6));
#7167=CARTESIAN_POINT('',(-6.85,1.95,-0.6));
#7168=CARTESIAN_POINT('',(-6.85,1.95,0.5));
#7169=CARTESIAN_POINT('',(-7.35,1.95,0.5));
#7170=CARTESIAN_POINT('',(-6.85,2.45,-0.6));
#7171=CARTESIAN_POINT('',(-7.35,2.45,-0.6));
#7172=CARTESIAN_POINT('',(-7.35,2.45,-0.6));
#7173=CARTESIAN_POINT('',(-6.85,2.45,0.5));
#7174=CARTESIAN_POINT('',(-7.35,5.3,-0.6));
#7175=CARTESIAN_POINT('',(-7.35,5.3,0.5));
#7176=CARTESIAN_POINT('',(4.35,-3.6,0.5));
#7177=CARTESIAN_POINT('',(4.35,-3.6,-0.6));
#7178=CARTESIAN_POINT('',(4.85,-3.6,-0.6));
#7179=CARTESIAN_POINT('',(4.85,-3.1,-0.6));
#7180=CARTESIAN_POINT('',(4.85,-3.1,-0.6));
#7181=CARTESIAN_POINT('',(4.85,-3.6,0.5));
#7182=CARTESIAN_POINT('',(9.2,-3.1,-0.6));
#7183=CARTESIAN_POINT('',(8.7,-3.1,-0.6));
#7184=CARTESIAN_POINT('',(8.7,-3.1,0.5));
#7185=CARTESIAN_POINT('',(9.2,-3.1,0.5));
#7186=CARTESIAN_POINT('',(8.7,-3.6,-0.6));
#7187=CARTESIAN_POINT('',(9.2,-3.6,-0.6));
#7188=CARTESIAN_POINT('',(9.2,-3.6,-0.6));
#7189=CARTESIAN_POINT('',(8.7,-3.6,0.5));
#7190=CARTESIAN_POINT('',(9.2,-8.50000000000001,-0.6));
#7191=CARTESIAN_POINT('',(9.2,-8.00000000000001,-0.6));
#7192=CARTESIAN_POINT('',(9.2,-8.00000000000001,0.5));
#7193=CARTESIAN_POINT('',(9.2,-8.50000000000001,0.5));
#7194=CARTESIAN_POINT('',(8.7,-8.00000000000001,-0.6));
#7195=CARTESIAN_POINT('',(8.7,-8.50000000000001,-0.6));
#7196=CARTESIAN_POINT('',(8.7,-8.50000000000001,-0.6));
#7197=CARTESIAN_POINT('',(8.7,-8.00000000000001,0.5));
#7198=CARTESIAN_POINT('',(4.35,-8.5,-0.6));
#7199=CARTESIAN_POINT('',(4.85,-8.5,-0.6));
#7200=CARTESIAN_POINT('',(4.85,-8.5,0.5));
#7201=CARTESIAN_POINT('',(4.35,-8.5,0.5));
#7202=CARTESIAN_POINT('',(4.85,-8.,-0.6));
#7203=CARTESIAN_POINT('',(4.35,-8.,-0.6));
#7204=CARTESIAN_POINT('',(4.35,-8.,-0.6));
#7205=CARTESIAN_POINT('',(4.85,-8.,0.5));
#7206=CARTESIAN_POINT('',(4.35,-3.1,-0.6));
#7207=CARTESIAN_POINT('',(4.35,-3.1,0.5));
#7208=CARTESIAN_POINT('',(-4.05,5.99999999999999,-0.6));
#7209=CARTESIAN_POINT('',(-7.41862915010152,5.99999999999999,-0.6));
#7210=CARTESIAN_POINT('',(-5.38137084989847,5.99999999999999,-0.6));
#7211=CARTESIAN_POINT('',(-4.61568542494923,5.23431457505076,-0.6));
#7212=CARTESIAN_POINT('',(-4.85,5.46862915010152,-0.6));
#7213=CARTESIAN_POINT('',(-4.85,-5.8,-0.6));
#7214=CARTESIAN_POINT('',(-4.85,-5.46862915010153,-0.6));
#7215=CARTESIAN_POINT('',(-5.61568542494924,-6.23431457505077,-0.6));
#7216=CARTESIAN_POINT('',(-5.38137084989848,-6.,-0.6));
#7217=CARTESIAN_POINT('',(-7.75,-6.,-0.6));
#7218=CARTESIAN_POINT('',(-7.41862915010153,-6.,-0.6));
#7219=CARTESIAN_POINT('',(-8.18431457505076,-5.23431457505077,-0.6));
#7220=CARTESIAN_POINT('',(-7.95,-5.46862915010153,-0.6));
#7221=CARTESIAN_POINT('',(-7.95,-6.8,-0.6));
#7222=CARTESIAN_POINT('',(-7.95,5.46862915010152,-0.6));
#7223=CARTESIAN_POINT('',(-7.18431457505076,6.23431457505076,-0.6));
#7224=CARTESIAN_POINT('',(-4.05,-6.8,-0.6));
#7225=CARTESIAN_POINT('',(0.882352775456613,-5.03194399705107,-1.32604200221169));
#7226=CARTESIAN_POINT('',(0.150000000000001,-6.8,0.));
#7227=CARTESIAN_POINT('',(0.481370849898478,-6.,-0.6));
#7228=CARTESIAN_POINT('',(0.150000000000001,-6.,-0.6));
#7229=CARTESIAN_POINT('',(3.15,-6.,-0.6));
#7230=CARTESIAN_POINT('',(6.11585365853659,-3.03414634146341,-2.82439024390244));
#7231=CARTESIAN_POINT('',(2.35,-6.8,0.));
#7232=CARTESIAN_POINT('',(-0.849999999999999,-6.8,0.));
#7233=CARTESIAN_POINT('',(-0.849999999999999,-6.8,0.));
#7234=CARTESIAN_POINT('',(1.6384654060051,-4.76924387933641,-1.86634905450383));
#7235=CARTESIAN_POINT('',(-0.849999999999999,-5.8,0.));
#7236=CARTESIAN_POINT('',(-0.0499999999999985,-5.46862915010152,-0.6));
#7237=CARTESIAN_POINT('',(-0.28431457505076,-5.23431457505076,-0.6));
#7238=CARTESIAN_POINT('',(-15.525,8.875,0.));
#7239=CARTESIAN_POINT('',(-2.38431457505076,-3.13431457505076,-0.6));
#7240=CARTESIAN_POINT('',(-0.29805850155146,5.57137834570608,-0.413956123836403));
#7241=CARTESIAN_POINT('',(-0.849999999999997,5.8,0.));
#7242=CARTESIAN_POINT('',(-0.049999999999997,5.46862915010152,-0.6));
#7243=CARTESIAN_POINT('',(-0.0499999999999975,1.6,-0.6));
#7244=CARTESIAN_POINT('',(-0.849999999999999,-6.8,0.));
#7245=CARTESIAN_POINT('',(-0.0499999999999975,1.6,-0.6));
#7246=CARTESIAN_POINT('',(0.666257010475252,5.55364532364046,-0.934766007269651));
#7247=CARTESIAN_POINT('',(0.150000000000003,6.79999999999999,0.));
#7248=CARTESIAN_POINT('',(0.481370849898479,5.99999999999999,-0.6));
#7249=CARTESIAN_POINT('',(0.715685424949241,6.23431457505076,-0.6));
#7250=CARTESIAN_POINT('',(-3.325,3.32499999999999,0.));
#7251=CARTESIAN_POINT('',(-0.784314575050754,4.73431457505076,-0.6));
#7252=CARTESIAN_POINT('',(2.83780487804878,6.31219512195121,-0.365853658536586));
#7253=CARTESIAN_POINT('',(2.35,6.79999999999999,0.));
#7254=CARTESIAN_POINT('',(3.15,5.99999999999999,-0.6));
#7255=CARTESIAN_POINT('',(2.35,5.99999999999999,-0.6));
#7256=CARTESIAN_POINT('',(-0.849999999999997,6.79999999999999,0.));
#7257=CARTESIAN_POINT('',(2.35,5.99999999999999,-0.6));
#7258=CARTESIAN_POINT('',(1.82095082778153,9.21913934229515,0.396786879163854));
#7259=CARTESIAN_POINT('',(2.35,9.,0.));
#7260=CARTESIAN_POINT('',(3.15,8.66862915010152,-0.6));
#7261=CARTESIAN_POINT('',(3.15,1.6,-0.6));
#7262=CARTESIAN_POINT('',(2.35,6.79999999999999,0.));
#7263=CARTESIAN_POINT('',(3.15,1.6,-0.6));
#7264=CARTESIAN_POINT('',(-3.325,3.325,0.));
#7265=CARTESIAN_POINT('',(3.35,10.,0.));
#7266=CARTESIAN_POINT('',(4.0772247038239,8.24432425713559,-1.31675680714831));
#7267=CARTESIAN_POINT('',(3.68137084989848,9.2,-0.6));
#7268=CARTESIAN_POINT('',(3.91568542494924,9.43431457505076,-0.6));
#7269=CARTESIAN_POINT('',(-0.784314575050756,4.73431457505076,-0.6));
#7270=CARTESIAN_POINT('',(10.7,10.,0.));
#7271=CARTESIAN_POINT('',(9.7,10.,0.));
#7272=CARTESIAN_POINT('',(9.32795490148615,9.10180367735343,-0.673647241984921));
#7273=CARTESIAN_POINT('',(9.36862915010152,9.2,-0.6));
#7274=CARTESIAN_POINT('',(9.7,9.2,-0.6));
#7275=CARTESIAN_POINT('',(10.7,10.,0.));
#7276=CARTESIAN_POINT('',(-2.35000000000002,22.05,0.));
#7277=CARTESIAN_POINT('',(10.7,9.,0.));
#7278=CARTESIAN_POINT('',(9.8186941565826,8.63495116705786,-0.660979382563045));
#7279=CARTESIAN_POINT('',(9.9,8.66862915010153,-0.6));
#7280=CARTESIAN_POINT('',(10.1343145750508,8.43431457505076,-0.6));
#7281=CARTESIAN_POINT('',(9.65931457505076,8.90931457505077,-0.6));
#7282=CARTESIAN_POINT('',(10.7,1.6,0.));
#7283=CARTESIAN_POINT('',(10.7,2.6,0.));
#7284=CARTESIAN_POINT('',(10.9388674480088,2.50105786342532,0.179150586006571));
#7285=CARTESIAN_POINT('',(9.9,2.93137084989848,-0.6));
#7286=CARTESIAN_POINT('',(9.9,2.6,-0.6));
#7287=CARTESIAN_POINT('',(10.7,1.6,0.));
#7288=CARTESIAN_POINT('',(4.04999999999999,-4.05000000000001,0.));
#7289=CARTESIAN_POINT('',(9.7,1.6,0.));
#7290=CARTESIAN_POINT('',(8.67419098616515,4.07652203360466,-1.85739152520349));
#7291=CARTESIAN_POINT('',(9.36862915010152,2.4,-0.6));
#7292=CARTESIAN_POINT('',(9.13431457505076,2.16568542494924,-0.6));
#7293=CARTESIAN_POINT('',(5.45931457505076,-1.50931457505076,-0.6));
#7294=CARTESIAN_POINT('',(10.7,1.6,0.));
#7295=CARTESIAN_POINT('',(3.2,1.6,0.));
#7296=CARTESIAN_POINT('',(4.44878048780488,0.351219512195123,0.936585365853659));
#7297=CARTESIAN_POINT('',(2.4,2.4,-0.6));
#7298=CARTESIAN_POINT('',(2.35,2.4,-0.6));
#7299=CARTESIAN_POINT('',(2.35,2.4,-0.6));
#7300=CARTESIAN_POINT('',(3.2,-1.6,0.));
#7301=CARTESIAN_POINT('',(3.2,-1.6,0.));
#7302=CARTESIAN_POINT('',(3.2,-1.6,-2.64439554264757E-017));
#7303=CARTESIAN_POINT('',(2.4,-2.4,-0.6));
#7304=CARTESIAN_POINT('',(2.4,-1.6,-0.6));
#7305=CARTESIAN_POINT('',(3.2,-1.6,0.));
#7306=CARTESIAN_POINT('',(3.2,-1.6,0.));
#7307=CARTESIAN_POINT('',(9.7,-1.6,0.));
#7308=CARTESIAN_POINT('',(10.1395217078038,-0.538900732062586,0.79582445095306));
#7309=CARTESIAN_POINT('',(9.36862915010152,-2.4,-0.6));
#7310=CARTESIAN_POINT('',(2.35,-2.4,-0.6));
#7311=CARTESIAN_POINT('',(2.35,-2.4,-0.6));
#7312=CARTESIAN_POINT('',(-8.15000000000001,16.25,0.));
#7313=CARTESIAN_POINT('',(10.7,-2.6,0.));
#7314=CARTESIAN_POINT('',(7.85939856599862,-3.77661563925982,-2.13045107550103));
#7315=CARTESIAN_POINT('',(9.9,-2.93137084989847,-0.6));
#7316=CARTESIAN_POINT('',(10.1343145750508,-3.16568542494924,-0.6));
#7317=CARTESIAN_POINT('',(3.85931457505076,3.10931457505076,-0.6));
#7318=CARTESIAN_POINT('',(10.7,-10.,0.));
#7319=CARTESIAN_POINT('',(10.7,-9.00000000000001,0.));
#7320=CARTESIAN_POINT('',(10.9388674480088,-9.09894213657469,0.179150586006572));
#7321=CARTESIAN_POINT('',(9.89999999999999,-8.66862915010153,-0.6));
#7322=CARTESIAN_POINT('',(9.89999999999999,-9.00000000000001,-0.6));
#7323=CARTESIAN_POINT('',(10.7,-10.,0.));
#7324=CARTESIAN_POINT('',(9.85,-9.85,0.));
#7325=CARTESIAN_POINT('',(9.69999999999999,-10.,0.));
#7326=CARTESIAN_POINT('',(8.97277529617609,-8.24432425713559,-1.31675680714831));
#7327=CARTESIAN_POINT('',(9.36862915010152,-9.20000000000001,-0.6));
#7328=CARTESIAN_POINT('',(9.13431457505076,-9.43431457505077,-0.6));
#7329=CARTESIAN_POINT('',(11.2593145750508,-7.30931457505076,-0.6));
#7330=CARTESIAN_POINT('',(4.53011377204568,-7.15095332638405,-2.13678500521197));
#7331=CARTESIAN_POINT('',(3.35,-10.,0.));
#7332=CARTESIAN_POINT('',(3.68137084989847,-9.2,-0.6));
#7333=CARTESIAN_POINT('',(3.35,-9.2,-0.6));
#7334=CARTESIAN_POINT('',(2.35,-10.,0.));
#7335=CARTESIAN_POINT('',(2.35,-10.,0.));
#7336=CARTESIAN_POINT('',(5.60284123963312,-7.65262904229747,-2.43963092972484));
#7337=CARTESIAN_POINT('',(2.35,-9.,0.));
#7338=CARTESIAN_POINT('',(3.15,-8.66862915010153,-0.6));
#7339=CARTESIAN_POINT('',(2.91568542494924,-8.43431457505076,-0.6));
#7340=CARTESIAN_POINT('',(-15.525,8.87500000000002,0.));
#7341=CARTESIAN_POINT('',(-2.38431457505076,-3.13431457505076,-0.6));
#7342=CARTESIAN_POINT('',(3.15,1.6,-0.6));
#7343=CARTESIAN_POINT('',(2.35,-10.,0.));
#7344=CARTESIAN_POINT('',(3.15,1.6,-0.6));
#7345=CARTESIAN_POINT('',(-5.01942386434933,4.25474476914808,-2.797932101738));
#7346=CARTESIAN_POINT('',(-8.75,5.8,0.));
#7347=CARTESIAN_POINT('',(-7.275,7.275,0.));
#7348=CARTESIAN_POINT('',(-7.75,6.79999999999999,0.));
#7349=CARTESIAN_POINT('',(-6.75878539839034,4.4069962655717,-1.79475280082122));
#7350=CARTESIAN_POINT('',(-12.1343145750508,1.28431457505076,-0.6));
#7351=CARTESIAN_POINT('',(-8.75,6.79999999999999,0.));
#7352=CARTESIAN_POINT('',(-5.05,6.79999999999999,0.));
#7353=CARTESIAN_POINT('',(-5.24964217343627,6.3180211572685,-0.361484132048622));
#7354=CARTESIAN_POINT('',(-4.05,5.99999999999999,-0.6));
#7355=CARTESIAN_POINT('',(-11.325,13.075,0.));
#7356=CARTESIAN_POINT('',(-4.05,5.79999999999999,0.));
#7357=CARTESIAN_POINT('',(-7.0597298449104,4.55332907915904,-2.2572973836828));
#7358=CARTESIAN_POINT('',(1.68431457505076,-1.06568542494925,-0.6));
#7359=CARTESIAN_POINT('',(-4.93975108303198,-5.43145303427201,-0.667313312273983));
#7360=CARTESIAN_POINT('',(-4.05,-5.8,0.));
#7361=CARTESIAN_POINT('',(-4.05,-6.8,0.));
#7362=CARTESIAN_POINT('',(-4.05,-6.8,0.));
#7363=CARTESIAN_POINT('',(-5.41608590532631,-5.91619044236759,-0.662857168224314));
#7364=CARTESIAN_POINT('',(-5.05,-6.8,0.));
#7365=CARTESIAN_POINT('',(0.875000000000001,-0.875000000000001,0.));
#7366=CARTESIAN_POINT('',(-5.11568542494924,-5.73431457505077,-0.6));
#7367=CARTESIAN_POINT('',(-7.7102775161421,-6.70410144073911,-0.0719239194456672));
#7368=CARTESIAN_POINT('',(-7.75,-6.80000000000001,0.));
#7369=CARTESIAN_POINT('',(-8.75,-6.80000000000001,0.));
#7370=CARTESIAN_POINT('',(-8.75,-6.80000000000001,0.));
#7371=CARTESIAN_POINT('',(-19.475,4.925,0.));
#7372=CARTESIAN_POINT('',(-8.75,-5.80000000000001,0.));
#7373=CARTESIAN_POINT('',(-7.06639639319694,-5.10262855240191,-1.2627027051023));
#7374=CARTESIAN_POINT('',(-5.33431457505076,-8.08431457505077,-0.6));
#7375=CARTESIAN_POINT('',(-8.75,-6.80000000000001,0.));
#7376=CARTESIAN_POINT('',(-7.95,-6.8,-0.6));
#7377=CARTESIAN_POINT('',(-11.4,-5.9,0.));
#7378=CARTESIAN_POINT('',(-11.4,-5.9,0.));
#7379=CARTESIAN_POINT('',(-11.4,0.199999999999997,0.));
#7380=CARTESIAN_POINT('',(-11.4,-5.9,0.5));
#7381=CARTESIAN_POINT('',(-11.4,-5.9,0.5));
#7382=CARTESIAN_POINT('',(-11.4,-5.9,0.5));
#7383=CARTESIAN_POINT('',(-11.4,0.199999999999997,0.5));
#7384=CARTESIAN_POINT('',(-11.4,0.199999999999997,0.5));
#7385=CARTESIAN_POINT('',(-11.4,-5.9,0.5));
#7386=CARTESIAN_POINT('',(-12.2,-5.9,0.));
#7387=CARTESIAN_POINT('',(-11.9,-5.9,-1.0842021724855E-016));
#7388=CARTESIAN_POINT('',(-12.2,-5.9,0.5));
#7389=CARTESIAN_POINT('',(-12.2,-5.9,0.5));
#7390=CARTESIAN_POINT('',(-12.2,-5.9,0.5));
#7391=CARTESIAN_POINT('',(-12.2,-5.9,0.5));
#7392=CARTESIAN_POINT('',(-0.399999999999999,-11.2,0.5));
#7393=CARTESIAN_POINT('',(-0.399999999999999,-11.2,0.5));
#7394=CARTESIAN_POINT('',(-0.399999999999999,-12.2,0.5));
#7395=CARTESIAN_POINT('',(-0.399999999999999,-11.9352941176471,0.0588235294117639));
#7396=CARTESIAN_POINT('',(-0.399999999999999,-11.9,-3.3881317890172E-017));
#7397=CARTESIAN_POINT('',(-0.399999999999999,-11.2,0.));
#7398=CARTESIAN_POINT('',(-0.399999999999999,-11.2,0.));
#7399=CARTESIAN_POINT('',(-0.399999999999999,-11.2,0.5));
#7400=CARTESIAN_POINT('',(-0.399999999999999,-11.2,0.5));
#7401=CARTESIAN_POINT('',(6.,-11.2,0.));
#7402=CARTESIAN_POINT('',(6.,-11.2,0.));
#7403=CARTESIAN_POINT('',(6.,-11.2,0.5));
#7404=CARTESIAN_POINT('',(6.,-11.2,0.5));
#7405=CARTESIAN_POINT('',(6.,-11.2,0.5));
#7406=CARTESIAN_POINT('',(6.,-11.2,0.5));
#7407=CARTESIAN_POINT('',(6.,-12.2,0.));
#7408=CARTESIAN_POINT('',(6.,-11.9,5.42101086242752E-017));
#7409=CARTESIAN_POINT('',(6.,-12.2,0.5));
#7410=CARTESIAN_POINT('',(6.,-12.2,0.5));
#7411=CARTESIAN_POINT('',(6.,-12.2,0.5));
#7412=CARTESIAN_POINT('',(6.,-12.2,0.5));
#7413=CARTESIAN_POINT('',(11.2,2.5,0.5));
#7414=CARTESIAN_POINT('',(11.2,2.5,0.5));
#7415=CARTESIAN_POINT('',(12.2,2.5,0.5));
#7416=CARTESIAN_POINT('',(11.9352941176471,2.5,0.0588235294117647));
#7417=CARTESIAN_POINT('',(11.9,2.5,0.));
#7418=CARTESIAN_POINT('',(11.2,2.5,0.));
#7419=CARTESIAN_POINT('',(11.2,2.5,0.));
#7420=CARTESIAN_POINT('',(11.2,2.5,0.5));
#7421=CARTESIAN_POINT('',(11.2,2.5,0.5));
#7422=CARTESIAN_POINT('',(11.2,7.,0.));
#7423=CARTESIAN_POINT('',(11.2,7.,0.));
#7424=CARTESIAN_POINT('',(11.2,7.,0.5));
#7425=CARTESIAN_POINT('',(11.2,7.,0.5));
#7426=CARTESIAN_POINT('',(11.2,7.,0.5));
#7427=CARTESIAN_POINT('',(11.2,7.,0.5));
#7428=CARTESIAN_POINT('',(12.2,7.,0.));
#7429=CARTESIAN_POINT('',(11.9,7.,-1.62630325872826E-016));
#7430=CARTESIAN_POINT('',(12.2,7.,0.5));
#7431=CARTESIAN_POINT('',(12.2,7.,0.5));
#7432=CARTESIAN_POINT('',(12.2,7.,0.5));
#7433=CARTESIAN_POINT('',(12.2,7.,0.5));
#7434=CARTESIAN_POINT('',(-1.9,11.2,0.5));
#7435=CARTESIAN_POINT('',(-1.9,11.2,0.5));
#7436=CARTESIAN_POINT('',(-1.9,12.2,0.5));
#7437=CARTESIAN_POINT('',(-1.9,11.9352941176471,0.0588235294117652));
#7438=CARTESIAN_POINT('',(-1.9,11.9,7.79270311473956E-017));
#7439=CARTESIAN_POINT('',(-1.9,11.2,0.));
#7440=CARTESIAN_POINT('',(-1.9,11.2,0.));
#7441=CARTESIAN_POINT('',(-1.9,11.2,0.5));
#7442=CARTESIAN_POINT('',(-1.9,11.2,0.5));
#7443=CARTESIAN_POINT('',(-7.4,11.2,0.));
#7444=CARTESIAN_POINT('',(-7.4,11.2,0.));
#7445=CARTESIAN_POINT('',(-7.4,11.2,0.5));
#7446=CARTESIAN_POINT('',(-7.4,11.2,0.5));
#7447=CARTESIAN_POINT('',(-7.4,11.2,0.5));
#7448=CARTESIAN_POINT('',(-7.4,11.2,0.5));
#7449=CARTESIAN_POINT('',(-7.4,12.2,0.));
#7450=CARTESIAN_POINT('',(-7.4,11.9,-1.0842021724855E-016));
#7451=CARTESIAN_POINT('',(-7.4,12.2,0.5));
#7452=CARTESIAN_POINT('',(-7.4,12.2,0.5));
#7453=CARTESIAN_POINT('',(-7.4,12.2,0.5));
#7454=CARTESIAN_POINT('',(-7.4,12.2,0.5));
#7455=CARTESIAN_POINT('',(-11.4,0.199999999999997,0.5));
#7456=CARTESIAN_POINT('',(-12.2,0.199999999999997,0.5));
#7457=CARTESIAN_POINT('',(-11.9882352941176,0.199999999999997,0.147058823529412));
#7458=CARTESIAN_POINT('',(-11.9,0.199999999999997,-1.62630325872826E-016));
#7459=CARTESIAN_POINT('',(-11.4,0.199999999999997,0.));
#7460=CARTESIAN_POINT('',(-11.4,0.199999999999997,0.5));
#7461=CARTESIAN_POINT('',(-11.9,-5.9,0.));
#7462=CARTESIAN_POINT('',(-11.9,-11.7,0.));
#7463=CARTESIAN_POINT('',(-12.2,-11.7,0.5));
#7464=CARTESIAN_POINT('',(-12.2,-11.7,0.5));
#7465=CARTESIAN_POINT('',(-12.2,-11.7,0.5));
#7466=CARTESIAN_POINT('',(-11.9,12.2,0.));
#7467=CARTESIAN_POINT('',(-12.2,0.199999999999997,0.5));
#7468=CARTESIAN_POINT('',(-11.4,-5.9,0.5));
#7469=CARTESIAN_POINT('',(-12.2,0.199999999999997,0.5));
#7470=CARTESIAN_POINT('',(-12.2,11.7,0.5));
#7471=CARTESIAN_POINT('',(-12.2,11.7,0.5));
#7472=CARTESIAN_POINT('',(-11.9,11.7,0.));
#7473=CARTESIAN_POINT('',(-11.9,11.7,0.));
#7474=CARTESIAN_POINT('',(-11.9,12.2,0.));
#7475=CARTESIAN_POINT('',(6.,-11.9,0.));
#7476=CARTESIAN_POINT('',(11.7,-11.9,0.));
#7477=CARTESIAN_POINT('',(11.7,-12.2,0.5));
#7478=CARTESIAN_POINT('',(11.7,-12.2,0.5));
#7479=CARTESIAN_POINT('',(11.7,-12.2,0.5));
#7480=CARTESIAN_POINT('',(-12.2,-11.9,0.));
#7481=CARTESIAN_POINT('',(-0.399999999999999,-12.2,0.5));
#7482=CARTESIAN_POINT('',(-0.399999999999999,-11.2,0.5));
#7483=CARTESIAN_POINT('',(-0.399999999999999,-12.2,0.5));
#7484=CARTESIAN_POINT('',(-11.7,-12.2,0.5));
#7485=CARTESIAN_POINT('',(-11.7,-12.2,0.5));
#7486=CARTESIAN_POINT('',(-11.7,-11.9,0.));
#7487=CARTESIAN_POINT('',(-11.7,-11.9,0.));
#7488=CARTESIAN_POINT('',(-12.2,-11.9,0.));
#7489=CARTESIAN_POINT('',(11.9,7.,0.));
#7490=CARTESIAN_POINT('',(11.9,11.7,0.));
#7491=CARTESIAN_POINT('',(12.2,11.7,0.5));
#7492=CARTESIAN_POINT('',(12.2,11.7,0.5));
#7493=CARTESIAN_POINT('',(12.2,11.7,0.5));
#7494=CARTESIAN_POINT('',(11.9,12.2,0.));
#7495=CARTESIAN_POINT('',(12.2,2.5,0.5));
#7496=CARTESIAN_POINT('',(12.2,2.5,0.5));
#7497=CARTESIAN_POINT('',(12.2,2.5,0.5));
#7498=CARTESIAN_POINT('',(12.2,-11.7,0.5));
#7499=CARTESIAN_POINT('',(12.2,-11.7,0.5));
#7500=CARTESIAN_POINT('',(11.9,-11.7,0.));
#7501=CARTESIAN_POINT('',(11.9,-11.7,0.));
#7502=CARTESIAN_POINT('',(11.9,12.2,0.));
#7503=CARTESIAN_POINT('',(-7.4,11.9,0.));
#7504=CARTESIAN_POINT('',(-11.7,11.9,0.));
#7505=CARTESIAN_POINT('',(-11.7,12.2,0.5));
#7506=CARTESIAN_POINT('',(-11.7,12.2,0.5));
#7507=CARTESIAN_POINT('',(-11.7,12.2,0.5));
#7508=CARTESIAN_POINT('',(-12.2,11.9,0.));
#7509=CARTESIAN_POINT('',(-1.9,12.2,0.5));
#7510=CARTESIAN_POINT('',(-1.9,11.2,0.5));
#7511=CARTESIAN_POINT('',(-1.9,12.2,0.5));
#7512=CARTESIAN_POINT('',(11.7,12.2,0.5));
#7513=CARTESIAN_POINT('',(11.7,12.2,0.5));
#7514=CARTESIAN_POINT('',(11.7,11.9,0.));
#7515=CARTESIAN_POINT('',(11.7,11.9,0.));
#7516=CARTESIAN_POINT('',(-12.2,11.9,0.));
#7517=CARTESIAN_POINT('',(1.15,-8.80000000000001,5.));
#7518=CARTESIAN_POINT('',(1.15,-8.80000000000001,0.));
#7519=CARTESIAN_POINT('',(1.15,-8.00000000000001,5.));
#7520=CARTESIAN_POINT('',(1.15,-8.00000000000001,0.));
#7521=CARTESIAN_POINT('',(1.15,-8.80000000000001,0.));
#7522=CARTESIAN_POINT('',(1.15,-8.80000000000001,5.));
#7523=CARTESIAN_POINT('',(-5.15,-8.00000000000001,5.));
#7524=CARTESIAN_POINT('',(-5.15,-8.00000000000001,0.));
#7525=CARTESIAN_POINT('',(-5.15,-8.80000000000001,5.));
#7526=CARTESIAN_POINT('',(-5.15,-8.80000000000001,0.));
#7527=CARTESIAN_POINT('',(-5.15,-8.00000000000001,0.));
#7528=CARTESIAN_POINT('',(-5.15,-8.00000000000001,5.));
#7529=CARTESIAN_POINT('',(-5.15,-8.80000000000001,0.));
#7530=CARTESIAN_POINT('',(-5.15,-8.80000000000001,5.));
#7531=CARTESIAN_POINT('',(1.15,-8.00000000000001,0.));
#7532=CARTESIAN_POINT('',(1.15,-8.00000000000001,5.));
#7533=CARTESIAN_POINT('',(-10.75,4.15,5.));
#7534=CARTESIAN_POINT('',(-10.75,4.15,0.));
#7535=CARTESIAN_POINT('',(-10.75,-4.15,5.));
#7536=CARTESIAN_POINT('',(-10.75,-4.15,0.));
#7537=CARTESIAN_POINT('',(-10.75,4.15,0.));
#7538=CARTESIAN_POINT('',(-10.75,4.15,5.));
#7539=CARTESIAN_POINT('',(-9.95,4.15,5.));
#7540=CARTESIAN_POINT('',(-9.95,4.15,0.));
#7541=CARTESIAN_POINT('',(-9.95,4.15,0.));
#7542=CARTESIAN_POINT('',(-9.95,4.15,5.));
#7543=CARTESIAN_POINT('',(-9.95,-4.15,5.));
#7544=CARTESIAN_POINT('',(-9.95,-4.15,0.));
#7545=CARTESIAN_POINT('',(-9.95,-4.15,0.));
#7546=CARTESIAN_POINT('',(-9.95,-4.15,5.));
#7547=CARTESIAN_POINT('',(-10.75,-4.15,0.));
#7548=CARTESIAN_POINT('',(-10.75,-4.15,5.));
#7549=CARTESIAN_POINT('',(1.15,7.99999999999999,5.));
#7550=CARTESIAN_POINT('',(1.15,7.99999999999999,0.));
#7551=CARTESIAN_POINT('',(1.15,8.8,5.));
#7552=CARTESIAN_POINT('',(1.15,8.8,0.));
#7553=CARTESIAN_POINT('',(1.15,7.99999999999999,0.));
#7554=CARTESIAN_POINT('',(1.15,7.99999999999999,5.));
#7555=CARTESIAN_POINT('',(-5.15,8.8,5.));
#7556=CARTESIAN_POINT('',(-5.15,8.8,0.));
#7557=CARTESIAN_POINT('',(-5.15,7.99999999999999,5.));
#7558=CARTESIAN_POINT('',(-5.15,7.99999999999999,0.));
#7559=CARTESIAN_POINT('',(-5.15,8.8,0.));
#7560=CARTESIAN_POINT('',(-5.15,8.8,5.));
#7561=CARTESIAN_POINT('',(-5.15,7.99999999999999,0.));
#7562=CARTESIAN_POINT('',(-5.15,7.99999999999999,5.));
#7563=CARTESIAN_POINT('',(1.15,8.8,0.));
#7564=CARTESIAN_POINT('',(1.15,8.8,5.));
#7565=CARTESIAN_POINT('',(-11.7,-11.7,0.));
#7566=CARTESIAN_POINT('',(-11.7,-11.7,0.5));
#7567=CARTESIAN_POINT('',(-11.7,-11.7,0.));
#7568=CARTESIAN_POINT('',(-11.7,11.7,0.));
#7569=CARTESIAN_POINT('',(-11.7,11.7,0.5));
#7570=CARTESIAN_POINT('',(-11.7,11.7,0.));
#7571=CARTESIAN_POINT('',(11.7,11.7,0.));
#7572=CARTESIAN_POINT('',(11.7,11.7,0.5));
#7573=CARTESIAN_POINT('',(11.7,11.7,0.));
#7574=CARTESIAN_POINT('',(11.7,-11.7,0.));
#7575=CARTESIAN_POINT('',(11.7,-11.7,0.5));
#7576=CARTESIAN_POINT('',(11.7,-11.7,0.));
#7577=CARTESIAN_POINT('',(-11.7,-12.2,3.));
#7578=CARTESIAN_POINT('',(-12.2,-11.7,3.));
#7579=CARTESIAN_POINT('',(-11.7,-11.7,3.));
#7580=CARTESIAN_POINT('',(12.2,-11.7,3.));
#7581=CARTESIAN_POINT('',(11.7,-12.2,3.));
#7582=CARTESIAN_POINT('',(11.7,-11.7,3.));
#7583=CARTESIAN_POINT('',(11.7,12.2,3.));
#7584=CARTESIAN_POINT('',(12.2,11.7,3.));
#7585=CARTESIAN_POINT('',(11.7,11.7,3.));
#7586=CARTESIAN_POINT('',(-12.2,11.7,3.));
#7587=CARTESIAN_POINT('',(-11.7,12.2,3.));
#7588=CARTESIAN_POINT('',(-11.7,11.7,3.));
#7589=CARTESIAN_POINT('',(-12.2,12.2,3.));
#7590=CARTESIAN_POINT('',(12.2,12.2,3.));
#7591=CARTESIAN_POINT('',(12.2,-12.2,3.));
#7592=CARTESIAN_POINT('',(-12.2,-12.2,3.));
#7593=CARTESIAN_POINT('',(10.7,-0.4,0.));
#7594=CARTESIAN_POINT('',(10.7,-0.4,0.));
#7595=CARTESIAN_POINT('',(10.7,0.400000000000001,0.));
#7596=CARTESIAN_POINT('',(10.7,0.400000000000001,0.));
#7597=CARTESIAN_POINT('',(4.4,0.400000000000001,0.));
#7598=CARTESIAN_POINT('',(4.4,0.400000000000001,0.));
#7599=CARTESIAN_POINT('',(4.4,-0.399999999999999,0.));
#7600=CARTESIAN_POINT('',(4.4,-0.399999999999999,0.));
#7601=CARTESIAN_POINT('',(-12.2,12.2,0.));
#7602=CARTESIAN_POINT('',(4.4,0.400000000000001,5.));
#7603=CARTESIAN_POINT('',(4.4,-0.399999999999999,5.));
#7604=CARTESIAN_POINT('',(4.4,0.400000000000001,5.));
#7605=CARTESIAN_POINT('',(10.7,0.400000000000001,5.));
#7606=CARTESIAN_POINT('',(10.7,0.400000000000001,5.));
#7607=CARTESIAN_POINT('',(10.7,-0.4,5.));
#7608=CARTESIAN_POINT('',(10.7,-0.4,5.));
#7609=CARTESIAN_POINT('',(4.4,-0.399999999999999,5.));
#7610=CARTESIAN_POINT('',(4.34999999999999,8.5,-0.6));
#7611=CARTESIAN_POINT('',(4.34999999999999,8.,-0.6));
#7612=CARTESIAN_POINT('',(4.34999999999999,3.6,-0.6));
#7613=CARTESIAN_POINT('',(4.84999999999999,3.6,-0.6));
#7614=CARTESIAN_POINT('',(4.84999999999999,3.1,-0.6));
#7615=CARTESIAN_POINT('',(4.34999999999999,3.1,-0.6));
#7616=CARTESIAN_POINT('',(8.7,3.1,-0.6));
#7617=CARTESIAN_POINT('',(8.7,3.6,-0.6));
#7618=CARTESIAN_POINT('',(9.2,3.6,-0.6));
#7619=CARTESIAN_POINT('',(9.2,3.1,-0.6));
#7620=CARTESIAN_POINT('',(9.2,8.,-0.6));
#7621=CARTESIAN_POINT('',(8.7,8.,-0.6));
#7622=CARTESIAN_POINT('',(8.7,8.5,-0.6));
#7623=CARTESIAN_POINT('',(9.2,8.5,-0.6));
#7624=CARTESIAN_POINT('',(4.84999999999999,8.5,-0.6));
#7625=CARTESIAN_POINT('',(4.84999999999999,8.,-0.6));
#7626=CARTESIAN_POINT('',(2.35,1.6,-0.6));
#7627=CARTESIAN_POINT('',(4.84999999999999,8.,0.5));
#7628=CARTESIAN_POINT('',(4.34999999999999,8.,0.5));
#7629=CARTESIAN_POINT('',(4.84999999999999,8.5,0.5));
#7630=CARTESIAN_POINT('',(4.34999999999999,8.,0.5));
#7631=CARTESIAN_POINT('',(4.84999999999999,8.5,-0.6));
#7632=CARTESIAN_POINT('',(4.84999999999999,8.,0.5));
#7633=CARTESIAN_POINT('',(4.34999999999999,8.5,0.5));
#7634=CARTESIAN_POINT('',(4.34999999999999,3.6,0.5));
#7635=CARTESIAN_POINT('',(4.34999999999999,3.6,-0.6));
#7636=CARTESIAN_POINT('',(4.34999999999999,8.5,0.5));
#7637=CARTESIAN_POINT('',(4.84999999999999,3.6,0.5));
#7638=CARTESIAN_POINT('',(4.84999999999999,3.1,0.5));
#7639=CARTESIAN_POINT('',(4.84999999999999,3.1,0.5));
#7640=CARTESIAN_POINT('',(4.84999999999999,3.6,0.5));
#7641=CARTESIAN_POINT('',(4.34999999999999,3.1,0.5));
#7642=CARTESIAN_POINT('',(8.7,3.1,0.5));
#7643=CARTESIAN_POINT('',(8.7,3.1,-0.6));
#7644=CARTESIAN_POINT('',(4.34999999999999,3.1,0.5));
#7645=CARTESIAN_POINT('',(8.7,3.6,0.5));
#7646=CARTESIAN_POINT('',(9.2,3.6,0.5));
#7647=CARTESIAN_POINT('',(9.2,3.6,0.5));
#7648=CARTESIAN_POINT('',(8.7,3.6,0.5));
#7649=CARTESIAN_POINT('',(9.2,3.1,0.5));
#7650=CARTESIAN_POINT('',(9.2,8.,0.5));
#7651=CARTESIAN_POINT('',(9.2,8.,-0.6));
#7652=CARTESIAN_POINT('',(9.2,3.1,0.5));
#7653=CARTESIAN_POINT('',(8.7,8.,0.5));
#7654=CARTESIAN_POINT('',(8.7,8.5,0.5));
#7655=CARTESIAN_POINT('',(8.7,8.5,0.5));
#7656=CARTESIAN_POINT('',(8.7,8.,0.5));
#7657=CARTESIAN_POINT('',(9.2,8.5,0.5));
#7658=CARTESIAN_POINT('',(9.2,8.5,0.5));
#7659=CARTESIAN_POINT('',(6.,7.35,0.5));
#7660=CARTESIAN_POINT('',(6.75,7.35,0.5));
#7661=CARTESIAN_POINT('',(9.2,3.1,0.5));
#7662=CARTESIAN_POINT('',(6.,7.35,1.4));
#7663=CARTESIAN_POINT('',(-5.1499999999178,8.00000000000018,1.));
#7664=CARTESIAN_POINT('',(-5.1499999999178,8.00000000000018,1.));
#7665=CARTESIAN_POINT('',(-5.1499999999178,8.80000000000019,1.));
#7666=CARTESIAN_POINT('',(-5.1499999999178,8.00000000000019,1.));
#7667=CARTESIAN_POINT('',(1.1500000000822,8.00000000000019,1.));
#7668=CARTESIAN_POINT('',(1.1500000000822,8.00000000000019,1.));
#7669=CARTESIAN_POINT('',(1.1500000000822,8.80000000000019,1.));
#7670=CARTESIAN_POINT('',(-5.1499999999178,8.80000000000019,1.));
#7671=CARTESIAN_POINT('',(0.,0.,1.));
#7672=CARTESIAN_POINT('',(-1.4999999999178,8.00000000000019,-0.599999999999229));
#7673=CARTESIAN_POINT('',(-0.9999999999178,8.00000000000019,-0.599999999999229));
#7674=CARTESIAN_POINT('',(-5.1499999999178,8.00000000000018,-11.7999999999992));
#7675=CARTESIAN_POINT('',(-5.1499999999178,8.00000000000018,-10.5999999999992));
#7676=CARTESIAN_POINT('',(-3.9499999999178,8.00000000000018,-11.7999999999992));
#7677=CARTESIAN_POINT('',(-4.9499999999178,8.00000000000018,-10.7999999999992));
#7678=CARTESIAN_POINT('',(-0.0499999999177994,8.00000000000018,-10.7999999999992));
#7679=CARTESIAN_POINT('',(0.950000000082202,8.00000000000018,-10.7999999999992));
#7680=CARTESIAN_POINT('',(1.1500000000822,8.00000000000018,-10.5999999999992));
#7681=CARTESIAN_POINT('',(1.1500000000822,8.00000000000018,-10.5999999999992));
#7682=CARTESIAN_POINT('',(1.1500000000822,8.00000000000019,1.50000000000077));
#7683=CARTESIAN_POINT('',(-5.1499999999178,8.0000000000002,6.46707957239077));
#7684=CARTESIAN_POINT('',(-5.1499999999178,8.80000000000018,-11.7999999999992));
#7685=CARTESIAN_POINT('',(-5.1499999999178,8.80000000000018,-10.5999999999992));
#7686=CARTESIAN_POINT('',(-5.1499999999178,8.00000000000018,-10.5999999999992));
#7687=CARTESIAN_POINT('',(-5.1499999999178,8.00000000000018,-11.7999999999992));
#7688=CARTESIAN_POINT('',(-1.4999999999178,8.80000000000019,-0.599999999999229));
#7689=CARTESIAN_POINT('',(-1.4999999999178,8.80000000000019,-0.0999999999992287));
#7690=CARTESIAN_POINT('',(1.1500000000822,8.80000000000019,1.50000000000077));
#7691=CARTESIAN_POINT('',(1.1500000000822,8.80000000000018,-10.5999999999992));
#7692=CARTESIAN_POINT('',(6.5335397862772,8.80000000000018,-5.21646021380424));
#7693=CARTESIAN_POINT('',(0.95000000008221,8.80000000000018,-10.7999999999992));
#7694=CARTESIAN_POINT('',(-5.1499999999178,8.80000000000018,-10.7999999999992));
#7695=CARTESIAN_POINT('',(-4.9499999999178,8.80000000000018,-10.7999999999992));
#7696=CARTESIAN_POINT('',(-13.6835397861128,8.80000000000019,-2.06646021380423));
#7697=CARTESIAN_POINT('',(-5.1499999999178,8.8000000000002,6.46707957239077));
#7698=CARTESIAN_POINT('',(1.1500000000822,8.00000000000018,-10.5999999999992));
#7699=CARTESIAN_POINT('',(1.1500000000822,8.00000000000019,1.50000000000077));
#7700=CARTESIAN_POINT('',(-3.9499999999178,8.00000000000018,-11.7999999999992));
#7701=CARTESIAN_POINT('',(-3.9499999999178,8.20000000000018,-11.7999999999992));
#7702=CARTESIAN_POINT('',(-3.9499999999178,8.60000000000018,-11.7999999999992));
#7703=CARTESIAN_POINT('',(1.1500000000822,8.60000000000018,-11.7999999999992));
#7704=CARTESIAN_POINT('',(-0.0499999999177994,8.60000000000018,-11.7999999999992));
#7705=CARTESIAN_POINT('',(-0.0499999999177994,8.00000000000018,-11.7999999999992));
#7706=CARTESIAN_POINT('',(-0.0499999999177994,8.20000000000018,-11.7999999999992));
#7707=CARTESIAN_POINT('',(-3.9499999999178,8.20000000000018,-11.7999999999992));
#7708=CARTESIAN_POINT('',(1.1500000000822,8.00000000000018,-11.7999999999992));
#7709=CARTESIAN_POINT('',(-3.89117647050603,8.58823529411782,-11.858823529411));
#7710=CARTESIAN_POINT('',(-3.96960784305505,8.19607843137273,-11.780392156862));
#7711=CARTESIAN_POINT('',(-3.9499999999178,8.00000000000018,-11.7999999999992));
#7712=CARTESIAN_POINT('',(1.06764705890573,8.82352941176488,-10.6823529411757));
#7713=CARTESIAN_POINT('',(1.14607843145475,7.96078431372567,-10.6039215686267));
#7714=CARTESIAN_POINT('',(1.1500000000822,8.00000000000018,-10.5999999999992));
#7715=CARTESIAN_POINT('',(1.1500000000822,8.20000000000018,-11.7999999999992));
#7716=CARTESIAN_POINT('',(-5.1499999999178,8.80000000000018,-10.7999999999992));
#7717=CARTESIAN_POINT('',(-1.4999999999178,9.0000000000002,-0.599999999999229));
#7718=CARTESIAN_POINT('',(-9.95,4.14999999999999,1.));
#7719=CARTESIAN_POINT('',(-10.75,4.15,1.));
#7720=CARTESIAN_POINT('',(-9.95,4.15,1.));
#7721=CARTESIAN_POINT('',(-10.75,-7.02415920500001,1.));
#7722=CARTESIAN_POINT('',(-10.75,-4.15,1.));
#7723=CARTESIAN_POINT('',(-9.95,-4.15,1.));
#7724=CARTESIAN_POINT('',(-9.95,-4.15,1.));
#7725=CARTESIAN_POINT('',(-9.95,-7.02415920500001,1.));
#7726=CARTESIAN_POINT('',(0.,0.,1.));
#7727=CARTESIAN_POINT('',(-9.95,4.14999999999999,3.));
#7728=CARTESIAN_POINT('',(-9.95,4.14999999999999,1.73472347597681E-015));
#7729=CARTESIAN_POINT('',(-9.95,-4.15,8.67361737988404E-016));
#7730=CARTESIAN_POINT('',(-9.95,-4.15,8.67361737988404E-016));
#7731=CARTESIAN_POINT('',(-9.95,-4.15,8.67361737988404E-016));
#7732=CARTESIAN_POINT('',(-9.95,-4.35,-0.346410161513775));
#7733=CARTESIAN_POINT('',(-9.95,-4.17679491924312,-0.446410161513775));
#7734=CARTESIAN_POINT('',(-9.95,-4.27679491924312,-0.619615242270662));
#7735=CARTESIAN_POINT('',(-9.95,-4.45,-0.519615242270662));
#7736=CARTESIAN_POINT('',(-9.95,-3.75717967697245,-0.919615242270662));
#7737=CARTESIAN_POINT('',(-9.95,-3.65717967697245,-0.746410161513774));
#7738=CARTESIAN_POINT('',(-9.95,-3.48397459621557,-0.846410161513774));
#7739=CARTESIAN_POINT('',(-9.95,-3.58397459621557,-1.01961524227066));
#7740=CARTESIAN_POINT('',(-9.95,-3.15,-0.267949192431121));
#7741=CARTESIAN_POINT('',(-9.95,-3.15,-11.8));
#7742=CARTESIAN_POINT('',(-9.95,-3.15,-10.6));
#7743=CARTESIAN_POINT('',(-9.95,-13.7870796025,0.0370796024999989));
#7744=CARTESIAN_POINT('',(-9.95,-2.95,-10.8));
#7745=CARTESIAN_POINT('',(-9.95,-7.02415920500001,-10.8));
#7746=CARTESIAN_POINT('',(-9.95,2.95000000000006,-10.7999999999999));
#7747=CARTESIAN_POINT('',(-9.95,6.7629203975,-6.9870796025));
#7748=CARTESIAN_POINT('',(-9.95,3.15,-10.6));
#7749=CARTESIAN_POINT('',(-9.95,3.14999999999999,2.16840434497101E-015));
#7750=CARTESIAN_POINT('',(-9.95,3.15000000000002,-0.267949192431129));
#7751=CARTESIAN_POINT('',(-9.95,3.58397459621558,-1.01961524227067));
#7752=CARTESIAN_POINT('',(-9.95,3.48397459621558,-0.846410161513784));
#7753=CARTESIAN_POINT('',(-9.95,3.65717967697247,-0.746410161513784));
#7754=CARTESIAN_POINT('',(-9.95,3.75717967697247,-0.919615242270672));
#7755=CARTESIAN_POINT('',(-9.95,4.45000000000002,-0.519615242270673));
#7756=CARTESIAN_POINT('',(-9.95,4.27679491924313,-0.619615242270673));
#7757=CARTESIAN_POINT('',(-9.95,4.17679491924314,-0.446410161513785));
#7758=CARTESIAN_POINT('',(-9.95,4.35000000000002,-0.346410161513785));
#7759=CARTESIAN_POINT('',(-9.95,4.15000000000002,-8.67361737988404E-015));
#7760=CARTESIAN_POINT('',(-9.95,-7.02415920500001,6.8));
#7761=CARTESIAN_POINT('',(-10.75,4.14999999999999,3.));
#7762=CARTESIAN_POINT('',(-10.75,4.14999999999999,1.73472347597681E-015));
#7763=CARTESIAN_POINT('',(-10.75,4.15000000000002,-8.67361737988404E-015));
#7764=CARTESIAN_POINT('',(-10.75,4.35000000000002,-0.346410161513785));
#7765=CARTESIAN_POINT('',(-10.75,4.17679491924314,-0.446410161513785));
#7766=CARTESIAN_POINT('',(-10.75,4.27679491924313,-0.619615242270673));
#7767=CARTESIAN_POINT('',(-10.75,4.45000000000002,-0.519615242270673));
#7768=CARTESIAN_POINT('',(-10.75,3.75717967697247,-0.919615242270672));
#7769=CARTESIAN_POINT('',(-10.75,3.65717967697247,-0.746410161513784));
#7770=CARTESIAN_POINT('',(-10.75,3.48397459621558,-0.846410161513784));
#7771=CARTESIAN_POINT('',(-10.75,3.58397459621558,-1.01961524227067));
#7772=CARTESIAN_POINT('',(-10.75,3.14999999999999,-0.267949192431081));
#7773=CARTESIAN_POINT('',(-10.75,3.14999999999999,2.16840434497101E-015));
#7774=CARTESIAN_POINT('',(-10.75,3.15,-10.6));
#7775=CARTESIAN_POINT('',(-10.75,3.15,-10.6));
#7776=CARTESIAN_POINT('',(-10.75,2.95,-10.8));
#7777=CARTESIAN_POINT('',(-10.75,-1.95,-10.8));
#7778=CARTESIAN_POINT('',(-10.75,-2.95,-10.8));
#7779=CARTESIAN_POINT('',(-10.75,-1.95,-11.8));
#7780=CARTESIAN_POINT('',(-10.75,-3.15,-10.6));
#7781=CARTESIAN_POINT('',(-10.75,-3.15,-11.8));
#7782=CARTESIAN_POINT('',(-10.75,-3.15,-0.267949192431121));
#7783=CARTESIAN_POINT('',(-10.75,-3.58397459621557,-1.01961524227066));
#7784=CARTESIAN_POINT('',(-10.75,-3.48397459621557,-0.846410161513774));
#7785=CARTESIAN_POINT('',(-10.75,-3.65717967697245,-0.746410161513774));
#7786=CARTESIAN_POINT('',(-10.75,-3.75717967697245,-0.919615242270662));
#7787=CARTESIAN_POINT('',(-10.75,-4.45,-0.519615242270662));
#7788=CARTESIAN_POINT('',(-10.75,-4.27679491924312,-0.619615242270662));
#7789=CARTESIAN_POINT('',(-10.75,-4.17679491924312,-0.446410161513775));
#7790=CARTESIAN_POINT('',(-10.75,-4.35,-0.346410161513775));
#7791=CARTESIAN_POINT('',(-10.75,-4.15,8.67361737988404E-016));
#7792=CARTESIAN_POINT('',(-10.75,-4.15,8.67361737988404E-016));
#7793=CARTESIAN_POINT('',(-10.75,-4.15,8.67361737988404E-016));
#7794=CARTESIAN_POINT('',(-10.75,-7.02415920500001,6.8));
#7795=CARTESIAN_POINT('',(-9.95,4.14999999999999,1.73472347597681E-015));
#7796=CARTESIAN_POINT('',(-9.95,4.14999999999999,3.));
#7797=CARTESIAN_POINT('',(-9.95,-4.15,8.67361737988404E-016));
#7798=CARTESIAN_POINT('',(-9.95,-4.15,8.67361737988404E-016));
#7799=CARTESIAN_POINT('',(-10.75,3.15000000000002,-0.267949192431129));
#7800=CARTESIAN_POINT('',(-9.95,3.15,-10.6));
#7801=CARTESIAN_POINT('',(-9.95,3.14999999999999,2.16840434497101E-015));
#7802=CARTESIAN_POINT('',(-9.95,-1.95,-11.8));
#7803=CARTESIAN_POINT('',(-10.15,-1.95,-11.8));
#7804=CARTESIAN_POINT('',(-10.55,-1.95,-11.8));
#7805=CARTESIAN_POINT('',(-10.55,1.95,-11.8));
#7806=CARTESIAN_POINT('',(-10.55,1.95,-11.8));
#7807=CARTESIAN_POINT('',(-9.95,1.95,-11.8));
#7808=CARTESIAN_POINT('',(-10.15,1.95,-11.8));
#7809=CARTESIAN_POINT('',(-10.15,3.15,-11.8));
#7810=CARTESIAN_POINT('',(-9.95,3.15,-11.8));
#7811=CARTESIAN_POINT('',(-10.75,-3.15,-0.267949192431121));
#7812=CARTESIAN_POINT('',(-9.95,-3.15,-10.6));
#7813=CARTESIAN_POINT('',(-9.95,-3.15,-11.8));
#7814=CARTESIAN_POINT('',(-10.7735294117647,3.06764705882352,-10.6823529411765));
#7815=CARTESIAN_POINT('',(-9.91078431372549,3.14607843137254,-10.6039215686275));
#7816=CARTESIAN_POINT('',(-9.95,3.15,-10.6));
#7817=CARTESIAN_POINT('',(-10.5382352941176,-1.89117647058824,-11.8588235294118));
#7818=CARTESIAN_POINT('',(-10.1460784313725,-1.96960784313726,-11.7803921568627));
#7819=CARTESIAN_POINT('',(-9.95,-1.95,-11.8));
#7820=CARTESIAN_POINT('',(-10.75,4.27679491924313,-0.619615242270673));
#7821=CARTESIAN_POINT('',(-10.75,3.75717967697247,-0.919615242270672));
#7822=CARTESIAN_POINT('',(-10.75,4.45000000000002,-0.519615242270673));
#7823=CARTESIAN_POINT('',(-10.75,3.48397459621558,-0.846410161513784));
#7824=CARTESIAN_POINT('',(-10.75,3.58397459621558,-1.01961524227067));
#7825=CARTESIAN_POINT('',(-10.75,4.35000000000002,-0.346410161513785));
#7826=CARTESIAN_POINT('',(-10.75,4.15000000000002,-8.67361737988404E-015));
#7827=CARTESIAN_POINT('',(-10.75,-4.35,-0.346410161513775));
#7828=CARTESIAN_POINT('',(-10.75,-4.15,8.67361737988404E-016));
#7829=CARTESIAN_POINT('',(-10.75,-3.75717967697245,-0.919615242270662));
#7830=CARTESIAN_POINT('',(-10.75,-4.27679491924312,-0.619615242270662));
#7831=CARTESIAN_POINT('',(-10.75,-4.45,-0.519615242270662));
#7832=CARTESIAN_POINT('',(-10.75,-3.48397459621557,-0.846410161513774));
#7833=CARTESIAN_POINT('',(-10.75,-3.58397459621557,-1.01961524227066));
#7834=CARTESIAN_POINT('',(-10.75,4.17679491924314,-0.446410161513785));
#7835=CARTESIAN_POINT('',(-10.75,3.65717967697247,-0.746410161513784));
#7836=CARTESIAN_POINT('',(-10.75,-3.65717967697245,-0.746410161513774));
#7837=CARTESIAN_POINT('',(-10.75,-4.17679491924312,-0.446410161513775));
#7838=CARTESIAN_POINT('',(-10.15,3.15,-11.8));
#7839=CARTESIAN_POINT('',(-10.75,-7.02415920500001,-10.8));
#7840=CARTESIAN_POINT('',(12.2,12.2,0.999999999999997));
#7841=CARTESIAN_POINT('',(10.8,12.2,0.999999999999997));
#7842=CARTESIAN_POINT('',(11.7,12.2,0.999999999999997));
#7843=CARTESIAN_POINT('',(10.8,12.2,3.1));
#7844=CARTESIAN_POINT('',(10.8,12.2,3.1));
#7845=CARTESIAN_POINT('',(12.2,12.2,3.1));
#7846=CARTESIAN_POINT('',(10.7873631510072,12.2,3.1));
#7847=CARTESIAN_POINT('',(10.7873631510072,12.2,3.1));
#7848=CARTESIAN_POINT('',(10.7873631510072,12.2,1.));
#7849=CARTESIAN_POINT('',(12.2,12.2,1.));
#7850=CARTESIAN_POINT('',(-11.7,12.2,1.));
#7851=CARTESIAN_POINT('',(-11.7,12.2,-0.7));
#7852=CARTESIAN_POINT('',(-11.7,12.2,-0.7));
#7853=CARTESIAN_POINT('',(12.2,12.2,-0.7));
#7854=CARTESIAN_POINT('',(-7.2,12.2,-0.699999999999999));
#7855=CARTESIAN_POINT('',(-7.2,12.2,3.1));
#7856=CARTESIAN_POINT('',(-7.2,12.2,0.5));
#7857=CARTESIAN_POINT('',(12.2,12.2,0.5));
#7858=CARTESIAN_POINT('',(-2.1,12.2,0.5));
#7859=CARTESIAN_POINT('',(-2.1,12.2,3.1));
#7860=CARTESIAN_POINT('',(-2.1,12.2,-0.7));
#7861=CARTESIAN_POINT('',(12.2,12.2,-0.7));
#7862=CARTESIAN_POINT('',(11.7,12.2,-0.7));
#7863=CARTESIAN_POINT('',(11.7,12.2,3.1));
#7864=CARTESIAN_POINT('',(12.2,12.2,3.1));
#7865=CARTESIAN_POINT('',(11.8,11.8,3.1));
#7866=CARTESIAN_POINT('',(10.8,11.8,3.1));
#7867=CARTESIAN_POINT('',(10.7873631510072,11.8,3.1));
#7868=CARTESIAN_POINT('',(10.8,11.8,20.5));
#7869=CARTESIAN_POINT('',(10.8,11.8,20.2));
#7870=CARTESIAN_POINT('',(9.,11.8,20.2));
#7871=CARTESIAN_POINT('',(10.7873631510072,11.8,20.2));
#7872=CARTESIAN_POINT('',(10.7873631510072,11.8,20.5));
#7873=CARTESIAN_POINT('',(11.8,11.8,20.5));
#7874=CARTESIAN_POINT('',(10.8,12.2,3.1));
#7875=CARTESIAN_POINT('',(10.7873631510072,12.2,3.1));
#7876=CARTESIAN_POINT('',(12.2,12.2,3.1));
#7877=CARTESIAN_POINT('',(7.00000000000001,4.5,20.5));
#7878=CARTESIAN_POINT('',(10.8,4.5,20.5));
#7879=CARTESIAN_POINT('',(10.7873631510072,4.5,20.5));
#7880=CARTESIAN_POINT('',(10.8,4.,21.025));
#7881=CARTESIAN_POINT('',(10.8,3.5,20.5));
#7882=CARTESIAN_POINT('',(7.00000000000001,3.5,20.5));
#7883=CARTESIAN_POINT('',(10.7873631510072,3.5,20.5));
#7884=CARTESIAN_POINT('',(10.7873631510072,4.,21.025));
#7885=CARTESIAN_POINT('',(7.00000000000001,4.,21.025));
#7886=CARTESIAN_POINT('',(7.00000000000001,-4.3,20.5));
#7887=CARTESIAN_POINT('',(10.8,-4.3,20.5));
#7888=CARTESIAN_POINT('',(10.7873631510072,-4.3,20.5));
#7889=CARTESIAN_POINT('',(10.8,-4.8,21.025));
#7890=CARTESIAN_POINT('',(10.8,-5.3,20.5));
#7891=CARTESIAN_POINT('',(7.00000000000001,-5.3,20.5));
#7892=CARTESIAN_POINT('',(10.7873631510072,-5.3,20.5));
#7893=CARTESIAN_POINT('',(10.7873631510072,-4.8,21.025));
#7894=CARTESIAN_POINT('',(7.00000000000001,-4.8,21.025));
#7895=CARTESIAN_POINT('',(10.8,11.5,20.2));
#7896=CARTESIAN_POINT('',(10.8,11.5,20.5));
#7897=CARTESIAN_POINT('',(11.8,11.5,20.5));
#7898=CARTESIAN_POINT('',(10.7873631510072,11.5,20.5));
#7899=CARTESIAN_POINT('',(10.7873631510072,11.5,20.2));
#7900=CARTESIAN_POINT('',(11.8,11.5,20.2));
#7901=CARTESIAN_POINT('',(10.8,11.8,20.5));
#7902=CARTESIAN_POINT('',(10.7873631510072,12.5,20.5));
#7903=CARTESIAN_POINT('',(10.8,11.8,20.5));
#7904=CARTESIAN_POINT('',(10.7873631510072,12.5,20.5));
#7905=CARTESIAN_POINT('',(10.8,11.8,20.5));
#7906=CARTESIAN_POINT('',(10.8,-8.,20.5));
#7907=CARTESIAN_POINT('',(10.8,11.8,20.5));
#7908=CARTESIAN_POINT('',(10.8,-11.5,20.5));
#7909=CARTESIAN_POINT('',(2.10000000000001,-11.5,20.5));
#7910=CARTESIAN_POINT('',(10.7873631510072,-11.5,20.5));
#7911=CARTESIAN_POINT('',(10.7873631510072,12.5,20.5));
#7912=CARTESIAN_POINT('',(10.7873631510072,-12.5,20.5));
#7913=CARTESIAN_POINT('',(10.7873631510072,-12.5,20.5));
#7914=CARTESIAN_POINT('',(-12.5,-12.5,20.5));
#7915=CARTESIAN_POINT('',(-12.5,-12.5,20.5));
#7916=CARTESIAN_POINT('',(-12.5,12.5,20.5));
#7917=CARTESIAN_POINT('',(-12.5,12.5,20.5));
#7918=CARTESIAN_POINT('',(10.7873631510072,12.5,20.5));
#7919=CARTESIAN_POINT('',(10.7873631510072,12.5,20.5));
#7920=CARTESIAN_POINT('',(11.8,11.8,20.5));
#7921=CARTESIAN_POINT('',(12.2,-12.2,3.1));
#7922=CARTESIAN_POINT('',(12.2,-8.38452994616208,3.1));
#7923=CARTESIAN_POINT('',(12.2,-8.,3.1));
#7924=CARTESIAN_POINT('',(12.2,-8.,3.1));
#7925=CARTESIAN_POINT('',(12.2,-8.,0.999999999999997));
#7926=CARTESIAN_POINT('',(12.2,-12.2,0.999999999999997));
#7927=CARTESIAN_POINT('',(12.2,11.7,0.999999999999997));
#7928=CARTESIAN_POINT('',(12.2,11.7,-0.7));
#7929=CARTESIAN_POINT('',(12.2,11.7,-0.7));
#7930=CARTESIAN_POINT('',(12.2,-12.2,-0.7));
#7931=CARTESIAN_POINT('',(12.2,6.79999999999999,-0.7));
#7932=CARTESIAN_POINT('',(12.2,6.79999999999999,3.1));
#7933=CARTESIAN_POINT('',(12.2,6.79999999999999,0.5));
#7934=CARTESIAN_POINT('',(12.2,-12.2,0.5));
#7935=CARTESIAN_POINT('',(12.2,2.9,0.5));
#7936=CARTESIAN_POINT('',(12.2,2.89999999999999,3.1));
#7937=CARTESIAN_POINT('',(12.2,2.89999999999999,-0.7));
#7938=CARTESIAN_POINT('',(12.2,-12.2,-0.7));
#7939=CARTESIAN_POINT('',(12.2,-11.7,-0.7));
#7940=CARTESIAN_POINT('',(12.2,-11.7,3.1));
#7941=CARTESIAN_POINT('',(12.2,-11.7,3.1));
#7942=CARTESIAN_POINT('',(12.2,-12.2,3.1));
#7943=CARTESIAN_POINT('',(12.2,-8.61547005383793,3.1));
#7944=CARTESIAN_POINT('',(12.2,-9.51160254037845,4.65214699700121));
#7945=CARTESIAN_POINT('',(12.2,-8.5,2.9));
#7946=CARTESIAN_POINT('',(12.2,-9.33839745962158,1.44785300299877));
#7947=CARTESIAN_POINT('',(12.2,-12.2,3.1));
#7948=CARTESIAN_POINT('',(11.4,-8.,3.1));
#7949=CARTESIAN_POINT('',(11.4,-8.,3.1));
#7950=CARTESIAN_POINT('',(11.4,-8.38452994616208,3.1));
#7951=CARTESIAN_POINT('',(11.4,-8.38452994616208,3.1));
#7952=CARTESIAN_POINT('',(11.4,-8.,3.1));
#7953=CARTESIAN_POINT('',(12.2,12.2,3.1));
#7954=CARTESIAN_POINT('',(-11.8,-11.8,3.1));
#7955=CARTESIAN_POINT('',(10.7873631510072,-11.8,3.1));
#7956=CARTESIAN_POINT('',(11.8,-11.8,3.1));
#7957=CARTESIAN_POINT('',(10.7873631510072,-11.8,20.5));
#7958=CARTESIAN_POINT('',(10.7873631510072,-11.8,20.2));
#7959=CARTESIAN_POINT('',(10.8,-11.8,20.2));
#7960=CARTESIAN_POINT('',(10.8,-11.8,20.2));
#7961=CARTESIAN_POINT('',(10.8,-11.8,20.5));
#7962=CARTESIAN_POINT('',(10.8,-11.8,10.5));
#7963=CARTESIAN_POINT('',(11.8,-11.8,8.5));
#7964=CARTESIAN_POINT('',(11.8,-11.8,8.5));
#7965=CARTESIAN_POINT('',(11.8,-11.8,20.5));
#7966=CARTESIAN_POINT('',(-11.8,-11.8,20.5));
#7967=CARTESIAN_POINT('',(-12.2,-12.2,1.));
#7968=CARTESIAN_POINT('',(10.7873631510072,-12.2,1.));
#7969=CARTESIAN_POINT('',(-11.7,-12.2,1.));
#7970=CARTESIAN_POINT('',(10.7873631510072,-12.2,3.1));
#7971=CARTESIAN_POINT('',(10.7873631510072,-12.2,3.1));
#7972=CARTESIAN_POINT('',(-12.2,-12.2,3.1));
#7973=CARTESIAN_POINT('',(11.7,-12.2,3.1));
#7974=CARTESIAN_POINT('',(11.7,-12.2,-0.7));
#7975=CARTESIAN_POINT('',(11.7,-12.2,-0.7));
#7976=CARTESIAN_POINT('',(-12.2,-12.2,-0.7));
#7977=CARTESIAN_POINT('',(5.8,-12.2,-0.7));
#7978=CARTESIAN_POINT('',(5.8,-12.2,3.1));
#7979=CARTESIAN_POINT('',(5.8,-12.2,0.5));
#7980=CARTESIAN_POINT('',(-12.2,-12.2,0.5));
#7981=CARTESIAN_POINT('',(0.100000000000001,-12.2,0.5));
#7982=CARTESIAN_POINT('',(0.100000000000001,-12.2,3.1));
#7983=CARTESIAN_POINT('',(0.100000000000001,-12.2,-0.7));
#7984=CARTESIAN_POINT('',(-12.2,-12.2,-0.7));
#7985=CARTESIAN_POINT('',(-11.7,-12.2,-0.7));
#7986=CARTESIAN_POINT('',(-11.7,-12.2,6.1));
#7987=CARTESIAN_POINT('',(-12.2,-12.2,3.1));
#7988=CARTESIAN_POINT('',(10.7873631510072,12.2,3.1));
#7989=CARTESIAN_POINT('',(11.8,-11.8,3.1));
#7990=CARTESIAN_POINT('',(11.8,-9.00000000000001,3.1));
#7991=CARTESIAN_POINT('',(11.4,-9.00000000000001,3.1));
#7992=CARTESIAN_POINT('',(11.4,-9.00000000000001,3.1));
#7993=CARTESIAN_POINT('',(11.4,-8.61547005383793,3.1));
#7994=CARTESIAN_POINT('',(11.4,-8.61547005383793,3.1));
#7995=CARTESIAN_POINT('',(11.4,-8.61547005383793,3.1));
#7996=CARTESIAN_POINT('',(11.7,-11.7,3.1));
#7997=CARTESIAN_POINT('',(12.2,12.2,3.1));
#7998=CARTESIAN_POINT('',(10.7873631510072,-11.5,20.2));
#7999=CARTESIAN_POINT('',(10.8,-11.5,20.2));
#8000=CARTESIAN_POINT('',(-11.8,-11.5,20.2));
#8001=CARTESIAN_POINT('',(-12.2,12.2,1.));
#8002=CARTESIAN_POINT('',(-12.2,-11.7,1.));
#8003=CARTESIAN_POINT('',(-12.2,11.7,1.));
#8004=CARTESIAN_POINT('',(-12.2,-11.7,-0.7));
#8005=CARTESIAN_POINT('',(-12.2,-11.7,-0.7));
#8006=CARTESIAN_POINT('',(-12.2,12.2,-0.7));
#8007=CARTESIAN_POINT('',(-12.2,-5.70000000000001,-0.699999999999998));
#8008=CARTESIAN_POINT('',(-12.2,-5.70000000000001,3.1));
#8009=CARTESIAN_POINT('',(-12.2,-5.70000000000001,0.5));
#8010=CARTESIAN_POINT('',(-12.2,12.2,0.5));
#8011=CARTESIAN_POINT('',(-12.2,-7.02216063075412E-015,0.5));
#8012=CARTESIAN_POINT('',(-12.2,-7.02216063075412E-015,3.1));
#8013=CARTESIAN_POINT('',(-12.2,-7.02216063075412E-015,-0.7));
#8014=CARTESIAN_POINT('',(-12.2,12.2,-0.7));
#8015=CARTESIAN_POINT('',(-12.2,11.7,-0.7));
#8016=CARTESIAN_POINT('',(-12.2,11.7,3.1));
#8017=CARTESIAN_POINT('',(-12.2,12.2,3.1));
#8018=CARTESIAN_POINT('',(13.,-9.,21.));
#8019=CARTESIAN_POINT('',(13.,12.,21.));
#8020=CARTESIAN_POINT('',(13.,-8.5,21.));
#8021=CARTESIAN_POINT('',(13.,-8.5,21.5));
#8022=CARTESIAN_POINT('',(13.,-8.5,8.3));
#8023=CARTESIAN_POINT('',(13.,-13.,8.3));
#8024=CARTESIAN_POINT('',(13.,-12.,8.3));
#8025=CARTESIAN_POINT('',(13.,-12.,21.5));
#8026=CARTESIAN_POINT('',(13.,-12.,-1.));
#8027=CARTESIAN_POINT('',(13.,13.,-1.));
#8028=CARTESIAN_POINT('',(13.,12.,-1.));
#8029=CARTESIAN_POINT('',(13.,12.,21.5));
#8030=CARTESIAN_POINT('',(13.,13.,21.5));
#8031=CARTESIAN_POINT('',(12.,-13.,21.5));
#8032=CARTESIAN_POINT('',(12.,-13.,-1.));
#8033=CARTESIAN_POINT('',(12.,-13.,9.08916965948819));
#8034=CARTESIAN_POINT('',(7.01200762755556,-13.,18.233822342303));
#8035=CARTESIAN_POINT('',(11.3,-13.,10.3725029928215));
#8036=CARTESIAN_POINT('',(11.3,-13.,21.5));
#8037=CARTESIAN_POINT('',(11.3,-13.,21.));
#8038=CARTESIAN_POINT('',(-12.,-13.,21.));
#8039=CARTESIAN_POINT('',(-12.,-13.,21.));
#8040=CARTESIAN_POINT('',(-12.,-13.,21.5));
#8041=CARTESIAN_POINT('',(-12.,-13.,-1.));
#8042=CARTESIAN_POINT('',(13.,-13.,-1.));
#8043=CARTESIAN_POINT('',(13.,-13.,21.5));
#8044=CARTESIAN_POINT('',(13.,-8.5,21.5));
#8045=CARTESIAN_POINT('',(11.3,-8.5,21.5));
#8046=CARTESIAN_POINT('',(12.5,-8.5,21.5));
#8047=CARTESIAN_POINT('',(12.5,12.,21.5));
#8048=CARTESIAN_POINT('',(12.5,12.,21.5));
#8049=CARTESIAN_POINT('',(12.,12.,21.5));
#8050=CARTESIAN_POINT('',(12.,12.5,21.5));
#8051=CARTESIAN_POINT('',(-12.,12.5,21.5));
#8052=CARTESIAN_POINT('',(-12.,12.5,21.5));
#8053=CARTESIAN_POINT('',(-12.,12.,21.5));
#8054=CARTESIAN_POINT('',(-12.5,12.,21.5));
#8055=CARTESIAN_POINT('',(-12.5,-12.,21.5));
#8056=CARTESIAN_POINT('',(-12.5,-12.,21.5));
#8057=CARTESIAN_POINT('',(-12.,-12.,21.5));
#8058=CARTESIAN_POINT('',(-12.,-12.5,21.5));
#8059=CARTESIAN_POINT('',(11.8,-12.5,21.5));
#8060=CARTESIAN_POINT('',(11.3,-12.5,21.5));
#8061=CARTESIAN_POINT('',(11.3,-9.,21.5));
#8062=CARTESIAN_POINT('',(4.,-1.81799020282369E-015,21.5));
#8063=CARTESIAN_POINT('',(2.5,-1.81799020282369E-015,21.5));
#8064=CARTESIAN_POINT('',(-13.,13.,21.5));
#8065=CARTESIAN_POINT('',(11.8,-11.8,8.5));
#8066=CARTESIAN_POINT('',(11.8,-9.00000000000001,8.5));
#8067=CARTESIAN_POINT('',(11.8,-9.00000000000001,20.5));
#8068=CARTESIAN_POINT('',(11.8,-11.8,20.5));
#8069=CARTESIAN_POINT('',(-12.5,13.,-1.));
#8070=CARTESIAN_POINT('',(-12.5,12.5,-1.));
#8071=CARTESIAN_POINT('',(-12.5,-12.5,-1.));
#8072=CARTESIAN_POINT('',(-13.,-12.5,-1.));
#8073=CARTESIAN_POINT('',(12.5,-12.5,-1.));
#8074=CARTESIAN_POINT('',(12.5,13.,-1.));
#8075=CARTESIAN_POINT('',(12.5,12.5,-1.));
#8076=CARTESIAN_POINT('',(-13.,12.5,-1.));
#8077=CARTESIAN_POINT('',(-13.,13.,-1.));
#8078=CARTESIAN_POINT('',(-12.,13.,-1.));
#8079=CARTESIAN_POINT('',(12.,13.,-1.));
#8080=CARTESIAN_POINT('',(12.,12.,-1.));
#8081=CARTESIAN_POINT('',(12.,-12.,-1.));
#8082=CARTESIAN_POINT('',(-12.,-12.,-1.));
#8083=CARTESIAN_POINT('',(-13.,-12.,-1.));
#8084=CARTESIAN_POINT('',(-13.,-13.,-1.));
#8085=CARTESIAN_POINT('',(-13.,12.,-1.));
#8086=CARTESIAN_POINT('',(-12.,12.,-1.));
#8087=CARTESIAN_POINT('',(-13.,13.,-1.));
#8088=CARTESIAN_POINT('',(-13.,-12.,21.5));
#8089=CARTESIAN_POINT('',(-13.,-12.,21.));
#8090=CARTESIAN_POINT('',(-13.,12.,21.));
#8091=CARTESIAN_POINT('',(-13.,12.,21.));
#8092=CARTESIAN_POINT('',(-13.,12.,21.5));
#8093=CARTESIAN_POINT('',(-13.,-13.,21.5));
#8094=CARTESIAN_POINT('',(-12.,13.,21.5));
#8095=CARTESIAN_POINT('',(-12.,13.,21.));
#8096=CARTESIAN_POINT('',(12.,13.,21.));
#8097=CARTESIAN_POINT('',(12.,13.,21.));
#8098=CARTESIAN_POINT('',(12.,13.,21.5));
#8099=CARTESIAN_POINT('',(-13.,13.,21.5));
#8100=CARTESIAN_POINT('',(11.4,-8.,21.5));
#8101=CARTESIAN_POINT('',(11.4,-8.,9.3));
#8102=CARTESIAN_POINT('',(11.8,-8.,8.5));
#8103=CARTESIAN_POINT('',(10.8,-8.,10.5));
#8104=CARTESIAN_POINT('',(10.8,-8.,8.5));
#8105=CARTESIAN_POINT('',(10.8,-8.,0.999999999999997));
#8106=CARTESIAN_POINT('',(10.8,-8.,21.));
#8107=CARTESIAN_POINT('',(12.5,-8.,21.));
#8108=CARTESIAN_POINT('',(12.5,-8.,21.));
#8109=CARTESIAN_POINT('',(12.5,-8.,0.999999999999997));
#8110=CARTESIAN_POINT('',(12.5,-8.,0.999999999999997));
#8111=CARTESIAN_POINT('',(12.5,-8.,0.999999999999997));
#8112=CARTESIAN_POINT('',(11.4,-8.,21.5));
#8113=CARTESIAN_POINT('',(11.4,-8.5,2.9));
#8114=CARTESIAN_POINT('',(11.4,-8.5,2.9));
#8115=CARTESIAN_POINT('',(11.4,-8.5,2.9));
#8116=CARTESIAN_POINT('',(11.4,-8.5,2.9));
#8117=CARTESIAN_POINT('',(11.4,-8.61547005383793,3.1));
#8118=CARTESIAN_POINT('',(11.4,-8.61547005383793,3.1));
#8119=CARTESIAN_POINT('',(13.88,-9.00000000000001,4.34));
#8120=CARTESIAN_POINT('',(11.4,-9.00000000000001,9.3));
#8121=CARTESIAN_POINT('',(11.4,-9.00000000000001,3.1));
#8122=CARTESIAN_POINT('',(11.4,-9.00000000000001,3.1));
#8123=CARTESIAN_POINT('',(11.4,-9.00000000000001,9.3));
#8124=CARTESIAN_POINT('',(11.4,-9.00000000000001,21.5));
#8125=CARTESIAN_POINT('',(10.8,-11.8,10.5));
#8126=CARTESIAN_POINT('',(10.8,-13.,8.5));
#8127=CARTESIAN_POINT('',(13.,-9.,8.3));
#8128=CARTESIAN_POINT('',(11.8,-9.,10.5));
#8129=CARTESIAN_POINT('',(12.5,-9.,9.21666666666667));
#8130=CARTESIAN_POINT('',(12.5,-9.,10.5));
#8131=CARTESIAN_POINT('',(12.5,-9.,21.));
#8132=CARTESIAN_POINT('',(11.8,-9.,21.));
#8133=CARTESIAN_POINT('',(11.8,-9.,21.));
#8134=CARTESIAN_POINT('',(11.8,-9.,10.5));
#8135=CARTESIAN_POINT('',(11.8,-9.,10.5));
#8136=CARTESIAN_POINT('',(11.8,-13.,21.));
#8137=CARTESIAN_POINT('',(11.8,-12.5,21.));
#8138=CARTESIAN_POINT('',(11.8,-12.5,10.5));
#8139=CARTESIAN_POINT('',(11.8,-12.5,10.5));
#8140=CARTESIAN_POINT('',(11.8,-13.,10.5));
#8141=CARTESIAN_POINT('',(11.8,-13.,10.5));
#8142=CARTESIAN_POINT('',(-11.4,-5.70000000000001,0.));
#8143=CARTESIAN_POINT('',(-11.4,-5.70000000000001,-5.10627862020807E-016));
#8144=CARTESIAN_POINT('',(-11.4,-5.70000000000001,0.5));
#8145=CARTESIAN_POINT('',(-11.4,-7.88952236874252E-015,0.));
#8146=CARTESIAN_POINT('',(-11.4,-7.88952236874252E-015,0.));
#8147=CARTESIAN_POINT('',(-11.4,-7.88952236874252E-015,0.));
#8148=CARTESIAN_POINT('',(-11.4,-7.88952236874252E-015,0.5));
#8149=CARTESIAN_POINT('',(-11.4,-7.88952236874252E-015,0.5));
#8150=CARTESIAN_POINT('',(-11.4,-7.88952236874252E-015,0.));
#8151=CARTESIAN_POINT('',(-11.4,-7.88952236874252E-015,0.5));
#8152=CARTESIAN_POINT('',(-11.4,-5.70000000000001,0.5));
#8153=CARTESIAN_POINT('',(-11.4,-7.88952236874252E-015,0.5));
#8154=CARTESIAN_POINT('',(-11.1511312217195,-5.70000000000001,0.226244343891402));
#8155=CARTESIAN_POINT('',(-12.5,-5.70000000000001,-1.00000000000003));
#8156=CARTESIAN_POINT('',(-12.5,-7.88952236874246E-015,-1.00000000000002));
#8157=CARTESIAN_POINT('',(-12.5,-8.18767796617601E-015,-0.999999999999976));
#8158=CARTESIAN_POINT('',(-12.5,-7.88952236874252E-015,-1.));
#8159=CARTESIAN_POINT('',(-12.5,-7.88952236874252E-015,-1.));
#8160=CARTESIAN_POINT('',(-11.2,-7.67268193424542E-015,0.3));
#8161=CARTESIAN_POINT('',(-11.4,-7.88952236874252E-015,0.5));
#8162=CARTESIAN_POINT('',(-11.2,-5.70000000000001,0.3));
#8163=CARTESIAN_POINT('',(-11.4,-5.70000000000001,0.5));
#8164=CARTESIAN_POINT('',(11.4,6.8,0.5));
#8165=CARTESIAN_POINT('',(11.4,6.8,0.5));
#8166=CARTESIAN_POINT('',(11.4,6.8,0.5));
#8167=CARTESIAN_POINT('',(11.4,2.9,0.5));
#8168=CARTESIAN_POINT('',(11.4,2.9,0.5));
#8169=CARTESIAN_POINT('',(11.4,6.8,0.5));
#8170=CARTESIAN_POINT('',(12.5,6.8,-1.));
#8171=CARTESIAN_POINT('',(12.4999999999999,6.8,-0.999999999999951));
#8172=CARTESIAN_POINT('',(11.4,6.8,0.));
#8173=CARTESIAN_POINT('',(12.5,6.8,-1.));
#8174=CARTESIAN_POINT('',(12.5,2.9,-1.));
#8175=CARTESIAN_POINT('',(12.5,2.9,-1.));
#8176=CARTESIAN_POINT('',(11.4,2.9,-5.42101086242752E-017));
#8177=CARTESIAN_POINT('',(11.4,6.8,0.));
#8178=CARTESIAN_POINT('',(12.5,6.8,-1.));
#8179=CARTESIAN_POINT('',(11.4,2.9,0.));
#8180=CARTESIAN_POINT('',(11.4,6.8,0.));
#8181=CARTESIAN_POINT('',(11.4,6.8,0.));
#8182=CARTESIAN_POINT('',(12.,6.79999999999999,-0.500000000000005));
#8183=CARTESIAN_POINT('',(13.,6.8,0.5));
#8184=CARTESIAN_POINT('',(12.,2.9,-0.5));
#8185=CARTESIAN_POINT('',(13.,2.9,0.5));
#8186=CARTESIAN_POINT('',(-2.1,13.,0.5));
#8187=CARTESIAN_POINT('',(-2.1,11.4,0.5));
#8188=CARTESIAN_POINT('',(-7.2,13.,0.5));
#8189=CARTESIAN_POINT('',(-7.2,11.4,0.5));
#8190=CARTESIAN_POINT('',(-7.2,11.4,0.5));
#8191=CARTESIAN_POINT('',(-7.2,13.,0.5));
#8192=CARTESIAN_POINT('',(-2.1,11.4,0.5));
#8193=CARTESIAN_POINT('',(-2.1,11.4,0.));
#8194=CARTESIAN_POINT('',(-7.2,11.4,0.5));
#8195=CARTESIAN_POINT('',(-7.2,11.4,1.0842021724855E-015));
#8196=CARTESIAN_POINT('',(-7.2,11.4,0.));
#8197=CARTESIAN_POINT('',(-7.2,11.4,0.5));
#8198=CARTESIAN_POINT('',(-7.2,12.027149321267,-0.570135746606334));
#8199=CARTESIAN_POINT('',(-7.2,12.5,-1.00000000000001));
#8200=CARTESIAN_POINT('',(-7.2,12.5,-1.00000000000001));
#8201=CARTESIAN_POINT('',(-2.1,12.5,-1.00000000000001));
#8202=CARTESIAN_POINT('',(-2.1,12.5,-1.));
#8203=CARTESIAN_POINT('',(-7.2,12.5,-1.));
#8204=CARTESIAN_POINT('',(-7.2,12.,-0.500000000000001));
#8205=CARTESIAN_POINT('',(-7.2,13.,0.5));
#8206=CARTESIAN_POINT('',(-2.1,12.5,-0.999999999999999));
#8207=CARTESIAN_POINT('',(-2.1,13.,0.5));
#8208=CARTESIAN_POINT('',(0.100000000000001,-13.,0.5));
#8209=CARTESIAN_POINT('',(0.100000000000001,-11.4,0.5));
#8210=CARTESIAN_POINT('',(5.8,-13.,0.5));
#8211=CARTESIAN_POINT('',(5.8,-11.4,0.5));
#8212=CARTESIAN_POINT('',(5.8,-11.4,0.5));
#8213=CARTESIAN_POINT('',(5.8,-13.,0.5));
#8214=CARTESIAN_POINT('',(0.100000000000001,-11.4,0.5));
#8215=CARTESIAN_POINT('',(0.100000000000001,-11.4,0.));
#8216=CARTESIAN_POINT('',(5.8,-11.4,0.5));
#8217=CARTESIAN_POINT('',(5.8,-11.4,-8.67361737988404E-016));
#8218=CARTESIAN_POINT('',(5.8,-11.4,0.));
#8219=CARTESIAN_POINT('',(5.8,-11.4,0.5));
#8220=CARTESIAN_POINT('',(5.8,-12.027149321267,-0.570135746606336));
#8221=CARTESIAN_POINT('',(5.8,-12.5,-1.00000000000001));
#8222=CARTESIAN_POINT('',(5.8,-12.5,-1.));
#8223=CARTESIAN_POINT('',(0.100000000000001,-12.5,-1.));
#8224=CARTESIAN_POINT('',(0.100000000000001,-12.5,-1.));
#8225=CARTESIAN_POINT('',(5.8,-12.5,-1.));
#8226=CARTESIAN_POINT('',(5.8,-12.,-0.500000000000005));
#8227=CARTESIAN_POINT('',(5.8,-13.,0.5));
#8228=CARTESIAN_POINT('',(0.100000000000001,-12.5,-1.));
#8229=CARTESIAN_POINT('',(0.100000000000001,-13.,0.5));
#8230=CARTESIAN_POINT('',(4.,-2.66502315007799E-015,21.));
#8231=CARTESIAN_POINT('',(4.25,-2.66502315007799E-015,21.));
#8232=CARTESIAN_POINT('',(4.,-1.81799020282369E-015,21.));
#8233=CARTESIAN_POINT('',(3.,-1.81799020282369E-015,21.));
#8234=CARTESIAN_POINT('',(4.,-1.81799020282369E-015,21.));
#8235=CARTESIAN_POINT('',(4.,-2.66502315007799E-015,21.3));
#8236=CARTESIAN_POINT('',(4.25,-2.66502315007799E-015,21.3));
#8237=CARTESIAN_POINT('',(4.,-2.66502315007799E-015,21.3));
#8238=CARTESIAN_POINT('',(4.,-2.66502315007799E-015,21.));
#8239=CARTESIAN_POINT('',(4.,-1.81799020282369E-015,21.5));
#8240=CARTESIAN_POINT('',(-11.7,11.7,-0.2));
#8241=CARTESIAN_POINT('',(-12.0535533905933,12.0535533905933,-0.553553390593272));
#8242=CARTESIAN_POINT('',(-12.6666666666667,12.6666666666667,-1.16666666666667));
#8243=CARTESIAN_POINT('',(4.,4.,7.5));
#8244=CARTESIAN_POINT('',(12.0535533905933,12.0535533905933,-0.553553390593272));
#8245=CARTESIAN_POINT('',(11.7,11.7,-0.2));
#8246=CARTESIAN_POINT('',(-13.,12.5,-1.));
#8247=CARTESIAN_POINT('',(-11.7,-11.7,-0.2));
#8248=CARTESIAN_POINT('',(-12.0535533905933,-12.0535533905933,-0.553553390593273));
#8249=CARTESIAN_POINT('',(-12.6666666666667,-12.6666666666667,-1.16666666666667));
#8250=CARTESIAN_POINT('',(-11.7,11.7,-0.199999999999998));
#8251=CARTESIAN_POINT('',(-12.5,13.,-1.));
#8252=CARTESIAN_POINT('',(4.00000000000003,-3.99999999999999,7.49999999999996));
#8253=CARTESIAN_POINT('',(12.0535533905933,-12.0535533905933,-0.553553390593276));
#8254=CARTESIAN_POINT('',(11.7,-11.7,-0.200000000000001));
#8255=CARTESIAN_POINT('',(11.7,11.7,-0.2));
#8256=CARTESIAN_POINT('',(12.5,13.,-1.));
#8257=CARTESIAN_POINT('',(11.7,-11.7,-0.200000000000003));
#8258=CARTESIAN_POINT('',(-11.7,-11.7,-0.200000000000003));
#8259=CARTESIAN_POINT('',(-13.,-12.5,-1.));
#8260=CARTESIAN_POINT('',(11.7,-11.7,3.1));
#8261=CARTESIAN_POINT('',(-11.7,-11.7,1.));
#8262=CARTESIAN_POINT('',(-11.7,-11.7,3.1));
#8263=CARTESIAN_POINT('',(-11.7,11.7,1.));
#8264=CARTESIAN_POINT('',(-11.7,11.7,3.1));
#8265=CARTESIAN_POINT('',(11.7,11.7,0.999999999999997));
#8266=CARTESIAN_POINT('',(11.7,11.7,3.1));
#8267=CARTESIAN_POINT('',(11.8,-13.,8.5));
#8268=CARTESIAN_POINT('',(13.,-12.5,8.3));
#8269=CARTESIAN_POINT('',(12.8660254037844,-12.5,8.54562009306185));
#8270=CARTESIAN_POINT('',(12.,-12.,10.1333333333333));
#8271=CARTESIAN_POINT('',(12.5,-8.5,9.21666666666667));
#8272=CARTESIAN_POINT('',(13.,13.,8.3));
#8273=CARTESIAN_POINT('',(12.,12.,21.));
#8274=CARTESIAN_POINT('',(12.,12.,21.5));
#8275=CARTESIAN_POINT('',(12.8660254037844,-12.5,8.54562009306185));
#8276=CARTESIAN_POINT('',(12.8170529481642,-12.5848227813057,8.63540292836566));
#8277=CARTESIAN_POINT('',(12.7482896844703,-12.673271492615,8.71380940086291));
#8278=CARTESIAN_POINT('',(12.6620824622506,-12.7494309929408,8.78030908883512));
#8279=CARTESIAN_POINT('',(12.5763419065123,-12.8251782182259,8.84644879333263));
#8280=CARTESIAN_POINT('',(12.4710369122539,-12.8905593287604,8.90298292769677));
#8281=CARTESIAN_POINT('',(12.3567282623367,-12.9342081924552,8.95290140924423));
#8282=CARTESIAN_POINT('',(12.2480757349001,-12.9756972605494,9.00034986734306));
#8283=CARTESIAN_POINT('',(12.1284927503569,-12.9987425801591,9.04333405950198));
#8284=CARTESIAN_POINT('',(12.0101894322679,-12.999948086388,9.08553527215644));
#8285=CARTESIAN_POINT('',(12.0067931134561,-12.9999826947451,9.08674680852526));
#8286=CARTESIAN_POINT('',(12.0033965165292,-13.,9.08795818309568));
#8287=CARTESIAN_POINT('',(12.,-13.,9.08916965948819));
#8288=CARTESIAN_POINT('',(12.,-12.,21.5));
#8289=CARTESIAN_POINT('',(-12.,-12.,21.));
#8290=CARTESIAN_POINT('',(-12.,-12.,21.5));
#8291=CARTESIAN_POINT('',(-12.,12.,21.));
#8292=CARTESIAN_POINT('',(-12.,12.,21.5));
#8293=CARTESIAN_POINT('',(12.,12.5,21.));
#8294=CARTESIAN_POINT('',(12.5,12.,21.));
#8295=CARTESIAN_POINT('',(12.,13.,21.));
#8296=CARTESIAN_POINT('',(12.5857864376269,13.,21.));
#8297=CARTESIAN_POINT('',(13.,12.5857864376269,21.));
#8298=CARTESIAN_POINT('',(13.,12.,21.));
#8299=CARTESIAN_POINT('',(12.,13.,21.2928932188135));
#8300=CARTESIAN_POINT('',(12.5857864376269,13.,21.2928932188135));
#8301=CARTESIAN_POINT('',(13.,12.5857864376269,21.2928932188135));
#8302=CARTESIAN_POINT('',(13.,12.,21.2928932188135));
#8303=CARTESIAN_POINT('',(12.,12.7928932188134,21.5));
#8304=CARTESIAN_POINT('',(12.4644660940673,12.7928932188134,21.5));
#8305=CARTESIAN_POINT('',(12.7928932188134,12.4644660940673,21.5));
#8306=CARTESIAN_POINT('',(12.7928932188134,12.,21.5));
#8307=CARTESIAN_POINT('',(12.,12.5,21.5));
#8308=CARTESIAN_POINT('',(12.2928932188135,12.5,21.5));
#8309=CARTESIAN_POINT('',(12.5,12.2928932188134,21.5));
#8310=CARTESIAN_POINT('',(12.5,12.,21.5));
#8311=CARTESIAN_POINT('',(12.5,-8.5,21.));
#8312=CARTESIAN_POINT('',(12.8535533905933,-8.85355339059327,21.3535533905933));
#8313=CARTESIAN_POINT('',(12.5,-8.5,21.));
#8314=CARTESIAN_POINT('',(12.5,13.,21.));
#8315=CARTESIAN_POINT('',(-12.,12.5,21.));
#8316=CARTESIAN_POINT('',(-13.,12.5,21.));
#8317=CARTESIAN_POINT('',(12.5,-8.5,21.));
#8318=CARTESIAN_POINT('',(11.3,-8.5,21.));
#8319=CARTESIAN_POINT('',(-13.,-8.5,21.));
#8320=CARTESIAN_POINT('',(-12.5,12.,21.));
#8321=CARTESIAN_POINT('',(-13.,12.,21.));
#8322=CARTESIAN_POINT('',(-13.,12.5857864376269,21.));
#8323=CARTESIAN_POINT('',(-12.5857864376269,13.,21.));
#8324=CARTESIAN_POINT('',(-12.,13.,21.));
#8325=CARTESIAN_POINT('',(-13.,12.,21.2928932188135));
#8326=CARTESIAN_POINT('',(-13.,12.5857864376269,21.2928932188135));
#8327=CARTESIAN_POINT('',(-12.5857864376269,13.,21.2928932188135));
#8328=CARTESIAN_POINT('',(-12.,13.,21.2928932188135));
#8329=CARTESIAN_POINT('',(-12.7928932188134,12.,21.5));
#8330=CARTESIAN_POINT('',(-12.7928932188134,12.4644660940673,21.5));
#8331=CARTESIAN_POINT('',(-12.4644660940673,12.7928932188134,21.5));
#8332=CARTESIAN_POINT('',(-12.,12.7928932188134,21.5));
#8333=CARTESIAN_POINT('',(-12.5,12.,21.5));
#8334=CARTESIAN_POINT('',(-12.5,12.2928932188134,21.5));
#8335=CARTESIAN_POINT('',(-12.2928932188134,12.5,21.5));
#8336=CARTESIAN_POINT('',(-12.,12.5,21.5));
#8337=CARTESIAN_POINT('',(11.3,-12.5,21.));
#8338=CARTESIAN_POINT('',(11.6535533905933,-12.8535533905933,21.3535533905933));
#8339=CARTESIAN_POINT('',(11.3,-12.5,21.));
#8340=CARTESIAN_POINT('',(11.3,13.,21.));
#8341=CARTESIAN_POINT('',(-12.5,-12.,21.));
#8342=CARTESIAN_POINT('',(-12.5,-13.,21.));
#8343=CARTESIAN_POINT('',(11.3,-12.5,21.));
#8344=CARTESIAN_POINT('',(-12.,-12.5,21.));
#8345=CARTESIAN_POINT('',(13.,-12.5,21.));
#8346=CARTESIAN_POINT('',(-12.,-13.,21.));
#8347=CARTESIAN_POINT('',(-12.5857864376269,-13.,21.));
#8348=CARTESIAN_POINT('',(-13.,-12.5857864376269,21.));
#8349=CARTESIAN_POINT('',(-13.,-12.,21.));
#8350=CARTESIAN_POINT('',(-12.,-13.,21.2928932188135));
#8351=CARTESIAN_POINT('',(-12.5857864376269,-13.,21.2928932188135));
#8352=CARTESIAN_POINT('',(-13.,-12.5857864376269,21.2928932188135));
#8353=CARTESIAN_POINT('',(-13.,-12.,21.2928932188135));
#8354=CARTESIAN_POINT('',(-12.,-12.7928932188134,21.5));
#8355=CARTESIAN_POINT('',(-12.4644660940673,-12.7928932188134,21.5));
#8356=CARTESIAN_POINT('',(-12.7928932188134,-12.4644660940673,21.5));
#8357=CARTESIAN_POINT('',(-12.7928932188134,-12.,21.5));
#8358=CARTESIAN_POINT('',(-12.,-12.5,21.5));
#8359=CARTESIAN_POINT('',(-12.2928932188134,-12.5,21.5));
#8360=CARTESIAN_POINT('',(-12.5,-12.2928932188134,21.5));
#8361=CARTESIAN_POINT('',(-12.5,-12.,21.5));
#8362=CARTESIAN_POINT('',(11.3,-12.5,10.3725029928215));
#8363=CARTESIAN_POINT('',(11.3,-12.5,21.5));
#8364=CARTESIAN_POINT('',(7.01200762755556,-12.5,18.233822342303));
#8365=CARTESIAN_POINT('',(12.5,-8.5,10.5));
#8366=CARTESIAN_POINT('',(10.7873631510072,12.5,1.));
#8367=CARTESIAN_POINT('',(10.7873631510072,12.5,1.));
#8368=CARTESIAN_POINT('',(-12.5,12.5,1.));
#8369=CARTESIAN_POINT('',(-12.5,12.5,1.));
#8370=CARTESIAN_POINT('',(-12.5,-12.5,1.));
#8371=CARTESIAN_POINT('',(-12.5,-12.5,1.));
#8372=CARTESIAN_POINT('',(10.7873631510072,-12.5,1.));
#8373=CARTESIAN_POINT('',(10.7873631510072,-12.5,1.));
#8374=CARTESIAN_POINT('',(10.7873631510072,12.5,1.));
#8375=CARTESIAN_POINT('',(0.,0.,1.));
#8376=CARTESIAN_POINT('',(10.7873631510072,-12.5,1.));
#8377=CARTESIAN_POINT('',(-12.5,-12.5,1.));
#8378=CARTESIAN_POINT('',(10.7873631510072,-12.5,1.));
#8379=CARTESIAN_POINT('',(10.7873631510072,12.5,1.));
#8380=CARTESIAN_POINT('',(-12.5,12.5,1.));
#8381=CARTESIAN_POINT('',(10.7873631510072,12.5,1.));
#8382=CARTESIAN_POINT('',(-12.5,12.5,1.));
#8383=CARTESIAN_POINT('',(-12.5,-12.5,1.));
#8384=CARTESIAN_POINT('',(10.7873631510072,12.5,1.));
#8385=CARTESIAN_POINT('',(10.7873631510072,12.5,1.));
#8386=CARTESIAN_POINT('',(10.7873631510072,12.5,1.));
#8387=CARTESIAN_POINT('',(10.8,-8.,0.999999999999997));
#8388=CARTESIAN_POINT('',(10.8,12.5,0.999999999999997));
#8389=CARTESIAN_POINT('',(10.8,12.5,0.999999999999997));
#8390=CARTESIAN_POINT('',(10.8,12.5,21.));
#8391=CARTESIAN_POINT('',(10.8,-8.,21.));
#8392=CARTESIAN_POINT('',(10.8,-8.,0.999999999999997));
#8393=CARTESIAN_POINT('',(10.8,12.5,21.));
#8394=CARTESIAN_POINT('',(12.5,12.5,21.));
#8395=CARTESIAN_POINT('',(10.8,12.5,0.999999999999997));
#8396=CARTESIAN_POINT('',(12.5,12.5,0.999999999999997));
#8397=CARTESIAN_POINT('',(12.5,12.5,0.999999999999997));
#8398=CARTESIAN_POINT('',(10.8,12.5,0.999999999999997));
#8399=CARTESIAN_POINT('',(12.5,12.5,21.));
#8400=CARTESIAN_POINT('',(12.5,12.5,0.999999999999997));
#8401=CARTESIAN_POINT('',(12.5,12.5,0.999999999999997));
#8402=CARTESIAN_POINT('',(0.,0.,0.999999999999997));
#8403=CARTESIAN_POINT('',(0.,0.,21.));
#8404=CARTESIAN_POINT('',(1.1500000000822,-8.7999999999998,1.));
#8405=CARTESIAN_POINT('',(1.1500000000822,-7.9999999999998,1.));
#8406=CARTESIAN_POINT('',(1.1500000000822,-8.79999999999981,1.));
#8407=CARTESIAN_POINT('',(6.8500000000822,-7.9999999999998,1.));
#8408=CARTESIAN_POINT('',(-5.1499999999178,-7.99999999999981,1.));
#8409=CARTESIAN_POINT('',(-5.1499999999178,-8.79999999999979,1.));
#8410=CARTESIAN_POINT('',(-5.1499999999178,-8.7999999999998,1.));
#8411=CARTESIAN_POINT('',(6.8500000000822,-8.79999999999981,1.));
#8412=CARTESIAN_POINT('',(0.,0.,1.));
#8413=CARTESIAN_POINT('',(-1.4999999999178,-8.7999999999998,-0.599999999999234));
#8414=CARTESIAN_POINT('',(-0.999999999917801,-8.7999999999998,-0.599999999999234));
#8415=CARTESIAN_POINT('',(-5.1499999999178,-8.79999999999979,-11.7999999999992));
#8416=CARTESIAN_POINT('',(-5.1499999999178,-8.79999999999979,-10.5999999999992));
#8417=CARTESIAN_POINT('',(-3.9499999999178,-8.79999999999979,-11.7999999999992));
#8418=CARTESIAN_POINT('',(-4.9499999999178,-8.79999999999979,-10.7999999999992));
#8419=CARTESIAN_POINT('',(-0.0499999999177998,-8.79999999999979,-10.7999999999992));
#8420=CARTESIAN_POINT('',(0.950000000082201,-8.79999999999979,-10.7999999999992));
#8421=CARTESIAN_POINT('',(1.1500000000822,-8.79999999999979,-10.5999999999992));
#8422=CARTESIAN_POINT('',(1.1500000000822,-8.79999999999979,-10.5999999999992));
#8423=CARTESIAN_POINT('',(1.1500000000822,-8.7999999999998,1.50000000000076));
#8424=CARTESIAN_POINT('',(6.8500000000822,-8.79999999999981,5.66707957239076));
#8425=CARTESIAN_POINT('',(-1.4999999999178,-7.9999999999998,-0.599999999999233));
#8426=CARTESIAN_POINT('',(-1.4999999999178,-7.9999999999998,-0.099999999999233));
#8427=CARTESIAN_POINT('',(-5.1499999999178,-7.99999999999979,-11.7999999999992));
#8428=CARTESIAN_POINT('',(-5.1499999999178,-7.99999999999979,-10.5999999999992));
#8429=CARTESIAN_POINT('',(1.1500000000822,-7.9999999999998,1.50000000000076));
#8430=CARTESIAN_POINT('',(1.1500000000822,-7.99999999999979,-10.5999999999992));
#8431=CARTESIAN_POINT('',(12.1335397862772,-7.9999999999998,0.383539786195762));
#8432=CARTESIAN_POINT('',(0.950000000082201,-7.99999999999979,-10.7999999999992));
#8433=CARTESIAN_POINT('',(6.8500000000822,-7.99999999999979,-10.7999999999992));
#8434=CARTESIAN_POINT('',(-4.94999999991779,-7.99999999999979,-10.7999999999992));
#8435=CARTESIAN_POINT('',(-7.2835397861128,-7.99999999999979,-8.46646021380424));
#8436=CARTESIAN_POINT('',(6.8500000000822,-7.99999999999981,5.66707957239076));
#8437=CARTESIAN_POINT('',(1.1500000000822,-8.79999999999979,-10.5999999999992));
#8438=CARTESIAN_POINT('',(1.1500000000822,-8.7999999999998,1.50000000000076));
#8439=CARTESIAN_POINT('',(-5.1499999999178,-8.79999999999979,-10.5999999999992));
#8440=CARTESIAN_POINT('',(-5.1499999999178,-8.79999999999979,-11.7999999999992));
#8441=CARTESIAN_POINT('',(-3.9499999999178,-8.79999999999979,-11.7999999999992));
#8442=CARTESIAN_POINT('',(-3.9499999999178,-8.59999999999978,-11.7999999999992));
#8443=CARTESIAN_POINT('',(-3.9499999999178,-8.19999999999979,-11.7999999999992));
#8444=CARTESIAN_POINT('',(1.1500000000822,-8.19999999999979,-11.7999999999992));
#8445=CARTESIAN_POINT('',(-0.0499999999177998,-8.19999999999979,-11.7999999999992));
#8446=CARTESIAN_POINT('',(-0.0499999999177998,-8.79999999999979,-11.7999999999992));
#8447=CARTESIAN_POINT('',(-0.0499999999177998,-8.59999999999978,-11.7999999999992));
#8448=CARTESIAN_POINT('',(-3.9499999999178,-8.59999999999978,-11.7999999999992));
#8449=CARTESIAN_POINT('',(1.1500000000822,-8.79999999999979,-11.7999999999992));
#8450=CARTESIAN_POINT('',(-3.89117647050604,-8.21176470588214,-11.858823529411));
#8451=CARTESIAN_POINT('',(-3.96960784305506,-8.60392156862724,-11.780392156862));
#8452=CARTESIAN_POINT('',(-3.9499999999178,-8.79999999999979,-11.7999999999992));
#8453=CARTESIAN_POINT('',(1.06764705890573,-7.97647058823508,-10.6823529411757));
#8454=CARTESIAN_POINT('',(1.14607843145475,-8.8392156862743,-10.6039215686267));
#8455=CARTESIAN_POINT('',(1.1500000000822,-8.79999999999979,-10.5999999999992));
#8456=CARTESIAN_POINT('',(1.1500000000822,-8.59999999999978,-11.7999999999992));
#8457=CARTESIAN_POINT('',(6.8500000000822,-7.99999999999979,-10.7999999999992));
#8458=CARTESIAN_POINT('',(-1.4999999999178,-7.7999999999998,-0.599999999999233));
#8459=(
GEOMETRIC_REPRESENTATION_CONTEXT(3)
GLOBAL_UNCERTAINTY_ASSIGNED_CONTEXT((#8460))
GLOBAL_UNIT_ASSIGNED_CONTEXT((#8466,#8462,#8461))
REPRESENTATION_CONTEXT('HFV15[2]','TOP_LEVEL_ASSEMBLY_PART')
);
#8460=UNCERTAINTY_MEASURE_WITH_UNIT(LENGTH_MEASURE(0.0508),#8466,
'DISTANCE_ACCURACY_VALUE','Maximum Tolerance applied to model');
#8461=(
NAMED_UNIT(*)
SI_UNIT($,.STERADIAN.)
SOLID_ANGLE_UNIT()
);
#8462=(
CONVERSION_BASED_UNIT('DEGREE',#8464)
NAMED_UNIT(#8463)
PLANE_ANGLE_UNIT()
);
#8463=DIMENSIONAL_EXPONENTS(0.,0.,0.,0.,0.,0.,0.);
#8464=PLANE_ANGLE_MEASURE_WITH_UNIT(PLANE_ANGLE_MEASURE(0.0174532925),#8465);
#8465=(
NAMED_UNIT(*)
PLANE_ANGLE_UNIT()
SI_UNIT($,.RADIAN.)
);
#8466=(
LENGTH_UNIT()
NAMED_UNIT(*)
SI_UNIT(.MILLI.,.METRE.)
);
ENDSEC;
END-ISO-10303-21;
