ISO-10303-21;
HEADER;
/* Generated by software containing ST-Developer
 * from STEP Tools, Inc. (www.steptools.com) 
 */
/* OPTION: using custom schema-name function */

FILE_DESCRIPTION(
/* description */ (''),
/* implementation_level */ '2;1');

FILE_NAME(
/* name */ 'HFV6[2].stp',
/* time_stamp */ '2018-02-28T16:30:23+08:00',
/* author */ (''),
/* organization */ (''),
/* preprocessor_version */ 'ST-DEVELOPER v15',
/* originating_system */ 'SIEMENS PLM Software NX 8.5',
/* authorisation */ '');

FILE_SCHEMA (('CONFIG_CONTROL_DESIGN'));
ENDSEC;

DATA;
#10=SHAPE_REPRESENTATION_RELATIONSHIP('None',
'relationship between HFV6_2__stp-None and HFV6_2__stp-None',#92,#11);
#11=ADVANCED_BREP_SHAPE_REPRESENTATION('HFV6_2__stp-None',(#161,#162,#163,
#164,#165,#166,#167),#16035);
#12=CC_DESIGN_APPROVAL(#24,(#82));
#13=CC_DESIGN_APPROVAL(#25,(#84));
#14=CC_DESIGN_APPROVAL(#26,(#31));
#15=APPROVAL_PERSON_ORGANIZATION(#69,#24,#18);
#16=APPROVAL_PERSON_ORGANIZATION(#70,#25,#19);
#17=APPROVAL_PERSON_ORGANIZATION(#71,#26,#20);
#18=APPROVAL_ROLE('approver');
#19=APPROVAL_ROLE('approver');
#20=APPROVAL_ROLE('approver');
#21=APPROVAL_DATE_TIME(#39,#24);
#22=APPROVAL_DATE_TIME(#40,#25);
#23=APPROVAL_DATE_TIME(#41,#26);
#24=APPROVAL(#27,' ');
#25=APPROVAL(#28,' ');
#26=APPROVAL(#29,' ');
#27=APPROVAL_STATUS('not_yet_approved');
#28=APPROVAL_STATUS('not_yet_approved');
#29=APPROVAL_STATUS('not_yet_approved');
#30=CC_DESIGN_SECURITY_CLASSIFICATION(#31,(#84));
#31=SECURITY_CLASSIFICATION(' ',' ',#32);
#32=SECURITY_CLASSIFICATION_LEVEL('confidential');
#33=CC_DESIGN_DATE_AND_TIME_ASSIGNMENT(#37,#35,(#82));
#34=CC_DESIGN_DATE_AND_TIME_ASSIGNMENT(#38,#36,(#31));
#35=DATE_TIME_ROLE('creation_date');
#36=DATE_TIME_ROLE('classification_date');
#37=DATE_AND_TIME(#52,#42);
#38=DATE_AND_TIME(#53,#43);
#39=DATE_AND_TIME(#54,#44);
#40=DATE_AND_TIME(#55,#45);
#41=DATE_AND_TIME(#56,#46);
#42=LOCAL_TIME(0,0,0.,#47);
#43=LOCAL_TIME(0,0,0.,#48);
#44=LOCAL_TIME(0,0,0.,#49);
#45=LOCAL_TIME(0,0,0.,#50);
#46=LOCAL_TIME(0,0,0.,#51);
#47=COORDINATED_UNIVERSAL_TIME_OFFSET(0,0,.BEHIND.);
#48=COORDINATED_UNIVERSAL_TIME_OFFSET(0,0,.BEHIND.);
#49=COORDINATED_UNIVERSAL_TIME_OFFSET(0,0,.BEHIND.);
#50=COORDINATED_UNIVERSAL_TIME_OFFSET(0,0,.BEHIND.);
#51=COORDINATED_UNIVERSAL_TIME_OFFSET(0,0,.BEHIND.);
#52=CALENDAR_DATE(0,1,1);
#53=CALENDAR_DATE(0,1,1);
#54=CALENDAR_DATE(0,1,1);
#55=CALENDAR_DATE(0,1,1);
#56=CALENDAR_DATE(0,1,1);
#57=CC_DESIGN_PERSON_AND_ORGANIZATION_ASSIGNMENT(#65,#61,(#82,#84));
#58=CC_DESIGN_PERSON_AND_ORGANIZATION_ASSIGNMENT(#66,#62,(#86));
#59=CC_DESIGN_PERSON_AND_ORGANIZATION_ASSIGNMENT(#67,#63,(#84));
#60=CC_DESIGN_PERSON_AND_ORGANIZATION_ASSIGNMENT(#68,#64,(#31));
#61=PERSON_AND_ORGANIZATION_ROLE('creator');
#62=PERSON_AND_ORGANIZATION_ROLE('design_owner');
#63=PERSON_AND_ORGANIZATION_ROLE('design_supplier');
#64=PERSON_AND_ORGANIZATION_ROLE('classification_officer');
#65=PERSON_AND_ORGANIZATION(#79,#72);
#66=PERSON_AND_ORGANIZATION(#79,#73);
#67=PERSON_AND_ORGANIZATION(#79,#74);
#68=PERSON_AND_ORGANIZATION(#79,#75);
#69=PERSON_AND_ORGANIZATION(#79,#76);
#70=PERSON_AND_ORGANIZATION(#79,#77);
#71=PERSON_AND_ORGANIZATION(#79,#78);
#72=ORGANIZATION(' ',' ',' ');
#73=ORGANIZATION(' ',' ',' ');
#74=ORGANIZATION(' ',' ',' ');
#75=ORGANIZATION(' ',' ',' ');
#76=ORGANIZATION(' ',' ',' ');
#77=ORGANIZATION(' ',' ',' ');
#78=ORGANIZATION(' ',' ',' ');
#79=PERSON(' ',' ',' ',(' '),$,$);
#80=SHAPE_DEFINITION_REPRESENTATION(#81,#92);
#81=PRODUCT_DEFINITION_SHAPE('','',#82);
#82=PRODUCT_DEFINITION(' ','',#84,#83);
#83=DESIGN_CONTEXT('',#91,'design');
#84=PRODUCT_DEFINITION_FORMATION_WITH_SPECIFIED_SOURCE(' ',' ',#86,
 .NOT_KNOWN.);
#85=PRODUCT_RELATED_PRODUCT_CATEGORY('detail','',(#86));
#86=PRODUCT('HFV6_2__stp','HFV6_2__stp',' ',(#89));
#87=PRODUCT_CATEGORY('part',' ');
#88=PRODUCT_CATEGORY(' ','');
#89=MECHANICAL_CONTEXT(' ',#91,'mechanical');
#90=APPLICATION_PROTOCOL_DEFINITION('international standard',
'config_control_design',2010,#91);
#91=APPLICATION_CONTEXT(
'configuration controlled 3D designs of mechanical parts and assemblie
s');
#92=SHAPE_REPRESENTATION('HFV6_2__stp-None',(#9371),#16035);
#93=SURFACE_OF_LINEAR_EXTRUSION('',#140,#9034);
#94=SURFACE_OF_LINEAR_EXTRUSION('',#142,#9038);
#95=SURFACE_OF_LINEAR_EXTRUSION('',#144,#9045);
#96=SURFACE_OF_LINEAR_EXTRUSION('',#146,#9057);
#97=SURFACE_OF_LINEAR_EXTRUSION('',#148,#9075);
#98=SURFACE_OF_LINEAR_EXTRUSION('',#150,#9079);
#99=SURFACE_OF_LINEAR_EXTRUSION('',#152,#9081);
#100=SURFACE_OF_LINEAR_EXTRUSION('',#154,#9085);
#101=SURFACE_OF_LINEAR_EXTRUSION('',#156,#9088);
#102=SURFACE_OF_LINEAR_EXTRUSION('',#158,#9093);
#103=SURFACE_OF_LINEAR_EXTRUSION('',#160,#9097);
#104=(
BOUNDED_CURVE()
B_SPLINE_CURVE(3,(#14199,#14200,#14201,#14202,#14203,#14204),
 .UNSPECIFIED.,.F.,.F.)
B_SPLINE_CURVE_WITH_KNOTS((4,2,4),(0.,0.5,1.),.UNSPECIFIED.)
CURVE()
GEOMETRIC_REPRESENTATION_ITEM()
RATIONAL_B_SPLINE_CURVE((1.,1.,1.,1.,1.,1.))
REPRESENTATION_ITEM('')
);
#105=(
BOUNDED_CURVE()
B_SPLINE_CURVE(3,(#14217,#14218,#14219,#14220,#14221,#14222),
 .UNSPECIFIED.,.F.,.F.)
B_SPLINE_CURVE_WITH_KNOTS((4,2,4),(0.,0.5,1.),.UNSPECIFIED.)
CURVE()
GEOMETRIC_REPRESENTATION_ITEM()
RATIONAL_B_SPLINE_CURVE((1.,1.00000000000405,0.999999999911648,0.99999999968298,
0.99999999955321,0.99999999955689))
REPRESENTATION_ITEM('')
);
#106=(
BOUNDED_CURVE()
B_SPLINE_CURVE(3,(#14601,#14602,#14603,#14604,#14605,#14606),
 .UNSPECIFIED.,.F.,.F.)
B_SPLINE_CURVE_WITH_KNOTS((4,2,4),(0.,0.5,1.),.UNSPECIFIED.)
CURVE()
GEOMETRIC_REPRESENTATION_ITEM()
RATIONAL_B_SPLINE_CURVE((1.,1.,1.,1.,1.,1.))
REPRESENTATION_ITEM('')
);
#107=(
BOUNDED_CURVE()
B_SPLINE_CURVE(3,(#14650,#14651,#14652,#14653,#14654,#14655),
 .UNSPECIFIED.,.F.,.F.)
B_SPLINE_CURVE_WITH_KNOTS((4,2,4),(0.,0.5,1.),.UNSPECIFIED.)
CURVE()
GEOMETRIC_REPRESENTATION_ITEM()
RATIONAL_B_SPLINE_CURVE((1.,1.000000000004,0.99999999991278,0.999999999687041,
0.999999999558934,0.999999999562567))
REPRESENTATION_ITEM('')
);
#108=TOROIDAL_SURFACE('',#9602,0.15,0.05);
#109=TOROIDAL_SURFACE('',#9604,0.15,0.05);
#110=TOROIDAL_SURFACE('',#9825,0.8,0.3);
#111=TOROIDAL_SURFACE('',#9840,0.8,0.3);
#112=TOROIDAL_SURFACE('',#9884,0.3,0.2);
#113=TOROIDAL_SURFACE('',#9888,0.3,0.2);
#114=TOROIDAL_SURFACE('',#9895,0.7,0.2);
#115=TOROIDAL_SURFACE('',#9899,0.7,0.2);
#116=TOROIDAL_SURFACE('',#10075,0.15,0.05);
#117=TOROIDAL_SURFACE('',#10078,0.15,0.05);
#118=B_SPLINE_CURVE_WITH_KNOTS('',3,(#13361,#13362,#13363,#13364,#13365,
#13366,#13367,#13368,#13369,#13370,#13371,#13372,#13373,#13374,#13375,#13376,
#13377,#13378,#13379),.UNSPECIFIED.,.F.,.F.,(4,3,3,3,3,3,4),(0.,0.037266036370981,
0.294287532291935,0.554461685561846,0.740997953509312,0.928599621605459,
1.),.UNSPECIFIED.);
#119=B_SPLINE_CURVE_WITH_KNOTS('',3,(#13383,#13384,#13385,#13386,#13387,
#13388,#13389,#13390,#13391,#13392,#13393,#13394,#13395,#13396,#13397,#13398,
#13399,#13400,#13401),.UNSPECIFIED.,.F.,.F.,(4,3,3,3,3,3,4),(0.,0.100140380365991,
0.265981014406478,0.437703231263084,0.625919381123851,0.842492302517418,
1.),.UNSPECIFIED.);
#120=B_SPLINE_CURVE_WITH_KNOTS('',3,(#13852,#13853,#13854,#13855,#13856,
#13857,#13858,#13859,#13860,#13861,#13862,#13863),.UNSPECIFIED.,.F.,.F.,
(4,2,2,2,2,4),(0.,0.211974924030013,0.423949848060028,0.623587607199407,
0.822520581632882,1.),.UNSPECIFIED.);
#121=B_SPLINE_CURVE_WITH_KNOTS('',3,(#13866,#13867,#13868,#13869),
 .UNSPECIFIED.,.F.,.F.,(4,4),(0.,1.),.UNSPECIFIED.);
#122=B_SPLINE_CURVE_WITH_KNOTS('',3,(#13873,#13874,#13875,#13876,#13877,
#13878,#13879,#13880,#13881,#13882,#13883,#13884),.UNSPECIFIED.,.F.,.F.,
(4,2,2,2,2,4),(0.,0.181465982498751,0.3629319649975,0.561710956427227,0.759967712809095,
1.),.UNSPECIFIED.);
#123=B_SPLINE_CURVE_WITH_KNOTS('',3,(#13886,#13887,#13888,#13889,#13890,
#13891,#13892,#13893,#13894,#13895,#13896,#13897,#13898,#13899),
 .UNSPECIFIED.,.F.,.F.,(4,2,2,2,2,2,4),(0.,0.126590716968327,0.253435244416233,
0.451129868276486,0.649273528394432,0.824830864561111,1.),.UNSPECIFIED.);
#124=B_SPLINE_CURVE_WITH_KNOTS('',3,(#13903,#13904,#13905,#13906,#13907,
#13908,#13909,#13910,#13911,#13912,#13913,#13914,#13915,#13916),
 .UNSPECIFIED.,.F.,.F.,(4,2,2,2,2,2,4),(0.,0.151650199274103,0.302691806349208,
0.46697212002054,0.631361619841345,0.816211615348003,1.),.UNSPECIFIED.);
#125=B_SPLINE_CURVE_WITH_KNOTS('',3,(#13930,#13931,#13932,#13933,#13934,
#13935,#13936,#13937,#13938,#13939,#13940,#13941,#13942,#13943,#13944,#13945),
 .UNSPECIFIED.,.F.,.F.,(4,2,2,2,2,2,2,4),(0.,0.129426356820308,0.259193806948196,
0.429591321333377,0.599601058295451,0.763444638994652,0.926882888416529,
1.),.UNSPECIFIED.);
#126=B_SPLINE_CURVE_WITH_KNOTS('',3,(#13949,#13950,#13951,#13952,#13953,
#13954,#13955,#13956,#13957,#13958,#13959,#13960,#13961,#13962,#13963,#13964),
 .UNSPECIFIED.,.F.,.F.,(4,2,2,2,2,2,2,4),(0.,0.131219456124642,0.280501509448627,
0.429265760639181,0.59222507396624,0.754825819175873,0.877875031766946,
1.),.UNSPECIFIED.);
#127=B_SPLINE_CURVE_WITH_KNOTS('',3,(#13971,#13972,#13973,#13974),
 .UNSPECIFIED.,.F.,.F.,(4,4),(0.,1.),.UNSPECIFIED.);
#128=B_SPLINE_CURVE_WITH_KNOTS('',3,(#14020,#14021,#14022,#14023,#14024,
#14025,#14026,#14027,#14028,#14029,#14030,#14031,#14032,#14033),
 .UNSPECIFIED.,.F.,.F.,(4,2,2,2,2,2,4),(0.,0.264791451845278,0.404208486877895,
0.543625521910518,0.692610392680668,0.840682215718639,1.),.UNSPECIFIED.);
#129=B_SPLINE_CURVE_WITH_KNOTS('',3,(#14036,#14037,#14038,#14039),
 .UNSPECIFIED.,.F.,.F.,(4,4),(0.,1.),.UNSPECIFIED.);
#130=B_SPLINE_CURVE_WITH_KNOTS('',3,(#14043,#14044,#14045,#14046,#14047,
#14048,#14049,#14050,#14051,#14052,#14053,#14054,#14055,#14056,#14057,#14058),
 .UNSPECIFIED.,.F.,.F.,(4,2,2,2,2,2,2,4),(0.,0.158705503254929,0.317692204552942,
0.471780155951018,0.626541788013651,0.741669343572438,0.857027044048662,
1.),.UNSPECIFIED.);
#131=B_SPLINE_CURVE_WITH_KNOTS('',3,(#14190,#14191,#14192,#14193,#14194,
#14195),.UNSPECIFIED.,.F.,.F.,(4,2,4),(0.,0.5,1.),.UNSPECIFIED.);
#132=B_SPLINE_CURVE_WITH_KNOTS('',3,(#14208,#14209,#14210,#14211,#14212,
#14213),.UNSPECIFIED.,.F.,.F.,(4,2,4),(0.,0.5,1.),.UNSPECIFIED.);
#133=B_SPLINE_CURVE_WITH_KNOTS('',3,(#14308,#14309,#14310,#14311,#14312,
#14313,#14314,#14315,#14316,#14317,#14318,#14319,#14320,#14321,#14322,#14323,
#14324,#14325,#14326),.UNSPECIFIED.,.F.,.F.,(4,3,3,3,3,3,4),(0.,0.229297409039272,
0.416264474834876,0.604136543780346,0.779152352959411,0.958506988786607,
1.),.UNSPECIFIED.);
#134=B_SPLINE_CURVE_WITH_KNOTS('',3,(#14576,#14577,#14578,#14579,#14580,
#14581),.UNSPECIFIED.,.F.,.F.,(4,2,4),(0.,0.5,1.),.UNSPECIFIED.);
#135=B_SPLINE_CURVE_WITH_KNOTS('',3,(#14608,#14609,#14610,#14611,#14612,
#14613),.UNSPECIFIED.,.F.,.F.,(4,2,4),(0.,0.5,1.),.UNSPECIFIED.);
#136=B_SPLINE_CURVE_WITH_KNOTS('',3,(#14692,#14693,#14694,#14695,#14696,
#14697,#14698,#14699,#14700,#14701),.UNSPECIFIED.,.F.,.F.,(4,3,3,4),(0.,
0.398952988355184,0.79747402992974,1.),.UNSPECIFIED.);
#137=B_SPLINE_CURVE_WITH_KNOTS('',3,(#14763,#14764,#14765,#14766,#14767,
#14768,#14769,#14770,#14771,#14772,#14773,#14774,#14775,#14776,#14777,#14778,
#14779,#14780,#14781),.UNSPECIFIED.,.F.,.F.,(4,3,3,3,3,3,4),(0.,0.185265727056383,
0.370774363916565,0.552287373258413,0.727213535712196,0.910094757509603,
1.),.UNSPECIFIED.);
#138=B_SPLINE_CURVE_WITH_KNOTS('',3,(#14784,#14785,#14786,#14787,#14788,
#14789,#14790,#14791,#14792,#14793),.UNSPECIFIED.,.F.,.F.,(4,3,3,4),(0.,
0.399041670378108,0.797706873058284,1.),.UNSPECIFIED.);
#139=B_SPLINE_CURVE_WITH_KNOTS('',3,(#15045,#15046,#15047,#15048),
 .UNSPECIFIED.,.F.,.F.,(4,4),(0.,1.),.UNSPECIFIED.);
#140=B_SPLINE_CURVE_WITH_KNOTS('',3,(#15051,#15052,#15053,#15054),
 .UNSPECIFIED.,.F.,.F.,(4,4),(0.,1.),.UNSPECIFIED.);
#141=B_SPLINE_CURVE_WITH_KNOTS('',3,(#15059,#15060,#15061,#15062,#15063,
#15064,#15065,#15066,#15067,#15068,#15069,#15070,#15071,#15072,#15073,#15074),
 .UNSPECIFIED.,.F.,.F.,(4,2,2,2,2,2,2,4),(0.,0.158705503254929,0.317692204552942,
0.471780155951018,0.626541788013651,0.741669343572438,0.857027044048662,
1.),.UNSPECIFIED.);
#142=B_SPLINE_CURVE_WITH_KNOTS('',3,(#15077,#15078,#15079,#15080,#15081,
#15082,#15083,#15084,#15085,#15086,#15087,#15088,#15089,#15090,#15091,#15092),
 .UNSPECIFIED.,.F.,.F.,(4,2,2,2,2,2,2,4),(0.,0.158705503254929,0.317692204552942,
0.471780155951018,0.626541788013651,0.741669343572438,0.857027044048662,
1.),.UNSPECIFIED.);
#143=B_SPLINE_CURVE_WITH_KNOTS('',3,(#15105,#15106,#15107,#15108,#15109,
#15110,#15111,#15112,#15113,#15114,#15115,#15116,#15117,#15118),
 .UNSPECIFIED.,.F.,.F.,(4,2,2,2,2,2,4),(0.,0.264791451845278,0.404208486877895,
0.543625521910518,0.692610392680668,0.840682215718639,1.),.UNSPECIFIED.);
#144=B_SPLINE_CURVE_WITH_KNOTS('',3,(#15119,#15120,#15121,#15122,#15123,
#15124,#15125,#15126,#15127,#15128,#15129,#15130,#15131,#15132),
 .UNSPECIFIED.,.F.,.F.,(4,2,2,2,2,2,4),(0.,0.264791451845278,0.404208486877895,
0.543625521910518,0.692610392680668,0.840682215718639,1.),.UNSPECIFIED.);
#145=B_SPLINE_CURVE_WITH_KNOTS('',3,(#15155,#15156,#15157,#15158),
 .UNSPECIFIED.,.F.,.F.,(4,4),(0.,1.),.UNSPECIFIED.);
#146=B_SPLINE_CURVE_WITH_KNOTS('',3,(#15161,#15162,#15163,#15164),
 .UNSPECIFIED.,.F.,.F.,(4,4),(0.,1.),.UNSPECIFIED.);
#147=B_SPLINE_CURVE_WITH_KNOTS('',3,(#15198,#15199,#15200,#15201),
 .UNSPECIFIED.,.F.,.F.,(4,4),(0.,1.),.UNSPECIFIED.);
#148=B_SPLINE_CURVE_WITH_KNOTS('',3,(#15204,#15205,#15206,#15207),
 .UNSPECIFIED.,.F.,.F.,(4,4),(0.,1.),.UNSPECIFIED.);
#149=B_SPLINE_CURVE_WITH_KNOTS('',3,(#15212,#15213,#15214,#15215,#15216,
#15217,#15218,#15219,#15220,#15221,#15222,#15223),.UNSPECIFIED.,.F.,.F.,
(4,2,2,2,2,4),(0.,0.181465982498751,0.3629319649975,0.561710956427227,0.759967712809095,
1.),.UNSPECIFIED.);
#150=B_SPLINE_CURVE_WITH_KNOTS('',3,(#15226,#15227,#15228,#15229,#15230,
#15231,#15232,#15233,#15234,#15235,#15236,#15237),.UNSPECIFIED.,.F.,.F.,
(4,2,2,2,2,4),(0.,0.181465982498751,0.3629319649975,0.561710956427227,0.759967712809095,
1.),.UNSPECIFIED.);
#151=B_SPLINE_CURVE_WITH_KNOTS('',3,(#15238,#15239,#15240,#15241,#15242,
#15243,#15244,#15245,#15246,#15247,#15248,#15249,#15250,#15251),
 .UNSPECIFIED.,.F.,.F.,(4,2,2,2,2,2,4),(0.,0.126590716968327,0.253435244416233,
0.451129868276486,0.649273528394432,0.824830864561111,1.),.UNSPECIFIED.);
#152=B_SPLINE_CURVE_WITH_KNOTS('',3,(#15254,#15255,#15256,#15257,#15258,
#15259,#15260,#15261,#15262,#15263,#15264,#15265,#15266,#15267),
 .UNSPECIFIED.,.F.,.F.,(4,2,2,2,2,2,4),(0.,0.126590716968327,0.253435244416233,
0.451129868276486,0.649273528394432,0.824830864561111,1.),.UNSPECIFIED.);
#153=B_SPLINE_CURVE_WITH_KNOTS('',3,(#15272,#15273,#15274,#15275,#15276,
#15277,#15278,#15279,#15280,#15281,#15282,#15283,#15284,#15285),
 .UNSPECIFIED.,.F.,.F.,(4,2,2,2,2,2,4),(0.,0.151650199274103,0.302691806349208,
0.46697212002054,0.631361619841345,0.816211615348003,1.),.UNSPECIFIED.);
#154=B_SPLINE_CURVE_WITH_KNOTS('',3,(#15288,#15289,#15290,#15291,#15292,
#15293,#15294,#15295,#15296,#15297,#15298,#15299,#15300,#15301),
 .UNSPECIFIED.,.F.,.F.,(4,2,2,2,2,2,4),(0.,0.151650199274103,0.302691806349208,
0.46697212002054,0.631361619841345,0.816211615348003,1.),.UNSPECIFIED.);
#155=B_SPLINE_CURVE_WITH_KNOTS('',3,(#15306,#15307,#15308,#15309,#15310,
#15311,#15312,#15313,#15314,#15315,#15316,#15317),.UNSPECIFIED.,.F.,.F.,
(4,2,2,2,2,4),(0.,0.211974924030013,0.423949848060028,0.623587607199407,
0.822520581632882,1.),.UNSPECIFIED.);
#156=B_SPLINE_CURVE_WITH_KNOTS('',3,(#15318,#15319,#15320,#15321,#15322,
#15323,#15324,#15325,#15326,#15327,#15328,#15329),.UNSPECIFIED.,.F.,.F.,
(4,2,2,2,2,4),(0.,0.211974924030013,0.423949848060028,0.623587607199407,
0.822520581632882,1.),.UNSPECIFIED.);
#157=B_SPLINE_CURVE_WITH_KNOTS('',3,(#15339,#15340,#15341,#15342,#15343,
#15344,#15345,#15346,#15347,#15348,#15349,#15350,#15351,#15352,#15353,#15354),
 .UNSPECIFIED.,.F.,.F.,(4,2,2,2,2,2,2,4),(0.,0.131219456124642,0.280501509448627,
0.429265760639181,0.59222507396624,0.754825819175873,0.877875031766946,
1.),.UNSPECIFIED.);
#158=B_SPLINE_CURVE_WITH_KNOTS('',3,(#15355,#15356,#15357,#15358,#15359,
#15360,#15361,#15362,#15363,#15364,#15365,#15366,#15367,#15368,#15369,#15370),
 .UNSPECIFIED.,.F.,.F.,(4,2,2,2,2,2,2,4),(0.,0.131219456124642,0.280501509448627,
0.429265760639181,0.59222507396624,0.754825819175873,0.877875031766946,
1.),.UNSPECIFIED.);
#159=B_SPLINE_CURVE_WITH_KNOTS('',3,(#15377,#15378,#15379,#15380,#15381,
#15382,#15383,#15384,#15385,#15386,#15387,#15388,#15389,#15390,#15391,#15392),
 .UNSPECIFIED.,.F.,.F.,(4,2,2,2,2,2,2,4),(0.,0.129426356820308,0.259193806948196,
0.429591321333377,0.599601058295451,0.763444638994652,0.926882888416529,
1.),.UNSPECIFIED.);
#160=B_SPLINE_CURVE_WITH_KNOTS('',3,(#15393,#15394,#15395,#15396,#15397,
#15398,#15399,#15400,#15401,#15402,#15403,#15404,#15405,#15406,#15407,#15408),
 .UNSPECIFIED.,.F.,.F.,(4,2,2,2,2,2,2,4),(0.,0.129426356820308,0.259193806948196,
0.429591321333377,0.599601058295451,0.763444638994652,0.926882888416529,
1.),.UNSPECIFIED.);
#161=MANIFOLD_SOLID_BREP('',#168);
#162=MANIFOLD_SOLID_BREP('',#169);
#163=MANIFOLD_SOLID_BREP('',#170);
#164=MANIFOLD_SOLID_BREP('',#171);
#165=MANIFOLD_SOLID_BREP('',#172);
#166=MANIFOLD_SOLID_BREP('',#173);
#167=MANIFOLD_SOLID_BREP('',#174);
#168=CLOSED_SHELL('',(#437,#438,#439,#440,#441,#442,#443,#444,#445,#446,
#447,#448,#449,#450,#451,#452,#453,#454,#455,#456,#457,#458,#459,#460,#461,
#462,#463,#464,#465,#466,#467,#468,#469,#470,#471,#472,#473,#474,#475,#476,
#477,#478,#479,#480,#481,#482,#483,#484,#485,#486,#487,#488,#489,#490,#491,
#492,#493,#494,#495,#496,#497,#498,#499,#500,#501,#502,#503,#504,#505,#506,
#507,#508,#509,#510,#511,#512,#513,#514,#515,#516,#517,#518,#519,#520,#521,
#522,#523,#524,#525,#526,#527,#528,#529,#530,#531,#532,#533,#534,#535,#536,
#537,#538,#539,#540,#541,#542,#543,#544,#545,#546,#547,#548,#549,#550,#551,
#552,#553,#554,#555,#556,#557,#558,#559,#560,#561,#562,#563,#564,#565,#566,
#567));
#169=CLOSED_SHELL('',(#568,#569,#570,#571,#572,#573,#574,#575,#576,#577,
#578,#579,#580,#581,#582,#583,#584,#585,#586,#587,#588,#589,#590,#591,#592,
#593,#594));
#170=CLOSED_SHELL('',(#595,#596,#597,#598,#599,#600,#601,#602,#603,#604,
#605,#606,#607,#608,#609,#610,#611,#612,#613));
#171=CLOSED_SHELL('',(#614,#615,#616,#617,#618,#619,#620,#621,#622,#623,
#624,#625,#626,#627,#628,#629,#630,#631,#632,#633,#634,#635,#636,#637,#638,
#639,#640,#641,#642,#643,#644,#645,#646,#647,#648,#649,#650,#651,#652,#653,
#654,#655,#656,#657,#658,#659,#660,#661,#662,#663,#664,#665,#666,#667,#668,
#669,#670,#671,#672,#673,#674,#675,#676,#677,#678,#679,#680,#681,#682,#683,
#684,#685,#686,#687,#688,#689,#690,#691,#692,#693,#694,#695,#696,#697,#698,
#699,#700,#701,#702,#703,#704,#705,#706,#707,#708,#709,#710,#711,#712,#713,
#714,#715,#716,#717,#718,#719,#720,#721,#722,#723,#724,#725,#726,#727,#728,
#729,#730,#731,#732,#733,#734,#735,#736,#737,#738,#739,#740,#741,#742,#743,
#744,#745,#746,#747,#748,#749,#750,#751,#752,#753,#754,#755,#756,#757,#758,
#759,#760,#761,#762,#763,#764,#765,#766,#767,#768,#769,#770,#771,#772,#773,
#774,#775,#776,#777,#778,#779,#780,#781,#782,#783,#784,#785,#786,#787,#788,
#789,#790,#791,#792,#793,#794,#795,#796,#797,#798,#799,#800,#801,#802,#803,
#804,#805,#806,#807,#808,#809,#810,#811,#812,#813,#814,#815,#816,#817,#818,
#819,#820,#821,#822,#823,#824,#825,#826,#827,#828,#829,#830,#831,#832,#833,
#834,#835,#836,#837,#838,#839,#840,#841,#842,#843,#844,#845,#846,#847,#848,
#849));
#172=CLOSED_SHELL('',(#850,#851,#852,#853,#854,#855,#856,#857,#858,#859,
#860,#861,#862,#863,#864,#865,#866,#867,#868,#869,#870,#871,#872,#873,#874,
#875,#876));
#173=CLOSED_SHELL('',(#877,#878,#879,#880,#881,#882,#883,#884,#885,#886,
#887,#888,#889,#890,#891,#892,#893,#894,#895,#896,#897,#898,#899,#900,#901,
#902,#903,#904,#905,#906,#907,#908,#909,#910,#911,#912,#913,#914,#915));
#174=CLOSED_SHELL('',(#916,#917,#918,#919,#920,#921,#922,#923,#924,#925,
#926,#927,#928,#929,#930,#931,#932,#933,#934,#935,#936,#937,#938,#939,#940,
#941,#942));
#175=(
BOUNDED_SURFACE()
B_SPLINE_SURFACE(3,3,((#13221,#13222,#13223,#13224),(#13225,#13226,#13227,
#13228),(#13229,#13230,#13231,#13232),(#13233,#13234,#13235,#13236)),
 .UNSPECIFIED.,.F.,.F.,.F.)
B_SPLINE_SURFACE_WITH_KNOTS((4,4),(4,4),(0.,1.),(0.,1.),.UNSPECIFIED.)
GEOMETRIC_REPRESENTATION_ITEM()
RATIONAL_B_SPLINE_SURFACE(((1.,0.804737854124377,0.804737854124377,1.),
(0.802509241645016,0.645809565036391,0.645809565036391,0.802509241645016),
(0.802509241645016,0.645809565036391,0.645809565036391,0.802509241645016),
(1.,0.804737854124377,0.804737854124377,1.)))
REPRESENTATION_ITEM('')
SURFACE()
);
#176=(
BOUNDED_SURFACE()
B_SPLINE_SURFACE(3,3,((#13242,#13243,#13244,#13245),(#13246,#13247,#13248,
#13249),(#13250,#13251,#13252,#13253),(#13254,#13255,#13256,#13257)),
 .UNSPECIFIED.,.F.,.F.,.F.)
B_SPLINE_SURFACE_WITH_KNOTS((4,4),(4,4),(0.,1.),(0.,1.),.UNSPECIFIED.)
GEOMETRIC_REPRESENTATION_ITEM()
RATIONAL_B_SPLINE_SURFACE(((1.,0.804737854124364,0.804737854124364,1.),
(0.80473785412437,0.647603013860692,0.647603013860692,0.80473785412437),
(0.80473785412437,0.647603013860692,0.647603013860692,0.80473785412437),
(1.,0.804737854124364,0.804737854124364,1.)))
REPRESENTATION_ITEM('')
SURFACE()
);
#177=(
BOUNDED_SURFACE()
B_SPLINE_SURFACE(3,3,((#13263,#13264,#13265,#13266),(#13267,#13268,#13269,
#13270),(#13271,#13272,#13273,#13274),(#13275,#13276,#13277,#13278)),
 .UNSPECIFIED.,.F.,.F.,.F.)
B_SPLINE_SURFACE_WITH_KNOTS((4,4),(4,4),(0.,1.),(0.,1.),.UNSPECIFIED.)
GEOMETRIC_REPRESENTATION_ITEM()
RATIONAL_B_SPLINE_SURFACE(((1.,0.804737854124365,0.804737854124365,1.),
(0.804737854124371,0.647603013860693,0.647603013860693,0.804737854124371),
(0.804737854124371,0.647603013860693,0.647603013860693,0.804737854124371),
(1.,0.804737854124365,0.804737854124365,1.)))
REPRESENTATION_ITEM('')
SURFACE()
);
#178=(
BOUNDED_SURFACE()
B_SPLINE_SURFACE(3,2,((#14582,#14583,#14584),(#14585,#14586,#14587),(#14588,
#14589,#14590),(#14591,#14592,#14593),(#14594,#14595,#14596),(#14597,#14598,
#14599)),.UNSPECIFIED.,.F.,.F.,.F.)
B_SPLINE_SURFACE_WITH_KNOTS((4,2,4),(3,3),(0.,0.5,1.),(0.,1.),
 .UNSPECIFIED.)
GEOMETRIC_REPRESENTATION_ITEM()
RATIONAL_B_SPLINE_SURFACE(((1.,0.707106781186548,1.),(1.,0.704674357957128,
1.),(1.,0.790451200019091,1.),(1.,0.941599607549784,1.),(1.,1.00267605951747,
1.),(1.,1.,1.)))
REPRESENTATION_ITEM('')
SURFACE()
);
#179=(
BOUNDED_SURFACE()
B_SPLINE_SURFACE(3,2,((#14614,#14615,#14616),(#14617,#14618,#14619),(#14620,
#14621,#14622),(#14623,#14624,#14625),(#14626,#14627,#14628),(#14629,#14630,
#14631)),.UNSPECIFIED.,.F.,.F.,.F.)
B_SPLINE_SURFACE_WITH_KNOTS((4,2,4),(3,3),(0.,0.5,1.),(0.,1.),
 .UNSPECIFIED.)
GEOMETRIC_REPRESENTATION_ITEM()
RATIONAL_B_SPLINE_SURFACE(((1.,0.707106781186548,1.),(1.,0.704674357957111,
1.),(1.,0.790451200019113,1.),(1.,0.941599607549763,1.),(1.,1.00267605951748,
1.),(1.,1.,1.)))
REPRESENTATION_ITEM('')
SURFACE()
);
#180=(
BOUNDED_SURFACE()
B_SPLINE_SURFACE(3,2,((#14632,#14633,#14634),(#14635,#14636,#14637),(#14638,
#14639,#14640),(#14641,#14642,#14643),(#14644,#14645,#14646),(#14647,#14648,
#14649)),.UNSPECIFIED.,.F.,.F.,.F.)
B_SPLINE_SURFACE_WITH_KNOTS((4,2,4),(3,3),(0.,0.5,1.),(0.,1.),
 .UNSPECIFIED.)
GEOMETRIC_REPRESENTATION_ITEM()
RATIONAL_B_SPLINE_SURFACE(((1.,0.707106781186548,1.),(1.,0.704674357957149,
1.),(1.,0.790451200019062,1.),(1.,0.941599607549812,1.),(1.,1.00267605951745,
1.),(1.,1.,1.)))
REPRESENTATION_ITEM('')
SURFACE()
);
#181=(
BOUNDED_SURFACE()
B_SPLINE_SURFACE(3,2,((#14658,#14659,#14660),(#14661,#14662,#14663),(#14664,
#14665,#14666),(#14667,#14668,#14669),(#14670,#14671,#14672),(#14673,#14674,
#14675)),.UNSPECIFIED.,.F.,.F.,.F.)
B_SPLINE_SURFACE_WITH_KNOTS((4,2,4),(3,3),(0.,0.5,1.),(0.,1.),
 .UNSPECIFIED.)
GEOMETRIC_REPRESENTATION_ITEM()
RATIONAL_B_SPLINE_SURFACE(((1.,0.707106781186548,1.),(1.,0.704674357957135,
1.),(1.,0.79045120001908,1.),(1.,0.941599607549795,1.),(1.,1.00267605951746,
1.),(1.,1.,1.)))
REPRESENTATION_ITEM('')
SURFACE()
);
#182=(
BOUNDED_SURFACE()
B_SPLINE_SURFACE(3,3,((#14705,#14706,#14707,#14708),(#14709,#14710,#14711,
#14712),(#14713,#14714,#14715,#14716),(#14717,#14718,#14719,#14720)),
 .UNSPECIFIED.,.F.,.F.,.F.)
B_SPLINE_SURFACE_WITH_KNOTS((4,4),(4,4),(0.,1.),(0.,1.),.UNSPECIFIED.)
GEOMETRIC_REPRESENTATION_ITEM()
RATIONAL_B_SPLINE_SURFACE(((1.,0.333333333333333,0.333333333333333,1.),
(0.804737854124366,0.268245951374789,0.268245951374789,0.804737854124366),
(0.804737854124366,0.268245951374789,0.268245951374789,0.804737854124366),
(1.,0.333333333333333,0.333333333333333,1.)))
REPRESENTATION_ITEM('')
SURFACE()
);
#183=(
BOUNDED_SURFACE()
B_SPLINE_SURFACE(3,3,((#14728,#14729,#14730,#14731),(#14732,#14733,#14734,
#14735),(#14736,#14737,#14738,#14739),(#14740,#14741,#14742,#14743)),
 .UNSPECIFIED.,.F.,.F.,.F.)
B_SPLINE_SURFACE_WITH_KNOTS((4,4),(4,4),(0.,1.),(0.,1.),.UNSPECIFIED.)
GEOMETRIC_REPRESENTATION_ITEM()
RATIONAL_B_SPLINE_SURFACE(((1.,0.804737854124372,0.804737854124372,1.),
(0.804737854124372,0.647603013860699,0.647603013860699,0.804737854124372),
(0.804737854124372,0.647603013860699,0.647603013860699,0.804737854124372),
(1.,0.804737854124372,0.804737854124372,1.)))
REPRESENTATION_ITEM('')
SURFACE()
);
#184=(
BOUNDED_SURFACE()
B_SPLINE_SURFACE(3,3,((#14746,#14747,#14748,#14749),(#14750,#14751,#14752,
#14753),(#14754,#14755,#14756,#14757),(#14758,#14759,#14760,#14761)),
 .UNSPECIFIED.,.F.,.F.,.F.)
B_SPLINE_SURFACE_WITH_KNOTS((4,4),(4,4),(0.,1.),(0.,1.),.UNSPECIFIED.)
GEOMETRIC_REPRESENTATION_ITEM()
RATIONAL_B_SPLINE_SURFACE(((1.,0.804737854124364,0.804737854124364,1.),
(0.804737854124367,0.647603013860688,0.647603013860688,0.804737854124367),
(0.804737854124367,0.647603013860688,0.647603013860688,0.804737854124367),
(1.,0.804737854124364,0.804737854124364,1.)))
REPRESENTATION_ITEM('')
SURFACE()
);
#185=(
BOUNDED_SURFACE()
B_SPLINE_SURFACE(3,3,((#14796,#14797,#14798,#14799),(#14800,#14801,#14802,
#14803),(#14804,#14805,#14806,#14807),(#14808,#14809,#14810,#14811)),
 .UNSPECIFIED.,.F.,.F.,.F.)
B_SPLINE_SURFACE_WITH_KNOTS((4,4),(4,4),(0.,1.),(0.,1.),.UNSPECIFIED.)
GEOMETRIC_REPRESENTATION_ITEM()
RATIONAL_B_SPLINE_SURFACE(((1.,0.333333333333333,0.333333333333333,1.),
(0.804737854124365,0.268245951374789,0.268245951374789,0.804737854124365),
(0.804737854124365,0.268245951374789,0.268245951374789,0.804737854124365),
(1.,0.333333333333333,0.333333333333333,1.)))
REPRESENTATION_ITEM('')
SURFACE()
);
#186=(
BOUNDED_SURFACE()
B_SPLINE_SURFACE(3,3,((#14819,#14820,#14821,#14822),(#14823,#14824,#14825,
#14826),(#14827,#14828,#14829,#14830),(#14831,#14832,#14833,#14834)),
 .UNSPECIFIED.,.F.,.F.,.F.)
B_SPLINE_SURFACE_WITH_KNOTS((4,4),(4,4),(0.,1.),(0.,1.),.UNSPECIFIED.)
GEOMETRIC_REPRESENTATION_ITEM()
RATIONAL_B_SPLINE_SURFACE(((1.,0.804737854124366,0.804737854124366,1.),
(0.804737854124366,0.647603013860689,0.647603013860689,0.804737854124366),
(0.804737854124366,0.647603013860689,0.647603013860689,0.804737854124366),
(1.,0.804737854124366,0.804737854124366,1.)))
REPRESENTATION_ITEM('')
SURFACE()
);
#187=(
BOUNDED_SURFACE()
B_SPLINE_SURFACE(3,3,((#14838,#14839,#14840,#14841),(#14842,#14843,#14844,
#14845),(#14846,#14847,#14848,#14849),(#14850,#14851,#14852,#14853)),
 .UNSPECIFIED.,.F.,.F.,.F.)
B_SPLINE_SURFACE_WITH_KNOTS((4,4),(4,4),(0.,1.),(0.,1.),.UNSPECIFIED.)
GEOMETRIC_REPRESENTATION_ITEM()
RATIONAL_B_SPLINE_SURFACE(((1.,0.804737854124376,0.804737854124376,1.),
(0.804737854124377,0.647603013860707,0.647603013860707,0.804737854124377),
(0.804737854124377,0.647603013860707,0.647603013860707,0.804737854124377),
(1.,0.804737854124376,0.804737854124376,1.)))
REPRESENTATION_ITEM('')
SURFACE()
);
#188=(
BOUNDED_SURFACE()
B_SPLINE_SURFACE(3,3,((#14890,#14891,#14892,#14893),(#14894,#14895,#14896,
#14897),(#14898,#14899,#14900,#14901),(#14902,#14903,#14904,#14905)),
 .UNSPECIFIED.,.F.,.F.,.F.)
B_SPLINE_SURFACE_WITH_KNOTS((4,4),(4,4),(0.,1.),(0.,1.),.UNSPECIFIED.)
GEOMETRIC_REPRESENTATION_ITEM()
RATIONAL_B_SPLINE_SURFACE(((1.,0.80473785412441,0.80473785412441,1.),(0.804737854124422,
0.64760301386077,0.64760301386077,0.804737854124422),(0.804737854124422,
0.64760301386077,0.64760301386077,0.804737854124422),(1.,0.80473785412441,
0.80473785412441,1.)))
REPRESENTATION_ITEM('')
SURFACE()
);
#189=(
BOUNDED_SURFACE()
B_SPLINE_SURFACE(3,3,((#14916,#14917,#14918,#14919),(#14920,#14921,#14922,
#14923),(#14924,#14925,#14926,#14927),(#14928,#14929,#14930,#14931)),
 .UNSPECIFIED.,.F.,.F.,.F.)
B_SPLINE_SURFACE_WITH_KNOTS((4,4),(4,4),(0.,1.),(0.,1.),.UNSPECIFIED.)
GEOMETRIC_REPRESENTATION_ITEM()
RATIONAL_B_SPLINE_SURFACE(((1.,0.8047378541244,0.8047378541244,1.),(0.804737854124415,
0.647603013860756,0.647603013860756,0.804737854124415),(0.804737854124415,
0.647603013860756,0.647603013860756,0.804737854124415),(1.,0.8047378541244,
0.8047378541244,1.)))
REPRESENTATION_ITEM('')
SURFACE()
);
#190=(
BOUNDED_SURFACE()
B_SPLINE_SURFACE(3,3,((#14933,#14934,#14935,#14936),(#14937,#14938,#14939,
#14940),(#14941,#14942,#14943,#14944),(#14945,#14946,#14947,#14948)),
 .UNSPECIFIED.,.F.,.F.,.F.)
B_SPLINE_SURFACE_WITH_KNOTS((4,4),(4,4),(0.,1.),(0.,1.),.UNSPECIFIED.)
GEOMETRIC_REPRESENTATION_ITEM()
RATIONAL_B_SPLINE_SURFACE(((1.,0.8047378541244,0.8047378541244,1.),(0.804737854124414,
0.647603013860756,0.647603013860756,0.804737854124414),(0.804737854124414,
0.647603013860756,0.647603013860756,0.804737854124414),(1.,0.8047378541244,
0.8047378541244,1.)))
REPRESENTATION_ITEM('')
SURFACE()
);
#191=(
BOUNDED_SURFACE()
B_SPLINE_SURFACE(3,3,((#14960,#14961,#14962,#14963),(#14964,#14965,#14966,
#14967),(#14968,#14969,#14970,#14971),(#14972,#14973,#14974,#14975)),
 .UNSPECIFIED.,.F.,.F.,.F.)
B_SPLINE_SURFACE_WITH_KNOTS((4,4),(4,4),(0.,1.),(0.,1.),.UNSPECIFIED.)
GEOMETRIC_REPRESENTATION_ITEM()
RATIONAL_B_SPLINE_SURFACE(((1.,0.804737854124401,0.804737854124401,1.),
(0.8047378541244,0.647603013860745,0.647603013860745,0.8047378541244),(0.8047378541244,
0.647603013860745,0.647603013860745,0.8047378541244),(1.,0.804737854124401,
0.804737854124401,1.)))
REPRESENTATION_ITEM('')
SURFACE()
);
#192=CONICAL_SURFACE('',#9531,0.5,44.9999999999998);
#193=CONICAL_SURFACE('',#9549,0.75,44.9999999999999);
#194=CONICAL_SURFACE('',#9871,0.5,45.);
#195=SPHERICAL_SURFACE('',#9460,0.5);
#196=SPHERICAL_SURFACE('',#9469,0.5);
#197=SPHERICAL_SURFACE('',#9471,0.5);
#198=CYLINDRICAL_SURFACE('',#9389,0.3);
#199=CYLINDRICAL_SURFACE('',#9397,0.3);
#200=CYLINDRICAL_SURFACE('',#9403,0.3);
#201=CYLINDRICAL_SURFACE('',#9409,0.3);
#202=CYLINDRICAL_SURFACE('',#9416,0.5);
#203=CYLINDRICAL_SURFACE('',#9429,0.5);
#204=CYLINDRICAL_SURFACE('',#9435,0.5);
#205=CYLINDRICAL_SURFACE('',#9457,0.5);
#206=CYLINDRICAL_SURFACE('',#9462,0.5);
#207=CYLINDRICAL_SURFACE('',#9464,0.5);
#208=CYLINDRICAL_SURFACE('',#9466,0.5);
#209=CYLINDRICAL_SURFACE('',#9468,0.5);
#210=CYLINDRICAL_SURFACE('',#9473,0.5);
#211=CYLINDRICAL_SURFACE('',#9475,0.5);
#212=CYLINDRICAL_SURFACE('',#9482,0.199944281805878);
#213=CYLINDRICAL_SURFACE('',#9489,0.199944281805878);
#214=CYLINDRICAL_SURFACE('',#9496,0.199944281805878);
#215=CYLINDRICAL_SURFACE('',#9503,0.199944281805878);
#216=CYLINDRICAL_SURFACE('',#9520,0.75);
#217=CYLINDRICAL_SURFACE('',#9523,0.9);
#218=CYLINDRICAL_SURFACE('',#9526,0.5);
#219=CYLINDRICAL_SURFACE('',#9530,0.2);
#220=CYLINDRICAL_SURFACE('',#9534,0.3);
#221=CYLINDRICAL_SURFACE('',#9537,0.3);
#222=CYLINDRICAL_SURFACE('',#9539,0.3);
#223=CYLINDRICAL_SURFACE('',#9542,0.3);
#224=CYLINDRICAL_SURFACE('',#9544,0.3);
#225=CYLINDRICAL_SURFACE('',#9546,0.3);
#226=CYLINDRICAL_SURFACE('',#9574,0.1);
#227=CYLINDRICAL_SURFACE('',#9576,0.1);
#228=CYLINDRICAL_SURFACE('',#9577,0.1);
#229=CYLINDRICAL_SURFACE('',#9599,0.2);
#230=CYLINDRICAL_SURFACE('',#9600,0.2);
#231=CYLINDRICAL_SURFACE('',#9612,0.9);
#232=CYLINDRICAL_SURFACE('',#9617,0.2);
#233=CYLINDRICAL_SURFACE('',#9618,0.2);
#234=CYLINDRICAL_SURFACE('',#9620,0.05);
#235=CYLINDRICAL_SURFACE('',#9639,0.9);
#236=CYLINDRICAL_SURFACE('',#9640,0.2);
#237=CYLINDRICAL_SURFACE('',#9641,0.2);
#238=CYLINDRICAL_SURFACE('',#9727,0.5);
#239=CYLINDRICAL_SURFACE('',#9728,0.5);
#240=CYLINDRICAL_SURFACE('',#9729,0.5);
#241=CYLINDRICAL_SURFACE('',#9730,0.5);
#242=CYLINDRICAL_SURFACE('',#9740,0.3);
#243=CYLINDRICAL_SURFACE('',#9743,0.3);
#244=CYLINDRICAL_SURFACE('',#9753,0.3);
#245=CYLINDRICAL_SURFACE('',#9755,0.3);
#246=CYLINDRICAL_SURFACE('',#9800,0.5);
#247=CYLINDRICAL_SURFACE('',#9801,0.5);
#248=CYLINDRICAL_SURFACE('',#9802,0.5);
#249=CYLINDRICAL_SURFACE('',#9803,0.5);
#250=CYLINDRICAL_SURFACE('',#9805,0.5);
#251=CYLINDRICAL_SURFACE('',#9807,0.5);
#252=CYLINDRICAL_SURFACE('',#9809,0.5);
#253=CYLINDRICAL_SURFACE('',#9811,0.5);
#254=CYLINDRICAL_SURFACE('',#9813,0.5);
#255=CYLINDRICAL_SURFACE('',#9815,0.5);
#256=CYLINDRICAL_SURFACE('',#9817,0.5);
#257=CYLINDRICAL_SURFACE('',#9819,0.5);
#258=CYLINDRICAL_SURFACE('',#9821,0.3);
#259=CYLINDRICAL_SURFACE('',#9824,0.3);
#260=CYLINDRICAL_SURFACE('',#9828,0.3);
#261=CYLINDRICAL_SURFACE('',#9831,0.3);
#262=CYLINDRICAL_SURFACE('',#9833,0.3);
#263=CYLINDRICAL_SURFACE('',#9835,0.3);
#264=CYLINDRICAL_SURFACE('',#9838,0.3);
#265=CYLINDRICAL_SURFACE('',#9842,0.3);
#266=CYLINDRICAL_SURFACE('',#9845,0.3);
#267=CYLINDRICAL_SURFACE('',#9848,0.3);
#268=CYLINDRICAL_SURFACE('',#9850,0.15);
#269=CYLINDRICAL_SURFACE('',#9853,0.15);
#270=CYLINDRICAL_SURFACE('',#9855,0.15);
#271=CYLINDRICAL_SURFACE('',#9857,0.15);
#272=CYLINDRICAL_SURFACE('',#9860,0.15);
#273=CYLINDRICAL_SURFACE('',#9862,0.15);
#274=CYLINDRICAL_SURFACE('',#9863,0.5);
#275=CYLINDRICAL_SURFACE('',#9864,0.5);
#276=CYLINDRICAL_SURFACE('',#9865,0.5);
#277=CYLINDRICAL_SURFACE('',#9866,0.5);
#278=CYLINDRICAL_SURFACE('',#9870,0.2);
#279=CYLINDRICAL_SURFACE('',#9873,0.5);
#280=CYLINDRICAL_SURFACE('',#9875,0.5);
#281=CYLINDRICAL_SURFACE('',#9877,0.5);
#282=CYLINDRICAL_SURFACE('',#9879,0.5);
#283=CYLINDRICAL_SURFACE('',#9882,0.2);
#284=CYLINDRICAL_SURFACE('',#9886,0.2);
#285=CYLINDRICAL_SURFACE('',#9890,0.2);
#286=CYLINDRICAL_SURFACE('',#9893,0.2);
#287=CYLINDRICAL_SURFACE('',#9897,0.2);
#288=CYLINDRICAL_SURFACE('',#9901,0.2);
#289=CYLINDRICAL_SURFACE('',#9904,0.3);
#290=CYLINDRICAL_SURFACE('',#9905,0.3);
#291=CYLINDRICAL_SURFACE('',#9906,0.3);
#292=CYLINDRICAL_SURFACE('',#9907,0.3);
#293=CYLINDRICAL_SURFACE('',#9910,0.3);
#294=CYLINDRICAL_SURFACE('',#9911,0.3);
#295=CYLINDRICAL_SURFACE('',#9912,0.3);
#296=CYLINDRICAL_SURFACE('',#9913,0.3);
#297=CYLINDRICAL_SURFACE('',#9921,0.3);
#298=CYLINDRICAL_SURFACE('',#9922,0.3);
#299=CYLINDRICAL_SURFACE('',#9923,0.3);
#300=CYLINDRICAL_SURFACE('',#9924,0.3);
#301=CYLINDRICAL_SURFACE('',#10013,0.7);
#302=CYLINDRICAL_SURFACE('',#10022,0.2);
#303=CYLINDRICAL_SURFACE('',#10023,0.2);
#304=CYLINDRICAL_SURFACE('',#10050,0.05);
#305=CYLINDRICAL_SURFACE('',#10052,0.05);
#306=CYLINDRICAL_SURFACE('',#10064,0.7);
#307=CYLINDRICAL_SURFACE('',#10070,0.2);
#308=CYLINDRICAL_SURFACE('',#10071,0.2);
#309=CYLINDRICAL_SURFACE('',#10072,0.2);
#310=CYLINDRICAL_SURFACE('',#10073,0.2);
#311=CYLINDRICAL_SURFACE('',#10077,0.05);
#312=CYLINDRICAL_SURFACE('',#10105,0.7);
#313=CYLINDRICAL_SURFACE('',#10114,0.2);
#314=CYLINDRICAL_SURFACE('',#10115,0.2);
#315=ELLIPSE('',#9384,0.424264068711924,0.3);
#316=ELLIPSE('',#9385,0.670820393249936,0.3);
#317=ELLIPSE('',#9386,0.670820393249936,0.3);
#318=ELLIPSE('',#9388,0.42426406871193,0.3);
#319=ELLIPSE('',#9392,0.424264068711924,0.3);
#320=ELLIPSE('',#9393,0.42426406871193,0.3);
#321=ELLIPSE('',#9395,0.670820393249936,0.3);
#322=ELLIPSE('',#9396,0.670820393249937,0.3);
#323=ELLIPSE('',#9398,0.424264068711924,0.3);
#324=ELLIPSE('',#9399,0.42426406871193,0.3);
#325=ELLIPSE('',#9401,0.670820393249934,0.3);
#326=ELLIPSE('',#9402,0.670820393249936,0.3);
#327=ELLIPSE('',#9404,0.424264068711924,0.3);
#328=ELLIPSE('',#9406,0.670820393249937,0.3);
#329=ELLIPSE('',#9407,0.670820393249934,0.3);
#330=ELLIPSE('',#9408,0.42426406871193,0.3);
#331=ELLIPSE('',#9532,0.424264068711928,0.3);
#332=ELLIPSE('',#9536,0.42426268714529,0.3);
#333=ELLIPSE('',#9541,0.424264068711928,0.3);
#334=ELLIPSE('',#9573,0.14142135623731,0.1);
#335=ELLIPSE('',#9575,0.14142135623731,0.1);
#336=ELLIPSE('',#9738,0.424264068711928,0.3);
#337=ELLIPSE('',#9741,0.424264068711928,0.3);
#338=ELLIPSE('',#9751,0.424264068711928,0.3);
#339=ELLIPSE('',#9754,0.424264068711928,0.3);
#340=ELLIPSE('',#9826,0.424264068711928,0.3);
#341=ELLIPSE('',#9832,0.424264068711928,0.3);
#342=ELLIPSE('',#9841,0.424264068711928,0.3);
#343=ELLIPSE('',#9847,0.424264068711928,0.3);
#344=FACE_BOUND('',#1759,.T.);
#345=FACE_BOUND('',#1760,.T.);
#346=FACE_BOUND('',#1770,.T.);
#347=FACE_BOUND('',#1771,.T.);
#348=FACE_BOUND('',#1772,.T.);
#349=FACE_BOUND('',#1778,.T.);
#350=FACE_BOUND('',#1779,.T.);
#351=FACE_BOUND('',#1841,.T.);
#352=FACE_BOUND('',#1842,.T.);
#353=FACE_BOUND('',#1847,.T.);
#354=FACE_BOUND('',#1848,.T.);
#355=FACE_BOUND('',#1849,.T.);
#356=FACE_BOUND('',#1850,.T.);
#357=FACE_BOUND('',#1852,.T.);
#358=FACE_BOUND('',#1853,.T.);
#359=FACE_BOUND('',#1855,.T.);
#360=FACE_BOUND('',#1856,.T.);
#361=FACE_BOUND('',#1858,.T.);
#362=FACE_BOUND('',#1859,.T.);
#363=FACE_BOUND('',#1860,.T.);
#364=FACE_BOUND('',#1861,.T.);
#365=FACE_BOUND('',#1872,.T.);
#366=FACE_BOUND('',#1873,.T.);
#367=FACE_BOUND('',#1901,.T.);
#368=FACE_BOUND('',#1902,.T.);
#369=FACE_BOUND('',#1903,.T.);
#370=FACE_BOUND('',#1904,.T.);
#371=FACE_BOUND('',#1920,.T.);
#372=FACE_BOUND('',#1921,.T.);
#373=FACE_BOUND('',#1931,.T.);
#374=FACE_BOUND('',#1932,.T.);
#375=FACE_BOUND('',#1933,.T.);
#376=FACE_BOUND('',#1934,.T.);
#377=FACE_BOUND('',#1944,.T.);
#378=FACE_BOUND('',#1945,.T.);
#379=FACE_BOUND('',#1984,.T.);
#380=FACE_BOUND('',#1985,.T.);
#381=FACE_BOUND('',#1986,.T.);
#382=FACE_BOUND('',#1987,.T.);
#383=FACE_BOUND('',#1988,.T.);
#384=FACE_BOUND('',#1989,.T.);
#385=FACE_BOUND('',#1990,.T.);
#386=FACE_BOUND('',#1991,.T.);
#387=FACE_BOUND('',#1992,.T.);
#388=FACE_BOUND('',#1993,.T.);
#389=FACE_BOUND('',#1994,.T.);
#390=FACE_BOUND('',#1995,.T.);
#391=FACE_BOUND('',#1996,.T.);
#392=FACE_BOUND('',#1997,.T.);
#393=FACE_BOUND('',#1998,.T.);
#394=FACE_BOUND('',#1999,.T.);
#395=FACE_BOUND('',#2000,.T.);
#396=FACE_BOUND('',#2016,.T.);
#397=FACE_BOUND('',#2017,.T.);
#398=FACE_BOUND('',#2018,.T.);
#399=FACE_BOUND('',#2019,.T.);
#400=FACE_BOUND('',#2020,.T.);
#401=FACE_BOUND('',#2021,.T.);
#402=FACE_BOUND('',#2022,.T.);
#403=FACE_BOUND('',#2023,.T.);
#404=FACE_BOUND('',#2024,.T.);
#405=FACE_BOUND('',#2025,.T.);
#406=FACE_BOUND('',#2026,.T.);
#407=FACE_BOUND('',#2027,.T.);
#408=FACE_BOUND('',#2028,.T.);
#409=FACE_BOUND('',#2039,.T.);
#410=FACE_BOUND('',#2040,.T.);
#411=FACE_BOUND('',#2094,.T.);
#412=FACE_BOUND('',#2095,.T.);
#413=FACE_BOUND('',#2096,.T.);
#414=FACE_BOUND('',#2097,.T.);
#415=FACE_BOUND('',#2098,.T.);
#416=FACE_BOUND('',#2099,.T.);
#417=FACE_BOUND('',#2166,.T.);
#418=FACE_BOUND('',#2167,.T.);
#419=FACE_BOUND('',#2218,.T.);
#420=FACE_BOUND('',#2219,.T.);
#421=FACE_BOUND('',#2220,.T.);
#422=FACE_BOUND('',#2221,.T.);
#423=FACE_BOUND('',#2235,.T.);
#424=FACE_BOUND('',#2236,.T.);
#425=FACE_BOUND('',#2248,.T.);
#426=FACE_BOUND('',#2249,.T.);
#427=FACE_BOUND('',#2250,.T.);
#428=FACE_BOUND('',#2251,.T.);
#429=FACE_BOUND('',#2271,.T.);
#430=FACE_BOUND('',#2272,.T.);
#431=FACE_BOUND('',#2290,.T.);
#432=FACE_BOUND('',#2291,.T.);
#433=FACE_BOUND('',#2292,.T.);
#434=FACE_BOUND('',#2293,.T.);
#435=FACE_BOUND('',#2307,.T.);
#436=FACE_BOUND('',#2308,.T.);
#437=ADVANCED_FACE('',(#1288),#943,.F.);
#438=ADVANCED_FACE('',(#1289),#944,.F.);
#439=ADVANCED_FACE('',(#344,#345),#945,.T.);
#440=ADVANCED_FACE('',(#1290),#946,.F.);
#441=ADVANCED_FACE('',(#1291),#947,.F.);
#442=ADVANCED_FACE('',(#1292),#948,.F.);
#443=ADVANCED_FACE('',(#1293),#949,.F.);
#444=ADVANCED_FACE('',(#1294),#198,.F.);
#445=ADVANCED_FACE('',(#1295),#950,.F.);
#446=ADVANCED_FACE('',(#1296),#199,.F.);
#447=ADVANCED_FACE('',(#1297),#200,.F.);
#448=ADVANCED_FACE('',(#1298),#201,.F.);
#449=ADVANCED_FACE('',(#346,#347,#348),#951,.T.);
#450=ADVANCED_FACE('',(#1299),#952,.T.);
#451=ADVANCED_FACE('',(#1300),#202,.T.);
#452=ADVANCED_FACE('',(#1301),#953,.F.);
#453=ADVANCED_FACE('',(#1302),#954,.T.);
#454=ADVANCED_FACE('',(#1303),#955,.T.);
#455=ADVANCED_FACE('',(#349,#350),#956,.T.);
#456=ADVANCED_FACE('',(#1304),#957,.T.);
#457=ADVANCED_FACE('',(#1305),#958,.T.);
#458=ADVANCED_FACE('',(#1306),#203,.T.);
#459=ADVANCED_FACE('',(#1307),#959,.T.);
#460=ADVANCED_FACE('',(#1308),#960,.T.);
#461=ADVANCED_FACE('',(#1309),#961,.F.);
#462=ADVANCED_FACE('',(#1310),#204,.T.);
#463=ADVANCED_FACE('',(#1311),#962,.F.);
#464=ADVANCED_FACE('',(#1312),#963,.F.);
#465=ADVANCED_FACE('',(#1313),#964,.T.);
#466=ADVANCED_FACE('',(#1314),#965,.F.);
#467=ADVANCED_FACE('',(#1315),#966,.T.);
#468=ADVANCED_FACE('',(#1316),#967,.T.);
#469=ADVANCED_FACE('',(#1317),#968,.T.);
#470=ADVANCED_FACE('',(#1318),#969,.F.);
#471=ADVANCED_FACE('',(#1319),#970,.T.);
#472=ADVANCED_FACE('',(#1320),#971,.T.);
#473=ADVANCED_FACE('',(#1321),#972,.T.);
#474=ADVANCED_FACE('',(#1322),#973,.T.);
#475=ADVANCED_FACE('',(#1323),#974,.F.);
#476=ADVANCED_FACE('',(#1324),#975,.T.);
#477=ADVANCED_FACE('',(#1325),#976,.F.);
#478=ADVANCED_FACE('',(#1326),#977,.F.);
#479=ADVANCED_FACE('',(#1327),#978,.F.);
#480=ADVANCED_FACE('',(#1328),#979,.F.);
#481=ADVANCED_FACE('',(#1329),#980,.F.);
#482=ADVANCED_FACE('',(#1330),#981,.F.);
#483=ADVANCED_FACE('',(#1331),#205,.T.);
#484=ADVANCED_FACE('',(#1332),#195,.T.);
#485=ADVANCED_FACE('',(#1333),#206,.T.);
#486=ADVANCED_FACE('',(#1334),#207,.T.);
#487=ADVANCED_FACE('',(#1335),#208,.T.);
#488=ADVANCED_FACE('',(#1336),#209,.T.);
#489=ADVANCED_FACE('',(#1337),#196,.T.);
#490=ADVANCED_FACE('',(#1338),#197,.T.);
#491=ADVANCED_FACE('',(#1339),#210,.T.);
#492=ADVANCED_FACE('',(#1340),#211,.T.);
#493=ADVANCED_FACE('',(#1341),#982,.T.);
#494=ADVANCED_FACE('',(#1342),#983,.T.);
#495=ADVANCED_FACE('',(#1343),#984,.T.);
#496=ADVANCED_FACE('',(#1344),#985,.T.);
#497=ADVANCED_FACE('',(#1345),#212,.T.);
#498=ADVANCED_FACE('',(#1346),#986,.F.);
#499=ADVANCED_FACE('',(#1347),#987,.F.);
#500=ADVANCED_FACE('',(#1348),#988,.T.);
#501=ADVANCED_FACE('',(#1349),#989,.F.);
#502=ADVANCED_FACE('',(#1350),#213,.T.);
#503=ADVANCED_FACE('',(#1351),#990,.F.);
#504=ADVANCED_FACE('',(#1352),#991,.F.);
#505=ADVANCED_FACE('',(#1353),#992,.T.);
#506=ADVANCED_FACE('',(#1354),#993,.F.);
#507=ADVANCED_FACE('',(#1355),#214,.T.);
#508=ADVANCED_FACE('',(#1356),#994,.F.);
#509=ADVANCED_FACE('',(#1357),#995,.F.);
#510=ADVANCED_FACE('',(#1358),#996,.T.);
#511=ADVANCED_FACE('',(#1359),#997,.F.);
#512=ADVANCED_FACE('',(#1360),#215,.T.);
#513=ADVANCED_FACE('',(#1361),#998,.F.);
#514=ADVANCED_FACE('',(#1362),#999,.F.);
#515=ADVANCED_FACE('',(#1363),#1000,.T.);
#516=ADVANCED_FACE('',(#1364),#1001,.F.);
#517=ADVANCED_FACE('',(#351,#352),#1002,.T.);
#518=ADVANCED_FACE('',(#1365),#1003,.F.);
#519=ADVANCED_FACE('',(#1366),#1004,.F.);
#520=ADVANCED_FACE('',(#1367),#1005,.T.);
#521=ADVANCED_FACE('',(#1368),#1006,.F.);
#522=ADVANCED_FACE('',(#353,#354),#1007,.F.);
#523=ADVANCED_FACE('',(#355,#356),#216,.T.);
#524=ADVANCED_FACE('',(#1369),#1008,.T.);
#525=ADVANCED_FACE('',(#357,#358),#217,.F.);
#526=ADVANCED_FACE('',(#1370),#1009,.T.);
#527=ADVANCED_FACE('',(#359,#360),#218,.F.);
#528=ADVANCED_FACE('',(#1371),#1010,.F.);
#529=ADVANCED_FACE('',(#361,#362),#219,.F.);
#530=ADVANCED_FACE('',(#363,#364),#192,.F.);
#531=ADVANCED_FACE('',(#1372),#220,.T.);
#532=ADVANCED_FACE('',(#1373),#175,.T.);
#533=ADVANCED_FACE('',(#1374),#221,.T.);
#534=ADVANCED_FACE('',(#1375),#222,.T.);
#535=ADVANCED_FACE('',(#1376),#176,.T.);
#536=ADVANCED_FACE('',(#1377),#223,.T.);
#537=ADVANCED_FACE('',(#1378),#224,.T.);
#538=ADVANCED_FACE('',(#1379),#177,.T.);
#539=ADVANCED_FACE('',(#1380),#225,.T.);
#540=ADVANCED_FACE('',(#1381),#1011,.T.);
#541=ADVANCED_FACE('',(#365,#366),#193,.F.);
#542=ADVANCED_FACE('',(#1382),#1012,.F.);
#543=ADVANCED_FACE('',(#1383),#1013,.T.);
#544=ADVANCED_FACE('',(#1384),#1014,.F.);
#545=ADVANCED_FACE('',(#1385),#1015,.T.);
#546=ADVANCED_FACE('',(#1386),#1016,.F.);
#547=ADVANCED_FACE('',(#1387),#1017,.T.);
#548=ADVANCED_FACE('',(#1388),#1018,.F.);
#549=ADVANCED_FACE('',(#1389),#1019,.T.);
#550=ADVANCED_FACE('',(#1390),#1020,.T.);
#551=ADVANCED_FACE('',(#1391),#1021,.F.);
#552=ADVANCED_FACE('',(#1392),#1022,.T.);
#553=ADVANCED_FACE('',(#1393),#1023,.T.);
#554=ADVANCED_FACE('',(#1394),#1024,.F.);
#555=ADVANCED_FACE('',(#1395),#1025,.F.);
#556=ADVANCED_FACE('',(#1396),#1026,.F.);
#557=ADVANCED_FACE('',(#1397),#1027,.F.);
#558=ADVANCED_FACE('',(#1398),#1028,.F.);
#559=ADVANCED_FACE('',(#1399),#1029,.F.);
#560=ADVANCED_FACE('',(#1400),#1030,.F.);
#561=ADVANCED_FACE('',(#1401),#1031,.T.);
#562=ADVANCED_FACE('',(#1402),#1032,.F.);
#563=ADVANCED_FACE('',(#1403),#1033,.F.);
#564=ADVANCED_FACE('',(#1404),#1034,.F.);
#565=ADVANCED_FACE('',(#1405),#226,.T.);
#566=ADVANCED_FACE('',(#1406),#227,.T.);
#567=ADVANCED_FACE('',(#1407),#228,.T.);
#568=ADVANCED_FACE('',(#1408),#1035,.T.);
#569=ADVANCED_FACE('',(#367,#368),#1036,.F.);
#570=ADVANCED_FACE('',(#369,#370),#1037,.T.);
#571=ADVANCED_FACE('',(#1409),#1038,.T.);
#572=ADVANCED_FACE('',(#1410),#1039,.T.);
#573=ADVANCED_FACE('',(#1411),#1040,.T.);
#574=ADVANCED_FACE('',(#1412),#1041,.T.);
#575=ADVANCED_FACE('',(#1413),#229,.F.);
#576=ADVANCED_FACE('',(#1414),#230,.F.);
#577=ADVANCED_FACE('',(#1415),#108,.T.);
#578=ADVANCED_FACE('',(#1416),#109,.T.);
#579=ADVANCED_FACE('',(#1417),#1042,.F.);
#580=ADVANCED_FACE('',(#1418),#1043,.T.);
#581=ADVANCED_FACE('',(#1419),#1044,.T.);
#582=ADVANCED_FACE('',(#1420),#1045,.F.);
#583=ADVANCED_FACE('',(#1421),#1046,.F.);
#584=ADVANCED_FACE('',(#1422),#1047,.F.);
#585=ADVANCED_FACE('',(#1423),#1048,.T.);
#586=ADVANCED_FACE('',(#371,#372),#231,.F.);
#587=ADVANCED_FACE('',(#1424),#1049,.F.);
#588=ADVANCED_FACE('',(#1425),#1050,.T.);
#589=ADVANCED_FACE('',(#1426),#1051,.F.);
#590=ADVANCED_FACE('',(#1427),#1052,.T.);
#591=ADVANCED_FACE('',(#1428),#232,.T.);
#592=ADVANCED_FACE('',(#1429),#233,.T.);
#593=ADVANCED_FACE('',(#1430),#1053,.T.);
#594=ADVANCED_FACE('',(#1431),#234,.T.);
#595=ADVANCED_FACE('',(#1432),#1054,.T.);
#596=ADVANCED_FACE('',(#373,#374),#1055,.T.);
#597=ADVANCED_FACE('',(#375,#376),#1056,.F.);
#598=ADVANCED_FACE('',(#1433),#1057,.F.);
#599=ADVANCED_FACE('',(#1434),#1058,.F.);
#600=ADVANCED_FACE('',(#1435),#1059,.T.);
#601=ADVANCED_FACE('',(#1436),#1060,.F.);
#602=ADVANCED_FACE('',(#1437),#1061,.T.);
#603=ADVANCED_FACE('',(#1438),#1062,.T.);
#604=ADVANCED_FACE('',(#1439),#1063,.F.);
#605=ADVANCED_FACE('',(#1440),#1064,.F.);
#606=ADVANCED_FACE('',(#1441),#1065,.F.);
#607=ADVANCED_FACE('',(#377,#378),#235,.F.);
#608=ADVANCED_FACE('',(#1442),#236,.T.);
#609=ADVANCED_FACE('',(#1443),#237,.T.);
#610=ADVANCED_FACE('',(#1444),#1066,.F.);
#611=ADVANCED_FACE('',(#1445),#1067,.T.);
#612=ADVANCED_FACE('',(#1446),#1068,.F.);
#613=ADVANCED_FACE('',(#1447),#1069,.T.);
#614=ADVANCED_FACE('',(#1448),#1070,.T.);
#615=ADVANCED_FACE('',(#1449),#1071,.T.);
#616=ADVANCED_FACE('',(#1450),#1072,.T.);
#617=ADVANCED_FACE('',(#1451),#1073,.T.);
#618=ADVANCED_FACE('',(#1452),#1074,.T.);
#619=ADVANCED_FACE('',(#1453),#1075,.T.);
#620=ADVANCED_FACE('',(#1454),#1076,.T.);
#621=ADVANCED_FACE('',(#1455),#1077,.T.);
#622=ADVANCED_FACE('',(#1456),#1078,.T.);
#623=ADVANCED_FACE('',(#1457),#1079,.T.);
#624=ADVANCED_FACE('',(#1458),#1080,.T.);
#625=ADVANCED_FACE('',(#1459),#1081,.T.);
#626=ADVANCED_FACE('',(#1460),#1082,.T.);
#627=ADVANCED_FACE('',(#1461),#1083,.T.);
#628=ADVANCED_FACE('',(#1462),#1084,.T.);
#629=ADVANCED_FACE('',(#1463),#1085,.T.);
#630=ADVANCED_FACE('',(#1464),#1086,.T.);
#631=ADVANCED_FACE('',(#1465),#1087,.T.);
#632=ADVANCED_FACE('',(#1466),#1088,.T.);
#633=ADVANCED_FACE('',(#1467),#1089,.T.);
#634=ADVANCED_FACE('',(#1468),#1090,.T.);
#635=ADVANCED_FACE('',(#1469),#1091,.T.);
#636=ADVANCED_FACE('',(#1470),#1092,.F.);
#637=ADVANCED_FACE('',(#1471),#1093,.F.);
#638=ADVANCED_FACE('',(#1472),#1094,.T.);
#639=ADVANCED_FACE('',(#1473),#1095,.F.);
#640=ADVANCED_FACE('',(#1474),#1096,.T.);
#641=ADVANCED_FACE('',(#1475),#1097,.T.);
#642=ADVANCED_FACE('',(#1476),#1098,.F.);
#643=ADVANCED_FACE('',(#1477),#1099,.F.);
#644=ADVANCED_FACE('',(#1478),#1100,.T.);
#645=ADVANCED_FACE('',(#1479),#1101,.F.);
#646=ADVANCED_FACE('',(#379,#380,#381),#1102,.F.);
#647=ADVANCED_FACE('',(#382,#383),#1103,.F.);
#648=ADVANCED_FACE('',(#384,#385),#1104,.T.);
#649=ADVANCED_FACE('',(#386,#387),#1105,.T.);
#650=ADVANCED_FACE('',(#388,#389,#390,#391,#392,#393,#394,#395),#1106,.T.);
#651=ADVANCED_FACE('',(#1480),#238,.T.);
#652=ADVANCED_FACE('',(#1481),#239,.T.);
#653=ADVANCED_FACE('',(#1482),#240,.T.);
#654=ADVANCED_FACE('',(#1483),#241,.T.);
#655=ADVANCED_FACE('',(#1484),#1107,.T.);
#656=ADVANCED_FACE('',(#1485),#1108,.T.);
#657=ADVANCED_FACE('',(#1486),#242,.T.);
#658=ADVANCED_FACE('',(#1487),#243,.T.);
#659=ADVANCED_FACE('',(#1488),#1109,.T.);
#660=ADVANCED_FACE('',(#1489),#1110,.T.);
#661=ADVANCED_FACE('',(#1490),#244,.T.);
#662=ADVANCED_FACE('',(#1491),#245,.T.);
#663=ADVANCED_FACE('',(#1492),#1111,.T.);
#664=ADVANCED_FACE('',(#1493),#1112,.T.);
#665=ADVANCED_FACE('',(#1494),#1113,.F.);
#666=ADVANCED_FACE('',(#396,#397,#398,#399,#400,#401,#402,#403,#404,#405,
#406,#407,#408),#1114,.F.);
#667=ADVANCED_FACE('',(#1495),#1115,.T.);
#668=ADVANCED_FACE('',(#1496),#1116,.T.);
#669=ADVANCED_FACE('',(#1497),#1117,.F.);
#670=ADVANCED_FACE('',(#1498),#1118,.T.);
#671=ADVANCED_FACE('',(#1499),#1119,.T.);
#672=ADVANCED_FACE('',(#1500),#1120,.T.);
#673=ADVANCED_FACE('',(#1501),#1121,.T.);
#674=ADVANCED_FACE('',(#1502),#1122,.T.);
#675=ADVANCED_FACE('',(#1503),#1123,.T.);
#676=ADVANCED_FACE('',(#1504),#1124,.T.);
#677=ADVANCED_FACE('',(#409,#410),#1125,.F.);
#678=ADVANCED_FACE('',(#1505),#1126,.T.);
#679=ADVANCED_FACE('',(#1506),#1127,.T.);
#680=ADVANCED_FACE('',(#1507),#1128,.T.);
#681=ADVANCED_FACE('',(#1508),#1129,.T.);
#682=ADVANCED_FACE('',(#1509),#1130,.T.);
#683=ADVANCED_FACE('',(#1510),#1131,.T.);
#684=ADVANCED_FACE('',(#1511),#1132,.T.);
#685=ADVANCED_FACE('',(#1512),#1133,.T.);
#686=ADVANCED_FACE('',(#1513),#1134,.T.);
#687=ADVANCED_FACE('',(#1514),#178,.T.);
#688=ADVANCED_FACE('',(#1515),#246,.T.);
#689=ADVANCED_FACE('',(#1516),#247,.T.);
#690=ADVANCED_FACE('',(#1517),#179,.T.);
#691=ADVANCED_FACE('',(#1518),#180,.T.);
#692=ADVANCED_FACE('',(#1519),#248,.T.);
#693=ADVANCED_FACE('',(#1520),#249,.T.);
#694=ADVANCED_FACE('',(#1521),#181,.T.);
#695=ADVANCED_FACE('',(#1522),#250,.T.);
#696=ADVANCED_FACE('',(#1523),#251,.F.);
#697=ADVANCED_FACE('',(#1524),#252,.F.);
#698=ADVANCED_FACE('',(#1525),#253,.T.);
#699=ADVANCED_FACE('',(#1526),#254,.T.);
#700=ADVANCED_FACE('',(#1527),#255,.T.);
#701=ADVANCED_FACE('',(#1528),#256,.T.);
#702=ADVANCED_FACE('',(#1529),#257,.T.);
#703=ADVANCED_FACE('',(#1530),#258,.T.);
#704=ADVANCED_FACE('',(#1531),#182,.T.);
#705=ADVANCED_FACE('',(#1532),#259,.T.);
#706=ADVANCED_FACE('',(#1533),#110,.T.);
#707=ADVANCED_FACE('',(#1534),#260,.T.);
#708=ADVANCED_FACE('',(#1535),#183,.T.);
#709=ADVANCED_FACE('',(#1536),#261,.T.);
#710=ADVANCED_FACE('',(#1537),#184,.T.);
#711=ADVANCED_FACE('',(#1538),#262,.T.);
#712=ADVANCED_FACE('',(#1539),#263,.T.);
#713=ADVANCED_FACE('',(#1540),#185,.T.);
#714=ADVANCED_FACE('',(#1541),#264,.T.);
#715=ADVANCED_FACE('',(#1542),#111,.T.);
#716=ADVANCED_FACE('',(#1543),#265,.T.);
#717=ADVANCED_FACE('',(#1544),#186,.T.);
#718=ADVANCED_FACE('',(#1545),#266,.T.);
#719=ADVANCED_FACE('',(#1546),#187,.T.);
#720=ADVANCED_FACE('',(#1547),#267,.T.);
#721=ADVANCED_FACE('',(#1548),#268,.T.);
#722=ADVANCED_FACE('',(#1549),#269,.T.);
#723=ADVANCED_FACE('',(#1550),#270,.T.);
#724=ADVANCED_FACE('',(#1551),#271,.T.);
#725=ADVANCED_FACE('',(#1552),#272,.T.);
#726=ADVANCED_FACE('',(#1553),#273,.T.);
#727=ADVANCED_FACE('',(#1554),#274,.T.);
#728=ADVANCED_FACE('',(#1555),#275,.T.);
#729=ADVANCED_FACE('',(#1556),#276,.T.);
#730=ADVANCED_FACE('',(#1557),#277,.T.);
#731=ADVANCED_FACE('',(#411,#412),#1135,.T.);
#732=ADVANCED_FACE('',(#413,#414),#278,.F.);
#733=ADVANCED_FACE('',(#415,#416),#194,.F.);
#734=ADVANCED_FACE('',(#1558),#279,.T.);
#735=ADVANCED_FACE('',(#1559),#280,.T.);
#736=ADVANCED_FACE('',(#1560),#281,.F.);
#737=ADVANCED_FACE('',(#1561),#282,.F.);
#738=ADVANCED_FACE('',(#1562),#188,.T.);
#739=ADVANCED_FACE('',(#1563),#283,.T.);
#740=ADVANCED_FACE('',(#1564),#112,.T.);
#741=ADVANCED_FACE('',(#1565),#284,.T.);
#742=ADVANCED_FACE('',(#1566),#113,.T.);
#743=ADVANCED_FACE('',(#1567),#285,.T.);
#744=ADVANCED_FACE('',(#1568),#189,.T.);
#745=ADVANCED_FACE('',(#1569),#190,.T.);
#746=ADVANCED_FACE('',(#1570),#286,.T.);
#747=ADVANCED_FACE('',(#1571),#114,.T.);
#748=ADVANCED_FACE('',(#1572),#287,.T.);
#749=ADVANCED_FACE('',(#1573),#115,.T.);
#750=ADVANCED_FACE('',(#1574),#288,.T.);
#751=ADVANCED_FACE('',(#1575),#191,.T.);
#752=ADVANCED_FACE('',(#1576),#1136,.F.);
#753=ADVANCED_FACE('',(#1577),#1137,.F.);
#754=ADVANCED_FACE('',(#1578),#289,.T.);
#755=ADVANCED_FACE('',(#1579),#290,.T.);
#756=ADVANCED_FACE('',(#1580),#291,.T.);
#757=ADVANCED_FACE('',(#1581),#292,.T.);
#758=ADVANCED_FACE('',(#1582),#1138,.F.);
#759=ADVANCED_FACE('',(#1583),#1139,.F.);
#760=ADVANCED_FACE('',(#1584),#293,.T.);
#761=ADVANCED_FACE('',(#1585),#294,.T.);
#762=ADVANCED_FACE('',(#1586),#295,.T.);
#763=ADVANCED_FACE('',(#1587),#296,.T.);
#764=ADVANCED_FACE('',(#1588),#1140,.T.);
#765=ADVANCED_FACE('',(#1589),#1141,.F.);
#766=ADVANCED_FACE('',(#1590),#1142,.F.);
#767=ADVANCED_FACE('',(#1591),#1143,.F.);
#768=ADVANCED_FACE('',(#1592),#1144,.F.);
#769=ADVANCED_FACE('',(#1593),#297,.T.);
#770=ADVANCED_FACE('',(#1594),#298,.T.);
#771=ADVANCED_FACE('',(#1595),#299,.T.);
#772=ADVANCED_FACE('',(#1596),#300,.T.);
#773=ADVANCED_FACE('',(#1597),#1145,.T.);
#774=ADVANCED_FACE('',(#1598),#1146,.T.);
#775=ADVANCED_FACE('',(#1599),#1147,.T.);
#776=ADVANCED_FACE('',(#1600),#1148,.T.);
#777=ADVANCED_FACE('',(#1601),#1149,.T.);
#778=ADVANCED_FACE('',(#1602),#1150,.T.);
#779=ADVANCED_FACE('',(#1603),#1151,.T.);
#780=ADVANCED_FACE('',(#1604),#93,.T.);
#781=ADVANCED_FACE('',(#1605),#1152,.T.);
#782=ADVANCED_FACE('',(#1606),#94,.T.);
#783=ADVANCED_FACE('',(#1607),#1153,.T.);
#784=ADVANCED_FACE('',(#1608),#1154,.T.);
#785=ADVANCED_FACE('',(#1609),#1155,.T.);
#786=ADVANCED_FACE('',(#1610),#95,.T.);
#787=ADVANCED_FACE('',(#1611),#1156,.F.);
#788=ADVANCED_FACE('',(#1612),#1157,.T.);
#789=ADVANCED_FACE('',(#1613),#1158,.T.);
#790=ADVANCED_FACE('',(#1614),#1159,.T.);
#791=ADVANCED_FACE('',(#1615),#96,.T.);
#792=ADVANCED_FACE('',(#1616),#1160,.T.);
#793=ADVANCED_FACE('',(#1617),#1161,.T.);
#794=ADVANCED_FACE('',(#1618),#1162,.T.);
#795=ADVANCED_FACE('',(#1619),#1163,.T.);
#796=ADVANCED_FACE('',(#1620),#1164,.T.);
#797=ADVANCED_FACE('',(#1621),#1165,.T.);
#798=ADVANCED_FACE('',(#1622),#1166,.T.);
#799=ADVANCED_FACE('',(#1623),#1167,.T.);
#800=ADVANCED_FACE('',(#417,#418),#1168,.T.);
#801=ADVANCED_FACE('',(#1624),#1169,.F.);
#802=ADVANCED_FACE('',(#1625),#97,.T.);
#803=ADVANCED_FACE('',(#1626),#1170,.T.);
#804=ADVANCED_FACE('',(#1627),#98,.T.);
#805=ADVANCED_FACE('',(#1628),#99,.T.);
#806=ADVANCED_FACE('',(#1629),#1171,.T.);
#807=ADVANCED_FACE('',(#1630),#100,.T.);
#808=ADVANCED_FACE('',(#1631),#1172,.T.);
#809=ADVANCED_FACE('',(#1632),#101,.T.);
#810=ADVANCED_FACE('',(#1633),#1173,.F.);
#811=ADVANCED_FACE('',(#1634),#1174,.F.);
#812=ADVANCED_FACE('',(#1635),#102,.F.);
#813=ADVANCED_FACE('',(#1636),#1175,.F.);
#814=ADVANCED_FACE('',(#1637),#103,.F.);
#815=ADVANCED_FACE('',(#1638),#1176,.F.);
#816=ADVANCED_FACE('',(#1639),#1177,.F.);
#817=ADVANCED_FACE('',(#1640),#1178,.F.);
#818=ADVANCED_FACE('',(#1641),#1179,.F.);
#819=ADVANCED_FACE('',(#1642),#1180,.T.);
#820=ADVANCED_FACE('',(#1643),#1181,.T.);
#821=ADVANCED_FACE('',(#1644),#1182,.T.);
#822=ADVANCED_FACE('',(#1645),#1183,.T.);
#823=ADVANCED_FACE('',(#1646),#1184,.F.);
#824=ADVANCED_FACE('',(#1647),#1185,.T.);
#825=ADVANCED_FACE('',(#1648),#1186,.T.);
#826=ADVANCED_FACE('',(#1649),#1187,.F.);
#827=ADVANCED_FACE('',(#1650),#1188,.T.);
#828=ADVANCED_FACE('',(#1651),#1189,.F.);
#829=ADVANCED_FACE('',(#1652),#1190,.T.);
#830=ADVANCED_FACE('',(#1653),#1191,.T.);
#831=ADVANCED_FACE('',(#1654),#1192,.T.);
#832=ADVANCED_FACE('',(#1655),#1193,.F.);
#833=ADVANCED_FACE('',(#1656),#1194,.F.);
#834=ADVANCED_FACE('',(#1657),#1195,.T.);
#835=ADVANCED_FACE('',(#1658),#1196,.T.);
#836=ADVANCED_FACE('',(#1659),#1197,.T.);
#837=ADVANCED_FACE('',(#1660),#1198,.T.);
#838=ADVANCED_FACE('',(#1661),#1199,.F.);
#839=ADVANCED_FACE('',(#1662),#1200,.T.);
#840=ADVANCED_FACE('',(#1663),#1201,.T.);
#841=ADVANCED_FACE('',(#1664),#1202,.T.);
#842=ADVANCED_FACE('',(#1665),#1203,.F.);
#843=ADVANCED_FACE('',(#1666),#1204,.F.);
#844=ADVANCED_FACE('',(#1667),#1205,.T.);
#845=ADVANCED_FACE('',(#1668),#1206,.T.);
#846=ADVANCED_FACE('',(#1669),#1207,.F.);
#847=ADVANCED_FACE('',(#1670),#1208,.T.);
#848=ADVANCED_FACE('',(#1671),#1209,.F.);
#849=ADVANCED_FACE('',(#1672),#1210,.T.);
#850=ADVANCED_FACE('',(#1673),#1211,.T.);
#851=ADVANCED_FACE('',(#419,#420),#1212,.T.);
#852=ADVANCED_FACE('',(#421,#422),#1213,.F.);
#853=ADVANCED_FACE('',(#1674),#1214,.T.);
#854=ADVANCED_FACE('',(#1675),#1215,.F.);
#855=ADVANCED_FACE('',(#1676),#1216,.T.);
#856=ADVANCED_FACE('',(#1677),#1217,.T.);
#857=ADVANCED_FACE('',(#1678),#1218,.T.);
#858=ADVANCED_FACE('',(#1679),#1219,.T.);
#859=ADVANCED_FACE('',(#1680),#1220,.T.);
#860=ADVANCED_FACE('',(#1681),#1221,.F.);
#861=ADVANCED_FACE('',(#1682),#1222,.F.);
#862=ADVANCED_FACE('',(#1683),#1223,.F.);
#863=ADVANCED_FACE('',(#1684),#1224,.F.);
#864=ADVANCED_FACE('',(#1685),#1225,.F.);
#865=ADVANCED_FACE('',(#1686),#1226,.F.);
#866=ADVANCED_FACE('',(#423,#424),#301,.F.);
#867=ADVANCED_FACE('',(#1687),#1227,.T.);
#868=ADVANCED_FACE('',(#1688),#1228,.T.);
#869=ADVANCED_FACE('',(#1689),#1229,.T.);
#870=ADVANCED_FACE('',(#1690),#1230,.T.);
#871=ADVANCED_FACE('',(#1691),#1231,.F.);
#872=ADVANCED_FACE('',(#1692),#1232,.T.);
#873=ADVANCED_FACE('',(#1693),#1233,.T.);
#874=ADVANCED_FACE('',(#1694),#1234,.F.);
#875=ADVANCED_FACE('',(#1695),#302,.T.);
#876=ADVANCED_FACE('',(#1696),#303,.T.);
#877=ADVANCED_FACE('',(#1697),#1235,.T.);
#878=ADVANCED_FACE('',(#425,#426),#1236,.T.);
#879=ADVANCED_FACE('',(#427,#428),#1237,.F.);
#880=ADVANCED_FACE('',(#1698),#1238,.T.);
#881=ADVANCED_FACE('',(#1699),#1239,.F.);
#882=ADVANCED_FACE('',(#1700),#1240,.T.);
#883=ADVANCED_FACE('',(#1701),#1241,.T.);
#884=ADVANCED_FACE('',(#1702),#1242,.T.);
#885=ADVANCED_FACE('',(#1703),#1243,.T.);
#886=ADVANCED_FACE('',(#1704),#304,.T.);
#887=ADVANCED_FACE('',(#1705),#305,.T.);
#888=ADVANCED_FACE('',(#1706),#1244,.F.);
#889=ADVANCED_FACE('',(#1707),#1245,.F.);
#890=ADVANCED_FACE('',(#1708),#1246,.F.);
#891=ADVANCED_FACE('',(#1709),#1247,.F.);
#892=ADVANCED_FACE('',(#1710),#1248,.T.);
#893=ADVANCED_FACE('',(#1711),#1249,.T.);
#894=ADVANCED_FACE('',(#1712),#1250,.T.);
#895=ADVANCED_FACE('',(#1713),#1251,.T.);
#896=ADVANCED_FACE('',(#1714),#1252,.T.);
#897=ADVANCED_FACE('',(#1715),#1253,.F.);
#898=ADVANCED_FACE('',(#1716),#1254,.F.);
#899=ADVANCED_FACE('',(#429,#430),#306,.F.);
#900=ADVANCED_FACE('',(#1717),#1255,.T.);
#901=ADVANCED_FACE('',(#1718),#1256,.T.);
#902=ADVANCED_FACE('',(#1719),#1257,.T.);
#903=ADVANCED_FACE('',(#1720),#1258,.T.);
#904=ADVANCED_FACE('',(#1721),#1259,.T.);
#905=ADVANCED_FACE('',(#1722),#307,.T.);
#906=ADVANCED_FACE('',(#1723),#308,.T.);
#907=ADVANCED_FACE('',(#1724),#309,.F.);
#908=ADVANCED_FACE('',(#1725),#310,.F.);
#909=ADVANCED_FACE('',(#1726),#116,.T.);
#910=ADVANCED_FACE('',(#1727),#311,.T.);
#911=ADVANCED_FACE('',(#1728),#117,.T.);
#912=ADVANCED_FACE('',(#1729),#1260,.T.);
#913=ADVANCED_FACE('',(#1730),#1261,.F.);
#914=ADVANCED_FACE('',(#1731),#1262,.F.);
#915=ADVANCED_FACE('',(#1732),#1263,.T.);
#916=ADVANCED_FACE('',(#1733),#1264,.T.);
#917=ADVANCED_FACE('',(#431,#432),#1265,.T.);
#918=ADVANCED_FACE('',(#433,#434),#1266,.F.);
#919=ADVANCED_FACE('',(#1734),#1267,.T.);
#920=ADVANCED_FACE('',(#1735),#1268,.F.);
#921=ADVANCED_FACE('',(#1736),#1269,.T.);
#922=ADVANCED_FACE('',(#1737),#1270,.T.);
#923=ADVANCED_FACE('',(#1738),#1271,.T.);
#924=ADVANCED_FACE('',(#1739),#1272,.T.);
#925=ADVANCED_FACE('',(#1740),#1273,.T.);
#926=ADVANCED_FACE('',(#1741),#1274,.F.);
#927=ADVANCED_FACE('',(#1742),#1275,.F.);
#928=ADVANCED_FACE('',(#1743),#1276,.F.);
#929=ADVANCED_FACE('',(#1744),#1277,.F.);
#930=ADVANCED_FACE('',(#1745),#1278,.F.);
#931=ADVANCED_FACE('',(#1746),#1279,.F.);
#932=ADVANCED_FACE('',(#435,#436),#312,.F.);
#933=ADVANCED_FACE('',(#1747),#1280,.T.);
#934=ADVANCED_FACE('',(#1748),#1281,.T.);
#935=ADVANCED_FACE('',(#1749),#1282,.T.);
#936=ADVANCED_FACE('',(#1750),#1283,.T.);
#937=ADVANCED_FACE('',(#1751),#1284,.F.);
#938=ADVANCED_FACE('',(#1752),#1285,.T.);
#939=ADVANCED_FACE('',(#1753),#1286,.T.);
#940=ADVANCED_FACE('',(#1754),#1287,.F.);
#941=ADVANCED_FACE('',(#1755),#313,.T.);
#942=ADVANCED_FACE('',(#1756),#314,.T.);
#943=PLANE('',#9373);
#944=PLANE('',#9375);
#945=PLANE('',#9378);
#946=PLANE('',#9379);
#947=PLANE('',#9380);
#948=PLANE('',#9381);
#949=PLANE('',#9383);
#950=PLANE('',#9391);
#951=PLANE('',#9412);
#952=PLANE('',#9413);
#953=PLANE('',#9417);
#954=PLANE('',#9418);
#955=PLANE('',#9419);
#956=PLANE('',#9424);
#957=PLANE('',#9425);
#958=PLANE('',#9426);
#959=PLANE('',#9430);
#960=PLANE('',#9431);
#961=PLANE('',#9432);
#962=PLANE('',#9436);
#963=PLANE('',#9437);
#964=PLANE('',#9438);
#965=PLANE('',#9439);
#966=PLANE('',#9440);
#967=PLANE('',#9441);
#968=PLANE('',#9442);
#969=PLANE('',#9443);
#970=PLANE('',#9444);
#971=PLANE('',#9445);
#972=PLANE('',#9446);
#973=PLANE('',#9447);
#974=PLANE('',#9448);
#975=PLANE('',#9449);
#976=PLANE('',#9450);
#977=PLANE('',#9451);
#978=PLANE('',#9452);
#979=PLANE('',#9453);
#980=PLANE('',#9454);
#981=PLANE('',#9455);
#982=PLANE('',#9476);
#983=PLANE('',#9477);
#984=PLANE('',#9478);
#985=PLANE('',#9479);
#986=PLANE('',#9483);
#987=PLANE('',#9484);
#988=PLANE('',#9485);
#989=PLANE('',#9486);
#990=PLANE('',#9490);
#991=PLANE('',#9491);
#992=PLANE('',#9492);
#993=PLANE('',#9493);
#994=PLANE('',#9497);
#995=PLANE('',#9498);
#996=PLANE('',#9499);
#997=PLANE('',#9500);
#998=PLANE('',#9504);
#999=PLANE('',#9505);
#1000=PLANE('',#9506);
#1001=PLANE('',#9507);
#1002=PLANE('',#9509);
#1003=PLANE('',#9510);
#1004=PLANE('',#9511);
#1005=PLANE('',#9513);
#1006=PLANE('',#9515);
#1007=PLANE('',#9518);
#1008=PLANE('',#9521);
#1009=PLANE('',#9524);
#1010=PLANE('',#9528);
#1011=PLANE('',#9548);
#1012=PLANE('',#9550);
#1013=PLANE('',#9551);
#1014=PLANE('',#9552);
#1015=PLANE('',#9553);
#1016=PLANE('',#9554);
#1017=PLANE('',#9555);
#1018=PLANE('',#9556);
#1019=PLANE('',#9557);
#1020=PLANE('',#9558);
#1021=PLANE('',#9559);
#1022=PLANE('',#9560);
#1023=PLANE('',#9561);
#1024=PLANE('',#9562);
#1025=PLANE('',#9563);
#1026=PLANE('',#9564);
#1027=PLANE('',#9565);
#1028=PLANE('',#9566);
#1029=PLANE('',#9567);
#1030=PLANE('',#9568);
#1031=PLANE('',#9569);
#1032=PLANE('',#9570);
#1033=PLANE('',#9571);
#1034=PLANE('',#9572);
#1035=PLANE('',#9578);
#1036=PLANE('',#9584);
#1037=PLANE('',#9590);
#1038=PLANE('',#9591);
#1039=PLANE('',#9592);
#1040=PLANE('',#9595);
#1041=PLANE('',#9598);
#1042=PLANE('',#9605);
#1043=PLANE('',#9606);
#1044=PLANE('',#9607);
#1045=PLANE('',#9608);
#1046=PLANE('',#9609);
#1047=PLANE('',#9610);
#1048=PLANE('',#9611);
#1049=PLANE('',#9613);
#1050=PLANE('',#9614);
#1051=PLANE('',#9615);
#1052=PLANE('',#9616);
#1053=PLANE('',#9619);
#1054=PLANE('',#9621);
#1055=PLANE('',#9625);
#1056=PLANE('',#9629);
#1057=PLANE('',#9630);
#1058=PLANE('',#9631);
#1059=PLANE('',#9632);
#1060=PLANE('',#9633);
#1061=PLANE('',#9634);
#1062=PLANE('',#9635);
#1063=PLANE('',#9636);
#1064=PLANE('',#9637);
#1065=PLANE('',#9638);
#1066=PLANE('',#9642);
#1067=PLANE('',#9643);
#1068=PLANE('',#9644);
#1069=PLANE('',#9645);
#1070=PLANE('',#9646);
#1071=PLANE('',#9647);
#1072=PLANE('',#9648);
#1073=PLANE('',#9649);
#1074=PLANE('',#9650);
#1075=PLANE('',#9651);
#1076=PLANE('',#9652);
#1077=PLANE('',#9653);
#1078=PLANE('',#9654);
#1079=PLANE('',#9655);
#1080=PLANE('',#9656);
#1081=PLANE('',#9657);
#1082=PLANE('',#9658);
#1083=PLANE('',#9659);
#1084=PLANE('',#9660);
#1085=PLANE('',#9661);
#1086=PLANE('',#9662);
#1087=PLANE('',#9663);
#1088=PLANE('',#9664);
#1089=PLANE('',#9665);
#1090=PLANE('',#9666);
#1091=PLANE('',#9668);
#1092=PLANE('',#9670);
#1093=PLANE('',#9671);
#1094=PLANE('',#9673);
#1095=PLANE('',#9675);
#1096=PLANE('',#9676);
#1097=PLANE('',#9678);
#1098=PLANE('',#9680);
#1099=PLANE('',#9681);
#1100=PLANE('',#9683);
#1101=PLANE('',#9685);
#1102=PLANE('',#9690);
#1103=PLANE('',#9695);
#1104=PLANE('',#9700);
#1105=PLANE('',#9705);
#1106=PLANE('',#9726);
#1107=PLANE('',#9733);
#1108=PLANE('',#9737);
#1109=PLANE('',#9747);
#1110=PLANE('',#9750);
#1111=PLANE('',#9758);
#1112=PLANE('',#9761);
#1113=PLANE('',#9762);
#1114=PLANE('',#9768);
#1115=PLANE('',#9769);
#1116=PLANE('',#9770);
#1117=PLANE('',#9771);
#1118=PLANE('',#9772);
#1119=PLANE('',#9773);
#1120=PLANE('',#9774);
#1121=PLANE('',#9775);
#1122=PLANE('',#9776);
#1123=PLANE('',#9777);
#1124=PLANE('',#9778);
#1125=PLANE('',#9788);
#1126=PLANE('',#9789);
#1127=PLANE('',#9790);
#1128=PLANE('',#9791);
#1129=PLANE('',#9792);
#1130=PLANE('',#9793);
#1131=PLANE('',#9794);
#1132=PLANE('',#9796);
#1133=PLANE('',#9798);
#1134=PLANE('',#9799);
#1135=PLANE('',#9869);
#1136=PLANE('',#9902);
#1137=PLANE('',#9903);
#1138=PLANE('',#9908);
#1139=PLANE('',#9909);
#1140=PLANE('',#9916);
#1141=PLANE('',#9917);
#1142=PLANE('',#9918);
#1143=PLANE('',#9919);
#1144=PLANE('',#9920);
#1145=PLANE('',#9925);
#1146=PLANE('',#9926);
#1147=PLANE('',#9927);
#1148=PLANE('',#9928);
#1149=PLANE('',#9929);
#1150=PLANE('',#9930);
#1151=PLANE('',#9931);
#1152=PLANE('',#9932);
#1153=PLANE('',#9933);
#1154=PLANE('',#9934);
#1155=PLANE('',#9935);
#1156=PLANE('',#9936);
#1157=PLANE('',#9937);
#1158=PLANE('',#9938);
#1159=PLANE('',#9939);
#1160=PLANE('',#9940);
#1161=PLANE('',#9941);
#1162=PLANE('',#9942);
#1163=PLANE('',#9943);
#1164=PLANE('',#9944);
#1165=PLANE('',#9945);
#1166=PLANE('',#9946);
#1167=PLANE('',#9947);
#1168=PLANE('',#9948);
#1169=PLANE('',#9949);
#1170=PLANE('',#9950);
#1171=PLANE('',#9951);
#1172=PLANE('',#9952);
#1173=PLANE('',#9953);
#1174=PLANE('',#9954);
#1175=PLANE('',#9955);
#1176=PLANE('',#9956);
#1177=PLANE('',#9957);
#1178=PLANE('',#9958);
#1179=PLANE('',#9959);
#1180=PLANE('',#9960);
#1181=PLANE('',#9961);
#1182=PLANE('',#9962);
#1183=PLANE('',#9963);
#1184=PLANE('',#9964);
#1185=PLANE('',#9965);
#1186=PLANE('',#9966);
#1187=PLANE('',#9967);
#1188=PLANE('',#9968);
#1189=PLANE('',#9969);
#1190=PLANE('',#9970);
#1191=PLANE('',#9971);
#1192=PLANE('',#9972);
#1193=PLANE('',#9973);
#1194=PLANE('',#9974);
#1195=PLANE('',#9975);
#1196=PLANE('',#9976);
#1197=PLANE('',#9977);
#1198=PLANE('',#9978);
#1199=PLANE('',#9979);
#1200=PLANE('',#9980);
#1201=PLANE('',#9981);
#1202=PLANE('',#9982);
#1203=PLANE('',#9983);
#1204=PLANE('',#9984);
#1205=PLANE('',#9985);
#1206=PLANE('',#9986);
#1207=PLANE('',#9987);
#1208=PLANE('',#9988);
#1209=PLANE('',#9989);
#1210=PLANE('',#9990);
#1211=PLANE('',#9991);
#1212=PLANE('',#9995);
#1213=PLANE('',#9999);
#1214=PLANE('',#10000);
#1215=PLANE('',#10001);
#1216=PLANE('',#10002);
#1217=PLANE('',#10003);
#1218=PLANE('',#10004);
#1219=PLANE('',#10005);
#1220=PLANE('',#10006);
#1221=PLANE('',#10007);
#1222=PLANE('',#10008);
#1223=PLANE('',#10009);
#1224=PLANE('',#10010);
#1225=PLANE('',#10011);
#1226=PLANE('',#10012);
#1227=PLANE('',#10014);
#1228=PLANE('',#10015);
#1229=PLANE('',#10016);
#1230=PLANE('',#10017);
#1231=PLANE('',#10018);
#1232=PLANE('',#10019);
#1233=PLANE('',#10020);
#1234=PLANE('',#10021);
#1235=PLANE('',#10026);
#1236=PLANE('',#10032);
#1237=PLANE('',#10038);
#1238=PLANE('',#10039);
#1239=PLANE('',#10040);
#1240=PLANE('',#10043);
#1241=PLANE('',#10044);
#1242=PLANE('',#10045);
#1243=PLANE('',#10048);
#1244=PLANE('',#10053);
#1245=PLANE('',#10054);
#1246=PLANE('',#10055);
#1247=PLANE('',#10056);
#1248=PLANE('',#10057);
#1249=PLANE('',#10058);
#1250=PLANE('',#10059);
#1251=PLANE('',#10060);
#1252=PLANE('',#10061);
#1253=PLANE('',#10062);
#1254=PLANE('',#10063);
#1255=PLANE('',#10065);
#1256=PLANE('',#10066);
#1257=PLANE('',#10067);
#1258=PLANE('',#10068);
#1259=PLANE('',#10069);
#1260=PLANE('',#10079);
#1261=PLANE('',#10080);
#1262=PLANE('',#10081);
#1263=PLANE('',#10082);
#1264=PLANE('',#10083);
#1265=PLANE('',#10087);
#1266=PLANE('',#10091);
#1267=PLANE('',#10092);
#1268=PLANE('',#10093);
#1269=PLANE('',#10094);
#1270=PLANE('',#10095);
#1271=PLANE('',#10096);
#1272=PLANE('',#10097);
#1273=PLANE('',#10098);
#1274=PLANE('',#10099);
#1275=PLANE('',#10100);
#1276=PLANE('',#10101);
#1277=PLANE('',#10102);
#1278=PLANE('',#10103);
#1279=PLANE('',#10104);
#1280=PLANE('',#10106);
#1281=PLANE('',#10107);
#1282=PLANE('',#10108);
#1283=PLANE('',#10109);
#1284=PLANE('',#10110);
#1285=PLANE('',#10111);
#1286=PLANE('',#10112);
#1287=PLANE('',#10113);
#1288=FACE_OUTER_BOUND('',#1757,.T.);
#1289=FACE_OUTER_BOUND('',#1758,.T.);
#1290=FACE_OUTER_BOUND('',#1761,.T.);
#1291=FACE_OUTER_BOUND('',#1762,.T.);
#1292=FACE_OUTER_BOUND('',#1763,.T.);
#1293=FACE_OUTER_BOUND('',#1764,.T.);
#1294=FACE_OUTER_BOUND('',#1765,.T.);
#1295=FACE_OUTER_BOUND('',#1766,.T.);
#1296=FACE_OUTER_BOUND('',#1767,.T.);
#1297=FACE_OUTER_BOUND('',#1768,.T.);
#1298=FACE_OUTER_BOUND('',#1769,.T.);
#1299=FACE_OUTER_BOUND('',#1773,.T.);
#1300=FACE_OUTER_BOUND('',#1774,.T.);
#1301=FACE_OUTER_BOUND('',#1775,.T.);
#1302=FACE_OUTER_BOUND('',#1776,.T.);
#1303=FACE_OUTER_BOUND('',#1777,.T.);
#1304=FACE_OUTER_BOUND('',#1780,.T.);
#1305=FACE_OUTER_BOUND('',#1781,.T.);
#1306=FACE_OUTER_BOUND('',#1782,.T.);
#1307=FACE_OUTER_BOUND('',#1783,.T.);
#1308=FACE_OUTER_BOUND('',#1784,.T.);
#1309=FACE_OUTER_BOUND('',#1785,.T.);
#1310=FACE_OUTER_BOUND('',#1786,.T.);
#1311=FACE_OUTER_BOUND('',#1787,.T.);
#1312=FACE_OUTER_BOUND('',#1788,.T.);
#1313=FACE_OUTER_BOUND('',#1789,.T.);
#1314=FACE_OUTER_BOUND('',#1790,.T.);
#1315=FACE_OUTER_BOUND('',#1791,.T.);
#1316=FACE_OUTER_BOUND('',#1792,.T.);
#1317=FACE_OUTER_BOUND('',#1793,.T.);
#1318=FACE_OUTER_BOUND('',#1794,.T.);
#1319=FACE_OUTER_BOUND('',#1795,.T.);
#1320=FACE_OUTER_BOUND('',#1796,.T.);
#1321=FACE_OUTER_BOUND('',#1797,.T.);
#1322=FACE_OUTER_BOUND('',#1798,.T.);
#1323=FACE_OUTER_BOUND('',#1799,.T.);
#1324=FACE_OUTER_BOUND('',#1800,.T.);
#1325=FACE_OUTER_BOUND('',#1801,.T.);
#1326=FACE_OUTER_BOUND('',#1802,.T.);
#1327=FACE_OUTER_BOUND('',#1803,.T.);
#1328=FACE_OUTER_BOUND('',#1804,.T.);
#1329=FACE_OUTER_BOUND('',#1805,.T.);
#1330=FACE_OUTER_BOUND('',#1806,.T.);
#1331=FACE_OUTER_BOUND('',#1807,.T.);
#1332=FACE_OUTER_BOUND('',#1808,.T.);
#1333=FACE_OUTER_BOUND('',#1809,.T.);
#1334=FACE_OUTER_BOUND('',#1810,.T.);
#1335=FACE_OUTER_BOUND('',#1811,.T.);
#1336=FACE_OUTER_BOUND('',#1812,.T.);
#1337=FACE_OUTER_BOUND('',#1813,.T.);
#1338=FACE_OUTER_BOUND('',#1814,.T.);
#1339=FACE_OUTER_BOUND('',#1815,.T.);
#1340=FACE_OUTER_BOUND('',#1816,.T.);
#1341=FACE_OUTER_BOUND('',#1817,.T.);
#1342=FACE_OUTER_BOUND('',#1818,.T.);
#1343=FACE_OUTER_BOUND('',#1819,.T.);
#1344=FACE_OUTER_BOUND('',#1820,.T.);
#1345=FACE_OUTER_BOUND('',#1821,.T.);
#1346=FACE_OUTER_BOUND('',#1822,.T.);
#1347=FACE_OUTER_BOUND('',#1823,.T.);
#1348=FACE_OUTER_BOUND('',#1824,.T.);
#1349=FACE_OUTER_BOUND('',#1825,.T.);
#1350=FACE_OUTER_BOUND('',#1826,.T.);
#1351=FACE_OUTER_BOUND('',#1827,.T.);
#1352=FACE_OUTER_BOUND('',#1828,.T.);
#1353=FACE_OUTER_BOUND('',#1829,.T.);
#1354=FACE_OUTER_BOUND('',#1830,.T.);
#1355=FACE_OUTER_BOUND('',#1831,.T.);
#1356=FACE_OUTER_BOUND('',#1832,.T.);
#1357=FACE_OUTER_BOUND('',#1833,.T.);
#1358=FACE_OUTER_BOUND('',#1834,.T.);
#1359=FACE_OUTER_BOUND('',#1835,.T.);
#1360=FACE_OUTER_BOUND('',#1836,.T.);
#1361=FACE_OUTER_BOUND('',#1837,.T.);
#1362=FACE_OUTER_BOUND('',#1838,.T.);
#1363=FACE_OUTER_BOUND('',#1839,.T.);
#1364=FACE_OUTER_BOUND('',#1840,.T.);
#1365=FACE_OUTER_BOUND('',#1843,.T.);
#1366=FACE_OUTER_BOUND('',#1844,.T.);
#1367=FACE_OUTER_BOUND('',#1845,.T.);
#1368=FACE_OUTER_BOUND('',#1846,.T.);
#1369=FACE_OUTER_BOUND('',#1851,.T.);
#1370=FACE_OUTER_BOUND('',#1854,.T.);
#1371=FACE_OUTER_BOUND('',#1857,.T.);
#1372=FACE_OUTER_BOUND('',#1862,.T.);
#1373=FACE_OUTER_BOUND('',#1863,.T.);
#1374=FACE_OUTER_BOUND('',#1864,.T.);
#1375=FACE_OUTER_BOUND('',#1865,.T.);
#1376=FACE_OUTER_BOUND('',#1866,.T.);
#1377=FACE_OUTER_BOUND('',#1867,.T.);
#1378=FACE_OUTER_BOUND('',#1868,.T.);
#1379=FACE_OUTER_BOUND('',#1869,.T.);
#1380=FACE_OUTER_BOUND('',#1870,.T.);
#1381=FACE_OUTER_BOUND('',#1871,.T.);
#1382=FACE_OUTER_BOUND('',#1874,.T.);
#1383=FACE_OUTER_BOUND('',#1875,.T.);
#1384=FACE_OUTER_BOUND('',#1876,.T.);
#1385=FACE_OUTER_BOUND('',#1877,.T.);
#1386=FACE_OUTER_BOUND('',#1878,.T.);
#1387=FACE_OUTER_BOUND('',#1879,.T.);
#1388=FACE_OUTER_BOUND('',#1880,.T.);
#1389=FACE_OUTER_BOUND('',#1881,.T.);
#1390=FACE_OUTER_BOUND('',#1882,.T.);
#1391=FACE_OUTER_BOUND('',#1883,.T.);
#1392=FACE_OUTER_BOUND('',#1884,.T.);
#1393=FACE_OUTER_BOUND('',#1885,.T.);
#1394=FACE_OUTER_BOUND('',#1886,.T.);
#1395=FACE_OUTER_BOUND('',#1887,.T.);
#1396=FACE_OUTER_BOUND('',#1888,.T.);
#1397=FACE_OUTER_BOUND('',#1889,.T.);
#1398=FACE_OUTER_BOUND('',#1890,.T.);
#1399=FACE_OUTER_BOUND('',#1891,.T.);
#1400=FACE_OUTER_BOUND('',#1892,.T.);
#1401=FACE_OUTER_BOUND('',#1893,.T.);
#1402=FACE_OUTER_BOUND('',#1894,.T.);
#1403=FACE_OUTER_BOUND('',#1895,.T.);
#1404=FACE_OUTER_BOUND('',#1896,.T.);
#1405=FACE_OUTER_BOUND('',#1897,.T.);
#1406=FACE_OUTER_BOUND('',#1898,.T.);
#1407=FACE_OUTER_BOUND('',#1899,.T.);
#1408=FACE_OUTER_BOUND('',#1900,.T.);
#1409=FACE_OUTER_BOUND('',#1905,.T.);
#1410=FACE_OUTER_BOUND('',#1906,.T.);
#1411=FACE_OUTER_BOUND('',#1907,.T.);
#1412=FACE_OUTER_BOUND('',#1908,.T.);
#1413=FACE_OUTER_BOUND('',#1909,.T.);
#1414=FACE_OUTER_BOUND('',#1910,.T.);
#1415=FACE_OUTER_BOUND('',#1911,.T.);
#1416=FACE_OUTER_BOUND('',#1912,.T.);
#1417=FACE_OUTER_BOUND('',#1913,.T.);
#1418=FACE_OUTER_BOUND('',#1914,.T.);
#1419=FACE_OUTER_BOUND('',#1915,.T.);
#1420=FACE_OUTER_BOUND('',#1916,.T.);
#1421=FACE_OUTER_BOUND('',#1917,.T.);
#1422=FACE_OUTER_BOUND('',#1918,.T.);
#1423=FACE_OUTER_BOUND('',#1919,.T.);
#1424=FACE_OUTER_BOUND('',#1922,.T.);
#1425=FACE_OUTER_BOUND('',#1923,.T.);
#1426=FACE_OUTER_BOUND('',#1924,.T.);
#1427=FACE_OUTER_BOUND('',#1925,.T.);
#1428=FACE_OUTER_BOUND('',#1926,.T.);
#1429=FACE_OUTER_BOUND('',#1927,.T.);
#1430=FACE_OUTER_BOUND('',#1928,.T.);
#1431=FACE_OUTER_BOUND('',#1929,.T.);
#1432=FACE_OUTER_BOUND('',#1930,.T.);
#1433=FACE_OUTER_BOUND('',#1935,.T.);
#1434=FACE_OUTER_BOUND('',#1936,.T.);
#1435=FACE_OUTER_BOUND('',#1937,.T.);
#1436=FACE_OUTER_BOUND('',#1938,.T.);
#1437=FACE_OUTER_BOUND('',#1939,.T.);
#1438=FACE_OUTER_BOUND('',#1940,.T.);
#1439=FACE_OUTER_BOUND('',#1941,.T.);
#1440=FACE_OUTER_BOUND('',#1942,.T.);
#1441=FACE_OUTER_BOUND('',#1943,.T.);
#1442=FACE_OUTER_BOUND('',#1946,.T.);
#1443=FACE_OUTER_BOUND('',#1947,.T.);
#1444=FACE_OUTER_BOUND('',#1948,.T.);
#1445=FACE_OUTER_BOUND('',#1949,.T.);
#1446=FACE_OUTER_BOUND('',#1950,.T.);
#1447=FACE_OUTER_BOUND('',#1951,.T.);
#1448=FACE_OUTER_BOUND('',#1952,.T.);
#1449=FACE_OUTER_BOUND('',#1953,.T.);
#1450=FACE_OUTER_BOUND('',#1954,.T.);
#1451=FACE_OUTER_BOUND('',#1955,.T.);
#1452=FACE_OUTER_BOUND('',#1956,.T.);
#1453=FACE_OUTER_BOUND('',#1957,.T.);
#1454=FACE_OUTER_BOUND('',#1958,.T.);
#1455=FACE_OUTER_BOUND('',#1959,.T.);
#1456=FACE_OUTER_BOUND('',#1960,.T.);
#1457=FACE_OUTER_BOUND('',#1961,.T.);
#1458=FACE_OUTER_BOUND('',#1962,.T.);
#1459=FACE_OUTER_BOUND('',#1963,.T.);
#1460=FACE_OUTER_BOUND('',#1964,.T.);
#1461=FACE_OUTER_BOUND('',#1965,.T.);
#1462=FACE_OUTER_BOUND('',#1966,.T.);
#1463=FACE_OUTER_BOUND('',#1967,.T.);
#1464=FACE_OUTER_BOUND('',#1968,.T.);
#1465=FACE_OUTER_BOUND('',#1969,.T.);
#1466=FACE_OUTER_BOUND('',#1970,.T.);
#1467=FACE_OUTER_BOUND('',#1971,.T.);
#1468=FACE_OUTER_BOUND('',#1972,.T.);
#1469=FACE_OUTER_BOUND('',#1973,.T.);
#1470=FACE_OUTER_BOUND('',#1974,.T.);
#1471=FACE_OUTER_BOUND('',#1975,.T.);
#1472=FACE_OUTER_BOUND('',#1976,.T.);
#1473=FACE_OUTER_BOUND('',#1977,.T.);
#1474=FACE_OUTER_BOUND('',#1978,.T.);
#1475=FACE_OUTER_BOUND('',#1979,.T.);
#1476=FACE_OUTER_BOUND('',#1980,.T.);
#1477=FACE_OUTER_BOUND('',#1981,.T.);
#1478=FACE_OUTER_BOUND('',#1982,.T.);
#1479=FACE_OUTER_BOUND('',#1983,.T.);
#1480=FACE_OUTER_BOUND('',#2001,.T.);
#1481=FACE_OUTER_BOUND('',#2002,.T.);
#1482=FACE_OUTER_BOUND('',#2003,.T.);
#1483=FACE_OUTER_BOUND('',#2004,.T.);
#1484=FACE_OUTER_BOUND('',#2005,.T.);
#1485=FACE_OUTER_BOUND('',#2006,.T.);
#1486=FACE_OUTER_BOUND('',#2007,.T.);
#1487=FACE_OUTER_BOUND('',#2008,.T.);
#1488=FACE_OUTER_BOUND('',#2009,.T.);
#1489=FACE_OUTER_BOUND('',#2010,.T.);
#1490=FACE_OUTER_BOUND('',#2011,.T.);
#1491=FACE_OUTER_BOUND('',#2012,.T.);
#1492=FACE_OUTER_BOUND('',#2013,.T.);
#1493=FACE_OUTER_BOUND('',#2014,.T.);
#1494=FACE_OUTER_BOUND('',#2015,.T.);
#1495=FACE_OUTER_BOUND('',#2029,.T.);
#1496=FACE_OUTER_BOUND('',#2030,.T.);
#1497=FACE_OUTER_BOUND('',#2031,.T.);
#1498=FACE_OUTER_BOUND('',#2032,.T.);
#1499=FACE_OUTER_BOUND('',#2033,.T.);
#1500=FACE_OUTER_BOUND('',#2034,.T.);
#1501=FACE_OUTER_BOUND('',#2035,.T.);
#1502=FACE_OUTER_BOUND('',#2036,.T.);
#1503=FACE_OUTER_BOUND('',#2037,.T.);
#1504=FACE_OUTER_BOUND('',#2038,.T.);
#1505=FACE_OUTER_BOUND('',#2041,.T.);
#1506=FACE_OUTER_BOUND('',#2042,.T.);
#1507=FACE_OUTER_BOUND('',#2043,.T.);
#1508=FACE_OUTER_BOUND('',#2044,.T.);
#1509=FACE_OUTER_BOUND('',#2045,.T.);
#1510=FACE_OUTER_BOUND('',#2046,.T.);
#1511=FACE_OUTER_BOUND('',#2047,.T.);
#1512=FACE_OUTER_BOUND('',#2048,.T.);
#1513=FACE_OUTER_BOUND('',#2049,.T.);
#1514=FACE_OUTER_BOUND('',#2050,.T.);
#1515=FACE_OUTER_BOUND('',#2051,.T.);
#1516=FACE_OUTER_BOUND('',#2052,.T.);
#1517=FACE_OUTER_BOUND('',#2053,.T.);
#1518=FACE_OUTER_BOUND('',#2054,.T.);
#1519=FACE_OUTER_BOUND('',#2055,.T.);
#1520=FACE_OUTER_BOUND('',#2056,.T.);
#1521=FACE_OUTER_BOUND('',#2057,.T.);
#1522=FACE_OUTER_BOUND('',#2058,.T.);
#1523=FACE_OUTER_BOUND('',#2059,.T.);
#1524=FACE_OUTER_BOUND('',#2060,.T.);
#1525=FACE_OUTER_BOUND('',#2061,.T.);
#1526=FACE_OUTER_BOUND('',#2062,.T.);
#1527=FACE_OUTER_BOUND('',#2063,.T.);
#1528=FACE_OUTER_BOUND('',#2064,.T.);
#1529=FACE_OUTER_BOUND('',#2065,.T.);
#1530=FACE_OUTER_BOUND('',#2066,.T.);
#1531=FACE_OUTER_BOUND('',#2067,.T.);
#1532=FACE_OUTER_BOUND('',#2068,.T.);
#1533=FACE_OUTER_BOUND('',#2069,.T.);
#1534=FACE_OUTER_BOUND('',#2070,.T.);
#1535=FACE_OUTER_BOUND('',#2071,.T.);
#1536=FACE_OUTER_BOUND('',#2072,.T.);
#1537=FACE_OUTER_BOUND('',#2073,.T.);
#1538=FACE_OUTER_BOUND('',#2074,.T.);
#1539=FACE_OUTER_BOUND('',#2075,.T.);
#1540=FACE_OUTER_BOUND('',#2076,.T.);
#1541=FACE_OUTER_BOUND('',#2077,.T.);
#1542=FACE_OUTER_BOUND('',#2078,.T.);
#1543=FACE_OUTER_BOUND('',#2079,.T.);
#1544=FACE_OUTER_BOUND('',#2080,.T.);
#1545=FACE_OUTER_BOUND('',#2081,.T.);
#1546=FACE_OUTER_BOUND('',#2082,.T.);
#1547=FACE_OUTER_BOUND('',#2083,.T.);
#1548=FACE_OUTER_BOUND('',#2084,.T.);
#1549=FACE_OUTER_BOUND('',#2085,.T.);
#1550=FACE_OUTER_BOUND('',#2086,.T.);
#1551=FACE_OUTER_BOUND('',#2087,.T.);
#1552=FACE_OUTER_BOUND('',#2088,.T.);
#1553=FACE_OUTER_BOUND('',#2089,.T.);
#1554=FACE_OUTER_BOUND('',#2090,.T.);
#1555=FACE_OUTER_BOUND('',#2091,.T.);
#1556=FACE_OUTER_BOUND('',#2092,.T.);
#1557=FACE_OUTER_BOUND('',#2093,.T.);
#1558=FACE_OUTER_BOUND('',#2100,.T.);
#1559=FACE_OUTER_BOUND('',#2101,.T.);
#1560=FACE_OUTER_BOUND('',#2102,.T.);
#1561=FACE_OUTER_BOUND('',#2103,.T.);
#1562=FACE_OUTER_BOUND('',#2104,.T.);
#1563=FACE_OUTER_BOUND('',#2105,.T.);
#1564=FACE_OUTER_BOUND('',#2106,.T.);
#1565=FACE_OUTER_BOUND('',#2107,.T.);
#1566=FACE_OUTER_BOUND('',#2108,.T.);
#1567=FACE_OUTER_BOUND('',#2109,.T.);
#1568=FACE_OUTER_BOUND('',#2110,.T.);
#1569=FACE_OUTER_BOUND('',#2111,.T.);
#1570=FACE_OUTER_BOUND('',#2112,.T.);
#1571=FACE_OUTER_BOUND('',#2113,.T.);
#1572=FACE_OUTER_BOUND('',#2114,.T.);
#1573=FACE_OUTER_BOUND('',#2115,.T.);
#1574=FACE_OUTER_BOUND('',#2116,.T.);
#1575=FACE_OUTER_BOUND('',#2117,.T.);
#1576=FACE_OUTER_BOUND('',#2118,.T.);
#1577=FACE_OUTER_BOUND('',#2119,.T.);
#1578=FACE_OUTER_BOUND('',#2120,.T.);
#1579=FACE_OUTER_BOUND('',#2121,.T.);
#1580=FACE_OUTER_BOUND('',#2122,.T.);
#1581=FACE_OUTER_BOUND('',#2123,.T.);
#1582=FACE_OUTER_BOUND('',#2124,.T.);
#1583=FACE_OUTER_BOUND('',#2125,.T.);
#1584=FACE_OUTER_BOUND('',#2126,.T.);
#1585=FACE_OUTER_BOUND('',#2127,.T.);
#1586=FACE_OUTER_BOUND('',#2128,.T.);
#1587=FACE_OUTER_BOUND('',#2129,.T.);
#1588=FACE_OUTER_BOUND('',#2130,.T.);
#1589=FACE_OUTER_BOUND('',#2131,.T.);
#1590=FACE_OUTER_BOUND('',#2132,.T.);
#1591=FACE_OUTER_BOUND('',#2133,.T.);
#1592=FACE_OUTER_BOUND('',#2134,.T.);
#1593=FACE_OUTER_BOUND('',#2135,.T.);
#1594=FACE_OUTER_BOUND('',#2136,.T.);
#1595=FACE_OUTER_BOUND('',#2137,.T.);
#1596=FACE_OUTER_BOUND('',#2138,.T.);
#1597=FACE_OUTER_BOUND('',#2139,.T.);
#1598=FACE_OUTER_BOUND('',#2140,.T.);
#1599=FACE_OUTER_BOUND('',#2141,.T.);
#1600=FACE_OUTER_BOUND('',#2142,.T.);
#1601=FACE_OUTER_BOUND('',#2143,.T.);
#1602=FACE_OUTER_BOUND('',#2144,.T.);
#1603=FACE_OUTER_BOUND('',#2145,.T.);
#1604=FACE_OUTER_BOUND('',#2146,.T.);
#1605=FACE_OUTER_BOUND('',#2147,.T.);
#1606=FACE_OUTER_BOUND('',#2148,.T.);
#1607=FACE_OUTER_BOUND('',#2149,.T.);
#1608=FACE_OUTER_BOUND('',#2150,.T.);
#1609=FACE_OUTER_BOUND('',#2151,.T.);
#1610=FACE_OUTER_BOUND('',#2152,.T.);
#1611=FACE_OUTER_BOUND('',#2153,.T.);
#1612=FACE_OUTER_BOUND('',#2154,.T.);
#1613=FACE_OUTER_BOUND('',#2155,.T.);
#1614=FACE_OUTER_BOUND('',#2156,.T.);
#1615=FACE_OUTER_BOUND('',#2157,.T.);
#1616=FACE_OUTER_BOUND('',#2158,.T.);
#1617=FACE_OUTER_BOUND('',#2159,.T.);
#1618=FACE_OUTER_BOUND('',#2160,.T.);
#1619=FACE_OUTER_BOUND('',#2161,.T.);
#1620=FACE_OUTER_BOUND('',#2162,.T.);
#1621=FACE_OUTER_BOUND('',#2163,.T.);
#1622=FACE_OUTER_BOUND('',#2164,.T.);
#1623=FACE_OUTER_BOUND('',#2165,.T.);
#1624=FACE_OUTER_BOUND('',#2168,.T.);
#1625=FACE_OUTER_BOUND('',#2169,.T.);
#1626=FACE_OUTER_BOUND('',#2170,.T.);
#1627=FACE_OUTER_BOUND('',#2171,.T.);
#1628=FACE_OUTER_BOUND('',#2172,.T.);
#1629=FACE_OUTER_BOUND('',#2173,.T.);
#1630=FACE_OUTER_BOUND('',#2174,.T.);
#1631=FACE_OUTER_BOUND('',#2175,.T.);
#1632=FACE_OUTER_BOUND('',#2176,.T.);
#1633=FACE_OUTER_BOUND('',#2177,.T.);
#1634=FACE_OUTER_BOUND('',#2178,.T.);
#1635=FACE_OUTER_BOUND('',#2179,.T.);
#1636=FACE_OUTER_BOUND('',#2180,.T.);
#1637=FACE_OUTER_BOUND('',#2181,.T.);
#1638=FACE_OUTER_BOUND('',#2182,.T.);
#1639=FACE_OUTER_BOUND('',#2183,.T.);
#1640=FACE_OUTER_BOUND('',#2184,.T.);
#1641=FACE_OUTER_BOUND('',#2185,.T.);
#1642=FACE_OUTER_BOUND('',#2186,.T.);
#1643=FACE_OUTER_BOUND('',#2187,.T.);
#1644=FACE_OUTER_BOUND('',#2188,.T.);
#1645=FACE_OUTER_BOUND('',#2189,.T.);
#1646=FACE_OUTER_BOUND('',#2190,.T.);
#1647=FACE_OUTER_BOUND('',#2191,.T.);
#1648=FACE_OUTER_BOUND('',#2192,.T.);
#1649=FACE_OUTER_BOUND('',#2193,.T.);
#1650=FACE_OUTER_BOUND('',#2194,.T.);
#1651=FACE_OUTER_BOUND('',#2195,.T.);
#1652=FACE_OUTER_BOUND('',#2196,.T.);
#1653=FACE_OUTER_BOUND('',#2197,.T.);
#1654=FACE_OUTER_BOUND('',#2198,.T.);
#1655=FACE_OUTER_BOUND('',#2199,.T.);
#1656=FACE_OUTER_BOUND('',#2200,.T.);
#1657=FACE_OUTER_BOUND('',#2201,.T.);
#1658=FACE_OUTER_BOUND('',#2202,.T.);
#1659=FACE_OUTER_BOUND('',#2203,.T.);
#1660=FACE_OUTER_BOUND('',#2204,.T.);
#1661=FACE_OUTER_BOUND('',#2205,.T.);
#1662=FACE_OUTER_BOUND('',#2206,.T.);
#1663=FACE_OUTER_BOUND('',#2207,.T.);
#1664=FACE_OUTER_BOUND('',#2208,.T.);
#1665=FACE_OUTER_BOUND('',#2209,.T.);
#1666=FACE_OUTER_BOUND('',#2210,.T.);
#1667=FACE_OUTER_BOUND('',#2211,.T.);
#1668=FACE_OUTER_BOUND('',#2212,.T.);
#1669=FACE_OUTER_BOUND('',#2213,.T.);
#1670=FACE_OUTER_BOUND('',#2214,.T.);
#1671=FACE_OUTER_BOUND('',#2215,.T.);
#1672=FACE_OUTER_BOUND('',#2216,.T.);
#1673=FACE_OUTER_BOUND('',#2217,.T.);
#1674=FACE_OUTER_BOUND('',#2222,.T.);
#1675=FACE_OUTER_BOUND('',#2223,.T.);
#1676=FACE_OUTER_BOUND('',#2224,.T.);
#1677=FACE_OUTER_BOUND('',#2225,.T.);
#1678=FACE_OUTER_BOUND('',#2226,.T.);
#1679=FACE_OUTER_BOUND('',#2227,.T.);
#1680=FACE_OUTER_BOUND('',#2228,.T.);
#1681=FACE_OUTER_BOUND('',#2229,.T.);
#1682=FACE_OUTER_BOUND('',#2230,.T.);
#1683=FACE_OUTER_BOUND('',#2231,.T.);
#1684=FACE_OUTER_BOUND('',#2232,.T.);
#1685=FACE_OUTER_BOUND('',#2233,.T.);
#1686=FACE_OUTER_BOUND('',#2234,.T.);
#1687=FACE_OUTER_BOUND('',#2237,.T.);
#1688=FACE_OUTER_BOUND('',#2238,.T.);
#1689=FACE_OUTER_BOUND('',#2239,.T.);
#1690=FACE_OUTER_BOUND('',#2240,.T.);
#1691=FACE_OUTER_BOUND('',#2241,.T.);
#1692=FACE_OUTER_BOUND('',#2242,.T.);
#1693=FACE_OUTER_BOUND('',#2243,.T.);
#1694=FACE_OUTER_BOUND('',#2244,.T.);
#1695=FACE_OUTER_BOUND('',#2245,.T.);
#1696=FACE_OUTER_BOUND('',#2246,.T.);
#1697=FACE_OUTER_BOUND('',#2247,.T.);
#1698=FACE_OUTER_BOUND('',#2252,.T.);
#1699=FACE_OUTER_BOUND('',#2253,.T.);
#1700=FACE_OUTER_BOUND('',#2254,.T.);
#1701=FACE_OUTER_BOUND('',#2255,.T.);
#1702=FACE_OUTER_BOUND('',#2256,.T.);
#1703=FACE_OUTER_BOUND('',#2257,.T.);
#1704=FACE_OUTER_BOUND('',#2258,.T.);
#1705=FACE_OUTER_BOUND('',#2259,.T.);
#1706=FACE_OUTER_BOUND('',#2260,.T.);
#1707=FACE_OUTER_BOUND('',#2261,.T.);
#1708=FACE_OUTER_BOUND('',#2262,.T.);
#1709=FACE_OUTER_BOUND('',#2263,.T.);
#1710=FACE_OUTER_BOUND('',#2264,.T.);
#1711=FACE_OUTER_BOUND('',#2265,.T.);
#1712=FACE_OUTER_BOUND('',#2266,.T.);
#1713=FACE_OUTER_BOUND('',#2267,.T.);
#1714=FACE_OUTER_BOUND('',#2268,.T.);
#1715=FACE_OUTER_BOUND('',#2269,.T.);
#1716=FACE_OUTER_BOUND('',#2270,.T.);
#1717=FACE_OUTER_BOUND('',#2273,.T.);
#1718=FACE_OUTER_BOUND('',#2274,.T.);
#1719=FACE_OUTER_BOUND('',#2275,.T.);
#1720=FACE_OUTER_BOUND('',#2276,.T.);
#1721=FACE_OUTER_BOUND('',#2277,.T.);
#1722=FACE_OUTER_BOUND('',#2278,.T.);
#1723=FACE_OUTER_BOUND('',#2279,.T.);
#1724=FACE_OUTER_BOUND('',#2280,.T.);
#1725=FACE_OUTER_BOUND('',#2281,.T.);
#1726=FACE_OUTER_BOUND('',#2282,.T.);
#1727=FACE_OUTER_BOUND('',#2283,.T.);
#1728=FACE_OUTER_BOUND('',#2284,.T.);
#1729=FACE_OUTER_BOUND('',#2285,.T.);
#1730=FACE_OUTER_BOUND('',#2286,.T.);
#1731=FACE_OUTER_BOUND('',#2287,.T.);
#1732=FACE_OUTER_BOUND('',#2288,.T.);
#1733=FACE_OUTER_BOUND('',#2289,.T.);
#1734=FACE_OUTER_BOUND('',#2294,.T.);
#1735=FACE_OUTER_BOUND('',#2295,.T.);
#1736=FACE_OUTER_BOUND('',#2296,.T.);
#1737=FACE_OUTER_BOUND('',#2297,.T.);
#1738=FACE_OUTER_BOUND('',#2298,.T.);
#1739=FACE_OUTER_BOUND('',#2299,.T.);
#1740=FACE_OUTER_BOUND('',#2300,.T.);
#1741=FACE_OUTER_BOUND('',#2301,.T.);
#1742=FACE_OUTER_BOUND('',#2302,.T.);
#1743=FACE_OUTER_BOUND('',#2303,.T.);
#1744=FACE_OUTER_BOUND('',#2304,.T.);
#1745=FACE_OUTER_BOUND('',#2305,.T.);
#1746=FACE_OUTER_BOUND('',#2306,.T.);
#1747=FACE_OUTER_BOUND('',#2309,.T.);
#1748=FACE_OUTER_BOUND('',#2310,.T.);
#1749=FACE_OUTER_BOUND('',#2311,.T.);
#1750=FACE_OUTER_BOUND('',#2312,.T.);
#1751=FACE_OUTER_BOUND('',#2313,.T.);
#1752=FACE_OUTER_BOUND('',#2314,.T.);
#1753=FACE_OUTER_BOUND('',#2315,.T.);
#1754=FACE_OUTER_BOUND('',#2316,.T.);
#1755=FACE_OUTER_BOUND('',#2317,.T.);
#1756=FACE_OUTER_BOUND('',#2318,.T.);
#1757=EDGE_LOOP('',(#2556,#2557,#2558,#2559,#2560));
#1758=EDGE_LOOP('',(#2561,#2562,#2563,#2564,#2565));
#1759=EDGE_LOOP('',(#2566,#2567,#2568,#2569));
#1760=EDGE_LOOP('',(#2570,#2571,#2572,#2573,#2574,#2575,#2576,#2577,#2578,
#2579,#2580,#2581,#2582,#2583,#2584,#2585,#2586,#2587,#2588,#2589,#2590,
#2591,#2592,#2593,#2594,#2595,#2596,#2597,#2598,#2599,#2600,#2601,#2602));
#1761=EDGE_LOOP('',(#2603,#2604,#2605,#2606,#2607,#2608,#2609,#2610,#2611,
#2612,#2613,#2614,#2615,#2616,#2617,#2618));
#1762=EDGE_LOOP('',(#2619,#2620,#2621,#2622,#2623,#2624,#2625,#2626,#2627,
#2628,#2629,#2630,#2631,#2632,#2633,#2634,#2635,#2636,#2637,#2638));
#1763=EDGE_LOOP('',(#2639,#2640,#2641,#2642,#2643,#2644,#2645,#2646,#2647,
#2648,#2649,#2650,#2651,#2652,#2653,#2654,#2655,#2656,#2657,#2658));
#1764=EDGE_LOOP('',(#2659,#2660,#2661,#2662));
#1765=EDGE_LOOP('',(#2663,#2664,#2665,#2666,#2667,#2668,#2669,#2670));
#1766=EDGE_LOOP('',(#2671,#2672,#2673,#2674));
#1767=EDGE_LOOP('',(#2675,#2676,#2677,#2678,#2679,#2680,#2681,#2682));
#1768=EDGE_LOOP('',(#2683,#2684,#2685,#2686,#2687,#2688,#2689,#2690));
#1769=EDGE_LOOP('',(#2691,#2692,#2693,#2694,#2695,#2696,#2697,#2698));
#1770=EDGE_LOOP('',(#2699));
#1771=EDGE_LOOP('',(#2700));
#1772=EDGE_LOOP('',(#2701,#2702,#2703,#2704,#2705,#2706));
#1773=EDGE_LOOP('',(#2707,#2708,#2709,#2710,#2711,#2712));
#1774=EDGE_LOOP('',(#2713,#2714,#2715,#2716));
#1775=EDGE_LOOP('',(#2717,#2718,#2719,#2720,#2721,#2722,#2723,#2724,#2725,
#2726,#2727,#2728,#2729,#2730));
#1776=EDGE_LOOP('',(#2731,#2732,#2733,#2734,#2735,#2736));
#1777=EDGE_LOOP('',(#2737,#2738,#2739,#2740));
#1778=EDGE_LOOP('',(#2741,#2742,#2743,#2744));
#1779=EDGE_LOOP('',(#2745,#2746,#2747,#2748,#2749,#2750,#2751,#2752));
#1780=EDGE_LOOP('',(#2753,#2754,#2755,#2756));
#1781=EDGE_LOOP('',(#2757,#2758,#2759,#2760));
#1782=EDGE_LOOP('',(#2761,#2762,#2763,#2764));
#1783=EDGE_LOOP('',(#2765,#2766,#2767,#2768));
#1784=EDGE_LOOP('',(#2769,#2770,#2771,#2772,#2773));
#1785=EDGE_LOOP('',(#2774,#2775,#2776,#2777,#2778));
#1786=EDGE_LOOP('',(#2779,#2780,#2781,#2782));
#1787=EDGE_LOOP('',(#2783,#2784,#2785,#2786));
#1788=EDGE_LOOP('',(#2787,#2788,#2789,#2790));
#1789=EDGE_LOOP('',(#2791,#2792,#2793,#2794,#2795));
#1790=EDGE_LOOP('',(#2796,#2797,#2798,#2799,#2800));
#1791=EDGE_LOOP('',(#2801,#2802,#2803,#2804));
#1792=EDGE_LOOP('',(#2805,#2806,#2807,#2808));
#1793=EDGE_LOOP('',(#2809,#2810,#2811,#2812));
#1794=EDGE_LOOP('',(#2813,#2814,#2815,#2816,#2817));
#1795=EDGE_LOOP('',(#2818,#2819,#2820,#2821,#2822));
#1796=EDGE_LOOP('',(#2823,#2824,#2825,#2826,#2827));
#1797=EDGE_LOOP('',(#2828,#2829,#2830,#2831));
#1798=EDGE_LOOP('',(#2832,#2833,#2834,#2835));
#1799=EDGE_LOOP('',(#2836,#2837,#2838,#2839,#2840));
#1800=EDGE_LOOP('',(#2841,#2842,#2843,#2844,#2845));
#1801=EDGE_LOOP('',(#2846,#2847,#2848,#2849,#2850,#2851,#2852));
#1802=EDGE_LOOP('',(#2853,#2854,#2855,#2856));
#1803=EDGE_LOOP('',(#2857,#2858,#2859,#2860,#2861,#2862,#2863));
#1804=EDGE_LOOP('',(#2864,#2865,#2866,#2867));
#1805=EDGE_LOOP('',(#2868,#2869,#2870,#2871,#2872));
#1806=EDGE_LOOP('',(#2873,#2874,#2875,#2876,#2877));
#1807=EDGE_LOOP('',(#2878,#2879,#2880,#2881));
#1808=EDGE_LOOP('',(#2882,#2883,#2884));
#1809=EDGE_LOOP('',(#2885,#2886,#2887,#2888));
#1810=EDGE_LOOP('',(#2889,#2890,#2891,#2892));
#1811=EDGE_LOOP('',(#2893,#2894,#2895,#2896));
#1812=EDGE_LOOP('',(#2897,#2898,#2899,#2900));
#1813=EDGE_LOOP('',(#2901,#2902,#2903));
#1814=EDGE_LOOP('',(#2904,#2905,#2906));
#1815=EDGE_LOOP('',(#2907,#2908,#2909,#2910));
#1816=EDGE_LOOP('',(#2911,#2912,#2913,#2914));
#1817=EDGE_LOOP('',(#2915,#2916,#2917,#2918,#2919,#2920));
#1818=EDGE_LOOP('',(#2921,#2922,#2923,#2924,#2925,#2926,#2927,#2928,#2929,
#2930));
#1819=EDGE_LOOP('',(#2931,#2932,#2933,#2934,#2935,#2936,#2937,#2938,#2939,
#2940));
#1820=EDGE_LOOP('',(#2941,#2942,#2943,#2944,#2945,#2946));
#1821=EDGE_LOOP('',(#2947,#2948,#2949,#2950));
#1822=EDGE_LOOP('',(#2951,#2952,#2953,#2954));
#1823=EDGE_LOOP('',(#2955,#2956,#2957,#2958));
#1824=EDGE_LOOP('',(#2959,#2960,#2961,#2962));
#1825=EDGE_LOOP('',(#2963,#2964,#2965,#2966));
#1826=EDGE_LOOP('',(#2967,#2968,#2969,#2970));
#1827=EDGE_LOOP('',(#2971,#2972,#2973,#2974));
#1828=EDGE_LOOP('',(#2975,#2976,#2977,#2978));
#1829=EDGE_LOOP('',(#2979,#2980,#2981,#2982));
#1830=EDGE_LOOP('',(#2983,#2984,#2985,#2986));
#1831=EDGE_LOOP('',(#2987,#2988,#2989,#2990));
#1832=EDGE_LOOP('',(#2991,#2992,#2993,#2994));
#1833=EDGE_LOOP('',(#2995,#2996,#2997,#2998));
#1834=EDGE_LOOP('',(#2999,#3000,#3001,#3002));
#1835=EDGE_LOOP('',(#3003,#3004,#3005,#3006));
#1836=EDGE_LOOP('',(#3007,#3008,#3009,#3010));
#1837=EDGE_LOOP('',(#3011,#3012,#3013,#3014));
#1838=EDGE_LOOP('',(#3015,#3016,#3017,#3018));
#1839=EDGE_LOOP('',(#3019,#3020,#3021,#3022));
#1840=EDGE_LOOP('',(#3023,#3024,#3025,#3026));
#1841=EDGE_LOOP('',(#3027));
#1842=EDGE_LOOP('',(#3028,#3029,#3030,#3031,#3032,#3033));
#1843=EDGE_LOOP('',(#3034,#3035,#3036,#3037));
#1844=EDGE_LOOP('',(#3038,#3039,#3040,#3041));
#1845=EDGE_LOOP('',(#3042,#3043,#3044,#3045,#3046));
#1846=EDGE_LOOP('',(#3047,#3048,#3049,#3050,#3051));
#1847=EDGE_LOOP('',(#3052));
#1848=EDGE_LOOP('',(#3053,#3054,#3055,#3056,#3057));
#1849=EDGE_LOOP('',(#3058));
#1850=EDGE_LOOP('',(#3059));
#1851=EDGE_LOOP('',(#3060));
#1852=EDGE_LOOP('',(#3061));
#1853=EDGE_LOOP('',(#3062));
#1854=EDGE_LOOP('',(#3063));
#1855=EDGE_LOOP('',(#3064));
#1856=EDGE_LOOP('',(#3065));
#1857=EDGE_LOOP('',(#3066));
#1858=EDGE_LOOP('',(#3067));
#1859=EDGE_LOOP('',(#3068));
#1860=EDGE_LOOP('',(#3069));
#1861=EDGE_LOOP('',(#3070));
#1862=EDGE_LOOP('',(#3071,#3072,#3073,#3074));
#1863=EDGE_LOOP('',(#3075,#3076,#3077,#3078));
#1864=EDGE_LOOP('',(#3079,#3080,#3081,#3082));
#1865=EDGE_LOOP('',(#3083,#3084,#3085,#3086));
#1866=EDGE_LOOP('',(#3087,#3088,#3089,#3090));
#1867=EDGE_LOOP('',(#3091,#3092,#3093,#3094));
#1868=EDGE_LOOP('',(#3095,#3096,#3097,#3098));
#1869=EDGE_LOOP('',(#3099,#3100,#3101,#3102));
#1870=EDGE_LOOP('',(#3103,#3104,#3105,#3106));
#1871=EDGE_LOOP('',(#3107));
#1872=EDGE_LOOP('',(#3108));
#1873=EDGE_LOOP('',(#3109));
#1874=EDGE_LOOP('',(#3110,#3111,#3112,#3113));
#1875=EDGE_LOOP('',(#3114,#3115,#3116,#3117));
#1876=EDGE_LOOP('',(#3118,#3119,#3120,#3121));
#1877=EDGE_LOOP('',(#3122,#3123,#3124,#3125));
#1878=EDGE_LOOP('',(#3126,#3127,#3128,#3129));
#1879=EDGE_LOOP('',(#3130,#3131,#3132,#3133));
#1880=EDGE_LOOP('',(#3134,#3135,#3136,#3137));
#1881=EDGE_LOOP('',(#3138,#3139,#3140,#3141));
#1882=EDGE_LOOP('',(#3142,#3143,#3144,#3145));
#1883=EDGE_LOOP('',(#3146,#3147,#3148,#3149));
#1884=EDGE_LOOP('',(#3150,#3151,#3152,#3153));
#1885=EDGE_LOOP('',(#3154,#3155,#3156,#3157));
#1886=EDGE_LOOP('',(#3158,#3159,#3160,#3161));
#1887=EDGE_LOOP('',(#3162,#3163,#3164,#3165,#3166,#3167,#3168));
#1888=EDGE_LOOP('',(#3169,#3170,#3171,#3172));
#1889=EDGE_LOOP('',(#3173,#3174,#3175,#3176));
#1890=EDGE_LOOP('',(#3177,#3178,#3179,#3180));
#1891=EDGE_LOOP('',(#3181,#3182,#3183,#3184));
#1892=EDGE_LOOP('',(#3185,#3186,#3187,#3188));
#1893=EDGE_LOOP('',(#3189,#3190,#3191,#3192));
#1894=EDGE_LOOP('',(#3193,#3194,#3195,#3196,#3197,#3198,#3199));
#1895=EDGE_LOOP('',(#3200,#3201,#3202,#3203));
#1896=EDGE_LOOP('',(#3204,#3205,#3206,#3207));
#1897=EDGE_LOOP('',(#3208,#3209,#3210,#3211));
#1898=EDGE_LOOP('',(#3212,#3213,#3214,#3215));
#1899=EDGE_LOOP('',(#3216,#3217,#3218,#3219));
#1900=EDGE_LOOP('',(#3220,#3221,#3222,#3223,#3224,#3225,#3226,#3227,#3228,
#3229,#3230,#3231));
#1901=EDGE_LOOP('',(#3232));
#1902=EDGE_LOOP('',(#3233,#3234,#3235,#3236,#3237,#3238,#3239,#3240,#3241,
#3242,#3243,#3244,#3245,#3246,#3247,#3248));
#1903=EDGE_LOOP('',(#3249));
#1904=EDGE_LOOP('',(#3250,#3251,#3252,#3253,#3254,#3255,#3256,#3257,#3258,
#3259,#3260,#3261,#3262,#3263,#3264,#3265));
#1905=EDGE_LOOP('',(#3266,#3267,#3268,#3269));
#1906=EDGE_LOOP('',(#3270,#3271,#3272,#3273));
#1907=EDGE_LOOP('',(#3274,#3275,#3276,#3277));
#1908=EDGE_LOOP('',(#3278,#3279,#3280,#3281));
#1909=EDGE_LOOP('',(#3282,#3283,#3284,#3285));
#1910=EDGE_LOOP('',(#3286,#3287,#3288,#3289));
#1911=EDGE_LOOP('',(#3290,#3291,#3292,#3293));
#1912=EDGE_LOOP('',(#3294,#3295,#3296,#3297));
#1913=EDGE_LOOP('',(#3298,#3299,#3300,#3301));
#1914=EDGE_LOOP('',(#3302,#3303,#3304,#3305));
#1915=EDGE_LOOP('',(#3306,#3307,#3308,#3309));
#1916=EDGE_LOOP('',(#3310,#3311,#3312,#3313));
#1917=EDGE_LOOP('',(#3314,#3315,#3316,#3317));
#1918=EDGE_LOOP('',(#3318,#3319,#3320,#3321));
#1919=EDGE_LOOP('',(#3322,#3323,#3324,#3325));
#1920=EDGE_LOOP('',(#3326));
#1921=EDGE_LOOP('',(#3327));
#1922=EDGE_LOOP('',(#3328,#3329,#3330,#3331));
#1923=EDGE_LOOP('',(#3332,#3333,#3334,#3335));
#1924=EDGE_LOOP('',(#3336,#3337,#3338,#3339));
#1925=EDGE_LOOP('',(#3340,#3341,#3342,#3343));
#1926=EDGE_LOOP('',(#3344,#3345,#3346,#3347));
#1927=EDGE_LOOP('',(#3348,#3349,#3350,#3351));
#1928=EDGE_LOOP('',(#3352,#3353,#3354,#3355));
#1929=EDGE_LOOP('',(#3356,#3357,#3358,#3359));
#1930=EDGE_LOOP('',(#3360,#3361,#3362,#3363));
#1931=EDGE_LOOP('',(#3364));
#1932=EDGE_LOOP('',(#3365,#3366,#3367,#3368,#3369,#3370,#3371,#3372,#3373,
#3374,#3375,#3376,#3377,#3378));
#1933=EDGE_LOOP('',(#3379));
#1934=EDGE_LOOP('',(#3380,#3381,#3382,#3383,#3384,#3385,#3386,#3387,#3388,
#3389,#3390,#3391,#3392,#3393));
#1935=EDGE_LOOP('',(#3394,#3395,#3396,#3397));
#1936=EDGE_LOOP('',(#3398,#3399,#3400,#3401));
#1937=EDGE_LOOP('',(#3402,#3403,#3404,#3405));
#1938=EDGE_LOOP('',(#3406,#3407,#3408,#3409));
#1939=EDGE_LOOP('',(#3410,#3411,#3412,#3413));
#1940=EDGE_LOOP('',(#3414,#3415,#3416,#3417));
#1941=EDGE_LOOP('',(#3418,#3419,#3420,#3421));
#1942=EDGE_LOOP('',(#3422,#3423,#3424,#3425));
#1943=EDGE_LOOP('',(#3426,#3427,#3428,#3429));
#1944=EDGE_LOOP('',(#3430));
#1945=EDGE_LOOP('',(#3431));
#1946=EDGE_LOOP('',(#3432,#3433,#3434,#3435));
#1947=EDGE_LOOP('',(#3436,#3437,#3438,#3439));
#1948=EDGE_LOOP('',(#3440,#3441,#3442,#3443,#3444,#3445));
#1949=EDGE_LOOP('',(#3446,#3447,#3448,#3449,#3450,#3451));
#1950=EDGE_LOOP('',(#3452,#3453,#3454,#3455));
#1951=EDGE_LOOP('',(#3456,#3457,#3458,#3459));
#1952=EDGE_LOOP('',(#3460,#3461,#3462,#3463));
#1953=EDGE_LOOP('',(#3464,#3465,#3466,#3467));
#1954=EDGE_LOOP('',(#3468,#3469,#3470,#3471));
#1955=EDGE_LOOP('',(#3472,#3473,#3474,#3475));
#1956=EDGE_LOOP('',(#3476,#3477,#3478,#3479));
#1957=EDGE_LOOP('',(#3480,#3481,#3482,#3483));
#1958=EDGE_LOOP('',(#3484,#3485,#3486,#3487));
#1959=EDGE_LOOP('',(#3488,#3489,#3490,#3491));
#1960=EDGE_LOOP('',(#3492,#3493,#3494,#3495));
#1961=EDGE_LOOP('',(#3496,#3497,#3498,#3499));
#1962=EDGE_LOOP('',(#3500,#3501,#3502,#3503));
#1963=EDGE_LOOP('',(#3504,#3505,#3506,#3507));
#1964=EDGE_LOOP('',(#3508,#3509,#3510,#3511));
#1965=EDGE_LOOP('',(#3512,#3513,#3514,#3515));
#1966=EDGE_LOOP('',(#3516,#3517,#3518,#3519));
#1967=EDGE_LOOP('',(#3520,#3521,#3522,#3523));
#1968=EDGE_LOOP('',(#3524,#3525,#3526,#3527));
#1969=EDGE_LOOP('',(#3528,#3529,#3530,#3531));
#1970=EDGE_LOOP('',(#3532,#3533,#3534,#3535));
#1971=EDGE_LOOP('',(#3536,#3537,#3538,#3539));
#1972=EDGE_LOOP('',(#3540,#3541,#3542,#3543));
#1973=EDGE_LOOP('',(#3544,#3545,#3546,#3547));
#1974=EDGE_LOOP('',(#3548,#3549,#3550,#3551));
#1975=EDGE_LOOP('',(#3552,#3553,#3554,#3555));
#1976=EDGE_LOOP('',(#3556,#3557,#3558,#3559));
#1977=EDGE_LOOP('',(#3560,#3561,#3562,#3563));
#1978=EDGE_LOOP('',(#3564,#3565,#3566,#3567));
#1979=EDGE_LOOP('',(#3568,#3569,#3570,#3571));
#1980=EDGE_LOOP('',(#3572,#3573,#3574,#3575));
#1981=EDGE_LOOP('',(#3576,#3577,#3578,#3579));
#1982=EDGE_LOOP('',(#3580,#3581,#3582,#3583));
#1983=EDGE_LOOP('',(#3584,#3585,#3586,#3587));
#1984=EDGE_LOOP('',(#3588,#3589,#3590,#3591,#3592,#3593,#3594,#3595));
#1985=EDGE_LOOP('',(#3596,#3597,#3598,#3599,#3600,#3601,#3602,#3603));
#1986=EDGE_LOOP('',(#3604,#3605,#3606,#3607,#3608,#3609,#3610,#3611));
#1987=EDGE_LOOP('',(#3612,#3613,#3614,#3615,#3616,#3617,#3618,#3619,#3620));
#1988=EDGE_LOOP('',(#3621,#3622,#3623,#3624,#3625,#3626,#3627,#3628));
#1989=EDGE_LOOP('',(#3629,#3630,#3631,#3632,#3633,#3634,#3635,#3636));
#1990=EDGE_LOOP('',(#3637,#3638,#3639,#3640,#3641,#3642,#3643));
#1991=EDGE_LOOP('',(#3644,#3645,#3646,#3647,#3648,#3649,#3650,#3651));
#1992=EDGE_LOOP('',(#3652,#3653,#3654,#3655,#3656,#3657));
#1993=EDGE_LOOP('',(#3658,#3659,#3660,#3661,#3662,#3663,#3664,#3665,#3666,
#3667,#3668,#3669,#3670,#3671,#3672,#3673,#3674,#3675,#3676,#3677,#3678,
#3679,#3680,#3681));
#1994=EDGE_LOOP('',(#3682,#3683,#3684,#3685,#3686,#3687,#3688,#3689,#3690,
#3691,#3692,#3693,#3694,#3695,#3696,#3697));
#1995=EDGE_LOOP('',(#3698,#3699,#3700,#3701));
#1996=EDGE_LOOP('',(#3702,#3703,#3704,#3705));
#1997=EDGE_LOOP('',(#3706,#3707,#3708,#3709));
#1998=EDGE_LOOP('',(#3710,#3711,#3712,#3713));
#1999=EDGE_LOOP('',(#3714,#3715,#3716,#3717));
#2000=EDGE_LOOP('',(#3718,#3719,#3720,#3721,#3722,#3723,#3724,#3725,#3726,
#3727,#3728,#3729,#3730,#3731,#3732,#3733,#3734,#3735,#3736,#3737));
#2001=EDGE_LOOP('',(#3738,#3739,#3740,#3741));
#2002=EDGE_LOOP('',(#3742,#3743,#3744,#3745));
#2003=EDGE_LOOP('',(#3746,#3747,#3748,#3749));
#2004=EDGE_LOOP('',(#3750,#3751,#3752,#3753));
#2005=EDGE_LOOP('',(#3754,#3755,#3756,#3757,#3758,#3759));
#2006=EDGE_LOOP('',(#3760,#3761,#3762,#3763,#3764,#3765,#3766,#3767,#3768));
#2007=EDGE_LOOP('',(#3769,#3770,#3771,#3772));
#2008=EDGE_LOOP('',(#3773,#3774,#3775,#3776));
#2009=EDGE_LOOP('',(#3777,#3778,#3779,#3780,#3781,#3782,#3783,#3784,#3785));
#2010=EDGE_LOOP('',(#3786,#3787,#3788,#3789,#3790,#3791));
#2011=EDGE_LOOP('',(#3792,#3793,#3794,#3795));
#2012=EDGE_LOOP('',(#3796,#3797,#3798,#3799));
#2013=EDGE_LOOP('',(#3800,#3801,#3802,#3803,#3804,#3805));
#2014=EDGE_LOOP('',(#3806,#3807,#3808,#3809,#3810,#3811));
#2015=EDGE_LOOP('',(#3812,#3813,#3814,#3815));
#2016=EDGE_LOOP('',(#3816));
#2017=EDGE_LOOP('',(#3817,#3818,#3819,#3820));
#2018=EDGE_LOOP('',(#3821,#3822,#3823,#3824));
#2019=EDGE_LOOP('',(#3825,#3826,#3827,#3828));
#2020=EDGE_LOOP('',(#3829,#3830,#3831,#3832));
#2021=EDGE_LOOP('',(#3833,#3834,#3835,#3836));
#2022=EDGE_LOOP('',(#3837,#3838,#3839,#3840,#3841,#3842,#3843,#3844,#3845,
#3846,#3847,#3848,#3849,#3850,#3851,#3852,#3853,#3854,#3855,#3856,#3857,
#3858,#3859,#3860));
#2023=EDGE_LOOP('',(#3861,#3862,#3863,#3864));
#2024=EDGE_LOOP('',(#3865,#3866,#3867,#3868));
#2025=EDGE_LOOP('',(#3869,#3870,#3871,#3872));
#2026=EDGE_LOOP('',(#3873,#3874,#3875,#3876));
#2027=EDGE_LOOP('',(#3877,#3878,#3879,#3880));
#2028=EDGE_LOOP('',(#3881,#3882,#3883,#3884));
#2029=EDGE_LOOP('',(#3885,#3886,#3887,#3888,#3889,#3890,#3891,#3892));
#2030=EDGE_LOOP('',(#3893,#3894,#3895,#3896));
#2031=EDGE_LOOP('',(#3897,#3898,#3899,#3900));
#2032=EDGE_LOOP('',(#3901,#3902,#3903,#3904));
#2033=EDGE_LOOP('',(#3905,#3906,#3907,#3908,#3909,#3910,#3911,#3912));
#2034=EDGE_LOOP('',(#3913,#3914,#3915,#3916));
#2035=EDGE_LOOP('',(#3917,#3918,#3919,#3920));
#2036=EDGE_LOOP('',(#3921,#3922,#3923,#3924));
#2037=EDGE_LOOP('',(#3925,#3926,#3927,#3928));
#2038=EDGE_LOOP('',(#3929,#3930,#3931,#3932));
#2039=EDGE_LOOP('',(#3933,#3934,#3935,#3936,#3937,#3938,#3939,#3940,#3941,
#3942,#3943,#3944,#3945,#3946,#3947,#3948,#3949,#3950,#3951,#3952));
#2040=EDGE_LOOP('',(#3953));
#2041=EDGE_LOOP('',(#3954,#3955,#3956,#3957,#3958,#3959,#3960,#3961));
#2042=EDGE_LOOP('',(#3962,#3963,#3964,#3965));
#2043=EDGE_LOOP('',(#3966,#3967,#3968,#3969,#3970,#3971,#3972,#3973));
#2044=EDGE_LOOP('',(#3974,#3975,#3976,#3977));
#2045=EDGE_LOOP('',(#3978,#3979,#3980,#3981));
#2046=EDGE_LOOP('',(#3982,#3983,#3984,#3985));
#2047=EDGE_LOOP('',(#3986,#3987,#3988,#3989,#3990));
#2048=EDGE_LOOP('',(#3991,#3992,#3993,#3994,#3995));
#2049=EDGE_LOOP('',(#3996,#3997,#3998,#3999));
#2050=EDGE_LOOP('',(#4000,#4001,#4002));
#2051=EDGE_LOOP('',(#4003,#4004,#4005,#4006));
#2052=EDGE_LOOP('',(#4007,#4008,#4009,#4010));
#2053=EDGE_LOOP('',(#4011,#4012,#4013));
#2054=EDGE_LOOP('',(#4014,#4015,#4016));
#2055=EDGE_LOOP('',(#4017,#4018,#4019,#4020));
#2056=EDGE_LOOP('',(#4021,#4022,#4023,#4024));
#2057=EDGE_LOOP('',(#4025,#4026,#4027));
#2058=EDGE_LOOP('',(#4028,#4029,#4030,#4031));
#2059=EDGE_LOOP('',(#4032,#4033,#4034,#4035));
#2060=EDGE_LOOP('',(#4036,#4037,#4038,#4039));
#2061=EDGE_LOOP('',(#4040,#4041,#4042,#4043));
#2062=EDGE_LOOP('',(#4044,#4045,#4046,#4047));
#2063=EDGE_LOOP('',(#4048,#4049,#4050,#4051));
#2064=EDGE_LOOP('',(#4052,#4053,#4054,#4055));
#2065=EDGE_LOOP('',(#4056,#4057,#4058,#4059));
#2066=EDGE_LOOP('',(#4060,#4061,#4062,#4063,#4064));
#2067=EDGE_LOOP('',(#4065,#4066,#4067,#4068));
#2068=EDGE_LOOP('',(#4069,#4070,#4071,#4072));
#2069=EDGE_LOOP('',(#4073,#4074,#4075,#4076));
#2070=EDGE_LOOP('',(#4077,#4078,#4079,#4080));
#2071=EDGE_LOOP('',(#4081,#4082,#4083,#4084));
#2072=EDGE_LOOP('',(#4085,#4086,#4087,#4088));
#2073=EDGE_LOOP('',(#4089,#4090,#4091,#4092));
#2074=EDGE_LOOP('',(#4093,#4094,#4095,#4096));
#2075=EDGE_LOOP('',(#4097,#4098,#4099,#4100,#4101));
#2076=EDGE_LOOP('',(#4102,#4103,#4104,#4105));
#2077=EDGE_LOOP('',(#4106,#4107,#4108,#4109));
#2078=EDGE_LOOP('',(#4110,#4111,#4112,#4113));
#2079=EDGE_LOOP('',(#4114,#4115,#4116,#4117));
#2080=EDGE_LOOP('',(#4118,#4119,#4120,#4121));
#2081=EDGE_LOOP('',(#4122,#4123,#4124,#4125));
#2082=EDGE_LOOP('',(#4126,#4127,#4128,#4129));
#2083=EDGE_LOOP('',(#4130,#4131,#4132,#4133));
#2084=EDGE_LOOP('',(#4134,#4135,#4136,#4137));
#2085=EDGE_LOOP('',(#4138,#4139,#4140,#4141));
#2086=EDGE_LOOP('',(#4142,#4143,#4144,#4145));
#2087=EDGE_LOOP('',(#4146,#4147,#4148,#4149));
#2088=EDGE_LOOP('',(#4150,#4151,#4152,#4153));
#2089=EDGE_LOOP('',(#4154,#4155,#4156,#4157));
#2090=EDGE_LOOP('',(#4158,#4159,#4160,#4161,#4162,#4163));
#2091=EDGE_LOOP('',(#4164,#4165,#4166,#4167,#4168,#4169));
#2092=EDGE_LOOP('',(#4170,#4171,#4172,#4173,#4174,#4175,#4176));
#2093=EDGE_LOOP('',(#4177,#4178,#4179,#4180,#4181,#4182,#4183));
#2094=EDGE_LOOP('',(#4184));
#2095=EDGE_LOOP('',(#4185));
#2096=EDGE_LOOP('',(#4186));
#2097=EDGE_LOOP('',(#4187));
#2098=EDGE_LOOP('',(#4188));
#2099=EDGE_LOOP('',(#4189));
#2100=EDGE_LOOP('',(#4190,#4191,#4192,#4193));
#2101=EDGE_LOOP('',(#4194,#4195,#4196,#4197));
#2102=EDGE_LOOP('',(#4198,#4199,#4200,#4201));
#2103=EDGE_LOOP('',(#4202,#4203,#4204,#4205));
#2104=EDGE_LOOP('',(#4206,#4207,#4208,#4209));
#2105=EDGE_LOOP('',(#4210,#4211,#4212,#4213));
#2106=EDGE_LOOP('',(#4214,#4215,#4216,#4217));
#2107=EDGE_LOOP('',(#4218,#4219,#4220,#4221));
#2108=EDGE_LOOP('',(#4222,#4223,#4224,#4225));
#2109=EDGE_LOOP('',(#4226,#4227,#4228,#4229));
#2110=EDGE_LOOP('',(#4230,#4231,#4232,#4233));
#2111=EDGE_LOOP('',(#4234,#4235,#4236,#4237));
#2112=EDGE_LOOP('',(#4238,#4239,#4240,#4241));
#2113=EDGE_LOOP('',(#4242,#4243,#4244,#4245));
#2114=EDGE_LOOP('',(#4246,#4247,#4248,#4249,#4250,#4251));
#2115=EDGE_LOOP('',(#4252,#4253,#4254,#4255));
#2116=EDGE_LOOP('',(#4256,#4257,#4258,#4259));
#2117=EDGE_LOOP('',(#4260,#4261,#4262,#4263));
#2118=EDGE_LOOP('',(#4264,#4265,#4266,#4267));
#2119=EDGE_LOOP('',(#4268,#4269,#4270,#4271));
#2120=EDGE_LOOP('',(#4272,#4273,#4274,#4275));
#2121=EDGE_LOOP('',(#4276,#4277,#4278,#4279));
#2122=EDGE_LOOP('',(#4280,#4281,#4282,#4283));
#2123=EDGE_LOOP('',(#4284,#4285,#4286,#4287));
#2124=EDGE_LOOP('',(#4288,#4289,#4290,#4291));
#2125=EDGE_LOOP('',(#4292,#4293,#4294,#4295));
#2126=EDGE_LOOP('',(#4296,#4297,#4298,#4299));
#2127=EDGE_LOOP('',(#4300,#4301,#4302,#4303));
#2128=EDGE_LOOP('',(#4304,#4305,#4306,#4307));
#2129=EDGE_LOOP('',(#4308,#4309,#4310,#4311));
#2130=EDGE_LOOP('',(#4312,#4313,#4314,#4315));
#2131=EDGE_LOOP('',(#4316,#4317,#4318,#4319));
#2132=EDGE_LOOP('',(#4320,#4321,#4322,#4323));
#2133=EDGE_LOOP('',(#4324,#4325,#4326,#4327));
#2134=EDGE_LOOP('',(#4328,#4329,#4330,#4331));
#2135=EDGE_LOOP('',(#4332,#4333,#4334,#4335));
#2136=EDGE_LOOP('',(#4336,#4337,#4338,#4339,#4340));
#2137=EDGE_LOOP('',(#4341,#4342,#4343,#4344,#4345));
#2138=EDGE_LOOP('',(#4346,#4347,#4348,#4349));
#2139=EDGE_LOOP('',(#4350,#4351,#4352,#4353));
#2140=EDGE_LOOP('',(#4354,#4355,#4356,#4357));
#2141=EDGE_LOOP('',(#4358,#4359,#4360,#4361));
#2142=EDGE_LOOP('',(#4362,#4363,#4364,#4365));
#2143=EDGE_LOOP('',(#4366,#4367,#4368,#4369));
#2144=EDGE_LOOP('',(#4370,#4371,#4372,#4373));
#2145=EDGE_LOOP('',(#4374,#4375,#4376,#4377,#4378,#4379));
#2146=EDGE_LOOP('',(#4380,#4381,#4382,#4383));
#2147=EDGE_LOOP('',(#4384,#4385,#4386,#4387));
#2148=EDGE_LOOP('',(#4388,#4389,#4390,#4391));
#2149=EDGE_LOOP('',(#4392,#4393,#4394,#4395));
#2150=EDGE_LOOP('',(#4396,#4397,#4398,#4399));
#2151=EDGE_LOOP('',(#4400,#4401,#4402,#4403));
#2152=EDGE_LOOP('',(#4404,#4405,#4406,#4407));
#2153=EDGE_LOOP('',(#4408,#4409,#4410,#4411,#4412,#4413,#4414));
#2154=EDGE_LOOP('',(#4415,#4416,#4417,#4418));
#2155=EDGE_LOOP('',(#4419,#4420,#4421,#4422));
#2156=EDGE_LOOP('',(#4423,#4424,#4425,#4426));
#2157=EDGE_LOOP('',(#4427,#4428,#4429,#4430));
#2158=EDGE_LOOP('',(#4431,#4432,#4433,#4434));
#2159=EDGE_LOOP('',(#4435,#4436,#4437,#4438));
#2160=EDGE_LOOP('',(#4439,#4440,#4441,#4442));
#2161=EDGE_LOOP('',(#4443,#4444,#4445,#4446));
#2162=EDGE_LOOP('',(#4447,#4448,#4449,#4450));
#2163=EDGE_LOOP('',(#4451,#4452,#4453,#4454));
#2164=EDGE_LOOP('',(#4455,#4456,#4457,#4458));
#2165=EDGE_LOOP('',(#4459,#4460,#4461,#4462));
#2166=EDGE_LOOP('',(#4463,#4464,#4465,#4466,#4467,#4468,#4469,#4470,#4471));
#2167=EDGE_LOOP('',(#4472,#4473,#4474));
#2168=EDGE_LOOP('',(#4475,#4476,#4477));
#2169=EDGE_LOOP('',(#4478,#4479,#4480,#4481));
#2170=EDGE_LOOP('',(#4482,#4483,#4484,#4485));
#2171=EDGE_LOOP('',(#4486,#4487,#4488,#4489));
#2172=EDGE_LOOP('',(#4490,#4491,#4492,#4493));
#2173=EDGE_LOOP('',(#4494,#4495,#4496,#4497));
#2174=EDGE_LOOP('',(#4498,#4499,#4500,#4501));
#2175=EDGE_LOOP('',(#4502,#4503,#4504,#4505));
#2176=EDGE_LOOP('',(#4506,#4507,#4508,#4509));
#2177=EDGE_LOOP('',(#4510,#4511,#4512,#4513,#4514,#4515,#4516,#4517));
#2178=EDGE_LOOP('',(#4518,#4519,#4520,#4521));
#2179=EDGE_LOOP('',(#4522,#4523,#4524,#4525));
#2180=EDGE_LOOP('',(#4526,#4527,#4528,#4529));
#2181=EDGE_LOOP('',(#4530,#4531,#4532,#4533));
#2182=EDGE_LOOP('',(#4534,#4535,#4536,#4537));
#2183=EDGE_LOOP('',(#4538,#4539,#4540,#4541));
#2184=EDGE_LOOP('',(#4542,#4543,#4544,#4545));
#2185=EDGE_LOOP('',(#4546,#4547,#4548,#4549));
#2186=EDGE_LOOP('',(#4550,#4551,#4552,#4553,#4554,#4555,#4556,#4557));
#2187=EDGE_LOOP('',(#4558,#4559,#4560,#4561));
#2188=EDGE_LOOP('',(#4562,#4563,#4564,#4565));
#2189=EDGE_LOOP('',(#4566,#4567,#4568,#4569));
#2190=EDGE_LOOP('',(#4570,#4571,#4572,#4573));
#2191=EDGE_LOOP('',(#4574,#4575,#4576,#4577));
#2192=EDGE_LOOP('',(#4578,#4579,#4580,#4581));
#2193=EDGE_LOOP('',(#4582,#4583,#4584,#4585));
#2194=EDGE_LOOP('',(#4586,#4587,#4588,#4589));
#2195=EDGE_LOOP('',(#4590,#4591,#4592,#4593));
#2196=EDGE_LOOP('',(#4594,#4595,#4596,#4597));
#2197=EDGE_LOOP('',(#4598,#4599,#4600,#4601));
#2198=EDGE_LOOP('',(#4602,#4603,#4604,#4605));
#2199=EDGE_LOOP('',(#4606,#4607,#4608,#4609));
#2200=EDGE_LOOP('',(#4610,#4611,#4612,#4613));
#2201=EDGE_LOOP('',(#4614,#4615,#4616,#4617));
#2202=EDGE_LOOP('',(#4618,#4619,#4620,#4621));
#2203=EDGE_LOOP('',(#4622,#4623,#4624,#4625));
#2204=EDGE_LOOP('',(#4626,#4627,#4628,#4629));
#2205=EDGE_LOOP('',(#4630,#4631,#4632,#4633));
#2206=EDGE_LOOP('',(#4634,#4635,#4636,#4637));
#2207=EDGE_LOOP('',(#4638,#4639,#4640,#4641));
#2208=EDGE_LOOP('',(#4642,#4643,#4644,#4645));
#2209=EDGE_LOOP('',(#4646,#4647,#4648,#4649));
#2210=EDGE_LOOP('',(#4650,#4651,#4652,#4653));
#2211=EDGE_LOOP('',(#4654,#4655,#4656,#4657));
#2212=EDGE_LOOP('',(#4658,#4659,#4660,#4661));
#2213=EDGE_LOOP('',(#4662,#4663,#4664,#4665));
#2214=EDGE_LOOP('',(#4666,#4667,#4668,#4669));
#2215=EDGE_LOOP('',(#4670,#4671,#4672,#4673));
#2216=EDGE_LOOP('',(#4674,#4675,#4676,#4677));
#2217=EDGE_LOOP('',(#4678,#4679,#4680,#4681));
#2218=EDGE_LOOP('',(#4682));
#2219=EDGE_LOOP('',(#4683,#4684,#4685,#4686,#4687,#4688,#4689,#4690,#4691,
#4692,#4693,#4694,#4695,#4696,#4697,#4698,#4699,#4700,#4701,#4702));
#2220=EDGE_LOOP('',(#4703));
#2221=EDGE_LOOP('',(#4704,#4705,#4706,#4707,#4708,#4709,#4710,#4711,#4712,
#4713,#4714,#4715,#4716,#4717,#4718,#4719,#4720,#4721,#4722,#4723));
#2222=EDGE_LOOP('',(#4724,#4725,#4726,#4727));
#2223=EDGE_LOOP('',(#4728,#4729,#4730,#4731));
#2224=EDGE_LOOP('',(#4732,#4733,#4734,#4735));
#2225=EDGE_LOOP('',(#4736,#4737,#4738,#4739));
#2226=EDGE_LOOP('',(#4740,#4741,#4742,#4743));
#2227=EDGE_LOOP('',(#4744,#4745,#4746,#4747));
#2228=EDGE_LOOP('',(#4748,#4749,#4750,#4751));
#2229=EDGE_LOOP('',(#4752,#4753,#4754,#4755));
#2230=EDGE_LOOP('',(#4756,#4757,#4758,#4759));
#2231=EDGE_LOOP('',(#4760,#4761,#4762,#4763));
#2232=EDGE_LOOP('',(#4764,#4765,#4766,#4767));
#2233=EDGE_LOOP('',(#4768,#4769,#4770,#4771));
#2234=EDGE_LOOP('',(#4772,#4773,#4774,#4775));
#2235=EDGE_LOOP('',(#4776));
#2236=EDGE_LOOP('',(#4777));
#2237=EDGE_LOOP('',(#4778,#4779,#4780,#4781));
#2238=EDGE_LOOP('',(#4782,#4783,#4784,#4785));
#2239=EDGE_LOOP('',(#4786,#4787,#4788,#4789));
#2240=EDGE_LOOP('',(#4790,#4791,#4792,#4793));
#2241=EDGE_LOOP('',(#4794,#4795,#4796,#4797));
#2242=EDGE_LOOP('',(#4798,#4799,#4800,#4801));
#2243=EDGE_LOOP('',(#4802,#4803,#4804,#4805));
#2244=EDGE_LOOP('',(#4806,#4807,#4808,#4809));
#2245=EDGE_LOOP('',(#4810,#4811,#4812,#4813));
#2246=EDGE_LOOP('',(#4814,#4815,#4816,#4817));
#2247=EDGE_LOOP('',(#4818,#4819,#4820,#4821,#4822,#4823,#4824,#4825,#4826,
#4827,#4828,#4829));
#2248=EDGE_LOOP('',(#4830));
#2249=EDGE_LOOP('',(#4831,#4832,#4833,#4834,#4835,#4836,#4837,#4838,#4839,
#4840,#4841,#4842,#4843,#4844,#4845,#4846,#4847,#4848,#4849,#4850,#4851,
#4852,#4853,#4854,#4855,#4856,#4857,#4858));
#2250=EDGE_LOOP('',(#4859));
#2251=EDGE_LOOP('',(#4860,#4861,#4862,#4863,#4864,#4865,#4866,#4867,#4868,
#4869,#4870,#4871,#4872,#4873,#4874,#4875,#4876,#4877,#4878,#4879,#4880,
#4881,#4882,#4883,#4884,#4885,#4886,#4887));
#2252=EDGE_LOOP('',(#4888,#4889,#4890,#4891));
#2253=EDGE_LOOP('',(#4892,#4893,#4894,#4895));
#2254=EDGE_LOOP('',(#4896,#4897,#4898,#4899,#4900,#4901));
#2255=EDGE_LOOP('',(#4902,#4903,#4904,#4905));
#2256=EDGE_LOOP('',(#4906,#4907,#4908,#4909));
#2257=EDGE_LOOP('',(#4910,#4911,#4912,#4913,#4914,#4915));
#2258=EDGE_LOOP('',(#4916,#4917,#4918,#4919));
#2259=EDGE_LOOP('',(#4920,#4921,#4922,#4923));
#2260=EDGE_LOOP('',(#4924,#4925,#4926,#4927));
#2261=EDGE_LOOP('',(#4928,#4929,#4930,#4931));
#2262=EDGE_LOOP('',(#4932,#4933,#4934,#4935));
#2263=EDGE_LOOP('',(#4936,#4937,#4938,#4939));
#2264=EDGE_LOOP('',(#4940,#4941,#4942,#4943));
#2265=EDGE_LOOP('',(#4944,#4945,#4946,#4947));
#2266=EDGE_LOOP('',(#4948,#4949,#4950,#4951));
#2267=EDGE_LOOP('',(#4952,#4953,#4954,#4955));
#2268=EDGE_LOOP('',(#4956,#4957,#4958,#4959));
#2269=EDGE_LOOP('',(#4960,#4961,#4962,#4963));
#2270=EDGE_LOOP('',(#4964,#4965,#4966,#4967));
#2271=EDGE_LOOP('',(#4968));
#2272=EDGE_LOOP('',(#4969));
#2273=EDGE_LOOP('',(#4970,#4971,#4972,#4973));
#2274=EDGE_LOOP('',(#4974,#4975,#4976,#4977));
#2275=EDGE_LOOP('',(#4978,#4979,#4980,#4981));
#2276=EDGE_LOOP('',(#4982,#4983,#4984,#4985));
#2277=EDGE_LOOP('',(#4986,#4987,#4988,#4989));
#2278=EDGE_LOOP('',(#4990,#4991,#4992,#4993));
#2279=EDGE_LOOP('',(#4994,#4995,#4996,#4997));
#2280=EDGE_LOOP('',(#4998,#4999,#5000,#5001));
#2281=EDGE_LOOP('',(#5002,#5003,#5004,#5005));
#2282=EDGE_LOOP('',(#5006,#5007,#5008,#5009));
#2283=EDGE_LOOP('',(#5010,#5011,#5012,#5013));
#2284=EDGE_LOOP('',(#5014,#5015,#5016,#5017));
#2285=EDGE_LOOP('',(#5018,#5019,#5020,#5021,#5022,#5023));
#2286=EDGE_LOOP('',(#5024,#5025,#5026,#5027,#5028,#5029));
#2287=EDGE_LOOP('',(#5030,#5031,#5032,#5033));
#2288=EDGE_LOOP('',(#5034,#5035,#5036,#5037));
#2289=EDGE_LOOP('',(#5038,#5039,#5040,#5041));
#2290=EDGE_LOOP('',(#5042));
#2291=EDGE_LOOP('',(#5043,#5044,#5045,#5046,#5047,#5048,#5049,#5050,#5051,
#5052,#5053,#5054,#5055,#5056,#5057,#5058,#5059,#5060,#5061,#5062));
#2292=EDGE_LOOP('',(#5063));
#2293=EDGE_LOOP('',(#5064,#5065,#5066,#5067,#5068,#5069,#5070,#5071,#5072,
#5073,#5074,#5075,#5076,#5077,#5078,#5079,#5080,#5081,#5082,#5083));
#2294=EDGE_LOOP('',(#5084,#5085,#5086,#5087));
#2295=EDGE_LOOP('',(#5088,#5089,#5090,#5091));
#2296=EDGE_LOOP('',(#5092,#5093,#5094,#5095));
#2297=EDGE_LOOP('',(#5096,#5097,#5098,#5099));
#2298=EDGE_LOOP('',(#5100,#5101,#5102,#5103));
#2299=EDGE_LOOP('',(#5104,#5105,#5106,#5107));
#2300=EDGE_LOOP('',(#5108,#5109,#5110,#5111));
#2301=EDGE_LOOP('',(#5112,#5113,#5114,#5115));
#2302=EDGE_LOOP('',(#5116,#5117,#5118,#5119));
#2303=EDGE_LOOP('',(#5120,#5121,#5122,#5123));
#2304=EDGE_LOOP('',(#5124,#5125,#5126,#5127));
#2305=EDGE_LOOP('',(#5128,#5129,#5130,#5131));
#2306=EDGE_LOOP('',(#5132,#5133,#5134,#5135));
#2307=EDGE_LOOP('',(#5136));
#2308=EDGE_LOOP('',(#5137));
#2309=EDGE_LOOP('',(#5138,#5139,#5140,#5141));
#2310=EDGE_LOOP('',(#5142,#5143,#5144,#5145));
#2311=EDGE_LOOP('',(#5146,#5147,#5148,#5149));
#2312=EDGE_LOOP('',(#5150,#5151,#5152,#5153));
#2313=EDGE_LOOP('',(#5154,#5155,#5156,#5157));
#2314=EDGE_LOOP('',(#5158,#5159,#5160,#5161));
#2315=EDGE_LOOP('',(#5162,#5163,#5164,#5165));
#2316=EDGE_LOOP('',(#5166,#5167,#5168,#5169));
#2317=EDGE_LOOP('',(#5170,#5171,#5172,#5173));
#2318=EDGE_LOOP('',(#5174,#5175,#5176,#5177));
#2319=CIRCLE('',#9372,0.3);
#2320=CIRCLE('',#9374,0.3);
#2321=CIRCLE('',#9376,0.1);
#2322=CIRCLE('',#9377,0.1);
#2323=CIRCLE('',#9382,0.3);
#2324=CIRCLE('',#9387,0.3);
#2325=CIRCLE('',#9390,0.3);
#2326=CIRCLE('',#9394,0.3);
#2327=CIRCLE('',#9400,0.3);
#2328=CIRCLE('',#9405,0.3);
#2329=CIRCLE('',#9410,1.25);
#2330=CIRCLE('',#9411,0.9);
#2331=CIRCLE('',#9414,0.5);
#2332=CIRCLE('',#9415,0.5);
#2333=CIRCLE('',#9420,0.5);
#2334=CIRCLE('',#9421,0.5);
#2335=CIRCLE('',#9422,0.5);
#2336=CIRCLE('',#9423,0.5);
#2337=CIRCLE('',#9427,0.5);
#2338=CIRCLE('',#9428,0.5);
#2339=CIRCLE('',#9433,0.5);
#2340=CIRCLE('',#9434,0.5);
#2341=CIRCLE('',#9456,0.5);
#2342=CIRCLE('',#9458,0.5);
#2343=CIRCLE('',#9459,0.5);
#2344=CIRCLE('',#9461,0.5);
#2345=CIRCLE('',#9463,0.5);
#2346=CIRCLE('',#9465,0.5);
#2347=CIRCLE('',#9467,0.5);
#2348=CIRCLE('',#9470,0.5);
#2349=CIRCLE('',#9472,0.5);
#2350=CIRCLE('',#9474,0.5);
#2351=CIRCLE('',#9480,0.199944281805878);
#2352=CIRCLE('',#9481,0.199944281805878);
#2353=CIRCLE('',#9487,0.199944281805878);
#2354=CIRCLE('',#9488,0.199944281805878);
#2355=CIRCLE('',#9494,0.199944281805878);
#2356=CIRCLE('',#9495,0.199944281805878);
#2357=CIRCLE('',#9501,0.199944281805878);
#2358=CIRCLE('',#9502,0.199944281805878);
#2359=CIRCLE('',#9508,0.5);
#2360=CIRCLE('',#9512,0.2);
#2361=CIRCLE('',#9514,0.2);
#2362=CIRCLE('',#9516,0.75);
#2363=CIRCLE('',#9517,0.2);
#2364=CIRCLE('',#9519,0.75);
#2365=CIRCLE('',#9522,0.9);
#2366=CIRCLE('',#9525,0.5);
#2367=CIRCLE('',#9527,0.2);
#2368=CIRCLE('',#9529,0.2);
#2369=CIRCLE('',#9533,0.3);
#2370=CIRCLE('',#9535,0.3);
#2371=CIRCLE('',#9538,0.3);
#2372=CIRCLE('',#9540,0.3);
#2373=CIRCLE('',#9543,0.3);
#2374=CIRCLE('',#9545,0.3);
#2375=CIRCLE('',#9547,0.75);
#2376=CIRCLE('',#9579,0.9);
#2377=CIRCLE('',#9580,0.2);
#2378=CIRCLE('',#9581,0.2);
#2379=CIRCLE('',#9582,0.2);
#2380=CIRCLE('',#9583,0.2);
#2381=CIRCLE('',#9585,0.9);
#2382=CIRCLE('',#9586,0.2);
#2383=CIRCLE('',#9587,0.2);
#2384=CIRCLE('',#9588,0.2);
#2385=CIRCLE('',#9589,0.2);
#2386=CIRCLE('',#9593,0.15);
#2387=CIRCLE('',#9594,0.15);
#2388=CIRCLE('',#9596,0.2);
#2389=CIRCLE('',#9597,0.2);
#2390=CIRCLE('',#9601,0.05);
#2391=CIRCLE('',#9603,0.05);
#2392=CIRCLE('',#9622,0.9);
#2393=CIRCLE('',#9623,0.2);
#2394=CIRCLE('',#9624,0.2);
#2395=CIRCLE('',#9626,0.9);
#2396=CIRCLE('',#9627,0.2);
#2397=CIRCLE('',#9628,0.2);
#2398=CIRCLE('',#9667,0.5);
#2399=CIRCLE('',#9669,0.5);
#2400=CIRCLE('',#9672,0.5);
#2401=CIRCLE('',#9674,0.5);
#2402=CIRCLE('',#9677,0.5);
#2403=CIRCLE('',#9679,0.5);
#2404=CIRCLE('',#9682,0.5);
#2405=CIRCLE('',#9684,0.5);
#2406=CIRCLE('',#9686,0.3);
#2407=CIRCLE('',#9687,0.3);
#2408=CIRCLE('',#9688,0.3);
#2409=CIRCLE('',#9689,0.3);
#2410=CIRCLE('',#9691,0.5);
#2411=CIRCLE('',#9692,0.5);
#2412=CIRCLE('',#9693,0.5);
#2413=CIRCLE('',#9694,0.5);
#2414=CIRCLE('',#9696,0.3);
#2415=CIRCLE('',#9697,0.3);
#2416=CIRCLE('',#9698,0.3);
#2417=CIRCLE('',#9699,0.3);
#2418=CIRCLE('',#9701,0.3);
#2419=CIRCLE('',#9702,0.3);
#2420=CIRCLE('',#9703,0.3);
#2421=CIRCLE('',#9704,0.3);
#2422=CIRCLE('',#9706,0.5);
#2423=CIRCLE('',#9707,0.5);
#2424=CIRCLE('',#9708,0.5);
#2425=CIRCLE('',#9709,0.5);
#2426=CIRCLE('',#9710,0.5);
#2427=CIRCLE('',#9711,0.5);
#2428=CIRCLE('',#9712,0.5);
#2429=CIRCLE('',#9713,0.5);
#2430=CIRCLE('',#9714,0.5);
#2431=CIRCLE('',#9715,0.5);
#2432=CIRCLE('',#9716,0.5);
#2433=CIRCLE('',#9717,0.5);
#2434=CIRCLE('',#9718,0.5);
#2435=CIRCLE('',#9719,0.15);
#2436=CIRCLE('',#9720,0.15);
#2437=CIRCLE('',#9721,0.5);
#2438=CIRCLE('',#9722,0.5);
#2439=CIRCLE('',#9723,0.15);
#2440=CIRCLE('',#9724,0.15);
#2441=CIRCLE('',#9725,0.5);
#2442=CIRCLE('',#9731,0.2);
#2443=CIRCLE('',#9732,0.2);
#2444=CIRCLE('',#9734,0.5);
#2445=CIRCLE('',#9735,0.2);
#2446=CIRCLE('',#9736,0.8);
#2447=CIRCLE('',#9739,0.3);
#2448=CIRCLE('',#9742,0.3);
#2449=CIRCLE('',#9744,0.8);
#2450=CIRCLE('',#9745,0.2);
#2451=CIRCLE('',#9746,0.5);
#2452=CIRCLE('',#9748,0.2);
#2453=CIRCLE('',#9749,0.2);
#2454=CIRCLE('',#9752,0.3);
#2455=CIRCLE('',#9756,0.05);
#2456=CIRCLE('',#9757,0.05);
#2457=CIRCLE('',#9759,0.05);
#2458=CIRCLE('',#9760,0.05);
#2459=CIRCLE('',#9763,0.2);
#2460=CIRCLE('',#9764,0.3);
#2461=CIRCLE('',#9765,0.3);
#2462=CIRCLE('',#9766,0.3);
#2463=CIRCLE('',#9767,0.3);
#2464=CIRCLE('',#9779,0.3);
#2465=CIRCLE('',#9780,0.3);
#2466=CIRCLE('',#9781,0.3);
#2467=CIRCLE('',#9782,0.3);
#2468=CIRCLE('',#9783,0.7);
#2469=CIRCLE('',#9784,0.3);
#2470=CIRCLE('',#9785,0.3);
#2471=CIRCLE('',#9786,0.7);
#2472=CIRCLE('',#9787,1.);
#2473=CIRCLE('',#9795,0.3);
#2474=CIRCLE('',#9797,0.3);
#2475=CIRCLE('',#9804,0.5);
#2476=CIRCLE('',#9806,0.5);
#2477=CIRCLE('',#9808,0.5);
#2478=CIRCLE('',#9810,0.5);
#2479=CIRCLE('',#9812,0.5);
#2480=CIRCLE('',#9814,0.5);
#2481=CIRCLE('',#9816,0.5);
#2482=CIRCLE('',#9818,0.5);
#2483=CIRCLE('',#9820,0.3);
#2484=CIRCLE('',#9822,0.3);
#2485=CIRCLE('',#9823,0.3);
#2486=CIRCLE('',#9827,0.3);
#2487=CIRCLE('',#9829,0.3);
#2488=CIRCLE('',#9830,0.3);
#2489=CIRCLE('',#9834,0.3);
#2490=CIRCLE('',#9836,0.3);
#2491=CIRCLE('',#9837,0.3);
#2492=CIRCLE('',#9839,0.3);
#2493=CIRCLE('',#9843,0.3);
#2494=CIRCLE('',#9844,0.3);
#2495=CIRCLE('',#9846,0.3);
#2496=CIRCLE('',#9849,0.15);
#2497=CIRCLE('',#9851,0.15);
#2498=CIRCLE('',#9852,0.15);
#2499=CIRCLE('',#9854,0.15);
#2500=CIRCLE('',#9856,0.15);
#2501=CIRCLE('',#9858,0.15);
#2502=CIRCLE('',#9859,0.15);
#2503=CIRCLE('',#9861,0.15);
#2504=CIRCLE('',#9867,0.2);
#2505=CIRCLE('',#9868,0.5);
#2506=CIRCLE('',#9872,0.5);
#2507=CIRCLE('',#9874,0.5);
#2508=CIRCLE('',#9876,0.5);
#2509=CIRCLE('',#9878,0.5);
#2510=CIRCLE('',#9880,0.2);
#2511=CIRCLE('',#9881,0.2);
#2512=CIRCLE('',#9883,0.2);
#2513=CIRCLE('',#9885,0.2);
#2514=CIRCLE('',#9887,0.2);
#2515=CIRCLE('',#9889,0.2);
#2516=CIRCLE('',#9891,0.2);
#2517=CIRCLE('',#9892,0.2);
#2518=CIRCLE('',#9894,0.2);
#2519=CIRCLE('',#9896,0.2);
#2520=CIRCLE('',#9898,0.2);
#2521=CIRCLE('',#9900,0.2);
#2522=CIRCLE('',#9914,0.3);
#2523=CIRCLE('',#9915,0.3);
#2524=CIRCLE('',#9992,0.7);
#2525=CIRCLE('',#9993,0.2);
#2526=CIRCLE('',#9994,0.2);
#2527=CIRCLE('',#9996,0.7);
#2528=CIRCLE('',#9997,0.2);
#2529=CIRCLE('',#9998,0.2);
#2530=CIRCLE('',#10024,0.05);
#2531=CIRCLE('',#10025,0.05);
#2532=CIRCLE('',#10027,0.7);
#2533=CIRCLE('',#10028,0.2);
#2534=CIRCLE('',#10029,0.2);
#2535=CIRCLE('',#10030,0.2);
#2536=CIRCLE('',#10031,0.2);
#2537=CIRCLE('',#10033,0.7);
#2538=CIRCLE('',#10034,0.2);
#2539=CIRCLE('',#10035,0.2);
#2540=CIRCLE('',#10036,0.2);
#2541=CIRCLE('',#10037,0.2);
#2542=CIRCLE('',#10041,0.15);
#2543=CIRCLE('',#10042,0.15);
#2544=CIRCLE('',#10046,0.2);
#2545=CIRCLE('',#10047,0.2);
#2546=CIRCLE('',#10049,0.05);
#2547=CIRCLE('',#10051,0.05);
#2548=CIRCLE('',#10074,0.05);
#2549=CIRCLE('',#10076,0.05);
#2550=CIRCLE('',#10084,0.7);
#2551=CIRCLE('',#10085,0.2);
#2552=CIRCLE('',#10086,0.2);
#2553=CIRCLE('',#10088,0.7);
#2554=CIRCLE('',#10089,0.2);
#2555=CIRCLE('',#10090,0.2);
#2556=ORIENTED_EDGE('',*,*,#6031,.F.);
#2557=ORIENTED_EDGE('',*,*,#6032,.F.);
#2558=ORIENTED_EDGE('',*,*,#6033,.T.);
#2559=ORIENTED_EDGE('',*,*,#6034,.T.);
#2560=ORIENTED_EDGE('',*,*,#6035,.F.);
#2561=ORIENTED_EDGE('',*,*,#6036,.T.);
#2562=ORIENTED_EDGE('',*,*,#6037,.F.);
#2563=ORIENTED_EDGE('',*,*,#6038,.T.);
#2564=ORIENTED_EDGE('',*,*,#6039,.T.);
#2565=ORIENTED_EDGE('',*,*,#6040,.T.);
#2566=ORIENTED_EDGE('',*,*,#6041,.T.);
#2567=ORIENTED_EDGE('',*,*,#6042,.F.);
#2568=ORIENTED_EDGE('',*,*,#6043,.T.);
#2569=ORIENTED_EDGE('',*,*,#6044,.T.);
#2570=ORIENTED_EDGE('',*,*,#6045,.T.);
#2571=ORIENTED_EDGE('',*,*,#6046,.T.);
#2572=ORIENTED_EDGE('',*,*,#6047,.T.);
#2573=ORIENTED_EDGE('',*,*,#6048,.T.);
#2574=ORIENTED_EDGE('',*,*,#6049,.F.);
#2575=ORIENTED_EDGE('',*,*,#6050,.F.);
#2576=ORIENTED_EDGE('',*,*,#6051,.F.);
#2577=ORIENTED_EDGE('',*,*,#6052,.T.);
#2578=ORIENTED_EDGE('',*,*,#6053,.T.);
#2579=ORIENTED_EDGE('',*,*,#6054,.T.);
#2580=ORIENTED_EDGE('',*,*,#6055,.F.);
#2581=ORIENTED_EDGE('',*,*,#6056,.T.);
#2582=ORIENTED_EDGE('',*,*,#6057,.F.);
#2583=ORIENTED_EDGE('',*,*,#6058,.T.);
#2584=ORIENTED_EDGE('',*,*,#6059,.T.);
#2585=ORIENTED_EDGE('',*,*,#6060,.T.);
#2586=ORIENTED_EDGE('',*,*,#6061,.F.);
#2587=ORIENTED_EDGE('',*,*,#6062,.T.);
#2588=ORIENTED_EDGE('',*,*,#6063,.F.);
#2589=ORIENTED_EDGE('',*,*,#6064,.F.);
#2590=ORIENTED_EDGE('',*,*,#6065,.F.);
#2591=ORIENTED_EDGE('',*,*,#6066,.T.);
#2592=ORIENTED_EDGE('',*,*,#6067,.T.);
#2593=ORIENTED_EDGE('',*,*,#6068,.F.);
#2594=ORIENTED_EDGE('',*,*,#6069,.F.);
#2595=ORIENTED_EDGE('',*,*,#6070,.T.);
#2596=ORIENTED_EDGE('',*,*,#6071,.F.);
#2597=ORIENTED_EDGE('',*,*,#6072,.T.);
#2598=ORIENTED_EDGE('',*,*,#6073,.F.);
#2599=ORIENTED_EDGE('',*,*,#6074,.T.);
#2600=ORIENTED_EDGE('',*,*,#6075,.F.);
#2601=ORIENTED_EDGE('',*,*,#6076,.T.);
#2602=ORIENTED_EDGE('',*,*,#6077,.T.);
#2603=ORIENTED_EDGE('',*,*,#6078,.T.);
#2604=ORIENTED_EDGE('',*,*,#6076,.F.);
#2605=ORIENTED_EDGE('',*,*,#6079,.F.);
#2606=ORIENTED_EDGE('',*,*,#6080,.F.);
#2607=ORIENTED_EDGE('',*,*,#6081,.T.);
#2608=ORIENTED_EDGE('',*,*,#6070,.F.);
#2609=ORIENTED_EDGE('',*,*,#6082,.T.);
#2610=ORIENTED_EDGE('',*,*,#6083,.T.);
#2611=ORIENTED_EDGE('',*,*,#6084,.F.);
#2612=ORIENTED_EDGE('',*,*,#6066,.F.);
#2613=ORIENTED_EDGE('',*,*,#6085,.F.);
#2614=ORIENTED_EDGE('',*,*,#6039,.F.);
#2615=ORIENTED_EDGE('',*,*,#6086,.T.);
#2616=ORIENTED_EDGE('',*,*,#6087,.T.);
#2617=ORIENTED_EDGE('',*,*,#6088,.T.);
#2618=ORIENTED_EDGE('',*,*,#6089,.T.);
#2619=ORIENTED_EDGE('',*,*,#6090,.F.);
#2620=ORIENTED_EDGE('',*,*,#6034,.F.);
#2621=ORIENTED_EDGE('',*,*,#6091,.T.);
#2622=ORIENTED_EDGE('',*,*,#6092,.T.);
#2623=ORIENTED_EDGE('',*,*,#6093,.F.);
#2624=ORIENTED_EDGE('',*,*,#6094,.T.);
#2625=ORIENTED_EDGE('',*,*,#6095,.T.);
#2626=ORIENTED_EDGE('',*,*,#6096,.T.);
#2627=ORIENTED_EDGE('',*,*,#6097,.F.);
#2628=ORIENTED_EDGE('',*,*,#6098,.F.);
#2629=ORIENTED_EDGE('',*,*,#6099,.T.);
#2630=ORIENTED_EDGE('',*,*,#6100,.T.);
#2631=ORIENTED_EDGE('',*,*,#6101,.T.);
#2632=ORIENTED_EDGE('',*,*,#6102,.T.);
#2633=ORIENTED_EDGE('',*,*,#6103,.T.);
#2634=ORIENTED_EDGE('',*,*,#6104,.F.);
#2635=ORIENTED_EDGE('',*,*,#6105,.F.);
#2636=ORIENTED_EDGE('',*,*,#6106,.T.);
#2637=ORIENTED_EDGE('',*,*,#6107,.T.);
#2638=ORIENTED_EDGE('',*,*,#6047,.F.);
#2639=ORIENTED_EDGE('',*,*,#6108,.T.);
#2640=ORIENTED_EDGE('',*,*,#6062,.F.);
#2641=ORIENTED_EDGE('',*,*,#6109,.F.);
#2642=ORIENTED_EDGE('',*,*,#6110,.F.);
#2643=ORIENTED_EDGE('',*,*,#6111,.T.);
#2644=ORIENTED_EDGE('',*,*,#6058,.F.);
#2645=ORIENTED_EDGE('',*,*,#6112,.F.);
#2646=ORIENTED_EDGE('',*,*,#6113,.F.);
#2647=ORIENTED_EDGE('',*,*,#6114,.T.);
#2648=ORIENTED_EDGE('',*,*,#6115,.T.);
#2649=ORIENTED_EDGE('',*,*,#6116,.F.);
#2650=ORIENTED_EDGE('',*,*,#6117,.T.);
#2651=ORIENTED_EDGE('',*,*,#6118,.T.);
#2652=ORIENTED_EDGE('',*,*,#6119,.T.);
#2653=ORIENTED_EDGE('',*,*,#6120,.F.);
#2654=ORIENTED_EDGE('',*,*,#6121,.F.);
#2655=ORIENTED_EDGE('',*,*,#6122,.T.);
#2656=ORIENTED_EDGE('',*,*,#6123,.T.);
#2657=ORIENTED_EDGE('',*,*,#6124,.T.);
#2658=ORIENTED_EDGE('',*,*,#6125,.T.);
#2659=ORIENTED_EDGE('',*,*,#6126,.T.);
#2660=ORIENTED_EDGE('',*,*,#6127,.F.);
#2661=ORIENTED_EDGE('',*,*,#6102,.F.);
#2662=ORIENTED_EDGE('',*,*,#6128,.T.);
#2663=ORIENTED_EDGE('',*,*,#6129,.T.);
#2664=ORIENTED_EDGE('',*,*,#6128,.F.);
#2665=ORIENTED_EDGE('',*,*,#6101,.F.);
#2666=ORIENTED_EDGE('',*,*,#6130,.F.);
#2667=ORIENTED_EDGE('',*,*,#6131,.F.);
#2668=ORIENTED_EDGE('',*,*,#6132,.F.);
#2669=ORIENTED_EDGE('',*,*,#6133,.F.);
#2670=ORIENTED_EDGE('',*,*,#6134,.F.);
#2671=ORIENTED_EDGE('',*,*,#6135,.F.);
#2672=ORIENTED_EDGE('',*,*,#6136,.T.);
#2673=ORIENTED_EDGE('',*,*,#6113,.T.);
#2674=ORIENTED_EDGE('',*,*,#6137,.T.);
#2675=ORIENTED_EDGE('',*,*,#6138,.F.);
#2676=ORIENTED_EDGE('',*,*,#6139,.T.);
#2677=ORIENTED_EDGE('',*,*,#6140,.F.);
#2678=ORIENTED_EDGE('',*,*,#6141,.F.);
#2679=ORIENTED_EDGE('',*,*,#6142,.F.);
#2680=ORIENTED_EDGE('',*,*,#6143,.F.);
#2681=ORIENTED_EDGE('',*,*,#6114,.F.);
#2682=ORIENTED_EDGE('',*,*,#6136,.F.);
#2683=ORIENTED_EDGE('',*,*,#6144,.F.);
#2684=ORIENTED_EDGE('',*,*,#6145,.T.);
#2685=ORIENTED_EDGE('',*,*,#6146,.F.);
#2686=ORIENTED_EDGE('',*,*,#6088,.F.);
#2687=ORIENTED_EDGE('',*,*,#6147,.F.);
#2688=ORIENTED_EDGE('',*,*,#6148,.F.);
#2689=ORIENTED_EDGE('',*,*,#6091,.F.);
#2690=ORIENTED_EDGE('',*,*,#6033,.F.);
#2691=ORIENTED_EDGE('',*,*,#6149,.T.);
#2692=ORIENTED_EDGE('',*,*,#6150,.F.);
#2693=ORIENTED_EDGE('',*,*,#6124,.F.);
#2694=ORIENTED_EDGE('',*,*,#6151,.F.);
#2695=ORIENTED_EDGE('',*,*,#6152,.F.);
#2696=ORIENTED_EDGE('',*,*,#6086,.F.);
#2697=ORIENTED_EDGE('',*,*,#6038,.F.);
#2698=ORIENTED_EDGE('',*,*,#6153,.F.);
#2699=ORIENTED_EDGE('',*,*,#6154,.T.);
#2700=ORIENTED_EDGE('',*,*,#6155,.F.);
#2701=ORIENTED_EDGE('',*,*,#6156,.T.);
#2702=ORIENTED_EDGE('',*,*,#6157,.T.);
#2703=ORIENTED_EDGE('',*,*,#6158,.T.);
#2704=ORIENTED_EDGE('',*,*,#6159,.T.);
#2705=ORIENTED_EDGE('',*,*,#6160,.T.);
#2706=ORIENTED_EDGE('',*,*,#6161,.T.);
#2707=ORIENTED_EDGE('',*,*,#6162,.T.);
#2708=ORIENTED_EDGE('',*,*,#6163,.T.);
#2709=ORIENTED_EDGE('',*,*,#6164,.T.);
#2710=ORIENTED_EDGE('',*,*,#6165,.T.);
#2711=ORIENTED_EDGE('',*,*,#6166,.T.);
#2712=ORIENTED_EDGE('',*,*,#6167,.T.);
#2713=ORIENTED_EDGE('',*,*,#6165,.F.);
#2714=ORIENTED_EDGE('',*,*,#6168,.T.);
#2715=ORIENTED_EDGE('',*,*,#6161,.F.);
#2716=ORIENTED_EDGE('',*,*,#6169,.T.);
#2717=ORIENTED_EDGE('',*,*,#6170,.F.);
#2718=ORIENTED_EDGE('',*,*,#6171,.F.);
#2719=ORIENTED_EDGE('',*,*,#6172,.F.);
#2720=ORIENTED_EDGE('',*,*,#6173,.F.);
#2721=ORIENTED_EDGE('',*,*,#6132,.T.);
#2722=ORIENTED_EDGE('',*,*,#6174,.T.);
#2723=ORIENTED_EDGE('',*,*,#6141,.T.);
#2724=ORIENTED_EDGE('',*,*,#6175,.T.);
#2725=ORIENTED_EDGE('',*,*,#6176,.T.);
#2726=ORIENTED_EDGE('',*,*,#6056,.F.);
#2727=ORIENTED_EDGE('',*,*,#6177,.F.);
#2728=ORIENTED_EDGE('',*,*,#6178,.F.);
#2729=ORIENTED_EDGE('',*,*,#6179,.T.);
#2730=ORIENTED_EDGE('',*,*,#6052,.F.);
#2731=ORIENTED_EDGE('',*,*,#6180,.T.);
#2732=ORIENTED_EDGE('',*,*,#6181,.T.);
#2733=ORIENTED_EDGE('',*,*,#6182,.T.);
#2734=ORIENTED_EDGE('',*,*,#6183,.T.);
#2735=ORIENTED_EDGE('',*,*,#6184,.T.);
#2736=ORIENTED_EDGE('',*,*,#6185,.T.);
#2737=ORIENTED_EDGE('',*,*,#6186,.T.);
#2738=ORIENTED_EDGE('',*,*,#6187,.T.);
#2739=ORIENTED_EDGE('',*,*,#6188,.T.);
#2740=ORIENTED_EDGE('',*,*,#6189,.T.);
#2741=ORIENTED_EDGE('',*,*,#6190,.T.);
#2742=ORIENTED_EDGE('',*,*,#6191,.T.);
#2743=ORIENTED_EDGE('',*,*,#6192,.T.);
#2744=ORIENTED_EDGE('',*,*,#6193,.T.);
#2745=ORIENTED_EDGE('',*,*,#6183,.F.);
#2746=ORIENTED_EDGE('',*,*,#6194,.T.);
#2747=ORIENTED_EDGE('',*,*,#6167,.F.);
#2748=ORIENTED_EDGE('',*,*,#6195,.T.);
#2749=ORIENTED_EDGE('',*,*,#6188,.F.);
#2750=ORIENTED_EDGE('',*,*,#6196,.T.);
#2751=ORIENTED_EDGE('',*,*,#6197,.F.);
#2752=ORIENTED_EDGE('',*,*,#6198,.T.);
#2753=ORIENTED_EDGE('',*,*,#6197,.T.);
#2754=ORIENTED_EDGE('',*,*,#6199,.T.);
#2755=ORIENTED_EDGE('',*,*,#6200,.T.);
#2756=ORIENTED_EDGE('',*,*,#6201,.T.);
#2757=ORIENTED_EDGE('',*,*,#6202,.F.);
#2758=ORIENTED_EDGE('',*,*,#6083,.F.);
#2759=ORIENTED_EDGE('',*,*,#6203,.T.);
#2760=ORIENTED_EDGE('',*,*,#6204,.T.);
#2761=ORIENTED_EDGE('',*,*,#6205,.T.);
#2762=ORIENTED_EDGE('',*,*,#6204,.F.);
#2763=ORIENTED_EDGE('',*,*,#6206,.F.);
#2764=ORIENTED_EDGE('',*,*,#6207,.T.);
#2765=ORIENTED_EDGE('',*,*,#6208,.F.);
#2766=ORIENTED_EDGE('',*,*,#6207,.F.);
#2767=ORIENTED_EDGE('',*,*,#6209,.T.);
#2768=ORIENTED_EDGE('',*,*,#6068,.T.);
#2769=ORIENTED_EDGE('',*,*,#6082,.F.);
#2770=ORIENTED_EDGE('',*,*,#6069,.T.);
#2771=ORIENTED_EDGE('',*,*,#6209,.F.);
#2772=ORIENTED_EDGE('',*,*,#6206,.T.);
#2773=ORIENTED_EDGE('',*,*,#6203,.F.);
#2774=ORIENTED_EDGE('',*,*,#6084,.T.);
#2775=ORIENTED_EDGE('',*,*,#6202,.T.);
#2776=ORIENTED_EDGE('',*,*,#6205,.F.);
#2777=ORIENTED_EDGE('',*,*,#6208,.T.);
#2778=ORIENTED_EDGE('',*,*,#6067,.F.);
#2779=ORIENTED_EDGE('',*,*,#6210,.T.);
#2780=ORIENTED_EDGE('',*,*,#6211,.F.);
#2781=ORIENTED_EDGE('',*,*,#6212,.F.);
#2782=ORIENTED_EDGE('',*,*,#6213,.T.);
#2783=ORIENTED_EDGE('',*,*,#6214,.T.);
#2784=ORIENTED_EDGE('',*,*,#6054,.F.);
#2785=ORIENTED_EDGE('',*,*,#6215,.F.);
#2786=ORIENTED_EDGE('',*,*,#6211,.T.);
#2787=ORIENTED_EDGE('',*,*,#6216,.T.);
#2788=ORIENTED_EDGE('',*,*,#6213,.F.);
#2789=ORIENTED_EDGE('',*,*,#6217,.F.);
#2790=ORIENTED_EDGE('',*,*,#6178,.T.);
#2791=ORIENTED_EDGE('',*,*,#6212,.T.);
#2792=ORIENTED_EDGE('',*,*,#6215,.T.);
#2793=ORIENTED_EDGE('',*,*,#6053,.F.);
#2794=ORIENTED_EDGE('',*,*,#6179,.F.);
#2795=ORIENTED_EDGE('',*,*,#6217,.T.);
#2796=ORIENTED_EDGE('',*,*,#6210,.F.);
#2797=ORIENTED_EDGE('',*,*,#6216,.F.);
#2798=ORIENTED_EDGE('',*,*,#6177,.T.);
#2799=ORIENTED_EDGE('',*,*,#6055,.T.);
#2800=ORIENTED_EDGE('',*,*,#6214,.F.);
#2801=ORIENTED_EDGE('',*,*,#6218,.F.);
#2802=ORIENTED_EDGE('',*,*,#6060,.F.);
#2803=ORIENTED_EDGE('',*,*,#6219,.T.);
#2804=ORIENTED_EDGE('',*,*,#6220,.T.);
#2805=ORIENTED_EDGE('',*,*,#6221,.F.);
#2806=ORIENTED_EDGE('',*,*,#6220,.F.);
#2807=ORIENTED_EDGE('',*,*,#6222,.T.);
#2808=ORIENTED_EDGE('',*,*,#6223,.T.);
#2809=ORIENTED_EDGE('',*,*,#6224,.F.);
#2810=ORIENTED_EDGE('',*,*,#6223,.F.);
#2811=ORIENTED_EDGE('',*,*,#6225,.T.);
#2812=ORIENTED_EDGE('',*,*,#6110,.T.);
#2813=ORIENTED_EDGE('',*,*,#6219,.F.);
#2814=ORIENTED_EDGE('',*,*,#6059,.F.);
#2815=ORIENTED_EDGE('',*,*,#6111,.F.);
#2816=ORIENTED_EDGE('',*,*,#6225,.F.);
#2817=ORIENTED_EDGE('',*,*,#6222,.F.);
#2818=ORIENTED_EDGE('',*,*,#6218,.T.);
#2819=ORIENTED_EDGE('',*,*,#6221,.T.);
#2820=ORIENTED_EDGE('',*,*,#6224,.T.);
#2821=ORIENTED_EDGE('',*,*,#6109,.T.);
#2822=ORIENTED_EDGE('',*,*,#6061,.T.);
#2823=ORIENTED_EDGE('',*,*,#6226,.T.);
#2824=ORIENTED_EDGE('',*,*,#6227,.F.);
#2825=ORIENTED_EDGE('',*,*,#6228,.F.);
#2826=ORIENTED_EDGE('',*,*,#6229,.F.);
#2827=ORIENTED_EDGE('',*,*,#6049,.T.);
#2828=ORIENTED_EDGE('',*,*,#6230,.T.);
#2829=ORIENTED_EDGE('',*,*,#6231,.F.);
#2830=ORIENTED_EDGE('',*,*,#6232,.F.);
#2831=ORIENTED_EDGE('',*,*,#6227,.T.);
#2832=ORIENTED_EDGE('',*,*,#6233,.T.);
#2833=ORIENTED_EDGE('',*,*,#6106,.F.);
#2834=ORIENTED_EDGE('',*,*,#6234,.F.);
#2835=ORIENTED_EDGE('',*,*,#6231,.T.);
#2836=ORIENTED_EDGE('',*,*,#6105,.T.);
#2837=ORIENTED_EDGE('',*,*,#6235,.F.);
#2838=ORIENTED_EDGE('',*,*,#6228,.T.);
#2839=ORIENTED_EDGE('',*,*,#6232,.T.);
#2840=ORIENTED_EDGE('',*,*,#6234,.T.);
#2841=ORIENTED_EDGE('',*,*,#6226,.F.);
#2842=ORIENTED_EDGE('',*,*,#6048,.F.);
#2843=ORIENTED_EDGE('',*,*,#6107,.F.);
#2844=ORIENTED_EDGE('',*,*,#6233,.F.);
#2845=ORIENTED_EDGE('',*,*,#6230,.F.);
#2846=ORIENTED_EDGE('',*,*,#6057,.T.);
#2847=ORIENTED_EDGE('',*,*,#6176,.F.);
#2848=ORIENTED_EDGE('',*,*,#6236,.F.);
#2849=ORIENTED_EDGE('',*,*,#6237,.F.);
#2850=ORIENTED_EDGE('',*,*,#6238,.T.);
#2851=ORIENTED_EDGE('',*,*,#6137,.F.);
#2852=ORIENTED_EDGE('',*,*,#6112,.T.);
#2853=ORIENTED_EDGE('',*,*,#6140,.T.);
#2854=ORIENTED_EDGE('',*,*,#6239,.T.);
#2855=ORIENTED_EDGE('',*,*,#6236,.T.);
#2856=ORIENTED_EDGE('',*,*,#6175,.F.);
#2857=ORIENTED_EDGE('',*,*,#6172,.T.);
#2858=ORIENTED_EDGE('',*,*,#6240,.T.);
#2859=ORIENTED_EDGE('',*,*,#6103,.F.);
#2860=ORIENTED_EDGE('',*,*,#6127,.T.);
#2861=ORIENTED_EDGE('',*,*,#6241,.F.);
#2862=ORIENTED_EDGE('',*,*,#6242,.T.);
#2863=ORIENTED_EDGE('',*,*,#6243,.T.);
#2864=ORIENTED_EDGE('',*,*,#6243,.F.);
#2865=ORIENTED_EDGE('',*,*,#6244,.F.);
#2866=ORIENTED_EDGE('',*,*,#6133,.T.);
#2867=ORIENTED_EDGE('',*,*,#6173,.T.);
#2868=ORIENTED_EDGE('',*,*,#6245,.T.);
#2869=ORIENTED_EDGE('',*,*,#6246,.T.);
#2870=ORIENTED_EDGE('',*,*,#6247,.T.);
#2871=ORIENTED_EDGE('',*,*,#6125,.F.);
#2872=ORIENTED_EDGE('',*,*,#6150,.T.);
#2873=ORIENTED_EDGE('',*,*,#6248,.T.);
#2874=ORIENTED_EDGE('',*,*,#6249,.F.);
#2875=ORIENTED_EDGE('',*,*,#6250,.F.);
#2876=ORIENTED_EDGE('',*,*,#6089,.F.);
#2877=ORIENTED_EDGE('',*,*,#6146,.T.);
#2878=ORIENTED_EDGE('',*,*,#6251,.F.);
#2879=ORIENTED_EDGE('',*,*,#6199,.F.);
#2880=ORIENTED_EDGE('',*,*,#6196,.F.);
#2881=ORIENTED_EDGE('',*,*,#6187,.F.);
#2882=ORIENTED_EDGE('',*,*,#6252,.F.);
#2883=ORIENTED_EDGE('',*,*,#6251,.T.);
#2884=ORIENTED_EDGE('',*,*,#6253,.F.);
#2885=ORIENTED_EDGE('',*,*,#6195,.F.);
#2886=ORIENTED_EDGE('',*,*,#6166,.F.);
#2887=ORIENTED_EDGE('',*,*,#6254,.F.);
#2888=ORIENTED_EDGE('',*,*,#6189,.F.);
#2889=ORIENTED_EDGE('',*,*,#6253,.T.);
#2890=ORIENTED_EDGE('',*,*,#6186,.F.);
#2891=ORIENTED_EDGE('',*,*,#6255,.F.);
#2892=ORIENTED_EDGE('',*,*,#6160,.F.);
#2893=ORIENTED_EDGE('',*,*,#6252,.T.);
#2894=ORIENTED_EDGE('',*,*,#6159,.F.);
#2895=ORIENTED_EDGE('',*,*,#6256,.F.);
#2896=ORIENTED_EDGE('',*,*,#6200,.F.);
#2897=ORIENTED_EDGE('',*,*,#6198,.F.);
#2898=ORIENTED_EDGE('',*,*,#6201,.F.);
#2899=ORIENTED_EDGE('',*,*,#6257,.F.);
#2900=ORIENTED_EDGE('',*,*,#6184,.F.);
#2901=ORIENTED_EDGE('',*,*,#6255,.T.);
#2902=ORIENTED_EDGE('',*,*,#6254,.T.);
#2903=ORIENTED_EDGE('',*,*,#6169,.F.);
#2904=ORIENTED_EDGE('',*,*,#6257,.T.);
#2905=ORIENTED_EDGE('',*,*,#6256,.T.);
#2906=ORIENTED_EDGE('',*,*,#6258,.F.);
#2907=ORIENTED_EDGE('',*,*,#6158,.F.);
#2908=ORIENTED_EDGE('',*,*,#6259,.T.);
#2909=ORIENTED_EDGE('',*,*,#6185,.F.);
#2910=ORIENTED_EDGE('',*,*,#6258,.T.);
#2911=ORIENTED_EDGE('',*,*,#6182,.F.);
#2912=ORIENTED_EDGE('',*,*,#6260,.T.);
#2913=ORIENTED_EDGE('',*,*,#6162,.F.);
#2914=ORIENTED_EDGE('',*,*,#6194,.F.);
#2915=ORIENTED_EDGE('',*,*,#6261,.F.);
#2916=ORIENTED_EDGE('',*,*,#6193,.F.);
#2917=ORIENTED_EDGE('',*,*,#6262,.F.);
#2918=ORIENTED_EDGE('',*,*,#6147,.T.);
#2919=ORIENTED_EDGE('',*,*,#6087,.F.);
#2920=ORIENTED_EDGE('',*,*,#6152,.T.);
#2921=ORIENTED_EDGE('',*,*,#6262,.T.);
#2922=ORIENTED_EDGE('',*,*,#6192,.F.);
#2923=ORIENTED_EDGE('',*,*,#6263,.F.);
#2924=ORIENTED_EDGE('',*,*,#6130,.T.);
#2925=ORIENTED_EDGE('',*,*,#6100,.F.);
#2926=ORIENTED_EDGE('',*,*,#6264,.T.);
#2927=ORIENTED_EDGE('',*,*,#6096,.F.);
#2928=ORIENTED_EDGE('',*,*,#6265,.F.);
#2929=ORIENTED_EDGE('',*,*,#6092,.F.);
#2930=ORIENTED_EDGE('',*,*,#6148,.T.);
#2931=ORIENTED_EDGE('',*,*,#6261,.T.);
#2932=ORIENTED_EDGE('',*,*,#6151,.T.);
#2933=ORIENTED_EDGE('',*,*,#6123,.F.);
#2934=ORIENTED_EDGE('',*,*,#6266,.T.);
#2935=ORIENTED_EDGE('',*,*,#6119,.F.);
#2936=ORIENTED_EDGE('',*,*,#6267,.F.);
#2937=ORIENTED_EDGE('',*,*,#6115,.F.);
#2938=ORIENTED_EDGE('',*,*,#6143,.T.);
#2939=ORIENTED_EDGE('',*,*,#6268,.F.);
#2940=ORIENTED_EDGE('',*,*,#6190,.F.);
#2941=ORIENTED_EDGE('',*,*,#6263,.T.);
#2942=ORIENTED_EDGE('',*,*,#6191,.F.);
#2943=ORIENTED_EDGE('',*,*,#6268,.T.);
#2944=ORIENTED_EDGE('',*,*,#6142,.T.);
#2945=ORIENTED_EDGE('',*,*,#6174,.F.);
#2946=ORIENTED_EDGE('',*,*,#6131,.T.);
#2947=ORIENTED_EDGE('',*,*,#6269,.T.);
#2948=ORIENTED_EDGE('',*,*,#6270,.F.);
#2949=ORIENTED_EDGE('',*,*,#6271,.F.);
#2950=ORIENTED_EDGE('',*,*,#6272,.T.);
#2951=ORIENTED_EDGE('',*,*,#6273,.T.);
#2952=ORIENTED_EDGE('',*,*,#6117,.F.);
#2953=ORIENTED_EDGE('',*,*,#6274,.F.);
#2954=ORIENTED_EDGE('',*,*,#6270,.T.);
#2955=ORIENTED_EDGE('',*,*,#6275,.T.);
#2956=ORIENTED_EDGE('',*,*,#6272,.F.);
#2957=ORIENTED_EDGE('',*,*,#6276,.F.);
#2958=ORIENTED_EDGE('',*,*,#6267,.T.);
#2959=ORIENTED_EDGE('',*,*,#6271,.T.);
#2960=ORIENTED_EDGE('',*,*,#6274,.T.);
#2961=ORIENTED_EDGE('',*,*,#6116,.T.);
#2962=ORIENTED_EDGE('',*,*,#6276,.T.);
#2963=ORIENTED_EDGE('',*,*,#6269,.F.);
#2964=ORIENTED_EDGE('',*,*,#6275,.F.);
#2965=ORIENTED_EDGE('',*,*,#6118,.F.);
#2966=ORIENTED_EDGE('',*,*,#6273,.F.);
#2967=ORIENTED_EDGE('',*,*,#6277,.F.);
#2968=ORIENTED_EDGE('',*,*,#6278,.F.);
#2969=ORIENTED_EDGE('',*,*,#6279,.T.);
#2970=ORIENTED_EDGE('',*,*,#6280,.T.);
#2971=ORIENTED_EDGE('',*,*,#6281,.F.);
#2972=ORIENTED_EDGE('',*,*,#6280,.F.);
#2973=ORIENTED_EDGE('',*,*,#6282,.T.);
#2974=ORIENTED_EDGE('',*,*,#6121,.T.);
#2975=ORIENTED_EDGE('',*,*,#6283,.F.);
#2976=ORIENTED_EDGE('',*,*,#6266,.F.);
#2977=ORIENTED_EDGE('',*,*,#6284,.T.);
#2978=ORIENTED_EDGE('',*,*,#6278,.T.);
#2979=ORIENTED_EDGE('',*,*,#6279,.F.);
#2980=ORIENTED_EDGE('',*,*,#6284,.F.);
#2981=ORIENTED_EDGE('',*,*,#6122,.F.);
#2982=ORIENTED_EDGE('',*,*,#6282,.F.);
#2983=ORIENTED_EDGE('',*,*,#6277,.T.);
#2984=ORIENTED_EDGE('',*,*,#6281,.T.);
#2985=ORIENTED_EDGE('',*,*,#6120,.T.);
#2986=ORIENTED_EDGE('',*,*,#6283,.T.);
#2987=ORIENTED_EDGE('',*,*,#6285,.F.);
#2988=ORIENTED_EDGE('',*,*,#6286,.F.);
#2989=ORIENTED_EDGE('',*,*,#6287,.T.);
#2990=ORIENTED_EDGE('',*,*,#6288,.T.);
#2991=ORIENTED_EDGE('',*,*,#6289,.F.);
#2992=ORIENTED_EDGE('',*,*,#6288,.F.);
#2993=ORIENTED_EDGE('',*,*,#6290,.T.);
#2994=ORIENTED_EDGE('',*,*,#6098,.T.);
#2995=ORIENTED_EDGE('',*,*,#6291,.F.);
#2996=ORIENTED_EDGE('',*,*,#6264,.F.);
#2997=ORIENTED_EDGE('',*,*,#6292,.T.);
#2998=ORIENTED_EDGE('',*,*,#6286,.T.);
#2999=ORIENTED_EDGE('',*,*,#6287,.F.);
#3000=ORIENTED_EDGE('',*,*,#6292,.F.);
#3001=ORIENTED_EDGE('',*,*,#6099,.F.);
#3002=ORIENTED_EDGE('',*,*,#6290,.F.);
#3003=ORIENTED_EDGE('',*,*,#6285,.T.);
#3004=ORIENTED_EDGE('',*,*,#6289,.T.);
#3005=ORIENTED_EDGE('',*,*,#6097,.T.);
#3006=ORIENTED_EDGE('',*,*,#6291,.T.);
#3007=ORIENTED_EDGE('',*,*,#6293,.T.);
#3008=ORIENTED_EDGE('',*,*,#6294,.F.);
#3009=ORIENTED_EDGE('',*,*,#6295,.F.);
#3010=ORIENTED_EDGE('',*,*,#6296,.T.);
#3011=ORIENTED_EDGE('',*,*,#6297,.T.);
#3012=ORIENTED_EDGE('',*,*,#6094,.F.);
#3013=ORIENTED_EDGE('',*,*,#6298,.F.);
#3014=ORIENTED_EDGE('',*,*,#6294,.T.);
#3015=ORIENTED_EDGE('',*,*,#6299,.T.);
#3016=ORIENTED_EDGE('',*,*,#6296,.F.);
#3017=ORIENTED_EDGE('',*,*,#6300,.F.);
#3018=ORIENTED_EDGE('',*,*,#6265,.T.);
#3019=ORIENTED_EDGE('',*,*,#6295,.T.);
#3020=ORIENTED_EDGE('',*,*,#6298,.T.);
#3021=ORIENTED_EDGE('',*,*,#6093,.T.);
#3022=ORIENTED_EDGE('',*,*,#6300,.T.);
#3023=ORIENTED_EDGE('',*,*,#6293,.F.);
#3024=ORIENTED_EDGE('',*,*,#6299,.F.);
#3025=ORIENTED_EDGE('',*,*,#6095,.F.);
#3026=ORIENTED_EDGE('',*,*,#6297,.F.);
#3027=ORIENTED_EDGE('',*,*,#6301,.T.);
#3028=ORIENTED_EDGE('',*,*,#6240,.F.);
#3029=ORIENTED_EDGE('',*,*,#6171,.T.);
#3030=ORIENTED_EDGE('',*,*,#6302,.T.);
#3031=ORIENTED_EDGE('',*,*,#6303,.T.);
#3032=ORIENTED_EDGE('',*,*,#6235,.T.);
#3033=ORIENTED_EDGE('',*,*,#6104,.T.);
#3034=ORIENTED_EDGE('',*,*,#6051,.T.);
#3035=ORIENTED_EDGE('',*,*,#6304,.F.);
#3036=ORIENTED_EDGE('',*,*,#6302,.F.);
#3037=ORIENTED_EDGE('',*,*,#6170,.T.);
#3038=ORIENTED_EDGE('',*,*,#6229,.T.);
#3039=ORIENTED_EDGE('',*,*,#6303,.F.);
#3040=ORIENTED_EDGE('',*,*,#6304,.T.);
#3041=ORIENTED_EDGE('',*,*,#6050,.T.);
#3042=ORIENTED_EDGE('',*,*,#6305,.T.);
#3043=ORIENTED_EDGE('',*,*,#6306,.T.);
#3044=ORIENTED_EDGE('',*,*,#6307,.T.);
#3045=ORIENTED_EDGE('',*,*,#6308,.T.);
#3046=ORIENTED_EDGE('',*,*,#6309,.T.);
#3047=ORIENTED_EDGE('',*,*,#6310,.F.);
#3048=ORIENTED_EDGE('',*,*,#6311,.T.);
#3049=ORIENTED_EDGE('',*,*,#6312,.T.);
#3050=ORIENTED_EDGE('',*,*,#6313,.T.);
#3051=ORIENTED_EDGE('',*,*,#6308,.F.);
#3052=ORIENTED_EDGE('',*,*,#6314,.F.);
#3053=ORIENTED_EDGE('',*,*,#6315,.T.);
#3054=ORIENTED_EDGE('',*,*,#6316,.T.);
#3055=ORIENTED_EDGE('',*,*,#6310,.T.);
#3056=ORIENTED_EDGE('',*,*,#6307,.F.);
#3057=ORIENTED_EDGE('',*,*,#6317,.T.);
#3058=ORIENTED_EDGE('',*,*,#6314,.T.);
#3059=ORIENTED_EDGE('',*,*,#6318,.F.);
#3060=ORIENTED_EDGE('',*,*,#6318,.T.);
#3061=ORIENTED_EDGE('',*,*,#6319,.F.);
#3062=ORIENTED_EDGE('',*,*,#6155,.T.);
#3063=ORIENTED_EDGE('',*,*,#6319,.T.);
#3064=ORIENTED_EDGE('',*,*,#6320,.T.);
#3065=ORIENTED_EDGE('',*,*,#6301,.F.);
#3066=ORIENTED_EDGE('',*,*,#6321,.F.);
#3067=ORIENTED_EDGE('',*,*,#6322,.F.);
#3068=ORIENTED_EDGE('',*,*,#6321,.T.);
#3069=ORIENTED_EDGE('',*,*,#6322,.T.);
#3070=ORIENTED_EDGE('',*,*,#6320,.F.);
#3071=ORIENTED_EDGE('',*,*,#6164,.F.);
#3072=ORIENTED_EDGE('',*,*,#6323,.T.);
#3073=ORIENTED_EDGE('',*,*,#6306,.F.);
#3074=ORIENTED_EDGE('',*,*,#6324,.F.);
#3075=ORIENTED_EDGE('',*,*,#6324,.T.);
#3076=ORIENTED_EDGE('',*,*,#6305,.F.);
#3077=ORIENTED_EDGE('',*,*,#6325,.F.);
#3078=ORIENTED_EDGE('',*,*,#6168,.F.);
#3079=ORIENTED_EDGE('',*,*,#6325,.T.);
#3080=ORIENTED_EDGE('',*,*,#6309,.F.);
#3081=ORIENTED_EDGE('',*,*,#6326,.F.);
#3082=ORIENTED_EDGE('',*,*,#6156,.F.);
#3083=ORIENTED_EDGE('',*,*,#6326,.T.);
#3084=ORIENTED_EDGE('',*,*,#6313,.F.);
#3085=ORIENTED_EDGE('',*,*,#6327,.F.);
#3086=ORIENTED_EDGE('',*,*,#6157,.F.);
#3087=ORIENTED_EDGE('',*,*,#6327,.T.);
#3088=ORIENTED_EDGE('',*,*,#6312,.F.);
#3089=ORIENTED_EDGE('',*,*,#6328,.F.);
#3090=ORIENTED_EDGE('',*,*,#6259,.F.);
#3091=ORIENTED_EDGE('',*,*,#6311,.F.);
#3092=ORIENTED_EDGE('',*,*,#6329,.T.);
#3093=ORIENTED_EDGE('',*,*,#6180,.F.);
#3094=ORIENTED_EDGE('',*,*,#6328,.T.);
#3095=ORIENTED_EDGE('',*,*,#6323,.F.);
#3096=ORIENTED_EDGE('',*,*,#6163,.F.);
#3097=ORIENTED_EDGE('',*,*,#6330,.F.);
#3098=ORIENTED_EDGE('',*,*,#6317,.F.);
#3099=ORIENTED_EDGE('',*,*,#6330,.T.);
#3100=ORIENTED_EDGE('',*,*,#6260,.F.);
#3101=ORIENTED_EDGE('',*,*,#6331,.F.);
#3102=ORIENTED_EDGE('',*,*,#6315,.F.);
#3103=ORIENTED_EDGE('',*,*,#6329,.F.);
#3104=ORIENTED_EDGE('',*,*,#6316,.F.);
#3105=ORIENTED_EDGE('',*,*,#6331,.T.);
#3106=ORIENTED_EDGE('',*,*,#6181,.F.);
#3107=ORIENTED_EDGE('',*,*,#6332,.T.);
#3108=ORIENTED_EDGE('',*,*,#6154,.F.);
#3109=ORIENTED_EDGE('',*,*,#6332,.F.);
#3110=ORIENTED_EDGE('',*,*,#6333,.T.);
#3111=ORIENTED_EDGE('',*,*,#6334,.T.);
#3112=ORIENTED_EDGE('',*,*,#6245,.F.);
#3113=ORIENTED_EDGE('',*,*,#6149,.F.);
#3114=ORIENTED_EDGE('',*,*,#6037,.T.);
#3115=ORIENTED_EDGE('',*,*,#6335,.F.);
#3116=ORIENTED_EDGE('',*,*,#6333,.F.);
#3117=ORIENTED_EDGE('',*,*,#6153,.T.);
#3118=ORIENTED_EDGE('',*,*,#6032,.T.);
#3119=ORIENTED_EDGE('',*,*,#6336,.F.);
#3120=ORIENTED_EDGE('',*,*,#6337,.F.);
#3121=ORIENTED_EDGE('',*,*,#6144,.T.);
#3122=ORIENTED_EDGE('',*,*,#6337,.T.);
#3123=ORIENTED_EDGE('',*,*,#6338,.T.);
#3124=ORIENTED_EDGE('',*,*,#6248,.F.);
#3125=ORIENTED_EDGE('',*,*,#6145,.F.);
#3126=ORIENTED_EDGE('',*,*,#6238,.F.);
#3127=ORIENTED_EDGE('',*,*,#6339,.F.);
#3128=ORIENTED_EDGE('',*,*,#6138,.T.);
#3129=ORIENTED_EDGE('',*,*,#6135,.T.);
#3130=ORIENTED_EDGE('',*,*,#6339,.T.);
#3131=ORIENTED_EDGE('',*,*,#6237,.T.);
#3132=ORIENTED_EDGE('',*,*,#6239,.F.);
#3133=ORIENTED_EDGE('',*,*,#6139,.F.);
#3134=ORIENTED_EDGE('',*,*,#6241,.T.);
#3135=ORIENTED_EDGE('',*,*,#6126,.F.);
#3136=ORIENTED_EDGE('',*,*,#6129,.F.);
#3137=ORIENTED_EDGE('',*,*,#6340,.T.);
#3138=ORIENTED_EDGE('',*,*,#6244,.T.);
#3139=ORIENTED_EDGE('',*,*,#6242,.F.);
#3140=ORIENTED_EDGE('',*,*,#6340,.F.);
#3141=ORIENTED_EDGE('',*,*,#6134,.T.);
#3142=ORIENTED_EDGE('',*,*,#6041,.F.);
#3143=ORIENTED_EDGE('',*,*,#6341,.F.);
#3144=ORIENTED_EDGE('',*,*,#6342,.T.);
#3145=ORIENTED_EDGE('',*,*,#6343,.T.);
#3146=ORIENTED_EDGE('',*,*,#6042,.T.);
#3147=ORIENTED_EDGE('',*,*,#6343,.F.);
#3148=ORIENTED_EDGE('',*,*,#6344,.F.);
#3149=ORIENTED_EDGE('',*,*,#6345,.T.);
#3150=ORIENTED_EDGE('',*,*,#6043,.F.);
#3151=ORIENTED_EDGE('',*,*,#6345,.F.);
#3152=ORIENTED_EDGE('',*,*,#6346,.T.);
#3153=ORIENTED_EDGE('',*,*,#6347,.T.);
#3154=ORIENTED_EDGE('',*,*,#6044,.F.);
#3155=ORIENTED_EDGE('',*,*,#6347,.F.);
#3156=ORIENTED_EDGE('',*,*,#6348,.T.);
#3157=ORIENTED_EDGE('',*,*,#6341,.T.);
#3158=ORIENTED_EDGE('',*,*,#6342,.F.);
#3159=ORIENTED_EDGE('',*,*,#6348,.F.);
#3160=ORIENTED_EDGE('',*,*,#6346,.F.);
#3161=ORIENTED_EDGE('',*,*,#6344,.T.);
#3162=ORIENTED_EDGE('',*,*,#6064,.T.);
#3163=ORIENTED_EDGE('',*,*,#6349,.F.);
#3164=ORIENTED_EDGE('',*,*,#6246,.F.);
#3165=ORIENTED_EDGE('',*,*,#6334,.F.);
#3166=ORIENTED_EDGE('',*,*,#6335,.T.);
#3167=ORIENTED_EDGE('',*,*,#6036,.F.);
#3168=ORIENTED_EDGE('',*,*,#6350,.T.);
#3169=ORIENTED_EDGE('',*,*,#6063,.T.);
#3170=ORIENTED_EDGE('',*,*,#6108,.F.);
#3171=ORIENTED_EDGE('',*,*,#6247,.F.);
#3172=ORIENTED_EDGE('',*,*,#6349,.T.);
#3173=ORIENTED_EDGE('',*,*,#6065,.T.);
#3174=ORIENTED_EDGE('',*,*,#6350,.F.);
#3175=ORIENTED_EDGE('',*,*,#6040,.F.);
#3176=ORIENTED_EDGE('',*,*,#6085,.T.);
#3177=ORIENTED_EDGE('',*,*,#6351,.F.);
#3178=ORIENTED_EDGE('',*,*,#6352,.T.);
#3179=ORIENTED_EDGE('',*,*,#6071,.T.);
#3180=ORIENTED_EDGE('',*,*,#6081,.F.);
#3181=ORIENTED_EDGE('',*,*,#6075,.T.);
#3182=ORIENTED_EDGE('',*,*,#6353,.T.);
#3183=ORIENTED_EDGE('',*,*,#6354,.F.);
#3184=ORIENTED_EDGE('',*,*,#6079,.T.);
#3185=ORIENTED_EDGE('',*,*,#6355,.T.);
#3186=ORIENTED_EDGE('',*,*,#6356,.T.);
#3187=ORIENTED_EDGE('',*,*,#6073,.T.);
#3188=ORIENTED_EDGE('',*,*,#6357,.T.);
#3189=ORIENTED_EDGE('',*,*,#6354,.T.);
#3190=ORIENTED_EDGE('',*,*,#6358,.T.);
#3191=ORIENTED_EDGE('',*,*,#6351,.T.);
#3192=ORIENTED_EDGE('',*,*,#6080,.T.);
#3193=ORIENTED_EDGE('',*,*,#6045,.F.);
#3194=ORIENTED_EDGE('',*,*,#6359,.F.);
#3195=ORIENTED_EDGE('',*,*,#6249,.T.);
#3196=ORIENTED_EDGE('',*,*,#6338,.F.);
#3197=ORIENTED_EDGE('',*,*,#6336,.T.);
#3198=ORIENTED_EDGE('',*,*,#6031,.T.);
#3199=ORIENTED_EDGE('',*,*,#6360,.T.);
#3200=ORIENTED_EDGE('',*,*,#6046,.F.);
#3201=ORIENTED_EDGE('',*,*,#6360,.F.);
#3202=ORIENTED_EDGE('',*,*,#6035,.T.);
#3203=ORIENTED_EDGE('',*,*,#6090,.T.);
#3204=ORIENTED_EDGE('',*,*,#6077,.F.);
#3205=ORIENTED_EDGE('',*,*,#6078,.F.);
#3206=ORIENTED_EDGE('',*,*,#6250,.T.);
#3207=ORIENTED_EDGE('',*,*,#6359,.T.);
#3208=ORIENTED_EDGE('',*,*,#6072,.F.);
#3209=ORIENTED_EDGE('',*,*,#6352,.F.);
#3210=ORIENTED_EDGE('',*,*,#6361,.F.);
#3211=ORIENTED_EDGE('',*,*,#6357,.F.);
#3212=ORIENTED_EDGE('',*,*,#6361,.T.);
#3213=ORIENTED_EDGE('',*,*,#6358,.F.);
#3214=ORIENTED_EDGE('',*,*,#6362,.F.);
#3215=ORIENTED_EDGE('',*,*,#6355,.F.);
#3216=ORIENTED_EDGE('',*,*,#6362,.T.);
#3217=ORIENTED_EDGE('',*,*,#6353,.F.);
#3218=ORIENTED_EDGE('',*,*,#6074,.F.);
#3219=ORIENTED_EDGE('',*,*,#6356,.F.);
#3220=ORIENTED_EDGE('',*,*,#6363,.F.);
#3221=ORIENTED_EDGE('',*,*,#6364,.T.);
#3222=ORIENTED_EDGE('',*,*,#6365,.T.);
#3223=ORIENTED_EDGE('',*,*,#6366,.F.);
#3224=ORIENTED_EDGE('',*,*,#6367,.F.);
#3225=ORIENTED_EDGE('',*,*,#6368,.F.);
#3226=ORIENTED_EDGE('',*,*,#6369,.F.);
#3227=ORIENTED_EDGE('',*,*,#6370,.F.);
#3228=ORIENTED_EDGE('',*,*,#6371,.F.);
#3229=ORIENTED_EDGE('',*,*,#6372,.F.);
#3230=ORIENTED_EDGE('',*,*,#6373,.T.);
#3231=ORIENTED_EDGE('',*,*,#6374,.T.);
#3232=ORIENTED_EDGE('',*,*,#6375,.T.);
#3233=ORIENTED_EDGE('',*,*,#6373,.F.);
#3234=ORIENTED_EDGE('',*,*,#6376,.F.);
#3235=ORIENTED_EDGE('',*,*,#6377,.F.);
#3236=ORIENTED_EDGE('',*,*,#6378,.T.);
#3237=ORIENTED_EDGE('',*,*,#6379,.F.);
#3238=ORIENTED_EDGE('',*,*,#6380,.F.);
#3239=ORIENTED_EDGE('',*,*,#6381,.T.);
#3240=ORIENTED_EDGE('',*,*,#6382,.T.);
#3241=ORIENTED_EDGE('',*,*,#6383,.T.);
#3242=ORIENTED_EDGE('',*,*,#6384,.T.);
#3243=ORIENTED_EDGE('',*,*,#6385,.T.);
#3244=ORIENTED_EDGE('',*,*,#6386,.T.);
#3245=ORIENTED_EDGE('',*,*,#6365,.F.);
#3246=ORIENTED_EDGE('',*,*,#6387,.T.);
#3247=ORIENTED_EDGE('',*,*,#6388,.F.);
#3248=ORIENTED_EDGE('',*,*,#6389,.T.);
#3249=ORIENTED_EDGE('',*,*,#6390,.F.);
#3250=ORIENTED_EDGE('',*,*,#6391,.T.);
#3251=ORIENTED_EDGE('',*,*,#6371,.T.);
#3252=ORIENTED_EDGE('',*,*,#6392,.T.);
#3253=ORIENTED_EDGE('',*,*,#6393,.T.);
#3254=ORIENTED_EDGE('',*,*,#6394,.T.);
#3255=ORIENTED_EDGE('',*,*,#6367,.T.);
#3256=ORIENTED_EDGE('',*,*,#6395,.F.);
#3257=ORIENTED_EDGE('',*,*,#6396,.F.);
#3258=ORIENTED_EDGE('',*,*,#6397,.T.);
#3259=ORIENTED_EDGE('',*,*,#6398,.F.);
#3260=ORIENTED_EDGE('',*,*,#6399,.F.);
#3261=ORIENTED_EDGE('',*,*,#6400,.T.);
#3262=ORIENTED_EDGE('',*,*,#6401,.T.);
#3263=ORIENTED_EDGE('',*,*,#6402,.T.);
#3264=ORIENTED_EDGE('',*,*,#6403,.T.);
#3265=ORIENTED_EDGE('',*,*,#6404,.T.);
#3266=ORIENTED_EDGE('',*,*,#6376,.T.);
#3267=ORIENTED_EDGE('',*,*,#6372,.T.);
#3268=ORIENTED_EDGE('',*,*,#6391,.F.);
#3269=ORIENTED_EDGE('',*,*,#6405,.F.);
#3270=ORIENTED_EDGE('',*,*,#6395,.T.);
#3271=ORIENTED_EDGE('',*,*,#6366,.T.);
#3272=ORIENTED_EDGE('',*,*,#6386,.F.);
#3273=ORIENTED_EDGE('',*,*,#6406,.T.);
#3274=ORIENTED_EDGE('',*,*,#6407,.T.);
#3275=ORIENTED_EDGE('',*,*,#6369,.T.);
#3276=ORIENTED_EDGE('',*,*,#6408,.T.);
#3277=ORIENTED_EDGE('',*,*,#6409,.T.);
#3278=ORIENTED_EDGE('',*,*,#6410,.T.);
#3279=ORIENTED_EDGE('',*,*,#6363,.T.);
#3280=ORIENTED_EDGE('',*,*,#6411,.T.);
#3281=ORIENTED_EDGE('',*,*,#6412,.T.);
#3282=ORIENTED_EDGE('',*,*,#6374,.F.);
#3283=ORIENTED_EDGE('',*,*,#6389,.F.);
#3284=ORIENTED_EDGE('',*,*,#6413,.F.);
#3285=ORIENTED_EDGE('',*,*,#6411,.F.);
#3286=ORIENTED_EDGE('',*,*,#6364,.F.);
#3287=ORIENTED_EDGE('',*,*,#6410,.F.);
#3288=ORIENTED_EDGE('',*,*,#6414,.F.);
#3289=ORIENTED_EDGE('',*,*,#6387,.F.);
#3290=ORIENTED_EDGE('',*,*,#6408,.F.);
#3291=ORIENTED_EDGE('',*,*,#6368,.T.);
#3292=ORIENTED_EDGE('',*,*,#6394,.F.);
#3293=ORIENTED_EDGE('',*,*,#6415,.F.);
#3294=ORIENTED_EDGE('',*,*,#6392,.F.);
#3295=ORIENTED_EDGE('',*,*,#6370,.T.);
#3296=ORIENTED_EDGE('',*,*,#6407,.F.);
#3297=ORIENTED_EDGE('',*,*,#6416,.T.);
#3298=ORIENTED_EDGE('',*,*,#6385,.F.);
#3299=ORIENTED_EDGE('',*,*,#6417,.T.);
#3300=ORIENTED_EDGE('',*,*,#6396,.T.);
#3301=ORIENTED_EDGE('',*,*,#6406,.F.);
#3302=ORIENTED_EDGE('',*,*,#6404,.F.);
#3303=ORIENTED_EDGE('',*,*,#6418,.T.);
#3304=ORIENTED_EDGE('',*,*,#6377,.T.);
#3305=ORIENTED_EDGE('',*,*,#6405,.T.);
#3306=ORIENTED_EDGE('',*,*,#6379,.T.);
#3307=ORIENTED_EDGE('',*,*,#6419,.T.);
#3308=ORIENTED_EDGE('',*,*,#6402,.F.);
#3309=ORIENTED_EDGE('',*,*,#6420,.F.);
#3310=ORIENTED_EDGE('',*,*,#6398,.T.);
#3311=ORIENTED_EDGE('',*,*,#6421,.T.);
#3312=ORIENTED_EDGE('',*,*,#6383,.F.);
#3313=ORIENTED_EDGE('',*,*,#6422,.T.);
#3314=ORIENTED_EDGE('',*,*,#6382,.F.);
#3315=ORIENTED_EDGE('',*,*,#6423,.T.);
#3316=ORIENTED_EDGE('',*,*,#6399,.T.);
#3317=ORIENTED_EDGE('',*,*,#6422,.F.);
#3318=ORIENTED_EDGE('',*,*,#6424,.T.);
#3319=ORIENTED_EDGE('',*,*,#6425,.T.);
#3320=ORIENTED_EDGE('',*,*,#6426,.T.);
#3321=ORIENTED_EDGE('',*,*,#6427,.T.);
#3322=ORIENTED_EDGE('',*,*,#6401,.F.);
#3323=ORIENTED_EDGE('',*,*,#6428,.T.);
#3324=ORIENTED_EDGE('',*,*,#6380,.T.);
#3325=ORIENTED_EDGE('',*,*,#6420,.T.);
#3326=ORIENTED_EDGE('',*,*,#6375,.F.);
#3327=ORIENTED_EDGE('',*,*,#6390,.T.);
#3328=ORIENTED_EDGE('',*,*,#6426,.F.);
#3329=ORIENTED_EDGE('',*,*,#6429,.T.);
#3330=ORIENTED_EDGE('',*,*,#6423,.F.);
#3331=ORIENTED_EDGE('',*,*,#6430,.T.);
#3332=ORIENTED_EDGE('',*,*,#6428,.F.);
#3333=ORIENTED_EDGE('',*,*,#6431,.T.);
#3334=ORIENTED_EDGE('',*,*,#6424,.F.);
#3335=ORIENTED_EDGE('',*,*,#6432,.T.);
#3336=ORIENTED_EDGE('',*,*,#6432,.F.);
#3337=ORIENTED_EDGE('',*,*,#6427,.F.);
#3338=ORIENTED_EDGE('',*,*,#6430,.F.);
#3339=ORIENTED_EDGE('',*,*,#6381,.F.);
#3340=ORIENTED_EDGE('',*,*,#6431,.F.);
#3341=ORIENTED_EDGE('',*,*,#6400,.F.);
#3342=ORIENTED_EDGE('',*,*,#6429,.F.);
#3343=ORIENTED_EDGE('',*,*,#6425,.F.);
#3344=ORIENTED_EDGE('',*,*,#6384,.F.);
#3345=ORIENTED_EDGE('',*,*,#6421,.F.);
#3346=ORIENTED_EDGE('',*,*,#6397,.F.);
#3347=ORIENTED_EDGE('',*,*,#6417,.F.);
#3348=ORIENTED_EDGE('',*,*,#6378,.F.);
#3349=ORIENTED_EDGE('',*,*,#6418,.F.);
#3350=ORIENTED_EDGE('',*,*,#6403,.F.);
#3351=ORIENTED_EDGE('',*,*,#6419,.F.);
#3352=ORIENTED_EDGE('',*,*,#6412,.F.);
#3353=ORIENTED_EDGE('',*,*,#6413,.T.);
#3354=ORIENTED_EDGE('',*,*,#6388,.T.);
#3355=ORIENTED_EDGE('',*,*,#6414,.T.);
#3356=ORIENTED_EDGE('',*,*,#6415,.T.);
#3357=ORIENTED_EDGE('',*,*,#6393,.F.);
#3358=ORIENTED_EDGE('',*,*,#6416,.F.);
#3359=ORIENTED_EDGE('',*,*,#6409,.F.);
#3360=ORIENTED_EDGE('',*,*,#6433,.T.);
#3361=ORIENTED_EDGE('',*,*,#6434,.T.);
#3362=ORIENTED_EDGE('',*,*,#6435,.F.);
#3363=ORIENTED_EDGE('',*,*,#6436,.T.);
#3364=ORIENTED_EDGE('',*,*,#6437,.F.);
#3365=ORIENTED_EDGE('',*,*,#6438,.T.);
#3366=ORIENTED_EDGE('',*,*,#6435,.T.);
#3367=ORIENTED_EDGE('',*,*,#6439,.F.);
#3368=ORIENTED_EDGE('',*,*,#6440,.T.);
#3369=ORIENTED_EDGE('',*,*,#6441,.T.);
#3370=ORIENTED_EDGE('',*,*,#6442,.T.);
#3371=ORIENTED_EDGE('',*,*,#6443,.T.);
#3372=ORIENTED_EDGE('',*,*,#6444,.T.);
#3373=ORIENTED_EDGE('',*,*,#6445,.T.);
#3374=ORIENTED_EDGE('',*,*,#6446,.T.);
#3375=ORIENTED_EDGE('',*,*,#6447,.F.);
#3376=ORIENTED_EDGE('',*,*,#6448,.F.);
#3377=ORIENTED_EDGE('',*,*,#6449,.T.);
#3378=ORIENTED_EDGE('',*,*,#6450,.F.);
#3379=ORIENTED_EDGE('',*,*,#6451,.T.);
#3380=ORIENTED_EDGE('',*,*,#6433,.F.);
#3381=ORIENTED_EDGE('',*,*,#6452,.F.);
#3382=ORIENTED_EDGE('',*,*,#6453,.T.);
#3383=ORIENTED_EDGE('',*,*,#6454,.T.);
#3384=ORIENTED_EDGE('',*,*,#6455,.T.);
#3385=ORIENTED_EDGE('',*,*,#6456,.T.);
#3386=ORIENTED_EDGE('',*,*,#6457,.T.);
#3387=ORIENTED_EDGE('',*,*,#6458,.T.);
#3388=ORIENTED_EDGE('',*,*,#6459,.T.);
#3389=ORIENTED_EDGE('',*,*,#6460,.F.);
#3390=ORIENTED_EDGE('',*,*,#6461,.F.);
#3391=ORIENTED_EDGE('',*,*,#6462,.T.);
#3392=ORIENTED_EDGE('',*,*,#6463,.F.);
#3393=ORIENTED_EDGE('',*,*,#6464,.T.);
#3394=ORIENTED_EDGE('',*,*,#6434,.F.);
#3395=ORIENTED_EDGE('',*,*,#6464,.F.);
#3396=ORIENTED_EDGE('',*,*,#6465,.T.);
#3397=ORIENTED_EDGE('',*,*,#6439,.T.);
#3398=ORIENTED_EDGE('',*,*,#6436,.F.);
#3399=ORIENTED_EDGE('',*,*,#6438,.F.);
#3400=ORIENTED_EDGE('',*,*,#6466,.F.);
#3401=ORIENTED_EDGE('',*,*,#6452,.T.);
#3402=ORIENTED_EDGE('',*,*,#6450,.T.);
#3403=ORIENTED_EDGE('',*,*,#6467,.T.);
#3404=ORIENTED_EDGE('',*,*,#6453,.F.);
#3405=ORIENTED_EDGE('',*,*,#6466,.T.);
#3406=ORIENTED_EDGE('',*,*,#6463,.T.);
#3407=ORIENTED_EDGE('',*,*,#6468,.T.);
#3408=ORIENTED_EDGE('',*,*,#6440,.F.);
#3409=ORIENTED_EDGE('',*,*,#6465,.F.);
#3410=ORIENTED_EDGE('',*,*,#6455,.F.);
#3411=ORIENTED_EDGE('',*,*,#6469,.T.);
#3412=ORIENTED_EDGE('',*,*,#6448,.T.);
#3413=ORIENTED_EDGE('',*,*,#6470,.T.);
#3414=ORIENTED_EDGE('',*,*,#6447,.T.);
#3415=ORIENTED_EDGE('',*,*,#6471,.T.);
#3416=ORIENTED_EDGE('',*,*,#6456,.F.);
#3417=ORIENTED_EDGE('',*,*,#6470,.F.);
#3418=ORIENTED_EDGE('',*,*,#6472,.T.);
#3419=ORIENTED_EDGE('',*,*,#6473,.T.);
#3420=ORIENTED_EDGE('',*,*,#6474,.T.);
#3421=ORIENTED_EDGE('',*,*,#6475,.T.);
#3422=ORIENTED_EDGE('',*,*,#6460,.T.);
#3423=ORIENTED_EDGE('',*,*,#6476,.T.);
#3424=ORIENTED_EDGE('',*,*,#6443,.F.);
#3425=ORIENTED_EDGE('',*,*,#6477,.T.);
#3426=ORIENTED_EDGE('',*,*,#6442,.F.);
#3427=ORIENTED_EDGE('',*,*,#6478,.T.);
#3428=ORIENTED_EDGE('',*,*,#6461,.T.);
#3429=ORIENTED_EDGE('',*,*,#6477,.F.);
#3430=ORIENTED_EDGE('',*,*,#6451,.F.);
#3431=ORIENTED_EDGE('',*,*,#6437,.T.);
#3432=ORIENTED_EDGE('',*,*,#6441,.F.);
#3433=ORIENTED_EDGE('',*,*,#6468,.F.);
#3434=ORIENTED_EDGE('',*,*,#6462,.F.);
#3435=ORIENTED_EDGE('',*,*,#6478,.F.);
#3436=ORIENTED_EDGE('',*,*,#6449,.F.);
#3437=ORIENTED_EDGE('',*,*,#6469,.F.);
#3438=ORIENTED_EDGE('',*,*,#6454,.F.);
#3439=ORIENTED_EDGE('',*,*,#6467,.F.);
#3440=ORIENTED_EDGE('',*,*,#6474,.F.);
#3441=ORIENTED_EDGE('',*,*,#6479,.T.);
#3442=ORIENTED_EDGE('',*,*,#6444,.F.);
#3443=ORIENTED_EDGE('',*,*,#6476,.F.);
#3444=ORIENTED_EDGE('',*,*,#6459,.F.);
#3445=ORIENTED_EDGE('',*,*,#6480,.T.);
#3446=ORIENTED_EDGE('',*,*,#6446,.F.);
#3447=ORIENTED_EDGE('',*,*,#6481,.T.);
#3448=ORIENTED_EDGE('',*,*,#6472,.F.);
#3449=ORIENTED_EDGE('',*,*,#6482,.T.);
#3450=ORIENTED_EDGE('',*,*,#6457,.F.);
#3451=ORIENTED_EDGE('',*,*,#6471,.F.);
#3452=ORIENTED_EDGE('',*,*,#6480,.F.);
#3453=ORIENTED_EDGE('',*,*,#6458,.F.);
#3454=ORIENTED_EDGE('',*,*,#6482,.F.);
#3455=ORIENTED_EDGE('',*,*,#6475,.F.);
#3456=ORIENTED_EDGE('',*,*,#6481,.F.);
#3457=ORIENTED_EDGE('',*,*,#6445,.F.);
#3458=ORIENTED_EDGE('',*,*,#6479,.F.);
#3459=ORIENTED_EDGE('',*,*,#6473,.F.);
#3460=ORIENTED_EDGE('',*,*,#6483,.T.);
#3461=ORIENTED_EDGE('',*,*,#6484,.T.);
#3462=ORIENTED_EDGE('',*,*,#6485,.F.);
#3463=ORIENTED_EDGE('',*,*,#6486,.T.);
#3464=ORIENTED_EDGE('',*,*,#6487,.T.);
#3465=ORIENTED_EDGE('',*,*,#6488,.T.);
#3466=ORIENTED_EDGE('',*,*,#6489,.F.);
#3467=ORIENTED_EDGE('',*,*,#6490,.T.);
#3468=ORIENTED_EDGE('',*,*,#6491,.T.);
#3469=ORIENTED_EDGE('',*,*,#6492,.T.);
#3470=ORIENTED_EDGE('',*,*,#6493,.F.);
#3471=ORIENTED_EDGE('',*,*,#6494,.T.);
#3472=ORIENTED_EDGE('',*,*,#6495,.T.);
#3473=ORIENTED_EDGE('',*,*,#6496,.T.);
#3474=ORIENTED_EDGE('',*,*,#6491,.F.);
#3475=ORIENTED_EDGE('',*,*,#6497,.T.);
#3476=ORIENTED_EDGE('',*,*,#6498,.T.);
#3477=ORIENTED_EDGE('',*,*,#6499,.T.);
#3478=ORIENTED_EDGE('',*,*,#6495,.F.);
#3479=ORIENTED_EDGE('',*,*,#6500,.T.);
#3480=ORIENTED_EDGE('',*,*,#6493,.T.);
#3481=ORIENTED_EDGE('',*,*,#6501,.T.);
#3482=ORIENTED_EDGE('',*,*,#6498,.F.);
#3483=ORIENTED_EDGE('',*,*,#6502,.T.);
#3484=ORIENTED_EDGE('',*,*,#6503,.T.);
#3485=ORIENTED_EDGE('',*,*,#6504,.T.);
#3486=ORIENTED_EDGE('',*,*,#6505,.F.);
#3487=ORIENTED_EDGE('',*,*,#6506,.T.);
#3488=ORIENTED_EDGE('',*,*,#6507,.T.);
#3489=ORIENTED_EDGE('',*,*,#6508,.T.);
#3490=ORIENTED_EDGE('',*,*,#6503,.F.);
#3491=ORIENTED_EDGE('',*,*,#6509,.T.);
#3492=ORIENTED_EDGE('',*,*,#6510,.T.);
#3493=ORIENTED_EDGE('',*,*,#6511,.T.);
#3494=ORIENTED_EDGE('',*,*,#6507,.F.);
#3495=ORIENTED_EDGE('',*,*,#6512,.T.);
#3496=ORIENTED_EDGE('',*,*,#6505,.T.);
#3497=ORIENTED_EDGE('',*,*,#6513,.T.);
#3498=ORIENTED_EDGE('',*,*,#6510,.F.);
#3499=ORIENTED_EDGE('',*,*,#6514,.T.);
#3500=ORIENTED_EDGE('',*,*,#6489,.T.);
#3501=ORIENTED_EDGE('',*,*,#6515,.T.);
#3502=ORIENTED_EDGE('',*,*,#6483,.F.);
#3503=ORIENTED_EDGE('',*,*,#6516,.T.);
#3504=ORIENTED_EDGE('',*,*,#6485,.T.);
#3505=ORIENTED_EDGE('',*,*,#6517,.T.);
#3506=ORIENTED_EDGE('',*,*,#6487,.F.);
#3507=ORIENTED_EDGE('',*,*,#6518,.T.);
#3508=ORIENTED_EDGE('',*,*,#6519,.T.);
#3509=ORIENTED_EDGE('',*,*,#6520,.T.);
#3510=ORIENTED_EDGE('',*,*,#6521,.F.);
#3511=ORIENTED_EDGE('',*,*,#6522,.T.);
#3512=ORIENTED_EDGE('',*,*,#6523,.T.);
#3513=ORIENTED_EDGE('',*,*,#6524,.T.);
#3514=ORIENTED_EDGE('',*,*,#6519,.F.);
#3515=ORIENTED_EDGE('',*,*,#6525,.T.);
#3516=ORIENTED_EDGE('',*,*,#6526,.T.);
#3517=ORIENTED_EDGE('',*,*,#6527,.T.);
#3518=ORIENTED_EDGE('',*,*,#6523,.F.);
#3519=ORIENTED_EDGE('',*,*,#6528,.T.);
#3520=ORIENTED_EDGE('',*,*,#6521,.T.);
#3521=ORIENTED_EDGE('',*,*,#6529,.T.);
#3522=ORIENTED_EDGE('',*,*,#6526,.F.);
#3523=ORIENTED_EDGE('',*,*,#6530,.T.);
#3524=ORIENTED_EDGE('',*,*,#6531,.T.);
#3525=ORIENTED_EDGE('',*,*,#6532,.T.);
#3526=ORIENTED_EDGE('',*,*,#6533,.F.);
#3527=ORIENTED_EDGE('',*,*,#6534,.T.);
#3528=ORIENTED_EDGE('',*,*,#6535,.T.);
#3529=ORIENTED_EDGE('',*,*,#6536,.T.);
#3530=ORIENTED_EDGE('',*,*,#6531,.F.);
#3531=ORIENTED_EDGE('',*,*,#6537,.T.);
#3532=ORIENTED_EDGE('',*,*,#6538,.T.);
#3533=ORIENTED_EDGE('',*,*,#6539,.T.);
#3534=ORIENTED_EDGE('',*,*,#6535,.F.);
#3535=ORIENTED_EDGE('',*,*,#6540,.T.);
#3536=ORIENTED_EDGE('',*,*,#6533,.T.);
#3537=ORIENTED_EDGE('',*,*,#6541,.T.);
#3538=ORIENTED_EDGE('',*,*,#6538,.F.);
#3539=ORIENTED_EDGE('',*,*,#6542,.T.);
#3540=ORIENTED_EDGE('',*,*,#6543,.F.);
#3541=ORIENTED_EDGE('',*,*,#6544,.T.);
#3542=ORIENTED_EDGE('',*,*,#6545,.T.);
#3543=ORIENTED_EDGE('',*,*,#6546,.T.);
#3544=ORIENTED_EDGE('',*,*,#6545,.F.);
#3545=ORIENTED_EDGE('',*,*,#6547,.T.);
#3546=ORIENTED_EDGE('',*,*,#6548,.F.);
#3547=ORIENTED_EDGE('',*,*,#6549,.F.);
#3548=ORIENTED_EDGE('',*,*,#6550,.F.);
#3549=ORIENTED_EDGE('',*,*,#6543,.T.);
#3550=ORIENTED_EDGE('',*,*,#6551,.T.);
#3551=ORIENTED_EDGE('',*,*,#6552,.T.);
#3552=ORIENTED_EDGE('',*,*,#6553,.F.);
#3553=ORIENTED_EDGE('',*,*,#6554,.T.);
#3554=ORIENTED_EDGE('',*,*,#6555,.F.);
#3555=ORIENTED_EDGE('',*,*,#6556,.F.);
#3556=ORIENTED_EDGE('',*,*,#6557,.F.);
#3557=ORIENTED_EDGE('',*,*,#6558,.T.);
#3558=ORIENTED_EDGE('',*,*,#6556,.T.);
#3559=ORIENTED_EDGE('',*,*,#6559,.T.);
#3560=ORIENTED_EDGE('',*,*,#6560,.F.);
#3561=ORIENTED_EDGE('',*,*,#6561,.T.);
#3562=ORIENTED_EDGE('',*,*,#6562,.F.);
#3563=ORIENTED_EDGE('',*,*,#6554,.F.);
#3564=ORIENTED_EDGE('',*,*,#6563,.F.);
#3565=ORIENTED_EDGE('',*,*,#6564,.T.);
#3566=ORIENTED_EDGE('',*,*,#6565,.T.);
#3567=ORIENTED_EDGE('',*,*,#6566,.F.);
#3568=ORIENTED_EDGE('',*,*,#6567,.F.);
#3569=ORIENTED_EDGE('',*,*,#6568,.T.);
#3570=ORIENTED_EDGE('',*,*,#6563,.T.);
#3571=ORIENTED_EDGE('',*,*,#6569,.T.);
#3572=ORIENTED_EDGE('',*,*,#6570,.F.);
#3573=ORIENTED_EDGE('',*,*,#6571,.T.);
#3574=ORIENTED_EDGE('',*,*,#6572,.F.);
#3575=ORIENTED_EDGE('',*,*,#6565,.F.);
#3576=ORIENTED_EDGE('',*,*,#6573,.F.);
#3577=ORIENTED_EDGE('',*,*,#6574,.T.);
#3578=ORIENTED_EDGE('',*,*,#6575,.T.);
#3579=ORIENTED_EDGE('',*,*,#6576,.F.);
#3580=ORIENTED_EDGE('',*,*,#6574,.F.);
#3581=ORIENTED_EDGE('',*,*,#6577,.T.);
#3582=ORIENTED_EDGE('',*,*,#6578,.F.);
#3583=ORIENTED_EDGE('',*,*,#6579,.F.);
#3584=ORIENTED_EDGE('',*,*,#6580,.F.);
#3585=ORIENTED_EDGE('',*,*,#6576,.T.);
#3586=ORIENTED_EDGE('',*,*,#6581,.T.);
#3587=ORIENTED_EDGE('',*,*,#6582,.T.);
#3588=ORIENTED_EDGE('',*,*,#6583,.T.);
#3589=ORIENTED_EDGE('',*,*,#6584,.T.);
#3590=ORIENTED_EDGE('',*,*,#6585,.T.);
#3591=ORIENTED_EDGE('',*,*,#6586,.T.);
#3592=ORIENTED_EDGE('',*,*,#6587,.T.);
#3593=ORIENTED_EDGE('',*,*,#6588,.T.);
#3594=ORIENTED_EDGE('',*,*,#6589,.T.);
#3595=ORIENTED_EDGE('',*,*,#6590,.T.);
#3596=ORIENTED_EDGE('',*,*,#6591,.T.);
#3597=ORIENTED_EDGE('',*,*,#6592,.T.);
#3598=ORIENTED_EDGE('',*,*,#6593,.T.);
#3599=ORIENTED_EDGE('',*,*,#6594,.T.);
#3600=ORIENTED_EDGE('',*,*,#6595,.T.);
#3601=ORIENTED_EDGE('',*,*,#6596,.T.);
#3602=ORIENTED_EDGE('',*,*,#6597,.T.);
#3603=ORIENTED_EDGE('',*,*,#6598,.T.);
#3604=ORIENTED_EDGE('',*,*,#6599,.F.);
#3605=ORIENTED_EDGE('',*,*,#6600,.F.);
#3606=ORIENTED_EDGE('',*,*,#6601,.F.);
#3607=ORIENTED_EDGE('',*,*,#6602,.F.);
#3608=ORIENTED_EDGE('',*,*,#6603,.F.);
#3609=ORIENTED_EDGE('',*,*,#6604,.F.);
#3610=ORIENTED_EDGE('',*,*,#6605,.F.);
#3611=ORIENTED_EDGE('',*,*,#6606,.F.);
#3612=ORIENTED_EDGE('',*,*,#6607,.T.);
#3613=ORIENTED_EDGE('',*,*,#6608,.T.);
#3614=ORIENTED_EDGE('',*,*,#6609,.T.);
#3615=ORIENTED_EDGE('',*,*,#6610,.T.);
#3616=ORIENTED_EDGE('',*,*,#6611,.T.);
#3617=ORIENTED_EDGE('',*,*,#6612,.T.);
#3618=ORIENTED_EDGE('',*,*,#6613,.T.);
#3619=ORIENTED_EDGE('',*,*,#6614,.T.);
#3620=ORIENTED_EDGE('',*,*,#6615,.T.);
#3621=ORIENTED_EDGE('',*,*,#6616,.F.);
#3622=ORIENTED_EDGE('',*,*,#6617,.T.);
#3623=ORIENTED_EDGE('',*,*,#6618,.F.);
#3624=ORIENTED_EDGE('',*,*,#6619,.T.);
#3625=ORIENTED_EDGE('',*,*,#6620,.F.);
#3626=ORIENTED_EDGE('',*,*,#6621,.T.);
#3627=ORIENTED_EDGE('',*,*,#6622,.F.);
#3628=ORIENTED_EDGE('',*,*,#6623,.T.);
#3629=ORIENTED_EDGE('',*,*,#6624,.T.);
#3630=ORIENTED_EDGE('',*,*,#6625,.T.);
#3631=ORIENTED_EDGE('',*,*,#6626,.T.);
#3632=ORIENTED_EDGE('',*,*,#6627,.T.);
#3633=ORIENTED_EDGE('',*,*,#6628,.T.);
#3634=ORIENTED_EDGE('',*,*,#6629,.T.);
#3635=ORIENTED_EDGE('',*,*,#6630,.T.);
#3636=ORIENTED_EDGE('',*,*,#6631,.T.);
#3637=ORIENTED_EDGE('',*,*,#6632,.T.);
#3638=ORIENTED_EDGE('',*,*,#6633,.T.);
#3639=ORIENTED_EDGE('',*,*,#6634,.T.);
#3640=ORIENTED_EDGE('',*,*,#6635,.T.);
#3641=ORIENTED_EDGE('',*,*,#6636,.T.);
#3642=ORIENTED_EDGE('',*,*,#6637,.T.);
#3643=ORIENTED_EDGE('',*,*,#6638,.T.);
#3644=ORIENTED_EDGE('',*,*,#6639,.T.);
#3645=ORIENTED_EDGE('',*,*,#6640,.T.);
#3646=ORIENTED_EDGE('',*,*,#6641,.T.);
#3647=ORIENTED_EDGE('',*,*,#6642,.T.);
#3648=ORIENTED_EDGE('',*,*,#6643,.T.);
#3649=ORIENTED_EDGE('',*,*,#6644,.T.);
#3650=ORIENTED_EDGE('',*,*,#6645,.T.);
#3651=ORIENTED_EDGE('',*,*,#6646,.T.);
#3652=ORIENTED_EDGE('',*,*,#6647,.T.);
#3653=ORIENTED_EDGE('',*,*,#6648,.T.);
#3654=ORIENTED_EDGE('',*,*,#6649,.T.);
#3655=ORIENTED_EDGE('',*,*,#6650,.T.);
#3656=ORIENTED_EDGE('',*,*,#6651,.T.);
#3657=ORIENTED_EDGE('',*,*,#6652,.T.);
#3658=ORIENTED_EDGE('',*,*,#6653,.T.);
#3659=ORIENTED_EDGE('',*,*,#6654,.T.);
#3660=ORIENTED_EDGE('',*,*,#6655,.F.);
#3661=ORIENTED_EDGE('',*,*,#6656,.T.);
#3662=ORIENTED_EDGE('',*,*,#6657,.F.);
#3663=ORIENTED_EDGE('',*,*,#6658,.T.);
#3664=ORIENTED_EDGE('',*,*,#6659,.F.);
#3665=ORIENTED_EDGE('',*,*,#6660,.T.);
#3666=ORIENTED_EDGE('',*,*,#6661,.F.);
#3667=ORIENTED_EDGE('',*,*,#6662,.T.);
#3668=ORIENTED_EDGE('',*,*,#6663,.F.);
#3669=ORIENTED_EDGE('',*,*,#6664,.T.);
#3670=ORIENTED_EDGE('',*,*,#6665,.T.);
#3671=ORIENTED_EDGE('',*,*,#6666,.T.);
#3672=ORIENTED_EDGE('',*,*,#6667,.F.);
#3673=ORIENTED_EDGE('',*,*,#6668,.T.);
#3674=ORIENTED_EDGE('',*,*,#6669,.T.);
#3675=ORIENTED_EDGE('',*,*,#6670,.T.);
#3676=ORIENTED_EDGE('',*,*,#6671,.T.);
#3677=ORIENTED_EDGE('',*,*,#6672,.T.);
#3678=ORIENTED_EDGE('',*,*,#6673,.T.);
#3679=ORIENTED_EDGE('',*,*,#6674,.T.);
#3680=ORIENTED_EDGE('',*,*,#6675,.T.);
#3681=ORIENTED_EDGE('',*,*,#6676,.T.);
#3682=ORIENTED_EDGE('',*,*,#6677,.T.);
#3683=ORIENTED_EDGE('',*,*,#6678,.T.);
#3684=ORIENTED_EDGE('',*,*,#6679,.T.);
#3685=ORIENTED_EDGE('',*,*,#6680,.T.);
#3686=ORIENTED_EDGE('',*,*,#6681,.T.);
#3687=ORIENTED_EDGE('',*,*,#6682,.T.);
#3688=ORIENTED_EDGE('',*,*,#6683,.T.);
#3689=ORIENTED_EDGE('',*,*,#6684,.T.);
#3690=ORIENTED_EDGE('',*,*,#6685,.T.);
#3691=ORIENTED_EDGE('',*,*,#6686,.T.);
#3692=ORIENTED_EDGE('',*,*,#6687,.F.);
#3693=ORIENTED_EDGE('',*,*,#6688,.T.);
#3694=ORIENTED_EDGE('',*,*,#6689,.F.);
#3695=ORIENTED_EDGE('',*,*,#6690,.T.);
#3696=ORIENTED_EDGE('',*,*,#6691,.F.);
#3697=ORIENTED_EDGE('',*,*,#6692,.T.);
#3698=ORIENTED_EDGE('',*,*,#6516,.F.);
#3699=ORIENTED_EDGE('',*,*,#6486,.F.);
#3700=ORIENTED_EDGE('',*,*,#6518,.F.);
#3701=ORIENTED_EDGE('',*,*,#6490,.F.);
#3702=ORIENTED_EDGE('',*,*,#6537,.F.);
#3703=ORIENTED_EDGE('',*,*,#6534,.F.);
#3704=ORIENTED_EDGE('',*,*,#6542,.F.);
#3705=ORIENTED_EDGE('',*,*,#6540,.F.);
#3706=ORIENTED_EDGE('',*,*,#6497,.F.);
#3707=ORIENTED_EDGE('',*,*,#6494,.F.);
#3708=ORIENTED_EDGE('',*,*,#6502,.F.);
#3709=ORIENTED_EDGE('',*,*,#6500,.F.);
#3710=ORIENTED_EDGE('',*,*,#6525,.F.);
#3711=ORIENTED_EDGE('',*,*,#6522,.F.);
#3712=ORIENTED_EDGE('',*,*,#6530,.F.);
#3713=ORIENTED_EDGE('',*,*,#6528,.F.);
#3714=ORIENTED_EDGE('',*,*,#6509,.F.);
#3715=ORIENTED_EDGE('',*,*,#6506,.F.);
#3716=ORIENTED_EDGE('',*,*,#6514,.F.);
#3717=ORIENTED_EDGE('',*,*,#6512,.F.);
#3718=ORIENTED_EDGE('',*,*,#6575,.F.);
#3719=ORIENTED_EDGE('',*,*,#6579,.T.);
#3720=ORIENTED_EDGE('',*,*,#6693,.T.);
#3721=ORIENTED_EDGE('',*,*,#6694,.T.);
#3722=ORIENTED_EDGE('',*,*,#6695,.T.);
#3723=ORIENTED_EDGE('',*,*,#6559,.F.);
#3724=ORIENTED_EDGE('',*,*,#6555,.T.);
#3725=ORIENTED_EDGE('',*,*,#6562,.T.);
#3726=ORIENTED_EDGE('',*,*,#6696,.T.);
#3727=ORIENTED_EDGE('',*,*,#6551,.F.);
#3728=ORIENTED_EDGE('',*,*,#6546,.F.);
#3729=ORIENTED_EDGE('',*,*,#6549,.T.);
#3730=ORIENTED_EDGE('',*,*,#6697,.T.);
#3731=ORIENTED_EDGE('',*,*,#6698,.T.);
#3732=ORIENTED_EDGE('',*,*,#6699,.T.);
#3733=ORIENTED_EDGE('',*,*,#6569,.F.);
#3734=ORIENTED_EDGE('',*,*,#6566,.T.);
#3735=ORIENTED_EDGE('',*,*,#6572,.T.);
#3736=ORIENTED_EDGE('',*,*,#6700,.T.);
#3737=ORIENTED_EDGE('',*,*,#6581,.F.);
#3738=ORIENTED_EDGE('',*,*,#6693,.F.);
#3739=ORIENTED_EDGE('',*,*,#6578,.T.);
#3740=ORIENTED_EDGE('',*,*,#6701,.F.);
#3741=ORIENTED_EDGE('',*,*,#6702,.T.);
#3742=ORIENTED_EDGE('',*,*,#6703,.F.);
#3743=ORIENTED_EDGE('',*,*,#6567,.T.);
#3744=ORIENTED_EDGE('',*,*,#6699,.F.);
#3745=ORIENTED_EDGE('',*,*,#6704,.F.);
#3746=ORIENTED_EDGE('',*,*,#6705,.F.);
#3747=ORIENTED_EDGE('',*,*,#6557,.T.);
#3748=ORIENTED_EDGE('',*,*,#6695,.F.);
#3749=ORIENTED_EDGE('',*,*,#6706,.T.);
#3750=ORIENTED_EDGE('',*,*,#6697,.F.);
#3751=ORIENTED_EDGE('',*,*,#6548,.T.);
#3752=ORIENTED_EDGE('',*,*,#6707,.F.);
#3753=ORIENTED_EDGE('',*,*,#6708,.F.);
#3754=ORIENTED_EDGE('',*,*,#6709,.T.);
#3755=ORIENTED_EDGE('',*,*,#6710,.T.);
#3756=ORIENTED_EDGE('',*,*,#6711,.T.);
#3757=ORIENTED_EDGE('',*,*,#6712,.T.);
#3758=ORIENTED_EDGE('',*,*,#6713,.T.);
#3759=ORIENTED_EDGE('',*,*,#6714,.T.);
#3760=ORIENTED_EDGE('',*,*,#6715,.T.);
#3761=ORIENTED_EDGE('',*,*,#6716,.T.);
#3762=ORIENTED_EDGE('',*,*,#6717,.T.);
#3763=ORIENTED_EDGE('',*,*,#6718,.T.);
#3764=ORIENTED_EDGE('',*,*,#6719,.F.);
#3765=ORIENTED_EDGE('',*,*,#6720,.T.);
#3766=ORIENTED_EDGE('',*,*,#6721,.T.);
#3767=ORIENTED_EDGE('',*,*,#6722,.T.);
#3768=ORIENTED_EDGE('',*,*,#6723,.T.);
#3769=ORIENTED_EDGE('',*,*,#6724,.F.);
#3770=ORIENTED_EDGE('',*,*,#6715,.F.);
#3771=ORIENTED_EDGE('',*,*,#6725,.T.);
#3772=ORIENTED_EDGE('',*,*,#6726,.F.);
#3773=ORIENTED_EDGE('',*,*,#6727,.F.);
#3774=ORIENTED_EDGE('',*,*,#6709,.F.);
#3775=ORIENTED_EDGE('',*,*,#6728,.T.);
#3776=ORIENTED_EDGE('',*,*,#6729,.F.);
#3777=ORIENTED_EDGE('',*,*,#6730,.T.);
#3778=ORIENTED_EDGE('',*,*,#6731,.T.);
#3779=ORIENTED_EDGE('',*,*,#6732,.T.);
#3780=ORIENTED_EDGE('',*,*,#6733,.T.);
#3781=ORIENTED_EDGE('',*,*,#6734,.T.);
#3782=ORIENTED_EDGE('',*,*,#6735,.T.);
#3783=ORIENTED_EDGE('',*,*,#6736,.T.);
#3784=ORIENTED_EDGE('',*,*,#6737,.F.);
#3785=ORIENTED_EDGE('',*,*,#6738,.T.);
#3786=ORIENTED_EDGE('',*,*,#6739,.T.);
#3787=ORIENTED_EDGE('',*,*,#6740,.T.);
#3788=ORIENTED_EDGE('',*,*,#6741,.T.);
#3789=ORIENTED_EDGE('',*,*,#6742,.T.);
#3790=ORIENTED_EDGE('',*,*,#6743,.T.);
#3791=ORIENTED_EDGE('',*,*,#6744,.T.);
#3792=ORIENTED_EDGE('',*,*,#6745,.F.);
#3793=ORIENTED_EDGE('',*,*,#6739,.F.);
#3794=ORIENTED_EDGE('',*,*,#6746,.F.);
#3795=ORIENTED_EDGE('',*,*,#6747,.F.);
#3796=ORIENTED_EDGE('',*,*,#6748,.F.);
#3797=ORIENTED_EDGE('',*,*,#6730,.F.);
#3798=ORIENTED_EDGE('',*,*,#6749,.T.);
#3799=ORIENTED_EDGE('',*,*,#6750,.F.);
#3800=ORIENTED_EDGE('',*,*,#6751,.F.);
#3801=ORIENTED_EDGE('',*,*,#6752,.T.);
#3802=ORIENTED_EDGE('',*,*,#6689,.T.);
#3803=ORIENTED_EDGE('',*,*,#6753,.T.);
#3804=ORIENTED_EDGE('',*,*,#6754,.F.);
#3805=ORIENTED_EDGE('',*,*,#6755,.T.);
#3806=ORIENTED_EDGE('',*,*,#6756,.F.);
#3807=ORIENTED_EDGE('',*,*,#6757,.T.);
#3808=ORIENTED_EDGE('',*,*,#6758,.F.);
#3809=ORIENTED_EDGE('',*,*,#6759,.T.);
#3810=ORIENTED_EDGE('',*,*,#6681,.F.);
#3811=ORIENTED_EDGE('',*,*,#6760,.T.);
#3812=ORIENTED_EDGE('',*,*,#6761,.T.);
#3813=ORIENTED_EDGE('',*,*,#6762,.T.);
#3814=ORIENTED_EDGE('',*,*,#6763,.T.);
#3815=ORIENTED_EDGE('',*,*,#6663,.T.);
#3816=ORIENTED_EDGE('',*,*,#6764,.T.);
#3817=ORIENTED_EDGE('',*,*,#6492,.F.);
#3818=ORIENTED_EDGE('',*,*,#6496,.F.);
#3819=ORIENTED_EDGE('',*,*,#6499,.F.);
#3820=ORIENTED_EDGE('',*,*,#6501,.F.);
#3821=ORIENTED_EDGE('',*,*,#6504,.F.);
#3822=ORIENTED_EDGE('',*,*,#6508,.F.);
#3823=ORIENTED_EDGE('',*,*,#6511,.F.);
#3824=ORIENTED_EDGE('',*,*,#6513,.F.);
#3825=ORIENTED_EDGE('',*,*,#6515,.F.);
#3826=ORIENTED_EDGE('',*,*,#6488,.F.);
#3827=ORIENTED_EDGE('',*,*,#6517,.F.);
#3828=ORIENTED_EDGE('',*,*,#6484,.F.);
#3829=ORIENTED_EDGE('',*,*,#6520,.F.);
#3830=ORIENTED_EDGE('',*,*,#6524,.F.);
#3831=ORIENTED_EDGE('',*,*,#6527,.F.);
#3832=ORIENTED_EDGE('',*,*,#6529,.F.);
#3833=ORIENTED_EDGE('',*,*,#6532,.F.);
#3834=ORIENTED_EDGE('',*,*,#6536,.F.);
#3835=ORIENTED_EDGE('',*,*,#6539,.F.);
#3836=ORIENTED_EDGE('',*,*,#6541,.F.);
#3837=ORIENTED_EDGE('',*,*,#6765,.T.);
#3838=ORIENTED_EDGE('',*,*,#6766,.T.);
#3839=ORIENTED_EDGE('',*,*,#6767,.T.);
#3840=ORIENTED_EDGE('',*,*,#6701,.T.);
#3841=ORIENTED_EDGE('',*,*,#6577,.F.);
#3842=ORIENTED_EDGE('',*,*,#6573,.T.);
#3843=ORIENTED_EDGE('',*,*,#6580,.T.);
#3844=ORIENTED_EDGE('',*,*,#6768,.T.);
#3845=ORIENTED_EDGE('',*,*,#6570,.T.);
#3846=ORIENTED_EDGE('',*,*,#6564,.F.);
#3847=ORIENTED_EDGE('',*,*,#6568,.F.);
#3848=ORIENTED_EDGE('',*,*,#6703,.T.);
#3849=ORIENTED_EDGE('',*,*,#6769,.T.);
#3850=ORIENTED_EDGE('',*,*,#6770,.T.);
#3851=ORIENTED_EDGE('',*,*,#6771,.T.);
#3852=ORIENTED_EDGE('',*,*,#6707,.T.);
#3853=ORIENTED_EDGE('',*,*,#6547,.F.);
#3854=ORIENTED_EDGE('',*,*,#6544,.F.);
#3855=ORIENTED_EDGE('',*,*,#6550,.T.);
#3856=ORIENTED_EDGE('',*,*,#6772,.T.);
#3857=ORIENTED_EDGE('',*,*,#6560,.T.);
#3858=ORIENTED_EDGE('',*,*,#6553,.T.);
#3859=ORIENTED_EDGE('',*,*,#6558,.F.);
#3860=ORIENTED_EDGE('',*,*,#6705,.T.);
#3861=ORIENTED_EDGE('',*,*,#6773,.F.);
#3862=ORIENTED_EDGE('',*,*,#6774,.T.);
#3863=ORIENTED_EDGE('',*,*,#6775,.T.);
#3864=ORIENTED_EDGE('',*,*,#6776,.F.);
#3865=ORIENTED_EDGE('',*,*,#6777,.F.);
#3866=ORIENTED_EDGE('',*,*,#6778,.F.);
#3867=ORIENTED_EDGE('',*,*,#6779,.F.);
#3868=ORIENTED_EDGE('',*,*,#6780,.T.);
#3869=ORIENTED_EDGE('',*,*,#6781,.T.);
#3870=ORIENTED_EDGE('',*,*,#6782,.T.);
#3871=ORIENTED_EDGE('',*,*,#6783,.F.);
#3872=ORIENTED_EDGE('',*,*,#6784,.F.);
#3873=ORIENTED_EDGE('',*,*,#6785,.F.);
#3874=ORIENTED_EDGE('',*,*,#6786,.T.);
#3875=ORIENTED_EDGE('',*,*,#6787,.F.);
#3876=ORIENTED_EDGE('',*,*,#6788,.F.);
#3877=ORIENTED_EDGE('',*,*,#6789,.F.);
#3878=ORIENTED_EDGE('',*,*,#6790,.T.);
#3879=ORIENTED_EDGE('',*,*,#6791,.T.);
#3880=ORIENTED_EDGE('',*,*,#6792,.F.);
#3881=ORIENTED_EDGE('',*,*,#6793,.T.);
#3882=ORIENTED_EDGE('',*,*,#6794,.T.);
#3883=ORIENTED_EDGE('',*,*,#6795,.F.);
#3884=ORIENTED_EDGE('',*,*,#6796,.F.);
#3885=ORIENTED_EDGE('',*,*,#6797,.T.);
#3886=ORIENTED_EDGE('',*,*,#6675,.F.);
#3887=ORIENTED_EDGE('',*,*,#6798,.T.);
#3888=ORIENTED_EDGE('',*,*,#6799,.T.);
#3889=ORIENTED_EDGE('',*,*,#6800,.T.);
#3890=ORIENTED_EDGE('',*,*,#6641,.F.);
#3891=ORIENTED_EDGE('',*,*,#6801,.T.);
#3892=ORIENTED_EDGE('',*,*,#6750,.T.);
#3893=ORIENTED_EDGE('',*,*,#6653,.F.);
#3894=ORIENTED_EDGE('',*,*,#6802,.T.);
#3895=ORIENTED_EDGE('',*,*,#6616,.T.);
#3896=ORIENTED_EDGE('',*,*,#6803,.T.);
#3897=ORIENTED_EDGE('',*,*,#6667,.T.);
#3898=ORIENTED_EDGE('',*,*,#6804,.T.);
#3899=ORIENTED_EDGE('',*,*,#6805,.T.);
#3900=ORIENTED_EDGE('',*,*,#6806,.T.);
#3901=ORIENTED_EDGE('',*,*,#6807,.T.);
#3902=ORIENTED_EDGE('',*,*,#6808,.T.);
#3903=ORIENTED_EDGE('',*,*,#6809,.T.);
#3904=ORIENTED_EDGE('',*,*,#6669,.F.);
#3905=ORIENTED_EDGE('',*,*,#6810,.T.);
#3906=ORIENTED_EDGE('',*,*,#6671,.F.);
#3907=ORIENTED_EDGE('',*,*,#6811,.T.);
#3908=ORIENTED_EDGE('',*,*,#6812,.T.);
#3909=ORIENTED_EDGE('',*,*,#6813,.T.);
#3910=ORIENTED_EDGE('',*,*,#6645,.F.);
#3911=ORIENTED_EDGE('',*,*,#6814,.T.);
#3912=ORIENTED_EDGE('',*,*,#6747,.T.);
#3913=ORIENTED_EDGE('',*,*,#6815,.T.);
#3914=ORIENTED_EDGE('',*,*,#6816,.T.);
#3915=ORIENTED_EDGE('',*,*,#6817,.T.);
#3916=ORIENTED_EDGE('',*,*,#6673,.F.);
#3917=ORIENTED_EDGE('',*,*,#6818,.T.);
#3918=ORIENTED_EDGE('',*,*,#6819,.T.);
#3919=ORIENTED_EDGE('',*,*,#6820,.T.);
#3920=ORIENTED_EDGE('',*,*,#6685,.F.);
#3921=ORIENTED_EDGE('',*,*,#6821,.T.);
#3922=ORIENTED_EDGE('',*,*,#6822,.T.);
#3923=ORIENTED_EDGE('',*,*,#6823,.T.);
#3924=ORIENTED_EDGE('',*,*,#6683,.F.);
#3925=ORIENTED_EDGE('',*,*,#6824,.T.);
#3926=ORIENTED_EDGE('',*,*,#6825,.T.);
#3927=ORIENTED_EDGE('',*,*,#6826,.T.);
#3928=ORIENTED_EDGE('',*,*,#6679,.F.);
#3929=ORIENTED_EDGE('',*,*,#6827,.T.);
#3930=ORIENTED_EDGE('',*,*,#6828,.T.);
#3931=ORIENTED_EDGE('',*,*,#6829,.T.);
#3932=ORIENTED_EDGE('',*,*,#6677,.F.);
#3933=ORIENTED_EDGE('',*,*,#6830,.T.);
#3934=ORIENTED_EDGE('',*,*,#6831,.T.);
#3935=ORIENTED_EDGE('',*,*,#6832,.F.);
#3936=ORIENTED_EDGE('',*,*,#6833,.T.);
#3937=ORIENTED_EDGE('',*,*,#6834,.F.);
#3938=ORIENTED_EDGE('',*,*,#6835,.T.);
#3939=ORIENTED_EDGE('',*,*,#6836,.F.);
#3940=ORIENTED_EDGE('',*,*,#6837,.T.);
#3941=ORIENTED_EDGE('',*,*,#6838,.T.);
#3942=ORIENTED_EDGE('',*,*,#6839,.T.);
#3943=ORIENTED_EDGE('',*,*,#6840,.T.);
#3944=ORIENTED_EDGE('',*,*,#6841,.T.);
#3945=ORIENTED_EDGE('',*,*,#6842,.T.);
#3946=ORIENTED_EDGE('',*,*,#6843,.T.);
#3947=ORIENTED_EDGE('',*,*,#6844,.T.);
#3948=ORIENTED_EDGE('',*,*,#6845,.T.);
#3949=ORIENTED_EDGE('',*,*,#6846,.T.);
#3950=ORIENTED_EDGE('',*,*,#6847,.T.);
#3951=ORIENTED_EDGE('',*,*,#6848,.T.);
#3952=ORIENTED_EDGE('',*,*,#6849,.T.);
#3953=ORIENTED_EDGE('',*,*,#6850,.T.);
#3954=ORIENTED_EDGE('',*,*,#6655,.T.);
#3955=ORIENTED_EDGE('',*,*,#6851,.T.);
#3956=ORIENTED_EDGE('',*,*,#6852,.T.);
#3957=ORIENTED_EDGE('',*,*,#6853,.T.);
#3958=ORIENTED_EDGE('',*,*,#6630,.F.);
#3959=ORIENTED_EDGE('',*,*,#6854,.T.);
#3960=ORIENTED_EDGE('',*,*,#6729,.T.);
#3961=ORIENTED_EDGE('',*,*,#6855,.T.);
#3962=ORIENTED_EDGE('',*,*,#6856,.T.);
#3963=ORIENTED_EDGE('',*,*,#6857,.T.);
#3964=ORIENTED_EDGE('',*,*,#6858,.T.);
#3965=ORIENTED_EDGE('',*,*,#6661,.T.);
#3966=ORIENTED_EDGE('',*,*,#6659,.T.);
#3967=ORIENTED_EDGE('',*,*,#6859,.T.);
#3968=ORIENTED_EDGE('',*,*,#6860,.T.);
#3969=ORIENTED_EDGE('',*,*,#6861,.T.);
#3970=ORIENTED_EDGE('',*,*,#6626,.F.);
#3971=ORIENTED_EDGE('',*,*,#6862,.T.);
#3972=ORIENTED_EDGE('',*,*,#6726,.T.);
#3973=ORIENTED_EDGE('',*,*,#6863,.T.);
#3974=ORIENTED_EDGE('',*,*,#6864,.T.);
#3975=ORIENTED_EDGE('',*,*,#6865,.T.);
#3976=ORIENTED_EDGE('',*,*,#6866,.T.);
#3977=ORIENTED_EDGE('',*,*,#6657,.T.);
#3978=ORIENTED_EDGE('',*,*,#6867,.T.);
#3979=ORIENTED_EDGE('',*,*,#6868,.T.);
#3980=ORIENTED_EDGE('',*,*,#6869,.T.);
#3981=ORIENTED_EDGE('',*,*,#6687,.T.);
#3982=ORIENTED_EDGE('',*,*,#6870,.T.);
#3983=ORIENTED_EDGE('',*,*,#6871,.T.);
#3984=ORIENTED_EDGE('',*,*,#6872,.T.);
#3985=ORIENTED_EDGE('',*,*,#6691,.T.);
#3986=ORIENTED_EDGE('',*,*,#6618,.T.);
#3987=ORIENTED_EDGE('',*,*,#6873,.T.);
#3988=ORIENTED_EDGE('',*,*,#6737,.T.);
#3989=ORIENTED_EDGE('',*,*,#6874,.T.);
#3990=ORIENTED_EDGE('',*,*,#6875,.T.);
#3991=ORIENTED_EDGE('',*,*,#6719,.T.);
#3992=ORIENTED_EDGE('',*,*,#6876,.T.);
#3993=ORIENTED_EDGE('',*,*,#6622,.T.);
#3994=ORIENTED_EDGE('',*,*,#6877,.T.);
#3995=ORIENTED_EDGE('',*,*,#6878,.T.);
#3996=ORIENTED_EDGE('',*,*,#6665,.F.);
#3997=ORIENTED_EDGE('',*,*,#6879,.T.);
#3998=ORIENTED_EDGE('',*,*,#6620,.T.);
#3999=ORIENTED_EDGE('',*,*,#6880,.T.);
#4000=ORIENTED_EDGE('',*,*,#6881,.F.);
#4001=ORIENTED_EDGE('',*,*,#6765,.F.);
#4002=ORIENTED_EDGE('',*,*,#6706,.F.);
#4003=ORIENTED_EDGE('',*,*,#6561,.F.);
#4004=ORIENTED_EDGE('',*,*,#6772,.F.);
#4005=ORIENTED_EDGE('',*,*,#6552,.F.);
#4006=ORIENTED_EDGE('',*,*,#6696,.F.);
#4007=ORIENTED_EDGE('',*,*,#6881,.T.);
#4008=ORIENTED_EDGE('',*,*,#6694,.F.);
#4009=ORIENTED_EDGE('',*,*,#6882,.F.);
#4010=ORIENTED_EDGE('',*,*,#6766,.F.);
#4011=ORIENTED_EDGE('',*,*,#6708,.T.);
#4012=ORIENTED_EDGE('',*,*,#6771,.F.);
#4013=ORIENTED_EDGE('',*,*,#6883,.F.);
#4014=ORIENTED_EDGE('',*,*,#6767,.F.);
#4015=ORIENTED_EDGE('',*,*,#6882,.T.);
#4016=ORIENTED_EDGE('',*,*,#6702,.F.);
#4017=ORIENTED_EDGE('',*,*,#6883,.T.);
#4018=ORIENTED_EDGE('',*,*,#6770,.F.);
#4019=ORIENTED_EDGE('',*,*,#6884,.F.);
#4020=ORIENTED_EDGE('',*,*,#6698,.F.);
#4021=ORIENTED_EDGE('',*,*,#6582,.F.);
#4022=ORIENTED_EDGE('',*,*,#6700,.F.);
#4023=ORIENTED_EDGE('',*,*,#6571,.F.);
#4024=ORIENTED_EDGE('',*,*,#6768,.F.);
#4025=ORIENTED_EDGE('',*,*,#6769,.F.);
#4026=ORIENTED_EDGE('',*,*,#6704,.T.);
#4027=ORIENTED_EDGE('',*,*,#6884,.T.);
#4028=ORIENTED_EDGE('',*,*,#6858,.F.);
#4029=ORIENTED_EDGE('',*,*,#6885,.T.);
#4030=ORIENTED_EDGE('',*,*,#6761,.F.);
#4031=ORIENTED_EDGE('',*,*,#6662,.F.);
#4032=ORIENTED_EDGE('',*,*,#6863,.F.);
#4033=ORIENTED_EDGE('',*,*,#6886,.T.);
#4034=ORIENTED_EDGE('',*,*,#6856,.F.);
#4035=ORIENTED_EDGE('',*,*,#6660,.F.);
#4036=ORIENTED_EDGE('',*,*,#6809,.F.);
#4037=ORIENTED_EDGE('',*,*,#6887,.T.);
#4038=ORIENTED_EDGE('',*,*,#6811,.F.);
#4039=ORIENTED_EDGE('',*,*,#6670,.F.);
#4040=ORIENTED_EDGE('',*,*,#6806,.F.);
#4041=ORIENTED_EDGE('',*,*,#6888,.T.);
#4042=ORIENTED_EDGE('',*,*,#6807,.F.);
#4043=ORIENTED_EDGE('',*,*,#6668,.F.);
#4044=ORIENTED_EDGE('',*,*,#6817,.F.);
#4045=ORIENTED_EDGE('',*,*,#6889,.T.);
#4046=ORIENTED_EDGE('',*,*,#6798,.F.);
#4047=ORIENTED_EDGE('',*,*,#6674,.F.);
#4048=ORIENTED_EDGE('',*,*,#6810,.F.);
#4049=ORIENTED_EDGE('',*,*,#6890,.T.);
#4050=ORIENTED_EDGE('',*,*,#6815,.F.);
#4051=ORIENTED_EDGE('',*,*,#6672,.F.);
#4052=ORIENTED_EDGE('',*,*,#6855,.F.);
#4053=ORIENTED_EDGE('',*,*,#6891,.T.);
#4054=ORIENTED_EDGE('',*,*,#6864,.F.);
#4055=ORIENTED_EDGE('',*,*,#6656,.F.);
#4056=ORIENTED_EDGE('',*,*,#6866,.F.);
#4057=ORIENTED_EDGE('',*,*,#6892,.T.);
#4058=ORIENTED_EDGE('',*,*,#6859,.F.);
#4059=ORIENTED_EDGE('',*,*,#6658,.F.);
#4060=ORIENTED_EDGE('',*,*,#6878,.F.);
#4061=ORIENTED_EDGE('',*,*,#6893,.T.);
#4062=ORIENTED_EDGE('',*,*,#6762,.F.);
#4063=ORIENTED_EDGE('',*,*,#6894,.F.);
#4064=ORIENTED_EDGE('',*,*,#6720,.F.);
#4065=ORIENTED_EDGE('',*,*,#6894,.T.);
#4066=ORIENTED_EDGE('',*,*,#6885,.F.);
#4067=ORIENTED_EDGE('',*,*,#6895,.F.);
#4068=ORIENTED_EDGE('',*,*,#6721,.F.);
#4069=ORIENTED_EDGE('',*,*,#6895,.T.);
#4070=ORIENTED_EDGE('',*,*,#6857,.F.);
#4071=ORIENTED_EDGE('',*,*,#6896,.F.);
#4072=ORIENTED_EDGE('',*,*,#6722,.F.);
#4073=ORIENTED_EDGE('',*,*,#6896,.T.);
#4074=ORIENTED_EDGE('',*,*,#6886,.F.);
#4075=ORIENTED_EDGE('',*,*,#6725,.F.);
#4076=ORIENTED_EDGE('',*,*,#6723,.F.);
#4077=ORIENTED_EDGE('',*,*,#6897,.F.);
#4078=ORIENTED_EDGE('',*,*,#6860,.F.);
#4079=ORIENTED_EDGE('',*,*,#6898,.F.);
#4080=ORIENTED_EDGE('',*,*,#6711,.F.);
#4081=ORIENTED_EDGE('',*,*,#6898,.T.);
#4082=ORIENTED_EDGE('',*,*,#6892,.F.);
#4083=ORIENTED_EDGE('',*,*,#6899,.F.);
#4084=ORIENTED_EDGE('',*,*,#6712,.F.);
#4085=ORIENTED_EDGE('',*,*,#6899,.T.);
#4086=ORIENTED_EDGE('',*,*,#6865,.F.);
#4087=ORIENTED_EDGE('',*,*,#6900,.F.);
#4088=ORIENTED_EDGE('',*,*,#6713,.F.);
#4089=ORIENTED_EDGE('',*,*,#6900,.T.);
#4090=ORIENTED_EDGE('',*,*,#6891,.F.);
#4091=ORIENTED_EDGE('',*,*,#6728,.F.);
#4092=ORIENTED_EDGE('',*,*,#6714,.F.);
#4093=ORIENTED_EDGE('',*,*,#6901,.F.);
#4094=ORIENTED_EDGE('',*,*,#6852,.F.);
#4095=ORIENTED_EDGE('',*,*,#6902,.T.);
#4096=ORIENTED_EDGE('',*,*,#6717,.F.);
#4097=ORIENTED_EDGE('',*,*,#6874,.F.);
#4098=ORIENTED_EDGE('',*,*,#6736,.F.);
#4099=ORIENTED_EDGE('',*,*,#6903,.F.);
#4100=ORIENTED_EDGE('',*,*,#6805,.F.);
#4101=ORIENTED_EDGE('',*,*,#6904,.T.);
#4102=ORIENTED_EDGE('',*,*,#6903,.T.);
#4103=ORIENTED_EDGE('',*,*,#6735,.F.);
#4104=ORIENTED_EDGE('',*,*,#6905,.F.);
#4105=ORIENTED_EDGE('',*,*,#6888,.F.);
#4106=ORIENTED_EDGE('',*,*,#6905,.T.);
#4107=ORIENTED_EDGE('',*,*,#6734,.F.);
#4108=ORIENTED_EDGE('',*,*,#6906,.F.);
#4109=ORIENTED_EDGE('',*,*,#6808,.F.);
#4110=ORIENTED_EDGE('',*,*,#6906,.T.);
#4111=ORIENTED_EDGE('',*,*,#6733,.F.);
#4112=ORIENTED_EDGE('',*,*,#6907,.F.);
#4113=ORIENTED_EDGE('',*,*,#6887,.F.);
#4114=ORIENTED_EDGE('',*,*,#6908,.F.);
#4115=ORIENTED_EDGE('',*,*,#6812,.F.);
#4116=ORIENTED_EDGE('',*,*,#6907,.T.);
#4117=ORIENTED_EDGE('',*,*,#6732,.F.);
#4118=ORIENTED_EDGE('',*,*,#6746,.T.);
#4119=ORIENTED_EDGE('',*,*,#6744,.F.);
#4120=ORIENTED_EDGE('',*,*,#6909,.F.);
#4121=ORIENTED_EDGE('',*,*,#6890,.F.);
#4122=ORIENTED_EDGE('',*,*,#6909,.T.);
#4123=ORIENTED_EDGE('',*,*,#6743,.F.);
#4124=ORIENTED_EDGE('',*,*,#6910,.F.);
#4125=ORIENTED_EDGE('',*,*,#6816,.F.);
#4126=ORIENTED_EDGE('',*,*,#6910,.T.);
#4127=ORIENTED_EDGE('',*,*,#6742,.F.);
#4128=ORIENTED_EDGE('',*,*,#6911,.F.);
#4129=ORIENTED_EDGE('',*,*,#6889,.F.);
#4130=ORIENTED_EDGE('',*,*,#6912,.F.);
#4131=ORIENTED_EDGE('',*,*,#6799,.F.);
#4132=ORIENTED_EDGE('',*,*,#6911,.T.);
#4133=ORIENTED_EDGE('',*,*,#6741,.F.);
#4134=ORIENTED_EDGE('',*,*,#6869,.F.);
#4135=ORIENTED_EDGE('',*,*,#6913,.T.);
#4136=ORIENTED_EDGE('',*,*,#6753,.F.);
#4137=ORIENTED_EDGE('',*,*,#6688,.F.);
#4138=ORIENTED_EDGE('',*,*,#6841,.F.);
#4139=ORIENTED_EDGE('',*,*,#6914,.T.);
#4140=ORIENTED_EDGE('',*,*,#6755,.F.);
#4141=ORIENTED_EDGE('',*,*,#6915,.T.);
#4142=ORIENTED_EDGE('',*,*,#6752,.F.);
#4143=ORIENTED_EDGE('',*,*,#6916,.T.);
#4144=ORIENTED_EDGE('',*,*,#6870,.F.);
#4145=ORIENTED_EDGE('',*,*,#6690,.F.);
#4146=ORIENTED_EDGE('',*,*,#6759,.F.);
#4147=ORIENTED_EDGE('',*,*,#6917,.T.);
#4148=ORIENTED_EDGE('',*,*,#6821,.F.);
#4149=ORIENTED_EDGE('',*,*,#6682,.F.);
#4150=ORIENTED_EDGE('',*,*,#6757,.F.);
#4151=ORIENTED_EDGE('',*,*,#6918,.T.);
#4152=ORIENTED_EDGE('',*,*,#6847,.F.);
#4153=ORIENTED_EDGE('',*,*,#6919,.T.);
#4154=ORIENTED_EDGE('',*,*,#6826,.F.);
#4155=ORIENTED_EDGE('',*,*,#6920,.T.);
#4156=ORIENTED_EDGE('',*,*,#6760,.F.);
#4157=ORIENTED_EDGE('',*,*,#6680,.F.);
#4158=ORIENTED_EDGE('',*,*,#6621,.F.);
#4159=ORIENTED_EDGE('',*,*,#6879,.F.);
#4160=ORIENTED_EDGE('',*,*,#6664,.F.);
#4161=ORIENTED_EDGE('',*,*,#6763,.F.);
#4162=ORIENTED_EDGE('',*,*,#6893,.F.);
#4163=ORIENTED_EDGE('',*,*,#6877,.F.);
#4164=ORIENTED_EDGE('',*,*,#6619,.F.);
#4165=ORIENTED_EDGE('',*,*,#6875,.F.);
#4166=ORIENTED_EDGE('',*,*,#6904,.F.);
#4167=ORIENTED_EDGE('',*,*,#6804,.F.);
#4168=ORIENTED_EDGE('',*,*,#6666,.F.);
#4169=ORIENTED_EDGE('',*,*,#6880,.F.);
#4170=ORIENTED_EDGE('',*,*,#6617,.F.);
#4171=ORIENTED_EDGE('',*,*,#6802,.F.);
#4172=ORIENTED_EDGE('',*,*,#6676,.F.);
#4173=ORIENTED_EDGE('',*,*,#6797,.F.);
#4174=ORIENTED_EDGE('',*,*,#6749,.F.);
#4175=ORIENTED_EDGE('',*,*,#6738,.F.);
#4176=ORIENTED_EDGE('',*,*,#6873,.F.);
#4177=ORIENTED_EDGE('',*,*,#6623,.F.);
#4178=ORIENTED_EDGE('',*,*,#6876,.F.);
#4179=ORIENTED_EDGE('',*,*,#6718,.F.);
#4180=ORIENTED_EDGE('',*,*,#6902,.F.);
#4181=ORIENTED_EDGE('',*,*,#6851,.F.);
#4182=ORIENTED_EDGE('',*,*,#6654,.F.);
#4183=ORIENTED_EDGE('',*,*,#6803,.F.);
#4184=ORIENTED_EDGE('',*,*,#6921,.F.);
#4185=ORIENTED_EDGE('',*,*,#6922,.T.);
#4186=ORIENTED_EDGE('',*,*,#6921,.T.);
#4187=ORIENTED_EDGE('',*,*,#6764,.F.);
#4188=ORIENTED_EDGE('',*,*,#6850,.F.);
#4189=ORIENTED_EDGE('',*,*,#6922,.F.);
#4190=ORIENTED_EDGE('',*,*,#6820,.F.);
#4191=ORIENTED_EDGE('',*,*,#6923,.T.);
#4192=ORIENTED_EDGE('',*,*,#6867,.F.);
#4193=ORIENTED_EDGE('',*,*,#6686,.F.);
#4194=ORIENTED_EDGE('',*,*,#6823,.F.);
#4195=ORIENTED_EDGE('',*,*,#6924,.T.);
#4196=ORIENTED_EDGE('',*,*,#6818,.F.);
#4197=ORIENTED_EDGE('',*,*,#6684,.F.);
#4198=ORIENTED_EDGE('',*,*,#6872,.F.);
#4199=ORIENTED_EDGE('',*,*,#6925,.T.);
#4200=ORIENTED_EDGE('',*,*,#6827,.F.);
#4201=ORIENTED_EDGE('',*,*,#6692,.F.);
#4202=ORIENTED_EDGE('',*,*,#6829,.F.);
#4203=ORIENTED_EDGE('',*,*,#6926,.T.);
#4204=ORIENTED_EDGE('',*,*,#6824,.F.);
#4205=ORIENTED_EDGE('',*,*,#6678,.F.);
#4206=ORIENTED_EDGE('',*,*,#6754,.T.);
#4207=ORIENTED_EDGE('',*,*,#6913,.F.);
#4208=ORIENTED_EDGE('',*,*,#6927,.F.);
#4209=ORIENTED_EDGE('',*,*,#6915,.F.);
#4210=ORIENTED_EDGE('',*,*,#6927,.T.);
#4211=ORIENTED_EDGE('',*,*,#6868,.F.);
#4212=ORIENTED_EDGE('',*,*,#6928,.F.);
#4213=ORIENTED_EDGE('',*,*,#6842,.F.);
#4214=ORIENTED_EDGE('',*,*,#6928,.T.);
#4215=ORIENTED_EDGE('',*,*,#6923,.F.);
#4216=ORIENTED_EDGE('',*,*,#6929,.F.);
#4217=ORIENTED_EDGE('',*,*,#6843,.F.);
#4218=ORIENTED_EDGE('',*,*,#6929,.T.);
#4219=ORIENTED_EDGE('',*,*,#6819,.F.);
#4220=ORIENTED_EDGE('',*,*,#6930,.F.);
#4221=ORIENTED_EDGE('',*,*,#6844,.F.);
#4222=ORIENTED_EDGE('',*,*,#6930,.T.);
#4223=ORIENTED_EDGE('',*,*,#6924,.F.);
#4224=ORIENTED_EDGE('',*,*,#6931,.F.);
#4225=ORIENTED_EDGE('',*,*,#6845,.F.);
#4226=ORIENTED_EDGE('',*,*,#6931,.T.);
#4227=ORIENTED_EDGE('',*,*,#6822,.F.);
#4228=ORIENTED_EDGE('',*,*,#6932,.F.);
#4229=ORIENTED_EDGE('',*,*,#6846,.F.);
#4230=ORIENTED_EDGE('',*,*,#6917,.F.);
#4231=ORIENTED_EDGE('',*,*,#6758,.T.);
#4232=ORIENTED_EDGE('',*,*,#6919,.F.);
#4233=ORIENTED_EDGE('',*,*,#6932,.T.);
#4234=ORIENTED_EDGE('',*,*,#6751,.T.);
#4235=ORIENTED_EDGE('',*,*,#6914,.F.);
#4236=ORIENTED_EDGE('',*,*,#6933,.F.);
#4237=ORIENTED_EDGE('',*,*,#6916,.F.);
#4238=ORIENTED_EDGE('',*,*,#6933,.T.);
#4239=ORIENTED_EDGE('',*,*,#6840,.F.);
#4240=ORIENTED_EDGE('',*,*,#6934,.F.);
#4241=ORIENTED_EDGE('',*,*,#6871,.F.);
#4242=ORIENTED_EDGE('',*,*,#6934,.T.);
#4243=ORIENTED_EDGE('',*,*,#6839,.F.);
#4244=ORIENTED_EDGE('',*,*,#6935,.F.);
#4245=ORIENTED_EDGE('',*,*,#6925,.F.);
#4246=ORIENTED_EDGE('',*,*,#6935,.T.);
#4247=ORIENTED_EDGE('',*,*,#6838,.F.);
#4248=ORIENTED_EDGE('',*,*,#6936,.F.);
#4249=ORIENTED_EDGE('',*,*,#6830,.F.);
#4250=ORIENTED_EDGE('',*,*,#6937,.F.);
#4251=ORIENTED_EDGE('',*,*,#6828,.F.);
#4252=ORIENTED_EDGE('',*,*,#6937,.T.);
#4253=ORIENTED_EDGE('',*,*,#6849,.F.);
#4254=ORIENTED_EDGE('',*,*,#6938,.F.);
#4255=ORIENTED_EDGE('',*,*,#6926,.F.);
#4256=ORIENTED_EDGE('',*,*,#6938,.T.);
#4257=ORIENTED_EDGE('',*,*,#6848,.F.);
#4258=ORIENTED_EDGE('',*,*,#6939,.F.);
#4259=ORIENTED_EDGE('',*,*,#6825,.F.);
#4260=ORIENTED_EDGE('',*,*,#6918,.F.);
#4261=ORIENTED_EDGE('',*,*,#6756,.T.);
#4262=ORIENTED_EDGE('',*,*,#6920,.F.);
#4263=ORIENTED_EDGE('',*,*,#6939,.T.);
#4264=ORIENTED_EDGE('',*,*,#6731,.F.);
#4265=ORIENTED_EDGE('',*,*,#6940,.T.);
#4266=ORIENTED_EDGE('',*,*,#6639,.F.);
#4267=ORIENTED_EDGE('',*,*,#6941,.T.);
#4268=ORIENTED_EDGE('',*,*,#6740,.F.);
#4269=ORIENTED_EDGE('',*,*,#6942,.T.);
#4270=ORIENTED_EDGE('',*,*,#6643,.F.);
#4271=ORIENTED_EDGE('',*,*,#6943,.T.);
#4272=ORIENTED_EDGE('',*,*,#6942,.F.);
#4273=ORIENTED_EDGE('',*,*,#6745,.T.);
#4274=ORIENTED_EDGE('',*,*,#6814,.F.);
#4275=ORIENTED_EDGE('',*,*,#6644,.F.);
#4276=ORIENTED_EDGE('',*,*,#6813,.F.);
#4277=ORIENTED_EDGE('',*,*,#6908,.T.);
#4278=ORIENTED_EDGE('',*,*,#6941,.F.);
#4279=ORIENTED_EDGE('',*,*,#6646,.F.);
#4280=ORIENTED_EDGE('',*,*,#6940,.F.);
#4281=ORIENTED_EDGE('',*,*,#6748,.T.);
#4282=ORIENTED_EDGE('',*,*,#6801,.F.);
#4283=ORIENTED_EDGE('',*,*,#6640,.F.);
#4284=ORIENTED_EDGE('',*,*,#6800,.F.);
#4285=ORIENTED_EDGE('',*,*,#6912,.T.);
#4286=ORIENTED_EDGE('',*,*,#6943,.F.);
#4287=ORIENTED_EDGE('',*,*,#6642,.F.);
#4288=ORIENTED_EDGE('',*,*,#6710,.F.);
#4289=ORIENTED_EDGE('',*,*,#6944,.T.);
#4290=ORIENTED_EDGE('',*,*,#6628,.F.);
#4291=ORIENTED_EDGE('',*,*,#6945,.T.);
#4292=ORIENTED_EDGE('',*,*,#6716,.F.);
#4293=ORIENTED_EDGE('',*,*,#6946,.T.);
#4294=ORIENTED_EDGE('',*,*,#6624,.F.);
#4295=ORIENTED_EDGE('',*,*,#6947,.T.);
#4296=ORIENTED_EDGE('',*,*,#6946,.F.);
#4297=ORIENTED_EDGE('',*,*,#6724,.T.);
#4298=ORIENTED_EDGE('',*,*,#6862,.F.);
#4299=ORIENTED_EDGE('',*,*,#6625,.F.);
#4300=ORIENTED_EDGE('',*,*,#6861,.F.);
#4301=ORIENTED_EDGE('',*,*,#6897,.T.);
#4302=ORIENTED_EDGE('',*,*,#6945,.F.);
#4303=ORIENTED_EDGE('',*,*,#6627,.F.);
#4304=ORIENTED_EDGE('',*,*,#6944,.F.);
#4305=ORIENTED_EDGE('',*,*,#6727,.T.);
#4306=ORIENTED_EDGE('',*,*,#6854,.F.);
#4307=ORIENTED_EDGE('',*,*,#6629,.F.);
#4308=ORIENTED_EDGE('',*,*,#6853,.F.);
#4309=ORIENTED_EDGE('',*,*,#6901,.T.);
#4310=ORIENTED_EDGE('',*,*,#6947,.F.);
#4311=ORIENTED_EDGE('',*,*,#6631,.F.);
#4312=ORIENTED_EDGE('',*,*,#6936,.T.);
#4313=ORIENTED_EDGE('',*,*,#6948,.T.);
#4314=ORIENTED_EDGE('',*,*,#6949,.F.);
#4315=ORIENTED_EDGE('',*,*,#6950,.T.);
#4316=ORIENTED_EDGE('',*,*,#6949,.T.);
#4317=ORIENTED_EDGE('',*,*,#6951,.T.);
#4318=ORIENTED_EDGE('',*,*,#6583,.F.);
#4319=ORIENTED_EDGE('',*,*,#6952,.T.);
#4320=ORIENTED_EDGE('',*,*,#6585,.F.);
#4321=ORIENTED_EDGE('',*,*,#6953,.T.);
#4322=ORIENTED_EDGE('',*,*,#6836,.T.);
#4323=ORIENTED_EDGE('',*,*,#6954,.T.);
#4324=ORIENTED_EDGE('',*,*,#6587,.F.);
#4325=ORIENTED_EDGE('',*,*,#6955,.T.);
#4326=ORIENTED_EDGE('',*,*,#6834,.T.);
#4327=ORIENTED_EDGE('',*,*,#6956,.T.);
#4328=ORIENTED_EDGE('',*,*,#6589,.F.);
#4329=ORIENTED_EDGE('',*,*,#6957,.T.);
#4330=ORIENTED_EDGE('',*,*,#6832,.T.);
#4331=ORIENTED_EDGE('',*,*,#6958,.T.);
#4332=ORIENTED_EDGE('',*,*,#6588,.F.);
#4333=ORIENTED_EDGE('',*,*,#6956,.F.);
#4334=ORIENTED_EDGE('',*,*,#6833,.F.);
#4335=ORIENTED_EDGE('',*,*,#6957,.F.);
#4336=ORIENTED_EDGE('',*,*,#6590,.F.);
#4337=ORIENTED_EDGE('',*,*,#6958,.F.);
#4338=ORIENTED_EDGE('',*,*,#6831,.F.);
#4339=ORIENTED_EDGE('',*,*,#6950,.F.);
#4340=ORIENTED_EDGE('',*,*,#6952,.F.);
#4341=ORIENTED_EDGE('',*,*,#6584,.F.);
#4342=ORIENTED_EDGE('',*,*,#6951,.F.);
#4343=ORIENTED_EDGE('',*,*,#6948,.F.);
#4344=ORIENTED_EDGE('',*,*,#6837,.F.);
#4345=ORIENTED_EDGE('',*,*,#6953,.F.);
#4346=ORIENTED_EDGE('',*,*,#6586,.F.);
#4347=ORIENTED_EDGE('',*,*,#6954,.F.);
#4348=ORIENTED_EDGE('',*,*,#6835,.F.);
#4349=ORIENTED_EDGE('',*,*,#6955,.F.);
#4350=ORIENTED_EDGE('',*,*,#6648,.F.);
#4351=ORIENTED_EDGE('',*,*,#6959,.F.);
#4352=ORIENTED_EDGE('',*,*,#6960,.T.);
#4353=ORIENTED_EDGE('',*,*,#6961,.T.);
#4354=ORIENTED_EDGE('',*,*,#6649,.F.);
#4355=ORIENTED_EDGE('',*,*,#6961,.F.);
#4356=ORIENTED_EDGE('',*,*,#6962,.T.);
#4357=ORIENTED_EDGE('',*,*,#6963,.T.);
#4358=ORIENTED_EDGE('',*,*,#6650,.F.);
#4359=ORIENTED_EDGE('',*,*,#6963,.F.);
#4360=ORIENTED_EDGE('',*,*,#6964,.T.);
#4361=ORIENTED_EDGE('',*,*,#6965,.T.);
#4362=ORIENTED_EDGE('',*,*,#6651,.F.);
#4363=ORIENTED_EDGE('',*,*,#6965,.F.);
#4364=ORIENTED_EDGE('',*,*,#6966,.T.);
#4365=ORIENTED_EDGE('',*,*,#6967,.T.);
#4366=ORIENTED_EDGE('',*,*,#6652,.F.);
#4367=ORIENTED_EDGE('',*,*,#6967,.F.);
#4368=ORIENTED_EDGE('',*,*,#6968,.T.);
#4369=ORIENTED_EDGE('',*,*,#6969,.T.);
#4370=ORIENTED_EDGE('',*,*,#6647,.F.);
#4371=ORIENTED_EDGE('',*,*,#6969,.F.);
#4372=ORIENTED_EDGE('',*,*,#6970,.T.);
#4373=ORIENTED_EDGE('',*,*,#6959,.T.);
#4374=ORIENTED_EDGE('',*,*,#6960,.F.);
#4375=ORIENTED_EDGE('',*,*,#6970,.F.);
#4376=ORIENTED_EDGE('',*,*,#6968,.F.);
#4377=ORIENTED_EDGE('',*,*,#6966,.F.);
#4378=ORIENTED_EDGE('',*,*,#6964,.F.);
#4379=ORIENTED_EDGE('',*,*,#6962,.F.);
#4380=ORIENTED_EDGE('',*,*,#6633,.F.);
#4381=ORIENTED_EDGE('',*,*,#6971,.F.);
#4382=ORIENTED_EDGE('',*,*,#6972,.T.);
#4383=ORIENTED_EDGE('',*,*,#6973,.T.);
#4384=ORIENTED_EDGE('',*,*,#6634,.F.);
#4385=ORIENTED_EDGE('',*,*,#6973,.F.);
#4386=ORIENTED_EDGE('',*,*,#6974,.T.);
#4387=ORIENTED_EDGE('',*,*,#6975,.T.);
#4388=ORIENTED_EDGE('',*,*,#6635,.F.);
#4389=ORIENTED_EDGE('',*,*,#6975,.F.);
#4390=ORIENTED_EDGE('',*,*,#6976,.T.);
#4391=ORIENTED_EDGE('',*,*,#6977,.T.);
#4392=ORIENTED_EDGE('',*,*,#6636,.F.);
#4393=ORIENTED_EDGE('',*,*,#6977,.F.);
#4394=ORIENTED_EDGE('',*,*,#6978,.T.);
#4395=ORIENTED_EDGE('',*,*,#6979,.T.);
#4396=ORIENTED_EDGE('',*,*,#6637,.F.);
#4397=ORIENTED_EDGE('',*,*,#6979,.F.);
#4398=ORIENTED_EDGE('',*,*,#6980,.T.);
#4399=ORIENTED_EDGE('',*,*,#6981,.T.);
#4400=ORIENTED_EDGE('',*,*,#6638,.F.);
#4401=ORIENTED_EDGE('',*,*,#6981,.F.);
#4402=ORIENTED_EDGE('',*,*,#6982,.T.);
#4403=ORIENTED_EDGE('',*,*,#6983,.T.);
#4404=ORIENTED_EDGE('',*,*,#6632,.F.);
#4405=ORIENTED_EDGE('',*,*,#6983,.F.);
#4406=ORIENTED_EDGE('',*,*,#6984,.T.);
#4407=ORIENTED_EDGE('',*,*,#6971,.T.);
#4408=ORIENTED_EDGE('',*,*,#6972,.F.);
#4409=ORIENTED_EDGE('',*,*,#6984,.F.);
#4410=ORIENTED_EDGE('',*,*,#6982,.F.);
#4411=ORIENTED_EDGE('',*,*,#6980,.F.);
#4412=ORIENTED_EDGE('',*,*,#6978,.F.);
#4413=ORIENTED_EDGE('',*,*,#6976,.F.);
#4414=ORIENTED_EDGE('',*,*,#6974,.F.);
#4415=ORIENTED_EDGE('',*,*,#6985,.F.);
#4416=ORIENTED_EDGE('',*,*,#6986,.F.);
#4417=ORIENTED_EDGE('',*,*,#6987,.T.);
#4418=ORIENTED_EDGE('',*,*,#6988,.T.);
#4419=ORIENTED_EDGE('',*,*,#6989,.F.);
#4420=ORIENTED_EDGE('',*,*,#6988,.F.);
#4421=ORIENTED_EDGE('',*,*,#6990,.T.);
#4422=ORIENTED_EDGE('',*,*,#6991,.T.);
#4423=ORIENTED_EDGE('',*,*,#6608,.F.);
#4424=ORIENTED_EDGE('',*,*,#6992,.F.);
#4425=ORIENTED_EDGE('',*,*,#6993,.T.);
#4426=ORIENTED_EDGE('',*,*,#6994,.T.);
#4427=ORIENTED_EDGE('',*,*,#6609,.F.);
#4428=ORIENTED_EDGE('',*,*,#6994,.F.);
#4429=ORIENTED_EDGE('',*,*,#6995,.T.);
#4430=ORIENTED_EDGE('',*,*,#6996,.T.);
#4431=ORIENTED_EDGE('',*,*,#6610,.F.);
#4432=ORIENTED_EDGE('',*,*,#6996,.F.);
#4433=ORIENTED_EDGE('',*,*,#6997,.T.);
#4434=ORIENTED_EDGE('',*,*,#6998,.T.);
#4435=ORIENTED_EDGE('',*,*,#6611,.F.);
#4436=ORIENTED_EDGE('',*,*,#6998,.F.);
#4437=ORIENTED_EDGE('',*,*,#6999,.T.);
#4438=ORIENTED_EDGE('',*,*,#7000,.T.);
#4439=ORIENTED_EDGE('',*,*,#6612,.F.);
#4440=ORIENTED_EDGE('',*,*,#7000,.F.);
#4441=ORIENTED_EDGE('',*,*,#7001,.T.);
#4442=ORIENTED_EDGE('',*,*,#7002,.T.);
#4443=ORIENTED_EDGE('',*,*,#6613,.F.);
#4444=ORIENTED_EDGE('',*,*,#7002,.F.);
#4445=ORIENTED_EDGE('',*,*,#7003,.T.);
#4446=ORIENTED_EDGE('',*,*,#7004,.T.);
#4447=ORIENTED_EDGE('',*,*,#6614,.F.);
#4448=ORIENTED_EDGE('',*,*,#7004,.F.);
#4449=ORIENTED_EDGE('',*,*,#7005,.T.);
#4450=ORIENTED_EDGE('',*,*,#7006,.T.);
#4451=ORIENTED_EDGE('',*,*,#6615,.F.);
#4452=ORIENTED_EDGE('',*,*,#7006,.F.);
#4453=ORIENTED_EDGE('',*,*,#7007,.T.);
#4454=ORIENTED_EDGE('',*,*,#7008,.T.);
#4455=ORIENTED_EDGE('',*,*,#6607,.F.);
#4456=ORIENTED_EDGE('',*,*,#7008,.F.);
#4457=ORIENTED_EDGE('',*,*,#7009,.T.);
#4458=ORIENTED_EDGE('',*,*,#6992,.T.);
#4459=ORIENTED_EDGE('',*,*,#7010,.F.);
#4460=ORIENTED_EDGE('',*,*,#6991,.F.);
#4461=ORIENTED_EDGE('',*,*,#7011,.T.);
#4462=ORIENTED_EDGE('',*,*,#6986,.T.);
#4463=ORIENTED_EDGE('',*,*,#6993,.F.);
#4464=ORIENTED_EDGE('',*,*,#7009,.F.);
#4465=ORIENTED_EDGE('',*,*,#7007,.F.);
#4466=ORIENTED_EDGE('',*,*,#7005,.F.);
#4467=ORIENTED_EDGE('',*,*,#7003,.F.);
#4468=ORIENTED_EDGE('',*,*,#7001,.F.);
#4469=ORIENTED_EDGE('',*,*,#6999,.F.);
#4470=ORIENTED_EDGE('',*,*,#6997,.F.);
#4471=ORIENTED_EDGE('',*,*,#6995,.F.);
#4472=ORIENTED_EDGE('',*,*,#6987,.F.);
#4473=ORIENTED_EDGE('',*,*,#7011,.F.);
#4474=ORIENTED_EDGE('',*,*,#6990,.F.);
#4475=ORIENTED_EDGE('',*,*,#7010,.T.);
#4476=ORIENTED_EDGE('',*,*,#6985,.T.);
#4477=ORIENTED_EDGE('',*,*,#6989,.T.);
#4478=ORIENTED_EDGE('',*,*,#6592,.F.);
#4479=ORIENTED_EDGE('',*,*,#7012,.F.);
#4480=ORIENTED_EDGE('',*,*,#7013,.T.);
#4481=ORIENTED_EDGE('',*,*,#7014,.T.);
#4482=ORIENTED_EDGE('',*,*,#6593,.F.);
#4483=ORIENTED_EDGE('',*,*,#7014,.F.);
#4484=ORIENTED_EDGE('',*,*,#7015,.T.);
#4485=ORIENTED_EDGE('',*,*,#7016,.T.);
#4486=ORIENTED_EDGE('',*,*,#6594,.F.);
#4487=ORIENTED_EDGE('',*,*,#7016,.F.);
#4488=ORIENTED_EDGE('',*,*,#7017,.T.);
#4489=ORIENTED_EDGE('',*,*,#7018,.T.);
#4490=ORIENTED_EDGE('',*,*,#6595,.F.);
#4491=ORIENTED_EDGE('',*,*,#7018,.F.);
#4492=ORIENTED_EDGE('',*,*,#7019,.T.);
#4493=ORIENTED_EDGE('',*,*,#7020,.T.);
#4494=ORIENTED_EDGE('',*,*,#6596,.F.);
#4495=ORIENTED_EDGE('',*,*,#7020,.F.);
#4496=ORIENTED_EDGE('',*,*,#7021,.T.);
#4497=ORIENTED_EDGE('',*,*,#7022,.T.);
#4498=ORIENTED_EDGE('',*,*,#6597,.F.);
#4499=ORIENTED_EDGE('',*,*,#7022,.F.);
#4500=ORIENTED_EDGE('',*,*,#7023,.T.);
#4501=ORIENTED_EDGE('',*,*,#7024,.T.);
#4502=ORIENTED_EDGE('',*,*,#6598,.F.);
#4503=ORIENTED_EDGE('',*,*,#7024,.F.);
#4504=ORIENTED_EDGE('',*,*,#7025,.T.);
#4505=ORIENTED_EDGE('',*,*,#7026,.T.);
#4506=ORIENTED_EDGE('',*,*,#6591,.F.);
#4507=ORIENTED_EDGE('',*,*,#7026,.F.);
#4508=ORIENTED_EDGE('',*,*,#7027,.T.);
#4509=ORIENTED_EDGE('',*,*,#7012,.T.);
#4510=ORIENTED_EDGE('',*,*,#7013,.F.);
#4511=ORIENTED_EDGE('',*,*,#7027,.F.);
#4512=ORIENTED_EDGE('',*,*,#7025,.F.);
#4513=ORIENTED_EDGE('',*,*,#7023,.F.);
#4514=ORIENTED_EDGE('',*,*,#7021,.F.);
#4515=ORIENTED_EDGE('',*,*,#7019,.F.);
#4516=ORIENTED_EDGE('',*,*,#7017,.F.);
#4517=ORIENTED_EDGE('',*,*,#7015,.F.);
#4518=ORIENTED_EDGE('',*,*,#6599,.T.);
#4519=ORIENTED_EDGE('',*,*,#7028,.F.);
#4520=ORIENTED_EDGE('',*,*,#7029,.F.);
#4521=ORIENTED_EDGE('',*,*,#7030,.T.);
#4522=ORIENTED_EDGE('',*,*,#6606,.T.);
#4523=ORIENTED_EDGE('',*,*,#7031,.F.);
#4524=ORIENTED_EDGE('',*,*,#7032,.F.);
#4525=ORIENTED_EDGE('',*,*,#7028,.T.);
#4526=ORIENTED_EDGE('',*,*,#6605,.T.);
#4527=ORIENTED_EDGE('',*,*,#7033,.F.);
#4528=ORIENTED_EDGE('',*,*,#7034,.F.);
#4529=ORIENTED_EDGE('',*,*,#7031,.T.);
#4530=ORIENTED_EDGE('',*,*,#6604,.T.);
#4531=ORIENTED_EDGE('',*,*,#7035,.F.);
#4532=ORIENTED_EDGE('',*,*,#7036,.F.);
#4533=ORIENTED_EDGE('',*,*,#7033,.T.);
#4534=ORIENTED_EDGE('',*,*,#6603,.T.);
#4535=ORIENTED_EDGE('',*,*,#7037,.F.);
#4536=ORIENTED_EDGE('',*,*,#7038,.F.);
#4537=ORIENTED_EDGE('',*,*,#7035,.T.);
#4538=ORIENTED_EDGE('',*,*,#6602,.T.);
#4539=ORIENTED_EDGE('',*,*,#7039,.F.);
#4540=ORIENTED_EDGE('',*,*,#7040,.F.);
#4541=ORIENTED_EDGE('',*,*,#7037,.T.);
#4542=ORIENTED_EDGE('',*,*,#6601,.T.);
#4543=ORIENTED_EDGE('',*,*,#7041,.F.);
#4544=ORIENTED_EDGE('',*,*,#7042,.F.);
#4545=ORIENTED_EDGE('',*,*,#7039,.T.);
#4546=ORIENTED_EDGE('',*,*,#6600,.T.);
#4547=ORIENTED_EDGE('',*,*,#7030,.F.);
#4548=ORIENTED_EDGE('',*,*,#7043,.F.);
#4549=ORIENTED_EDGE('',*,*,#7041,.T.);
#4550=ORIENTED_EDGE('',*,*,#7029,.T.);
#4551=ORIENTED_EDGE('',*,*,#7032,.T.);
#4552=ORIENTED_EDGE('',*,*,#7034,.T.);
#4553=ORIENTED_EDGE('',*,*,#7036,.T.);
#4554=ORIENTED_EDGE('',*,*,#7038,.T.);
#4555=ORIENTED_EDGE('',*,*,#7040,.T.);
#4556=ORIENTED_EDGE('',*,*,#7042,.T.);
#4557=ORIENTED_EDGE('',*,*,#7043,.T.);
#4558=ORIENTED_EDGE('',*,*,#7044,.T.);
#4559=ORIENTED_EDGE('',*,*,#7045,.F.);
#4560=ORIENTED_EDGE('',*,*,#7046,.F.);
#4561=ORIENTED_EDGE('',*,*,#7047,.F.);
#4562=ORIENTED_EDGE('',*,*,#7048,.F.);
#4563=ORIENTED_EDGE('',*,*,#6787,.T.);
#4564=ORIENTED_EDGE('',*,*,#7049,.T.);
#4565=ORIENTED_EDGE('',*,*,#7044,.F.);
#4566=ORIENTED_EDGE('',*,*,#7050,.F.);
#4567=ORIENTED_EDGE('',*,*,#6785,.T.);
#4568=ORIENTED_EDGE('',*,*,#7051,.T.);
#4569=ORIENTED_EDGE('',*,*,#7046,.T.);
#4570=ORIENTED_EDGE('',*,*,#6786,.F.);
#4571=ORIENTED_EDGE('',*,*,#7050,.T.);
#4572=ORIENTED_EDGE('',*,*,#7045,.T.);
#4573=ORIENTED_EDGE('',*,*,#7049,.F.);
#4574=ORIENTED_EDGE('',*,*,#7051,.F.);
#4575=ORIENTED_EDGE('',*,*,#6788,.T.);
#4576=ORIENTED_EDGE('',*,*,#7048,.T.);
#4577=ORIENTED_EDGE('',*,*,#7047,.T.);
#4578=ORIENTED_EDGE('',*,*,#7052,.T.);
#4579=ORIENTED_EDGE('',*,*,#7053,.F.);
#4580=ORIENTED_EDGE('',*,*,#7054,.F.);
#4581=ORIENTED_EDGE('',*,*,#7055,.F.);
#4582=ORIENTED_EDGE('',*,*,#6782,.F.);
#4583=ORIENTED_EDGE('',*,*,#7056,.F.);
#4584=ORIENTED_EDGE('',*,*,#7054,.T.);
#4585=ORIENTED_EDGE('',*,*,#7057,.T.);
#4586=ORIENTED_EDGE('',*,*,#7058,.F.);
#4587=ORIENTED_EDGE('',*,*,#6784,.T.);
#4588=ORIENTED_EDGE('',*,*,#7059,.T.);
#4589=ORIENTED_EDGE('',*,*,#7052,.F.);
#4590=ORIENTED_EDGE('',*,*,#6781,.F.);
#4591=ORIENTED_EDGE('',*,*,#7058,.T.);
#4592=ORIENTED_EDGE('',*,*,#7055,.T.);
#4593=ORIENTED_EDGE('',*,*,#7056,.T.);
#4594=ORIENTED_EDGE('',*,*,#7059,.F.);
#4595=ORIENTED_EDGE('',*,*,#6783,.T.);
#4596=ORIENTED_EDGE('',*,*,#7057,.F.);
#4597=ORIENTED_EDGE('',*,*,#7053,.T.);
#4598=ORIENTED_EDGE('',*,*,#7060,.T.);
#4599=ORIENTED_EDGE('',*,*,#7061,.T.);
#4600=ORIENTED_EDGE('',*,*,#7062,.T.);
#4601=ORIENTED_EDGE('',*,*,#7063,.T.);
#4602=ORIENTED_EDGE('',*,*,#7064,.F.);
#4603=ORIENTED_EDGE('',*,*,#6792,.T.);
#4604=ORIENTED_EDGE('',*,*,#7065,.T.);
#4605=ORIENTED_EDGE('',*,*,#7060,.F.);
#4606=ORIENTED_EDGE('',*,*,#6790,.F.);
#4607=ORIENTED_EDGE('',*,*,#7066,.F.);
#4608=ORIENTED_EDGE('',*,*,#7062,.F.);
#4609=ORIENTED_EDGE('',*,*,#7067,.T.);
#4610=ORIENTED_EDGE('',*,*,#6791,.F.);
#4611=ORIENTED_EDGE('',*,*,#7067,.F.);
#4612=ORIENTED_EDGE('',*,*,#7061,.F.);
#4613=ORIENTED_EDGE('',*,*,#7065,.F.);
#4614=ORIENTED_EDGE('',*,*,#7066,.T.);
#4615=ORIENTED_EDGE('',*,*,#6789,.T.);
#4616=ORIENTED_EDGE('',*,*,#7064,.T.);
#4617=ORIENTED_EDGE('',*,*,#7063,.F.);
#4618=ORIENTED_EDGE('',*,*,#7068,.T.);
#4619=ORIENTED_EDGE('',*,*,#7069,.T.);
#4620=ORIENTED_EDGE('',*,*,#7070,.T.);
#4621=ORIENTED_EDGE('',*,*,#7071,.T.);
#4622=ORIENTED_EDGE('',*,*,#7072,.T.);
#4623=ORIENTED_EDGE('',*,*,#6777,.T.);
#4624=ORIENTED_EDGE('',*,*,#7073,.T.);
#4625=ORIENTED_EDGE('',*,*,#7070,.F.);
#4626=ORIENTED_EDGE('',*,*,#7074,.F.);
#4627=ORIENTED_EDGE('',*,*,#6779,.T.);
#4628=ORIENTED_EDGE('',*,*,#7075,.T.);
#4629=ORIENTED_EDGE('',*,*,#7068,.F.);
#4630=ORIENTED_EDGE('',*,*,#6780,.F.);
#4631=ORIENTED_EDGE('',*,*,#7074,.T.);
#4632=ORIENTED_EDGE('',*,*,#7071,.F.);
#4633=ORIENTED_EDGE('',*,*,#7073,.F.);
#4634=ORIENTED_EDGE('',*,*,#7075,.F.);
#4635=ORIENTED_EDGE('',*,*,#6778,.T.);
#4636=ORIENTED_EDGE('',*,*,#7072,.F.);
#4637=ORIENTED_EDGE('',*,*,#7069,.F.);
#4638=ORIENTED_EDGE('',*,*,#7076,.F.);
#4639=ORIENTED_EDGE('',*,*,#7077,.F.);
#4640=ORIENTED_EDGE('',*,*,#7078,.F.);
#4641=ORIENTED_EDGE('',*,*,#7079,.F.);
#4642=ORIENTED_EDGE('',*,*,#7080,.T.);
#4643=ORIENTED_EDGE('',*,*,#6776,.T.);
#4644=ORIENTED_EDGE('',*,*,#7081,.T.);
#4645=ORIENTED_EDGE('',*,*,#7076,.T.);
#4646=ORIENTED_EDGE('',*,*,#6774,.F.);
#4647=ORIENTED_EDGE('',*,*,#7082,.T.);
#4648=ORIENTED_EDGE('',*,*,#7078,.T.);
#4649=ORIENTED_EDGE('',*,*,#7083,.F.);
#4650=ORIENTED_EDGE('',*,*,#6775,.F.);
#4651=ORIENTED_EDGE('',*,*,#7083,.T.);
#4652=ORIENTED_EDGE('',*,*,#7077,.T.);
#4653=ORIENTED_EDGE('',*,*,#7081,.F.);
#4654=ORIENTED_EDGE('',*,*,#7082,.F.);
#4655=ORIENTED_EDGE('',*,*,#6773,.T.);
#4656=ORIENTED_EDGE('',*,*,#7080,.F.);
#4657=ORIENTED_EDGE('',*,*,#7079,.T.);
#4658=ORIENTED_EDGE('',*,*,#7084,.T.);
#4659=ORIENTED_EDGE('',*,*,#7085,.T.);
#4660=ORIENTED_EDGE('',*,*,#7086,.T.);
#4661=ORIENTED_EDGE('',*,*,#7087,.T.);
#4662=ORIENTED_EDGE('',*,*,#6794,.F.);
#4663=ORIENTED_EDGE('',*,*,#7088,.T.);
#4664=ORIENTED_EDGE('',*,*,#7086,.F.);
#4665=ORIENTED_EDGE('',*,*,#7089,.F.);
#4666=ORIENTED_EDGE('',*,*,#7090,.F.);
#4667=ORIENTED_EDGE('',*,*,#6796,.T.);
#4668=ORIENTED_EDGE('',*,*,#7091,.T.);
#4669=ORIENTED_EDGE('',*,*,#7084,.F.);
#4670=ORIENTED_EDGE('',*,*,#6793,.F.);
#4671=ORIENTED_EDGE('',*,*,#7090,.T.);
#4672=ORIENTED_EDGE('',*,*,#7087,.F.);
#4673=ORIENTED_EDGE('',*,*,#7088,.F.);
#4674=ORIENTED_EDGE('',*,*,#7091,.F.);
#4675=ORIENTED_EDGE('',*,*,#6795,.T.);
#4676=ORIENTED_EDGE('',*,*,#7089,.T.);
#4677=ORIENTED_EDGE('',*,*,#7085,.F.);
#4678=ORIENTED_EDGE('',*,*,#7092,.F.);
#4679=ORIENTED_EDGE('',*,*,#7093,.T.);
#4680=ORIENTED_EDGE('',*,*,#7094,.T.);
#4681=ORIENTED_EDGE('',*,*,#7095,.F.);
#4682=ORIENTED_EDGE('',*,*,#7096,.T.);
#4683=ORIENTED_EDGE('',*,*,#7097,.T.);
#4684=ORIENTED_EDGE('',*,*,#7095,.T.);
#4685=ORIENTED_EDGE('',*,*,#7098,.F.);
#4686=ORIENTED_EDGE('',*,*,#7099,.F.);
#4687=ORIENTED_EDGE('',*,*,#7100,.F.);
#4688=ORIENTED_EDGE('',*,*,#7101,.F.);
#4689=ORIENTED_EDGE('',*,*,#7102,.T.);
#4690=ORIENTED_EDGE('',*,*,#7103,.F.);
#4691=ORIENTED_EDGE('',*,*,#7104,.F.);
#4692=ORIENTED_EDGE('',*,*,#7105,.F.);
#4693=ORIENTED_EDGE('',*,*,#7106,.F.);
#4694=ORIENTED_EDGE('',*,*,#7107,.T.);
#4695=ORIENTED_EDGE('',*,*,#7108,.T.);
#4696=ORIENTED_EDGE('',*,*,#7109,.T.);
#4697=ORIENTED_EDGE('',*,*,#7110,.T.);
#4698=ORIENTED_EDGE('',*,*,#7111,.T.);
#4699=ORIENTED_EDGE('',*,*,#7112,.T.);
#4700=ORIENTED_EDGE('',*,*,#7113,.T.);
#4701=ORIENTED_EDGE('',*,*,#7114,.T.);
#4702=ORIENTED_EDGE('',*,*,#7115,.T.);
#4703=ORIENTED_EDGE('',*,*,#7116,.F.);
#4704=ORIENTED_EDGE('',*,*,#7093,.F.);
#4705=ORIENTED_EDGE('',*,*,#7117,.F.);
#4706=ORIENTED_EDGE('',*,*,#7118,.F.);
#4707=ORIENTED_EDGE('',*,*,#7119,.F.);
#4708=ORIENTED_EDGE('',*,*,#7120,.F.);
#4709=ORIENTED_EDGE('',*,*,#7121,.T.);
#4710=ORIENTED_EDGE('',*,*,#7122,.F.);
#4711=ORIENTED_EDGE('',*,*,#7123,.F.);
#4712=ORIENTED_EDGE('',*,*,#7124,.F.);
#4713=ORIENTED_EDGE('',*,*,#7125,.F.);
#4714=ORIENTED_EDGE('',*,*,#7126,.T.);
#4715=ORIENTED_EDGE('',*,*,#7127,.T.);
#4716=ORIENTED_EDGE('',*,*,#7128,.T.);
#4717=ORIENTED_EDGE('',*,*,#7129,.T.);
#4718=ORIENTED_EDGE('',*,*,#7130,.T.);
#4719=ORIENTED_EDGE('',*,*,#7131,.T.);
#4720=ORIENTED_EDGE('',*,*,#7132,.T.);
#4721=ORIENTED_EDGE('',*,*,#7133,.T.);
#4722=ORIENTED_EDGE('',*,*,#7134,.T.);
#4723=ORIENTED_EDGE('',*,*,#7135,.T.);
#4724=ORIENTED_EDGE('',*,*,#7117,.T.);
#4725=ORIENTED_EDGE('',*,*,#7092,.T.);
#4726=ORIENTED_EDGE('',*,*,#7097,.F.);
#4727=ORIENTED_EDGE('',*,*,#7136,.T.);
#4728=ORIENTED_EDGE('',*,*,#7094,.F.);
#4729=ORIENTED_EDGE('',*,*,#7135,.F.);
#4730=ORIENTED_EDGE('',*,*,#7137,.F.);
#4731=ORIENTED_EDGE('',*,*,#7098,.T.);
#4732=ORIENTED_EDGE('',*,*,#7113,.F.);
#4733=ORIENTED_EDGE('',*,*,#7138,.T.);
#4734=ORIENTED_EDGE('',*,*,#7120,.T.);
#4735=ORIENTED_EDGE('',*,*,#7139,.F.);
#4736=ORIENTED_EDGE('',*,*,#7122,.T.);
#4737=ORIENTED_EDGE('',*,*,#7140,.T.);
#4738=ORIENTED_EDGE('',*,*,#7111,.F.);
#4739=ORIENTED_EDGE('',*,*,#7141,.F.);
#4740=ORIENTED_EDGE('',*,*,#7110,.F.);
#4741=ORIENTED_EDGE('',*,*,#7142,.F.);
#4742=ORIENTED_EDGE('',*,*,#7123,.T.);
#4743=ORIENTED_EDGE('',*,*,#7141,.T.);
#4744=ORIENTED_EDGE('',*,*,#7109,.F.);
#4745=ORIENTED_EDGE('',*,*,#7143,.F.);
#4746=ORIENTED_EDGE('',*,*,#7124,.T.);
#4747=ORIENTED_EDGE('',*,*,#7142,.T.);
#4748=ORIENTED_EDGE('',*,*,#7108,.F.);
#4749=ORIENTED_EDGE('',*,*,#7144,.T.);
#4750=ORIENTED_EDGE('',*,*,#7125,.T.);
#4751=ORIENTED_EDGE('',*,*,#7143,.T.);
#4752=ORIENTED_EDGE('',*,*,#7145,.T.);
#4753=ORIENTED_EDGE('',*,*,#7146,.T.);
#4754=ORIENTED_EDGE('',*,*,#7147,.T.);
#4755=ORIENTED_EDGE('',*,*,#7148,.T.);
#4756=ORIENTED_EDGE('',*,*,#7127,.F.);
#4757=ORIENTED_EDGE('',*,*,#7149,.T.);
#4758=ORIENTED_EDGE('',*,*,#7106,.T.);
#4759=ORIENTED_EDGE('',*,*,#7150,.F.);
#4760=ORIENTED_EDGE('',*,*,#7105,.T.);
#4761=ORIENTED_EDGE('',*,*,#7151,.F.);
#4762=ORIENTED_EDGE('',*,*,#7128,.F.);
#4763=ORIENTED_EDGE('',*,*,#7150,.T.);
#4764=ORIENTED_EDGE('',*,*,#7104,.T.);
#4765=ORIENTED_EDGE('',*,*,#7152,.F.);
#4766=ORIENTED_EDGE('',*,*,#7129,.F.);
#4767=ORIENTED_EDGE('',*,*,#7151,.T.);
#4768=ORIENTED_EDGE('',*,*,#7103,.T.);
#4769=ORIENTED_EDGE('',*,*,#7153,.T.);
#4770=ORIENTED_EDGE('',*,*,#7130,.F.);
#4771=ORIENTED_EDGE('',*,*,#7152,.T.);
#4772=ORIENTED_EDGE('',*,*,#7132,.F.);
#4773=ORIENTED_EDGE('',*,*,#7154,.T.);
#4774=ORIENTED_EDGE('',*,*,#7101,.T.);
#4775=ORIENTED_EDGE('',*,*,#7155,.T.);
#4776=ORIENTED_EDGE('',*,*,#7096,.F.);
#4777=ORIENTED_EDGE('',*,*,#7116,.T.);
#4778=ORIENTED_EDGE('',*,*,#7134,.F.);
#4779=ORIENTED_EDGE('',*,*,#7156,.F.);
#4780=ORIENTED_EDGE('',*,*,#7099,.T.);
#4781=ORIENTED_EDGE('',*,*,#7137,.T.);
#4782=ORIENTED_EDGE('',*,*,#7133,.F.);
#4783=ORIENTED_EDGE('',*,*,#7155,.F.);
#4784=ORIENTED_EDGE('',*,*,#7100,.T.);
#4785=ORIENTED_EDGE('',*,*,#7156,.T.);
#4786=ORIENTED_EDGE('',*,*,#7118,.T.);
#4787=ORIENTED_EDGE('',*,*,#7136,.F.);
#4788=ORIENTED_EDGE('',*,*,#7115,.F.);
#4789=ORIENTED_EDGE('',*,*,#7157,.T.);
#4790=ORIENTED_EDGE('',*,*,#7119,.T.);
#4791=ORIENTED_EDGE('',*,*,#7157,.F.);
#4792=ORIENTED_EDGE('',*,*,#7114,.F.);
#4793=ORIENTED_EDGE('',*,*,#7139,.T.);
#4794=ORIENTED_EDGE('',*,*,#7149,.F.);
#4795=ORIENTED_EDGE('',*,*,#7158,.T.);
#4796=ORIENTED_EDGE('',*,*,#7145,.F.);
#4797=ORIENTED_EDGE('',*,*,#7159,.T.);
#4798=ORIENTED_EDGE('',*,*,#7147,.F.);
#4799=ORIENTED_EDGE('',*,*,#7160,.T.);
#4800=ORIENTED_EDGE('',*,*,#7144,.F.);
#4801=ORIENTED_EDGE('',*,*,#7161,.T.);
#4802=ORIENTED_EDGE('',*,*,#7161,.F.);
#4803=ORIENTED_EDGE('',*,*,#7107,.F.);
#4804=ORIENTED_EDGE('',*,*,#7159,.F.);
#4805=ORIENTED_EDGE('',*,*,#7148,.F.);
#4806=ORIENTED_EDGE('',*,*,#7160,.F.);
#4807=ORIENTED_EDGE('',*,*,#7146,.F.);
#4808=ORIENTED_EDGE('',*,*,#7158,.F.);
#4809=ORIENTED_EDGE('',*,*,#7126,.F.);
#4810=ORIENTED_EDGE('',*,*,#7131,.F.);
#4811=ORIENTED_EDGE('',*,*,#7153,.F.);
#4812=ORIENTED_EDGE('',*,*,#7102,.F.);
#4813=ORIENTED_EDGE('',*,*,#7154,.F.);
#4814=ORIENTED_EDGE('',*,*,#7121,.F.);
#4815=ORIENTED_EDGE('',*,*,#7138,.F.);
#4816=ORIENTED_EDGE('',*,*,#7112,.F.);
#4817=ORIENTED_EDGE('',*,*,#7140,.F.);
#4818=ORIENTED_EDGE('',*,*,#7162,.F.);
#4819=ORIENTED_EDGE('',*,*,#7163,.F.);
#4820=ORIENTED_EDGE('',*,*,#7164,.F.);
#4821=ORIENTED_EDGE('',*,*,#7165,.T.);
#4822=ORIENTED_EDGE('',*,*,#7166,.F.);
#4823=ORIENTED_EDGE('',*,*,#7167,.F.);
#4824=ORIENTED_EDGE('',*,*,#7168,.F.);
#4825=ORIENTED_EDGE('',*,*,#7169,.T.);
#4826=ORIENTED_EDGE('',*,*,#7170,.T.);
#4827=ORIENTED_EDGE('',*,*,#7171,.F.);
#4828=ORIENTED_EDGE('',*,*,#7172,.F.);
#4829=ORIENTED_EDGE('',*,*,#7173,.F.);
#4830=ORIENTED_EDGE('',*,*,#7174,.T.);
#4831=ORIENTED_EDGE('',*,*,#7175,.T.);
#4832=ORIENTED_EDGE('',*,*,#7163,.T.);
#4833=ORIENTED_EDGE('',*,*,#7176,.F.);
#4834=ORIENTED_EDGE('',*,*,#7177,.T.);
#4835=ORIENTED_EDGE('',*,*,#7178,.F.);
#4836=ORIENTED_EDGE('',*,*,#7179,.T.);
#4837=ORIENTED_EDGE('',*,*,#7180,.F.);
#4838=ORIENTED_EDGE('',*,*,#7171,.T.);
#4839=ORIENTED_EDGE('',*,*,#7181,.F.);
#4840=ORIENTED_EDGE('',*,*,#7182,.F.);
#4841=ORIENTED_EDGE('',*,*,#7183,.F.);
#4842=ORIENTED_EDGE('',*,*,#7184,.F.);
#4843=ORIENTED_EDGE('',*,*,#7185,.T.);
#4844=ORIENTED_EDGE('',*,*,#7186,.F.);
#4845=ORIENTED_EDGE('',*,*,#7187,.F.);
#4846=ORIENTED_EDGE('',*,*,#7188,.F.);
#4847=ORIENTED_EDGE('',*,*,#7189,.F.);
#4848=ORIENTED_EDGE('',*,*,#7190,.T.);
#4849=ORIENTED_EDGE('',*,*,#7191,.T.);
#4850=ORIENTED_EDGE('',*,*,#7192,.T.);
#4851=ORIENTED_EDGE('',*,*,#7193,.T.);
#4852=ORIENTED_EDGE('',*,*,#7194,.T.);
#4853=ORIENTED_EDGE('',*,*,#7195,.T.);
#4854=ORIENTED_EDGE('',*,*,#7196,.T.);
#4855=ORIENTED_EDGE('',*,*,#7197,.T.);
#4856=ORIENTED_EDGE('',*,*,#7198,.T.);
#4857=ORIENTED_EDGE('',*,*,#7199,.T.);
#4858=ORIENTED_EDGE('',*,*,#7200,.T.);
#4859=ORIENTED_EDGE('',*,*,#7201,.F.);
#4860=ORIENTED_EDGE('',*,*,#7165,.F.);
#4861=ORIENTED_EDGE('',*,*,#7202,.F.);
#4862=ORIENTED_EDGE('',*,*,#7203,.F.);
#4863=ORIENTED_EDGE('',*,*,#7204,.F.);
#4864=ORIENTED_EDGE('',*,*,#7205,.F.);
#4865=ORIENTED_EDGE('',*,*,#7206,.T.);
#4866=ORIENTED_EDGE('',*,*,#7207,.F.);
#4867=ORIENTED_EDGE('',*,*,#7208,.F.);
#4868=ORIENTED_EDGE('',*,*,#7209,.F.);
#4869=ORIENTED_EDGE('',*,*,#7210,.F.);
#4870=ORIENTED_EDGE('',*,*,#7211,.T.);
#4871=ORIENTED_EDGE('',*,*,#7212,.T.);
#4872=ORIENTED_EDGE('',*,*,#7213,.T.);
#4873=ORIENTED_EDGE('',*,*,#7214,.T.);
#4874=ORIENTED_EDGE('',*,*,#7215,.T.);
#4875=ORIENTED_EDGE('',*,*,#7216,.T.);
#4876=ORIENTED_EDGE('',*,*,#7217,.T.);
#4877=ORIENTED_EDGE('',*,*,#7218,.T.);
#4878=ORIENTED_EDGE('',*,*,#7219,.T.);
#4879=ORIENTED_EDGE('',*,*,#7220,.T.);
#4880=ORIENTED_EDGE('',*,*,#7221,.T.);
#4881=ORIENTED_EDGE('',*,*,#7222,.T.);
#4882=ORIENTED_EDGE('',*,*,#7169,.F.);
#4883=ORIENTED_EDGE('',*,*,#7223,.T.);
#4884=ORIENTED_EDGE('',*,*,#7224,.T.);
#4885=ORIENTED_EDGE('',*,*,#7225,.T.);
#4886=ORIENTED_EDGE('',*,*,#7226,.T.);
#4887=ORIENTED_EDGE('',*,*,#7227,.T.);
#4888=ORIENTED_EDGE('',*,*,#7202,.T.);
#4889=ORIENTED_EDGE('',*,*,#7164,.T.);
#4890=ORIENTED_EDGE('',*,*,#7175,.F.);
#4891=ORIENTED_EDGE('',*,*,#7228,.F.);
#4892=ORIENTED_EDGE('',*,*,#7170,.F.);
#4893=ORIENTED_EDGE('',*,*,#7222,.F.);
#4894=ORIENTED_EDGE('',*,*,#7229,.T.);
#4895=ORIENTED_EDGE('',*,*,#7181,.T.);
#4896=ORIENTED_EDGE('',*,*,#7230,.T.);
#4897=ORIENTED_EDGE('',*,*,#7167,.T.);
#4898=ORIENTED_EDGE('',*,*,#7231,.T.);
#4899=ORIENTED_EDGE('',*,*,#7232,.T.);
#4900=ORIENTED_EDGE('',*,*,#7233,.T.);
#4901=ORIENTED_EDGE('',*,*,#7234,.T.);
#4902=ORIENTED_EDGE('',*,*,#7235,.F.);
#4903=ORIENTED_EDGE('',*,*,#7172,.T.);
#4904=ORIENTED_EDGE('',*,*,#7180,.T.);
#4905=ORIENTED_EDGE('',*,*,#7236,.T.);
#4906=ORIENTED_EDGE('',*,*,#7176,.T.);
#4907=ORIENTED_EDGE('',*,*,#7162,.T.);
#4908=ORIENTED_EDGE('',*,*,#7237,.F.);
#4909=ORIENTED_EDGE('',*,*,#7238,.T.);
#4910=ORIENTED_EDGE('',*,*,#7237,.T.);
#4911=ORIENTED_EDGE('',*,*,#7173,.T.);
#4912=ORIENTED_EDGE('',*,*,#7235,.T.);
#4913=ORIENTED_EDGE('',*,*,#7239,.T.);
#4914=ORIENTED_EDGE('',*,*,#7240,.T.);
#4915=ORIENTED_EDGE('',*,*,#7241,.T.);
#4916=ORIENTED_EDGE('',*,*,#7231,.F.);
#4917=ORIENTED_EDGE('',*,*,#7166,.T.);
#4918=ORIENTED_EDGE('',*,*,#7227,.F.);
#4919=ORIENTED_EDGE('',*,*,#7242,.T.);
#4920=ORIENTED_EDGE('',*,*,#7223,.F.);
#4921=ORIENTED_EDGE('',*,*,#7168,.T.);
#4922=ORIENTED_EDGE('',*,*,#7230,.F.);
#4923=ORIENTED_EDGE('',*,*,#7243,.T.);
#4924=ORIENTED_EDGE('',*,*,#7188,.T.);
#4925=ORIENTED_EDGE('',*,*,#7244,.F.);
#4926=ORIENTED_EDGE('',*,*,#7215,.F.);
#4927=ORIENTED_EDGE('',*,*,#7245,.T.);
#4928=ORIENTED_EDGE('',*,*,#7187,.T.);
#4929=ORIENTED_EDGE('',*,*,#7246,.F.);
#4930=ORIENTED_EDGE('',*,*,#7216,.F.);
#4931=ORIENTED_EDGE('',*,*,#7244,.T.);
#4932=ORIENTED_EDGE('',*,*,#7186,.T.);
#4933=ORIENTED_EDGE('',*,*,#7247,.T.);
#4934=ORIENTED_EDGE('',*,*,#7217,.F.);
#4935=ORIENTED_EDGE('',*,*,#7246,.T.);
#4936=ORIENTED_EDGE('',*,*,#7219,.F.);
#4937=ORIENTED_EDGE('',*,*,#7248,.T.);
#4938=ORIENTED_EDGE('',*,*,#7184,.T.);
#4939=ORIENTED_EDGE('',*,*,#7249,.T.);
#4940=ORIENTED_EDGE('',*,*,#7198,.F.);
#4941=ORIENTED_EDGE('',*,*,#7250,.T.);
#4942=ORIENTED_EDGE('',*,*,#7205,.T.);
#4943=ORIENTED_EDGE('',*,*,#7251,.F.);
#4944=ORIENTED_EDGE('',*,*,#7207,.T.);
#4945=ORIENTED_EDGE('',*,*,#7252,.T.);
#4946=ORIENTED_EDGE('',*,*,#7196,.F.);
#4947=ORIENTED_EDGE('',*,*,#7253,.F.);
#4948=ORIENTED_EDGE('',*,*,#7195,.F.);
#4949=ORIENTED_EDGE('',*,*,#7254,.F.);
#4950=ORIENTED_EDGE('',*,*,#7208,.T.);
#4951=ORIENTED_EDGE('',*,*,#7253,.T.);
#4952=ORIENTED_EDGE('',*,*,#7194,.F.);
#4953=ORIENTED_EDGE('',*,*,#7255,.F.);
#4954=ORIENTED_EDGE('',*,*,#7209,.T.);
#4955=ORIENTED_EDGE('',*,*,#7254,.T.);
#4956=ORIENTED_EDGE('',*,*,#7193,.F.);
#4957=ORIENTED_EDGE('',*,*,#7256,.T.);
#4958=ORIENTED_EDGE('',*,*,#7210,.T.);
#4959=ORIENTED_EDGE('',*,*,#7255,.T.);
#4960=ORIENTED_EDGE('',*,*,#7257,.T.);
#4961=ORIENTED_EDGE('',*,*,#7258,.T.);
#4962=ORIENTED_EDGE('',*,*,#7259,.T.);
#4963=ORIENTED_EDGE('',*,*,#7260,.T.);
#4964=ORIENTED_EDGE('',*,*,#7214,.F.);
#4965=ORIENTED_EDGE('',*,*,#7261,.T.);
#4966=ORIENTED_EDGE('',*,*,#7189,.T.);
#4967=ORIENTED_EDGE('',*,*,#7245,.F.);
#4968=ORIENTED_EDGE('',*,*,#7174,.F.);
#4969=ORIENTED_EDGE('',*,*,#7201,.T.);
#4970=ORIENTED_EDGE('',*,*,#7178,.T.);
#4971=ORIENTED_EDGE('',*,*,#7262,.T.);
#4972=ORIENTED_EDGE('',*,*,#7240,.F.);
#4973=ORIENTED_EDGE('',*,*,#7263,.T.);
#4974=ORIENTED_EDGE('',*,*,#7229,.F.);
#4975=ORIENTED_EDGE('',*,*,#7221,.F.);
#4976=ORIENTED_EDGE('',*,*,#7264,.F.);
#4977=ORIENTED_EDGE('',*,*,#7182,.T.);
#4978=ORIENTED_EDGE('',*,*,#7249,.F.);
#4979=ORIENTED_EDGE('',*,*,#7183,.T.);
#4980=ORIENTED_EDGE('',*,*,#7264,.T.);
#4981=ORIENTED_EDGE('',*,*,#7220,.F.);
#4982=ORIENTED_EDGE('',*,*,#7203,.T.);
#4983=ORIENTED_EDGE('',*,*,#7228,.T.);
#4984=ORIENTED_EDGE('',*,*,#7200,.F.);
#4985=ORIENTED_EDGE('',*,*,#7265,.T.);
#4986=ORIENTED_EDGE('',*,*,#7199,.F.);
#4987=ORIENTED_EDGE('',*,*,#7251,.T.);
#4988=ORIENTED_EDGE('',*,*,#7204,.T.);
#4989=ORIENTED_EDGE('',*,*,#7265,.F.);
#4990=ORIENTED_EDGE('',*,*,#7206,.F.);
#4991=ORIENTED_EDGE('',*,*,#7250,.F.);
#4992=ORIENTED_EDGE('',*,*,#7197,.F.);
#4993=ORIENTED_EDGE('',*,*,#7252,.F.);
#4994=ORIENTED_EDGE('',*,*,#7218,.F.);
#4995=ORIENTED_EDGE('',*,*,#7247,.F.);
#4996=ORIENTED_EDGE('',*,*,#7185,.F.);
#4997=ORIENTED_EDGE('',*,*,#7248,.F.);
#4998=ORIENTED_EDGE('',*,*,#7177,.F.);
#4999=ORIENTED_EDGE('',*,*,#7238,.F.);
#5000=ORIENTED_EDGE('',*,*,#7241,.F.);
#5001=ORIENTED_EDGE('',*,*,#7262,.F.);
#5002=ORIENTED_EDGE('',*,*,#7179,.F.);
#5003=ORIENTED_EDGE('',*,*,#7263,.F.);
#5004=ORIENTED_EDGE('',*,*,#7239,.F.);
#5005=ORIENTED_EDGE('',*,*,#7236,.F.);
#5006=ORIENTED_EDGE('',*,*,#7242,.F.);
#5007=ORIENTED_EDGE('',*,*,#7226,.F.);
#5008=ORIENTED_EDGE('',*,*,#7266,.F.);
#5009=ORIENTED_EDGE('',*,*,#7232,.F.);
#5010=ORIENTED_EDGE('',*,*,#7266,.T.);
#5011=ORIENTED_EDGE('',*,*,#7225,.F.);
#5012=ORIENTED_EDGE('',*,*,#7267,.F.);
#5013=ORIENTED_EDGE('',*,*,#7233,.F.);
#5014=ORIENTED_EDGE('',*,*,#7267,.T.);
#5015=ORIENTED_EDGE('',*,*,#7224,.F.);
#5016=ORIENTED_EDGE('',*,*,#7243,.F.);
#5017=ORIENTED_EDGE('',*,*,#7234,.F.);
#5018=ORIENTED_EDGE('',*,*,#7192,.F.);
#5019=ORIENTED_EDGE('',*,*,#7268,.T.);
#5020=ORIENTED_EDGE('',*,*,#7257,.F.);
#5021=ORIENTED_EDGE('',*,*,#7269,.T.);
#5022=ORIENTED_EDGE('',*,*,#7211,.F.);
#5023=ORIENTED_EDGE('',*,*,#7256,.F.);
#5024=ORIENTED_EDGE('',*,*,#7259,.F.);
#5025=ORIENTED_EDGE('',*,*,#7270,.T.);
#5026=ORIENTED_EDGE('',*,*,#7190,.F.);
#5027=ORIENTED_EDGE('',*,*,#7261,.F.);
#5028=ORIENTED_EDGE('',*,*,#7213,.F.);
#5029=ORIENTED_EDGE('',*,*,#7271,.T.);
#5030=ORIENTED_EDGE('',*,*,#7269,.F.);
#5031=ORIENTED_EDGE('',*,*,#7260,.F.);
#5032=ORIENTED_EDGE('',*,*,#7271,.F.);
#5033=ORIENTED_EDGE('',*,*,#7212,.F.);
#5034=ORIENTED_EDGE('',*,*,#7268,.F.);
#5035=ORIENTED_EDGE('',*,*,#7191,.F.);
#5036=ORIENTED_EDGE('',*,*,#7270,.F.);
#5037=ORIENTED_EDGE('',*,*,#7258,.F.);
#5038=ORIENTED_EDGE('',*,*,#7272,.F.);
#5039=ORIENTED_EDGE('',*,*,#7273,.T.);
#5040=ORIENTED_EDGE('',*,*,#7274,.T.);
#5041=ORIENTED_EDGE('',*,*,#7275,.F.);
#5042=ORIENTED_EDGE('',*,*,#7276,.T.);
#5043=ORIENTED_EDGE('',*,*,#7277,.T.);
#5044=ORIENTED_EDGE('',*,*,#7275,.T.);
#5045=ORIENTED_EDGE('',*,*,#7278,.F.);
#5046=ORIENTED_EDGE('',*,*,#7279,.F.);
#5047=ORIENTED_EDGE('',*,*,#7280,.F.);
#5048=ORIENTED_EDGE('',*,*,#7281,.F.);
#5049=ORIENTED_EDGE('',*,*,#7282,.T.);
#5050=ORIENTED_EDGE('',*,*,#7283,.F.);
#5051=ORIENTED_EDGE('',*,*,#7284,.F.);
#5052=ORIENTED_EDGE('',*,*,#7285,.F.);
#5053=ORIENTED_EDGE('',*,*,#7286,.F.);
#5054=ORIENTED_EDGE('',*,*,#7287,.T.);
#5055=ORIENTED_EDGE('',*,*,#7288,.T.);
#5056=ORIENTED_EDGE('',*,*,#7289,.T.);
#5057=ORIENTED_EDGE('',*,*,#7290,.T.);
#5058=ORIENTED_EDGE('',*,*,#7291,.T.);
#5059=ORIENTED_EDGE('',*,*,#7292,.T.);
#5060=ORIENTED_EDGE('',*,*,#7293,.T.);
#5061=ORIENTED_EDGE('',*,*,#7294,.T.);
#5062=ORIENTED_EDGE('',*,*,#7295,.T.);
#5063=ORIENTED_EDGE('',*,*,#7296,.F.);
#5064=ORIENTED_EDGE('',*,*,#7273,.F.);
#5065=ORIENTED_EDGE('',*,*,#7297,.F.);
#5066=ORIENTED_EDGE('',*,*,#7298,.F.);
#5067=ORIENTED_EDGE('',*,*,#7299,.F.);
#5068=ORIENTED_EDGE('',*,*,#7300,.F.);
#5069=ORIENTED_EDGE('',*,*,#7301,.T.);
#5070=ORIENTED_EDGE('',*,*,#7302,.F.);
#5071=ORIENTED_EDGE('',*,*,#7303,.F.);
#5072=ORIENTED_EDGE('',*,*,#7304,.F.);
#5073=ORIENTED_EDGE('',*,*,#7305,.F.);
#5074=ORIENTED_EDGE('',*,*,#7306,.T.);
#5075=ORIENTED_EDGE('',*,*,#7307,.T.);
#5076=ORIENTED_EDGE('',*,*,#7308,.T.);
#5077=ORIENTED_EDGE('',*,*,#7309,.T.);
#5078=ORIENTED_EDGE('',*,*,#7310,.T.);
#5079=ORIENTED_EDGE('',*,*,#7311,.T.);
#5080=ORIENTED_EDGE('',*,*,#7312,.T.);
#5081=ORIENTED_EDGE('',*,*,#7313,.T.);
#5082=ORIENTED_EDGE('',*,*,#7314,.T.);
#5083=ORIENTED_EDGE('',*,*,#7315,.T.);
#5084=ORIENTED_EDGE('',*,*,#7297,.T.);
#5085=ORIENTED_EDGE('',*,*,#7272,.T.);
#5086=ORIENTED_EDGE('',*,*,#7277,.F.);
#5087=ORIENTED_EDGE('',*,*,#7316,.T.);
#5088=ORIENTED_EDGE('',*,*,#7274,.F.);
#5089=ORIENTED_EDGE('',*,*,#7315,.F.);
#5090=ORIENTED_EDGE('',*,*,#7317,.F.);
#5091=ORIENTED_EDGE('',*,*,#7278,.T.);
#5092=ORIENTED_EDGE('',*,*,#7293,.F.);
#5093=ORIENTED_EDGE('',*,*,#7318,.T.);
#5094=ORIENTED_EDGE('',*,*,#7300,.T.);
#5095=ORIENTED_EDGE('',*,*,#7319,.F.);
#5096=ORIENTED_EDGE('',*,*,#7302,.T.);
#5097=ORIENTED_EDGE('',*,*,#7320,.T.);
#5098=ORIENTED_EDGE('',*,*,#7291,.F.);
#5099=ORIENTED_EDGE('',*,*,#7321,.F.);
#5100=ORIENTED_EDGE('',*,*,#7290,.F.);
#5101=ORIENTED_EDGE('',*,*,#7322,.F.);
#5102=ORIENTED_EDGE('',*,*,#7303,.T.);
#5103=ORIENTED_EDGE('',*,*,#7321,.T.);
#5104=ORIENTED_EDGE('',*,*,#7289,.F.);
#5105=ORIENTED_EDGE('',*,*,#7323,.F.);
#5106=ORIENTED_EDGE('',*,*,#7304,.T.);
#5107=ORIENTED_EDGE('',*,*,#7322,.T.);
#5108=ORIENTED_EDGE('',*,*,#7288,.F.);
#5109=ORIENTED_EDGE('',*,*,#7324,.T.);
#5110=ORIENTED_EDGE('',*,*,#7305,.T.);
#5111=ORIENTED_EDGE('',*,*,#7323,.T.);
#5112=ORIENTED_EDGE('',*,*,#7325,.T.);
#5113=ORIENTED_EDGE('',*,*,#7326,.T.);
#5114=ORIENTED_EDGE('',*,*,#7327,.T.);
#5115=ORIENTED_EDGE('',*,*,#7328,.T.);
#5116=ORIENTED_EDGE('',*,*,#7307,.F.);
#5117=ORIENTED_EDGE('',*,*,#7329,.T.);
#5118=ORIENTED_EDGE('',*,*,#7286,.T.);
#5119=ORIENTED_EDGE('',*,*,#7330,.F.);
#5120=ORIENTED_EDGE('',*,*,#7285,.T.);
#5121=ORIENTED_EDGE('',*,*,#7331,.F.);
#5122=ORIENTED_EDGE('',*,*,#7308,.F.);
#5123=ORIENTED_EDGE('',*,*,#7330,.T.);
#5124=ORIENTED_EDGE('',*,*,#7284,.T.);
#5125=ORIENTED_EDGE('',*,*,#7332,.F.);
#5126=ORIENTED_EDGE('',*,*,#7309,.F.);
#5127=ORIENTED_EDGE('',*,*,#7331,.T.);
#5128=ORIENTED_EDGE('',*,*,#7283,.T.);
#5129=ORIENTED_EDGE('',*,*,#7333,.T.);
#5130=ORIENTED_EDGE('',*,*,#7310,.F.);
#5131=ORIENTED_EDGE('',*,*,#7332,.T.);
#5132=ORIENTED_EDGE('',*,*,#7312,.F.);
#5133=ORIENTED_EDGE('',*,*,#7334,.T.);
#5134=ORIENTED_EDGE('',*,*,#7281,.T.);
#5135=ORIENTED_EDGE('',*,*,#7335,.T.);
#5136=ORIENTED_EDGE('',*,*,#7276,.F.);
#5137=ORIENTED_EDGE('',*,*,#7296,.T.);
#5138=ORIENTED_EDGE('',*,*,#7314,.F.);
#5139=ORIENTED_EDGE('',*,*,#7336,.F.);
#5140=ORIENTED_EDGE('',*,*,#7279,.T.);
#5141=ORIENTED_EDGE('',*,*,#7317,.T.);
#5142=ORIENTED_EDGE('',*,*,#7313,.F.);
#5143=ORIENTED_EDGE('',*,*,#7335,.F.);
#5144=ORIENTED_EDGE('',*,*,#7280,.T.);
#5145=ORIENTED_EDGE('',*,*,#7336,.T.);
#5146=ORIENTED_EDGE('',*,*,#7298,.T.);
#5147=ORIENTED_EDGE('',*,*,#7316,.F.);
#5148=ORIENTED_EDGE('',*,*,#7295,.F.);
#5149=ORIENTED_EDGE('',*,*,#7337,.T.);
#5150=ORIENTED_EDGE('',*,*,#7299,.T.);
#5151=ORIENTED_EDGE('',*,*,#7337,.F.);
#5152=ORIENTED_EDGE('',*,*,#7294,.F.);
#5153=ORIENTED_EDGE('',*,*,#7319,.T.);
#5154=ORIENTED_EDGE('',*,*,#7329,.F.);
#5155=ORIENTED_EDGE('',*,*,#7338,.T.);
#5156=ORIENTED_EDGE('',*,*,#7325,.F.);
#5157=ORIENTED_EDGE('',*,*,#7339,.T.);
#5158=ORIENTED_EDGE('',*,*,#7327,.F.);
#5159=ORIENTED_EDGE('',*,*,#7340,.T.);
#5160=ORIENTED_EDGE('',*,*,#7324,.F.);
#5161=ORIENTED_EDGE('',*,*,#7341,.T.);
#5162=ORIENTED_EDGE('',*,*,#7341,.F.);
#5163=ORIENTED_EDGE('',*,*,#7287,.F.);
#5164=ORIENTED_EDGE('',*,*,#7339,.F.);
#5165=ORIENTED_EDGE('',*,*,#7328,.F.);
#5166=ORIENTED_EDGE('',*,*,#7340,.F.);
#5167=ORIENTED_EDGE('',*,*,#7326,.F.);
#5168=ORIENTED_EDGE('',*,*,#7338,.F.);
#5169=ORIENTED_EDGE('',*,*,#7306,.F.);
#5170=ORIENTED_EDGE('',*,*,#7311,.F.);
#5171=ORIENTED_EDGE('',*,*,#7333,.F.);
#5172=ORIENTED_EDGE('',*,*,#7282,.F.);
#5173=ORIENTED_EDGE('',*,*,#7334,.F.);
#5174=ORIENTED_EDGE('',*,*,#7301,.F.);
#5175=ORIENTED_EDGE('',*,*,#7318,.F.);
#5176=ORIENTED_EDGE('',*,*,#7292,.F.);
#5177=ORIENTED_EDGE('',*,*,#7320,.F.);
#5178=VERTEX_POINT('',#12628);
#5179=VERTEX_POINT('',#12629);
#5180=VERTEX_POINT('',#12631);
#5181=VERTEX_POINT('',#12633);
#5182=VERTEX_POINT('',#12635);
#5183=VERTEX_POINT('',#12639);
#5184=VERTEX_POINT('',#12640);
#5185=VERTEX_POINT('',#12642);
#5186=VERTEX_POINT('',#12644);
#5187=VERTEX_POINT('',#12646);
#5188=VERTEX_POINT('',#12650);
#5189=VERTEX_POINT('',#12651);
#5190=VERTEX_POINT('',#12653);
#5191=VERTEX_POINT('',#12655);
#5192=VERTEX_POINT('',#12658);
#5193=VERTEX_POINT('',#12659);
#5194=VERTEX_POINT('',#12661);
#5195=VERTEX_POINT('',#12663);
#5196=VERTEX_POINT('',#12665);
#5197=VERTEX_POINT('',#12667);
#5198=VERTEX_POINT('',#12669);
#5199=VERTEX_POINT('',#12671);
#5200=VERTEX_POINT('',#12673);
#5201=VERTEX_POINT('',#12675);
#5202=VERTEX_POINT('',#12677);
#5203=VERTEX_POINT('',#12679);
#5204=VERTEX_POINT('',#12681);
#5205=VERTEX_POINT('',#12683);
#5206=VERTEX_POINT('',#12685);
#5207=VERTEX_POINT('',#12687);
#5208=VERTEX_POINT('',#12689);
#5209=VERTEX_POINT('',#12691);
#5210=VERTEX_POINT('',#12693);
#5211=VERTEX_POINT('',#12695);
#5212=VERTEX_POINT('',#12697);
#5213=VERTEX_POINT('',#12699);
#5214=VERTEX_POINT('',#12701);
#5215=VERTEX_POINT('',#12703);
#5216=VERTEX_POINT('',#12705);
#5217=VERTEX_POINT('',#12707);
#5218=VERTEX_POINT('',#12709);
#5219=VERTEX_POINT('',#12711);
#5220=VERTEX_POINT('',#12713);
#5221=VERTEX_POINT('',#12715);
#5222=VERTEX_POINT('',#12717);
#5223=VERTEX_POINT('',#12719);
#5224=VERTEX_POINT('',#12721);
#5225=VERTEX_POINT('',#12725);
#5226=VERTEX_POINT('',#12727);
#5227=VERTEX_POINT('',#12729);
#5228=VERTEX_POINT('',#12732);
#5229=VERTEX_POINT('',#12734);
#5230=VERTEX_POINT('',#12738);
#5231=VERTEX_POINT('',#12740);
#5232=VERTEX_POINT('',#12742);
#5233=VERTEX_POINT('',#12747);
#5234=VERTEX_POINT('',#12749);
#5235=VERTEX_POINT('',#12751);
#5236=VERTEX_POINT('',#12753);
#5237=VERTEX_POINT('',#12755);
#5238=VERTEX_POINT('',#12757);
#5239=VERTEX_POINT('',#12759);
#5240=VERTEX_POINT('',#12761);
#5241=VERTEX_POINT('',#12763);
#5242=VERTEX_POINT('',#12765);
#5243=VERTEX_POINT('',#12767);
#5244=VERTEX_POINT('',#12769);
#5245=VERTEX_POINT('',#12771);
#5246=VERTEX_POINT('',#12773);
#5247=VERTEX_POINT('',#12775);
#5248=VERTEX_POINT('',#12777);
#5249=VERTEX_POINT('',#12781);
#5250=VERTEX_POINT('',#12783);
#5251=VERTEX_POINT('',#12785);
#5252=VERTEX_POINT('',#12788);
#5253=VERTEX_POINT('',#12790);
#5254=VERTEX_POINT('',#12792);
#5255=VERTEX_POINT('',#12794);
#5256=VERTEX_POINT('',#12796);
#5257=VERTEX_POINT('',#12798);
#5258=VERTEX_POINT('',#12800);
#5259=VERTEX_POINT('',#12802);
#5260=VERTEX_POINT('',#12804);
#5261=VERTEX_POINT('',#12806);
#5262=VERTEX_POINT('',#12808);
#5263=VERTEX_POINT('',#12810);
#5264=VERTEX_POINT('',#12812);
#5265=VERTEX_POINT('',#12816);
#5266=VERTEX_POINT('',#12817);
#5267=VERTEX_POINT('',#12822);
#5268=VERTEX_POINT('',#12824);
#5269=VERTEX_POINT('',#12826);
#5270=VERTEX_POINT('',#12828);
#5271=VERTEX_POINT('',#12830);
#5272=VERTEX_POINT('',#12834);
#5273=VERTEX_POINT('',#12835);
#5274=VERTEX_POINT('',#12840);
#5275=VERTEX_POINT('',#12842);
#5276=VERTEX_POINT('',#12844);
#5277=VERTEX_POINT('',#12846);
#5278=VERTEX_POINT('',#12848);
#5279=VERTEX_POINT('',#12852);
#5280=VERTEX_POINT('',#12854);
#5281=VERTEX_POINT('',#12857);
#5282=VERTEX_POINT('',#12861);
#5283=VERTEX_POINT('',#12862);
#5284=VERTEX_POINT('',#12865);
#5285=VERTEX_POINT('',#12870);
#5286=VERTEX_POINT('',#12872);
#5287=VERTEX_POINT('',#12874);
#5288=VERTEX_POINT('',#12875);
#5289=VERTEX_POINT('',#12877);
#5290=VERTEX_POINT('',#12879);
#5291=VERTEX_POINT('',#12881);
#5292=VERTEX_POINT('',#12883);
#5293=VERTEX_POINT('',#12887);
#5294=VERTEX_POINT('',#12888);
#5295=VERTEX_POINT('',#12890);
#5296=VERTEX_POINT('',#12892);
#5297=VERTEX_POINT('',#12894);
#5298=VERTEX_POINT('',#12896);
#5299=VERTEX_POINT('',#12903);
#5300=VERTEX_POINT('',#12905);
#5301=VERTEX_POINT('',#12907);
#5302=VERTEX_POINT('',#12911);
#5303=VERTEX_POINT('',#12914);
#5304=VERTEX_POINT('',#12916);
#5305=VERTEX_POINT('',#12920);
#5306=VERTEX_POINT('',#12921);
#5307=VERTEX_POINT('',#12923);
#5308=VERTEX_POINT('',#12925);
#5309=VERTEX_POINT('',#12927);
#5310=VERTEX_POINT('',#12929);
#5311=VERTEX_POINT('',#12933);
#5312=VERTEX_POINT('',#12934);
#5313=VERTEX_POINT('',#12936);
#5314=VERTEX_POINT('',#12938);
#5315=VERTEX_POINT('',#12942);
#5316=VERTEX_POINT('',#12943);
#5317=VERTEX_POINT('',#12945);
#5318=VERTEX_POINT('',#12947);
#5319=VERTEX_POINT('',#12952);
#5320=VERTEX_POINT('',#12954);
#5321=VERTEX_POINT('',#12958);
#5322=VERTEX_POINT('',#12960);
#5323=VERTEX_POINT('',#12964);
#5324=VERTEX_POINT('',#12966);
#5325=VERTEX_POINT('',#12970);
#5326=VERTEX_POINT('',#12972);
#5327=VERTEX_POINT('',#12981);
#5328=VERTEX_POINT('',#12982);
#5329=VERTEX_POINT('',#12984);
#5330=VERTEX_POINT('',#12986);
#5331=VERTEX_POINT('',#12998);
#5332=VERTEX_POINT('',#13000);
#5333=VERTEX_POINT('',#13004);
#5334=VERTEX_POINT('',#13006);
#5335=VERTEX_POINT('',#13015);
#5336=VERTEX_POINT('',#13017);
#5337=VERTEX_POINT('',#13019);
#5338=VERTEX_POINT('',#13023);
#5339=VERTEX_POINT('',#13025);
#5340=VERTEX_POINT('',#13035);
#5341=VERTEX_POINT('',#13037);
#5342=VERTEX_POINT('',#13044);
#5343=VERTEX_POINT('',#13046);
#5344=VERTEX_POINT('',#13052);
#5345=VERTEX_POINT('',#13054);
#5346=VERTEX_POINT('',#13058);
#5347=VERTEX_POINT('',#13060);
#5348=VERTEX_POINT('',#13096);
#5349=VERTEX_POINT('',#13097);
#5350=VERTEX_POINT('',#13099);
#5351=VERTEX_POINT('',#13101);
#5352=VERTEX_POINT('',#13113);
#5353=VERTEX_POINT('',#13114);
#5354=VERTEX_POINT('',#13116);
#5355=VERTEX_POINT('',#13118);
#5356=VERTEX_POINT('',#13130);
#5357=VERTEX_POINT('',#13131);
#5358=VERTEX_POINT('',#13133);
#5359=VERTEX_POINT('',#13135);
#5360=VERTEX_POINT('',#13147);
#5361=VERTEX_POINT('',#13148);
#5362=VERTEX_POINT('',#13150);
#5363=VERTEX_POINT('',#13152);
#5364=VERTEX_POINT('',#13164);
#5365=VERTEX_POINT('',#13166);
#5366=VERTEX_POINT('',#13173);
#5367=VERTEX_POINT('',#13174);
#5368=VERTEX_POINT('',#13176);
#5369=VERTEX_POINT('',#13178);
#5370=VERTEX_POINT('',#13180);
#5371=VERTEX_POINT('',#13184);
#5372=VERTEX_POINT('',#13186);
#5373=VERTEX_POINT('',#13188);
#5374=VERTEX_POINT('',#13192);
#5375=VERTEX_POINT('',#13194);
#5376=VERTEX_POINT('',#13195);
#5377=VERTEX_POINT('',#13200);
#5378=VERTEX_POINT('',#13204);
#5379=VERTEX_POINT('',#13208);
#5380=VERTEX_POINT('',#13211);
#5381=VERTEX_POINT('',#13214);
#5382=VERTEX_POINT('',#13281);
#5383=VERTEX_POINT('',#13285);
#5384=VERTEX_POINT('',#13291);
#5385=VERTEX_POINT('',#13303);
#5386=VERTEX_POINT('',#13305);
#5387=VERTEX_POINT('',#13309);
#5388=VERTEX_POINT('',#13313);
#5389=VERTEX_POINT('',#13325);
#5390=VERTEX_POINT('',#13329);
#5391=VERTEX_POINT('',#13333);
#5392=VERTEX_POINT('',#13334);
#5393=VERTEX_POINT('',#13351);
#5394=VERTEX_POINT('',#13352);
#5395=VERTEX_POINT('',#13354);
#5396=VERTEX_POINT('',#13356);
#5397=VERTEX_POINT('',#13358);
#5398=VERTEX_POINT('',#13360);
#5399=VERTEX_POINT('',#13380);
#5400=VERTEX_POINT('',#13382);
#5401=VERTEX_POINT('',#13402);
#5402=VERTEX_POINT('',#13404);
#5403=VERTEX_POINT('',#13406);
#5404=VERTEX_POINT('',#13408);
#5405=VERTEX_POINT('',#13412);
#5406=VERTEX_POINT('',#13414);
#5407=VERTEX_POINT('',#13416);
#5408=VERTEX_POINT('',#13418);
#5409=VERTEX_POINT('',#13420);
#5410=VERTEX_POINT('',#13422);
#5411=VERTEX_POINT('',#13424);
#5412=VERTEX_POINT('',#13426);
#5413=VERTEX_POINT('',#13428);
#5414=VERTEX_POINT('',#13430);
#5415=VERTEX_POINT('',#13432);
#5416=VERTEX_POINT('',#13435);
#5417=VERTEX_POINT('',#13437);
#5418=VERTEX_POINT('',#13441);
#5419=VERTEX_POINT('',#13443);
#5420=VERTEX_POINT('',#13445);
#5421=VERTEX_POINT('',#13447);
#5422=VERTEX_POINT('',#13450);
#5423=VERTEX_POINT('',#13452);
#5424=VERTEX_POINT('',#13454);
#5425=VERTEX_POINT('',#13456);
#5426=VERTEX_POINT('',#13458);
#5427=VERTEX_POINT('',#13460);
#5428=VERTEX_POINT('',#13462);
#5429=VERTEX_POINT('',#13464);
#5430=VERTEX_POINT('',#13466);
#5431=VERTEX_POINT('',#13474);
#5432=VERTEX_POINT('',#13476);
#5433=VERTEX_POINT('',#13480);
#5434=VERTEX_POINT('',#13482);
#5435=VERTEX_POINT('',#13506);
#5436=VERTEX_POINT('',#13507);
#5437=VERTEX_POINT('',#13509);
#5438=VERTEX_POINT('',#13511);
#5439=VERTEX_POINT('',#13530);
#5440=VERTEX_POINT('',#13531);
#5441=VERTEX_POINT('',#13533);
#5442=VERTEX_POINT('',#13535);
#5443=VERTEX_POINT('',#13539);
#5444=VERTEX_POINT('',#13541);
#5445=VERTEX_POINT('',#13543);
#5446=VERTEX_POINT('',#13545);
#5447=VERTEX_POINT('',#13547);
#5448=VERTEX_POINT('',#13549);
#5449=VERTEX_POINT('',#13551);
#5450=VERTEX_POINT('',#13553);
#5451=VERTEX_POINT('',#13555);
#5452=VERTEX_POINT('',#13557);
#5453=VERTEX_POINT('',#13559);
#5454=VERTEX_POINT('',#13561);
#5455=VERTEX_POINT('',#13563);
#5456=VERTEX_POINT('',#13567);
#5457=VERTEX_POINT('',#13569);
#5458=VERTEX_POINT('',#13571);
#5459=VERTEX_POINT('',#13573);
#5460=VERTEX_POINT('',#13575);
#5461=VERTEX_POINT('',#13577);
#5462=VERTEX_POINT('',#13579);
#5463=VERTEX_POINT('',#13581);
#5464=VERTEX_POINT('',#13583);
#5465=VERTEX_POINT('',#13585);
#5466=VERTEX_POINT('',#13587);
#5467=VERTEX_POINT('',#13589);
#5468=VERTEX_POINT('',#13591);
#5469=VERTEX_POINT('',#13608);
#5470=VERTEX_POINT('',#13609);
#5471=VERTEX_POINT('',#13611);
#5472=VERTEX_POINT('',#13613);
#5473=VERTEX_POINT('',#13633);
#5474=VERTEX_POINT('',#13634);
#5475=VERTEX_POINT('',#13636);
#5476=VERTEX_POINT('',#13638);
#5477=VERTEX_POINT('',#13642);
#5478=VERTEX_POINT('',#13643);
#5479=VERTEX_POINT('',#13645);
#5480=VERTEX_POINT('',#13647);
#5481=VERTEX_POINT('',#13651);
#5482=VERTEX_POINT('',#13652);
#5483=VERTEX_POINT('',#13654);
#5484=VERTEX_POINT('',#13656);
#5485=VERTEX_POINT('',#13660);
#5486=VERTEX_POINT('',#13661);
#5487=VERTEX_POINT('',#13666);
#5488=VERTEX_POINT('',#13667);
#5489=VERTEX_POINT('',#13675);
#5490=VERTEX_POINT('',#13676);
#5491=VERTEX_POINT('',#13678);
#5492=VERTEX_POINT('',#13680);
#5493=VERTEX_POINT('',#13684);
#5494=VERTEX_POINT('',#13685);
#5495=VERTEX_POINT('',#13690);
#5496=VERTEX_POINT('',#13691);
#5497=VERTEX_POINT('',#13705);
#5498=VERTEX_POINT('',#13706);
#5499=VERTEX_POINT('',#13708);
#5500=VERTEX_POINT('',#13710);
#5501=VERTEX_POINT('',#13714);
#5502=VERTEX_POINT('',#13715);
#5503=VERTEX_POINT('',#13720);
#5504=VERTEX_POINT('',#13721);
#5505=VERTEX_POINT('',#13729);
#5506=VERTEX_POINT('',#13730);
#5507=VERTEX_POINT('',#13732);
#5508=VERTEX_POINT('',#13734);
#5509=VERTEX_POINT('',#13738);
#5510=VERTEX_POINT('',#13739);
#5511=VERTEX_POINT('',#13744);
#5512=VERTEX_POINT('',#13745);
#5513=VERTEX_POINT('',#13753);
#5514=VERTEX_POINT('',#13754);
#5515=VERTEX_POINT('',#13756);
#5516=VERTEX_POINT('',#13758);
#5517=VERTEX_POINT('',#13762);
#5518=VERTEX_POINT('',#13764);
#5519=VERTEX_POINT('',#13768);
#5520=VERTEX_POINT('',#13770);
#5521=VERTEX_POINT('',#13774);
#5522=VERTEX_POINT('',#13775);
#5523=VERTEX_POINT('',#13777);
#5524=VERTEX_POINT('',#13779);
#5525=VERTEX_POINT('',#13783);
#5526=VERTEX_POINT('',#13784);
#5527=VERTEX_POINT('',#13789);
#5528=VERTEX_POINT('',#13791);
#5529=VERTEX_POINT('',#13795);
#5530=VERTEX_POINT('',#13796);
#5531=VERTEX_POINT('',#13798);
#5532=VERTEX_POINT('',#13800);
#5533=VERTEX_POINT('',#13804);
#5534=VERTEX_POINT('',#13805);
#5535=VERTEX_POINT('',#13810);
#5536=VERTEX_POINT('',#13812);
#5537=VERTEX_POINT('',#13816);
#5538=VERTEX_POINT('',#13817);
#5539=VERTEX_POINT('',#13819);
#5540=VERTEX_POINT('',#13821);
#5541=VERTEX_POINT('',#13825);
#5542=VERTEX_POINT('',#13827);
#5543=VERTEX_POINT('',#13831);
#5544=VERTEX_POINT('',#13833);
#5545=VERTEX_POINT('',#13837);
#5546=VERTEX_POINT('',#13838);
#5547=VERTEX_POINT('',#13840);
#5548=VERTEX_POINT('',#13842);
#5549=VERTEX_POINT('',#13844);
#5550=VERTEX_POINT('',#13846);
#5551=VERTEX_POINT('',#13848);
#5552=VERTEX_POINT('',#13850);
#5553=VERTEX_POINT('',#13864);
#5554=VERTEX_POINT('',#13865);
#5555=VERTEX_POINT('',#13870);
#5556=VERTEX_POINT('',#13872);
#5557=VERTEX_POINT('',#13885);
#5558=VERTEX_POINT('',#13900);
#5559=VERTEX_POINT('',#13902);
#5560=VERTEX_POINT('',#13917);
#5561=VERTEX_POINT('',#13920);
#5562=VERTEX_POINT('',#13921);
#5563=VERTEX_POINT('',#13923);
#5564=VERTEX_POINT('',#13925);
#5565=VERTEX_POINT('',#13927);
#5566=VERTEX_POINT('',#13929);
#5567=VERTEX_POINT('',#13946);
#5568=VERTEX_POINT('',#13948);
#5569=VERTEX_POINT('',#13967);
#5570=VERTEX_POINT('',#13968);
#5571=VERTEX_POINT('',#13970);
#5572=VERTEX_POINT('',#13975);
#5573=VERTEX_POINT('',#13977);
#5574=VERTEX_POINT('',#13979);
#5575=VERTEX_POINT('',#13981);
#5576=VERTEX_POINT('',#13983);
#5577=VERTEX_POINT('',#13985);
#5578=VERTEX_POINT('',#13988);
#5579=VERTEX_POINT('',#13989);
#5580=VERTEX_POINT('',#13991);
#5581=VERTEX_POINT('',#13993);
#5582=VERTEX_POINT('',#13995);
#5583=VERTEX_POINT('',#13997);
#5584=VERTEX_POINT('',#13999);
#5585=VERTEX_POINT('',#14001);
#5586=VERTEX_POINT('',#14005);
#5587=VERTEX_POINT('',#14006);
#5588=VERTEX_POINT('',#14008);
#5589=VERTEX_POINT('',#14010);
#5590=VERTEX_POINT('',#14012);
#5591=VERTEX_POINT('',#14014);
#5592=VERTEX_POINT('',#14016);
#5593=VERTEX_POINT('',#14018);
#5594=VERTEX_POINT('',#14034);
#5595=VERTEX_POINT('',#14035);
#5596=VERTEX_POINT('',#14040);
#5597=VERTEX_POINT('',#14042);
#5598=VERTEX_POINT('',#14059);
#5599=VERTEX_POINT('',#14061);
#5600=VERTEX_POINT('',#14063);
#5601=VERTEX_POINT('',#14067);
#5602=VERTEX_POINT('',#14068);
#5603=VERTEX_POINT('',#14070);
#5604=VERTEX_POINT('',#14072);
#5605=VERTEX_POINT('',#14074);
#5606=VERTEX_POINT('',#14076);
#5607=VERTEX_POINT('',#14078);
#5608=VERTEX_POINT('',#14080);
#5609=VERTEX_POINT('',#14083);
#5610=VERTEX_POINT('',#14084);
#5611=VERTEX_POINT('',#14086);
#5612=VERTEX_POINT('',#14088);
#5613=VERTEX_POINT('',#14090);
#5614=VERTEX_POINT('',#14092);
#5615=VERTEX_POINT('',#14096);
#5616=VERTEX_POINT('',#14097);
#5617=VERTEX_POINT('',#14099);
#5618=VERTEX_POINT('',#14101);
#5619=VERTEX_POINT('',#14103);
#5620=VERTEX_POINT('',#14105);
#5621=VERTEX_POINT('',#14107);
#5622=VERTEX_POINT('',#14109);
#5623=VERTEX_POINT('',#14111);
#5624=VERTEX_POINT('',#14113);
#5625=VERTEX_POINT('',#14115);
#5626=VERTEX_POINT('',#14117);
#5627=VERTEX_POINT('',#14119);
#5628=VERTEX_POINT('',#14121);
#5629=VERTEX_POINT('',#14123);
#5630=VERTEX_POINT('',#14125);
#5631=VERTEX_POINT('',#14127);
#5632=VERTEX_POINT('',#14129);
#5633=VERTEX_POINT('',#14131);
#5634=VERTEX_POINT('',#14133);
#5635=VERTEX_POINT('',#14135);
#5636=VERTEX_POINT('',#14137);
#5637=VERTEX_POINT('',#14139);
#5638=VERTEX_POINT('',#14141);
#5639=VERTEX_POINT('',#14144);
#5640=VERTEX_POINT('',#14145);
#5641=VERTEX_POINT('',#14147);
#5642=VERTEX_POINT('',#14149);
#5643=VERTEX_POINT('',#14151);
#5644=VERTEX_POINT('',#14153);
#5645=VERTEX_POINT('',#14155);
#5646=VERTEX_POINT('',#14157);
#5647=VERTEX_POINT('',#14159);
#5648=VERTEX_POINT('',#14161);
#5649=VERTEX_POINT('',#14163);
#5650=VERTEX_POINT('',#14165);
#5651=VERTEX_POINT('',#14167);
#5652=VERTEX_POINT('',#14169);
#5653=VERTEX_POINT('',#14171);
#5654=VERTEX_POINT('',#14173);
#5655=VERTEX_POINT('',#14176);
#5656=VERTEX_POINT('',#14178);
#5657=VERTEX_POINT('',#14182);
#5658=VERTEX_POINT('',#14184);
#5659=VERTEX_POINT('',#14189);
#5660=VERTEX_POINT('',#14198);
#5661=VERTEX_POINT('',#14207);
#5662=VERTEX_POINT('',#14216);
#5663=VERTEX_POINT('',#14225);
#5664=VERTEX_POINT('',#14226);
#5665=VERTEX_POINT('',#14228);
#5666=VERTEX_POINT('',#14230);
#5667=VERTEX_POINT('',#14232);
#5668=VERTEX_POINT('',#14234);
#5669=VERTEX_POINT('',#14238);
#5670=VERTEX_POINT('',#14239);
#5671=VERTEX_POINT('',#14241);
#5672=VERTEX_POINT('',#14243);
#5673=VERTEX_POINT('',#14245);
#5674=VERTEX_POINT('',#14247);
#5675=VERTEX_POINT('',#14249);
#5676=VERTEX_POINT('',#14251);
#5677=VERTEX_POINT('',#14253);
#5678=VERTEX_POINT('',#14257);
#5679=VERTEX_POINT('',#14259);
#5680=VERTEX_POINT('',#14263);
#5681=VERTEX_POINT('',#14265);
#5682=VERTEX_POINT('',#14269);
#5683=VERTEX_POINT('',#14270);
#5684=VERTEX_POINT('',#14272);
#5685=VERTEX_POINT('',#14274);
#5686=VERTEX_POINT('',#14276);
#5687=VERTEX_POINT('',#14278);
#5688=VERTEX_POINT('',#14280);
#5689=VERTEX_POINT('',#14282);
#5690=VERTEX_POINT('',#14284);
#5691=VERTEX_POINT('',#14288);
#5692=VERTEX_POINT('',#14289);
#5693=VERTEX_POINT('',#14291);
#5694=VERTEX_POINT('',#14293);
#5695=VERTEX_POINT('',#14295);
#5696=VERTEX_POINT('',#14297);
#5697=VERTEX_POINT('',#14301);
#5698=VERTEX_POINT('',#14303);
#5699=VERTEX_POINT('',#14307);
#5700=VERTEX_POINT('',#14327);
#5701=VERTEX_POINT('',#14331);
#5702=VERTEX_POINT('',#14332);
#5703=VERTEX_POINT('',#14335);
#5704=VERTEX_POINT('',#14337);
#5705=VERTEX_POINT('',#14341);
#5706=VERTEX_POINT('',#14342);
#5707=VERTEX_POINT('',#14344);
#5708=VERTEX_POINT('',#14346);
#5709=VERTEX_POINT('',#14351);
#5710=VERTEX_POINT('',#14353);
#5711=VERTEX_POINT('',#14357);
#5712=VERTEX_POINT('',#14359);
#5713=VERTEX_POINT('',#14361);
#5714=VERTEX_POINT('',#14365);
#5715=VERTEX_POINT('',#14367);
#5716=VERTEX_POINT('',#14371);
#5717=VERTEX_POINT('',#14372);
#5718=VERTEX_POINT('',#14374);
#5719=VERTEX_POINT('',#14376);
#5720=VERTEX_POINT('',#14379);
#5721=VERTEX_POINT('',#14380);
#5722=VERTEX_POINT('',#14382);
#5723=VERTEX_POINT('',#14384);
#5724=VERTEX_POINT('',#14387);
#5725=VERTEX_POINT('',#14388);
#5726=VERTEX_POINT('',#14390);
#5727=VERTEX_POINT('',#14392);
#5728=VERTEX_POINT('',#14395);
#5729=VERTEX_POINT('',#14396);
#5730=VERTEX_POINT('',#14398);
#5731=VERTEX_POINT('',#14400);
#5732=VERTEX_POINT('',#14403);
#5733=VERTEX_POINT('',#14404);
#5734=VERTEX_POINT('',#14406);
#5735=VERTEX_POINT('',#14408);
#5736=VERTEX_POINT('',#14411);
#5737=VERTEX_POINT('',#14412);
#5738=VERTEX_POINT('',#14414);
#5739=VERTEX_POINT('',#14416);
#5740=VERTEX_POINT('',#14421);
#5741=VERTEX_POINT('',#14423);
#5742=VERTEX_POINT('',#14431);
#5743=VERTEX_POINT('',#14433);
#5744=VERTEX_POINT('',#14437);
#5745=VERTEX_POINT('',#14439);
#5746=VERTEX_POINT('',#14444);
#5747=VERTEX_POINT('',#14446);
#5748=VERTEX_POINT('',#14451);
#5749=VERTEX_POINT('',#14453);
#5750=VERTEX_POINT('',#14457);
#5751=VERTEX_POINT('',#14459);
#5752=VERTEX_POINT('',#14463);
#5753=VERTEX_POINT('',#14465);
#5754=VERTEX_POINT('',#14469);
#5755=VERTEX_POINT('',#14471);
#5756=VERTEX_POINT('',#14475);
#5757=VERTEX_POINT('',#14477);
#5758=VERTEX_POINT('',#14481);
#5759=VERTEX_POINT('',#14482);
#5760=VERTEX_POINT('',#14484);
#5761=VERTEX_POINT('',#14486);
#5762=VERTEX_POINT('',#14488);
#5763=VERTEX_POINT('',#14490);
#5764=VERTEX_POINT('',#14492);
#5765=VERTEX_POINT('',#14494);
#5766=VERTEX_POINT('',#14496);
#5767=VERTEX_POINT('',#14498);
#5768=VERTEX_POINT('',#14500);
#5769=VERTEX_POINT('',#14502);
#5770=VERTEX_POINT('',#14504);
#5771=VERTEX_POINT('',#14506);
#5772=VERTEX_POINT('',#14508);
#5773=VERTEX_POINT('',#14510);
#5774=VERTEX_POINT('',#14512);
#5775=VERTEX_POINT('',#14514);
#5776=VERTEX_POINT('',#14516);
#5777=VERTEX_POINT('',#14518);
#5778=VERTEX_POINT('',#14521);
#5779=VERTEX_POINT('',#14524);
#5780=VERTEX_POINT('',#14526);
#5781=VERTEX_POINT('',#14532);
#5782=VERTEX_POINT('',#14534);
#5783=VERTEX_POINT('',#14538);
#5784=VERTEX_POINT('',#14540);
#5785=VERTEX_POINT('',#14546);
#5786=VERTEX_POINT('',#14548);
#5787=VERTEX_POINT('',#14552);
#5788=VERTEX_POINT('',#14554);
#5789=VERTEX_POINT('',#14558);
#5790=VERTEX_POINT('',#14560);
#5791=VERTEX_POINT('',#14565);
#5792=VERTEX_POINT('',#14570);
#5793=VERTEX_POINT('',#14875);
#5794=VERTEX_POINT('',#14877);
#5795=VERTEX_POINT('',#14997);
#5796=VERTEX_POINT('',#14999);
#5797=VERTEX_POINT('',#15019);
#5798=VERTEX_POINT('',#15021);
#5799=VERTEX_POINT('',#15025);
#5800=VERTEX_POINT('',#15029);
#5801=VERTEX_POINT('',#15033);
#5802=VERTEX_POINT('',#15037);
#5803=VERTEX_POINT('',#15044);
#5804=VERTEX_POINT('',#15049);
#5805=VERTEX_POINT('',#15056);
#5806=VERTEX_POINT('',#15075);
#5807=VERTEX_POINT('',#15094);
#5808=VERTEX_POINT('',#15098);
#5809=VERTEX_POINT('',#15102);
#5810=VERTEX_POINT('',#15135);
#5811=VERTEX_POINT('',#15136);
#5812=VERTEX_POINT('',#15138);
#5813=VERTEX_POINT('',#15140);
#5814=VERTEX_POINT('',#15144);
#5815=VERTEX_POINT('',#15146);
#5816=VERTEX_POINT('',#15150);
#5817=VERTEX_POINT('',#15152);
#5818=VERTEX_POINT('',#15159);
#5819=VERTEX_POINT('',#15166);
#5820=VERTEX_POINT('',#15170);
#5821=VERTEX_POINT('',#15174);
#5822=VERTEX_POINT('',#15178);
#5823=VERTEX_POINT('',#15182);
#5824=VERTEX_POINT('',#15186);
#5825=VERTEX_POINT('',#15197);
#5826=VERTEX_POINT('',#15202);
#5827=VERTEX_POINT('',#15209);
#5828=VERTEX_POINT('',#15224);
#5829=VERTEX_POINT('',#15252);
#5830=VERTEX_POINT('',#15269);
#5831=VERTEX_POINT('',#15286);
#5832=VERTEX_POINT('',#15303);
#5833=VERTEX_POINT('',#15332);
#5834=VERTEX_POINT('',#15334);
#5835=VERTEX_POINT('',#15338);
#5836=VERTEX_POINT('',#15372);
#5837=VERTEX_POINT('',#15376);
#5838=VERTEX_POINT('',#15410);
#5839=VERTEX_POINT('',#15414);
#5840=VERTEX_POINT('',#15418);
#5841=VERTEX_POINT('',#15425);
#5842=VERTEX_POINT('',#15426);
#5843=VERTEX_POINT('',#15428);
#5844=VERTEX_POINT('',#15430);
#5845=VERTEX_POINT('',#15442);
#5846=VERTEX_POINT('',#15443);
#5847=VERTEX_POINT('',#15445);
#5848=VERTEX_POINT('',#15447);
#5849=VERTEX_POINT('',#15459);
#5850=VERTEX_POINT('',#15460);
#5851=VERTEX_POINT('',#15462);
#5852=VERTEX_POINT('',#15464);
#5853=VERTEX_POINT('',#15476);
#5854=VERTEX_POINT('',#15477);
#5855=VERTEX_POINT('',#15479);
#5856=VERTEX_POINT('',#15481);
#5857=VERTEX_POINT('',#15493);
#5858=VERTEX_POINT('',#15494);
#5859=VERTEX_POINT('',#15496);
#5860=VERTEX_POINT('',#15498);
#5861=VERTEX_POINT('',#15510);
#5862=VERTEX_POINT('',#15511);
#5863=VERTEX_POINT('',#15513);
#5864=VERTEX_POINT('',#15515);
#5865=VERTEX_POINT('',#15527);
#5866=VERTEX_POINT('',#15528);
#5867=VERTEX_POINT('',#15530);
#5868=VERTEX_POINT('',#15532);
#5869=VERTEX_POINT('',#15536);
#5870=VERTEX_POINT('',#15538);
#5871=VERTEX_POINT('',#15540);
#5872=VERTEX_POINT('',#15542);
#5873=VERTEX_POINT('',#15544);
#5874=VERTEX_POINT('',#15546);
#5875=VERTEX_POINT('',#15548);
#5876=VERTEX_POINT('',#15550);
#5877=VERTEX_POINT('',#15552);
#5878=VERTEX_POINT('',#15554);
#5879=VERTEX_POINT('',#15556);
#5880=VERTEX_POINT('',#15558);
#5881=VERTEX_POINT('',#15560);
#5882=VERTEX_POINT('',#15562);
#5883=VERTEX_POINT('',#15564);
#5884=VERTEX_POINT('',#15566);
#5885=VERTEX_POINT('',#15568);
#5886=VERTEX_POINT('',#15570);
#5887=VERTEX_POINT('',#15572);
#5888=VERTEX_POINT('',#15576);
#5889=VERTEX_POINT('',#15578);
#5890=VERTEX_POINT('',#15580);
#5891=VERTEX_POINT('',#15582);
#5892=VERTEX_POINT('',#15584);
#5893=VERTEX_POINT('',#15586);
#5894=VERTEX_POINT('',#15588);
#5895=VERTEX_POINT('',#15590);
#5896=VERTEX_POINT('',#15592);
#5897=VERTEX_POINT('',#15594);
#5898=VERTEX_POINT('',#15596);
#5899=VERTEX_POINT('',#15598);
#5900=VERTEX_POINT('',#15600);
#5901=VERTEX_POINT('',#15602);
#5902=VERTEX_POINT('',#15604);
#5903=VERTEX_POINT('',#15606);
#5904=VERTEX_POINT('',#15608);
#5905=VERTEX_POINT('',#15610);
#5906=VERTEX_POINT('',#15612);
#5907=VERTEX_POINT('',#15632);
#5908=VERTEX_POINT('',#15633);
#5909=VERTEX_POINT('',#15635);
#5910=VERTEX_POINT('',#15637);
#5911=VERTEX_POINT('',#15670);
#5912=VERTEX_POINT('',#15671);
#5913=VERTEX_POINT('',#15673);
#5914=VERTEX_POINT('',#15675);
#5915=VERTEX_POINT('',#15677);
#5916=VERTEX_POINT('',#15679);
#5917=VERTEX_POINT('',#15681);
#5918=VERTEX_POINT('',#15683);
#5919=VERTEX_POINT('',#15685);
#5920=VERTEX_POINT('',#15687);
#5921=VERTEX_POINT('',#15689);
#5922=VERTEX_POINT('',#15691);
#5923=VERTEX_POINT('',#15695);
#5924=VERTEX_POINT('',#15697);
#5925=VERTEX_POINT('',#15699);
#5926=VERTEX_POINT('',#15701);
#5927=VERTEX_POINT('',#15703);
#5928=VERTEX_POINT('',#15705);
#5929=VERTEX_POINT('',#15708);
#5930=VERTEX_POINT('',#15710);
#5931=VERTEX_POINT('',#15712);
#5932=VERTEX_POINT('',#15714);
#5933=VERTEX_POINT('',#15716);
#5934=VERTEX_POINT('',#15718);
#5935=VERTEX_POINT('',#15720);
#5936=VERTEX_POINT('',#15722);
#5937=VERTEX_POINT('',#15724);
#5938=VERTEX_POINT('',#15726);
#5939=VERTEX_POINT('',#15728);
#5940=VERTEX_POINT('',#15730);
#5941=VERTEX_POINT('',#15732);
#5942=VERTEX_POINT('',#15734);
#5943=VERTEX_POINT('',#15736);
#5944=VERTEX_POINT('',#15738);
#5945=VERTEX_POINT('',#15740);
#5946=VERTEX_POINT('',#15742);
#5947=VERTEX_POINT('',#15744);
#5948=VERTEX_POINT('',#15748);
#5949=VERTEX_POINT('',#15750);
#5950=VERTEX_POINT('',#15752);
#5951=VERTEX_POINT('',#15754);
#5952=VERTEX_POINT('',#15756);
#5953=VERTEX_POINT('',#15758);
#5954=VERTEX_POINT('',#15760);
#5955=VERTEX_POINT('',#15762);
#5956=VERTEX_POINT('',#15764);
#5957=VERTEX_POINT('',#15766);
#5958=VERTEX_POINT('',#15768);
#5959=VERTEX_POINT('',#15770);
#5960=VERTEX_POINT('',#15772);
#5961=VERTEX_POINT('',#15774);
#5962=VERTEX_POINT('',#15776);
#5963=VERTEX_POINT('',#15778);
#5964=VERTEX_POINT('',#15780);
#5965=VERTEX_POINT('',#15782);
#5966=VERTEX_POINT('',#15784);
#5967=VERTEX_POINT('',#15786);
#5968=VERTEX_POINT('',#15788);
#5969=VERTEX_POINT('',#15791);
#5970=VERTEX_POINT('',#15793);
#5971=VERTEX_POINT('',#15795);
#5972=VERTEX_POINT('',#15797);
#5973=VERTEX_POINT('',#15805);
#5974=VERTEX_POINT('',#15807);
#5975=VERTEX_POINT('',#15809);
#5976=VERTEX_POINT('',#15811);
#5977=VERTEX_POINT('',#15815);
#5978=VERTEX_POINT('',#15819);
#5979=VERTEX_POINT('',#15823);
#5980=VERTEX_POINT('',#15825);
#5981=VERTEX_POINT('',#15855);
#5982=VERTEX_POINT('',#15856);
#5983=VERTEX_POINT('',#15858);
#5984=VERTEX_POINT('',#15860);
#5985=VERTEX_POINT('',#15893);
#5986=VERTEX_POINT('',#15894);
#5987=VERTEX_POINT('',#15896);
#5988=VERTEX_POINT('',#15898);
#5989=VERTEX_POINT('',#15902);
#5990=VERTEX_POINT('',#15904);
#5991=VERTEX_POINT('',#15906);
#5992=VERTEX_POINT('',#15908);
#5993=VERTEX_POINT('',#15910);
#5994=VERTEX_POINT('',#15912);
#5995=VERTEX_POINT('',#15914);
#5996=VERTEX_POINT('',#15916);
#5997=VERTEX_POINT('',#15918);
#5998=VERTEX_POINT('',#15920);
#5999=VERTEX_POINT('',#15922);
#6000=VERTEX_POINT('',#15924);
#6001=VERTEX_POINT('',#15926);
#6002=VERTEX_POINT('',#15928);
#6003=VERTEX_POINT('',#15930);
#6004=VERTEX_POINT('',#15932);
#6005=VERTEX_POINT('',#15934);
#6006=VERTEX_POINT('',#15936);
#6007=VERTEX_POINT('',#15938);
#6008=VERTEX_POINT('',#15942);
#6009=VERTEX_POINT('',#15944);
#6010=VERTEX_POINT('',#15946);
#6011=VERTEX_POINT('',#15948);
#6012=VERTEX_POINT('',#15950);
#6013=VERTEX_POINT('',#15952);
#6014=VERTEX_POINT('',#15954);
#6015=VERTEX_POINT('',#15956);
#6016=VERTEX_POINT('',#15958);
#6017=VERTEX_POINT('',#15960);
#6018=VERTEX_POINT('',#15962);
#6019=VERTEX_POINT('',#15964);
#6020=VERTEX_POINT('',#15966);
#6021=VERTEX_POINT('',#15968);
#6022=VERTEX_POINT('',#15970);
#6023=VERTEX_POINT('',#15972);
#6024=VERTEX_POINT('',#15974);
#6025=VERTEX_POINT('',#15976);
#6026=VERTEX_POINT('',#15978);
#6027=VERTEX_POINT('',#15998);
#6028=VERTEX_POINT('',#15999);
#6029=VERTEX_POINT('',#16001);
#6030=VERTEX_POINT('',#16003);
#6031=EDGE_CURVE('',#5178,#5179,#7342,.T.);
#6032=EDGE_CURVE('',#5180,#5178,#7343,.T.);
#6033=EDGE_CURVE('',#5180,#5181,#2319,.T.);
#6034=EDGE_CURVE('',#5181,#5182,#7344,.T.);
#6035=EDGE_CURVE('',#5179,#5182,#7345,.T.);
#6036=EDGE_CURVE('',#5183,#5184,#7346,.T.);
#6037=EDGE_CURVE('',#5185,#5184,#7347,.T.);
#6038=EDGE_CURVE('',#5185,#5186,#2320,.T.);
#6039=EDGE_CURVE('',#5186,#5187,#7348,.T.);
#6040=EDGE_CURVE('',#5187,#5183,#7349,.T.);
#6041=EDGE_CURVE('',#5188,#5189,#7350,.T.);
#6042=EDGE_CURVE('',#5190,#5189,#7351,.T.);
#6043=EDGE_CURVE('',#5190,#5191,#7352,.T.);
#6044=EDGE_CURVE('',#5191,#5188,#7353,.T.);
#6045=EDGE_CURVE('',#5192,#5193,#7354,.T.);
#6046=EDGE_CURVE('',#5193,#5194,#7355,.T.);
#6047=EDGE_CURVE('',#5194,#5195,#7356,.T.);
#6048=EDGE_CURVE('',#5195,#5196,#7357,.T.);
#6049=EDGE_CURVE('',#5197,#5196,#7358,.T.);
#6050=EDGE_CURVE('',#5198,#5197,#7359,.T.);
#6051=EDGE_CURVE('',#5199,#5198,#7360,.T.);
#6052=EDGE_CURVE('',#5199,#5200,#7361,.T.);
#6053=EDGE_CURVE('',#5200,#5201,#7362,.T.);
#6054=EDGE_CURVE('',#5201,#5202,#7363,.T.);
#6055=EDGE_CURVE('',#5203,#5202,#7364,.T.);
#6056=EDGE_CURVE('',#5203,#5204,#7365,.T.);
#6057=EDGE_CURVE('',#5205,#5204,#7366,.T.);
#6058=EDGE_CURVE('',#5205,#5206,#7367,.T.);
#6059=EDGE_CURVE('',#5206,#5207,#7368,.T.);
#6060=EDGE_CURVE('',#5207,#5208,#7369,.T.);
#6061=EDGE_CURVE('',#5209,#5208,#7370,.T.);
#6062=EDGE_CURVE('',#5209,#5210,#7371,.T.);
#6063=EDGE_CURVE('',#5211,#5210,#7372,.T.);
#6064=EDGE_CURVE('',#5212,#5211,#7373,.T.);
#6065=EDGE_CURVE('',#5213,#5212,#7374,.T.);
#6066=EDGE_CURVE('',#5213,#5214,#7375,.T.);
#6067=EDGE_CURVE('',#5214,#5215,#7376,.T.);
#6068=EDGE_CURVE('',#5216,#5215,#7377,.T.);
#6069=EDGE_CURVE('',#5217,#5216,#7378,.T.);
#6070=EDGE_CURVE('',#5217,#5218,#7379,.T.);
#6071=EDGE_CURVE('',#5219,#5218,#7380,.T.);
#6072=EDGE_CURVE('',#5219,#5220,#2321,.T.);
#6073=EDGE_CURVE('',#5221,#5220,#7381,.T.);
#6074=EDGE_CURVE('',#5221,#5222,#2322,.T.);
#6075=EDGE_CURVE('',#5223,#5222,#7382,.T.);
#6076=EDGE_CURVE('',#5223,#5224,#7383,.T.);
#6077=EDGE_CURVE('',#5224,#5192,#7384,.T.);
#6078=EDGE_CURVE('',#5225,#5224,#7385,.T.);
#6079=EDGE_CURVE('',#5226,#5223,#7386,.T.);
#6080=EDGE_CURVE('',#5227,#5226,#7387,.T.);
#6081=EDGE_CURVE('',#5227,#5218,#7388,.T.);
#6082=EDGE_CURVE('',#5217,#5228,#7389,.T.);
#6083=EDGE_CURVE('',#5228,#5229,#7390,.T.);
#6084=EDGE_CURVE('',#5214,#5229,#7391,.T.);
#6085=EDGE_CURVE('',#5187,#5213,#7392,.T.);
#6086=EDGE_CURVE('',#5186,#5230,#7393,.T.);
#6087=EDGE_CURVE('',#5230,#5231,#7394,.T.);
#6088=EDGE_CURVE('',#5231,#5232,#7395,.T.);
#6089=EDGE_CURVE('',#5232,#5225,#7396,.T.);
#6090=EDGE_CURVE('',#5182,#5194,#7397,.T.);
#6091=EDGE_CURVE('',#5181,#5233,#7398,.T.);
#6092=EDGE_CURVE('',#5233,#5234,#7399,.T.);
#6093=EDGE_CURVE('',#5235,#5234,#7400,.T.);
#6094=EDGE_CURVE('',#5235,#5236,#7401,.T.);
#6095=EDGE_CURVE('',#5236,#5237,#7402,.T.);
#6096=EDGE_CURVE('',#5237,#5238,#7403,.T.);
#6097=EDGE_CURVE('',#5239,#5238,#7404,.T.);
#6098=EDGE_CURVE('',#5240,#5239,#7405,.T.);
#6099=EDGE_CURVE('',#5240,#5241,#7406,.T.);
#6100=EDGE_CURVE('',#5241,#5242,#7407,.T.);
#6101=EDGE_CURVE('',#5242,#5243,#7408,.T.);
#6102=EDGE_CURVE('',#5243,#5244,#7409,.T.);
#6103=EDGE_CURVE('',#5244,#5245,#7410,.T.);
#6104=EDGE_CURVE('',#5246,#5245,#7411,.T.);
#6105=EDGE_CURVE('',#5247,#5246,#7412,.T.);
#6106=EDGE_CURVE('',#5247,#5248,#7413,.T.);
#6107=EDGE_CURVE('',#5248,#5195,#7414,.T.);
#6108=EDGE_CURVE('',#5249,#5210,#7415,.T.);
#6109=EDGE_CURVE('',#5250,#5209,#7416,.T.);
#6110=EDGE_CURVE('',#5251,#5250,#7417,.T.);
#6111=EDGE_CURVE('',#5251,#5206,#7418,.T.);
#6112=EDGE_CURVE('',#5252,#5205,#7419,.T.);
#6113=EDGE_CURVE('',#5253,#5252,#7420,.T.);
#6114=EDGE_CURVE('',#5253,#5254,#7421,.T.);
#6115=EDGE_CURVE('',#5254,#5255,#7422,.T.);
#6116=EDGE_CURVE('',#5256,#5255,#7423,.T.);
#6117=EDGE_CURVE('',#5256,#5257,#7424,.T.);
#6118=EDGE_CURVE('',#5257,#5258,#7425,.T.);
#6119=EDGE_CURVE('',#5258,#5259,#7426,.T.);
#6120=EDGE_CURVE('',#5260,#5259,#7427,.T.);
#6121=EDGE_CURVE('',#5261,#5260,#7428,.T.);
#6122=EDGE_CURVE('',#5261,#5262,#7429,.T.);
#6123=EDGE_CURVE('',#5262,#5263,#7430,.T.);
#6124=EDGE_CURVE('',#5263,#5264,#7431,.T.);
#6125=EDGE_CURVE('',#5264,#5249,#7432,.T.);
#6126=EDGE_CURVE('',#5265,#5266,#7433,.T.);
#6127=EDGE_CURVE('',#5244,#5266,#7434,.T.);
#6128=EDGE_CURVE('',#5243,#5265,#2323,.T.);
#6129=EDGE_CURVE('',#5267,#5265,#315,.T.);
#6130=EDGE_CURVE('',#5268,#5242,#316,.T.);
#6131=EDGE_CURVE('',#5269,#5268,#317,.T.);
#6132=EDGE_CURVE('',#5270,#5269,#7435,.T.);
#6133=EDGE_CURVE('',#5271,#5270,#2324,.T.);
#6134=EDGE_CURVE('',#5267,#5271,#318,.T.);
#6135=EDGE_CURVE('',#5272,#5273,#7436,.T.);
#6136=EDGE_CURVE('',#5272,#5253,#2325,.T.);
#6137=EDGE_CURVE('',#5252,#5273,#7437,.T.);
#6138=EDGE_CURVE('',#5274,#5272,#319,.T.);
#6139=EDGE_CURVE('',#5274,#5275,#320,.T.);
#6140=EDGE_CURVE('',#5276,#5275,#2326,.T.);
#6141=EDGE_CURVE('',#5277,#5276,#7438,.T.);
#6142=EDGE_CURVE('',#5278,#5277,#321,.T.);
#6143=EDGE_CURVE('',#5254,#5278,#322,.T.);
#6144=EDGE_CURVE('',#5279,#5180,#323,.T.);
#6145=EDGE_CURVE('',#5279,#5280,#324,.T.);
#6146=EDGE_CURVE('',#5232,#5280,#2327,.T.);
#6147=EDGE_CURVE('',#5281,#5231,#325,.T.);
#6148=EDGE_CURVE('',#5233,#5281,#326,.T.);
#6149=EDGE_CURVE('',#5282,#5283,#327,.T.);
#6150=EDGE_CURVE('',#5264,#5283,#2328,.T.);
#6151=EDGE_CURVE('',#5284,#5263,#328,.T.);
#6152=EDGE_CURVE('',#5230,#5284,#329,.T.);
#6153=EDGE_CURVE('',#5282,#5185,#330,.T.);
#6154=EDGE_CURVE('',#5285,#5285,#2329,.T.);
#6155=EDGE_CURVE('',#5286,#5286,#2330,.T.);
#6156=EDGE_CURVE('',#5287,#5288,#7439,.T.);
#6157=EDGE_CURVE('',#5288,#5289,#7440,.T.);
#6158=EDGE_CURVE('',#5289,#5290,#7441,.T.);
#6159=EDGE_CURVE('',#5290,#5291,#7442,.T.);
#6160=EDGE_CURVE('',#5291,#5292,#7443,.T.);
#6161=EDGE_CURVE('',#5292,#5287,#7444,.T.);
#6162=EDGE_CURVE('',#5293,#5294,#7445,.T.);
#6163=EDGE_CURVE('',#5294,#5295,#7446,.T.);
#6164=EDGE_CURVE('',#5295,#5296,#7447,.T.);
#6165=EDGE_CURVE('',#5296,#5297,#7448,.T.);
#6166=EDGE_CURVE('',#5297,#5298,#7449,.T.);
#6167=EDGE_CURVE('',#5298,#5293,#7450,.T.);
#6168=EDGE_CURVE('',#5296,#5287,#2331,.T.);
#6169=EDGE_CURVE('',#5292,#5297,#2332,.T.);
#6170=EDGE_CURVE('',#5299,#5199,#7451,.T.);
#6171=EDGE_CURVE('',#5300,#5299,#7452,.T.);
#6172=EDGE_CURVE('',#5301,#5300,#7453,.T.);
#6173=EDGE_CURVE('',#5270,#5301,#7454,.T.);
#6174=EDGE_CURVE('',#5269,#5277,#7455,.T.);
#6175=EDGE_CURVE('',#5276,#5302,#7456,.T.);
#6176=EDGE_CURVE('',#5302,#5204,#7457,.T.);
#6177=EDGE_CURVE('',#5303,#5203,#7458,.T.);
#6178=EDGE_CURVE('',#5304,#5303,#7459,.T.);
#6179=EDGE_CURVE('',#5304,#5200,#7460,.T.);
#6180=EDGE_CURVE('',#5305,#5306,#7461,.T.);
#6181=EDGE_CURVE('',#5306,#5307,#7462,.T.);
#6182=EDGE_CURVE('',#5307,#5308,#7463,.T.);
#6183=EDGE_CURVE('',#5308,#5309,#7464,.T.);
#6184=EDGE_CURVE('',#5309,#5310,#7465,.T.);
#6185=EDGE_CURVE('',#5310,#5305,#7466,.T.);
#6186=EDGE_CURVE('',#5311,#5312,#7467,.T.);
#6187=EDGE_CURVE('',#5312,#5313,#7468,.T.);
#6188=EDGE_CURVE('',#5313,#5314,#7469,.T.);
#6189=EDGE_CURVE('',#5314,#5311,#7470,.T.);
#6190=EDGE_CURVE('',#5315,#5316,#7471,.T.);
#6191=EDGE_CURVE('',#5316,#5317,#7472,.T.);
#6192=EDGE_CURVE('',#5317,#5318,#7473,.T.);
#6193=EDGE_CURVE('',#5318,#5315,#7474,.T.);
#6194=EDGE_CURVE('',#5308,#5293,#2333,.T.);
#6195=EDGE_CURVE('',#5298,#5314,#2334,.T.);
#6196=EDGE_CURVE('',#5313,#5319,#2335,.T.);
#6197=EDGE_CURVE('',#5320,#5319,#7475,.T.);
#6198=EDGE_CURVE('',#5320,#5309,#2336,.T.);
#6199=EDGE_CURVE('',#5319,#5321,#7476,.T.);
#6200=EDGE_CURVE('',#5321,#5322,#7477,.T.);
#6201=EDGE_CURVE('',#5322,#5320,#7478,.T.);
#6202=EDGE_CURVE('',#5229,#5323,#7479,.T.);
#6203=EDGE_CURVE('',#5228,#5324,#7480,.T.);
#6204=EDGE_CURVE('',#5324,#5323,#7481,.T.);
#6205=EDGE_CURVE('',#5325,#5323,#2337,.T.);
#6206=EDGE_CURVE('',#5326,#5324,#2338,.T.);
#6207=EDGE_CURVE('',#5326,#5325,#7482,.T.);
#6208=EDGE_CURVE('',#5325,#5215,#7483,.T.);
#6209=EDGE_CURVE('',#5326,#5216,#7484,.T.);
#6210=EDGE_CURVE('',#5327,#5328,#2339,.T.);
#6211=EDGE_CURVE('',#5329,#5328,#7485,.T.);
#6212=EDGE_CURVE('',#5330,#5329,#2340,.T.);
#6213=EDGE_CURVE('',#5330,#5327,#7486,.T.);
#6214=EDGE_CURVE('',#5328,#5202,#7487,.T.);
#6215=EDGE_CURVE('',#5329,#5201,#7488,.T.);
#6216=EDGE_CURVE('',#5303,#5327,#7489,.T.);
#6217=EDGE_CURVE('',#5304,#5330,#7490,.T.);
#6218=EDGE_CURVE('',#5208,#5331,#7491,.T.);
#6219=EDGE_CURVE('',#5207,#5332,#7492,.T.);
#6220=EDGE_CURVE('',#5332,#5331,#7493,.T.);
#6221=EDGE_CURVE('',#5331,#5333,#7494,.T.);
#6222=EDGE_CURVE('',#5332,#5334,#7495,.T.);
#6223=EDGE_CURVE('',#5334,#5333,#7496,.T.);
#6224=EDGE_CURVE('',#5333,#5250,#7497,.T.);
#6225=EDGE_CURVE('',#5334,#5251,#7498,.T.);
#6226=EDGE_CURVE('',#5196,#5335,#7499,.T.);
#6227=EDGE_CURVE('',#5336,#5335,#7500,.T.);
#6228=EDGE_CURVE('',#5337,#5336,#7501,.T.);
#6229=EDGE_CURVE('',#5197,#5337,#7502,.T.);
#6230=EDGE_CURVE('',#5335,#5338,#7503,.T.);
#6231=EDGE_CURVE('',#5339,#5338,#7504,.T.);
#6232=EDGE_CURVE('',#5336,#5339,#7505,.T.);
#6233=EDGE_CURVE('',#5338,#5248,#7506,.T.);
#6234=EDGE_CURVE('',#5339,#5247,#7507,.T.);
#6235=EDGE_CURVE('',#5337,#5246,#7508,.T.);
#6236=EDGE_CURVE('',#5340,#5302,#7509,.T.);
#6237=EDGE_CURVE('',#5341,#5340,#7510,.T.);
#6238=EDGE_CURVE('',#5341,#5273,#7511,.T.);
#6239=EDGE_CURVE('',#5275,#5340,#7512,.T.);
#6240=EDGE_CURVE('',#5300,#5245,#7513,.T.);
#6241=EDGE_CURVE('',#5342,#5266,#7514,.T.);
#6242=EDGE_CURVE('',#5342,#5343,#7515,.T.);
#6243=EDGE_CURVE('',#5343,#5301,#7516,.T.);
#6244=EDGE_CURVE('',#5271,#5343,#7517,.T.);
#6245=EDGE_CURVE('',#5283,#5344,#7518,.T.);
#6246=EDGE_CURVE('',#5344,#5345,#7519,.T.);
#6247=EDGE_CURVE('',#5345,#5249,#7520,.T.);
#6248=EDGE_CURVE('',#5280,#5346,#7521,.T.);
#6249=EDGE_CURVE('',#5347,#5346,#7522,.T.);
#6250=EDGE_CURVE('',#5225,#5347,#7523,.T.);
#6251=EDGE_CURVE('',#5321,#5312,#2341,.T.);
#6252=EDGE_CURVE('',#5321,#5291,#2342,.T.);
#6253=EDGE_CURVE('',#5291,#5312,#2343,.T.);
#6254=EDGE_CURVE('',#5311,#5297,#2344,.T.);
#6255=EDGE_CURVE('',#5292,#5311,#2345,.T.);
#6256=EDGE_CURVE('',#5322,#5290,#2346,.T.);
#6257=EDGE_CURVE('',#5310,#5322,#2347,.T.);
#6258=EDGE_CURVE('',#5310,#5290,#2348,.T.);
#6259=EDGE_CURVE('',#5289,#5305,#2349,.T.);
#6260=EDGE_CURVE('',#5307,#5294,#2350,.T.);
#6261=EDGE_CURVE('',#5315,#5284,#7524,.T.);
#6262=EDGE_CURVE('',#5281,#5318,#7525,.T.);
#6263=EDGE_CURVE('',#5268,#5317,#7526,.T.);
#6264=EDGE_CURVE('',#5241,#5238,#7527,.T.);
#6265=EDGE_CURVE('',#5234,#5237,#7528,.T.);
#6266=EDGE_CURVE('',#5262,#5259,#7529,.T.);
#6267=EDGE_CURVE('',#5255,#5258,#7530,.T.);
#6268=EDGE_CURVE('',#5316,#5278,#7531,.T.);
#6269=EDGE_CURVE('',#5348,#5349,#2351,.T.);
#6270=EDGE_CURVE('',#5350,#5349,#7532,.T.);
#6271=EDGE_CURVE('',#5351,#5350,#2352,.T.);
#6272=EDGE_CURVE('',#5351,#5348,#7533,.T.);
#6273=EDGE_CURVE('',#5349,#5257,#7534,.T.);
#6274=EDGE_CURVE('',#5350,#5256,#7535,.T.);
#6275=EDGE_CURVE('',#5258,#5348,#7536,.T.);
#6276=EDGE_CURVE('',#5255,#5351,#7537,.T.);
#6277=EDGE_CURVE('',#5352,#5353,#2353,.T.);
#6278=EDGE_CURVE('',#5354,#5352,#7538,.T.);
#6279=EDGE_CURVE('',#5354,#5355,#2354,.T.);
#6280=EDGE_CURVE('',#5355,#5353,#7539,.T.);
#6281=EDGE_CURVE('',#5353,#5260,#7540,.T.);
#6282=EDGE_CURVE('',#5355,#5261,#7541,.T.);
#6283=EDGE_CURVE('',#5259,#5352,#7542,.T.);
#6284=EDGE_CURVE('',#5262,#5354,#7543,.T.);
#6285=EDGE_CURVE('',#5356,#5357,#2355,.T.);
#6286=EDGE_CURVE('',#5358,#5356,#7544,.T.);
#6287=EDGE_CURVE('',#5358,#5359,#2356,.T.);
#6288=EDGE_CURVE('',#5359,#5357,#7545,.T.);
#6289=EDGE_CURVE('',#5357,#5239,#7546,.T.);
#6290=EDGE_CURVE('',#5359,#5240,#7547,.T.);
#6291=EDGE_CURVE('',#5238,#5356,#7548,.T.);
#6292=EDGE_CURVE('',#5241,#5358,#7549,.T.);
#6293=EDGE_CURVE('',#5360,#5361,#2357,.T.);
#6294=EDGE_CURVE('',#5362,#5361,#7550,.T.);
#6295=EDGE_CURVE('',#5363,#5362,#2358,.T.);
#6296=EDGE_CURVE('',#5363,#5360,#7551,.T.);
#6297=EDGE_CURVE('',#5361,#5236,#7552,.T.);
#6298=EDGE_CURVE('',#5362,#5235,#7553,.T.);
#6299=EDGE_CURVE('',#5237,#5360,#7554,.T.);
#6300=EDGE_CURVE('',#5234,#5363,#7555,.T.);
#6301=EDGE_CURVE('',#5364,#5364,#2359,.T.);
#6302=EDGE_CURVE('',#5299,#5365,#7556,.T.);
#6303=EDGE_CURVE('',#5365,#5337,#7557,.T.);
#6304=EDGE_CURVE('',#5365,#5198,#7558,.T.);
#6305=EDGE_CURVE('',#5366,#5367,#2360,.T.);
#6306=EDGE_CURVE('',#5367,#5368,#7559,.T.);
#6307=EDGE_CURVE('',#5368,#5369,#7560,.T.);
#6308=EDGE_CURVE('',#5369,#5370,#7561,.T.);
#6309=EDGE_CURVE('',#5370,#5366,#7562,.T.);
#6310=EDGE_CURVE('',#5371,#5369,#7563,.T.);
#6311=EDGE_CURVE('',#5371,#5372,#7564,.T.);
#6312=EDGE_CURVE('',#5372,#5373,#2361,.T.);
#6313=EDGE_CURVE('',#5373,#5370,#7565,.T.);
#6314=EDGE_CURVE('',#5374,#5374,#2362,.T.);
#6315=EDGE_CURVE('',#5375,#5376,#2363,.T.);
#6316=EDGE_CURVE('',#5376,#5371,#7566,.T.);
#6317=EDGE_CURVE('',#5368,#5375,#7567,.T.);
#6318=EDGE_CURVE('',#5377,#5377,#2364,.T.);
#6319=EDGE_CURVE('',#5378,#5378,#2365,.T.);
#6320=EDGE_CURVE('',#5379,#5379,#2366,.T.);
#6321=EDGE_CURVE('',#5380,#5380,#2367,.T.);
#6322=EDGE_CURVE('',#5381,#5381,#2368,.T.);
#6323=EDGE_CURVE('',#5295,#5368,#331,.T.);
#6324=EDGE_CURVE('',#5296,#5367,#2369,.T.);
#6325=EDGE_CURVE('',#5287,#5366,#2370,.T.);
#6326=EDGE_CURVE('',#5288,#5370,#332,.T.);
#6327=EDGE_CURVE('',#5289,#5373,#2371,.T.);
#6328=EDGE_CURVE('',#5305,#5372,#2372,.T.);
#6329=EDGE_CURVE('',#5371,#5306,#333,.T.);
#6330=EDGE_CURVE('',#5375,#5294,#2373,.T.);
#6331=EDGE_CURVE('',#5376,#5307,#2374,.T.);
#6332=EDGE_CURVE('',#5382,#5382,#2375,.T.);
#6333=EDGE_CURVE('',#5282,#5383,#7568,.T.);
#6334=EDGE_CURVE('',#5383,#5344,#7569,.T.);
#6335=EDGE_CURVE('',#5383,#5184,#7570,.T.);
#6336=EDGE_CURVE('',#5384,#5178,#7571,.T.);
#6337=EDGE_CURVE('',#5279,#5384,#7572,.T.);
#6338=EDGE_CURVE('',#5384,#5346,#7573,.T.);
#6339=EDGE_CURVE('',#5274,#5341,#7574,.T.);
#6340=EDGE_CURVE('',#5267,#5342,#7575,.T.);
#6341=EDGE_CURVE('',#5385,#5188,#7576,.T.);
#6342=EDGE_CURVE('',#5385,#5386,#7577,.T.);
#6343=EDGE_CURVE('',#5386,#5189,#7578,.T.);
#6344=EDGE_CURVE('',#5387,#5386,#7579,.T.);
#6345=EDGE_CURVE('',#5387,#5190,#7580,.T.);
#6346=EDGE_CURVE('',#5387,#5388,#7581,.T.);
#6347=EDGE_CURVE('',#5388,#5191,#7582,.T.);
#6348=EDGE_CURVE('',#5388,#5385,#7583,.T.);
#6349=EDGE_CURVE('',#5345,#5211,#7584,.T.);
#6350=EDGE_CURVE('',#5183,#5212,#7585,.T.);
#6351=EDGE_CURVE('',#5389,#5227,#7586,.T.);
#6352=EDGE_CURVE('',#5389,#5219,#7587,.T.);
#6353=EDGE_CURVE('',#5222,#5390,#7588,.T.);
#6354=EDGE_CURVE('',#5226,#5390,#7589,.T.);
#6355=EDGE_CURVE('',#5391,#5392,#7590,.T.);
#6356=EDGE_CURVE('',#5392,#5221,#7591,.T.);
#6357=EDGE_CURVE('',#5220,#5391,#7592,.T.);
#6358=EDGE_CURVE('',#5390,#5389,#7593,.T.);
#6359=EDGE_CURVE('',#5347,#5192,#7594,.T.);
#6360=EDGE_CURVE('',#5179,#5193,#7595,.T.);
#6361=EDGE_CURVE('',#5391,#5389,#334,.T.);
#6362=EDGE_CURVE('',#5392,#5390,#335,.T.);
#6363=EDGE_CURVE('',#5393,#5394,#7596,.T.);
#6364=EDGE_CURVE('',#5393,#5395,#7597,.T.);
#6365=EDGE_CURVE('',#5395,#5396,#7598,.T.);
#6366=EDGE_CURVE('',#5397,#5396,#7599,.T.);
#6367=EDGE_CURVE('',#5398,#5397,#7600,.T.);
#6368=EDGE_CURVE('',#5399,#5398,#118,.T.);
#6369=EDGE_CURVE('',#5400,#5399,#7601,.T.);
#6370=EDGE_CURVE('',#5401,#5400,#119,.T.);
#6371=EDGE_CURVE('',#5402,#5401,#7602,.T.);
#6372=EDGE_CURVE('',#5403,#5402,#7603,.T.);
#6373=EDGE_CURVE('',#5403,#5404,#7604,.T.);
#6374=EDGE_CURVE('',#5404,#5394,#7605,.T.);
#6375=EDGE_CURVE('',#5405,#5405,#2376,.T.);
#6376=EDGE_CURVE('',#5406,#5403,#7606,.T.);
#6377=EDGE_CURVE('',#5407,#5406,#7607,.T.);
#6378=EDGE_CURVE('',#5407,#5408,#2377,.T.);
#6379=EDGE_CURVE('',#5409,#5408,#7608,.T.);
#6380=EDGE_CURVE('',#5410,#5409,#7609,.T.);
#6381=EDGE_CURVE('',#5410,#5411,#7610,.T.);
#6382=EDGE_CURVE('',#5411,#5412,#7611,.T.);
#6383=EDGE_CURVE('',#5412,#5413,#7612,.T.);
#6384=EDGE_CURVE('',#5413,#5414,#2378,.T.);
#6385=EDGE_CURVE('',#5414,#5415,#7613,.T.);
#6386=EDGE_CURVE('',#5415,#5396,#7614,.T.);
#6387=EDGE_CURVE('',#5395,#5416,#2379,.T.);
#6388=EDGE_CURVE('',#5417,#5416,#7615,.T.);
#6389=EDGE_CURVE('',#5417,#5404,#2380,.T.);
#6390=EDGE_CURVE('',#5418,#5418,#2381,.T.);
#6391=EDGE_CURVE('',#5419,#5402,#7616,.T.);
#6392=EDGE_CURVE('',#5401,#5420,#2382,.T.);
#6393=EDGE_CURVE('',#5420,#5421,#7617,.T.);
#6394=EDGE_CURVE('',#5421,#5398,#2383,.T.);
#6395=EDGE_CURVE('',#5422,#5397,#7618,.T.);
#6396=EDGE_CURVE('',#5423,#5422,#7619,.T.);
#6397=EDGE_CURVE('',#5423,#5424,#2384,.T.);
#6398=EDGE_CURVE('',#5425,#5424,#7620,.T.);
#6399=EDGE_CURVE('',#5426,#5425,#7621,.T.);
#6400=EDGE_CURVE('',#5426,#5427,#7622,.T.);
#6401=EDGE_CURVE('',#5427,#5428,#7623,.T.);
#6402=EDGE_CURVE('',#5428,#5429,#7624,.T.);
#6403=EDGE_CURVE('',#5429,#5430,#2385,.T.);
#6404=EDGE_CURVE('',#5430,#5419,#7625,.T.);
#6405=EDGE_CURVE('',#5406,#5419,#7626,.T.);
#6406=EDGE_CURVE('',#5415,#5422,#7627,.T.);
#6407=EDGE_CURVE('',#5431,#5400,#2386,.T.);
#6408=EDGE_CURVE('',#5399,#5432,#2387,.T.);
#6409=EDGE_CURVE('',#5432,#5431,#7628,.T.);
#6410=EDGE_CURVE('',#5433,#5393,#2388,.T.);
#6411=EDGE_CURVE('',#5394,#5434,#2389,.T.);
#6412=EDGE_CURVE('',#5434,#5433,#7629,.T.);
#6413=EDGE_CURVE('',#5434,#5417,#7630,.T.);
#6414=EDGE_CURVE('',#5416,#5433,#7631,.T.);
#6415=EDGE_CURVE('',#5432,#5421,#2390,.T.);
#6416=EDGE_CURVE('',#5431,#5420,#2391,.T.);
#6417=EDGE_CURVE('',#5414,#5423,#7632,.T.);
#6418=EDGE_CURVE('',#5430,#5407,#7633,.T.);
#6419=EDGE_CURVE('',#5408,#5429,#7634,.T.);
#6420=EDGE_CURVE('',#5409,#5428,#7635,.T.);
#6421=EDGE_CURVE('',#5424,#5413,#7636,.T.);
#6422=EDGE_CURVE('',#5412,#5425,#7637,.T.);
#6423=EDGE_CURVE('',#5411,#5426,#7638,.T.);
#6424=EDGE_CURVE('',#5435,#5436,#7639,.T.);
#6425=EDGE_CURVE('',#5436,#5437,#7640,.T.);
#6426=EDGE_CURVE('',#5437,#5438,#7641,.T.);
#6427=EDGE_CURVE('',#5438,#5435,#7642,.T.);
#6428=EDGE_CURVE('',#5427,#5410,#7643,.T.);
#6429=EDGE_CURVE('',#5437,#5426,#7644,.T.);
#6430=EDGE_CURVE('',#5411,#5438,#7645,.T.);
#6431=EDGE_CURVE('',#5427,#5436,#7646,.T.);
#6432=EDGE_CURVE('',#5435,#5410,#7647,.T.);
#6433=EDGE_CURVE('',#5439,#5440,#7648,.T.);
#6434=EDGE_CURVE('',#5440,#5441,#7649,.T.);
#6435=EDGE_CURVE('',#5442,#5441,#7650,.T.);
#6436=EDGE_CURVE('',#5442,#5439,#7651,.T.);
#6437=EDGE_CURVE('',#5443,#5443,#2392,.T.);
#6438=EDGE_CURVE('',#5444,#5442,#7652,.T.);
#6439=EDGE_CURVE('',#5445,#5441,#7653,.T.);
#6440=EDGE_CURVE('',#5445,#5446,#7654,.T.);
#6441=EDGE_CURVE('',#5446,#5447,#2393,.T.);
#6442=EDGE_CURVE('',#5447,#5448,#7655,.T.);
#6443=EDGE_CURVE('',#5448,#5449,#7656,.T.);
#6444=EDGE_CURVE('',#5449,#5450,#7657,.T.);
#6445=EDGE_CURVE('',#5450,#5451,#7658,.T.);
#6446=EDGE_CURVE('',#5451,#5452,#7659,.T.);
#6447=EDGE_CURVE('',#5453,#5452,#7660,.T.);
#6448=EDGE_CURVE('',#5454,#5453,#7661,.T.);
#6449=EDGE_CURVE('',#5454,#5455,#2394,.T.);
#6450=EDGE_CURVE('',#5444,#5455,#7662,.T.);
#6451=EDGE_CURVE('',#5456,#5456,#2395,.T.);
#6452=EDGE_CURVE('',#5457,#5439,#7663,.T.);
#6453=EDGE_CURVE('',#5457,#5458,#7664,.T.);
#6454=EDGE_CURVE('',#5458,#5459,#2396,.T.);
#6455=EDGE_CURVE('',#5459,#5460,#7665,.T.);
#6456=EDGE_CURVE('',#5460,#5461,#7666,.T.);
#6457=EDGE_CURVE('',#5461,#5462,#7667,.T.);
#6458=EDGE_CURVE('',#5462,#5463,#7668,.T.);
#6459=EDGE_CURVE('',#5463,#5464,#7669,.T.);
#6460=EDGE_CURVE('',#5465,#5464,#7670,.T.);
#6461=EDGE_CURVE('',#5466,#5465,#7671,.T.);
#6462=EDGE_CURVE('',#5466,#5467,#2397,.T.);
#6463=EDGE_CURVE('',#5468,#5467,#7672,.T.);
#6464=EDGE_CURVE('',#5468,#5440,#7673,.T.);
#6465=EDGE_CURVE('',#5468,#5445,#7674,.T.);
#6466=EDGE_CURVE('',#5457,#5444,#7675,.T.);
#6467=EDGE_CURVE('',#5455,#5458,#7676,.T.);
#6468=EDGE_CURVE('',#5467,#5446,#7677,.T.);
#6469=EDGE_CURVE('',#5459,#5454,#7678,.T.);
#6470=EDGE_CURVE('',#5453,#5460,#7679,.T.);
#6471=EDGE_CURVE('',#5452,#5461,#7680,.T.);
#6472=EDGE_CURVE('',#5469,#5470,#7681,.T.);
#6473=EDGE_CURVE('',#5470,#5471,#7682,.T.);
#6474=EDGE_CURVE('',#5471,#5472,#7683,.T.);
#6475=EDGE_CURVE('',#5472,#5469,#7684,.T.);
#6476=EDGE_CURVE('',#5464,#5449,#7685,.T.);
#6477=EDGE_CURVE('',#5448,#5465,#7686,.T.);
#6478=EDGE_CURVE('',#5447,#5466,#7687,.T.);
#6479=EDGE_CURVE('',#5471,#5450,#7688,.T.);
#6480=EDGE_CURVE('',#5463,#5472,#7689,.T.);
#6481=EDGE_CURVE('',#5451,#5470,#7690,.T.);
#6482=EDGE_CURVE('',#5469,#5462,#7691,.T.);
#6483=EDGE_CURVE('',#5473,#5474,#7692,.T.);
#6484=EDGE_CURVE('',#5474,#5475,#7693,.T.);
#6485=EDGE_CURVE('',#5476,#5475,#7694,.T.);
#6486=EDGE_CURVE('',#5476,#5473,#7695,.T.);
#6487=EDGE_CURVE('',#5477,#5478,#7696,.T.);
#6488=EDGE_CURVE('',#5478,#5479,#7697,.T.);
#6489=EDGE_CURVE('',#5480,#5479,#7698,.T.);
#6490=EDGE_CURVE('',#5480,#5477,#7699,.T.);
#6491=EDGE_CURVE('',#5481,#5482,#7700,.T.);
#6492=EDGE_CURVE('',#5482,#5483,#7701,.T.);
#6493=EDGE_CURVE('',#5484,#5483,#7702,.T.);
#6494=EDGE_CURVE('',#5484,#5481,#7703,.T.);
#6495=EDGE_CURVE('',#5485,#5486,#7704,.T.);
#6496=EDGE_CURVE('',#5486,#5482,#7705,.T.);
#6497=EDGE_CURVE('',#5481,#5485,#7706,.T.);
#6498=EDGE_CURVE('',#5487,#5488,#7707,.T.);
#6499=EDGE_CURVE('',#5488,#5486,#7708,.T.);
#6500=EDGE_CURVE('',#5485,#5487,#7709,.T.);
#6501=EDGE_CURVE('',#5483,#5488,#7710,.T.);
#6502=EDGE_CURVE('',#5487,#5484,#7711,.T.);
#6503=EDGE_CURVE('',#5489,#5490,#7712,.T.);
#6504=EDGE_CURVE('',#5490,#5491,#7713,.T.);
#6505=EDGE_CURVE('',#5492,#5491,#7714,.T.);
#6506=EDGE_CURVE('',#5492,#5489,#7715,.T.);
#6507=EDGE_CURVE('',#5493,#5494,#7716,.T.);
#6508=EDGE_CURVE('',#5494,#5490,#7717,.T.);
#6509=EDGE_CURVE('',#5489,#5493,#7718,.T.);
#6510=EDGE_CURVE('',#5495,#5496,#7719,.T.);
#6511=EDGE_CURVE('',#5496,#5494,#7720,.T.);
#6512=EDGE_CURVE('',#5493,#5495,#7721,.T.);
#6513=EDGE_CURVE('',#5491,#5496,#7722,.T.);
#6514=EDGE_CURVE('',#5495,#5492,#7723,.T.);
#6515=EDGE_CURVE('',#5479,#5474,#7724,.T.);
#6516=EDGE_CURVE('',#5473,#5480,#7725,.T.);
#6517=EDGE_CURVE('',#5475,#5478,#7726,.T.);
#6518=EDGE_CURVE('',#5477,#5476,#7727,.T.);
#6519=EDGE_CURVE('',#5497,#5498,#7728,.T.);
#6520=EDGE_CURVE('',#5498,#5499,#7729,.T.);
#6521=EDGE_CURVE('',#5500,#5499,#7730,.T.);
#6522=EDGE_CURVE('',#5500,#5497,#7731,.T.);
#6523=EDGE_CURVE('',#5501,#5502,#7732,.T.);
#6524=EDGE_CURVE('',#5502,#5498,#7733,.T.);
#6525=EDGE_CURVE('',#5497,#5501,#7734,.T.);
#6526=EDGE_CURVE('',#5503,#5504,#7735,.T.);
#6527=EDGE_CURVE('',#5504,#5502,#7736,.T.);
#6528=EDGE_CURVE('',#5501,#5503,#7737,.T.);
#6529=EDGE_CURVE('',#5499,#5504,#7738,.T.);
#6530=EDGE_CURVE('',#5503,#5500,#7739,.T.);
#6531=EDGE_CURVE('',#5505,#5506,#7740,.T.);
#6532=EDGE_CURVE('',#5506,#5507,#7741,.T.);
#6533=EDGE_CURVE('',#5508,#5507,#7742,.T.);
#6534=EDGE_CURVE('',#5508,#5505,#7743,.T.);
#6535=EDGE_CURVE('',#5509,#5510,#7744,.T.);
#6536=EDGE_CURVE('',#5510,#5506,#7745,.T.);
#6537=EDGE_CURVE('',#5505,#5509,#7746,.T.);
#6538=EDGE_CURVE('',#5511,#5512,#7747,.T.);
#6539=EDGE_CURVE('',#5512,#5510,#7748,.T.);
#6540=EDGE_CURVE('',#5509,#5511,#7749,.T.);
#6541=EDGE_CURVE('',#5507,#5512,#7750,.T.);
#6542=EDGE_CURVE('',#5511,#5508,#7751,.T.);
#6543=EDGE_CURVE('',#5513,#5514,#7752,.T.);
#6544=EDGE_CURVE('',#5513,#5515,#7753,.T.);
#6545=EDGE_CURVE('',#5515,#5516,#7754,.T.);
#6546=EDGE_CURVE('',#5516,#5514,#7755,.T.);
#6547=EDGE_CURVE('',#5515,#5517,#7756,.T.);
#6548=EDGE_CURVE('',#5518,#5517,#2398,.T.);
#6549=EDGE_CURVE('',#5516,#5518,#7757,.T.);
#6550=EDGE_CURVE('',#5513,#5519,#7758,.T.);
#6551=EDGE_CURVE('',#5514,#5520,#7759,.T.);
#6552=EDGE_CURVE('',#5520,#5519,#2399,.T.);
#6553=EDGE_CURVE('',#5521,#5522,#7760,.T.);
#6554=EDGE_CURVE('',#5521,#5523,#7761,.T.);
#6555=EDGE_CURVE('',#5524,#5523,#7762,.T.);
#6556=EDGE_CURVE('',#5522,#5524,#7763,.T.);
#6557=EDGE_CURVE('',#5525,#5526,#2400,.T.);
#6558=EDGE_CURVE('',#5525,#5522,#7764,.T.);
#6559=EDGE_CURVE('',#5524,#5526,#7765,.T.);
#6560=EDGE_CURVE('',#5527,#5521,#7766,.T.);
#6561=EDGE_CURVE('',#5527,#5528,#2401,.T.);
#6562=EDGE_CURVE('',#5523,#5528,#7767,.T.);
#6563=EDGE_CURVE('',#5529,#5530,#7768,.T.);
#6564=EDGE_CURVE('',#5529,#5531,#7769,.T.);
#6565=EDGE_CURVE('',#5531,#5532,#7770,.T.);
#6566=EDGE_CURVE('',#5530,#5532,#7771,.T.);
#6567=EDGE_CURVE('',#5533,#5534,#2402,.T.);
#6568=EDGE_CURVE('',#5533,#5529,#7772,.T.);
#6569=EDGE_CURVE('',#5530,#5534,#7773,.T.);
#6570=EDGE_CURVE('',#5535,#5531,#7774,.T.);
#6571=EDGE_CURVE('',#5535,#5536,#2403,.T.);
#6572=EDGE_CURVE('',#5532,#5536,#7775,.T.);
#6573=EDGE_CURVE('',#5537,#5538,#7776,.T.);
#6574=EDGE_CURVE('',#5537,#5539,#7777,.T.);
#6575=EDGE_CURVE('',#5539,#5540,#7778,.T.);
#6576=EDGE_CURVE('',#5538,#5540,#7779,.T.);
#6577=EDGE_CURVE('',#5537,#5541,#7780,.T.);
#6578=EDGE_CURVE('',#5542,#5541,#2404,.T.);
#6579=EDGE_CURVE('',#5539,#5542,#7781,.T.);
#6580=EDGE_CURVE('',#5538,#5543,#7782,.T.);
#6581=EDGE_CURVE('',#5540,#5544,#7783,.T.);
#6582=EDGE_CURVE('',#5544,#5543,#2405,.T.);
#6583=EDGE_CURVE('',#5545,#5546,#7784,.T.);
#6584=EDGE_CURVE('',#5546,#5547,#2406,.T.);
#6585=EDGE_CURVE('',#5547,#5548,#7785,.T.);
#6586=EDGE_CURVE('',#5548,#5549,#2407,.T.);
#6587=EDGE_CURVE('',#5549,#5550,#7786,.T.);
#6588=EDGE_CURVE('',#5550,#5551,#2408,.T.);
#6589=EDGE_CURVE('',#5551,#5552,#7787,.T.);
#6590=EDGE_CURVE('',#5552,#5545,#2409,.T.);
#6591=EDGE_CURVE('',#5553,#5554,#120,.T.);
#6592=EDGE_CURVE('',#5554,#5555,#121,.T.);
#6593=EDGE_CURVE('',#5555,#5556,#7788,.T.);
#6594=EDGE_CURVE('',#5556,#5557,#122,.T.);
#6595=EDGE_CURVE('',#5557,#5558,#123,.T.);
#6596=EDGE_CURVE('',#5558,#5559,#7789,.T.);
#6597=EDGE_CURVE('',#5559,#5560,#124,.T.);
#6598=EDGE_CURVE('',#5560,#5553,#7790,.T.);
#6599=EDGE_CURVE('',#5561,#5562,#7791,.T.);
#6600=EDGE_CURVE('',#5563,#5561,#7792,.T.);
#6601=EDGE_CURVE('',#5564,#5563,#7793,.T.);
#6602=EDGE_CURVE('',#5565,#5564,#7794,.T.);
#6603=EDGE_CURVE('',#5566,#5565,#7795,.T.);
#6604=EDGE_CURVE('',#5567,#5566,#125,.T.);
#6605=EDGE_CURVE('',#5568,#5567,#7796,.T.);
#6606=EDGE_CURVE('',#5562,#5568,#126,.T.);
#6607=EDGE_CURVE('',#5569,#5570,#7797,.T.);
#6608=EDGE_CURVE('',#5570,#5571,#7798,.T.);
#6609=EDGE_CURVE('',#5571,#5572,#127,.T.);
#6610=EDGE_CURVE('',#5572,#5573,#7799,.T.);
#6611=EDGE_CURVE('',#5573,#5574,#7800,.T.);
#6612=EDGE_CURVE('',#5574,#5575,#7801,.T.);
#6613=EDGE_CURVE('',#5575,#5576,#7802,.T.);
#6614=EDGE_CURVE('',#5576,#5577,#7803,.T.);
#6615=EDGE_CURVE('',#5577,#5569,#7804,.T.);
#6616=EDGE_CURVE('',#5578,#5579,#7805,.T.);
#6617=EDGE_CURVE('',#5578,#5580,#2410,.T.);
#6618=EDGE_CURVE('',#5581,#5580,#7806,.T.);
#6619=EDGE_CURVE('',#5581,#5582,#2411,.T.);
#6620=EDGE_CURVE('',#5583,#5582,#7807,.T.);
#6621=EDGE_CURVE('',#5583,#5584,#2412,.T.);
#6622=EDGE_CURVE('',#5585,#5584,#7808,.T.);
#6623=EDGE_CURVE('',#5585,#5579,#2413,.T.);
#6624=EDGE_CURVE('',#5586,#5587,#7809,.T.);
#6625=EDGE_CURVE('',#5587,#5588,#2414,.T.);
#6626=EDGE_CURVE('',#5588,#5589,#7810,.T.);
#6627=EDGE_CURVE('',#5589,#5590,#2415,.T.);
#6628=EDGE_CURVE('',#5590,#5591,#7811,.T.);
#6629=EDGE_CURVE('',#5591,#5592,#2416,.T.);
#6630=EDGE_CURVE('',#5592,#5593,#7812,.T.);
#6631=EDGE_CURVE('',#5593,#5586,#2417,.T.);
#6632=EDGE_CURVE('',#5594,#5595,#128,.T.);
#6633=EDGE_CURVE('',#5595,#5596,#129,.T.);
#6634=EDGE_CURVE('',#5596,#5597,#7813,.T.);
#6635=EDGE_CURVE('',#5597,#5598,#130,.T.);
#6636=EDGE_CURVE('',#5598,#5599,#7814,.T.);
#6637=EDGE_CURVE('',#5599,#5600,#7815,.T.);
#6638=EDGE_CURVE('',#5600,#5594,#7816,.T.);
#6639=EDGE_CURVE('',#5601,#5602,#7817,.T.);
#6640=EDGE_CURVE('',#5602,#5603,#2418,.T.);
#6641=EDGE_CURVE('',#5603,#5604,#7818,.T.);
#6642=EDGE_CURVE('',#5604,#5605,#2419,.T.);
#6643=EDGE_CURVE('',#5605,#5606,#7819,.T.);
#6644=EDGE_CURVE('',#5606,#5607,#2420,.T.);
#6645=EDGE_CURVE('',#5607,#5608,#7820,.T.);
#6646=EDGE_CURVE('',#5608,#5601,#2421,.T.);
#6647=EDGE_CURVE('',#5609,#5610,#7821,.T.);
#6648=EDGE_CURVE('',#5610,#5611,#7822,.T.);
#6649=EDGE_CURVE('',#5611,#5612,#7823,.T.);
#6650=EDGE_CURVE('',#5612,#5613,#7824,.T.);
#6651=EDGE_CURVE('',#5613,#5614,#7825,.T.);
#6652=EDGE_CURVE('',#5614,#5609,#7826,.T.);
#6653=EDGE_CURVE('',#5615,#5616,#7827,.T.);
#6654=EDGE_CURVE('',#5616,#5617,#2422,.T.);
#6655=EDGE_CURVE('',#5618,#5617,#7828,.T.);
#6656=EDGE_CURVE('',#5618,#5619,#2423,.T.);
#6657=EDGE_CURVE('',#5620,#5619,#7829,.T.);
#6658=EDGE_CURVE('',#5620,#5621,#2424,.T.);
#6659=EDGE_CURVE('',#5622,#5621,#7830,.T.);
#6660=EDGE_CURVE('',#5622,#5623,#2425,.T.);
#6661=EDGE_CURVE('',#5624,#5623,#7831,.T.);
#6662=EDGE_CURVE('',#5624,#5625,#2426,.T.);
#6663=EDGE_CURVE('',#5626,#5625,#7832,.T.);
#6664=EDGE_CURVE('',#5626,#5627,#2427,.T.);
#6665=EDGE_CURVE('',#5627,#5628,#7833,.T.);
#6666=EDGE_CURVE('',#5628,#5629,#2428,.T.);
#6667=EDGE_CURVE('',#5630,#5629,#7834,.T.);
#6668=EDGE_CURVE('',#5630,#5631,#2429,.T.);
#6669=EDGE_CURVE('',#5631,#5632,#7835,.T.);
#6670=EDGE_CURVE('',#5632,#5633,#2430,.T.);
#6671=EDGE_CURVE('',#5633,#5634,#7836,.T.);
#6672=EDGE_CURVE('',#5634,#5635,#2431,.T.);
#6673=EDGE_CURVE('',#5635,#5636,#7837,.T.);
#6674=EDGE_CURVE('',#5636,#5637,#2432,.T.);
#6675=EDGE_CURVE('',#5637,#5638,#7838,.T.);
#6676=EDGE_CURVE('',#5638,#5615,#2433,.T.);
#6677=EDGE_CURVE('',#5639,#5640,#7839,.T.);
#6678=EDGE_CURVE('',#5640,#5641,#2434,.T.);
#6679=EDGE_CURVE('',#5641,#5642,#7840,.T.);
#6680=EDGE_CURVE('',#5642,#5643,#2435,.T.);
#6681=EDGE_CURVE('',#5643,#5644,#7841,.T.);
#6682=EDGE_CURVE('',#5644,#5645,#2436,.T.);
#6683=EDGE_CURVE('',#5645,#5646,#7842,.T.);
#6684=EDGE_CURVE('',#5646,#5647,#2437,.T.);
#6685=EDGE_CURVE('',#5647,#5648,#7843,.T.);
#6686=EDGE_CURVE('',#5648,#5649,#2438,.T.);
#6687=EDGE_CURVE('',#5650,#5649,#7844,.T.);
#6688=EDGE_CURVE('',#5650,#5651,#2439,.T.);
#6689=EDGE_CURVE('',#5652,#5651,#7845,.T.);
#6690=EDGE_CURVE('',#5652,#5653,#2440,.T.);
#6691=EDGE_CURVE('',#5654,#5653,#7846,.T.);
#6692=EDGE_CURVE('',#5654,#5639,#2441,.T.);
#6693=EDGE_CURVE('',#5542,#5655,#7847,.T.);
#6694=EDGE_CURVE('',#5655,#5656,#7848,.T.);
#6695=EDGE_CURVE('',#5656,#5526,#7849,.T.);
#6696=EDGE_CURVE('',#5528,#5520,#7850,.T.);
#6697=EDGE_CURVE('',#5518,#5657,#7851,.T.);
#6698=EDGE_CURVE('',#5657,#5658,#7852,.T.);
#6699=EDGE_CURVE('',#5658,#5534,#7853,.T.);
#6700=EDGE_CURVE('',#5536,#5544,#7854,.T.);
#6701=EDGE_CURVE('',#5659,#5541,#7855,.T.);
#6702=EDGE_CURVE('',#5659,#5655,#131,.T.);
#6703=EDGE_CURVE('',#5533,#5660,#7856,.T.);
#6704=EDGE_CURVE('',#5660,#5658,#104,.T.);
#6705=EDGE_CURVE('',#5525,#5661,#7857,.T.);
#6706=EDGE_CURVE('',#5656,#5661,#132,.T.);
#6707=EDGE_CURVE('',#5662,#5517,#7858,.T.);
#6708=EDGE_CURVE('',#5657,#5662,#105,.T.);
#6709=EDGE_CURVE('',#5663,#5664,#7859,.T.);
#6710=EDGE_CURVE('',#5664,#5665,#7860,.T.);
#6711=EDGE_CURVE('',#5665,#5666,#7861,.T.);
#6712=EDGE_CURVE('',#5666,#5667,#2442,.T.);
#6713=EDGE_CURVE('',#5667,#5668,#7862,.T.);
#6714=EDGE_CURVE('',#5668,#5663,#2443,.T.);
#6715=EDGE_CURVE('',#5669,#5670,#7863,.T.);
#6716=EDGE_CURVE('',#5670,#5671,#7864,.T.);
#6717=EDGE_CURVE('',#5671,#5672,#7865,.T.);
#6718=EDGE_CURVE('',#5672,#5673,#2444,.T.);
#6719=EDGE_CURVE('',#5674,#5673,#7866,.T.);
#6720=EDGE_CURVE('',#5674,#5675,#7867,.T.);
#6721=EDGE_CURVE('',#5675,#5676,#2445,.T.);
#6722=EDGE_CURVE('',#5676,#5677,#7868,.T.);
#6723=EDGE_CURVE('',#5677,#5669,#2446,.T.);
#6724=EDGE_CURVE('',#5670,#5678,#336,.T.);
#6725=EDGE_CURVE('',#5669,#5679,#2447,.T.);
#6726=EDGE_CURVE('',#5678,#5679,#7869,.T.);
#6727=EDGE_CURVE('',#5664,#5680,#337,.T.);
#6728=EDGE_CURVE('',#5663,#5681,#2448,.T.);
#6729=EDGE_CURVE('',#5680,#5681,#7870,.T.);
#6730=EDGE_CURVE('',#5682,#5683,#7871,.T.);
#6731=EDGE_CURVE('',#5683,#5684,#7872,.T.);
#6732=EDGE_CURVE('',#5684,#5685,#7873,.T.);
#6733=EDGE_CURVE('',#5685,#5686,#2449,.T.);
#6734=EDGE_CURVE('',#5686,#5687,#7874,.T.);
#6735=EDGE_CURVE('',#5687,#5688,#2450,.T.);
#6736=EDGE_CURVE('',#5688,#5689,#7875,.T.);
#6737=EDGE_CURVE('',#5690,#5689,#7876,.T.);
#6738=EDGE_CURVE('',#5690,#5682,#2451,.T.);
#6739=EDGE_CURVE('',#5691,#5692,#7877,.T.);
#6740=EDGE_CURVE('',#5692,#5693,#7878,.T.);
#6741=EDGE_CURVE('',#5693,#5694,#7879,.T.);
#6742=EDGE_CURVE('',#5694,#5695,#2452,.T.);
#6743=EDGE_CURVE('',#5695,#5696,#7880,.T.);
#6744=EDGE_CURVE('',#5696,#5691,#2453,.T.);
#6745=EDGE_CURVE('',#5692,#5697,#338,.T.);
#6746=EDGE_CURVE('',#5698,#5691,#2454,.T.);
#6747=EDGE_CURVE('',#5697,#5698,#7881,.T.);
#6748=EDGE_CURVE('',#5683,#5699,#339,.T.);
#6749=EDGE_CURVE('',#5682,#5700,#133,.T.);
#6750=EDGE_CURVE('',#5699,#5700,#7882,.T.);
#6751=EDGE_CURVE('',#5701,#5702,#2455,.T.);
#6752=EDGE_CURVE('',#5701,#5652,#7883,.T.);
#6753=EDGE_CURVE('',#5651,#5703,#7884,.T.);
#6754=EDGE_CURVE('',#5704,#5703,#2456,.T.);
#6755=EDGE_CURVE('',#5704,#5702,#7885,.T.);
#6756=EDGE_CURVE('',#5705,#5706,#2457,.T.);
#6757=EDGE_CURVE('',#5705,#5707,#7886,.T.);
#6758=EDGE_CURVE('',#5708,#5707,#2458,.T.);
#6759=EDGE_CURVE('',#5708,#5644,#7887,.T.);
#6760=EDGE_CURVE('',#5643,#5706,#7888,.T.);
#6761=EDGE_CURVE('',#5625,#5709,#7889,.T.);
#6762=EDGE_CURVE('',#5709,#5710,#7890,.T.);
#6763=EDGE_CURVE('',#5710,#5626,#7891,.T.);
#6764=EDGE_CURVE('',#5711,#5711,#2459,.T.);
#6765=EDGE_CURVE('',#5661,#5712,#2460,.T.);
#6766=EDGE_CURVE('',#5712,#5713,#7892,.T.);
#6767=EDGE_CURVE('',#5713,#5659,#2461,.T.);
#6768=EDGE_CURVE('',#5543,#5535,#7893,.T.);
#6769=EDGE_CURVE('',#5660,#5714,#2462,.T.);
#6770=EDGE_CURVE('',#5714,#5715,#7894,.T.);
#6771=EDGE_CURVE('',#5715,#5662,#2463,.T.);
#6772=EDGE_CURVE('',#5519,#5527,#7895,.T.);
#6773=EDGE_CURVE('',#5716,#5717,#7896,.T.);
#6774=EDGE_CURVE('',#5716,#5718,#7897,.T.);
#6775=EDGE_CURVE('',#5718,#5719,#7898,.T.);
#6776=EDGE_CURVE('',#5717,#5719,#7899,.T.);
#6777=EDGE_CURVE('',#5720,#5721,#7900,.T.);
#6778=EDGE_CURVE('',#5722,#5720,#7901,.T.);
#6779=EDGE_CURVE('',#5723,#5722,#7902,.T.);
#6780=EDGE_CURVE('',#5723,#5721,#7903,.T.);
#6781=EDGE_CURVE('',#5724,#5725,#7904,.T.);
#6782=EDGE_CURVE('',#5725,#5726,#7905,.T.);
#6783=EDGE_CURVE('',#5727,#5726,#7906,.T.);
#6784=EDGE_CURVE('',#5724,#5727,#7907,.T.);
#6785=EDGE_CURVE('',#5728,#5729,#7908,.T.);
#6786=EDGE_CURVE('',#5728,#5730,#7909,.T.);
#6787=EDGE_CURVE('',#5731,#5730,#7910,.T.);
#6788=EDGE_CURVE('',#5729,#5731,#7911,.T.);
#6789=EDGE_CURVE('',#5732,#5733,#7912,.T.);
#6790=EDGE_CURVE('',#5732,#5734,#7913,.T.);
#6791=EDGE_CURVE('',#5734,#5735,#7914,.T.);
#6792=EDGE_CURVE('',#5733,#5735,#7915,.T.);
#6793=EDGE_CURVE('',#5736,#5737,#7916,.T.);
#6794=EDGE_CURVE('',#5737,#5738,#7917,.T.);
#6795=EDGE_CURVE('',#5739,#5738,#7918,.T.);
#6796=EDGE_CURVE('',#5736,#5739,#7919,.T.);
#6797=EDGE_CURVE('',#5700,#5638,#7920,.T.);
#6798=EDGE_CURVE('',#5637,#5740,#7921,.T.);
#6799=EDGE_CURVE('',#5740,#5741,#7922,.T.);
#6800=EDGE_CURVE('',#5741,#5604,#7923,.T.);
#6801=EDGE_CURVE('',#5603,#5699,#7924,.T.);
#6802=EDGE_CURVE('',#5615,#5578,#7925,.T.);
#6803=EDGE_CURVE('',#5579,#5616,#7926,.T.);
#6804=EDGE_CURVE('',#5629,#5742,#7927,.T.);
#6805=EDGE_CURVE('',#5742,#5743,#7928,.T.);
#6806=EDGE_CURVE('',#5743,#5630,#7929,.T.);
#6807=EDGE_CURVE('',#5631,#5744,#7930,.T.);
#6808=EDGE_CURVE('',#5744,#5745,#7931,.T.);
#6809=EDGE_CURVE('',#5745,#5632,#7932,.T.);
#6810=EDGE_CURVE('',#5698,#5634,#7933,.T.);
#6811=EDGE_CURVE('',#5633,#5746,#7934,.T.);
#6812=EDGE_CURVE('',#5746,#5747,#7935,.T.);
#6813=EDGE_CURVE('',#5747,#5608,#7936,.T.);
#6814=EDGE_CURVE('',#5607,#5697,#7937,.T.);
#6815=EDGE_CURVE('',#5635,#5748,#7938,.T.);
#6816=EDGE_CURVE('',#5748,#5749,#7939,.T.);
#6817=EDGE_CURVE('',#5749,#5636,#7940,.T.);
#6818=EDGE_CURVE('',#5647,#5750,#7941,.T.);
#6819=EDGE_CURVE('',#5750,#5751,#7942,.T.);
#6820=EDGE_CURVE('',#5751,#5648,#7943,.T.);
#6821=EDGE_CURVE('',#5645,#5752,#7944,.T.);
#6822=EDGE_CURVE('',#5752,#5753,#7945,.T.);
#6823=EDGE_CURVE('',#5753,#5646,#7946,.T.);
#6824=EDGE_CURVE('',#5641,#5754,#7947,.T.);
#6825=EDGE_CURVE('',#5754,#5755,#7948,.T.);
#6826=EDGE_CURVE('',#5755,#5642,#7949,.T.);
#6827=EDGE_CURVE('',#5639,#5756,#7950,.T.);
#6828=EDGE_CURVE('',#5756,#5757,#7951,.T.);
#6829=EDGE_CURVE('',#5757,#5640,#7952,.T.);
#6830=EDGE_CURVE('',#5758,#5759,#7953,.T.);
#6831=EDGE_CURVE('',#5759,#5760,#2464,.T.);
#6832=EDGE_CURVE('',#5761,#5760,#7954,.T.);
#6833=EDGE_CURVE('',#5761,#5762,#2465,.T.);
#6834=EDGE_CURVE('',#5763,#5762,#7955,.T.);
#6835=EDGE_CURVE('',#5763,#5764,#2466,.T.);
#6836=EDGE_CURVE('',#5765,#5764,#7956,.T.);
#6837=EDGE_CURVE('',#5765,#5766,#2467,.T.);
#6838=EDGE_CURVE('',#5766,#5767,#7957,.T.);
#6839=EDGE_CURVE('',#5767,#5768,#2468,.T.);
#6840=EDGE_CURVE('',#5768,#5769,#7958,.T.);
#6841=EDGE_CURVE('',#5769,#5770,#7959,.T.);
#6842=EDGE_CURVE('',#5770,#5771,#7960,.T.);
#6843=EDGE_CURVE('',#5771,#5772,#2469,.T.);
#6844=EDGE_CURVE('',#5772,#5773,#7961,.T.);
#6845=EDGE_CURVE('',#5773,#5774,#2470,.T.);
#6846=EDGE_CURVE('',#5774,#5775,#7962,.T.);
#6847=EDGE_CURVE('',#5775,#5776,#7963,.T.);
#6848=EDGE_CURVE('',#5776,#5777,#7964,.T.);
#6849=EDGE_CURVE('',#5777,#5758,#2471,.T.);
#6850=EDGE_CURVE('',#5778,#5778,#2472,.T.);
#6851=EDGE_CURVE('',#5617,#5779,#7965,.T.);
#6852=EDGE_CURVE('',#5779,#5780,#7966,.T.);
#6853=EDGE_CURVE('',#5780,#5593,#7967,.T.);
#6854=EDGE_CURVE('',#5592,#5680,#7968,.T.);
#6855=EDGE_CURVE('',#5681,#5618,#7969,.T.);
#6856=EDGE_CURVE('',#5623,#5781,#7970,.T.);
#6857=EDGE_CURVE('',#5781,#5782,#7971,.T.);
#6858=EDGE_CURVE('',#5782,#5624,#7972,.T.);
#6859=EDGE_CURVE('',#5621,#5783,#7973,.T.);
#6860=EDGE_CURVE('',#5783,#5784,#7974,.T.);
#6861=EDGE_CURVE('',#5784,#5589,#7975,.T.);
#6862=EDGE_CURVE('',#5588,#5678,#7976,.T.);
#6863=EDGE_CURVE('',#5679,#5622,#7977,.T.);
#6864=EDGE_CURVE('',#5619,#5785,#7978,.T.);
#6865=EDGE_CURVE('',#5785,#5786,#7979,.T.);
#6866=EDGE_CURVE('',#5786,#5620,#7980,.T.);
#6867=EDGE_CURVE('',#5649,#5787,#7981,.T.);
#6868=EDGE_CURVE('',#5787,#5788,#7982,.T.);
#6869=EDGE_CURVE('',#5788,#5650,#7983,.T.);
#6870=EDGE_CURVE('',#5653,#5789,#7984,.T.);
#6871=EDGE_CURVE('',#5789,#5790,#7985,.T.);
#6872=EDGE_CURVE('',#5790,#5654,#7986,.T.);
#6873=EDGE_CURVE('',#5580,#5690,#7987,.T.);
#6874=EDGE_CURVE('',#5689,#5791,#2473,.T.);
#6875=EDGE_CURVE('',#5791,#5581,#7988,.T.);
#6876=EDGE_CURVE('',#5673,#5585,#7989,.T.);
#6877=EDGE_CURVE('',#5584,#5792,#7990,.T.);
#6878=EDGE_CURVE('',#5792,#5674,#2474,.T.);
#6879=EDGE_CURVE('',#5627,#5583,#7991,.T.);
#6880=EDGE_CURVE('',#5582,#5628,#7992,.T.);
#6881=EDGE_CURVE('',#5712,#5656,#134,.T.);
#6882=EDGE_CURVE('',#5713,#5655,#106,.T.);
#6883=EDGE_CURVE('',#5657,#5715,#135,.T.);
#6884=EDGE_CURVE('',#5658,#5714,#107,.T.);
#6885=EDGE_CURVE('',#5782,#5709,#2475,.T.);
#6886=EDGE_CURVE('',#5679,#5781,#2476,.T.);
#6887=EDGE_CURVE('',#5745,#5746,#2477,.T.);
#6888=EDGE_CURVE('',#5743,#5744,#2478,.T.);
#6889=EDGE_CURVE('',#5749,#5740,#2479,.T.);
#6890=EDGE_CURVE('',#5698,#5748,#2480,.T.);
#6891=EDGE_CURVE('',#5681,#5785,#2481,.T.);
#6892=EDGE_CURVE('',#5786,#5783,#2482,.T.);
#6893=EDGE_CURVE('',#5792,#5710,#136,.T.);
#6894=EDGE_CURVE('',#5675,#5709,#2483,.T.);
#6895=EDGE_CURVE('',#5676,#5782,#2484,.T.);
#6896=EDGE_CURVE('',#5677,#5781,#2485,.T.);
#6897=EDGE_CURVE('',#5784,#5665,#340,.T.);
#6898=EDGE_CURVE('',#5666,#5783,#2486,.T.);
#6899=EDGE_CURVE('',#5667,#5786,#2487,.T.);
#6900=EDGE_CURVE('',#5668,#5785,#2488,.T.);
#6901=EDGE_CURVE('',#5780,#5671,#341,.T.);
#6902=EDGE_CURVE('',#5779,#5672,#137,.T.);
#6903=EDGE_CURVE('',#5743,#5688,#2489,.T.);
#6904=EDGE_CURVE('',#5742,#5791,#138,.T.);
#6905=EDGE_CURVE('',#5744,#5687,#2490,.T.);
#6906=EDGE_CURVE('',#5745,#5686,#2491,.T.);
#6907=EDGE_CURVE('',#5746,#5685,#2492,.T.);
#6908=EDGE_CURVE('',#5747,#5684,#342,.T.);
#6909=EDGE_CURVE('',#5748,#5696,#2493,.T.);
#6910=EDGE_CURVE('',#5749,#5695,#2494,.T.);
#6911=EDGE_CURVE('',#5740,#5694,#2495,.T.);
#6912=EDGE_CURVE('',#5741,#5693,#343,.T.);
#6913=EDGE_CURVE('',#5788,#5703,#2496,.T.);
#6914=EDGE_CURVE('',#5769,#5702,#2497,.T.);
#6915=EDGE_CURVE('',#5704,#5770,#2498,.T.);
#6916=EDGE_CURVE('',#5701,#5789,#2499,.T.);
#6917=EDGE_CURVE('',#5708,#5752,#2500,.T.);
#6918=EDGE_CURVE('',#5705,#5776,#2501,.T.);
#6919=EDGE_CURVE('',#5775,#5707,#2502,.T.);
#6920=EDGE_CURVE('',#5755,#5706,#2503,.T.);
#6921=EDGE_CURVE('',#5793,#5793,#2504,.T.);
#6922=EDGE_CURVE('',#5794,#5794,#2505,.T.);
#6923=EDGE_CURVE('',#5751,#5787,#2506,.T.);
#6924=EDGE_CURVE('',#5753,#5750,#2507,.T.);
#6925=EDGE_CURVE('',#5790,#5756,#2508,.T.);
#6926=EDGE_CURVE('',#5757,#5754,#2509,.T.);
#6927=EDGE_CURVE('',#5770,#5788,#2510,.T.);
#6928=EDGE_CURVE('',#5771,#5787,#2511,.T.);
#6929=EDGE_CURVE('',#5772,#5751,#2512,.T.);
#6930=EDGE_CURVE('',#5773,#5750,#2513,.T.);
#6931=EDGE_CURVE('',#5774,#5753,#2514,.T.);
#6932=EDGE_CURVE('',#5775,#5752,#2515,.T.);
#6933=EDGE_CURVE('',#5789,#5769,#2516,.T.);
#6934=EDGE_CURVE('',#5790,#5768,#2517,.T.);
#6935=EDGE_CURVE('',#5756,#5767,#2518,.T.);
#6936=EDGE_CURVE('',#5759,#5766,#7993,.T.);
#6937=EDGE_CURVE('',#5757,#5758,#2519,.T.);
#6938=EDGE_CURVE('',#5754,#5777,#2520,.T.);
#6939=EDGE_CURVE('',#5755,#5776,#2521,.T.);
#6940=EDGE_CURVE('',#5683,#5602,#7994,.T.);
#6941=EDGE_CURVE('',#5601,#5684,#7995,.T.);
#6942=EDGE_CURVE('',#5692,#5606,#7996,.T.);
#6943=EDGE_CURVE('',#5605,#5693,#7997,.T.);
#6944=EDGE_CURVE('',#5664,#5591,#7998,.T.);
#6945=EDGE_CURVE('',#5590,#5665,#7999,.T.);
#6946=EDGE_CURVE('',#5670,#5587,#8000,.T.);
#6947=EDGE_CURVE('',#5586,#5671,#8001,.T.);
#6948=EDGE_CURVE('',#5766,#5795,#2522,.T.);
#6949=EDGE_CURVE('',#5796,#5795,#8002,.T.);
#6950=EDGE_CURVE('',#5796,#5759,#2523,.T.);
#6951=EDGE_CURVE('',#5795,#5546,#8003,.T.);
#6952=EDGE_CURVE('',#5545,#5796,#8004,.T.);
#6953=EDGE_CURVE('',#5547,#5765,#8005,.T.);
#6954=EDGE_CURVE('',#5764,#5548,#8006,.T.);
#6955=EDGE_CURVE('',#5549,#5763,#8007,.T.);
#6956=EDGE_CURVE('',#5762,#5550,#8008,.T.);
#6957=EDGE_CURVE('',#5551,#5761,#8009,.T.);
#6958=EDGE_CURVE('',#5760,#5552,#8010,.T.);
#6959=EDGE_CURVE('',#5797,#5610,#8011,.T.);
#6960=EDGE_CURVE('',#5797,#5798,#8012,.T.);
#6961=EDGE_CURVE('',#5798,#5611,#8013,.T.);
#6962=EDGE_CURVE('',#5798,#5799,#8014,.T.);
#6963=EDGE_CURVE('',#5799,#5612,#8015,.T.);
#6964=EDGE_CURVE('',#5799,#5800,#8016,.T.);
#6965=EDGE_CURVE('',#5800,#5613,#8017,.T.);
#6966=EDGE_CURVE('',#5800,#5801,#8018,.T.);
#6967=EDGE_CURVE('',#5801,#5614,#8019,.T.);
#6968=EDGE_CURVE('',#5801,#5802,#8020,.T.);
#6969=EDGE_CURVE('',#5802,#5609,#8021,.T.);
#6970=EDGE_CURVE('',#5802,#5797,#8022,.T.);
#6971=EDGE_CURVE('',#5803,#5595,#8023,.T.);
#6972=EDGE_CURVE('',#5803,#5804,#139,.T.);
#6973=EDGE_CURVE('',#5804,#5596,#8024,.T.);
#6974=EDGE_CURVE('',#5804,#5805,#8025,.T.);
#6975=EDGE_CURVE('',#5805,#5597,#8026,.T.);
#6976=EDGE_CURVE('',#5805,#5806,#141,.T.);
#6977=EDGE_CURVE('',#5806,#5598,#8027,.T.);
#6978=EDGE_CURVE('',#5806,#5807,#8028,.T.);
#6979=EDGE_CURVE('',#5807,#5599,#8029,.T.);
#6980=EDGE_CURVE('',#5807,#5808,#8030,.T.);
#6981=EDGE_CURVE('',#5808,#5600,#8031,.T.);
#6982=EDGE_CURVE('',#5808,#5809,#8032,.T.);
#6983=EDGE_CURVE('',#5809,#5594,#8033,.T.);
#6984=EDGE_CURVE('',#5809,#5803,#143,.T.);
#6985=EDGE_CURVE('',#5810,#5811,#8034,.T.);
#6986=EDGE_CURVE('',#5812,#5810,#8035,.T.);
#6987=EDGE_CURVE('',#5812,#5813,#8036,.T.);
#6988=EDGE_CURVE('',#5813,#5811,#8037,.T.);
#6989=EDGE_CURVE('',#5811,#5814,#8038,.T.);
#6990=EDGE_CURVE('',#5813,#5815,#8039,.T.);
#6991=EDGE_CURVE('',#5815,#5814,#8040,.T.);
#6992=EDGE_CURVE('',#5816,#5570,#8041,.T.);
#6993=EDGE_CURVE('',#5816,#5817,#8042,.T.);
#6994=EDGE_CURVE('',#5817,#5571,#8043,.T.);
#6995=EDGE_CURVE('',#5817,#5818,#145,.T.);
#6996=EDGE_CURVE('',#5818,#5572,#8044,.T.);
#6997=EDGE_CURVE('',#5818,#5819,#8045,.T.);
#6998=EDGE_CURVE('',#5819,#5573,#8046,.T.);
#6999=EDGE_CURVE('',#5819,#5820,#8047,.T.);
#7000=EDGE_CURVE('',#5820,#5574,#8048,.T.);
#7001=EDGE_CURVE('',#5820,#5821,#8049,.T.);
#7002=EDGE_CURVE('',#5821,#5575,#8050,.T.);
#7003=EDGE_CURVE('',#5821,#5822,#8051,.T.);
#7004=EDGE_CURVE('',#5822,#5576,#8052,.T.);
#7005=EDGE_CURVE('',#5822,#5823,#8053,.T.);
#7006=EDGE_CURVE('',#5823,#5577,#8054,.T.);
#7007=EDGE_CURVE('',#5823,#5824,#8055,.T.);
#7008=EDGE_CURVE('',#5824,#5569,#8056,.T.);
#7009=EDGE_CURVE('',#5824,#5816,#8057,.T.);
#7010=EDGE_CURVE('',#5814,#5810,#8058,.T.);
#7011=EDGE_CURVE('',#5815,#5812,#8059,.T.);
#7012=EDGE_CURVE('',#5825,#5554,#8060,.T.);
#7013=EDGE_CURVE('',#5825,#5826,#147,.T.);
#7014=EDGE_CURVE('',#5826,#5555,#8061,.T.);
#7015=EDGE_CURVE('',#5826,#5827,#8062,.T.);
#7016=EDGE_CURVE('',#5827,#5556,#8063,.T.);
#7017=EDGE_CURVE('',#5827,#5828,#149,.T.);
#7018=EDGE_CURVE('',#5828,#5557,#8064,.T.);
#7019=EDGE_CURVE('',#5828,#5829,#151,.T.);
#7020=EDGE_CURVE('',#5829,#5558,#8065,.T.);
#7021=EDGE_CURVE('',#5829,#5830,#8066,.T.);
#7022=EDGE_CURVE('',#5830,#5559,#8067,.T.);
#7023=EDGE_CURVE('',#5830,#5831,#153,.T.);
#7024=EDGE_CURVE('',#5831,#5560,#8068,.T.);
#7025=EDGE_CURVE('',#5831,#5832,#8069,.T.);
#7026=EDGE_CURVE('',#5832,#5553,#8070,.T.);
#7027=EDGE_CURVE('',#5832,#5825,#155,.T.);
#7028=EDGE_CURVE('',#5833,#5562,#8071,.T.);
#7029=EDGE_CURVE('',#5834,#5833,#8072,.T.);
#7030=EDGE_CURVE('',#5834,#5561,#8073,.T.);
#7031=EDGE_CURVE('',#5835,#5568,#8074,.T.);
#7032=EDGE_CURVE('',#5833,#5835,#157,.T.);
#7033=EDGE_CURVE('',#5836,#5567,#8075,.T.);
#7034=EDGE_CURVE('',#5835,#5836,#8076,.T.);
#7035=EDGE_CURVE('',#5837,#5566,#8077,.T.);
#7036=EDGE_CURVE('',#5836,#5837,#159,.T.);
#7037=EDGE_CURVE('',#5838,#5565,#8078,.T.);
#7038=EDGE_CURVE('',#5837,#5838,#8079,.T.);
#7039=EDGE_CURVE('',#5839,#5564,#8080,.T.);
#7040=EDGE_CURVE('',#5838,#5839,#8081,.T.);
#7041=EDGE_CURVE('',#5840,#5563,#8082,.T.);
#7042=EDGE_CURVE('',#5839,#5840,#8083,.T.);
#7043=EDGE_CURVE('',#5840,#5834,#8084,.T.);
#7044=EDGE_CURVE('',#5841,#5842,#8085,.T.);
#7045=EDGE_CURVE('',#5843,#5842,#8086,.T.);
#7046=EDGE_CURVE('',#5844,#5843,#8087,.T.);
#7047=EDGE_CURVE('',#5841,#5844,#8088,.T.);
#7048=EDGE_CURVE('',#5731,#5841,#8089,.T.);
#7049=EDGE_CURVE('',#5730,#5842,#8090,.T.);
#7050=EDGE_CURVE('',#5728,#5843,#8091,.T.);
#7051=EDGE_CURVE('',#5729,#5844,#8092,.T.);
#7052=EDGE_CURVE('',#5845,#5846,#8093,.T.);
#7053=EDGE_CURVE('',#5847,#5846,#8094,.T.);
#7054=EDGE_CURVE('',#5848,#5847,#8095,.T.);
#7055=EDGE_CURVE('',#5845,#5848,#8096,.T.);
#7056=EDGE_CURVE('',#5848,#5725,#8097,.T.);
#7057=EDGE_CURVE('',#5847,#5726,#8098,.T.);
#7058=EDGE_CURVE('',#5724,#5845,#8099,.T.);
#7059=EDGE_CURVE('',#5727,#5846,#8100,.T.);
#7060=EDGE_CURVE('',#5849,#5850,#8101,.T.);
#7061=EDGE_CURVE('',#5850,#5851,#8102,.T.);
#7062=EDGE_CURVE('',#5851,#5852,#8103,.T.);
#7063=EDGE_CURVE('',#5852,#5849,#8104,.T.);
#7064=EDGE_CURVE('',#5733,#5849,#8105,.T.);
#7065=EDGE_CURVE('',#5735,#5850,#8106,.T.);
#7066=EDGE_CURVE('',#5852,#5732,#8107,.T.);
#7067=EDGE_CURVE('',#5851,#5734,#8108,.T.);
#7068=EDGE_CURVE('',#5853,#5854,#8109,.T.);
#7069=EDGE_CURVE('',#5854,#5855,#8110,.T.);
#7070=EDGE_CURVE('',#5855,#5856,#8111,.T.);
#7071=EDGE_CURVE('',#5856,#5853,#8112,.T.);
#7072=EDGE_CURVE('',#5855,#5720,#8113,.T.);
#7073=EDGE_CURVE('',#5721,#5856,#8114,.T.);
#7074=EDGE_CURVE('',#5723,#5853,#8115,.T.);
#7075=EDGE_CURVE('',#5722,#5854,#8116,.T.);
#7076=EDGE_CURVE('',#5857,#5858,#8117,.T.);
#7077=EDGE_CURVE('',#5859,#5857,#8118,.T.);
#7078=EDGE_CURVE('',#5860,#5859,#8119,.T.);
#7079=EDGE_CURVE('',#5858,#5860,#8120,.T.);
#7080=EDGE_CURVE('',#5858,#5717,#8121,.T.);
#7081=EDGE_CURVE('',#5719,#5857,#8122,.T.);
#7082=EDGE_CURVE('',#5716,#5860,#8123,.T.);
#7083=EDGE_CURVE('',#5718,#5859,#8124,.T.);
#7084=EDGE_CURVE('',#5861,#5862,#8125,.T.);
#7085=EDGE_CURVE('',#5862,#5863,#8126,.T.);
#7086=EDGE_CURVE('',#5863,#5864,#8127,.T.);
#7087=EDGE_CURVE('',#5864,#5861,#8128,.T.);
#7088=EDGE_CURVE('',#5737,#5864,#8129,.T.);
#7089=EDGE_CURVE('',#5738,#5863,#8130,.T.);
#7090=EDGE_CURVE('',#5736,#5861,#8131,.T.);
#7091=EDGE_CURVE('',#5739,#5862,#8132,.T.);
#7092=EDGE_CURVE('',#5865,#5866,#8133,.T.);
#7093=EDGE_CURVE('',#5865,#5867,#8134,.T.);
#7094=EDGE_CURVE('',#5867,#5868,#8135,.T.);
#7095=EDGE_CURVE('',#5866,#5868,#8136,.T.);
#7096=EDGE_CURVE('',#5869,#5869,#2524,.T.);
#7097=EDGE_CURVE('',#5870,#5866,#8137,.T.);
#7098=EDGE_CURVE('',#5871,#5868,#8138,.T.);
#7099=EDGE_CURVE('',#5872,#5871,#8139,.T.);
#7100=EDGE_CURVE('',#5873,#5872,#8140,.T.);
#7101=EDGE_CURVE('',#5874,#5873,#8141,.T.);
#7102=EDGE_CURVE('',#5874,#5875,#2525,.T.);
#7103=EDGE_CURVE('',#5876,#5875,#8142,.T.);
#7104=EDGE_CURVE('',#5877,#5876,#8143,.T.);
#7105=EDGE_CURVE('',#5878,#5877,#8144,.T.);
#7106=EDGE_CURVE('',#5879,#5878,#8145,.T.);
#7107=EDGE_CURVE('',#5879,#5880,#8146,.T.);
#7108=EDGE_CURVE('',#5880,#5881,#8147,.T.);
#7109=EDGE_CURVE('',#5881,#5882,#8148,.T.);
#7110=EDGE_CURVE('',#5882,#5883,#8149,.T.);
#7111=EDGE_CURVE('',#5883,#5884,#8150,.T.);
#7112=EDGE_CURVE('',#5884,#5885,#2526,.T.);
#7113=EDGE_CURVE('',#5885,#5886,#8151,.T.);
#7114=EDGE_CURVE('',#5886,#5887,#8152,.T.);
#7115=EDGE_CURVE('',#5887,#5870,#8153,.T.);
#7116=EDGE_CURVE('',#5888,#5888,#2527,.T.);
#7117=EDGE_CURVE('',#5889,#5865,#8154,.T.);
#7118=EDGE_CURVE('',#5890,#5889,#8155,.T.);
#7119=EDGE_CURVE('',#5891,#5890,#8156,.T.);
#7120=EDGE_CURVE('',#5892,#5891,#8157,.T.);
#7121=EDGE_CURVE('',#5892,#5893,#2528,.T.);
#7122=EDGE_CURVE('',#5894,#5893,#8158,.T.);
#7123=EDGE_CURVE('',#5895,#5894,#8159,.T.);
#7124=EDGE_CURVE('',#5896,#5895,#8160,.T.);
#7125=EDGE_CURVE('',#5897,#5896,#8161,.T.);
#7126=EDGE_CURVE('',#5897,#5898,#8162,.T.);
#7127=EDGE_CURVE('',#5898,#5899,#8163,.T.);
#7128=EDGE_CURVE('',#5899,#5900,#8164,.T.);
#7129=EDGE_CURVE('',#5900,#5901,#8165,.T.);
#7130=EDGE_CURVE('',#5901,#5902,#8166,.T.);
#7131=EDGE_CURVE('',#5902,#5903,#2529,.T.);
#7132=EDGE_CURVE('',#5903,#5904,#8167,.T.);
#7133=EDGE_CURVE('',#5904,#5905,#8168,.T.);
#7134=EDGE_CURVE('',#5905,#5906,#8169,.T.);
#7135=EDGE_CURVE('',#5906,#5867,#8170,.T.);
#7136=EDGE_CURVE('',#5870,#5889,#8171,.T.);
#7137=EDGE_CURVE('',#5871,#5906,#8172,.T.);
#7138=EDGE_CURVE('',#5885,#5892,#8173,.T.);
#7139=EDGE_CURVE('',#5886,#5891,#8174,.T.);
#7140=EDGE_CURVE('',#5893,#5884,#8175,.T.);
#7141=EDGE_CURVE('',#5894,#5883,#8176,.T.);
#7142=EDGE_CURVE('',#5895,#5882,#8177,.T.);
#7143=EDGE_CURVE('',#5896,#5881,#8178,.T.);
#7144=EDGE_CURVE('',#5880,#5897,#8179,.T.);
#7145=EDGE_CURVE('',#5907,#5908,#8180,.T.);
#7146=EDGE_CURVE('',#5908,#5909,#8181,.T.);
#7147=EDGE_CURVE('',#5909,#5910,#8182,.T.);
#7148=EDGE_CURVE('',#5910,#5907,#8183,.T.);
#7149=EDGE_CURVE('',#5898,#5879,#8184,.T.);
#7150=EDGE_CURVE('',#5899,#5878,#8185,.T.);
#7151=EDGE_CURVE('',#5900,#5877,#8186,.T.);
#7152=EDGE_CURVE('',#5901,#5876,#8187,.T.);
#7153=EDGE_CURVE('',#5875,#5902,#8188,.T.);
#7154=EDGE_CURVE('',#5903,#5874,#8189,.T.);
#7155=EDGE_CURVE('',#5873,#5904,#8190,.T.);
#7156=EDGE_CURVE('',#5872,#5905,#8191,.T.);
#7157=EDGE_CURVE('',#5887,#5890,#8192,.T.);
#7158=EDGE_CURVE('',#5898,#5908,#8193,.T.);
#7159=EDGE_CURVE('',#5907,#5879,#8194,.T.);
#7160=EDGE_CURVE('',#5909,#5897,#8195,.T.);
#7161=EDGE_CURVE('',#5880,#5910,#8196,.T.);
#7162=EDGE_CURVE('',#5911,#5912,#8197,.T.);
#7163=EDGE_CURVE('',#5913,#5911,#8198,.T.);
#7164=EDGE_CURVE('',#5914,#5913,#8199,.T.);
#7165=EDGE_CURVE('',#5914,#5915,#8200,.T.);
#7166=EDGE_CURVE('',#5916,#5915,#2530,.T.);
#7167=EDGE_CURVE('',#5917,#5916,#8201,.T.);
#7168=EDGE_CURVE('',#5918,#5917,#2531,.T.);
#7169=EDGE_CURVE('',#5918,#5919,#8202,.T.);
#7170=EDGE_CURVE('',#5919,#5920,#8203,.T.);
#7171=EDGE_CURVE('',#5921,#5920,#8204,.T.);
#7172=EDGE_CURVE('',#5922,#5921,#8205,.T.);
#7173=EDGE_CURVE('',#5912,#5922,#8206,.T.);
#7174=EDGE_CURVE('',#5923,#5923,#2532,.T.);
#7175=EDGE_CURVE('',#5924,#5913,#8207,.T.);
#7176=EDGE_CURVE('',#5925,#5911,#8208,.T.);
#7177=EDGE_CURVE('',#5925,#5926,#2533,.T.);
#7178=EDGE_CURVE('',#5927,#5926,#8209,.T.);
#7179=EDGE_CURVE('',#5927,#5928,#2534,.T.);
#7180=EDGE_CURVE('',#5921,#5928,#8210,.T.);
#7181=EDGE_CURVE('',#5929,#5920,#8211,.T.);
#7182=EDGE_CURVE('',#5930,#5929,#8212,.T.);
#7183=EDGE_CURVE('',#5931,#5930,#8213,.T.);
#7184=EDGE_CURVE('',#5932,#5931,#8214,.T.);
#7185=EDGE_CURVE('',#5932,#5933,#2535,.T.);
#7186=EDGE_CURVE('',#5934,#5933,#8215,.T.);
#7187=EDGE_CURVE('',#5935,#5934,#8216,.T.);
#7188=EDGE_CURVE('',#5936,#5935,#8217,.T.);
#7189=EDGE_CURVE('',#5937,#5936,#8218,.T.);
#7190=EDGE_CURVE('',#5937,#5938,#8219,.T.);
#7191=EDGE_CURVE('',#5938,#5939,#8220,.T.);
#7192=EDGE_CURVE('',#5939,#5940,#8221,.T.);
#7193=EDGE_CURVE('',#5940,#5941,#8222,.T.);
#7194=EDGE_CURVE('',#5941,#5942,#8223,.T.);
#7195=EDGE_CURVE('',#5942,#5943,#8224,.T.);
#7196=EDGE_CURVE('',#5943,#5944,#8225,.T.);
#7197=EDGE_CURVE('',#5944,#5945,#2536,.T.);
#7198=EDGE_CURVE('',#5945,#5946,#8226,.T.);
#7199=EDGE_CURVE('',#5946,#5947,#8227,.T.);
#7200=EDGE_CURVE('',#5947,#5924,#8228,.T.);
#7201=EDGE_CURVE('',#5948,#5948,#2537,.T.);
#7202=EDGE_CURVE('',#5949,#5914,#8229,.T.);
#7203=EDGE_CURVE('',#5950,#5949,#8230,.T.);
#7204=EDGE_CURVE('',#5951,#5950,#8231,.T.);
#7205=EDGE_CURVE('',#5952,#5951,#8232,.T.);
#7206=EDGE_CURVE('',#5952,#5953,#2538,.T.);
#7207=EDGE_CURVE('',#5954,#5953,#8233,.T.);
#7208=EDGE_CURVE('',#5955,#5954,#8234,.T.);
#7209=EDGE_CURVE('',#5956,#5955,#8235,.T.);
#7210=EDGE_CURVE('',#5957,#5956,#8236,.T.);
#7211=EDGE_CURVE('',#5957,#5958,#8237,.T.);
#7212=EDGE_CURVE('',#5958,#5959,#8238,.T.);
#7213=EDGE_CURVE('',#5959,#5960,#8239,.T.);
#7214=EDGE_CURVE('',#5960,#5961,#8240,.T.);
#7215=EDGE_CURVE('',#5961,#5962,#8241,.T.);
#7216=EDGE_CURVE('',#5962,#5963,#8242,.T.);
#7217=EDGE_CURVE('',#5963,#5964,#8243,.T.);
#7218=EDGE_CURVE('',#5964,#5965,#2539,.T.);
#7219=EDGE_CURVE('',#5965,#5966,#8244,.T.);
#7220=EDGE_CURVE('',#5966,#5967,#8245,.T.);
#7221=EDGE_CURVE('',#5967,#5968,#8246,.T.);
#7222=EDGE_CURVE('',#5968,#5919,#8247,.T.);
#7223=EDGE_CURVE('',#5918,#5969,#8248,.T.);
#7224=EDGE_CURVE('',#5969,#5970,#2540,.T.);
#7225=EDGE_CURVE('',#5970,#5971,#8249,.T.);
#7226=EDGE_CURVE('',#5971,#5972,#2541,.T.);
#7227=EDGE_CURVE('',#5972,#5915,#8250,.T.);
#7228=EDGE_CURVE('',#5949,#5924,#8251,.T.);
#7229=EDGE_CURVE('',#5968,#5929,#8252,.T.);
#7230=EDGE_CURVE('',#5973,#5917,#8253,.T.);
#7231=EDGE_CURVE('',#5916,#5974,#8254,.T.);
#7232=EDGE_CURVE('',#5974,#5975,#2542,.T.);
#7233=EDGE_CURVE('',#5975,#5976,#8255,.T.);
#7234=EDGE_CURVE('',#5976,#5973,#2543,.T.);
#7235=EDGE_CURVE('',#5922,#5977,#8256,.T.);
#7236=EDGE_CURVE('',#5928,#5977,#8257,.T.);
#7237=EDGE_CURVE('',#5978,#5912,#8258,.T.);
#7238=EDGE_CURVE('',#5978,#5925,#8259,.T.);
#7239=EDGE_CURVE('',#5977,#5979,#2544,.T.);
#7240=EDGE_CURVE('',#5979,#5980,#8260,.T.);
#7241=EDGE_CURVE('',#5980,#5978,#2545,.T.);
#7242=EDGE_CURVE('',#5972,#5974,#2546,.T.);
#7243=EDGE_CURVE('',#5973,#5969,#2547,.T.);
#7244=EDGE_CURVE('',#5962,#5935,#8261,.T.);
#7245=EDGE_CURVE('',#5961,#5936,#8262,.T.);
#7246=EDGE_CURVE('',#5963,#5934,#8263,.T.);
#7247=EDGE_CURVE('',#5933,#5964,#8264,.T.);
#7248=EDGE_CURVE('',#5965,#5932,#8265,.T.);
#7249=EDGE_CURVE('',#5931,#5966,#8266,.T.);
#7250=EDGE_CURVE('',#5945,#5952,#8267,.T.);
#7251=EDGE_CURVE('',#5946,#5951,#8268,.T.);
#7252=EDGE_CURVE('',#5953,#5944,#8269,.T.);
#7253=EDGE_CURVE('',#5954,#5943,#8270,.T.);
#7254=EDGE_CURVE('',#5955,#5942,#8271,.T.);
#7255=EDGE_CURVE('',#5956,#5941,#8272,.T.);
#7256=EDGE_CURVE('',#5940,#5957,#8273,.T.);
#7257=EDGE_CURVE('',#5981,#5982,#8274,.T.);
#7258=EDGE_CURVE('',#5982,#5983,#8275,.T.);
#7259=EDGE_CURVE('',#5983,#5984,#8276,.T.);
#7260=EDGE_CURVE('',#5984,#5981,#8277,.T.);
#7261=EDGE_CURVE('',#5960,#5937,#8278,.T.);
#7262=EDGE_CURVE('',#5926,#5980,#8279,.T.);
#7263=EDGE_CURVE('',#5979,#5927,#8280,.T.);
#7264=EDGE_CURVE('',#5930,#5967,#8281,.T.);
#7265=EDGE_CURVE('',#5947,#5950,#8282,.T.);
#7266=EDGE_CURVE('',#5975,#5971,#2548,.T.);
#7267=EDGE_CURVE('',#5976,#5970,#2549,.T.);
#7268=EDGE_CURVE('',#5939,#5982,#8283,.T.);
#7269=EDGE_CURVE('',#5981,#5958,#8284,.T.);
#7270=EDGE_CURVE('',#5983,#5938,#8285,.T.);
#7271=EDGE_CURVE('',#5959,#5984,#8286,.T.);
#7272=EDGE_CURVE('',#5985,#5986,#8287,.T.);
#7273=EDGE_CURVE('',#5985,#5987,#8288,.T.);
#7274=EDGE_CURVE('',#5987,#5988,#8289,.T.);
#7275=EDGE_CURVE('',#5986,#5988,#8290,.T.);
#7276=EDGE_CURVE('',#5989,#5989,#2550,.T.);
#7277=EDGE_CURVE('',#5990,#5986,#8291,.T.);
#7278=EDGE_CURVE('',#5991,#5988,#8292,.T.);
#7279=EDGE_CURVE('',#5992,#5991,#8293,.T.);
#7280=EDGE_CURVE('',#5993,#5992,#8294,.T.);
#7281=EDGE_CURVE('',#5994,#5993,#8295,.T.);
#7282=EDGE_CURVE('',#5994,#5995,#2551,.T.);
#7283=EDGE_CURVE('',#5996,#5995,#8296,.T.);
#7284=EDGE_CURVE('',#5997,#5996,#8297,.T.);
#7285=EDGE_CURVE('',#5998,#5997,#8298,.T.);
#7286=EDGE_CURVE('',#5999,#5998,#8299,.T.);
#7287=EDGE_CURVE('',#5999,#6000,#8300,.T.);
#7288=EDGE_CURVE('',#6000,#6001,#8301,.T.);
#7289=EDGE_CURVE('',#6001,#6002,#8302,.T.);
#7290=EDGE_CURVE('',#6002,#6003,#8303,.T.);
#7291=EDGE_CURVE('',#6003,#6004,#8304,.T.);
#7292=EDGE_CURVE('',#6004,#6005,#2552,.T.);
#7293=EDGE_CURVE('',#6005,#6006,#8305,.T.);
#7294=EDGE_CURVE('',#6006,#6007,#8306,.T.);
#7295=EDGE_CURVE('',#6007,#5990,#8307,.T.);
#7296=EDGE_CURVE('',#6008,#6008,#2553,.T.);
#7297=EDGE_CURVE('',#6009,#5985,#8308,.T.);
#7298=EDGE_CURVE('',#6010,#6009,#8309,.T.);
#7299=EDGE_CURVE('',#6011,#6010,#8310,.T.);
#7300=EDGE_CURVE('',#6012,#6011,#8311,.T.);
#7301=EDGE_CURVE('',#6012,#6013,#2554,.T.);
#7302=EDGE_CURVE('',#6014,#6013,#8312,.T.);
#7303=EDGE_CURVE('',#6015,#6014,#8313,.T.);
#7304=EDGE_CURVE('',#6016,#6015,#8314,.T.);
#7305=EDGE_CURVE('',#6017,#6016,#8315,.T.);
#7306=EDGE_CURVE('',#6017,#6018,#8316,.T.);
#7307=EDGE_CURVE('',#6018,#6019,#8317,.T.);
#7308=EDGE_CURVE('',#6019,#6020,#8318,.T.);
#7309=EDGE_CURVE('',#6020,#6021,#8319,.T.);
#7310=EDGE_CURVE('',#6021,#6022,#8320,.T.);
#7311=EDGE_CURVE('',#6022,#6023,#2555,.T.);
#7312=EDGE_CURVE('',#6023,#6024,#8321,.T.);
#7313=EDGE_CURVE('',#6024,#6025,#8322,.T.);
#7314=EDGE_CURVE('',#6025,#6026,#8323,.T.);
#7315=EDGE_CURVE('',#6026,#5987,#8324,.T.);
#7316=EDGE_CURVE('',#5990,#6009,#8325,.T.);
#7317=EDGE_CURVE('',#5991,#6026,#8326,.T.);
#7318=EDGE_CURVE('',#6005,#6012,#8327,.T.);
#7319=EDGE_CURVE('',#6006,#6011,#8328,.T.);
#7320=EDGE_CURVE('',#6013,#6004,#8329,.T.);
#7321=EDGE_CURVE('',#6014,#6003,#8330,.T.);
#7322=EDGE_CURVE('',#6015,#6002,#8331,.T.);
#7323=EDGE_CURVE('',#6016,#6001,#8332,.T.);
#7324=EDGE_CURVE('',#6000,#6017,#8333,.T.);
#7325=EDGE_CURVE('',#6027,#6028,#8334,.T.);
#7326=EDGE_CURVE('',#6028,#6029,#8335,.T.);
#7327=EDGE_CURVE('',#6029,#6030,#8336,.T.);
#7328=EDGE_CURVE('',#6030,#6027,#8337,.T.);
#7329=EDGE_CURVE('',#6018,#5999,#8338,.T.);
#7330=EDGE_CURVE('',#6019,#5998,#8339,.T.);
#7331=EDGE_CURVE('',#6020,#5997,#8340,.T.);
#7332=EDGE_CURVE('',#6021,#5996,#8341,.T.);
#7333=EDGE_CURVE('',#5995,#6022,#8342,.T.);
#7334=EDGE_CURVE('',#6023,#5994,#8343,.T.);
#7335=EDGE_CURVE('',#5993,#6024,#8344,.T.);
#7336=EDGE_CURVE('',#5992,#6025,#8345,.T.);
#7337=EDGE_CURVE('',#6007,#6010,#8346,.T.);
#7338=EDGE_CURVE('',#6018,#6028,#8347,.T.);
#7339=EDGE_CURVE('',#6027,#5999,#8348,.T.);
#7340=EDGE_CURVE('',#6029,#6017,#8349,.T.);
#7341=EDGE_CURVE('',#6000,#6030,#8350,.T.);
#7342=LINE('',#12627,#8351);
#7343=LINE('',#12630,#8352);
#7344=LINE('',#12634,#8353);
#7345=LINE('',#12636,#8354);
#7346=LINE('',#12638,#8355);
#7347=LINE('',#12641,#8356);
#7348=LINE('',#12645,#8357);
#7349=LINE('',#12647,#8358);
#7350=LINE('',#12649,#8359);
#7351=LINE('',#12652,#8360);
#7352=LINE('',#12654,#8361);
#7353=LINE('',#12656,#8362);
#7354=LINE('',#12657,#8363);
#7355=LINE('',#12660,#8364);
#7356=LINE('',#12662,#8365);
#7357=LINE('',#12664,#8366);
#7358=LINE('',#12666,#8367);
#7359=LINE('',#12668,#8368);
#7360=LINE('',#12670,#8369);
#7361=LINE('',#12672,#8370);
#7362=LINE('',#12674,#8371);
#7363=LINE('',#12676,#8372);
#7364=LINE('',#12678,#8373);
#7365=LINE('',#12680,#8374);
#7366=LINE('',#12682,#8375);
#7367=LINE('',#12684,#8376);
#7368=LINE('',#12686,#8377);
#7369=LINE('',#12688,#8378);
#7370=LINE('',#12690,#8379);
#7371=LINE('',#12692,#8380);
#7372=LINE('',#12694,#8381);
#7373=LINE('',#12696,#8382);
#7374=LINE('',#12698,#8383);
#7375=LINE('',#12700,#8384);
#7376=LINE('',#12702,#8385);
#7377=LINE('',#12704,#8386);
#7378=LINE('',#12706,#8387);
#7379=LINE('',#12708,#8388);
#7380=LINE('',#12710,#8389);
#7381=LINE('',#12714,#8390);
#7382=LINE('',#12718,#8391);
#7383=LINE('',#12720,#8392);
#7384=LINE('',#12722,#8393);
#7385=LINE('',#12724,#8394);
#7386=LINE('',#12726,#8395);
#7387=LINE('',#12728,#8396);
#7388=LINE('',#12730,#8397);
#7389=LINE('',#12731,#8398);
#7390=LINE('',#12733,#8399);
#7391=LINE('',#12735,#8400);
#7392=LINE('',#12736,#8401);
#7393=LINE('',#12737,#8402);
#7394=LINE('',#12739,#8403);
#7395=LINE('',#12741,#8404);
#7396=LINE('',#12743,#8405);
#7397=LINE('',#12745,#8406);
#7398=LINE('',#12746,#8407);
#7399=LINE('',#12748,#8408);
#7400=LINE('',#12750,#8409);
#7401=LINE('',#12752,#8410);
#7402=LINE('',#12754,#8411);
#7403=LINE('',#12756,#8412);
#7404=LINE('',#12758,#8413);
#7405=LINE('',#12760,#8414);
#7406=LINE('',#12762,#8415);
#7407=LINE('',#12764,#8416);
#7408=LINE('',#12766,#8417);
#7409=LINE('',#12768,#8418);
#7410=LINE('',#12770,#8419);
#7411=LINE('',#12772,#8420);
#7412=LINE('',#12774,#8421);
#7413=LINE('',#12776,#8422);
#7414=LINE('',#12778,#8423);
#7415=LINE('',#12780,#8424);
#7416=LINE('',#12782,#8425);
#7417=LINE('',#12784,#8426);
#7418=LINE('',#12786,#8427);
#7419=LINE('',#12787,#8428);
#7420=LINE('',#12789,#8429);
#7421=LINE('',#12791,#8430);
#7422=LINE('',#12793,#8431);
#7423=LINE('',#12795,#8432);
#7424=LINE('',#12797,#8433);
#7425=LINE('',#12799,#8434);
#7426=LINE('',#12801,#8435);
#7427=LINE('',#12803,#8436);
#7428=LINE('',#12805,#8437);
#7429=LINE('',#12807,#8438);
#7430=LINE('',#12809,#8439);
#7431=LINE('',#12811,#8440);
#7432=LINE('',#12813,#8441);
#7433=LINE('',#12815,#8442);
#7434=LINE('',#12818,#8443);
#7435=LINE('',#12827,#8444);
#7436=LINE('',#12833,#8445);
#7437=LINE('',#12837,#8446);
#7438=LINE('',#12845,#8447);
#7439=LINE('',#12873,#8448);
#7440=LINE('',#12876,#8449);
#7441=LINE('',#12878,#8450);
#7442=LINE('',#12880,#8451);
#7443=LINE('',#12882,#8452);
#7444=LINE('',#12884,#8453);
#7445=LINE('',#12886,#8454);
#7446=LINE('',#12889,#8455);
#7447=LINE('',#12891,#8456);
#7448=LINE('',#12893,#8457);
#7449=LINE('',#12895,#8458);
#7450=LINE('',#12897,#8459);
#7451=LINE('',#12902,#8460);
#7452=LINE('',#12904,#8461);
#7453=LINE('',#12906,#8462);
#7454=LINE('',#12908,#8463);
#7455=LINE('',#12909,#8464);
#7456=LINE('',#12910,#8465);
#7457=LINE('',#12912,#8466);
#7458=LINE('',#12913,#8467);
#7459=LINE('',#12915,#8468);
#7460=LINE('',#12917,#8469);
#7461=LINE('',#12919,#8470);
#7462=LINE('',#12922,#8471);
#7463=LINE('',#12924,#8472);
#7464=LINE('',#12926,#8473);
#7465=LINE('',#12928,#8474);
#7466=LINE('',#12930,#8475);
#7467=LINE('',#12932,#8476);
#7468=LINE('',#12935,#8477);
#7469=LINE('',#12937,#8478);
#7470=LINE('',#12939,#8479);
#7471=LINE('',#12941,#8480);
#7472=LINE('',#12944,#8481);
#7473=LINE('',#12946,#8482);
#7474=LINE('',#12948,#8483);
#7475=LINE('',#12953,#8484);
#7476=LINE('',#12957,#8485);
#7477=LINE('',#12959,#8486);
#7478=LINE('',#12961,#8487);
#7479=LINE('',#12963,#8488);
#7480=LINE('',#12965,#8489);
#7481=LINE('',#12967,#8490);
#7482=LINE('',#12973,#8491);
#7483=LINE('',#12975,#8492);
#7484=LINE('',#12976,#8493);
#7485=LINE('',#12983,#8494);
#7486=LINE('',#12987,#8495);
#7487=LINE('',#12989,#8496);
#7488=LINE('',#12990,#8497);
#7489=LINE('',#12992,#8498);
#7490=LINE('',#12993,#8499);
#7491=LINE('',#12997,#8500);
#7492=LINE('',#12999,#8501);
#7493=LINE('',#13001,#8502);
#7494=LINE('',#13003,#8503);
#7495=LINE('',#13005,#8504);
#7496=LINE('',#13007,#8505);
#7497=LINE('',#13009,#8506);
#7498=LINE('',#13010,#8507);
#7499=LINE('',#13014,#8508);
#7500=LINE('',#13016,#8509);
#7501=LINE('',#13018,#8510);
#7502=LINE('',#13020,#8511);
#7503=LINE('',#13022,#8512);
#7504=LINE('',#13024,#8513);
#7505=LINE('',#13026,#8514);
#7506=LINE('',#13028,#8515);
#7507=LINE('',#13029,#8516);
#7508=LINE('',#13031,#8517);
#7509=LINE('',#13034,#8518);
#7510=LINE('',#13036,#8519);
#7511=LINE('',#13038,#8520);
#7512=LINE('',#13040,#8521);
#7513=LINE('',#13042,#8522);
#7514=LINE('',#13043,#8523);
#7515=LINE('',#13045,#8524);
#7516=LINE('',#13047,#8525);
#7517=LINE('',#13049,#8526);
#7518=LINE('',#13051,#8527);
#7519=LINE('',#13053,#8528);
#7520=LINE('',#13055,#8529);
#7521=LINE('',#13057,#8530);
#7522=LINE('',#13059,#8531);
#7523=LINE('',#13061,#8532);
#7524=LINE('',#13083,#8533);
#7525=LINE('',#13084,#8534);
#7526=LINE('',#13086,#8535);
#7527=LINE('',#13087,#8536);
#7528=LINE('',#13088,#8537);
#7529=LINE('',#13090,#8538);
#7530=LINE('',#13091,#8539);
#7531=LINE('',#13092,#8540);
#7532=LINE('',#13098,#8541);
#7533=LINE('',#13102,#8542);
#7534=LINE('',#13104,#8543);
#7535=LINE('',#13105,#8544);
#7536=LINE('',#13107,#8545);
#7537=LINE('',#13108,#8546);
#7538=LINE('',#13115,#8547);
#7539=LINE('',#13119,#8548);
#7540=LINE('',#13121,#8549);
#7541=LINE('',#13122,#8550);
#7542=LINE('',#13124,#8551);
#7543=LINE('',#13125,#8552);
#7544=LINE('',#13132,#8553);
#7545=LINE('',#13136,#8554);
#7546=LINE('',#13138,#8555);
#7547=LINE('',#13139,#8556);
#7548=LINE('',#13141,#8557);
#7549=LINE('',#13142,#8558);
#7550=LINE('',#13149,#8559);
#7551=LINE('',#13153,#8560);
#7552=LINE('',#13155,#8561);
#7553=LINE('',#13156,#8562);
#7554=LINE('',#13158,#8563);
#7555=LINE('',#13159,#8564);
#7556=LINE('',#13165,#8565);
#7557=LINE('',#13167,#8566);
#7558=LINE('',#13169,#8567);
#7559=LINE('',#13175,#8568);
#7560=LINE('',#13177,#8569);
#7561=LINE('',#13179,#8570);
#7562=LINE('',#13181,#8571);
#7563=LINE('',#13183,#8572);
#7564=LINE('',#13185,#8573);
#7565=LINE('',#13189,#8574);
#7566=LINE('',#13196,#8575);
#7567=LINE('',#13197,#8576);
#7568=LINE('',#13284,#8577);
#7569=LINE('',#13286,#8578);
#7570=LINE('',#13288,#8579);
#7571=LINE('',#13290,#8580);
#7572=LINE('',#13292,#8581);
#7573=LINE('',#13294,#8582);
#7574=LINE('',#13296,#8583);
#7575=LINE('',#13299,#8584);
#7576=LINE('',#13302,#8585);
#7577=LINE('',#13304,#8586);
#7578=LINE('',#13306,#8587);
#7579=LINE('',#13308,#8588);
#7580=LINE('',#13310,#8589);
#7581=LINE('',#13312,#8590);
#7582=LINE('',#13314,#8591);
#7583=LINE('',#13316,#8592);
#7584=LINE('',#13319,#8593);
#7585=LINE('',#13320,#8594);
#7586=LINE('',#13324,#8595);
#7587=LINE('',#13326,#8596);
#7588=LINE('',#13328,#8597);
#7589=LINE('',#13330,#8598);
#7590=LINE('',#13332,#8599);
#7591=LINE('',#13335,#8600);
#7592=LINE('',#13336,#8601);
#7593=LINE('',#13338,#8602);
#7594=LINE('',#13340,#8603);
#7595=LINE('',#13341,#8604);
#7596=LINE('',#13350,#8605);
#7597=LINE('',#13353,#8606);
#7598=LINE('',#13355,#8607);
#7599=LINE('',#13357,#8608);
#7600=LINE('',#13359,#8609);
#7601=LINE('',#13381,#8610);
#7602=LINE('',#13403,#8611);
#7603=LINE('',#13405,#8612);
#7604=LINE('',#13407,#8613);
#7605=LINE('',#13409,#8614);
#7606=LINE('',#13413,#8615);
#7607=LINE('',#13415,#8616);
#7608=LINE('',#13419,#8617);
#7609=LINE('',#13421,#8618);
#7610=LINE('',#13423,#8619);
#7611=LINE('',#13425,#8620);
#7612=LINE('',#13427,#8621);
#7613=LINE('',#13431,#8622);
#7614=LINE('',#13433,#8623);
#7615=LINE('',#13436,#8624);
#7616=LINE('',#13442,#8625);
#7617=LINE('',#13446,#8626);
#7618=LINE('',#13449,#8627);
#7619=LINE('',#13451,#8628);
#7620=LINE('',#13455,#8629);
#7621=LINE('',#13457,#8630);
#7622=LINE('',#13459,#8631);
#7623=LINE('',#13461,#8632);
#7624=LINE('',#13463,#8633);
#7625=LINE('',#13467,#8634);
#7626=LINE('',#13469,#8635);
#7627=LINE('',#13471,#8636);
#7628=LINE('',#13477,#8637);
#7629=LINE('',#13483,#8638);
#7630=LINE('',#13485,#8639);
#7631=LINE('',#13487,#8640);
#7632=LINE('',#13493,#8641);
#7633=LINE('',#13495,#8642);
#7634=LINE('',#13497,#8643);
#7635=LINE('',#13498,#8644);
#7636=LINE('',#13500,#8645);
#7637=LINE('',#13501,#8646);
#7638=LINE('',#13503,#8647);
#7639=LINE('',#13505,#8648);
#7640=LINE('',#13508,#8649);
#7641=LINE('',#13510,#8650);
#7642=LINE('',#13512,#8651);
#7643=LINE('',#13514,#8652);
#7644=LINE('',#13517,#8653);
#7645=LINE('',#13518,#8654);
#7646=LINE('',#13520,#8655);
#7647=LINE('',#13521,#8656);
#7648=LINE('',#13529,#8657);
#7649=LINE('',#13532,#8658);
#7650=LINE('',#13534,#8659);
#7651=LINE('',#13536,#8660);
#7652=LINE('',#13540,#8661);
#7653=LINE('',#13542,#8662);
#7654=LINE('',#13544,#8663);
#7655=LINE('',#13548,#8664);
#7656=LINE('',#13550,#8665);
#7657=LINE('',#13552,#8666);
#7658=LINE('',#13554,#8667);
#7659=LINE('',#13556,#8668);
#7660=LINE('',#13558,#8669);
#7661=LINE('',#13560,#8670);
#7662=LINE('',#13564,#8671);
#7663=LINE('',#13568,#8672);
#7664=LINE('',#13570,#8673);
#7665=LINE('',#13574,#8674);
#7666=LINE('',#13576,#8675);
#7667=LINE('',#13578,#8676);
#7668=LINE('',#13580,#8677);
#7669=LINE('',#13582,#8678);
#7670=LINE('',#13584,#8679);
#7671=LINE('',#13586,#8680);
#7672=LINE('',#13590,#8681);
#7673=LINE('',#13592,#8682);
#7674=LINE('',#13594,#8683);
#7675=LINE('',#13596,#8684);
#7676=LINE('',#13598,#8685);
#7677=LINE('',#13600,#8686);
#7678=LINE('',#13602,#8687);
#7679=LINE('',#13603,#8688);
#7680=LINE('',#13605,#8689);
#7681=LINE('',#13607,#8690);
#7682=LINE('',#13610,#8691);
#7683=LINE('',#13612,#8692);
#7684=LINE('',#13614,#8693);
#7685=LINE('',#13616,#8694);
#7686=LINE('',#13617,#8695);
#7687=LINE('',#13619,#8696);
#7688=LINE('',#13624,#8697);
#7689=LINE('',#13625,#8698);
#7690=LINE('',#13627,#8699);
#7691=LINE('',#13628,#8700);
#7692=LINE('',#13632,#8701);
#7693=LINE('',#13635,#8702);
#7694=LINE('',#13637,#8703);
#7695=LINE('',#13639,#8704);
#7696=LINE('',#13641,#8705);
#7697=LINE('',#13644,#8706);
#7698=LINE('',#13646,#8707);
#7699=LINE('',#13648,#8708);
#7700=LINE('',#13650,#8709);
#7701=LINE('',#13653,#8710);
#7702=LINE('',#13655,#8711);
#7703=LINE('',#13657,#8712);
#7704=LINE('',#13659,#8713);
#7705=LINE('',#13662,#8714);
#7706=LINE('',#13663,#8715);
#7707=LINE('',#13665,#8716);
#7708=LINE('',#13668,#8717);
#7709=LINE('',#13669,#8718);
#7710=LINE('',#13671,#8719);
#7711=LINE('',#13672,#8720);
#7712=LINE('',#13674,#8721);
#7713=LINE('',#13677,#8722);
#7714=LINE('',#13679,#8723);
#7715=LINE('',#13681,#8724);
#7716=LINE('',#13683,#8725);
#7717=LINE('',#13686,#8726);
#7718=LINE('',#13687,#8727);
#7719=LINE('',#13689,#8728);
#7720=LINE('',#13692,#8729);
#7721=LINE('',#13693,#8730);
#7722=LINE('',#13695,#8731);
#7723=LINE('',#13696,#8732);
#7724=LINE('',#13698,#8733);
#7725=LINE('',#13699,#8734);
#7726=LINE('',#13701,#8735);
#7727=LINE('',#13702,#8736);
#7728=LINE('',#13704,#8737);
#7729=LINE('',#13707,#8738);
#7730=LINE('',#13709,#8739);
#7731=LINE('',#13711,#8740);
#7732=LINE('',#13713,#8741);
#7733=LINE('',#13716,#8742);
#7734=LINE('',#13717,#8743);
#7735=LINE('',#13719,#8744);
#7736=LINE('',#13722,#8745);
#7737=LINE('',#13723,#8746);
#7738=LINE('',#13725,#8747);
#7739=LINE('',#13726,#8748);
#7740=LINE('',#13728,#8749);
#7741=LINE('',#13731,#8750);
#7742=LINE('',#13733,#8751);
#7743=LINE('',#13735,#8752);
#7744=LINE('',#13737,#8753);
#7745=LINE('',#13740,#8754);
#7746=LINE('',#13741,#8755);
#7747=LINE('',#13743,#8756);
#7748=LINE('',#13746,#8757);
#7749=LINE('',#13747,#8758);
#7750=LINE('',#13749,#8759);
#7751=LINE('',#13750,#8760);
#7752=LINE('',#13752,#8761);
#7753=LINE('',#13755,#8762);
#7754=LINE('',#13757,#8763);
#7755=LINE('',#13759,#8764);
#7756=LINE('',#13761,#8765);
#7757=LINE('',#13765,#8766);
#7758=LINE('',#13767,#8767);
#7759=LINE('',#13769,#8768);
#7760=LINE('',#13773,#8769);
#7761=LINE('',#13776,#8770);
#7762=LINE('',#13778,#8771);
#7763=LINE('',#13780,#8772);
#7764=LINE('',#13785,#8773);
#7765=LINE('',#13786,#8774);
#7766=LINE('',#13788,#8775);
#7767=LINE('',#13792,#8776);
#7768=LINE('',#13794,#8777);
#7769=LINE('',#13797,#8778);
#7770=LINE('',#13799,#8779);
#7771=LINE('',#13801,#8780);
#7772=LINE('',#13806,#8781);
#7773=LINE('',#13807,#8782);
#7774=LINE('',#13809,#8783);
#7775=LINE('',#13813,#8784);
#7776=LINE('',#13815,#8785);
#7777=LINE('',#13818,#8786);
#7778=LINE('',#13820,#8787);
#7779=LINE('',#13822,#8788);
#7780=LINE('',#13824,#8789);
#7781=LINE('',#13828,#8790);
#7782=LINE('',#13830,#8791);
#7783=LINE('',#13832,#8792);
#7784=LINE('',#13836,#8793);
#7785=LINE('',#13841,#8794);
#7786=LINE('',#13845,#8795);
#7787=LINE('',#13849,#8796);
#7788=LINE('',#13871,#8797);
#7789=LINE('',#13901,#8798);
#7790=LINE('',#13918,#8799);
#7791=LINE('',#13919,#8800);
#7792=LINE('',#13922,#8801);
#7793=LINE('',#13924,#8802);
#7794=LINE('',#13926,#8803);
#7795=LINE('',#13928,#8804);
#7796=LINE('',#13947,#8805);
#7797=LINE('',#13966,#8806);
#7798=LINE('',#13969,#8807);
#7799=LINE('',#13976,#8808);
#7800=LINE('',#13978,#8809);
#7801=LINE('',#13980,#8810);
#7802=LINE('',#13982,#8811);
#7803=LINE('',#13984,#8812);
#7804=LINE('',#13986,#8813);
#7805=LINE('',#13987,#8814);
#7806=LINE('',#13992,#8815);
#7807=LINE('',#13996,#8816);
#7808=LINE('',#14000,#8817);
#7809=LINE('',#14004,#8818);
#7810=LINE('',#14009,#8819);
#7811=LINE('',#14013,#8820);
#7812=LINE('',#14017,#8821);
#7813=LINE('',#14041,#8822);
#7814=LINE('',#14060,#8823);
#7815=LINE('',#14062,#8824);
#7816=LINE('',#14064,#8825);
#7817=LINE('',#14066,#8826);
#7818=LINE('',#14071,#8827);
#7819=LINE('',#14075,#8828);
#7820=LINE('',#14079,#8829);
#7821=LINE('',#14082,#8830);
#7822=LINE('',#14085,#8831);
#7823=LINE('',#14087,#8832);
#7824=LINE('',#14089,#8833);
#7825=LINE('',#14091,#8834);
#7826=LINE('',#14093,#8835);
#7827=LINE('',#14095,#8836);
#7828=LINE('',#14100,#8837);
#7829=LINE('',#14104,#8838);
#7830=LINE('',#14108,#8839);
#7831=LINE('',#14112,#8840);
#7832=LINE('',#14116,#8841);
#7833=LINE('',#14120,#8842);
#7834=LINE('',#14124,#8843);
#7835=LINE('',#14128,#8844);
#7836=LINE('',#14132,#8845);
#7837=LINE('',#14136,#8846);
#7838=LINE('',#14140,#8847);
#7839=LINE('',#14143,#8848);
#7840=LINE('',#14148,#8849);
#7841=LINE('',#14152,#8850);
#7842=LINE('',#14156,#8851);
#7843=LINE('',#14160,#8852);
#7844=LINE('',#14164,#8853);
#7845=LINE('',#14168,#8854);
#7846=LINE('',#14172,#8855);
#7847=LINE('',#14175,#8856);
#7848=LINE('',#14177,#8857);
#7849=LINE('',#14179,#8858);
#7850=LINE('',#14180,#8859);
#7851=LINE('',#14181,#8860);
#7852=LINE('',#14183,#8861);
#7853=LINE('',#14185,#8862);
#7854=LINE('',#14186,#8863);
#7855=LINE('',#14188,#8864);
#7856=LINE('',#14197,#8865);
#7857=LINE('',#14206,#8866);
#7858=LINE('',#14215,#8867);
#7859=LINE('',#14224,#8868);
#7860=LINE('',#14227,#8869);
#7861=LINE('',#14229,#8870);
#7862=LINE('',#14233,#8871);
#7863=LINE('',#14237,#8872);
#7864=LINE('',#14240,#8873);
#7865=LINE('',#14242,#8874);
#7866=LINE('',#14246,#8875);
#7867=LINE('',#14248,#8876);
#7868=LINE('',#14252,#8877);
#7869=LINE('',#14260,#8878);
#7870=LINE('',#14266,#8879);
#7871=LINE('',#14268,#8880);
#7872=LINE('',#14271,#8881);
#7873=LINE('',#14273,#8882);
#7874=LINE('',#14277,#8883);
#7875=LINE('',#14281,#8884);
#7876=LINE('',#14283,#8885);
#7877=LINE('',#14287,#8886);
#7878=LINE('',#14290,#8887);
#7879=LINE('',#14292,#8888);
#7880=LINE('',#14296,#8889);
#7881=LINE('',#14304,#8890);
#7882=LINE('',#14328,#8891);
#7883=LINE('',#14333,#8892);
#7884=LINE('',#14334,#8893);
#7885=LINE('',#14338,#8894);
#7886=LINE('',#14343,#8895);
#7887=LINE('',#14347,#8896);
#7888=LINE('',#14348,#8897);
#7889=LINE('',#14350,#8898);
#7890=LINE('',#14352,#8899);
#7891=LINE('',#14354,#8900);
#7892=LINE('',#14360,#8901);
#7893=LINE('',#14363,#8902);
#7894=LINE('',#14366,#8903);
#7895=LINE('',#14369,#8904);
#7896=LINE('',#14370,#8905);
#7897=LINE('',#14373,#8906);
#7898=LINE('',#14375,#8907);
#7899=LINE('',#14377,#8908);
#7900=LINE('',#14378,#8909);
#7901=LINE('',#14381,#8910);
#7902=LINE('',#14383,#8911);
#7903=LINE('',#14385,#8912);
#7904=LINE('',#14386,#8913);
#7905=LINE('',#14389,#8914);
#7906=LINE('',#14391,#8915);
#7907=LINE('',#14393,#8916);
#7908=LINE('',#14394,#8917);
#7909=LINE('',#14397,#8918);
#7910=LINE('',#14399,#8919);
#7911=LINE('',#14401,#8920);
#7912=LINE('',#14402,#8921);
#7913=LINE('',#14405,#8922);
#7914=LINE('',#14407,#8923);
#7915=LINE('',#14409,#8924);
#7916=LINE('',#14410,#8925);
#7917=LINE('',#14413,#8926);
#7918=LINE('',#14415,#8927);
#7919=LINE('',#14417,#8928);
#7920=LINE('',#14419,#8929);
#7921=LINE('',#14420,#8930);
#7922=LINE('',#14422,#8931);
#7923=LINE('',#14424,#8932);
#7924=LINE('',#14425,#8933);
#7925=LINE('',#14427,#8934);
#7926=LINE('',#14428,#8935);
#7927=LINE('',#14430,#8936);
#7928=LINE('',#14432,#8937);
#7929=LINE('',#14434,#8938);
#7930=LINE('',#14436,#8939);
#7931=LINE('',#14438,#8940);
#7932=LINE('',#14440,#8941);
#7933=LINE('',#14442,#8942);
#7934=LINE('',#14443,#8943);
#7935=LINE('',#14445,#8944);
#7936=LINE('',#14447,#8945);
#7937=LINE('',#14448,#8946);
#7938=LINE('',#14450,#8947);
#7939=LINE('',#14452,#8948);
#7940=LINE('',#14454,#8949);
#7941=LINE('',#14456,#8950);
#7942=LINE('',#14458,#8951);
#7943=LINE('',#14460,#8952);
#7944=LINE('',#14462,#8953);
#7945=LINE('',#14464,#8954);
#7946=LINE('',#14466,#8955);
#7947=LINE('',#14468,#8956);
#7948=LINE('',#14470,#8957);
#7949=LINE('',#14472,#8958);
#7950=LINE('',#14474,#8959);
#7951=LINE('',#14476,#8960);
#7952=LINE('',#14478,#8961);
#7953=LINE('',#14480,#8962);
#7954=LINE('',#14485,#8963);
#7955=LINE('',#14489,#8964);
#7956=LINE('',#14493,#8965);
#7957=LINE('',#14497,#8966);
#7958=LINE('',#14501,#8967);
#7959=LINE('',#14503,#8968);
#7960=LINE('',#14505,#8969);
#7961=LINE('',#14509,#8970);
#7962=LINE('',#14513,#8971);
#7963=LINE('',#14515,#8972);
#7964=LINE('',#14517,#8973);
#7965=LINE('',#14523,#8974);
#7966=LINE('',#14525,#8975);
#7967=LINE('',#14527,#8976);
#7968=LINE('',#14528,#8977);
#7969=LINE('',#14529,#8978);
#7970=LINE('',#14531,#8979);
#7971=LINE('',#14533,#8980);
#7972=LINE('',#14535,#8981);
#7973=LINE('',#14537,#8982);
#7974=LINE('',#14539,#8983);
#7975=LINE('',#14541,#8984);
#7976=LINE('',#14542,#8985);
#7977=LINE('',#14543,#8986);
#7978=LINE('',#14545,#8987);
#7979=LINE('',#14547,#8988);
#7980=LINE('',#14549,#8989);
#7981=LINE('',#14551,#8990);
#7982=LINE('',#14553,#8991);
#7983=LINE('',#14555,#8992);
#7984=LINE('',#14557,#8993);
#7985=LINE('',#14559,#8994);
#7986=LINE('',#14561,#8995);
#7987=LINE('',#14563,#8996);
#7988=LINE('',#14566,#8997);
#7989=LINE('',#14568,#8998);
#7990=LINE('',#14569,#8999);
#7991=LINE('',#14573,#9000);
#7992=LINE('',#14574,#9001);
#7993=LINE('',#14953,#9002);
#7994=LINE('',#14976,#9003);
#7995=LINE('',#14977,#9004);
#7996=LINE('',#14979,#9005);
#7997=LINE('',#14980,#9006);
#7998=LINE('',#14986,#9007);
#7999=LINE('',#14987,#9008);
#8000=LINE('',#14989,#9009);
#8001=LINE('',#14990,#9010);
#8002=LINE('',#14998,#9011);
#8003=LINE('',#15002,#9012);
#8004=LINE('',#15003,#9013);
#8005=LINE('',#15005,#9014);
#8006=LINE('',#15006,#9015);
#8007=LINE('',#15008,#9016);
#8008=LINE('',#15009,#9017);
#8009=LINE('',#15011,#9018);
#8010=LINE('',#15012,#9019);
#8011=LINE('',#15018,#9020);
#8012=LINE('',#15020,#9021);
#8013=LINE('',#15022,#9022);
#8014=LINE('',#15024,#9023);
#8015=LINE('',#15026,#9024);
#8016=LINE('',#15028,#9025);
#8017=LINE('',#15030,#9026);
#8018=LINE('',#15032,#9027);
#8019=LINE('',#15034,#9028);
#8020=LINE('',#15036,#9029);
#8021=LINE('',#15038,#9030);
#8022=LINE('',#15040,#9031);
#8023=LINE('',#15043,#9032);
#8024=LINE('',#15050,#9033);
#8025=LINE('',#15055,#9035);
#8026=LINE('',#15057,#9036);
#8027=LINE('',#15076,#9037);
#8028=LINE('',#15093,#9039);
#8029=LINE('',#15095,#9040);
#8030=LINE('',#15097,#9041);
#8031=LINE('',#15099,#9042);
#8032=LINE('',#15101,#9043);
#8033=LINE('',#15103,#9044);
#8034=LINE('',#15134,#9046);
#8035=LINE('',#15137,#9047);
#8036=LINE('',#15139,#9048);
#8037=LINE('',#15141,#9049);
#8038=LINE('',#15143,#9050);
#8039=LINE('',#15145,#9051);
#8040=LINE('',#15147,#9052);
#8041=LINE('',#15149,#9053);
#8042=LINE('',#15151,#9054);
#8043=LINE('',#15153,#9055);
#8044=LINE('',#15160,#9056);
#8045=LINE('',#15165,#9058);
#8046=LINE('',#15167,#9059);
#8047=LINE('',#15169,#9060);
#8048=LINE('',#15171,#9061);
#8049=LINE('',#15173,#9062);
#8050=LINE('',#15175,#9063);
#8051=LINE('',#15177,#9064);
#8052=LINE('',#15179,#9065);
#8053=LINE('',#15181,#9066);
#8054=LINE('',#15183,#9067);
#8055=LINE('',#15185,#9068);
#8056=LINE('',#15187,#9069);
#8057=LINE('',#15189,#9070);
#8058=LINE('',#15191,#9071);
#8059=LINE('',#15192,#9072);
#8060=LINE('',#15196,#9073);
#8061=LINE('',#15203,#9074);
#8062=LINE('',#15208,#9076);
#8063=LINE('',#15210,#9077);
#8064=LINE('',#15225,#9078);
#8065=LINE('',#15253,#9080);
#8066=LINE('',#15268,#9082);
#8067=LINE('',#15270,#9083);
#8068=LINE('',#15287,#9084);
#8069=LINE('',#15302,#9086);
#8070=LINE('',#15304,#9087);
#8071=LINE('',#15331,#9089);
#8072=LINE('',#15333,#9090);
#8073=LINE('',#15335,#9091);
#8074=LINE('',#15337,#9092);
#8075=LINE('',#15371,#9094);
#8076=LINE('',#15373,#9095);
#8077=LINE('',#15375,#9096);
#8078=LINE('',#15409,#9098);
#8079=LINE('',#15411,#9099);
#8080=LINE('',#15413,#9100);
#8081=LINE('',#15415,#9101);
#8082=LINE('',#15417,#9102);
#8083=LINE('',#15419,#9103);
#8084=LINE('',#15421,#9104);
#8085=LINE('',#15424,#9105);
#8086=LINE('',#15427,#9106);
#8087=LINE('',#15429,#9107);
#8088=LINE('',#15431,#9108);
#8089=LINE('',#15433,#9109);
#8090=LINE('',#15434,#9110);
#8091=LINE('',#15436,#9111);
#8092=LINE('',#15437,#9112);
#8093=LINE('',#15441,#9113);
#8094=LINE('',#15444,#9114);
#8095=LINE('',#15446,#9115);
#8096=LINE('',#15448,#9116);
#8097=LINE('',#15450,#9117);
#8098=LINE('',#15451,#9118);
#8099=LINE('',#15453,#9119);
#8100=LINE('',#15454,#9120);
#8101=LINE('',#15458,#9121);
#8102=LINE('',#15461,#9122);
#8103=LINE('',#15463,#9123);
#8104=LINE('',#15465,#9124);
#8105=LINE('',#15467,#9125);
#8106=LINE('',#15468,#9126);
#8107=LINE('',#15470,#9127);
#8108=LINE('',#15471,#9128);
#8109=LINE('',#15475,#9129);
#8110=LINE('',#15478,#9130);
#8111=LINE('',#15480,#9131);
#8112=LINE('',#15482,#9132);
#8113=LINE('',#15484,#9133);
#8114=LINE('',#15485,#9134);
#8115=LINE('',#15487,#9135);
#8116=LINE('',#15488,#9136);
#8117=LINE('',#15492,#9137);
#8118=LINE('',#15495,#9138);
#8119=LINE('',#15497,#9139);
#8120=LINE('',#15499,#9140);
#8121=LINE('',#15501,#9141);
#8122=LINE('',#15502,#9142);
#8123=LINE('',#15504,#9143);
#8124=LINE('',#15505,#9144);
#8125=LINE('',#15509,#9145);
#8126=LINE('',#15512,#9146);
#8127=LINE('',#15514,#9147);
#8128=LINE('',#15516,#9148);
#8129=LINE('',#15518,#9149);
#8130=LINE('',#15519,#9150);
#8131=LINE('',#15521,#9151);
#8132=LINE('',#15522,#9152);
#8133=LINE('',#15526,#9153);
#8134=LINE('',#15529,#9154);
#8135=LINE('',#15531,#9155);
#8136=LINE('',#15533,#9156);
#8137=LINE('',#15537,#9157);
#8138=LINE('',#15539,#9158);
#8139=LINE('',#15541,#9159);
#8140=LINE('',#15543,#9160);
#8141=LINE('',#15545,#9161);
#8142=LINE('',#15549,#9162);
#8143=LINE('',#15551,#9163);
#8144=LINE('',#15553,#9164);
#8145=LINE('',#15555,#9165);
#8146=LINE('',#15557,#9166);
#8147=LINE('',#15559,#9167);
#8148=LINE('',#15561,#9168);
#8149=LINE('',#15563,#9169);
#8150=LINE('',#15565,#9170);
#8151=LINE('',#15569,#9171);
#8152=LINE('',#15571,#9172);
#8153=LINE('',#15573,#9173);
#8154=LINE('',#15577,#9174);
#8155=LINE('',#15579,#9175);
#8156=LINE('',#15581,#9176);
#8157=LINE('',#15583,#9177);
#8158=LINE('',#15587,#9178);
#8159=LINE('',#15589,#9179);
#8160=LINE('',#15591,#9180);
#8161=LINE('',#15593,#9181);
#8162=LINE('',#15595,#9182);
#8163=LINE('',#15597,#9183);
#8164=LINE('',#15599,#9184);
#8165=LINE('',#15601,#9185);
#8166=LINE('',#15603,#9186);
#8167=LINE('',#15607,#9187);
#8168=LINE('',#15609,#9188);
#8169=LINE('',#15611,#9189);
#8170=LINE('',#15613,#9190);
#8171=LINE('',#15615,#9191);
#8172=LINE('',#15617,#9192);
#8173=LINE('',#15619,#9193);
#8174=LINE('',#15620,#9194);
#8175=LINE('',#15622,#9195);
#8176=LINE('',#15623,#9196);
#8177=LINE('',#15625,#9197);
#8178=LINE('',#15627,#9198);
#8179=LINE('',#15629,#9199);
#8180=LINE('',#15631,#9200);
#8181=LINE('',#15634,#9201);
#8182=LINE('',#15636,#9202);
#8183=LINE('',#15638,#9203);
#8184=LINE('',#15640,#9204);
#8185=LINE('',#15641,#9205);
#8186=LINE('',#15643,#9206);
#8187=LINE('',#15645,#9207);
#8188=LINE('',#15647,#9208);
#8189=LINE('',#15649,#9209);
#8190=LINE('',#15650,#9210);
#8191=LINE('',#15653,#9211);
#8192=LINE('',#15656,#9212);
#8193=LINE('',#15659,#9213);
#8194=LINE('',#15660,#9214);
#8195=LINE('',#15662,#9215);
#8196=LINE('',#15663,#9216);
#8197=LINE('',#15669,#9217);
#8198=LINE('',#15672,#9218);
#8199=LINE('',#15674,#9219);
#8200=LINE('',#15676,#9220);
#8201=LINE('',#15680,#9221);
#8202=LINE('',#15684,#9222);
#8203=LINE('',#15686,#9223);
#8204=LINE('',#15688,#9224);
#8205=LINE('',#15690,#9225);
#8206=LINE('',#15692,#9226);
#8207=LINE('',#15696,#9227);
#8208=LINE('',#15698,#9228);
#8209=LINE('',#15702,#9229);
#8210=LINE('',#15706,#9230);
#8211=LINE('',#15707,#9231);
#8212=LINE('',#15709,#9232);
#8213=LINE('',#15711,#9233);
#8214=LINE('',#15713,#9234);
#8215=LINE('',#15717,#9235);
#8216=LINE('',#15719,#9236);
#8217=LINE('',#15721,#9237);
#8218=LINE('',#15723,#9238);
#8219=LINE('',#15725,#9239);
#8220=LINE('',#15727,#9240);
#8221=LINE('',#15729,#9241);
#8222=LINE('',#15731,#9242);
#8223=LINE('',#15733,#9243);
#8224=LINE('',#15735,#9244);
#8225=LINE('',#15737,#9245);
#8226=LINE('',#15741,#9246);
#8227=LINE('',#15743,#9247);
#8228=LINE('',#15745,#9248);
#8229=LINE('',#15749,#9249);
#8230=LINE('',#15751,#9250);
#8231=LINE('',#15753,#9251);
#8232=LINE('',#15755,#9252);
#8233=LINE('',#15759,#9253);
#8234=LINE('',#15761,#9254);
#8235=LINE('',#15763,#9255);
#8236=LINE('',#15765,#9256);
#8237=LINE('',#15767,#9257);
#8238=LINE('',#15769,#9258);
#8239=LINE('',#15771,#9259);
#8240=LINE('',#15773,#9260);
#8241=LINE('',#15775,#9261);
#8242=LINE('',#15777,#9262);
#8243=LINE('',#15779,#9263);
#8244=LINE('',#15783,#9264);
#8245=LINE('',#15785,#9265);
#8246=LINE('',#15787,#9266);
#8247=LINE('',#15789,#9267);
#8248=LINE('',#15790,#9268);
#8249=LINE('',#15794,#9269);
#8250=LINE('',#15798,#9270);
#8251=LINE('',#15800,#9271);
#8252=LINE('',#15802,#9272);
#8253=LINE('',#15804,#9273);
#8254=LINE('',#15806,#9274);
#8255=LINE('',#15810,#9275);
#8256=LINE('',#15814,#9276);
#8257=LINE('',#15816,#9277);
#8258=LINE('',#15818,#9278);
#8259=LINE('',#15820,#9279);
#8260=LINE('',#15824,#9280);
#8261=LINE('',#15832,#9281);
#8262=LINE('',#15833,#9282);
#8263=LINE('',#15835,#9283);
#8264=LINE('',#15837,#9284);
#8265=LINE('',#15839,#9285);
#8266=LINE('',#15840,#9286);
#8267=LINE('',#15842,#9287);
#8268=LINE('',#15843,#9288);
#8269=LINE('',#15845,#9289);
#8270=LINE('',#15846,#9290);
#8271=LINE('',#15848,#9291);
#8272=LINE('',#15850,#9292);
#8273=LINE('',#15852,#9293);
#8274=LINE('',#15854,#9294);
#8275=LINE('',#15857,#9295);
#8276=LINE('',#15859,#9296);
#8277=LINE('',#15861,#9297);
#8278=LINE('',#15863,#9298);
#8279=LINE('',#15866,#9299);
#8280=LINE('',#15867,#9300);
#8281=LINE('',#15869,#9301);
#8282=LINE('',#15872,#9302);
#8283=LINE('',#15884,#9303);
#8284=LINE('',#15885,#9304);
#8285=LINE('',#15887,#9305);
#8286=LINE('',#15888,#9306);
#8287=LINE('',#15892,#9307);
#8288=LINE('',#15895,#9308);
#8289=LINE('',#15897,#9309);
#8290=LINE('',#15899,#9310);
#8291=LINE('',#15903,#9311);
#8292=LINE('',#15905,#9312);
#8293=LINE('',#15907,#9313);
#8294=LINE('',#15909,#9314);
#8295=LINE('',#15911,#9315);
#8296=LINE('',#15915,#9316);
#8297=LINE('',#15917,#9317);
#8298=LINE('',#15919,#9318);
#8299=LINE('',#15921,#9319);
#8300=LINE('',#15923,#9320);
#8301=LINE('',#15925,#9321);
#8302=LINE('',#15927,#9322);
#8303=LINE('',#15929,#9323);
#8304=LINE('',#15931,#9324);
#8305=LINE('',#15935,#9325);
#8306=LINE('',#15937,#9326);
#8307=LINE('',#15939,#9327);
#8308=LINE('',#15943,#9328);
#8309=LINE('',#15945,#9329);
#8310=LINE('',#15947,#9330);
#8311=LINE('',#15949,#9331);
#8312=LINE('',#15953,#9332);
#8313=LINE('',#15955,#9333);
#8314=LINE('',#15957,#9334);
#8315=LINE('',#15959,#9335);
#8316=LINE('',#15961,#9336);
#8317=LINE('',#15963,#9337);
#8318=LINE('',#15965,#9338);
#8319=LINE('',#15967,#9339);
#8320=LINE('',#15969,#9340);
#8321=LINE('',#15973,#9341);
#8322=LINE('',#15975,#9342);
#8323=LINE('',#15977,#9343);
#8324=LINE('',#15979,#9344);
#8325=LINE('',#15981,#9345);
#8326=LINE('',#15983,#9346);
#8327=LINE('',#15985,#9347);
#8328=LINE('',#15986,#9348);
#8329=LINE('',#15988,#9349);
#8330=LINE('',#15989,#9350);
#8331=LINE('',#15991,#9351);
#8332=LINE('',#15993,#9352);
#8333=LINE('',#15995,#9353);
#8334=LINE('',#15997,#9354);
#8335=LINE('',#16000,#9355);
#8336=LINE('',#16002,#9356);
#8337=LINE('',#16004,#9357);
#8338=LINE('',#16006,#9358);
#8339=LINE('',#16007,#9359);
#8340=LINE('',#16009,#9360);
#8341=LINE('',#16011,#9361);
#8342=LINE('',#16013,#9362);
#8343=LINE('',#16015,#9363);
#8344=LINE('',#16016,#9364);
#8345=LINE('',#16019,#9365);
#8346=LINE('',#16022,#9366);
#8347=LINE('',#16025,#9367);
#8348=LINE('',#16026,#9368);
#8349=LINE('',#16028,#9369);
#8350=LINE('',#16029,#9370);
#8351=VECTOR('',#10118,1.);
#8352=VECTOR('',#10119,1.);
#8353=VECTOR('',#10122,1.);
#8354=VECTOR('',#10123,1.);
#8355=VECTOR('',#10126,1.);
#8356=VECTOR('',#10127,1.);
#8357=VECTOR('',#10130,1.);
#8358=VECTOR('',#10131,1.);
#8359=VECTOR('',#10134,1.);
#8360=VECTOR('',#10135,1.);
#8361=VECTOR('',#10136,1.);
#8362=VECTOR('',#10137,1.);
#8363=VECTOR('',#10138,1.);
#8364=VECTOR('',#10139,1.);
#8365=VECTOR('',#10140,1.);
#8366=VECTOR('',#10141,1.);
#8367=VECTOR('',#10142,1.);
#8368=VECTOR('',#10143,1.);
#8369=VECTOR('',#10144,1.);
#8370=VECTOR('',#10145,1.);
#8371=VECTOR('',#10146,1.);
#8372=VECTOR('',#10147,1.);
#8373=VECTOR('',#10148,1.);
#8374=VECTOR('',#10149,1.);
#8375=VECTOR('',#10150,1.);
#8376=VECTOR('',#10151,1.);
#8377=VECTOR('',#10152,1.);
#8378=VECTOR('',#10153,1.);
#8379=VECTOR('',#10154,1.);
#8380=VECTOR('',#10155,1.);
#8381=VECTOR('',#10156,1.);
#8382=VECTOR('',#10157,1.);
#8383=VECTOR('',#10158,1.);
#8384=VECTOR('',#10159,1.);
#8385=VECTOR('',#10160,1.);
#8386=VECTOR('',#10161,1.);
#8387=VECTOR('',#10162,1.);
#8388=VECTOR('',#10163,1.);
#8389=VECTOR('',#10164,1.);
#8390=VECTOR('',#10167,1.);
#8391=VECTOR('',#10170,1.);
#8392=VECTOR('',#10171,1.);
#8393=VECTOR('',#10172,1.);
#8394=VECTOR('',#10175,1.);
#8395=VECTOR('',#10176,1.);
#8396=VECTOR('',#10177,1.);
#8397=VECTOR('',#10178,1.);
#8398=VECTOR('',#10179,1.);
#8399=VECTOR('',#10180,1.);
#8400=VECTOR('',#10181,1.);
#8401=VECTOR('',#10182,1.);
#8402=VECTOR('',#10183,1.);
#8403=VECTOR('',#10184,1.);
#8404=VECTOR('',#10185,1.);
#8405=VECTOR('',#10186,1.);
#8406=VECTOR('',#10189,1.);
#8407=VECTOR('',#10190,1.);
#8408=VECTOR('',#10191,1.);
#8409=VECTOR('',#10192,1.);
#8410=VECTOR('',#10193,1.);
#8411=VECTOR('',#10194,1.);
#8412=VECTOR('',#10195,1.);
#8413=VECTOR('',#10196,1.);
#8414=VECTOR('',#10197,1.);
#8415=VECTOR('',#10198,1.);
#8416=VECTOR('',#10199,1.);
#8417=VECTOR('',#10200,1.);
#8418=VECTOR('',#10201,1.);
#8419=VECTOR('',#10202,1.);
#8420=VECTOR('',#10203,1.);
#8421=VECTOR('',#10204,1.);
#8422=VECTOR('',#10205,1.);
#8423=VECTOR('',#10206,1.);
#8424=VECTOR('',#10209,1.);
#8425=VECTOR('',#10210,1.);
#8426=VECTOR('',#10211,1.);
#8427=VECTOR('',#10212,1.);
#8428=VECTOR('',#10213,1.);
#8429=VECTOR('',#10214,1.);
#8430=VECTOR('',#10215,1.);
#8431=VECTOR('',#10216,1.);
#8432=VECTOR('',#10217,1.);
#8433=VECTOR('',#10218,1.);
#8434=VECTOR('',#10219,1.);
#8435=VECTOR('',#10220,1.);
#8436=VECTOR('',#10221,1.);
#8437=VECTOR('',#10222,1.);
#8438=VECTOR('',#10223,1.);
#8439=VECTOR('',#10224,1.);
#8440=VECTOR('',#10225,1.);
#8441=VECTOR('',#10226,1.);
#8442=VECTOR('',#10229,1.);
#8443=VECTOR('',#10230,1.);
#8444=VECTOR('',#10241,1.);
#8445=VECTOR('',#10248,1.);
#8446=VECTOR('',#10251,1.);
#8447=VECTOR('',#10260,1.);
#8448=VECTOR('',#10295,1.);
#8449=VECTOR('',#10296,1.);
#8450=VECTOR('',#10297,1.);
#8451=VECTOR('',#10298,1.);
#8452=VECTOR('',#10299,1.);
#8453=VECTOR('',#10300,1.);
#8454=VECTOR('',#10303,1.);
#8455=VECTOR('',#10304,1.);
#8456=VECTOR('',#10305,1.);
#8457=VECTOR('',#10306,1.);
#8458=VECTOR('',#10307,1.);
#8459=VECTOR('',#10308,1.);
#8460=VECTOR('',#10317,1.);
#8461=VECTOR('',#10318,1.);
#8462=VECTOR('',#10319,1.);
#8463=VECTOR('',#10320,1.);
#8464=VECTOR('',#10321,1.);
#8465=VECTOR('',#10322,1.);
#8466=VECTOR('',#10323,1.);
#8467=VECTOR('',#10324,1.);
#8468=VECTOR('',#10325,1.);
#8469=VECTOR('',#10326,1.);
#8470=VECTOR('',#10329,1.);
#8471=VECTOR('',#10330,1.);
#8472=VECTOR('',#10331,1.);
#8473=VECTOR('',#10332,1.);
#8474=VECTOR('',#10333,1.);
#8475=VECTOR('',#10334,1.);
#8476=VECTOR('',#10337,1.);
#8477=VECTOR('',#10338,1.);
#8478=VECTOR('',#10339,1.);
#8479=VECTOR('',#10340,1.);
#8480=VECTOR('',#10343,1.);
#8481=VECTOR('',#10344,1.);
#8482=VECTOR('',#10345,1.);
#8483=VECTOR('',#10346,1.);
#8484=VECTOR('',#10353,1.);
#8485=VECTOR('',#10358,1.);
#8486=VECTOR('',#10359,1.);
#8487=VECTOR('',#10360,1.);
#8488=VECTOR('',#10363,1.);
#8489=VECTOR('',#10364,1.);
#8490=VECTOR('',#10365,1.);
#8491=VECTOR('',#10372,1.);
#8492=VECTOR('',#10375,1.);
#8493=VECTOR('',#10376,1.);
#8494=VECTOR('',#10385,1.);
#8495=VECTOR('',#10388,1.);
#8496=VECTOR('',#10391,1.);
#8497=VECTOR('',#10392,1.);
#8498=VECTOR('',#10395,1.);
#8499=VECTOR('',#10396,1.);
#8500=VECTOR('',#10403,1.);
#8501=VECTOR('',#10404,1.);
#8502=VECTOR('',#10405,1.);
#8503=VECTOR('',#10408,1.);
#8504=VECTOR('',#10409,1.);
#8505=VECTOR('',#10410,1.);
#8506=VECTOR('',#10413,1.);
#8507=VECTOR('',#10414,1.);
#8508=VECTOR('',#10421,1.);
#8509=VECTOR('',#10422,1.);
#8510=VECTOR('',#10423,1.);
#8511=VECTOR('',#10424,1.);
#8512=VECTOR('',#10427,1.);
#8513=VECTOR('',#10428,1.);
#8514=VECTOR('',#10429,1.);
#8515=VECTOR('',#10432,1.);
#8516=VECTOR('',#10433,1.);
#8517=VECTOR('',#10436,1.);
#8518=VECTOR('',#10441,1.);
#8519=VECTOR('',#10442,1.);
#8520=VECTOR('',#10443,1.);
#8521=VECTOR('',#10446,1.);
#8522=VECTOR('',#10449,1.);
#8523=VECTOR('',#10450,1.);
#8524=VECTOR('',#10451,1.);
#8525=VECTOR('',#10452,1.);
#8526=VECTOR('',#10455,1.);
#8527=VECTOR('',#10458,1.);
#8528=VECTOR('',#10459,1.);
#8529=VECTOR('',#10460,1.);
#8530=VECTOR('',#10463,1.);
#8531=VECTOR('',#10464,1.);
#8532=VECTOR('',#10465,1.);
#8533=VECTOR('',#10508,1.);
#8534=VECTOR('',#10509,1.);
#8535=VECTOR('',#10512,1.);
#8536=VECTOR('',#10513,1.);
#8537=VECTOR('',#10514,1.);
#8538=VECTOR('',#10517,1.);
#8539=VECTOR('',#10518,1.);
#8540=VECTOR('',#10519,1.);
#8541=VECTOR('',#10526,1.);
#8542=VECTOR('',#10529,1.);
#8543=VECTOR('',#10532,1.);
#8544=VECTOR('',#10533,1.);
#8545=VECTOR('',#10536,1.);
#8546=VECTOR('',#10537,1.);
#8547=VECTOR('',#10546,1.);
#8548=VECTOR('',#10549,1.);
#8549=VECTOR('',#10552,1.);
#8550=VECTOR('',#10553,1.);
#8551=VECTOR('',#10556,1.);
#8552=VECTOR('',#10557,1.);
#8553=VECTOR('',#10566,1.);
#8554=VECTOR('',#10569,1.);
#8555=VECTOR('',#10572,1.);
#8556=VECTOR('',#10573,1.);
#8557=VECTOR('',#10576,1.);
#8558=VECTOR('',#10577,1.);
#8559=VECTOR('',#10586,1.);
#8560=VECTOR('',#10589,1.);
#8561=VECTOR('',#10592,1.);
#8562=VECTOR('',#10593,1.);
#8563=VECTOR('',#10596,1.);
#8564=VECTOR('',#10597,1.);
#8565=VECTOR('',#10606,1.);
#8566=VECTOR('',#10607,1.);
#8567=VECTOR('',#10610,1.);
#8568=VECTOR('',#10617,1.);
#8569=VECTOR('',#10618,1.);
#8570=VECTOR('',#10619,1.);
#8571=VECTOR('',#10620,1.);
#8572=VECTOR('',#10623,1.);
#8573=VECTOR('',#10624,1.);
#8574=VECTOR('',#10627,1.);
#8575=VECTOR('',#10634,1.);
#8576=VECTOR('',#10635,1.);
#8577=VECTOR('',#10700,1.);
#8578=VECTOR('',#10701,1.);
#8579=VECTOR('',#10704,1.);
#8580=VECTOR('',#10707,1.);
#8581=VECTOR('',#10708,1.);
#8582=VECTOR('',#10711,1.);
#8583=VECTOR('',#10714,1.);
#8584=VECTOR('',#10719,1.);
#8585=VECTOR('',#10724,1.);
#8586=VECTOR('',#10725,1.);
#8587=VECTOR('',#10726,1.);
#8588=VECTOR('',#10729,1.);
#8589=VECTOR('',#10730,1.);
#8590=VECTOR('',#10733,1.);
#8591=VECTOR('',#10734,1.);
#8592=VECTOR('',#10737,1.);
#8593=VECTOR('',#10742,1.);
#8594=VECTOR('',#10743,1.);
#8595=VECTOR('',#10750,1.);
#8596=VECTOR('',#10751,1.);
#8597=VECTOR('',#10754,1.);
#8598=VECTOR('',#10755,1.);
#8599=VECTOR('',#10758,1.);
#8600=VECTOR('',#10759,1.);
#8601=VECTOR('',#10760,1.);
#8602=VECTOR('',#10763,1.);
#8603=VECTOR('',#10766,1.);
#8604=VECTOR('',#10767,1.);
#8605=VECTOR('',#10784,1.);
#8606=VECTOR('',#10785,1.);
#8607=VECTOR('',#10786,1.);
#8608=VECTOR('',#10787,1.);
#8609=VECTOR('',#10788,1.);
#8610=VECTOR('',#10789,1.);
#8611=VECTOR('',#10790,1.);
#8612=VECTOR('',#10791,1.);
#8613=VECTOR('',#10792,1.);
#8614=VECTOR('',#10793,1.);
#8615=VECTOR('',#10798,1.);
#8616=VECTOR('',#10799,1.);
#8617=VECTOR('',#10802,1.);
#8618=VECTOR('',#10803,1.);
#8619=VECTOR('',#10804,1.);
#8620=VECTOR('',#10805,1.);
#8621=VECTOR('',#10806,1.);
#8622=VECTOR('',#10809,1.);
#8623=VECTOR('',#10810,1.);
#8624=VECTOR('',#10813,1.);
#8625=VECTOR('',#10820,1.);
#8626=VECTOR('',#10823,1.);
#8627=VECTOR('',#10826,1.);
#8628=VECTOR('',#10827,1.);
#8629=VECTOR('',#10830,1.);
#8630=VECTOR('',#10831,1.);
#8631=VECTOR('',#10832,1.);
#8632=VECTOR('',#10833,1.);
#8633=VECTOR('',#10834,1.);
#8634=VECTOR('',#10837,1.);
#8635=VECTOR('',#10840,1.);
#8636=VECTOR('',#10843,1.);
#8637=VECTOR('',#10850,1.);
#8638=VECTOR('',#10857,1.);
#8639=VECTOR('',#10860,1.);
#8640=VECTOR('',#10863,1.);
#8641=VECTOR('',#10874,1.);
#8642=VECTOR('',#10877,1.);
#8643=VECTOR('',#10880,1.);
#8644=VECTOR('',#10881,1.);
#8645=VECTOR('',#10884,1.);
#8646=VECTOR('',#10885,1.);
#8647=VECTOR('',#10888,1.);
#8648=VECTOR('',#10891,1.);
#8649=VECTOR('',#10892,1.);
#8650=VECTOR('',#10893,1.);
#8651=VECTOR('',#10894,1.);
#8652=VECTOR('',#10897,1.);
#8653=VECTOR('',#10902,1.);
#8654=VECTOR('',#10903,1.);
#8655=VECTOR('',#10906,1.);
#8656=VECTOR('',#10907,1.);
#8657=VECTOR('',#10922,1.);
#8658=VECTOR('',#10923,1.);
#8659=VECTOR('',#10924,1.);
#8660=VECTOR('',#10925,1.);
#8661=VECTOR('',#10930,1.);
#8662=VECTOR('',#10931,1.);
#8663=VECTOR('',#10932,1.);
#8664=VECTOR('',#10935,1.);
#8665=VECTOR('',#10936,1.);
#8666=VECTOR('',#10937,1.);
#8667=VECTOR('',#10938,1.);
#8668=VECTOR('',#10939,1.);
#8669=VECTOR('',#10940,1.);
#8670=VECTOR('',#10941,1.);
#8671=VECTOR('',#10944,1.);
#8672=VECTOR('',#10949,1.);
#8673=VECTOR('',#10950,1.);
#8674=VECTOR('',#10953,1.);
#8675=VECTOR('',#10954,1.);
#8676=VECTOR('',#10955,1.);
#8677=VECTOR('',#10956,1.);
#8678=VECTOR('',#10957,1.);
#8679=VECTOR('',#10958,1.);
#8680=VECTOR('',#10959,1.);
#8681=VECTOR('',#10962,1.);
#8682=VECTOR('',#10963,1.);
#8683=VECTOR('',#10966,1.);
#8684=VECTOR('',#10969,1.);
#8685=VECTOR('',#10972,1.);
#8686=VECTOR('',#10975,1.);
#8687=VECTOR('',#10978,1.);
#8688=VECTOR('',#10979,1.);
#8689=VECTOR('',#10982,1.);
#8690=VECTOR('',#10985,1.);
#8691=VECTOR('',#10986,1.);
#8692=VECTOR('',#10987,1.);
#8693=VECTOR('',#10988,1.);
#8694=VECTOR('',#10991,1.);
#8695=VECTOR('',#10992,1.);
#8696=VECTOR('',#10995,1.);
#8697=VECTOR('',#11004,1.);
#8698=VECTOR('',#11005,1.);
#8699=VECTOR('',#11008,1.);
#8700=VECTOR('',#11009,1.);
#8701=VECTOR('',#11016,1.);
#8702=VECTOR('',#11017,1.);
#8703=VECTOR('',#11018,1.);
#8704=VECTOR('',#11019,1.);
#8705=VECTOR('',#11022,1.);
#8706=VECTOR('',#11023,1.);
#8707=VECTOR('',#11024,1.);
#8708=VECTOR('',#11025,1.);
#8709=VECTOR('',#11028,1.);
#8710=VECTOR('',#11029,1.);
#8711=VECTOR('',#11030,1.);
#8712=VECTOR('',#11031,1.);
#8713=VECTOR('',#11034,1.);
#8714=VECTOR('',#11035,1.);
#8715=VECTOR('',#11036,1.);
#8716=VECTOR('',#11039,1.);
#8717=VECTOR('',#11040,1.);
#8718=VECTOR('',#11041,1.);
#8719=VECTOR('',#11044,1.);
#8720=VECTOR('',#11045,1.);
#8721=VECTOR('',#11048,1.);
#8722=VECTOR('',#11049,1.);
#8723=VECTOR('',#11050,1.);
#8724=VECTOR('',#11051,1.);
#8725=VECTOR('',#11054,1.);
#8726=VECTOR('',#11055,1.);
#8727=VECTOR('',#11056,1.);
#8728=VECTOR('',#11059,1.);
#8729=VECTOR('',#11060,1.);
#8730=VECTOR('',#11061,1.);
#8731=VECTOR('',#11064,1.);
#8732=VECTOR('',#11065,1.);
#8733=VECTOR('',#11068,1.);
#8734=VECTOR('',#11069,1.);
#8735=VECTOR('',#11072,1.);
#8736=VECTOR('',#11073,1.);
#8737=VECTOR('',#11076,1.);
#8738=VECTOR('',#11077,1.);
#8739=VECTOR('',#11078,1.);
#8740=VECTOR('',#11079,1.);
#8741=VECTOR('',#11082,1.);
#8742=VECTOR('',#11083,1.);
#8743=VECTOR('',#11084,1.);
#8744=VECTOR('',#11087,1.);
#8745=VECTOR('',#11088,1.);
#8746=VECTOR('',#11089,1.);
#8747=VECTOR('',#11092,1.);
#8748=VECTOR('',#11093,1.);
#8749=VECTOR('',#11096,1.);
#8750=VECTOR('',#11097,1.);
#8751=VECTOR('',#11098,1.);
#8752=VECTOR('',#11099,1.);
#8753=VECTOR('',#11102,1.);
#8754=VECTOR('',#11103,1.);
#8755=VECTOR('',#11104,1.);
#8756=VECTOR('',#11107,1.);
#8757=VECTOR('',#11108,1.);
#8758=VECTOR('',#11109,1.);
#8759=VECTOR('',#11112,1.);
#8760=VECTOR('',#11113,1.);
#8761=VECTOR('',#11116,1.);
#8762=VECTOR('',#11117,1.);
#8763=VECTOR('',#11118,1.);
#8764=VECTOR('',#11119,1.);
#8765=VECTOR('',#11122,1.);
#8766=VECTOR('',#11125,1.);
#8767=VECTOR('',#11128,1.);
#8768=VECTOR('',#11129,1.);
#8769=VECTOR('',#11134,1.);
#8770=VECTOR('',#11135,1.);
#8771=VECTOR('',#11136,1.);
#8772=VECTOR('',#11137,1.);
#8773=VECTOR('',#11142,1.);
#8774=VECTOR('',#11143,1.);
#8775=VECTOR('',#11146,1.);
#8776=VECTOR('',#11149,1.);
#8777=VECTOR('',#11152,1.);
#8778=VECTOR('',#11153,1.);
#8779=VECTOR('',#11154,1.);
#8780=VECTOR('',#11155,1.);
#8781=VECTOR('',#11160,1.);
#8782=VECTOR('',#11161,1.);
#8783=VECTOR('',#11164,1.);
#8784=VECTOR('',#11167,1.);
#8785=VECTOR('',#11170,1.);
#8786=VECTOR('',#11171,1.);
#8787=VECTOR('',#11172,1.);
#8788=VECTOR('',#11173,1.);
#8789=VECTOR('',#11176,1.);
#8790=VECTOR('',#11179,1.);
#8791=VECTOR('',#11182,1.);
#8792=VECTOR('',#11183,1.);
#8793=VECTOR('',#11188,1.);
#8794=VECTOR('',#11191,1.);
#8795=VECTOR('',#11194,1.);
#8796=VECTOR('',#11197,1.);
#8797=VECTOR('',#11200,1.);
#8798=VECTOR('',#11201,1.);
#8799=VECTOR('',#11202,1.);
#8800=VECTOR('',#11203,1.);
#8801=VECTOR('',#11204,1.);
#8802=VECTOR('',#11205,1.);
#8803=VECTOR('',#11206,1.);
#8804=VECTOR('',#11207,1.);
#8805=VECTOR('',#11208,1.);
#8806=VECTOR('',#11211,1.);
#8807=VECTOR('',#11212,1.);
#8808=VECTOR('',#11213,1.);
#8809=VECTOR('',#11214,1.);
#8810=VECTOR('',#11215,1.);
#8811=VECTOR('',#11216,1.);
#8812=VECTOR('',#11217,1.);
#8813=VECTOR('',#11218,1.);
#8814=VECTOR('',#11219,1.);
#8815=VECTOR('',#11222,1.);
#8816=VECTOR('',#11225,1.);
#8817=VECTOR('',#11228,1.);
#8818=VECTOR('',#11233,1.);
#8819=VECTOR('',#11236,1.);
#8820=VECTOR('',#11239,1.);
#8821=VECTOR('',#11242,1.);
#8822=VECTOR('',#11245,1.);
#8823=VECTOR('',#11246,1.);
#8824=VECTOR('',#11247,1.);
#8825=VECTOR('',#11248,1.);
#8826=VECTOR('',#11251,1.);
#8827=VECTOR('',#11254,1.);
#8828=VECTOR('',#11257,1.);
#8829=VECTOR('',#11260,1.);
#8830=VECTOR('',#11263,1.);
#8831=VECTOR('',#11264,1.);
#8832=VECTOR('',#11265,1.);
#8833=VECTOR('',#11266,1.);
#8834=VECTOR('',#11267,1.);
#8835=VECTOR('',#11268,1.);
#8836=VECTOR('',#11271,1.);
#8837=VECTOR('',#11274,1.);
#8838=VECTOR('',#11277,1.);
#8839=VECTOR('',#11280,1.);
#8840=VECTOR('',#11283,1.);
#8841=VECTOR('',#11286,1.);
#8842=VECTOR('',#11289,1.);
#8843=VECTOR('',#11292,1.);
#8844=VECTOR('',#11295,1.);
#8845=VECTOR('',#11298,1.);
#8846=VECTOR('',#11301,1.);
#8847=VECTOR('',#11304,1.);
#8848=VECTOR('',#11307,1.);
#8849=VECTOR('',#11310,1.);
#8850=VECTOR('',#11313,1.);
#8851=VECTOR('',#11316,1.);
#8852=VECTOR('',#11319,1.);
#8853=VECTOR('',#11322,1.);
#8854=VECTOR('',#11325,1.);
#8855=VECTOR('',#11328,1.);
#8856=VECTOR('',#11331,1.);
#8857=VECTOR('',#11332,1.);
#8858=VECTOR('',#11333,1.);
#8859=VECTOR('',#11334,1.);
#8860=VECTOR('',#11335,1.);
#8861=VECTOR('',#11336,1.);
#8862=VECTOR('',#11337,1.);
#8863=VECTOR('',#11338,1.);
#8864=VECTOR('',#11341,1.);
#8865=VECTOR('',#11344,1.);
#8866=VECTOR('',#11347,1.);
#8867=VECTOR('',#11350,1.);
#8868=VECTOR('',#11353,1.);
#8869=VECTOR('',#11354,1.);
#8870=VECTOR('',#11355,1.);
#8871=VECTOR('',#11358,1.);
#8872=VECTOR('',#11363,1.);
#8873=VECTOR('',#11364,1.);
#8874=VECTOR('',#11365,1.);
#8875=VECTOR('',#11368,1.);
#8876=VECTOR('',#11369,1.);
#8877=VECTOR('',#11372,1.);
#8878=VECTOR('',#11381,1.);
#8879=VECTOR('',#11388,1.);
#8880=VECTOR('',#11391,1.);
#8881=VECTOR('',#11392,1.);
#8882=VECTOR('',#11393,1.);
#8883=VECTOR('',#11396,1.);
#8884=VECTOR('',#11399,1.);
#8885=VECTOR('',#11400,1.);
#8886=VECTOR('',#11405,1.);
#8887=VECTOR('',#11406,1.);
#8888=VECTOR('',#11407,1.);
#8889=VECTOR('',#11410,1.);
#8890=VECTOR('',#11419,1.);
#8891=VECTOR('',#11424,1.);
#8892=VECTOR('',#11429,1.);
#8893=VECTOR('',#11430,1.);
#8894=VECTOR('',#11433,1.);
#8895=VECTOR('',#11438,1.);
#8896=VECTOR('',#11441,1.);
#8897=VECTOR('',#11442,1.);
#8898=VECTOR('',#11445,1.);
#8899=VECTOR('',#11446,1.);
#8900=VECTOR('',#11447,1.);
#8901=VECTOR('',#11454,1.);
#8902=VECTOR('',#11457,1.);
#8903=VECTOR('',#11460,1.);
#8904=VECTOR('',#11463,1.);
#8905=VECTOR('',#11464,1.);
#8906=VECTOR('',#11465,1.);
#8907=VECTOR('',#11466,1.);
#8908=VECTOR('',#11467,1.);
#8909=VECTOR('',#11468,1.);
#8910=VECTOR('',#11469,1.);
#8911=VECTOR('',#11470,1.);
#8912=VECTOR('',#11471,1.);
#8913=VECTOR('',#11472,1.);
#8914=VECTOR('',#11473,1.);
#8915=VECTOR('',#11474,1.);
#8916=VECTOR('',#11475,1.);
#8917=VECTOR('',#11476,1.);
#8918=VECTOR('',#11477,1.);
#8919=VECTOR('',#11478,1.);
#8920=VECTOR('',#11479,1.);
#8921=VECTOR('',#11480,1.);
#8922=VECTOR('',#11481,1.);
#8923=VECTOR('',#11482,1.);
#8924=VECTOR('',#11483,1.);
#8925=VECTOR('',#11484,1.);
#8926=VECTOR('',#11485,1.);
#8927=VECTOR('',#11486,1.);
#8928=VECTOR('',#11487,1.);
#8929=VECTOR('',#11490,1.);
#8930=VECTOR('',#11491,1.);
#8931=VECTOR('',#11492,1.);
#8932=VECTOR('',#11493,1.);
#8933=VECTOR('',#11494,1.);
#8934=VECTOR('',#11497,1.);
#8935=VECTOR('',#11498,1.);
#8936=VECTOR('',#11501,1.);
#8937=VECTOR('',#11502,1.);
#8938=VECTOR('',#11503,1.);
#8939=VECTOR('',#11506,1.);
#8940=VECTOR('',#11507,1.);
#8941=VECTOR('',#11508,1.);
#8942=VECTOR('',#11511,1.);
#8943=VECTOR('',#11512,1.);
#8944=VECTOR('',#11513,1.);
#8945=VECTOR('',#11514,1.);
#8946=VECTOR('',#11515,1.);
#8947=VECTOR('',#11518,1.);
#8948=VECTOR('',#11519,1.);
#8949=VECTOR('',#11520,1.);
#8950=VECTOR('',#11523,1.);
#8951=VECTOR('',#11524,1.);
#8952=VECTOR('',#11525,1.);
#8953=VECTOR('',#11528,1.);
#8954=VECTOR('',#11529,1.);
#8955=VECTOR('',#11530,1.);
#8956=VECTOR('',#11533,1.);
#8957=VECTOR('',#11534,1.);
#8958=VECTOR('',#11535,1.);
#8959=VECTOR('',#11538,1.);
#8960=VECTOR('',#11539,1.);
#8961=VECTOR('',#11540,1.);
#8962=VECTOR('',#11543,1.);
#8963=VECTOR('',#11546,1.);
#8964=VECTOR('',#11549,1.);
#8965=VECTOR('',#11552,1.);
#8966=VECTOR('',#11555,1.);
#8967=VECTOR('',#11558,1.);
#8968=VECTOR('',#11559,1.);
#8969=VECTOR('',#11560,1.);
#8970=VECTOR('',#11563,1.);
#8971=VECTOR('',#11566,1.);
#8972=VECTOR('',#11567,1.);
#8973=VECTOR('',#11568,1.);
#8974=VECTOR('',#11575,1.);
#8975=VECTOR('',#11576,1.);
#8976=VECTOR('',#11577,1.);
#8977=VECTOR('',#11578,1.);
#8978=VECTOR('',#11579,1.);
#8979=VECTOR('',#11582,1.);
#8980=VECTOR('',#11583,1.);
#8981=VECTOR('',#11584,1.);
#8982=VECTOR('',#11587,1.);
#8983=VECTOR('',#11588,1.);
#8984=VECTOR('',#11589,1.);
#8985=VECTOR('',#11590,1.);
#8986=VECTOR('',#11591,1.);
#8987=VECTOR('',#11594,1.);
#8988=VECTOR('',#11595,1.);
#8989=VECTOR('',#11596,1.);
#8990=VECTOR('',#11599,1.);
#8991=VECTOR('',#11600,1.);
#8992=VECTOR('',#11601,1.);
#8993=VECTOR('',#11604,1.);
#8994=VECTOR('',#11605,1.);
#8995=VECTOR('',#11606,1.);
#8996=VECTOR('',#11609,1.);
#8997=VECTOR('',#11612,1.);
#8998=VECTOR('',#11615,1.);
#8999=VECTOR('',#11616,1.);
#9000=VECTOR('',#11621,1.);
#9001=VECTOR('',#11622,1.);
#9002=VECTOR('',#11817,1.);
#9003=VECTOR('',#11830,1.);
#9004=VECTOR('',#11831,1.);
#9005=VECTOR('',#11834,1.);
#9006=VECTOR('',#11835,1.);
#9007=VECTOR('',#11846,1.);
#9008=VECTOR('',#11847,1.);
#9009=VECTOR('',#11850,1.);
#9010=VECTOR('',#11851,1.);
#9011=VECTOR('',#11864,1.);
#9012=VECTOR('',#11869,1.);
#9013=VECTOR('',#11870,1.);
#9014=VECTOR('',#11873,1.);
#9015=VECTOR('',#11874,1.);
#9016=VECTOR('',#11877,1.);
#9017=VECTOR('',#11878,1.);
#9018=VECTOR('',#11881,1.);
#9019=VECTOR('',#11882,1.);
#9020=VECTOR('',#11893,1.);
#9021=VECTOR('',#11894,1.);
#9022=VECTOR('',#11895,1.);
#9023=VECTOR('',#11898,1.);
#9024=VECTOR('',#11899,1.);
#9025=VECTOR('',#11902,1.);
#9026=VECTOR('',#11903,1.);
#9027=VECTOR('',#11906,1.);
#9028=VECTOR('',#11907,1.);
#9029=VECTOR('',#11910,1.);
#9030=VECTOR('',#11911,1.);
#9031=VECTOR('',#11914,1.);
#9032=VECTOR('',#11919,1.);
#9033=VECTOR('',#11920,1.);
#9034=VECTOR('',#11921,1.);
#9035=VECTOR('',#11922,1.);
#9036=VECTOR('',#11923,1.);
#9037=VECTOR('',#11926,1.);
#9038=VECTOR('',#11927,1.);
#9039=VECTOR('',#11928,1.);
#9040=VECTOR('',#11929,1.);
#9041=VECTOR('',#11932,1.);
#9042=VECTOR('',#11933,1.);
#9043=VECTOR('',#11936,1.);
#9044=VECTOR('',#11937,1.);
#9045=VECTOR('',#11940,1.);
#9046=VECTOR('',#11943,1.);
#9047=VECTOR('',#11944,1.);
#9048=VECTOR('',#11945,1.);
#9049=VECTOR('',#11946,1.);
#9050=VECTOR('',#11949,1.);
#9051=VECTOR('',#11950,1.);
#9052=VECTOR('',#11951,1.);
#9053=VECTOR('',#11954,1.);
#9054=VECTOR('',#11955,1.);
#9055=VECTOR('',#11956,1.);
#9056=VECTOR('',#11959,1.);
#9057=VECTOR('',#11960,1.);
#9058=VECTOR('',#11961,1.);
#9059=VECTOR('',#11962,1.);
#9060=VECTOR('',#11965,1.);
#9061=VECTOR('',#11966,1.);
#9062=VECTOR('',#11969,1.);
#9063=VECTOR('',#11970,1.);
#9064=VECTOR('',#11973,1.);
#9065=VECTOR('',#11974,1.);
#9066=VECTOR('',#11977,1.);
#9067=VECTOR('',#11978,1.);
#9068=VECTOR('',#11981,1.);
#9069=VECTOR('',#11982,1.);
#9070=VECTOR('',#11985,1.);
#9071=VECTOR('',#11988,1.);
#9072=VECTOR('',#11989,1.);
#9073=VECTOR('',#11996,1.);
#9074=VECTOR('',#11997,1.);
#9075=VECTOR('',#11998,1.);
#9076=VECTOR('',#11999,1.);
#9077=VECTOR('',#12000,1.);
#9078=VECTOR('',#12003,1.);
#9079=VECTOR('',#12004,1.);
#9080=VECTOR('',#12005,1.);
#9081=VECTOR('',#12006,1.);
#9082=VECTOR('',#12007,1.);
#9083=VECTOR('',#12008,1.);
#9084=VECTOR('',#12011,1.);
#9085=VECTOR('',#12012,1.);
#9086=VECTOR('',#12013,1.);
#9087=VECTOR('',#12014,1.);
#9088=VECTOR('',#12017,1.);
#9089=VECTOR('',#12020,1.);
#9090=VECTOR('',#12021,1.);
#9091=VECTOR('',#12022,1.);
#9092=VECTOR('',#12025,1.);
#9093=VECTOR('',#12026,1.);
#9094=VECTOR('',#12027,1.);
#9095=VECTOR('',#12028,1.);
#9096=VECTOR('',#12031,1.);
#9097=VECTOR('',#12032,1.);
#9098=VECTOR('',#12033,1.);
#9099=VECTOR('',#12034,1.);
#9100=VECTOR('',#12037,1.);
#9101=VECTOR('',#12038,1.);
#9102=VECTOR('',#12041,1.);
#9103=VECTOR('',#12042,1.);
#9104=VECTOR('',#12045,1.);
#9105=VECTOR('',#12050,1.);
#9106=VECTOR('',#12051,1.);
#9107=VECTOR('',#12052,1.);
#9108=VECTOR('',#12053,1.);
#9109=VECTOR('',#12056,1.);
#9110=VECTOR('',#12057,1.);
#9111=VECTOR('',#12060,1.);
#9112=VECTOR('',#12061,1.);
#9113=VECTOR('',#12068,1.);
#9114=VECTOR('',#12069,1.);
#9115=VECTOR('',#12070,1.);
#9116=VECTOR('',#12071,1.);
#9117=VECTOR('',#12074,1.);
#9118=VECTOR('',#12075,1.);
#9119=VECTOR('',#12078,1.);
#9120=VECTOR('',#12079,1.);
#9121=VECTOR('',#12086,1.);
#9122=VECTOR('',#12087,1.);
#9123=VECTOR('',#12088,1.);
#9124=VECTOR('',#12089,1.);
#9125=VECTOR('',#12092,1.);
#9126=VECTOR('',#12093,1.);
#9127=VECTOR('',#12096,1.);
#9128=VECTOR('',#12097,1.);
#9129=VECTOR('',#12104,1.);
#9130=VECTOR('',#12105,1.);
#9131=VECTOR('',#12106,1.);
#9132=VECTOR('',#12107,1.);
#9133=VECTOR('',#12110,1.);
#9134=VECTOR('',#12111,1.);
#9135=VECTOR('',#12114,1.);
#9136=VECTOR('',#12115,1.);
#9137=VECTOR('',#12122,1.);
#9138=VECTOR('',#12123,1.);
#9139=VECTOR('',#12124,1.);
#9140=VECTOR('',#12125,1.);
#9141=VECTOR('',#12128,1.);
#9142=VECTOR('',#12129,1.);
#9143=VECTOR('',#12132,1.);
#9144=VECTOR('',#12133,1.);
#9145=VECTOR('',#12140,1.);
#9146=VECTOR('',#12141,1.);
#9147=VECTOR('',#12142,1.);
#9148=VECTOR('',#12143,1.);
#9149=VECTOR('',#12146,1.);
#9150=VECTOR('',#12147,1.);
#9151=VECTOR('',#12150,1.);
#9152=VECTOR('',#12151,1.);
#9153=VECTOR('',#12158,1.);
#9154=VECTOR('',#12159,1.);
#9155=VECTOR('',#12160,1.);
#9156=VECTOR('',#12161,1.);
#9157=VECTOR('',#12166,1.);
#9158=VECTOR('',#12167,1.);
#9159=VECTOR('',#12168,1.);
#9160=VECTOR('',#12169,1.);
#9161=VECTOR('',#12170,1.);
#9162=VECTOR('',#12173,1.);
#9163=VECTOR('',#12174,1.);
#9164=VECTOR('',#12175,1.);
#9165=VECTOR('',#12176,1.);
#9166=VECTOR('',#12177,1.);
#9167=VECTOR('',#12178,1.);
#9168=VECTOR('',#12179,1.);
#9169=VECTOR('',#12180,1.);
#9170=VECTOR('',#12181,1.);
#9171=VECTOR('',#12184,1.);
#9172=VECTOR('',#12185,1.);
#9173=VECTOR('',#12186,1.);
#9174=VECTOR('',#12191,1.);
#9175=VECTOR('',#12192,1.);
#9176=VECTOR('',#12193,1.);
#9177=VECTOR('',#12194,1.);
#9178=VECTOR('',#12197,1.);
#9179=VECTOR('',#12198,1.);
#9180=VECTOR('',#12199,1.);
#9181=VECTOR('',#12200,1.);
#9182=VECTOR('',#12201,1.);
#9183=VECTOR('',#12202,1.);
#9184=VECTOR('',#12203,1.);
#9185=VECTOR('',#12204,1.);
#9186=VECTOR('',#12205,1.);
#9187=VECTOR('',#12208,1.);
#9188=VECTOR('',#12209,1.);
#9189=VECTOR('',#12210,1.);
#9190=VECTOR('',#12211,1.);
#9191=VECTOR('',#12214,1.);
#9192=VECTOR('',#12217,1.);
#9193=VECTOR('',#12220,1.);
#9194=VECTOR('',#12221,1.);
#9195=VECTOR('',#12224,1.);
#9196=VECTOR('',#12225,1.);
#9197=VECTOR('',#12228,1.);
#9198=VECTOR('',#12231,1.);
#9199=VECTOR('',#12234,1.);
#9200=VECTOR('',#12237,1.);
#9201=VECTOR('',#12238,1.);
#9202=VECTOR('',#12239,1.);
#9203=VECTOR('',#12240,1.);
#9204=VECTOR('',#12243,1.);
#9205=VECTOR('',#12244,1.);
#9206=VECTOR('',#12247,1.);
#9207=VECTOR('',#12250,1.);
#9208=VECTOR('',#12253,1.);
#9209=VECTOR('',#12256,1.);
#9210=VECTOR('',#12257,1.);
#9211=VECTOR('',#12262,1.);
#9212=VECTOR('',#12267,1.);
#9213=VECTOR('',#12272,1.);
#9214=VECTOR('',#12273,1.);
#9215=VECTOR('',#12276,1.);
#9216=VECTOR('',#12277,1.);
#9217=VECTOR('',#12288,1.);
#9218=VECTOR('',#12289,1.);
#9219=VECTOR('',#12290,1.);
#9220=VECTOR('',#12291,1.);
#9221=VECTOR('',#12294,1.);
#9222=VECTOR('',#12297,1.);
#9223=VECTOR('',#12298,1.);
#9224=VECTOR('',#12299,1.);
#9225=VECTOR('',#12300,1.);
#9226=VECTOR('',#12301,1.);
#9227=VECTOR('',#12306,1.);
#9228=VECTOR('',#12307,1.);
#9229=VECTOR('',#12310,1.);
#9230=VECTOR('',#12313,1.);
#9231=VECTOR('',#12314,1.);
#9232=VECTOR('',#12315,1.);
#9233=VECTOR('',#12316,1.);
#9234=VECTOR('',#12317,1.);
#9235=VECTOR('',#12320,1.);
#9236=VECTOR('',#12321,1.);
#9237=VECTOR('',#12322,1.);
#9238=VECTOR('',#12323,1.);
#9239=VECTOR('',#12324,1.);
#9240=VECTOR('',#12325,1.);
#9241=VECTOR('',#12326,1.);
#9242=VECTOR('',#12327,1.);
#9243=VECTOR('',#12328,1.);
#9244=VECTOR('',#12329,1.);
#9245=VECTOR('',#12330,1.);
#9246=VECTOR('',#12333,1.);
#9247=VECTOR('',#12334,1.);
#9248=VECTOR('',#12335,1.);
#9249=VECTOR('',#12340,1.);
#9250=VECTOR('',#12341,1.);
#9251=VECTOR('',#12342,1.);
#9252=VECTOR('',#12343,1.);
#9253=VECTOR('',#12346,1.);
#9254=VECTOR('',#12347,1.);
#9255=VECTOR('',#12348,1.);
#9256=VECTOR('',#12349,1.);
#9257=VECTOR('',#12350,1.);
#9258=VECTOR('',#12351,1.);
#9259=VECTOR('',#12352,1.);
#9260=VECTOR('',#12353,1.);
#9261=VECTOR('',#12354,1.);
#9262=VECTOR('',#12355,1.);
#9263=VECTOR('',#12356,1.);
#9264=VECTOR('',#12359,1.);
#9265=VECTOR('',#12360,1.);
#9266=VECTOR('',#12361,1.);
#9267=VECTOR('',#12362,1.);
#9268=VECTOR('',#12363,1.);
#9269=VECTOR('',#12366,1.);
#9270=VECTOR('',#12369,1.);
#9271=VECTOR('',#12372,1.);
#9272=VECTOR('',#12375,1.);
#9273=VECTOR('',#12378,1.);
#9274=VECTOR('',#12379,1.);
#9275=VECTOR('',#12382,1.);
#9276=VECTOR('',#12387,1.);
#9277=VECTOR('',#12388,1.);
#9278=VECTOR('',#12391,1.);
#9279=VECTOR('',#12392,1.);
#9280=VECTOR('',#12397,1.);
#9281=VECTOR('',#12410,1.);
#9282=VECTOR('',#12411,1.);
#9283=VECTOR('',#12414,1.);
#9284=VECTOR('',#12417,1.);
#9285=VECTOR('',#12420,1.);
#9286=VECTOR('',#12421,1.);
#9287=VECTOR('',#12424,1.);
#9288=VECTOR('',#12425,1.);
#9289=VECTOR('',#12428,1.);
#9290=VECTOR('',#12429,1.);
#9291=VECTOR('',#12432,1.);
#9292=VECTOR('',#12435,1.);
#9293=VECTOR('',#12438,1.);
#9294=VECTOR('',#12441,1.);
#9295=VECTOR('',#12442,1.);
#9296=VECTOR('',#12443,1.);
#9297=VECTOR('',#12444,1.);
#9298=VECTOR('',#12447,1.);
#9299=VECTOR('',#12452,1.);
#9300=VECTOR('',#12453,1.);
#9301=VECTOR('',#12456,1.);
#9302=VECTOR('',#12461,1.);
#9303=VECTOR('',#12484,1.);
#9304=VECTOR('',#12485,1.);
#9305=VECTOR('',#12488,1.);
#9306=VECTOR('',#12489,1.);
#9307=VECTOR('',#12496,1.);
#9308=VECTOR('',#12497,1.);
#9309=VECTOR('',#12498,1.);
#9310=VECTOR('',#12499,1.);
#9311=VECTOR('',#12504,1.);
#9312=VECTOR('',#12505,1.);
#9313=VECTOR('',#12506,1.);
#9314=VECTOR('',#12507,1.);
#9315=VECTOR('',#12508,1.);
#9316=VECTOR('',#12511,1.);
#9317=VECTOR('',#12512,1.);
#9318=VECTOR('',#12513,1.);
#9319=VECTOR('',#12514,1.);
#9320=VECTOR('',#12515,1.);
#9321=VECTOR('',#12516,1.);
#9322=VECTOR('',#12517,1.);
#9323=VECTOR('',#12518,1.);
#9324=VECTOR('',#12519,1.);
#9325=VECTOR('',#12522,1.);
#9326=VECTOR('',#12523,1.);
#9327=VECTOR('',#12524,1.);
#9328=VECTOR('',#12529,1.);
#9329=VECTOR('',#12530,1.);
#9330=VECTOR('',#12531,1.);
#9331=VECTOR('',#12532,1.);
#9332=VECTOR('',#12535,1.);
#9333=VECTOR('',#12536,1.);
#9334=VECTOR('',#12537,1.);
#9335=VECTOR('',#12538,1.);
#9336=VECTOR('',#12539,1.);
#9337=VECTOR('',#12540,1.);
#9338=VECTOR('',#12541,1.);
#9339=VECTOR('',#12542,1.);
#9340=VECTOR('',#12543,1.);
#9341=VECTOR('',#12546,1.);
#9342=VECTOR('',#12547,1.);
#9343=VECTOR('',#12548,1.);
#9344=VECTOR('',#12549,1.);
#9345=VECTOR('',#12552,1.);
#9346=VECTOR('',#12555,1.);
#9347=VECTOR('',#12558,1.);
#9348=VECTOR('',#12559,1.);
#9349=VECTOR('',#12562,1.);
#9350=VECTOR('',#12563,1.);
#9351=VECTOR('',#12566,1.);
#9352=VECTOR('',#12569,1.);
#9353=VECTOR('',#12572,1.);
#9354=VECTOR('',#12575,1.);
#9355=VECTOR('',#12576,1.);
#9356=VECTOR('',#12577,1.);
#9357=VECTOR('',#12578,1.);
#9358=VECTOR('',#12581,1.);
#9359=VECTOR('',#12582,1.);
#9360=VECTOR('',#12585,1.);
#9361=VECTOR('',#12588,1.);
#9362=VECTOR('',#12591,1.);
#9363=VECTOR('',#12594,1.);
#9364=VECTOR('',#12595,1.);
#9365=VECTOR('',#12600,1.);
#9366=VECTOR('',#12605,1.);
#9367=VECTOR('',#12610,1.);
#9368=VECTOR('',#12611,1.);
#9369=VECTOR('',#12614,1.);
#9370=VECTOR('',#12615,1.);
#9371=AXIS2_PLACEMENT_3D('',#12626,#10116,#10117);
#9372=AXIS2_PLACEMENT_3D('',#12632,#10120,#10121);
#9373=AXIS2_PLACEMENT_3D('',#12637,#10124,#10125);
#9374=AXIS2_PLACEMENT_3D('',#12643,#10128,#10129);
#9375=AXIS2_PLACEMENT_3D('',#12648,#10132,#10133);
#9376=AXIS2_PLACEMENT_3D('',#12712,#10165,#10166);
#9377=AXIS2_PLACEMENT_3D('',#12716,#10168,#10169);
#9378=AXIS2_PLACEMENT_3D('',#12723,#10173,#10174);
#9379=AXIS2_PLACEMENT_3D('',#12744,#10187,#10188);
#9380=AXIS2_PLACEMENT_3D('',#12779,#10207,#10208);
#9381=AXIS2_PLACEMENT_3D('',#12814,#10227,#10228);
#9382=AXIS2_PLACEMENT_3D('',#12819,#10231,#10232);
#9383=AXIS2_PLACEMENT_3D('',#12820,#10233,#10234);
#9384=AXIS2_PLACEMENT_3D('',#12821,#10235,#10236);
#9385=AXIS2_PLACEMENT_3D('',#12823,#10237,#10238);
#9386=AXIS2_PLACEMENT_3D('',#12825,#10239,#10240);
#9387=AXIS2_PLACEMENT_3D('',#12829,#10242,#10243);
#9388=AXIS2_PLACEMENT_3D('',#12831,#10244,#10245);
#9389=AXIS2_PLACEMENT_3D('',#12832,#10246,#10247);
#9390=AXIS2_PLACEMENT_3D('',#12836,#10249,#10250);
#9391=AXIS2_PLACEMENT_3D('',#12838,#10252,#10253);
#9392=AXIS2_PLACEMENT_3D('',#12839,#10254,#10255);
#9393=AXIS2_PLACEMENT_3D('',#12841,#10256,#10257);
#9394=AXIS2_PLACEMENT_3D('',#12843,#10258,#10259);
#9395=AXIS2_PLACEMENT_3D('',#12847,#10261,#10262);
#9396=AXIS2_PLACEMENT_3D('',#12849,#10263,#10264);
#9397=AXIS2_PLACEMENT_3D('',#12850,#10265,#10266);
#9398=AXIS2_PLACEMENT_3D('',#12851,#10267,#10268);
#9399=AXIS2_PLACEMENT_3D('',#12853,#10269,#10270);
#9400=AXIS2_PLACEMENT_3D('',#12855,#10271,#10272);
#9401=AXIS2_PLACEMENT_3D('',#12856,#10273,#10274);
#9402=AXIS2_PLACEMENT_3D('',#12858,#10275,#10276);
#9403=AXIS2_PLACEMENT_3D('',#12859,#10277,#10278);
#9404=AXIS2_PLACEMENT_3D('',#12860,#10279,#10280);
#9405=AXIS2_PLACEMENT_3D('',#12863,#10281,#10282);
#9406=AXIS2_PLACEMENT_3D('',#12864,#10283,#10284);
#9407=AXIS2_PLACEMENT_3D('',#12866,#10285,#10286);
#9408=AXIS2_PLACEMENT_3D('',#12867,#10287,#10288);
#9409=AXIS2_PLACEMENT_3D('',#12868,#10289,#10290);
#9410=AXIS2_PLACEMENT_3D('',#12869,#10291,#10292);
#9411=AXIS2_PLACEMENT_3D('',#12871,#10293,#10294);
#9412=AXIS2_PLACEMENT_3D('',#12885,#10301,#10302);
#9413=AXIS2_PLACEMENT_3D('',#12898,#10309,#10310);
#9414=AXIS2_PLACEMENT_3D('',#12899,#10311,#10312);
#9415=AXIS2_PLACEMENT_3D('',#12900,#10313,#10314);
#9416=AXIS2_PLACEMENT_3D('',#12901,#10315,#10316);
#9417=AXIS2_PLACEMENT_3D('',#12918,#10327,#10328);
#9418=AXIS2_PLACEMENT_3D('',#12931,#10335,#10336);
#9419=AXIS2_PLACEMENT_3D('',#12940,#10341,#10342);
#9420=AXIS2_PLACEMENT_3D('',#12949,#10347,#10348);
#9421=AXIS2_PLACEMENT_3D('',#12950,#10349,#10350);
#9422=AXIS2_PLACEMENT_3D('',#12951,#10351,#10352);
#9423=AXIS2_PLACEMENT_3D('',#12955,#10354,#10355);
#9424=AXIS2_PLACEMENT_3D('',#12956,#10356,#10357);
#9425=AXIS2_PLACEMENT_3D('',#12962,#10361,#10362);
#9426=AXIS2_PLACEMENT_3D('',#12968,#10366,#10367);
#9427=AXIS2_PLACEMENT_3D('',#12969,#10368,#10369);
#9428=AXIS2_PLACEMENT_3D('',#12971,#10370,#10371);
#9429=AXIS2_PLACEMENT_3D('',#12974,#10373,#10374);
#9430=AXIS2_PLACEMENT_3D('',#12977,#10377,#10378);
#9431=AXIS2_PLACEMENT_3D('',#12978,#10379,#10380);
#9432=AXIS2_PLACEMENT_3D('',#12979,#10381,#10382);
#9433=AXIS2_PLACEMENT_3D('',#12980,#10383,#10384);
#9434=AXIS2_PLACEMENT_3D('',#12985,#10386,#10387);
#9435=AXIS2_PLACEMENT_3D('',#12988,#10389,#10390);
#9436=AXIS2_PLACEMENT_3D('',#12991,#10393,#10394);
#9437=AXIS2_PLACEMENT_3D('',#12994,#10397,#10398);
#9438=AXIS2_PLACEMENT_3D('',#12995,#10399,#10400);
#9439=AXIS2_PLACEMENT_3D('',#12996,#10401,#10402);
#9440=AXIS2_PLACEMENT_3D('',#13002,#10406,#10407);
#9441=AXIS2_PLACEMENT_3D('',#13008,#10411,#10412);
#9442=AXIS2_PLACEMENT_3D('',#13011,#10415,#10416);
#9443=AXIS2_PLACEMENT_3D('',#13012,#10417,#10418);
#9444=AXIS2_PLACEMENT_3D('',#13013,#10419,#10420);
#9445=AXIS2_PLACEMENT_3D('',#13021,#10425,#10426);
#9446=AXIS2_PLACEMENT_3D('',#13027,#10430,#10431);
#9447=AXIS2_PLACEMENT_3D('',#13030,#10434,#10435);
#9448=AXIS2_PLACEMENT_3D('',#13032,#10437,#10438);
#9449=AXIS2_PLACEMENT_3D('',#13033,#10439,#10440);
#9450=AXIS2_PLACEMENT_3D('',#13039,#10444,#10445);
#9451=AXIS2_PLACEMENT_3D('',#13041,#10447,#10448);
#9452=AXIS2_PLACEMENT_3D('',#13048,#10453,#10454);
#9453=AXIS2_PLACEMENT_3D('',#13050,#10456,#10457);
#9454=AXIS2_PLACEMENT_3D('',#13056,#10461,#10462);
#9455=AXIS2_PLACEMENT_3D('',#13062,#10466,#10467);
#9456=AXIS2_PLACEMENT_3D('',#13063,#10468,#10469);
#9457=AXIS2_PLACEMENT_3D('',#13064,#10470,#10471);
#9458=AXIS2_PLACEMENT_3D('',#13065,#10472,#10473);
#9459=AXIS2_PLACEMENT_3D('',#13066,#10474,#10475);
#9460=AXIS2_PLACEMENT_3D('',#13067,#10476,#10477);
#9461=AXIS2_PLACEMENT_3D('',#13068,#10478,#10479);
#9462=AXIS2_PLACEMENT_3D('',#13069,#10480,#10481);
#9463=AXIS2_PLACEMENT_3D('',#13070,#10482,#10483);
#9464=AXIS2_PLACEMENT_3D('',#13071,#10484,#10485);
#9465=AXIS2_PLACEMENT_3D('',#13072,#10486,#10487);
#9466=AXIS2_PLACEMENT_3D('',#13073,#10488,#10489);
#9467=AXIS2_PLACEMENT_3D('',#13074,#10490,#10491);
#9468=AXIS2_PLACEMENT_3D('',#13075,#10492,#10493);
#9469=AXIS2_PLACEMENT_3D('',#13076,#10494,#10495);
#9470=AXIS2_PLACEMENT_3D('',#13077,#10496,#10497);
#9471=AXIS2_PLACEMENT_3D('',#13078,#10498,#10499);
#9472=AXIS2_PLACEMENT_3D('',#13079,#10500,#10501);
#9473=AXIS2_PLACEMENT_3D('',#13080,#10502,#10503);
#9474=AXIS2_PLACEMENT_3D('',#13081,#10504,#10505);
#9475=AXIS2_PLACEMENT_3D('',#13082,#10506,#10507);
#9476=AXIS2_PLACEMENT_3D('',#13085,#10510,#10511);
#9477=AXIS2_PLACEMENT_3D('',#13089,#10515,#10516);
#9478=AXIS2_PLACEMENT_3D('',#13093,#10520,#10521);
#9479=AXIS2_PLACEMENT_3D('',#13094,#10522,#10523);
#9480=AXIS2_PLACEMENT_3D('',#13095,#10524,#10525);
#9481=AXIS2_PLACEMENT_3D('',#13100,#10527,#10528);
#9482=AXIS2_PLACEMENT_3D('',#13103,#10530,#10531);
#9483=AXIS2_PLACEMENT_3D('',#13106,#10534,#10535);
#9484=AXIS2_PLACEMENT_3D('',#13109,#10538,#10539);
#9485=AXIS2_PLACEMENT_3D('',#13110,#10540,#10541);
#9486=AXIS2_PLACEMENT_3D('',#13111,#10542,#10543);
#9487=AXIS2_PLACEMENT_3D('',#13112,#10544,#10545);
#9488=AXIS2_PLACEMENT_3D('',#13117,#10547,#10548);
#9489=AXIS2_PLACEMENT_3D('',#13120,#10550,#10551);
#9490=AXIS2_PLACEMENT_3D('',#13123,#10554,#10555);
#9491=AXIS2_PLACEMENT_3D('',#13126,#10558,#10559);
#9492=AXIS2_PLACEMENT_3D('',#13127,#10560,#10561);
#9493=AXIS2_PLACEMENT_3D('',#13128,#10562,#10563);
#9494=AXIS2_PLACEMENT_3D('',#13129,#10564,#10565);
#9495=AXIS2_PLACEMENT_3D('',#13134,#10567,#10568);
#9496=AXIS2_PLACEMENT_3D('',#13137,#10570,#10571);
#9497=AXIS2_PLACEMENT_3D('',#13140,#10574,#10575);
#9498=AXIS2_PLACEMENT_3D('',#13143,#10578,#10579);
#9499=AXIS2_PLACEMENT_3D('',#13144,#10580,#10581);
#9500=AXIS2_PLACEMENT_3D('',#13145,#10582,#10583);
#9501=AXIS2_PLACEMENT_3D('',#13146,#10584,#10585);
#9502=AXIS2_PLACEMENT_3D('',#13151,#10587,#10588);
#9503=AXIS2_PLACEMENT_3D('',#13154,#10590,#10591);
#9504=AXIS2_PLACEMENT_3D('',#13157,#10594,#10595);
#9505=AXIS2_PLACEMENT_3D('',#13160,#10598,#10599);
#9506=AXIS2_PLACEMENT_3D('',#13161,#10600,#10601);
#9507=AXIS2_PLACEMENT_3D('',#13162,#10602,#10603);
#9508=AXIS2_PLACEMENT_3D('',#13163,#10604,#10605);
#9509=AXIS2_PLACEMENT_3D('',#13168,#10608,#10609);
#9510=AXIS2_PLACEMENT_3D('',#13170,#10611,#10612);
#9511=AXIS2_PLACEMENT_3D('',#13171,#10613,#10614);
#9512=AXIS2_PLACEMENT_3D('',#13172,#10615,#10616);
#9513=AXIS2_PLACEMENT_3D('',#13182,#10621,#10622);
#9514=AXIS2_PLACEMENT_3D('',#13187,#10625,#10626);
#9515=AXIS2_PLACEMENT_3D('',#13190,#10628,#10629);
#9516=AXIS2_PLACEMENT_3D('',#13191,#10630,#10631);
#9517=AXIS2_PLACEMENT_3D('',#13193,#10632,#10633);
#9518=AXIS2_PLACEMENT_3D('',#13198,#10636,#10637);
#9519=AXIS2_PLACEMENT_3D('',#13199,#10638,#10639);
#9520=AXIS2_PLACEMENT_3D('',#13201,#10640,#10641);
#9521=AXIS2_PLACEMENT_3D('',#13202,#10642,#10643);
#9522=AXIS2_PLACEMENT_3D('',#13203,#10644,#10645);
#9523=AXIS2_PLACEMENT_3D('',#13205,#10646,#10647);
#9524=AXIS2_PLACEMENT_3D('',#13206,#10648,#10649);
#9525=AXIS2_PLACEMENT_3D('',#13207,#10650,#10651);
#9526=AXIS2_PLACEMENT_3D('',#13209,#10652,#10653);
#9527=AXIS2_PLACEMENT_3D('',#13210,#10654,#10655);
#9528=AXIS2_PLACEMENT_3D('',#13212,#10656,#10657);
#9529=AXIS2_PLACEMENT_3D('',#13213,#10658,#10659);
#9530=AXIS2_PLACEMENT_3D('',#13215,#10660,#10661);
#9531=AXIS2_PLACEMENT_3D('',#13216,#10662,#10663);
#9532=AXIS2_PLACEMENT_3D('',#13217,#10664,#10665);
#9533=AXIS2_PLACEMENT_3D('',#13218,#10666,#10667);
#9534=AXIS2_PLACEMENT_3D('',#13219,#10668,#10669);
#9535=AXIS2_PLACEMENT_3D('',#13220,#10670,#10671);
#9536=AXIS2_PLACEMENT_3D('',#13237,#10672,#10673);
#9537=AXIS2_PLACEMENT_3D('',#13238,#10674,#10675);
#9538=AXIS2_PLACEMENT_3D('',#13239,#10676,#10677);
#9539=AXIS2_PLACEMENT_3D('',#13240,#10678,#10679);
#9540=AXIS2_PLACEMENT_3D('',#13241,#10680,#10681);
#9541=AXIS2_PLACEMENT_3D('',#13258,#10682,#10683);
#9542=AXIS2_PLACEMENT_3D('',#13259,#10684,#10685);
#9543=AXIS2_PLACEMENT_3D('',#13260,#10686,#10687);
#9544=AXIS2_PLACEMENT_3D('',#13261,#10688,#10689);
#9545=AXIS2_PLACEMENT_3D('',#13262,#10690,#10691);
#9546=AXIS2_PLACEMENT_3D('',#13279,#10692,#10693);
#9547=AXIS2_PLACEMENT_3D('',#13280,#10694,#10695);
#9548=AXIS2_PLACEMENT_3D('',#13282,#10696,#10697);
#9549=AXIS2_PLACEMENT_3D('',#13283,#10698,#10699);
#9550=AXIS2_PLACEMENT_3D('',#13287,#10702,#10703);
#9551=AXIS2_PLACEMENT_3D('',#13289,#10705,#10706);
#9552=AXIS2_PLACEMENT_3D('',#13293,#10709,#10710);
#9553=AXIS2_PLACEMENT_3D('',#13295,#10712,#10713);
#9554=AXIS2_PLACEMENT_3D('',#13297,#10715,#10716);
#9555=AXIS2_PLACEMENT_3D('',#13298,#10717,#10718);
#9556=AXIS2_PLACEMENT_3D('',#13300,#10720,#10721);
#9557=AXIS2_PLACEMENT_3D('',#13301,#10722,#10723);
#9558=AXIS2_PLACEMENT_3D('',#13307,#10727,#10728);
#9559=AXIS2_PLACEMENT_3D('',#13311,#10731,#10732);
#9560=AXIS2_PLACEMENT_3D('',#13315,#10735,#10736);
#9561=AXIS2_PLACEMENT_3D('',#13317,#10738,#10739);
#9562=AXIS2_PLACEMENT_3D('',#13318,#10740,#10741);
#9563=AXIS2_PLACEMENT_3D('',#13321,#10744,#10745);
#9564=AXIS2_PLACEMENT_3D('',#13322,#10746,#10747);
#9565=AXIS2_PLACEMENT_3D('',#13323,#10748,#10749);
#9566=AXIS2_PLACEMENT_3D('',#13327,#10752,#10753);
#9567=AXIS2_PLACEMENT_3D('',#13331,#10756,#10757);
#9568=AXIS2_PLACEMENT_3D('',#13337,#10761,#10762);
#9569=AXIS2_PLACEMENT_3D('',#13339,#10764,#10765);
#9570=AXIS2_PLACEMENT_3D('',#13342,#10768,#10769);
#9571=AXIS2_PLACEMENT_3D('',#13343,#10770,#10771);
#9572=AXIS2_PLACEMENT_3D('',#13344,#10772,#10773);
#9573=AXIS2_PLACEMENT_3D('',#13345,#10774,#10775);
#9574=AXIS2_PLACEMENT_3D('',#13346,#10776,#10777);
#9575=AXIS2_PLACEMENT_3D('',#13347,#10778,#10779);
#9576=AXIS2_PLACEMENT_3D('',#13348,#10780,#10781);
#9577=AXIS2_PLACEMENT_3D('',#13349,#10782,#10783);
#9578=AXIS2_PLACEMENT_3D('',#13410,#10794,#10795);
#9579=AXIS2_PLACEMENT_3D('',#13411,#10796,#10797);
#9580=AXIS2_PLACEMENT_3D('',#13417,#10800,#10801);
#9581=AXIS2_PLACEMENT_3D('',#13429,#10807,#10808);
#9582=AXIS2_PLACEMENT_3D('',#13434,#10811,#10812);
#9583=AXIS2_PLACEMENT_3D('',#13438,#10814,#10815);
#9584=AXIS2_PLACEMENT_3D('',#13439,#10816,#10817);
#9585=AXIS2_PLACEMENT_3D('',#13440,#10818,#10819);
#9586=AXIS2_PLACEMENT_3D('',#13444,#10821,#10822);
#9587=AXIS2_PLACEMENT_3D('',#13448,#10824,#10825);
#9588=AXIS2_PLACEMENT_3D('',#13453,#10828,#10829);
#9589=AXIS2_PLACEMENT_3D('',#13465,#10835,#10836);
#9590=AXIS2_PLACEMENT_3D('',#13468,#10838,#10839);
#9591=AXIS2_PLACEMENT_3D('',#13470,#10841,#10842);
#9592=AXIS2_PLACEMENT_3D('',#13472,#10844,#10845);
#9593=AXIS2_PLACEMENT_3D('',#13473,#10846,#10847);
#9594=AXIS2_PLACEMENT_3D('',#13475,#10848,#10849);
#9595=AXIS2_PLACEMENT_3D('',#13478,#10851,#10852);
#9596=AXIS2_PLACEMENT_3D('',#13479,#10853,#10854);
#9597=AXIS2_PLACEMENT_3D('',#13481,#10855,#10856);
#9598=AXIS2_PLACEMENT_3D('',#13484,#10858,#10859);
#9599=AXIS2_PLACEMENT_3D('',#13486,#10861,#10862);
#9600=AXIS2_PLACEMENT_3D('',#13488,#10864,#10865);
#9601=AXIS2_PLACEMENT_3D('',#13489,#10866,#10867);
#9602=AXIS2_PLACEMENT_3D('',#13490,#10868,#10869);
#9603=AXIS2_PLACEMENT_3D('',#13491,#10870,#10871);
#9604=AXIS2_PLACEMENT_3D('',#13492,#10872,#10873);
#9605=AXIS2_PLACEMENT_3D('',#13494,#10875,#10876);
#9606=AXIS2_PLACEMENT_3D('',#13496,#10878,#10879);
#9607=AXIS2_PLACEMENT_3D('',#13499,#10882,#10883);
#9608=AXIS2_PLACEMENT_3D('',#13502,#10886,#10887);
#9609=AXIS2_PLACEMENT_3D('',#13504,#10889,#10890);
#9610=AXIS2_PLACEMENT_3D('',#13513,#10895,#10896);
#9611=AXIS2_PLACEMENT_3D('',#13515,#10898,#10899);
#9612=AXIS2_PLACEMENT_3D('',#13516,#10900,#10901);
#9613=AXIS2_PLACEMENT_3D('',#13519,#10904,#10905);
#9614=AXIS2_PLACEMENT_3D('',#13522,#10908,#10909);
#9615=AXIS2_PLACEMENT_3D('',#13523,#10910,#10911);
#9616=AXIS2_PLACEMENT_3D('',#13524,#10912,#10913);
#9617=AXIS2_PLACEMENT_3D('',#13525,#10914,#10915);
#9618=AXIS2_PLACEMENT_3D('',#13526,#10916,#10917);
#9619=AXIS2_PLACEMENT_3D('',#13527,#10918,#10919);
#9620=AXIS2_PLACEMENT_3D('',#13528,#10920,#10921);
#9621=AXIS2_PLACEMENT_3D('',#13537,#10926,#10927);
#9622=AXIS2_PLACEMENT_3D('',#13538,#10928,#10929);
#9623=AXIS2_PLACEMENT_3D('',#13546,#10933,#10934);
#9624=AXIS2_PLACEMENT_3D('',#13562,#10942,#10943);
#9625=AXIS2_PLACEMENT_3D('',#13565,#10945,#10946);
#9626=AXIS2_PLACEMENT_3D('',#13566,#10947,#10948);
#9627=AXIS2_PLACEMENT_3D('',#13572,#10951,#10952);
#9628=AXIS2_PLACEMENT_3D('',#13588,#10960,#10961);
#9629=AXIS2_PLACEMENT_3D('',#13593,#10964,#10965);
#9630=AXIS2_PLACEMENT_3D('',#13595,#10967,#10968);
#9631=AXIS2_PLACEMENT_3D('',#13597,#10970,#10971);
#9632=AXIS2_PLACEMENT_3D('',#13599,#10973,#10974);
#9633=AXIS2_PLACEMENT_3D('',#13601,#10976,#10977);
#9634=AXIS2_PLACEMENT_3D('',#13604,#10980,#10981);
#9635=AXIS2_PLACEMENT_3D('',#13606,#10983,#10984);
#9636=AXIS2_PLACEMENT_3D('',#13615,#10989,#10990);
#9637=AXIS2_PLACEMENT_3D('',#13618,#10993,#10994);
#9638=AXIS2_PLACEMENT_3D('',#13620,#10996,#10997);
#9639=AXIS2_PLACEMENT_3D('',#13621,#10998,#10999);
#9640=AXIS2_PLACEMENT_3D('',#13622,#11000,#11001);
#9641=AXIS2_PLACEMENT_3D('',#13623,#11002,#11003);
#9642=AXIS2_PLACEMENT_3D('',#13626,#11006,#11007);
#9643=AXIS2_PLACEMENT_3D('',#13629,#11010,#11011);
#9644=AXIS2_PLACEMENT_3D('',#13630,#11012,#11013);
#9645=AXIS2_PLACEMENT_3D('',#13631,#11014,#11015);
#9646=AXIS2_PLACEMENT_3D('',#13640,#11020,#11021);
#9647=AXIS2_PLACEMENT_3D('',#13649,#11026,#11027);
#9648=AXIS2_PLACEMENT_3D('',#13658,#11032,#11033);
#9649=AXIS2_PLACEMENT_3D('',#13664,#11037,#11038);
#9650=AXIS2_PLACEMENT_3D('',#13670,#11042,#11043);
#9651=AXIS2_PLACEMENT_3D('',#13673,#11046,#11047);
#9652=AXIS2_PLACEMENT_3D('',#13682,#11052,#11053);
#9653=AXIS2_PLACEMENT_3D('',#13688,#11057,#11058);
#9654=AXIS2_PLACEMENT_3D('',#13694,#11062,#11063);
#9655=AXIS2_PLACEMENT_3D('',#13697,#11066,#11067);
#9656=AXIS2_PLACEMENT_3D('',#13700,#11070,#11071);
#9657=AXIS2_PLACEMENT_3D('',#13703,#11074,#11075);
#9658=AXIS2_PLACEMENT_3D('',#13712,#11080,#11081);
#9659=AXIS2_PLACEMENT_3D('',#13718,#11085,#11086);
#9660=AXIS2_PLACEMENT_3D('',#13724,#11090,#11091);
#9661=AXIS2_PLACEMENT_3D('',#13727,#11094,#11095);
#9662=AXIS2_PLACEMENT_3D('',#13736,#11100,#11101);
#9663=AXIS2_PLACEMENT_3D('',#13742,#11105,#11106);
#9664=AXIS2_PLACEMENT_3D('',#13748,#11110,#11111);
#9665=AXIS2_PLACEMENT_3D('',#13751,#11114,#11115);
#9666=AXIS2_PLACEMENT_3D('',#13760,#11120,#11121);
#9667=AXIS2_PLACEMENT_3D('',#13763,#11123,#11124);
#9668=AXIS2_PLACEMENT_3D('',#13766,#11126,#11127);
#9669=AXIS2_PLACEMENT_3D('',#13771,#11130,#11131);
#9670=AXIS2_PLACEMENT_3D('',#13772,#11132,#11133);
#9671=AXIS2_PLACEMENT_3D('',#13781,#11138,#11139);
#9672=AXIS2_PLACEMENT_3D('',#13782,#11140,#11141);
#9673=AXIS2_PLACEMENT_3D('',#13787,#11144,#11145);
#9674=AXIS2_PLACEMENT_3D('',#13790,#11147,#11148);
#9675=AXIS2_PLACEMENT_3D('',#13793,#11150,#11151);
#9676=AXIS2_PLACEMENT_3D('',#13802,#11156,#11157);
#9677=AXIS2_PLACEMENT_3D('',#13803,#11158,#11159);
#9678=AXIS2_PLACEMENT_3D('',#13808,#11162,#11163);
#9679=AXIS2_PLACEMENT_3D('',#13811,#11165,#11166);
#9680=AXIS2_PLACEMENT_3D('',#13814,#11168,#11169);
#9681=AXIS2_PLACEMENT_3D('',#13823,#11174,#11175);
#9682=AXIS2_PLACEMENT_3D('',#13826,#11177,#11178);
#9683=AXIS2_PLACEMENT_3D('',#13829,#11180,#11181);
#9684=AXIS2_PLACEMENT_3D('',#13834,#11184,#11185);
#9685=AXIS2_PLACEMENT_3D('',#13835,#11186,#11187);
#9686=AXIS2_PLACEMENT_3D('',#13839,#11189,#11190);
#9687=AXIS2_PLACEMENT_3D('',#13843,#11192,#11193);
#9688=AXIS2_PLACEMENT_3D('',#13847,#11195,#11196);
#9689=AXIS2_PLACEMENT_3D('',#13851,#11198,#11199);
#9690=AXIS2_PLACEMENT_3D('',#13965,#11209,#11210);
#9691=AXIS2_PLACEMENT_3D('',#13990,#11220,#11221);
#9692=AXIS2_PLACEMENT_3D('',#13994,#11223,#11224);
#9693=AXIS2_PLACEMENT_3D('',#13998,#11226,#11227);
#9694=AXIS2_PLACEMENT_3D('',#14002,#11229,#11230);
#9695=AXIS2_PLACEMENT_3D('',#14003,#11231,#11232);
#9696=AXIS2_PLACEMENT_3D('',#14007,#11234,#11235);
#9697=AXIS2_PLACEMENT_3D('',#14011,#11237,#11238);
#9698=AXIS2_PLACEMENT_3D('',#14015,#11240,#11241);
#9699=AXIS2_PLACEMENT_3D('',#14019,#11243,#11244);
#9700=AXIS2_PLACEMENT_3D('',#14065,#11249,#11250);
#9701=AXIS2_PLACEMENT_3D('',#14069,#11252,#11253);
#9702=AXIS2_PLACEMENT_3D('',#14073,#11255,#11256);
#9703=AXIS2_PLACEMENT_3D('',#14077,#11258,#11259);
#9704=AXIS2_PLACEMENT_3D('',#14081,#11261,#11262);
#9705=AXIS2_PLACEMENT_3D('',#14094,#11269,#11270);
#9706=AXIS2_PLACEMENT_3D('',#14098,#11272,#11273);
#9707=AXIS2_PLACEMENT_3D('',#14102,#11275,#11276);
#9708=AXIS2_PLACEMENT_3D('',#14106,#11278,#11279);
#9709=AXIS2_PLACEMENT_3D('',#14110,#11281,#11282);
#9710=AXIS2_PLACEMENT_3D('',#14114,#11284,#11285);
#9711=AXIS2_PLACEMENT_3D('',#14118,#11287,#11288);
#9712=AXIS2_PLACEMENT_3D('',#14122,#11290,#11291);
#9713=AXIS2_PLACEMENT_3D('',#14126,#11293,#11294);
#9714=AXIS2_PLACEMENT_3D('',#14130,#11296,#11297);
#9715=AXIS2_PLACEMENT_3D('',#14134,#11299,#11300);
#9716=AXIS2_PLACEMENT_3D('',#14138,#11302,#11303);
#9717=AXIS2_PLACEMENT_3D('',#14142,#11305,#11306);
#9718=AXIS2_PLACEMENT_3D('',#14146,#11308,#11309);
#9719=AXIS2_PLACEMENT_3D('',#14150,#11311,#11312);
#9720=AXIS2_PLACEMENT_3D('',#14154,#11314,#11315);
#9721=AXIS2_PLACEMENT_3D('',#14158,#11317,#11318);
#9722=AXIS2_PLACEMENT_3D('',#14162,#11320,#11321);
#9723=AXIS2_PLACEMENT_3D('',#14166,#11323,#11324);
#9724=AXIS2_PLACEMENT_3D('',#14170,#11326,#11327);
#9725=AXIS2_PLACEMENT_3D('',#14174,#11329,#11330);
#9726=AXIS2_PLACEMENT_3D('',#14187,#11339,#11340);
#9727=AXIS2_PLACEMENT_3D('',#14196,#11342,#11343);
#9728=AXIS2_PLACEMENT_3D('',#14205,#11345,#11346);
#9729=AXIS2_PLACEMENT_3D('',#14214,#11348,#11349);
#9730=AXIS2_PLACEMENT_3D('',#14223,#11351,#11352);
#9731=AXIS2_PLACEMENT_3D('',#14231,#11356,#11357);
#9732=AXIS2_PLACEMENT_3D('',#14235,#11359,#11360);
#9733=AXIS2_PLACEMENT_3D('',#14236,#11361,#11362);
#9734=AXIS2_PLACEMENT_3D('',#14244,#11366,#11367);
#9735=AXIS2_PLACEMENT_3D('',#14250,#11370,#11371);
#9736=AXIS2_PLACEMENT_3D('',#14254,#11373,#11374);
#9737=AXIS2_PLACEMENT_3D('',#14255,#11375,#11376);
#9738=AXIS2_PLACEMENT_3D('',#14256,#11377,#11378);
#9739=AXIS2_PLACEMENT_3D('',#14258,#11379,#11380);
#9740=AXIS2_PLACEMENT_3D('',#14261,#11382,#11383);
#9741=AXIS2_PLACEMENT_3D('',#14262,#11384,#11385);
#9742=AXIS2_PLACEMENT_3D('',#14264,#11386,#11387);
#9743=AXIS2_PLACEMENT_3D('',#14267,#11389,#11390);
#9744=AXIS2_PLACEMENT_3D('',#14275,#11394,#11395);
#9745=AXIS2_PLACEMENT_3D('',#14279,#11397,#11398);
#9746=AXIS2_PLACEMENT_3D('',#14285,#11401,#11402);
#9747=AXIS2_PLACEMENT_3D('',#14286,#11403,#11404);
#9748=AXIS2_PLACEMENT_3D('',#14294,#11408,#11409);
#9749=AXIS2_PLACEMENT_3D('',#14298,#11411,#11412);
#9750=AXIS2_PLACEMENT_3D('',#14299,#11413,#11414);
#9751=AXIS2_PLACEMENT_3D('',#14300,#11415,#11416);
#9752=AXIS2_PLACEMENT_3D('',#14302,#11417,#11418);
#9753=AXIS2_PLACEMENT_3D('',#14305,#11420,#11421);
#9754=AXIS2_PLACEMENT_3D('',#14306,#11422,#11423);
#9755=AXIS2_PLACEMENT_3D('',#14329,#11425,#11426);
#9756=AXIS2_PLACEMENT_3D('',#14330,#11427,#11428);
#9757=AXIS2_PLACEMENT_3D('',#14336,#11431,#11432);
#9758=AXIS2_PLACEMENT_3D('',#14339,#11434,#11435);
#9759=AXIS2_PLACEMENT_3D('',#14340,#11436,#11437);
#9760=AXIS2_PLACEMENT_3D('',#14345,#11439,#11440);
#9761=AXIS2_PLACEMENT_3D('',#14349,#11443,#11444);
#9762=AXIS2_PLACEMENT_3D('',#14355,#11448,#11449);
#9763=AXIS2_PLACEMENT_3D('',#14356,#11450,#11451);
#9764=AXIS2_PLACEMENT_3D('',#14358,#11452,#11453);
#9765=AXIS2_PLACEMENT_3D('',#14362,#11455,#11456);
#9766=AXIS2_PLACEMENT_3D('',#14364,#11458,#11459);
#9767=AXIS2_PLACEMENT_3D('',#14368,#11461,#11462);
#9768=AXIS2_PLACEMENT_3D('',#14418,#11488,#11489);
#9769=AXIS2_PLACEMENT_3D('',#14426,#11495,#11496);
#9770=AXIS2_PLACEMENT_3D('',#14429,#11499,#11500);
#9771=AXIS2_PLACEMENT_3D('',#14435,#11504,#11505);
#9772=AXIS2_PLACEMENT_3D('',#14441,#11509,#11510);
#9773=AXIS2_PLACEMENT_3D('',#14449,#11516,#11517);
#9774=AXIS2_PLACEMENT_3D('',#14455,#11521,#11522);
#9775=AXIS2_PLACEMENT_3D('',#14461,#11526,#11527);
#9776=AXIS2_PLACEMENT_3D('',#14467,#11531,#11532);
#9777=AXIS2_PLACEMENT_3D('',#14473,#11536,#11537);
#9778=AXIS2_PLACEMENT_3D('',#14479,#11541,#11542);
#9779=AXIS2_PLACEMENT_3D('',#14483,#11544,#11545);
#9780=AXIS2_PLACEMENT_3D('',#14487,#11547,#11548);
#9781=AXIS2_PLACEMENT_3D('',#14491,#11550,#11551);
#9782=AXIS2_PLACEMENT_3D('',#14495,#11553,#11554);
#9783=AXIS2_PLACEMENT_3D('',#14499,#11556,#11557);
#9784=AXIS2_PLACEMENT_3D('',#14507,#11561,#11562);
#9785=AXIS2_PLACEMENT_3D('',#14511,#11564,#11565);
#9786=AXIS2_PLACEMENT_3D('',#14519,#11569,#11570);
#9787=AXIS2_PLACEMENT_3D('',#14520,#11571,#11572);
#9788=AXIS2_PLACEMENT_3D('',#14522,#11573,#11574);
#9789=AXIS2_PLACEMENT_3D('',#14530,#11580,#11581);
#9790=AXIS2_PLACEMENT_3D('',#14536,#11585,#11586);
#9791=AXIS2_PLACEMENT_3D('',#14544,#11592,#11593);
#9792=AXIS2_PLACEMENT_3D('',#14550,#11597,#11598);
#9793=AXIS2_PLACEMENT_3D('',#14556,#11602,#11603);
#9794=AXIS2_PLACEMENT_3D('',#14562,#11607,#11608);
#9795=AXIS2_PLACEMENT_3D('',#14564,#11610,#11611);
#9796=AXIS2_PLACEMENT_3D('',#14567,#11613,#11614);
#9797=AXIS2_PLACEMENT_3D('',#14571,#11617,#11618);
#9798=AXIS2_PLACEMENT_3D('',#14572,#11619,#11620);
#9799=AXIS2_PLACEMENT_3D('',#14575,#11623,#11624);
#9800=AXIS2_PLACEMENT_3D('',#14600,#11625,#11626);
#9801=AXIS2_PLACEMENT_3D('',#14607,#11627,#11628);
#9802=AXIS2_PLACEMENT_3D('',#14656,#11629,#11630);
#9803=AXIS2_PLACEMENT_3D('',#14657,#11631,#11632);
#9804=AXIS2_PLACEMENT_3D('',#14676,#11633,#11634);
#9805=AXIS2_PLACEMENT_3D('',#14677,#11635,#11636);
#9806=AXIS2_PLACEMENT_3D('',#14678,#11637,#11638);
#9807=AXIS2_PLACEMENT_3D('',#14679,#11639,#11640);
#9808=AXIS2_PLACEMENT_3D('',#14680,#11641,#11642);
#9809=AXIS2_PLACEMENT_3D('',#14681,#11643,#11644);
#9810=AXIS2_PLACEMENT_3D('',#14682,#11645,#11646);
#9811=AXIS2_PLACEMENT_3D('',#14683,#11647,#11648);
#9812=AXIS2_PLACEMENT_3D('',#14684,#11649,#11650);
#9813=AXIS2_PLACEMENT_3D('',#14685,#11651,#11652);
#9814=AXIS2_PLACEMENT_3D('',#14686,#11653,#11654);
#9815=AXIS2_PLACEMENT_3D('',#14687,#11655,#11656);
#9816=AXIS2_PLACEMENT_3D('',#14688,#11657,#11658);
#9817=AXIS2_PLACEMENT_3D('',#14689,#11659,#11660);
#9818=AXIS2_PLACEMENT_3D('',#14690,#11661,#11662);
#9819=AXIS2_PLACEMENT_3D('',#14691,#11663,#11664);
#9820=AXIS2_PLACEMENT_3D('',#14702,#11665,#11666);
#9821=AXIS2_PLACEMENT_3D('',#14703,#11667,#11668);
#9822=AXIS2_PLACEMENT_3D('',#14704,#11669,#11670);
#9823=AXIS2_PLACEMENT_3D('',#14721,#11671,#11672);
#9824=AXIS2_PLACEMENT_3D('',#14722,#11673,#11674);
#9825=AXIS2_PLACEMENT_3D('',#14723,#11675,#11676);
#9826=AXIS2_PLACEMENT_3D('',#14724,#11677,#11678);
#9827=AXIS2_PLACEMENT_3D('',#14725,#11679,#11680);
#9828=AXIS2_PLACEMENT_3D('',#14726,#11681,#11682);
#9829=AXIS2_PLACEMENT_3D('',#14727,#11683,#11684);
#9830=AXIS2_PLACEMENT_3D('',#14744,#11685,#11686);
#9831=AXIS2_PLACEMENT_3D('',#14745,#11687,#11688);
#9832=AXIS2_PLACEMENT_3D('',#14762,#11689,#11690);
#9833=AXIS2_PLACEMENT_3D('',#14782,#11691,#11692);
#9834=AXIS2_PLACEMENT_3D('',#14783,#11693,#11694);
#9835=AXIS2_PLACEMENT_3D('',#14794,#11695,#11696);
#9836=AXIS2_PLACEMENT_3D('',#14795,#11697,#11698);
#9837=AXIS2_PLACEMENT_3D('',#14812,#11699,#11700);
#9838=AXIS2_PLACEMENT_3D('',#14813,#11701,#11702);
#9839=AXIS2_PLACEMENT_3D('',#14814,#11703,#11704);
#9840=AXIS2_PLACEMENT_3D('',#14815,#11705,#11706);
#9841=AXIS2_PLACEMENT_3D('',#14816,#11707,#11708);
#9842=AXIS2_PLACEMENT_3D('',#14817,#11709,#11710);
#9843=AXIS2_PLACEMENT_3D('',#14818,#11711,#11712);
#9844=AXIS2_PLACEMENT_3D('',#14835,#11713,#11714);
#9845=AXIS2_PLACEMENT_3D('',#14836,#11715,#11716);
#9846=AXIS2_PLACEMENT_3D('',#14837,#11717,#11718);
#9847=AXIS2_PLACEMENT_3D('',#14854,#11719,#11720);
#9848=AXIS2_PLACEMENT_3D('',#14855,#11721,#11722);
#9849=AXIS2_PLACEMENT_3D('',#14856,#11723,#11724);
#9850=AXIS2_PLACEMENT_3D('',#14857,#11725,#11726);
#9851=AXIS2_PLACEMENT_3D('',#14858,#11727,#11728);
#9852=AXIS2_PLACEMENT_3D('',#14859,#11729,#11730);
#9853=AXIS2_PLACEMENT_3D('',#14860,#11731,#11732);
#9854=AXIS2_PLACEMENT_3D('',#14861,#11733,#11734);
#9855=AXIS2_PLACEMENT_3D('',#14862,#11735,#11736);
#9856=AXIS2_PLACEMENT_3D('',#14863,#11737,#11738);
#9857=AXIS2_PLACEMENT_3D('',#14864,#11739,#11740);
#9858=AXIS2_PLACEMENT_3D('',#14865,#11741,#11742);
#9859=AXIS2_PLACEMENT_3D('',#14866,#11743,#11744);
#9860=AXIS2_PLACEMENT_3D('',#14867,#11745,#11746);
#9861=AXIS2_PLACEMENT_3D('',#14868,#11747,#11748);
#9862=AXIS2_PLACEMENT_3D('',#14869,#11749,#11750);
#9863=AXIS2_PLACEMENT_3D('',#14870,#11751,#11752);
#9864=AXIS2_PLACEMENT_3D('',#14871,#11753,#11754);
#9865=AXIS2_PLACEMENT_3D('',#14872,#11755,#11756);
#9866=AXIS2_PLACEMENT_3D('',#14873,#11757,#11758);
#9867=AXIS2_PLACEMENT_3D('',#14874,#11759,#11760);
#9868=AXIS2_PLACEMENT_3D('',#14876,#11761,#11762);
#9869=AXIS2_PLACEMENT_3D('',#14878,#11763,#11764);
#9870=AXIS2_PLACEMENT_3D('',#14879,#11765,#11766);
#9871=AXIS2_PLACEMENT_3D('',#14880,#11767,#11768);
#9872=AXIS2_PLACEMENT_3D('',#14881,#11769,#11770);
#9873=AXIS2_PLACEMENT_3D('',#14882,#11771,#11772);
#9874=AXIS2_PLACEMENT_3D('',#14883,#11773,#11774);
#9875=AXIS2_PLACEMENT_3D('',#14884,#11775,#11776);
#9876=AXIS2_PLACEMENT_3D('',#14885,#11777,#11778);
#9877=AXIS2_PLACEMENT_3D('',#14886,#11779,#11780);
#9878=AXIS2_PLACEMENT_3D('',#14887,#11781,#11782);
#9879=AXIS2_PLACEMENT_3D('',#14888,#11783,#11784);
#9880=AXIS2_PLACEMENT_3D('',#14889,#11785,#11786);
#9881=AXIS2_PLACEMENT_3D('',#14906,#11787,#11788);
#9882=AXIS2_PLACEMENT_3D('',#14907,#11789,#11790);
#9883=AXIS2_PLACEMENT_3D('',#14908,#11791,#11792);
#9884=AXIS2_PLACEMENT_3D('',#14909,#11793,#11794);
#9885=AXIS2_PLACEMENT_3D('',#14910,#11795,#11796);
#9886=AXIS2_PLACEMENT_3D('',#14911,#11797,#11798);
#9887=AXIS2_PLACEMENT_3D('',#14912,#11799,#11800);
#9888=AXIS2_PLACEMENT_3D('',#14913,#11801,#11802);
#9889=AXIS2_PLACEMENT_3D('',#14914,#11803,#11804);
#9890=AXIS2_PLACEMENT_3D('',#14915,#11805,#11806);
#9891=AXIS2_PLACEMENT_3D('',#14932,#11807,#11808);
#9892=AXIS2_PLACEMENT_3D('',#14949,#11809,#11810);
#9893=AXIS2_PLACEMENT_3D('',#14950,#11811,#11812);
#9894=AXIS2_PLACEMENT_3D('',#14951,#11813,#11814);
#9895=AXIS2_PLACEMENT_3D('',#14952,#11815,#11816);
#9896=AXIS2_PLACEMENT_3D('',#14954,#11818,#11819);
#9897=AXIS2_PLACEMENT_3D('',#14955,#11820,#11821);
#9898=AXIS2_PLACEMENT_3D('',#14956,#11822,#11823);
#9899=AXIS2_PLACEMENT_3D('',#14957,#11824,#11825);
#9900=AXIS2_PLACEMENT_3D('',#14958,#11826,#11827);
#9901=AXIS2_PLACEMENT_3D('',#14959,#11828,#11829);
#9902=AXIS2_PLACEMENT_3D('',#14978,#11832,#11833);
#9903=AXIS2_PLACEMENT_3D('',#14981,#11836,#11837);
#9904=AXIS2_PLACEMENT_3D('',#14982,#11838,#11839);
#9905=AXIS2_PLACEMENT_3D('',#14983,#11840,#11841);
#9906=AXIS2_PLACEMENT_3D('',#14984,#11842,#11843);
#9907=AXIS2_PLACEMENT_3D('',#14985,#11844,#11845);
#9908=AXIS2_PLACEMENT_3D('',#14988,#11848,#11849);
#9909=AXIS2_PLACEMENT_3D('',#14991,#11852,#11853);
#9910=AXIS2_PLACEMENT_3D('',#14992,#11854,#11855);
#9911=AXIS2_PLACEMENT_3D('',#14993,#11856,#11857);
#9912=AXIS2_PLACEMENT_3D('',#14994,#11858,#11859);
#9913=AXIS2_PLACEMENT_3D('',#14995,#11860,#11861);
#9914=AXIS2_PLACEMENT_3D('',#14996,#11862,#11863);
#9915=AXIS2_PLACEMENT_3D('',#15000,#11865,#11866);
#9916=AXIS2_PLACEMENT_3D('',#15001,#11867,#11868);
#9917=AXIS2_PLACEMENT_3D('',#15004,#11871,#11872);
#9918=AXIS2_PLACEMENT_3D('',#15007,#11875,#11876);
#9919=AXIS2_PLACEMENT_3D('',#15010,#11879,#11880);
#9920=AXIS2_PLACEMENT_3D('',#15013,#11883,#11884);
#9921=AXIS2_PLACEMENT_3D('',#15014,#11885,#11886);
#9922=AXIS2_PLACEMENT_3D('',#15015,#11887,#11888);
#9923=AXIS2_PLACEMENT_3D('',#15016,#11889,#11890);
#9924=AXIS2_PLACEMENT_3D('',#15017,#11891,#11892);
#9925=AXIS2_PLACEMENT_3D('',#15023,#11896,#11897);
#9926=AXIS2_PLACEMENT_3D('',#15027,#11900,#11901);
#9927=AXIS2_PLACEMENT_3D('',#15031,#11904,#11905);
#9928=AXIS2_PLACEMENT_3D('',#15035,#11908,#11909);
#9929=AXIS2_PLACEMENT_3D('',#15039,#11912,#11913);
#9930=AXIS2_PLACEMENT_3D('',#15041,#11915,#11916);
#9931=AXIS2_PLACEMENT_3D('',#15042,#11917,#11918);
#9932=AXIS2_PLACEMENT_3D('',#15058,#11924,#11925);
#9933=AXIS2_PLACEMENT_3D('',#15096,#11930,#11931);
#9934=AXIS2_PLACEMENT_3D('',#15100,#11934,#11935);
#9935=AXIS2_PLACEMENT_3D('',#15104,#11938,#11939);
#9936=AXIS2_PLACEMENT_3D('',#15133,#11941,#11942);
#9937=AXIS2_PLACEMENT_3D('',#15142,#11947,#11948);
#9938=AXIS2_PLACEMENT_3D('',#15148,#11952,#11953);
#9939=AXIS2_PLACEMENT_3D('',#15154,#11957,#11958);
#9940=AXIS2_PLACEMENT_3D('',#15168,#11963,#11964);
#9941=AXIS2_PLACEMENT_3D('',#15172,#11967,#11968);
#9942=AXIS2_PLACEMENT_3D('',#15176,#11971,#11972);
#9943=AXIS2_PLACEMENT_3D('',#15180,#11975,#11976);
#9944=AXIS2_PLACEMENT_3D('',#15184,#11979,#11980);
#9945=AXIS2_PLACEMENT_3D('',#15188,#11983,#11984);
#9946=AXIS2_PLACEMENT_3D('',#15190,#11986,#11987);
#9947=AXIS2_PLACEMENT_3D('',#15193,#11990,#11991);
#9948=AXIS2_PLACEMENT_3D('',#15194,#11992,#11993);
#9949=AXIS2_PLACEMENT_3D('',#15195,#11994,#11995);
#9950=AXIS2_PLACEMENT_3D('',#15211,#12001,#12002);
#9951=AXIS2_PLACEMENT_3D('',#15271,#12009,#12010);
#9952=AXIS2_PLACEMENT_3D('',#15305,#12015,#12016);
#9953=AXIS2_PLACEMENT_3D('',#15330,#12018,#12019);
#9954=AXIS2_PLACEMENT_3D('',#15336,#12023,#12024);
#9955=AXIS2_PLACEMENT_3D('',#15374,#12029,#12030);
#9956=AXIS2_PLACEMENT_3D('',#15412,#12035,#12036);
#9957=AXIS2_PLACEMENT_3D('',#15416,#12039,#12040);
#9958=AXIS2_PLACEMENT_3D('',#15420,#12043,#12044);
#9959=AXIS2_PLACEMENT_3D('',#15422,#12046,#12047);
#9960=AXIS2_PLACEMENT_3D('',#15423,#12048,#12049);
#9961=AXIS2_PLACEMENT_3D('',#15432,#12054,#12055);
#9962=AXIS2_PLACEMENT_3D('',#15435,#12058,#12059);
#9963=AXIS2_PLACEMENT_3D('',#15438,#12062,#12063);
#9964=AXIS2_PLACEMENT_3D('',#15439,#12064,#12065);
#9965=AXIS2_PLACEMENT_3D('',#15440,#12066,#12067);
#9966=AXIS2_PLACEMENT_3D('',#15449,#12072,#12073);
#9967=AXIS2_PLACEMENT_3D('',#15452,#12076,#12077);
#9968=AXIS2_PLACEMENT_3D('',#15455,#12080,#12081);
#9969=AXIS2_PLACEMENT_3D('',#15456,#12082,#12083);
#9970=AXIS2_PLACEMENT_3D('',#15457,#12084,#12085);
#9971=AXIS2_PLACEMENT_3D('',#15466,#12090,#12091);
#9972=AXIS2_PLACEMENT_3D('',#15469,#12094,#12095);
#9973=AXIS2_PLACEMENT_3D('',#15472,#12098,#12099);
#9974=AXIS2_PLACEMENT_3D('',#15473,#12100,#12101);
#9975=AXIS2_PLACEMENT_3D('',#15474,#12102,#12103);
#9976=AXIS2_PLACEMENT_3D('',#15483,#12108,#12109);
#9977=AXIS2_PLACEMENT_3D('',#15486,#12112,#12113);
#9978=AXIS2_PLACEMENT_3D('',#15489,#12116,#12117);
#9979=AXIS2_PLACEMENT_3D('',#15490,#12118,#12119);
#9980=AXIS2_PLACEMENT_3D('',#15491,#12120,#12121);
#9981=AXIS2_PLACEMENT_3D('',#15500,#12126,#12127);
#9982=AXIS2_PLACEMENT_3D('',#15503,#12130,#12131);
#9983=AXIS2_PLACEMENT_3D('',#15506,#12134,#12135);
#9984=AXIS2_PLACEMENT_3D('',#15507,#12136,#12137);
#9985=AXIS2_PLACEMENT_3D('',#15508,#12138,#12139);
#9986=AXIS2_PLACEMENT_3D('',#15517,#12144,#12145);
#9987=AXIS2_PLACEMENT_3D('',#15520,#12148,#12149);
#9988=AXIS2_PLACEMENT_3D('',#15523,#12152,#12153);
#9989=AXIS2_PLACEMENT_3D('',#15524,#12154,#12155);
#9990=AXIS2_PLACEMENT_3D('',#15525,#12156,#12157);
#9991=AXIS2_PLACEMENT_3D('',#15534,#12162,#12163);
#9992=AXIS2_PLACEMENT_3D('',#15535,#12164,#12165);
#9993=AXIS2_PLACEMENT_3D('',#15547,#12171,#12172);
#9994=AXIS2_PLACEMENT_3D('',#15567,#12182,#12183);
#9995=AXIS2_PLACEMENT_3D('',#15574,#12187,#12188);
#9996=AXIS2_PLACEMENT_3D('',#15575,#12189,#12190);
#9997=AXIS2_PLACEMENT_3D('',#15585,#12195,#12196);
#9998=AXIS2_PLACEMENT_3D('',#15605,#12206,#12207);
#9999=AXIS2_PLACEMENT_3D('',#15614,#12212,#12213);
#10000=AXIS2_PLACEMENT_3D('',#15616,#12215,#12216);
#10001=AXIS2_PLACEMENT_3D('',#15618,#12218,#12219);
#10002=AXIS2_PLACEMENT_3D('',#15621,#12222,#12223);
#10003=AXIS2_PLACEMENT_3D('',#15624,#12226,#12227);
#10004=AXIS2_PLACEMENT_3D('',#15626,#12229,#12230);
#10005=AXIS2_PLACEMENT_3D('',#15628,#12232,#12233);
#10006=AXIS2_PLACEMENT_3D('',#15630,#12235,#12236);
#10007=AXIS2_PLACEMENT_3D('',#15639,#12241,#12242);
#10008=AXIS2_PLACEMENT_3D('',#15642,#12245,#12246);
#10009=AXIS2_PLACEMENT_3D('',#15644,#12248,#12249);
#10010=AXIS2_PLACEMENT_3D('',#15646,#12251,#12252);
#10011=AXIS2_PLACEMENT_3D('',#15648,#12254,#12255);
#10012=AXIS2_PLACEMENT_3D('',#15651,#12258,#12259);
#10013=AXIS2_PLACEMENT_3D('',#15652,#12260,#12261);
#10014=AXIS2_PLACEMENT_3D('',#15654,#12263,#12264);
#10015=AXIS2_PLACEMENT_3D('',#15655,#12265,#12266);
#10016=AXIS2_PLACEMENT_3D('',#15657,#12268,#12269);
#10017=AXIS2_PLACEMENT_3D('',#15658,#12270,#12271);
#10018=AXIS2_PLACEMENT_3D('',#15661,#12274,#12275);
#10019=AXIS2_PLACEMENT_3D('',#15664,#12278,#12279);
#10020=AXIS2_PLACEMENT_3D('',#15665,#12280,#12281);
#10021=AXIS2_PLACEMENT_3D('',#15666,#12282,#12283);
#10022=AXIS2_PLACEMENT_3D('',#15667,#12284,#12285);
#10023=AXIS2_PLACEMENT_3D('',#15668,#12286,#12287);
#10024=AXIS2_PLACEMENT_3D('',#15678,#12292,#12293);
#10025=AXIS2_PLACEMENT_3D('',#15682,#12295,#12296);
#10026=AXIS2_PLACEMENT_3D('',#15693,#12302,#12303);
#10027=AXIS2_PLACEMENT_3D('',#15694,#12304,#12305);
#10028=AXIS2_PLACEMENT_3D('',#15700,#12308,#12309);
#10029=AXIS2_PLACEMENT_3D('',#15704,#12311,#12312);
#10030=AXIS2_PLACEMENT_3D('',#15715,#12318,#12319);
#10031=AXIS2_PLACEMENT_3D('',#15739,#12331,#12332);
#10032=AXIS2_PLACEMENT_3D('',#15746,#12336,#12337);
#10033=AXIS2_PLACEMENT_3D('',#15747,#12338,#12339);
#10034=AXIS2_PLACEMENT_3D('',#15757,#12344,#12345);
#10035=AXIS2_PLACEMENT_3D('',#15781,#12357,#12358);
#10036=AXIS2_PLACEMENT_3D('',#15792,#12364,#12365);
#10037=AXIS2_PLACEMENT_3D('',#15796,#12367,#12368);
#10038=AXIS2_PLACEMENT_3D('',#15799,#12370,#12371);
#10039=AXIS2_PLACEMENT_3D('',#15801,#12373,#12374);
#10040=AXIS2_PLACEMENT_3D('',#15803,#12376,#12377);
#10041=AXIS2_PLACEMENT_3D('',#15808,#12380,#12381);
#10042=AXIS2_PLACEMENT_3D('',#15812,#12383,#12384);
#10043=AXIS2_PLACEMENT_3D('',#15813,#12385,#12386);
#10044=AXIS2_PLACEMENT_3D('',#15817,#12389,#12390);
#10045=AXIS2_PLACEMENT_3D('',#15821,#12393,#12394);
#10046=AXIS2_PLACEMENT_3D('',#15822,#12395,#12396);
#10047=AXIS2_PLACEMENT_3D('',#15826,#12398,#12399);
#10048=AXIS2_PLACEMENT_3D('',#15827,#12400,#12401);
#10049=AXIS2_PLACEMENT_3D('',#15828,#12402,#12403);
#10050=AXIS2_PLACEMENT_3D('',#15829,#12404,#12405);
#10051=AXIS2_PLACEMENT_3D('',#15830,#12406,#12407);
#10052=AXIS2_PLACEMENT_3D('',#15831,#12408,#12409);
#10053=AXIS2_PLACEMENT_3D('',#15834,#12412,#12413);
#10054=AXIS2_PLACEMENT_3D('',#15836,#12415,#12416);
#10055=AXIS2_PLACEMENT_3D('',#15838,#12418,#12419);
#10056=AXIS2_PLACEMENT_3D('',#15841,#12422,#12423);
#10057=AXIS2_PLACEMENT_3D('',#15844,#12426,#12427);
#10058=AXIS2_PLACEMENT_3D('',#15847,#12430,#12431);
#10059=AXIS2_PLACEMENT_3D('',#15849,#12433,#12434);
#10060=AXIS2_PLACEMENT_3D('',#15851,#12436,#12437);
#10061=AXIS2_PLACEMENT_3D('',#15853,#12439,#12440);
#10062=AXIS2_PLACEMENT_3D('',#15862,#12445,#12446);
#10063=AXIS2_PLACEMENT_3D('',#15864,#12448,#12449);
#10064=AXIS2_PLACEMENT_3D('',#15865,#12450,#12451);
#10065=AXIS2_PLACEMENT_3D('',#15868,#12454,#12455);
#10066=AXIS2_PLACEMENT_3D('',#15870,#12457,#12458);
#10067=AXIS2_PLACEMENT_3D('',#15871,#12459,#12460);
#10068=AXIS2_PLACEMENT_3D('',#15873,#12462,#12463);
#10069=AXIS2_PLACEMENT_3D('',#15874,#12464,#12465);
#10070=AXIS2_PLACEMENT_3D('',#15875,#12466,#12467);
#10071=AXIS2_PLACEMENT_3D('',#15876,#12468,#12469);
#10072=AXIS2_PLACEMENT_3D('',#15877,#12470,#12471);
#10073=AXIS2_PLACEMENT_3D('',#15878,#12472,#12473);
#10074=AXIS2_PLACEMENT_3D('',#15879,#12474,#12475);
#10075=AXIS2_PLACEMENT_3D('',#15880,#12476,#12477);
#10076=AXIS2_PLACEMENT_3D('',#15881,#12478,#12479);
#10077=AXIS2_PLACEMENT_3D('',#15882,#12480,#12481);
#10078=AXIS2_PLACEMENT_3D('',#15883,#12482,#12483);
#10079=AXIS2_PLACEMENT_3D('',#15886,#12486,#12487);
#10080=AXIS2_PLACEMENT_3D('',#15889,#12490,#12491);
#10081=AXIS2_PLACEMENT_3D('',#15890,#12492,#12493);
#10082=AXIS2_PLACEMENT_3D('',#15891,#12494,#12495);
#10083=AXIS2_PLACEMENT_3D('',#15900,#12500,#12501);
#10084=AXIS2_PLACEMENT_3D('',#15901,#12502,#12503);
#10085=AXIS2_PLACEMENT_3D('',#15913,#12509,#12510);
#10086=AXIS2_PLACEMENT_3D('',#15933,#12520,#12521);
#10087=AXIS2_PLACEMENT_3D('',#15940,#12525,#12526);
#10088=AXIS2_PLACEMENT_3D('',#15941,#12527,#12528);
#10089=AXIS2_PLACEMENT_3D('',#15951,#12533,#12534);
#10090=AXIS2_PLACEMENT_3D('',#15971,#12544,#12545);
#10091=AXIS2_PLACEMENT_3D('',#15980,#12550,#12551);
#10092=AXIS2_PLACEMENT_3D('',#15982,#12553,#12554);
#10093=AXIS2_PLACEMENT_3D('',#15984,#12556,#12557);
#10094=AXIS2_PLACEMENT_3D('',#15987,#12560,#12561);
#10095=AXIS2_PLACEMENT_3D('',#15990,#12564,#12565);
#10096=AXIS2_PLACEMENT_3D('',#15992,#12567,#12568);
#10097=AXIS2_PLACEMENT_3D('',#15994,#12570,#12571);
#10098=AXIS2_PLACEMENT_3D('',#15996,#12573,#12574);
#10099=AXIS2_PLACEMENT_3D('',#16005,#12579,#12580);
#10100=AXIS2_PLACEMENT_3D('',#16008,#12583,#12584);
#10101=AXIS2_PLACEMENT_3D('',#16010,#12586,#12587);
#10102=AXIS2_PLACEMENT_3D('',#16012,#12589,#12590);
#10103=AXIS2_PLACEMENT_3D('',#16014,#12592,#12593);
#10104=AXIS2_PLACEMENT_3D('',#16017,#12596,#12597);
#10105=AXIS2_PLACEMENT_3D('',#16018,#12598,#12599);
#10106=AXIS2_PLACEMENT_3D('',#16020,#12601,#12602);
#10107=AXIS2_PLACEMENT_3D('',#16021,#12603,#12604);
#10108=AXIS2_PLACEMENT_3D('',#16023,#12606,#12607);
#10109=AXIS2_PLACEMENT_3D('',#16024,#12608,#12609);
#10110=AXIS2_PLACEMENT_3D('',#16027,#12612,#12613);
#10111=AXIS2_PLACEMENT_3D('',#16030,#12616,#12617);
#10112=AXIS2_PLACEMENT_3D('',#16031,#12618,#12619);
#10113=AXIS2_PLACEMENT_3D('',#16032,#12620,#12621);
#10114=AXIS2_PLACEMENT_3D('',#16033,#12622,#12623);
#10115=AXIS2_PLACEMENT_3D('',#16034,#12624,#12625);
#10116=DIRECTION('',(0.,0.,1.));
#10117=DIRECTION('',(1.,0.,0.));
#10118=DIRECTION('',(0.707106781186547,-0.707106781186547,0.));
#10119=DIRECTION('',(0.707106781186548,0.707106781186547,0.));
#10120=DIRECTION('',(0.,0.,1.));
#10121=DIRECTION('',(-1.,0.,0.));
#10122=DIRECTION('',(1.,0.,0.));
#10123=DIRECTION('',(0.,-1.,0.));
#10124=DIRECTION('',(0.,0.,-1.));
#10125=DIRECTION('',(-1.,0.,0.));
#10126=DIRECTION('',(0.707106781186547,0.707106781186547,0.));
#10127=DIRECTION('',(0.707106781186548,-0.707106781186547,0.));
#10128=DIRECTION('',(0.,0.,1.));
#10129=DIRECTION('',(-1.,0.,0.));
#10130=DIRECTION('',(0.,-1.,0.));
#10131=DIRECTION('',(1.,0.,0.));
#10132=DIRECTION('',(0.,0.,-1.));
#10133=DIRECTION('',(-1.,0.,0.));
#10134=DIRECTION('',(0.,1.,0.));
#10135=DIRECTION('',(-1.,0.,0.));
#10136=DIRECTION('',(0.,-1.,0.));
#10137=DIRECTION('',(-1.,0.,0.));
#10138=DIRECTION('',(0.707106781186547,-0.707106781186547,0.));
#10139=DIRECTION('',(0.,-1.,0.));
#10140=DIRECTION('',(1.,1.27854029774234E-016,0.));
#10141=DIRECTION('',(0.,1.,0.));
#10142=DIRECTION('',(-1.,0.,0.));
#10143=DIRECTION('',(0.,-1.,0.));
#10144=DIRECTION('',(-1.,0.,0.));
#10145=DIRECTION('',(0.,1.,0.));
#10146=DIRECTION('',(-1.,0.,0.));
#10147=DIRECTION('',(0.,1.,0.));
#10148=DIRECTION('',(-1.,0.,0.));
#10149=DIRECTION('',(0.,1.,0.));
#10150=DIRECTION('',(0.707106781186547,-0.707106781186548,0.));
#10151=DIRECTION('',(-1.,0.,0.));
#10152=DIRECTION('',(0.,-1.,0.));
#10153=DIRECTION('',(-1.,0.,0.));
#10154=DIRECTION('',(0.,-1.,0.));
#10155=DIRECTION('',(-1.,0.,0.));
#10156=DIRECTION('',(0.,1.,0.));
#10157=DIRECTION('',(0.707106781186547,0.707106781186547,0.));
#10158=DIRECTION('',(1.,0.,0.));
#10159=DIRECTION('',(0.,-1.,0.));
#10160=DIRECTION('',(1.,0.,0.));
#10161=DIRECTION('',(0.,1.,0.));
#10162=DIRECTION('',(1.,0.,0.));
#10163=DIRECTION('',(0.,-1.,0.));
#10164=DIRECTION('',(-1.,0.,0.));
#10165=DIRECTION('',(0.,0.,-1.));
#10166=DIRECTION('',(1.,0.,0.));
#10167=DIRECTION('',(0.,1.,0.));
#10168=DIRECTION('',(0.,0.,-1.));
#10169=DIRECTION('',(1.,0.,0.));
#10170=DIRECTION('',(1.,0.,0.));
#10171=DIRECTION('',(0.,-1.,0.));
#10172=DIRECTION('',(1.,0.,0.));
#10173=DIRECTION('',(0.,0.,1.));
#10174=DIRECTION('',(-1.,0.,0.));
#10175=DIRECTION('',(0.,0.,-1.));
#10176=DIRECTION('',(0.,0.,-1.));
#10177=DIRECTION('',(0.,-1.,0.));
#10178=DIRECTION('',(0.,0.,-1.));
#10179=DIRECTION('',(0.,0.,1.));
#10180=DIRECTION('',(0.,1.,0.));
#10181=DIRECTION('',(0.,0.,1.));
#10182=DIRECTION('',(0.,0.,-1.));
#10183=DIRECTION('',(0.,0.,1.));
#10184=DIRECTION('',(0.,-1.,0.));
#10185=DIRECTION('',(0.,0.,-1.));
#10186=DIRECTION('',(0.,1.,0.));
#10187=DIRECTION('',(-1.,0.,0.));
#10188=DIRECTION('',(0.,0.,-1.));
#10189=DIRECTION('',(0.,0.,-1.));
#10190=DIRECTION('',(0.,0.,1.));
#10191=DIRECTION('',(1.,1.27854029774234E-016,0.));
#10192=DIRECTION('',(0.,0.,1.));
#10193=DIRECTION('',(1.,0.,0.));
#10194=DIRECTION('',(0.,0.,1.));
#10195=DIRECTION('',(1.,1.27854029774234E-016,0.));
#10196=DIRECTION('',(0.,0.,1.));
#10197=DIRECTION('',(-1.,0.,0.));
#10198=DIRECTION('',(0.,0.,1.));
#10199=DIRECTION('',(1.,1.27854029774234E-016,0.));
#10200=DIRECTION('',(0.,0.,-1.));
#10201=DIRECTION('',(-1.,0.,0.));
#10202=DIRECTION('',(0.,0.,-1.));
#10203=DIRECTION('',(1.,0.,0.));
#10204=DIRECTION('',(0.,0.,-1.));
#10205=DIRECTION('',(-1.,0.,0.));
#10206=DIRECTION('',(0.,0.,-1.));
#10207=DIRECTION('',(1.27854029774234E-016,-1.,0.));
#10208=DIRECTION('',(1.,1.27854541190353E-016,0.));
#10209=DIRECTION('',(0.,0.,-1.));
#10210=DIRECTION('',(0.,0.,-1.));
#10211=DIRECTION('',(-1.,0.,0.));
#10212=DIRECTION('',(0.,0.,-1.));
#10213=DIRECTION('',(0.,0.,-1.));
#10214=DIRECTION('',(-1.,0.,0.));
#10215=DIRECTION('',(0.,0.,1.));
#10216=DIRECTION('',(-1.,0.,0.));
#10217=DIRECTION('',(0.,0.,1.));
#10218=DIRECTION('',(-1.,0.,0.));
#10219=DIRECTION('',(0.,0.,1.));
#10220=DIRECTION('',(-1.,0.,0.));
#10221=DIRECTION('',(0.,0.,1.));
#10222=DIRECTION('',(1.,0.,0.));
#10223=DIRECTION('',(0.,0.,1.));
#10224=DIRECTION('',(-1.,0.,0.));
#10225=DIRECTION('',(0.,0.,-1.));
#10226=DIRECTION('',(1.,0.,0.));
#10227=DIRECTION('',(0.,1.,0.));
#10228=DIRECTION('',(0.,0.,1.));
#10229=DIRECTION('',(-0.707106781186548,0.707106781186547,0.));
#10230=DIRECTION('',(0.707106781186547,0.707106781186548,0.));
#10231=DIRECTION('',(0.,0.,1.));
#10232=DIRECTION('',(-1.00000000000001,0.,0.));
#10233=DIRECTION('',(0.,0.,-1.));
#10234=DIRECTION('',(1.,0.,0.));
#10235=DIRECTION('',(0.499999999999995,0.499999999999995,-0.707106781186555));
#10236=DIRECTION('',(0.500000000000005,0.500000000000005,0.70710678118654));
#10237=DIRECTION('',(1.14356120708988E-016,-0.894427190999916,-0.447213595499958));
#10238=DIRECTION('',(-5.7178060354494E-017,0.447213595499958,-0.894427190999916));
#10239=DIRECTION('',(0.894427190999916,0.,-0.447213595499958));
#10240=DIRECTION('',(-0.447213595499958,0.,-0.894427190999916));
#10241=DIRECTION('',(0.,0.,1.));
#10242=DIRECTION('',(0.,0.,1.));
#10243=DIRECTION('',(-1.00000000000001,0.,0.));
#10244=DIRECTION('',(0.500000000000001,0.500000000000002,0.707106781186546));
#10245=DIRECTION('',(-0.499999999999999,-0.499999999999999,0.707106781186549));
#10246=DIRECTION('',(0.,0.,-1.));
#10247=DIRECTION('',(1.00000000000001,0.,0.));
#10248=DIRECTION('',(-0.707106781186548,-0.707106781186547,0.));
#10249=DIRECTION('',(0.,0.,1.));
#10250=DIRECTION('',(-1.00000000000001,0.,0.));
#10251=DIRECTION('',(0.707106781186547,-0.707106781186548,0.));
#10252=DIRECTION('',(0.,0.,-1.));
#10253=DIRECTION('',(1.,0.,0.));
#10254=DIRECTION('',(-0.499999999999995,0.499999999999995,0.707106781186555));
#10255=DIRECTION('',(0.500000000000005,-0.500000000000005,0.70710678118654));
#10256=DIRECTION('',(-0.500000000000001,0.500000000000002,-0.707106781186546));
#10257=DIRECTION('',(-0.499999999999999,0.499999999999999,0.707106781186549));
#10258=DIRECTION('',(0.,0.,1.));
#10259=DIRECTION('',(-1.00000000000001,0.,0.));
#10260=DIRECTION('',(0.,0.,-1.));
#10261=DIRECTION('',(0.894427190999916,0.,-0.447213595499958));
#10262=DIRECTION('',(-0.447213595499958,0.,-0.894427190999916));
#10263=DIRECTION('',(0.,0.894427190999916,-0.447213595499958));
#10264=DIRECTION('',(0.,-0.447213595499958,-0.894427190999916));
#10265=DIRECTION('',(0.,0.,-1.));
#10266=DIRECTION('',(1.00000000000001,0.,0.));
#10267=DIRECTION('',(0.499999999999995,-0.499999999999995,0.707106781186555));
#10268=DIRECTION('',(-0.500000000000005,0.500000000000005,0.70710678118654));
#10269=DIRECTION('',(0.500000000000001,-0.500000000000002,-0.707106781186546));
#10270=DIRECTION('',(0.499999999999999,-0.499999999999999,0.707106781186549));
#10271=DIRECTION('',(0.,0.,1.));
#10272=DIRECTION('',(-1.,0.,0.));
#10273=DIRECTION('',(-0.894427190999916,0.,-0.447213595499959));
#10274=DIRECTION('',(0.447213595499959,0.,-0.894427190999915));
#10275=DIRECTION('',(1.14356120708988E-016,-0.894427190999916,-0.447213595499958));
#10276=DIRECTION('',(-5.7178060354494E-017,0.447213595499958,-0.894427190999916));
#10277=DIRECTION('',(0.,0.,-1.));
#10278=DIRECTION('',(1.,0.,0.));
#10279=DIRECTION('',(-0.499999999999995,-0.499999999999995,-0.707106781186555));
#10280=DIRECTION('',(-0.500000000000005,-0.500000000000005,0.70710678118654));
#10281=DIRECTION('',(0.,0.,1.));
#10282=DIRECTION('',(-1.,0.,0.));
#10283=DIRECTION('',(0.,0.894427190999916,-0.447213595499958));
#10284=DIRECTION('',(0.,-0.447213595499958,-0.894427190999916));
#10285=DIRECTION('',(-0.894427190999916,0.,-0.447213595499959));
#10286=DIRECTION('',(0.447213595499959,0.,-0.894427190999915));
#10287=DIRECTION('',(-0.500000000000001,-0.500000000000002,0.707106781186546));
#10288=DIRECTION('',(0.499999999999999,0.499999999999999,0.707106781186549));
#10289=DIRECTION('',(0.,0.,-1.));
#10290=DIRECTION('',(1.,0.,0.));
#10291=DIRECTION('',(0.,0.,1.));
#10292=DIRECTION('',(-0.999999999999999,0.,0.));
#10293=DIRECTION('',(0.,0.,-1.));
#10294=DIRECTION('',(1.,0.,0.));
#10295=DIRECTION('',(-0.999999999978792,-6.51279940401196E-006,0.));
#10296=DIRECTION('',(0.,-1.,0.));
#10297=DIRECTION('',(-1.,0.,0.));
#10298=DIRECTION('',(0.,1.,0.));
#10299=DIRECTION('',(1.,0.,0.));
#10300=DIRECTION('',(0.,-1.,0.));
#10301=DIRECTION('',(0.,0.,-1.));
#10302=DIRECTION('',(1.,0.,0.));
#10303=DIRECTION('',(0.,0.,-1.));
#10304=DIRECTION('',(0.,1.,0.));
#10305=DIRECTION('',(0.,0.,-1.));
#10306=DIRECTION('',(0.,1.,0.));
#10307=DIRECTION('',(0.,0.,1.));
#10308=DIRECTION('',(0.,-1.,0.));
#10309=DIRECTION('',(1.,0.,0.));
#10310=DIRECTION('',(0.,0.,1.));
#10311=DIRECTION('',(0.,1.,0.));
#10312=DIRECTION('',(0.,0.,1.));
#10313=DIRECTION('',(0.,-1.,0.));
#10314=DIRECTION('',(0.,0.,-1.));
#10315=DIRECTION('',(0.,1.,0.));
#10316=DIRECTION('',(0.,0.,1.));
#10317=DIRECTION('',(0.,0.,-1.));
#10318=DIRECTION('',(0.,1.,0.));
#10319=DIRECTION('',(0.,0.,-1.));
#10320=DIRECTION('',(0.,1.,0.));
#10321=DIRECTION('',(0.,1.,0.));
#10322=DIRECTION('',(0.,-1.,0.));
#10323=DIRECTION('',(0.,0.,-1.));
#10324=DIRECTION('',(-1.78893358460108E-015,0.,-1.));
#10325=DIRECTION('',(0.,1.,0.));
#10326=DIRECTION('',(-1.78893358460108E-015,0.,-1.));
#10327=DIRECTION('',(1.,0.,0.));
#10328=DIRECTION('',(0.,0.,1.));
#10329=DIRECTION('',(0.,0.,1.));
#10330=DIRECTION('',(1.,0.,0.));
#10331=DIRECTION('',(0.,0.,1.));
#10332=DIRECTION('',(-1.,0.,0.));
#10333=DIRECTION('',(0.,0.,-1.));
#10334=DIRECTION('',(1.,0.,0.));
#10335=DIRECTION('',(0.,-1.,0.));
#10336=DIRECTION('',(0.,0.,-1.));
#10337=DIRECTION('',(-1.,0.,0.));
#10338=DIRECTION('',(0.,0.,1.));
#10339=DIRECTION('',(1.,0.,0.));
#10340=DIRECTION('',(0.,0.,-1.));
#10341=DIRECTION('',(0.,1.,0.));
#10342=DIRECTION('',(0.,0.,1.));
#10343=DIRECTION('',(1.,0.,0.));
#10344=DIRECTION('',(0.,-1.,0.));
#10345=DIRECTION('',(-1.,-1.27854029774234E-016,0.));
#10346=DIRECTION('',(0.,1.,0.));
#10347=DIRECTION('',(0.,0.,1.));
#10348=DIRECTION('',(1.,0.,0.));
#10349=DIRECTION('',(0.,0.,1.));
#10350=DIRECTION('',(1.,0.,0.));
#10351=DIRECTION('',(0.,0.,1.));
#10352=DIRECTION('',(1.,0.,0.));
#10353=DIRECTION('',(0.,1.,0.));
#10354=DIRECTION('',(0.,0.,1.));
#10355=DIRECTION('',(1.,0.,0.));
#10356=DIRECTION('',(0.,0.,1.));
#10357=DIRECTION('',(-1.,0.,0.));
#10358=DIRECTION('',(0.,0.,-1.));
#10359=DIRECTION('',(0.,-1.,0.));
#10360=DIRECTION('',(0.,0.,1.));
#10361=DIRECTION('',(-1.,0.,0.));
#10362=DIRECTION('',(0.,0.,-1.));
#10363=DIRECTION('',(1.,0.,0.));
#10364=DIRECTION('',(1.,0.,0.));
#10365=DIRECTION('',(0.,1.,0.));
#10366=DIRECTION('',(0.,0.,1.));
#10367=DIRECTION('',(-1.,0.,0.));
#10368=DIRECTION('',(0.,-1.,0.));
#10369=DIRECTION('',(1.,0.,0.));
#10370=DIRECTION('',(0.,-1.,0.));
#10371=DIRECTION('',(1.,0.,0.));
#10372=DIRECTION('',(0.,1.,0.));
#10373=DIRECTION('',(0.,1.,0.));
#10374=DIRECTION('',(0.,0.,1.));
#10375=DIRECTION('',(0.123601476740493,0.,-0.992331937885489));
#10376=DIRECTION('',(0.123601476740493,0.,-0.992331937885489));
#10377=DIRECTION('',(0.992331937885489,0.,0.123601476740493));
#10378=DIRECTION('',(-0.123601476740493,0.,0.992331937885489));
#10379=DIRECTION('',(0.,-1.,0.));
#10380=DIRECTION('',(0.,0.,-1.));
#10381=DIRECTION('',(0.,-1.,0.));
#10382=DIRECTION('',(0.,0.,-1.));
#10383=DIRECTION('',(0.,-1.,0.));
#10384=DIRECTION('',(1.,0.,0.));
#10385=DIRECTION('',(0.,1.,0.));
#10386=DIRECTION('',(0.,-1.,0.));
#10387=DIRECTION('',(1.,0.,0.));
#10388=DIRECTION('',(0.,1.,0.));
#10389=DIRECTION('',(0.,1.,0.));
#10390=DIRECTION('',(0.,0.,1.));
#10391=DIRECTION('',(-0.0749787268263283,0.,-0.997185133525116));
#10392=DIRECTION('',(-0.0749787268263283,0.,-0.997185133525116));
#10393=DIRECTION('',(0.997185133525116,0.,-0.0749787268263283));
#10394=DIRECTION('',(0.0749787268263283,0.,0.997185133525116));
#10395=DIRECTION('',(-1.,0.,0.));
#10396=DIRECTION('',(-1.,0.,0.));
#10397=DIRECTION('',(0.,0.,-1.));
#10398=DIRECTION('',(1.,0.,0.));
#10399=DIRECTION('',(0.,-1.,0.));
#10400=DIRECTION('',(0.,0.,-1.));
#10401=DIRECTION('',(0.,-1.,0.));
#10402=DIRECTION('',(0.,0.,-1.));
#10403=DIRECTION('',(0.,0.,1.));
#10404=DIRECTION('',(0.,0.,1.));
#10405=DIRECTION('',(-1.,0.,0.));
#10406=DIRECTION('',(0.,-1.,0.));
#10407=DIRECTION('',(0.,0.,-1.));
#10408=DIRECTION('',(0.,1.,0.));
#10409=DIRECTION('',(0.,1.,0.));
#10410=DIRECTION('',(-1.,0.,0.));
#10411=DIRECTION('',(0.,0.,1.));
#10412=DIRECTION('',(-1.,0.,0.));
#10413=DIRECTION('',(0.,0.227229615606418,0.973841209741793));
#10414=DIRECTION('',(0.,0.227229615606418,0.973841209741793));
#10415=DIRECTION('',(0.,-0.973841209741793,0.227229615606418));
#10416=DIRECTION('',(0.,-0.227229615606418,-0.973841209741793));
#10417=DIRECTION('',(-1.,0.,0.));
#10418=DIRECTION('',(0.,0.,-1.));
#10419=DIRECTION('',(-1.,0.,0.));
#10420=DIRECTION('',(0.,0.,-1.));
#10421=DIRECTION('',(0.,0.,1.));
#10422=DIRECTION('',(-1.,0.,0.));
#10423=DIRECTION('',(0.,0.,1.));
#10424=DIRECTION('',(0.,0.,1.));
#10425=DIRECTION('',(0.,1.,0.));
#10426=DIRECTION('',(0.,0.,-1.));
#10427=DIRECTION('',(0.,-1.,0.));
#10428=DIRECTION('',(-1.,0.,0.));
#10429=DIRECTION('',(0.,-1.,0.));
#10430=DIRECTION('',(0.,0.,1.));
#10431=DIRECTION('',(-1.,0.,0.));
#10432=DIRECTION('',(0.,-0.227229615606418,0.973841209741793));
#10433=DIRECTION('',(0.,-0.227229615606418,0.973841209741793));
#10434=DIRECTION('',(0.,0.973841209741793,0.227229615606418));
#10435=DIRECTION('',(0.,0.227229615606418,-0.973841209741793));
#10436=DIRECTION('',(0.,-1.,0.));
#10437=DIRECTION('',(-1.,0.,0.));
#10438=DIRECTION('',(0.,0.,-1.));
#10439=DIRECTION('',(-1.,0.,0.));
#10440=DIRECTION('',(0.,0.,-1.));
#10441=DIRECTION('',(0.707106781186547,-0.707106781186548,0.));
#10442=DIRECTION('',(0.499999999999993,-0.500000000000005,-0.707106781186549));
#10443=DIRECTION('',(-0.500000000000011,0.499999999999999,-0.707106781186541));
#10444=DIRECTION('',(0.707106781186548,0.707106781186547,0.));
#10445=DIRECTION('',(-0.707106781186547,0.707106781186548,0.));
#10446=DIRECTION('',(-0.707106781186548,-0.707106781186547,0.));
#10447=DIRECTION('',(0.,0.,-1.));
#10448=DIRECTION('',(1.,0.,0.));
#10449=DIRECTION('',(-0.707106781186547,-0.707106781186548,0.));
#10450=DIRECTION('',(-0.500000000000011,-0.499999999999999,-0.707106781186541));
#10451=DIRECTION('',(0.499999999999993,0.500000000000005,-0.707106781186549));
#10452=DIRECTION('',(0.707106781186547,0.707106781186548,0.));
#10453=DIRECTION('',(0.707106781186548,-0.707106781186547,0.));
#10454=DIRECTION('',(-0.707106781186547,-0.707106781186548,0.));
#10455=DIRECTION('',(-0.707106781186548,0.707106781186547,0.));
#10456=DIRECTION('',(0.,0.,-1.));
#10457=DIRECTION('',(1.,0.,0.));
#10458=DIRECTION('',(0.707106781186548,-0.707106781186547,0.));
#10459=DIRECTION('',(0.707106781186547,0.707106781186547,0.));
#10460=DIRECTION('',(0.,1.,0.));
#10461=DIRECTION('',(0.,0.,-1.));
#10462=DIRECTION('',(-1.,0.,0.));
#10463=DIRECTION('',(0.707106781186548,0.707106781186547,0.));
#10464=DIRECTION('',(0.707106781186547,-0.707106781186547,0.));
#10465=DIRECTION('',(1.,0.,0.));
#10466=DIRECTION('',(0.,0.,-1.));
#10467=DIRECTION('',(-1.,0.,0.));
#10468=DIRECTION('',(0.,0.,-1.));
#10469=DIRECTION('',(-1.,0.,0.));
#10470=DIRECTION('',(0.,0.,-1.));
#10471=DIRECTION('',(1.,0.,0.));
#10472=DIRECTION('',(0.,-1.,0.));
#10473=DIRECTION('',(0.,0.,-1.));
#10474=DIRECTION('',(1.,0.,0.));
#10475=DIRECTION('',(0.,0.,1.));
#10476=DIRECTION('',(0.,0.,-1.));
#10477=DIRECTION('',(1.,0.,0.));
#10478=DIRECTION('',(0.,0.,-1.));
#10479=DIRECTION('',(-1.,0.,0.));
#10480=DIRECTION('',(0.,0.,-1.));
#10481=DIRECTION('',(1.,0.,0.));
#10482=DIRECTION('',(1.,8.67361737988403E-016,0.));
#10483=DIRECTION('',(0.,-1.,0.));
#10484=DIRECTION('',(-1.,0.,0.));
#10485=DIRECTION('',(0.,0.,-1.));
#10486=DIRECTION('',(0.,-1.,0.));
#10487=DIRECTION('',(0.,0.,1.));
#10488=DIRECTION('',(0.,-1.,0.));
#10489=DIRECTION('',(0.,0.,-1.));
#10490=DIRECTION('',(0.,0.,-1.));
#10491=DIRECTION('',(-1.,0.,0.));
#10492=DIRECTION('',(0.,0.,-1.));
#10493=DIRECTION('',(1.,0.,0.));
#10494=DIRECTION('',(0.,0.,-1.));
#10495=DIRECTION('',(1.,0.,0.));
#10496=DIRECTION('',(1.,0.,0.));
#10497=DIRECTION('',(0.,0.,1.));
#10498=DIRECTION('',(0.,0.,-1.));
#10499=DIRECTION('',(1.,0.,0.));
#10500=DIRECTION('',(-1.,0.,0.));
#10501=DIRECTION('',(0.,0.,1.));
#10502=DIRECTION('',(1.,0.,0.));
#10503=DIRECTION('',(0.,0.,1.));
#10504=DIRECTION('',(0.,0.,1.));
#10505=DIRECTION('',(1.,0.,0.));
#10506=DIRECTION('',(0.,0.,-1.));
#10507=DIRECTION('',(1.,0.,0.));
#10508=DIRECTION('',(0.408248290463864,-0.408248290463863,-0.816496580927725));
#10509=DIRECTION('',(-0.408248290463864,-0.408248290463863,0.816496580927725));
#10510=DIRECTION('',(0.894427190999915,0.,0.447213595499959));
#10511=DIRECTION('',(-0.447213595499959,0.,0.894427190999915));
#10512=DIRECTION('',(0.408248290463863,-0.408248290463863,0.816496580927726));
#10513=DIRECTION('',(-1.,0.,0.));
#10514=DIRECTION('',(1.,0.,0.));
#10515=DIRECTION('',(-1.14356120708988E-016,0.894427190999916,0.447213595499958));
#10516=DIRECTION('',(0.,-0.447213595499958,0.894427190999916));
#10517=DIRECTION('',(1.,0.,0.));
#10518=DIRECTION('',(-1.,0.,0.));
#10519=DIRECTION('',(-0.408248290463863,-0.408248290463863,-0.816496580927726));
#10520=DIRECTION('',(0.,-0.894427190999916,0.447213595499958));
#10521=DIRECTION('',(0.,-0.447213595499958,-0.894427190999916));
#10522=DIRECTION('',(-0.894427190999916,0.,0.447213595499958));
#10523=DIRECTION('',(-0.447213595499958,0.,-0.894427190999916));
#10524=DIRECTION('',(1.,0.,0.));
#10525=DIRECTION('',(0.,0.999999999999999,0.));
#10526=DIRECTION('',(-1.,0.,0.));
#10527=DIRECTION('',(1.,0.,0.));
#10528=DIRECTION('',(0.,0.999999999999999,0.));
#10529=DIRECTION('',(-1.,0.,0.));
#10530=DIRECTION('',(-1.,0.,0.));
#10531=DIRECTION('',(0.,0.,-0.999999999999999));
#10532=DIRECTION('',(0.,0.999390827019096,0.0348994967025048));
#10533=DIRECTION('',(0.,0.999390827019096,0.0348994967025048));
#10534=DIRECTION('',(0.,-0.0348994967025048,0.999390827019096));
#10535=DIRECTION('',(0.,-0.999390827019096,-0.0348994967025048));
#10536=DIRECTION('',(0.,-0.556110857931,-0.831108123947328));
#10537=DIRECTION('',(0.,-0.556110857931,-0.831108123947328));
#10538=DIRECTION('',(0.,0.831108123947328,-0.556110857931));
#10539=DIRECTION('',(0.,0.556110857931,0.831108123947328));
#10540=DIRECTION('',(1.,0.,0.));
#10541=DIRECTION('',(0.,0.,1.));
#10542=DIRECTION('',(1.,0.,0.));
#10543=DIRECTION('',(0.,0.,1.));
#10544=DIRECTION('',(1.,0.,0.));
#10545=DIRECTION('',(0.,0.999999999999999,0.));
#10546=DIRECTION('',(1.,0.,0.));
#10547=DIRECTION('',(1.,0.,0.));
#10548=DIRECTION('',(0.,0.999999999999999,0.));
#10549=DIRECTION('',(1.,0.,0.));
#10550=DIRECTION('',(1.,0.,0.));
#10551=DIRECTION('',(0.,0.,-0.999999999999999));
#10552=DIRECTION('',(0.,0.999390827019096,0.0348994967025048));
#10553=DIRECTION('',(0.,0.999390827019096,0.0348994967025048));
#10554=DIRECTION('',(0.,-0.0348994967025048,0.999390827019096));
#10555=DIRECTION('',(0.,-0.999390827019096,-0.0348994967025048));
#10556=DIRECTION('',(0.,-0.556110857931,-0.831108123947328));
#10557=DIRECTION('',(0.,-0.556110857931,-0.831108123947328));
#10558=DIRECTION('',(0.,0.831108123947328,-0.556110857931));
#10559=DIRECTION('',(0.,0.556110857931,0.831108123947328));
#10560=DIRECTION('',(-1.,0.,0.));
#10561=DIRECTION('',(0.,0.,1.));
#10562=DIRECTION('',(-1.,0.,0.));
#10563=DIRECTION('',(0.,0.,1.));
#10564=DIRECTION('',(-1.,0.,0.));
#10565=DIRECTION('',(0.,-1.,0.));
#10566=DIRECTION('',(-1.,0.,0.));
#10567=DIRECTION('',(-1.,0.,0.));
#10568=DIRECTION('',(0.,-1.,0.));
#10569=DIRECTION('',(-1.,0.,0.));
#10570=DIRECTION('',(-1.,0.,0.));
#10571=DIRECTION('',(0.,0.,-0.999999999999999));
#10572=DIRECTION('',(0.,-0.999390827019096,0.0348994967025048));
#10573=DIRECTION('',(0.,-0.999390827019096,0.0348994967025048));
#10574=DIRECTION('',(0.,0.0348994967025048,0.999390827019096));
#10575=DIRECTION('',(0.,0.999390827019096,-0.0348994967025048));
#10576=DIRECTION('',(0.,0.556110857931,-0.831108123947328));
#10577=DIRECTION('',(0.,0.556110857931,-0.831108123947328));
#10578=DIRECTION('',(0.,-0.831108123947328,-0.556110857931));
#10579=DIRECTION('',(0.,-0.556110857931,0.831108123947328));
#10580=DIRECTION('',(1.,0.,0.));
#10581=DIRECTION('',(0.,0.,1.));
#10582=DIRECTION('',(1.,0.,0.));
#10583=DIRECTION('',(0.,0.,1.));
#10584=DIRECTION('',(-1.,0.,0.));
#10585=DIRECTION('',(0.,-1.,0.));
#10586=DIRECTION('',(1.,0.,0.));
#10587=DIRECTION('',(-1.,0.,0.));
#10588=DIRECTION('',(0.,-1.,0.));
#10589=DIRECTION('',(1.,0.,0.));
#10590=DIRECTION('',(1.,0.,0.));
#10591=DIRECTION('',(0.,0.,-0.999999999999999));
#10592=DIRECTION('',(0.,-0.999390827019096,0.0348994967025048));
#10593=DIRECTION('',(0.,-0.999390827019096,0.0348994967025048));
#10594=DIRECTION('',(0.,0.0348994967025048,0.999390827019096));
#10595=DIRECTION('',(0.,0.999390827019096,-0.0348994967025048));
#10596=DIRECTION('',(0.,0.556110857931,-0.831108123947328));
#10597=DIRECTION('',(0.,0.556110857931,-0.831108123947328));
#10598=DIRECTION('',(0.,-0.831108123947328,-0.556110857931));
#10599=DIRECTION('',(0.,-0.556110857931,0.831108123947328));
#10600=DIRECTION('',(-1.,0.,0.));
#10601=DIRECTION('',(0.,0.,1.));
#10602=DIRECTION('',(-1.,0.,0.));
#10603=DIRECTION('',(0.,0.,1.));
#10604=DIRECTION('',(0.,0.,-1.));
#10605=DIRECTION('',(-1.,0.,0.));
#10606=DIRECTION('',(-1.,0.,0.));
#10607=DIRECTION('',(0.,-1.,0.));
#10608=DIRECTION('',(0.,0.,1.));
#10609=DIRECTION('',(-1.,0.,0.));
#10610=DIRECTION('',(0.,0.,-1.));
#10611=DIRECTION('',(0.,-1.,0.));
#10612=DIRECTION('',(0.,0.,-1.));
#10613=DIRECTION('',(1.,0.,0.));
#10614=DIRECTION('',(0.,0.,1.));
#10615=DIRECTION('',(6.51279940401196E-006,-0.999999999978792,0.));
#10616=DIRECTION('',(-0.999999999978796,-6.51279940351232E-006,0.));
#10617=DIRECTION('',(0.,0.,1.));
#10618=DIRECTION('',(-0.999999999978792,-6.51279940401196E-006,0.));
#10619=DIRECTION('',(0.,0.,-1.));
#10620=DIRECTION('',(0.999999999978792,6.51279940401196E-006,0.));
#10621=DIRECTION('',(6.51279940401196E-006,-0.999999999978792,0.));
#10622=DIRECTION('',(0.999999999978792,6.51279940401192E-006,0.));
#10623=DIRECTION('',(0.,1.,0.));
#10624=DIRECTION('',(0.,0.,-1.));
#10625=DIRECTION('',(1.,0.,0.));
#10626=DIRECTION('',(0.,0.,0.999999999999994));
#10627=DIRECTION('',(0.,1.,0.));
#10628=DIRECTION('',(-1.,0.,0.));
#10629=DIRECTION('',(0.,0.,-1.));
#10630=DIRECTION('',(0.,0.,-1.));
#10631=DIRECTION('',(1.,0.,0.));
#10632=DIRECTION('',(0.,0.,-1.));
#10633=DIRECTION('',(0.999999999999994,0.,0.));
#10634=DIRECTION('',(-1.,0.,0.));
#10635=DIRECTION('',(0.,-1.,0.));
#10636=DIRECTION('',(0.,0.,1.));
#10637=DIRECTION('',(-1.,0.,0.));
#10638=DIRECTION('',(0.,0.,-1.));
#10639=DIRECTION('',(1.,0.,0.));
#10640=DIRECTION('',(0.,0.,-1.));
#10641=DIRECTION('',(1.,0.,0.));
#10642=DIRECTION('',(0.,0.,-1.));
#10643=DIRECTION('',(1.,0.,0.));
#10644=DIRECTION('',(0.,0.,-1.));
#10645=DIRECTION('',(1.,0.,0.));
#10646=DIRECTION('',(0.,0.,-1.));
#10647=DIRECTION('',(1.,0.,0.));
#10648=DIRECTION('',(0.,0.,-1.));
#10649=DIRECTION('',(1.,0.,0.));
#10650=DIRECTION('',(0.,0.,-1.));
#10651=DIRECTION('',(-1.,0.,0.));
#10652=DIRECTION('',(0.,0.,-1.));
#10653=DIRECTION('',(1.,0.,0.));
#10654=DIRECTION('',(0.,0.,-1.));
#10655=DIRECTION('',(-0.999999999999994,0.,0.));
#10656=DIRECTION('',(0.,0.,-1.));
#10657=DIRECTION('',(1.,0.,0.));
#10658=DIRECTION('',(0.,0.,-1.));
#10659=DIRECTION('',(-0.999999999999994,0.,0.));
#10660=DIRECTION('',(0.,0.,-1.));
#10661=DIRECTION('',(0.999999999999994,0.,0.));
#10662=DIRECTION('',(0.,0.,1.));
#10663=DIRECTION('',(-1.,0.,-4.85479833356831E-017));
#10664=DIRECTION('',(0.,0.707106781186547,-0.707106781186547));
#10665=DIRECTION('',(0.,0.707106781186547,0.707106781186547));
#10666=DIRECTION('',(0.,0.,-1.));
#10667=DIRECTION('',(-1.00000000000001,0.,0.));
#10668=DIRECTION('',(0.,0.,-1.));
#10669=DIRECTION('',(1.00000000000001,0.,0.));
#10670=DIRECTION('',(-0.999999999978792,-6.51279940406938E-006,7.22801448308336E-016));
#10671=DIRECTION('',(-6.51279940857193E-006,0.999999999978791,0.));
#10672=DIRECTION('',(-0.707104478560487,-0.70710908380511,0.));
#10673=DIRECTION('',(0.70710908380511,-0.707104478560487,0.));
#10674=DIRECTION('',(-0.999999999978792,-6.51279940401196E-006,0.));
#10675=DIRECTION('',(6.51279940278952E-006,-0.999999999978791,0.));
#10676=DIRECTION('',(-7.2280144832367E-016,-1.,0.));
#10677=DIRECTION('',(-1.00000000000001,7.2280144832367E-016,0.));
#10678=DIRECTION('',(0.,-1.,0.));
#10679=DIRECTION('',(0.,0.,-1.00000000000001));
#10680=DIRECTION('',(0.,0.,1.));
#10681=DIRECTION('',(1.00000000000001,0.,0.));
#10682=DIRECTION('',(-0.707106781186547,0.,-0.707106781186547));
#10683=DIRECTION('',(-0.707106781186547,0.,0.707106781186547));
#10684=DIRECTION('',(0.,0.,1.));
#10685=DIRECTION('',(-1.00000000000001,0.,0.));
#10686=DIRECTION('',(0.,-1.,0.));
#10687=DIRECTION('',(0.,0.,1.00000000000001));
#10688=DIRECTION('',(0.,1.,0.));
#10689=DIRECTION('',(0.,0.,1.00000000000001));
#10690=DIRECTION('',(-1.,0.,0.));
#10691=DIRECTION('',(0.,0.,1.00000000000001));
#10692=DIRECTION('',(-1.,0.,0.));
#10693=DIRECTION('',(0.,0.,-1.00000000000001));
#10694=DIRECTION('',(0.,0.,-1.));
#10695=DIRECTION('',(-1.,0.,0.));
#10696=DIRECTION('',(0.,0.,-1.));
#10697=DIRECTION('',(1.,0.,0.));
#10698=DIRECTION('',(0.,0.,-1.));
#10699=DIRECTION('',(1.,0.,6.24032427031379E-017));
#10700=DIRECTION('',(0.707106781186548,-0.707106781186547,0.));
#10701=DIRECTION('',(0.500000000000012,0.500000000000012,-0.707106781186531));
#10702=DIRECTION('',(-0.499999999999995,-0.499999999999995,-0.707106781186555));
#10703=DIRECTION('',(1.94289029309402E-016,0.816496580927732,-0.577350269189618));
#10704=DIRECTION('',(-0.499999999999999,-0.499999999999999,-0.707106781186549));
#10705=DIRECTION('',(-0.500000000000001,-0.500000000000001,0.707106781186546));
#10706=DIRECTION('',(-1.66533453693773E-016,-0.816496580927725,-0.577350269189627));
#10707=DIRECTION('',(0.500000000000007,-0.500000000000007,-0.707106781186537));
#10708=DIRECTION('',(0.707106781186548,0.707106781186547,0.));
#10709=DIRECTION('',(-0.499999999999995,0.499999999999995,-0.707106781186555));
#10710=DIRECTION('',(1.94289029309402E-016,-0.816496580927732,-0.577350269189618));
#10711=DIRECTION('',(-0.499999999999996,0.499999999999996,-0.707106781186554));
#10712=DIRECTION('',(-0.500000000000001,0.500000000000001,0.707106781186546));
#10713=DIRECTION('',(-1.66533453693773E-016,0.816496580927725,-0.577350269189627));
#10714=DIRECTION('',(-0.707106781186548,-0.707106781186547,0.));
#10715=DIRECTION('',(0.499999999999995,-0.499999999999995,-0.707106781186555));
#10716=DIRECTION('',(-1.94289029309402E-016,0.816496580927732,-0.577350269189618));
#10717=DIRECTION('',(0.500000000000001,-0.500000000000001,0.707106781186546));
#10718=DIRECTION('',(1.66533453693773E-016,-0.816496580927725,-0.577350269189627));
#10719=DIRECTION('',(-0.707106781186548,0.707106781186547,0.));
#10720=DIRECTION('',(0.499999999999995,0.499999999999995,-0.707106781186555));
#10721=DIRECTION('',(-1.94289029309402E-016,-0.816496580927732,-0.577350269189618));
#10722=DIRECTION('',(0.500000000000001,0.500000000000001,0.707106781186546));
#10723=DIRECTION('',(1.66533453693773E-016,0.816496580927725,-0.577350269189627));
#10724=DIRECTION('',(-0.707106781186547,0.,-0.707106781186548));
#10725=DIRECTION('',(0.,1.,0.));
#10726=DIRECTION('',(-0.707106781186547,0.,-0.707106781186548));
#10727=DIRECTION('',(-0.707106781186548,0.,0.707106781186547));
#10728=DIRECTION('',(-0.707106781186547,0.,-0.707106781186548));
#10729=DIRECTION('',(-1.,0.,0.));
#10730=DIRECTION('',(0.,0.,-1.));
#10731=DIRECTION('',(0.,-1.,0.));
#10732=DIRECTION('',(0.,0.,-1.));
#10733=DIRECTION('',(0.,-1.,0.));
#10734=DIRECTION('',(0.,0.,-1.));
#10735=DIRECTION('',(1.,0.,0.));
#10736=DIRECTION('',(0.,0.,1.));
#10737=DIRECTION('',(-1.,0.,0.));
#10738=DIRECTION('',(0.,-1.,0.));
#10739=DIRECTION('',(0.,0.,-1.));
#10740=DIRECTION('',(0.,0.,-1.));
#10741=DIRECTION('',(1.,0.,0.));
#10742=DIRECTION('',(0.,0.,-1.));
#10743=DIRECTION('',(0.,0.,-1.));
#10744=DIRECTION('',(-0.707106781186547,0.707106781186547,0.));
#10745=DIRECTION('',(-0.707106781186547,-0.707106781186547,0.));
#10746=DIRECTION('',(-1.,0.,0.));
#10747=DIRECTION('',(0.,0.,-1.));
#10748=DIRECTION('',(0.,1.,0.));
#10749=DIRECTION('',(0.,0.,1.));
#10750=DIRECTION('',(-1.,0.,0.));
#10751=DIRECTION('',(0.,0.,-1.));
#10752=DIRECTION('',(0.,-1.,0.));
#10753=DIRECTION('',(0.,0.,-1.));
#10754=DIRECTION('',(0.,0.,1.));
#10755=DIRECTION('',(1.,0.,0.));
#10756=DIRECTION('',(0.,1.,0.));
#10757=DIRECTION('',(0.,0.,1.));
#10758=DIRECTION('',(0.,-1.,0.));
#10759=DIRECTION('',(0.,0.,-1.));
#10760=DIRECTION('',(0.,0.,1.));
#10761=DIRECTION('',(-1.,0.,0.));
#10762=DIRECTION('',(0.,0.,-1.));
#10763=DIRECTION('',(0.,1.,0.));
#10764=DIRECTION('',(0.,0.,1.));
#10765=DIRECTION('',(-1.,0.,0.));
#10766=DIRECTION('',(0.,0.,-1.));
#10767=DIRECTION('',(0.,0.,-1.));
#10768=DIRECTION('',(-0.707106781186547,-0.707106781186547,0.));
#10769=DIRECTION('',(-0.707106781186547,0.707106781186547,0.));
#10770=DIRECTION('',(-1.,0.,0.));
#10771=DIRECTION('',(0.,0.,-1.));
#10772=DIRECTION('',(0.,-1.,0.));
#10773=DIRECTION('',(0.,0.,1.));
#10774=DIRECTION('',(0.,-0.707106781186547,0.707106781186547));
#10775=DIRECTION('',(0.,-0.707106781186547,-0.707106781186547));
#10776=DIRECTION('',(0.,0.,-1.));
#10777=DIRECTION('',(1.,0.,0.));
#10778=DIRECTION('',(0.,-0.707106781186547,-0.707106781186547));
#10779=DIRECTION('',(0.,-0.707106781186547,0.707106781186547));
#10780=DIRECTION('',(0.,-1.,0.));
#10781=DIRECTION('',(0.,0.,-1.));
#10782=DIRECTION('',(0.,0.,-1.));
#10783=DIRECTION('',(1.,0.,0.));
#10784=DIRECTION('',(9.6373526443156E-017,1.,0.));
#10785=DIRECTION('',(1.,-9.6373526443156E-017,-1.17145536458252E-015));
#10786=DIRECTION('',(-9.6373526443156E-017,-1.,0.));
#10787=DIRECTION('',(1.,2.07720100150946E-017,0.));
#10788=DIRECTION('',(-9.6373526443156E-017,-1.,0.));
#10789=DIRECTION('',(-9.6373526443156E-017,-1.,0.));
#10790=DIRECTION('',(-9.6373526443156E-017,-1.,0.));
#10791=DIRECTION('',(-1.,2.13519062901409E-016,0.));
#10792=DIRECTION('',(-9.6373526443156E-017,-1.,0.));
#10793=DIRECTION('',(-1.,9.6373526443156E-017,1.17145536458252E-015));
#10794=DIRECTION('',(0.,0.,-1.));
#10795=DIRECTION('',(-1.,0.,0.));
#10796=DIRECTION('',(-1.,9.6373526443156E-017,1.17145536458252E-015));
#10797=DIRECTION('',(-1.92747052886312E-015,0.,-1.));
#10798=DIRECTION('',(-1.15605213013435E-015,0.0995037190209991,-0.995037190209989));
#10799=DIRECTION('',(-1.17145536458252E-015,9.21833731195406E-017,-1.));
#10800=DIRECTION('',(1.,-9.6373526443156E-017,-1.17145536458252E-015));
#10801=DIRECTION('',(0.,1.,0.));
#10802=DIRECTION('',(9.63735264431559E-017,1.,-9.6373526443156E-017));
#10803=DIRECTION('',(-1.17145536458252E-015,-2.10500070915314E-016,-1.));
#10804=DIRECTION('',(-9.63735264431559E-017,-1.,9.6373526443156E-017));
#10805=DIRECTION('',(-1.17145536458252E-015,-2.0289163461717E-017,-1.));
#10806=DIRECTION('',(-9.63735264431559E-017,-1.,9.6373526443156E-017));
#10807=DIRECTION('',(1.,-9.6373526443156E-017,-1.17145536458252E-015));
#10808=DIRECTION('',(0.,1.,0.));
#10809=DIRECTION('',(-1.17145536458252E-015,8.46410971370326E-016,-1.));
#10810=DIRECTION('',(-1.17523117872688E-015,-0.0995037190209974,-0.995037190209989));
#10811=DIRECTION('',(-1.,9.6373526443156E-017,1.17145536458252E-015));
#10812=DIRECTION('',(0.,0.999999999999998,0.));
#10813=DIRECTION('',(-9.63735264431559E-017,-1.,9.6373526443156E-017));
#10814=DIRECTION('',(-1.,9.6373526443156E-017,1.17145536458252E-015));
#10815=DIRECTION('',(0.,1.,0.));
#10816=DIRECTION('',(-1.,9.6373526443156E-017,1.17145536458252E-015));
#10817=DIRECTION('',(-9.71445146547012E-017,-1.,9.62771529167128E-017));
#10818=DIRECTION('',(-1.,9.6373526443156E-017,1.17145536458252E-015));
#10819=DIRECTION('',(-1.92747052886312E-015,0.,-1.));
#10820=DIRECTION('',(-1.15605213013435E-015,0.0995037190209991,-0.995037190209989));
#10821=DIRECTION('',(1.,-9.6373526443156E-017,-1.17145536458252E-015));
#10822=DIRECTION('',(0.,1.,0.));
#10823=DIRECTION('',(-9.63735264431559E-017,-1.,9.6373526443156E-017));
#10824=DIRECTION('',(1.,-9.6373526443156E-017,-1.17145536458252E-015));
#10825=DIRECTION('',(0.,0.999999999999998,0.));
#10826=DIRECTION('',(-1.17523117872688E-015,-0.0995037190209974,-0.995037190209989));
#10827=DIRECTION('',(-1.17145536458252E-015,8.46410971370326E-016,-1.));
#10828=DIRECTION('',(-1.,9.6373526443156E-017,1.17145536458252E-015));
#10829=DIRECTION('',(0.,1.,0.));
#10830=DIRECTION('',(-9.63735264431559E-017,-1.,9.6373526443156E-017));
#10831=DIRECTION('',(-1.17145536458252E-015,-2.0289163461717E-017,-1.));
#10832=DIRECTION('',(9.63735264431559E-017,1.,-9.6373526443156E-017));
#10833=DIRECTION('',(-1.17145536458252E-015,-2.10500070915314E-016,-1.));
#10834=DIRECTION('',(9.63735264431559E-017,1.,-9.6373526443156E-017));
#10835=DIRECTION('',(-1.,9.6373526443156E-017,1.17145536458252E-015));
#10836=DIRECTION('',(0.,1.,0.));
#10837=DIRECTION('',(-1.17145536458252E-015,9.21833731195406E-017,-1.));
#10838=DIRECTION('',(-1.,9.6373526443156E-017,1.17145536458252E-015));
#10839=DIRECTION('',(-9.71445146547012E-017,-1.,9.62771529167128E-017));
#10840=DIRECTION('',(-1.,9.6373526443156E-017,1.17145536458252E-015));
#10841=DIRECTION('',(2.12459408405688E-016,0.995037190209989,0.0995037190209991));
#10842=DIRECTION('',(-1.15532583500055E-015,0.0995037190209991,-0.995037190209989));
#10843=DIRECTION('',(-1.,9.6373526443156E-017,1.17145536458252E-015));
#10844=DIRECTION('',(2.06689224804335E-017,-0.995037190209989,0.0995037190209974));
#10845=DIRECTION('',(-1.1744077932363E-015,-0.0995037190209974,-0.995037190209989));
#10846=DIRECTION('',(-1.,9.6373526443156E-017,1.17145536458252E-015));
#10847=DIRECTION('',(0.,1.00000000000001,0.));
#10848=DIRECTION('',(-1.,9.6373526443156E-017,1.17145536458252E-015));
#10849=DIRECTION('',(0.,1.,0.));
#10850=DIRECTION('',(9.63735264431559E-017,1.,-9.6373526443156E-017));
#10851=DIRECTION('',(-1.,9.6373526443156E-017,1.17145536458252E-015));
#10852=DIRECTION('',(-9.71445146547012E-017,-1.,9.62771529167128E-017));
#10853=DIRECTION('',(1.,-9.6373526443156E-017,-1.17145536458252E-015));
#10854=DIRECTION('',(0.,-0.999999999999998,0.));
#10855=DIRECTION('',(1.,-9.6373526443156E-017,-1.17145536458252E-015));
#10856=DIRECTION('',(0.,-1.,0.));
#10857=DIRECTION('',(-9.63735264431559E-017,-1.,9.6373526443156E-017));
#10858=DIRECTION('',(1.,-9.6373526443156E-017,-1.17145536458252E-015));
#10859=DIRECTION('',(9.71445146547012E-017,1.,-9.62771529167128E-017));
#10860=DIRECTION('',(1.,-9.6373526443156E-017,-1.17145536458252E-015));
#10861=DIRECTION('',(1.,-9.6373526443156E-017,-1.17145536458252E-015));
#10862=DIRECTION('',(0.,1.,0.));
#10863=DIRECTION('',(-1.,9.6373526443156E-017,1.17145536458252E-015));
#10864=DIRECTION('',(1.,-9.6373526443156E-017,-1.17145536458252E-015));
#10865=DIRECTION('',(0.,0.999999999999998,0.));
#10866=DIRECTION('',(9.63735264431559E-017,1.,-9.6373526443156E-017));
#10867=DIRECTION('',(0.999999999999994,0.,0.));
#10868=DIRECTION('',(-1.,9.6373526443156E-017,1.17145536458252E-015));
#10869=DIRECTION('',(0.,-0.999999999999998,0.));
#10870=DIRECTION('',(9.63735264431559E-017,1.,-9.6373526443156E-017));
#10871=DIRECTION('',(0.999999999999994,0.,0.));
#10872=DIRECTION('',(-1.,9.6373526443156E-017,1.17145536458252E-015));
#10873=DIRECTION('',(0.,-1.,0.));
#10874=DIRECTION('',(-1.,9.6373526443156E-017,1.17145536458252E-015));
#10875=DIRECTION('',(9.6373526443157E-017,1.,8.46410971370326E-016));
#10876=DIRECTION('',(-1.17093834628434E-015,8.46545056276682E-016,-1.));
#10877=DIRECTION('',(1.,-9.6373526443156E-017,-1.17145536458252E-015));
#10878=DIRECTION('',(9.63735264431561E-017,1.,9.21833731195405E-017));
#10879=DIRECTION('',(-1.17093834628434E-015,9.19403442267708E-017,-1.));
#10880=DIRECTION('',(-1.,9.6373526443156E-017,1.17145536458252E-015));
#10881=DIRECTION('',(-1.,9.6373526443156E-017,1.17145536458252E-015));
#10882=DIRECTION('',(1.17145536458252E-015,9.63735264431559E-017,1.));
#10883=DIRECTION('',(1.,-9.71445146547012E-017,-1.17180570802233E-015));
#10884=DIRECTION('',(1.,-9.6373526443156E-017,-1.17145536458252E-015));
#10885=DIRECTION('',(-1.,9.6373526443156E-017,1.17145536458252E-015));
#10886=DIRECTION('',(-1.17145536458252E-015,-9.63735264431559E-017,-1.));
#10887=DIRECTION('',(-1.,9.62771529167128E-017,1.17180570802233E-015));
#10888=DIRECTION('',(-1.,9.6373526443156E-017,1.17145536458252E-015));
#10889=DIRECTION('',(9.63735264431559E-017,1.,-2.02891634617171E-017));
#10890=DIRECTION('',(-1.17093834628434E-015,-2.03830008427275E-017,-1.));
#10891=DIRECTION('',(-1.,9.6373526443156E-017,1.17145536458252E-015));
#10892=DIRECTION('',(-9.63735264431559E-017,-1.,9.6373526443156E-017));
#10893=DIRECTION('',(1.,-9.6373526443156E-017,-1.17145536458252E-015));
#10894=DIRECTION('',(9.63735264431559E-017,1.,-9.6373526443156E-017));
#10895=DIRECTION('',(-1.17145536458252E-015,-9.63735264431559E-017,-1.));
#10896=DIRECTION('',(-1.,9.71445146547012E-017,1.17267306976032E-015));
#10897=DIRECTION('',(1.,-9.6373526443156E-017,-1.17145536458252E-015));
#10898=DIRECTION('',(9.63735264431557E-017,1.,-2.10500070915314E-016));
#10899=DIRECTION('',(-1.17093834628434E-015,-2.09901540593194E-016,-1.));
#10900=DIRECTION('',(-1.,9.6373526443156E-017,1.17145536458252E-015));
#10901=DIRECTION('',(0.,-1.,0.));
#10902=DIRECTION('',(-0.140028008402802,-0.700140042014005,-0.700140042014005));
#10903=DIRECTION('',(-0.1400280084028,0.700140042014005,0.700140042014005));
#10904=DIRECTION('',(-7.60197658078845E-016,0.707106781186548,-0.707106781186547));
#10905=DIRECTION('',(-8.96852037080009E-016,-0.707106781186547,-0.707106781186548));
#10906=DIRECTION('',(0.140028008402802,-0.700140042014005,0.700140042014005));
#10907=DIRECTION('',(0.1400280084028,0.700140042014005,-0.700140042014005));
#10908=DIRECTION('',(8.96490406228478E-016,0.707106781186548,0.707106781186547));
#10909=DIRECTION('',(-7.59808882477842E-016,0.707106781186547,-0.707106781186548));
#10910=DIRECTION('',(-0.98058067569092,7.56016141426773E-017,-0.196116135138183));
#10911=DIRECTION('',(-0.196116135138183,1.12757025938492E-016,0.98058067569092));
#10912=DIRECTION('',(-0.98058067569092,1.13402421214016E-016,0.196116135138185));
#10913=DIRECTION('',(0.196116135138185,7.63278329429795E-017,0.98058067569092));
#10914=DIRECTION('',(-1.,9.6373526443156E-017,1.17145536458252E-015));
#10915=DIRECTION('',(0.,-1.,0.));
#10916=DIRECTION('',(-1.,9.6373526443156E-017,1.17145536458252E-015));
#10917=DIRECTION('',(0.,-1.,0.));
#10918=DIRECTION('',(-1.17145536458252E-015,-9.63735264431559E-017,-1.));
#10919=DIRECTION('',(-1.,9.71445146547012E-017,1.17180570802233E-015));
#10920=DIRECTION('',(-9.63735264431559E-017,-1.,9.6373526443156E-017));
#10921=DIRECTION('',(0.999999999999994,0.,0.));
#10922=DIRECTION('',(0.,-1.,0.));
#10923=DIRECTION('',(-1.,0.,0.));
#10924=DIRECTION('',(0.,-1.,0.));
#10925=DIRECTION('',(1.,0.,0.));
#10926=DIRECTION('',(0.,0.,-1.));
#10927=DIRECTION('',(-1.,0.,0.));
#10928=DIRECTION('',(-1.,0.,0.));
#10929=DIRECTION('',(0.,1.,0.));
#10930=DIRECTION('',(0.,0.0995037190209995,-0.995037190209989));
#10931=DIRECTION('',(0.,-0.0995037190209992,-0.995037190209989));
#10932=DIRECTION('',(0.,1.88556899562696E-016,1.));
#10933=DIRECTION('',(-1.,0.,0.));
#10934=DIRECTION('',(0.,1.,0.));
#10935=DIRECTION('',(0.,1.,0.));
#10936=DIRECTION('',(0.,1.52168725962878E-016,1.));
#10937=DIRECTION('',(0.,0.707106781186547,0.707106781186547));
#10938=DIRECTION('',(0.,1.,0.));
#10939=DIRECTION('',(0.,0.707106781186547,-0.707106781186547));
#10940=DIRECTION('',(0.,-1.52168725962878E-016,1.));
#10941=DIRECTION('',(0.,-1.,0.));
#10942=DIRECTION('',(-1.,0.,0.));
#10943=DIRECTION('',(0.,1.,0.));
#10944=DIRECTION('',(0.,-1.88556899562696E-016,1.));
#10945=DIRECTION('',(-1.,0.,0.));
#10946=DIRECTION('',(0.,1.,0.));
#10947=DIRECTION('',(-1.,0.,0.));
#10948=DIRECTION('',(0.,1.,0.));
#10949=DIRECTION('',(0.,0.0995037190209995,-0.995037190209989));
#10950=DIRECTION('',(0.,-1.88556899562696E-016,1.));
#10951=DIRECTION('',(1.,0.,0.));
#10952=DIRECTION('',(0.,1.,0.));
#10953=DIRECTION('',(0.,-1.,0.));
#10954=DIRECTION('',(0.,-1.52168725962878E-016,1.));
#10955=DIRECTION('',(0.,-0.707106781186547,0.707106781186547));
#10956=DIRECTION('',(0.,-1.,0.));
#10957=DIRECTION('',(0.,-0.707106781186547,-0.707106781186547));
#10958=DIRECTION('',(0.,1.52168725962878E-016,1.));
#10959=DIRECTION('',(0.,1.,0.));
#10960=DIRECTION('',(1.,0.,0.));
#10961=DIRECTION('',(0.,1.,0.));
#10962=DIRECTION('',(0.,1.88556899562696E-016,1.));
#10963=DIRECTION('',(0.,-0.0995037190209992,-0.995037190209989));
#10964=DIRECTION('',(-1.,0.,0.));
#10965=DIRECTION('',(0.,1.,0.));
#10966=DIRECTION('',(-1.,0.,0.));
#10967=DIRECTION('',(0.,0.995037190209989,-0.0995037190209992));
#10968=DIRECTION('',(0.,-0.0995037190209992,-0.995037190209989));
#10969=DIRECTION('',(-1.,0.,0.));
#10970=DIRECTION('',(0.,-0.995037190209989,-0.0995037190209995));
#10971=DIRECTION('',(0.,0.0995037190209995,-0.995037190209989));
#10972=DIRECTION('',(1.,0.,0.));
#10973=DIRECTION('',(0.,1.,1.88556899562696E-016));
#10974=DIRECTION('',(0.,1.89084858881472E-016,-1.));
#10975=DIRECTION('',(-1.,0.,0.));
#10976=DIRECTION('',(0.,1.,-1.88556899562696E-016));
#10977=DIRECTION('',(0.,-1.88651178012478E-016,-1.));
#10978=DIRECTION('',(-1.,0.,0.));
#10979=DIRECTION('',(1.,0.,0.));
#10980=DIRECTION('',(0.,0.,1.));
#10981=DIRECTION('',(1.,0.,0.));
#10982=DIRECTION('',(1.,0.,0.));
#10983=DIRECTION('',(0.,1.,1.52168725962878E-016));
#10984=DIRECTION('',(0.,1.52655665885959E-016,-1.));
#10985=DIRECTION('',(-1.,0.,0.));
#10986=DIRECTION('',(0.,-1.,0.));
#10987=DIRECTION('',(1.,0.,0.));
#10988=DIRECTION('',(0.,1.,0.));
#10989=DIRECTION('',(0.,0.,-1.));
#10990=DIRECTION('',(-1.,0.,0.));
#10991=DIRECTION('',(-1.,0.,0.));
#10992=DIRECTION('',(1.,0.,0.));
#10993=DIRECTION('',(0.,1.,-1.52168725962878E-016));
#10994=DIRECTION('',(0.,-1.52221985016965E-016,-1.));
#10995=DIRECTION('',(1.,0.,0.));
#10996=DIRECTION('',(0.,0.,-1.));
#10997=DIRECTION('',(-1.,0.,0.));
#10998=DIRECTION('',(-1.,0.,0.));
#10999=DIRECTION('',(0.,1.,0.));
#11000=DIRECTION('',(1.,0.,0.));
#11001=DIRECTION('',(0.,-1.,0.));
#11002=DIRECTION('',(1.,0.,0.));
#11003=DIRECTION('',(0.,-1.,0.));
#11004=DIRECTION('',(-0.140028008402801,-0.700140042014005,-0.700140042014005));
#11005=DIRECTION('',(-0.140028008402801,0.700140042014005,0.700140042014005));
#11006=DIRECTION('',(0.,0.707106781186547,-0.707106781186547));
#11007=DIRECTION('',(0.,-0.707106781186547,-0.707106781186547));
#11008=DIRECTION('',(0.140028008402801,-0.700140042014005,0.700140042014005));
#11009=DIRECTION('',(0.140028008402801,0.700140042014005,-0.700140042014005));
#11010=DIRECTION('',(0.,0.707106781186547,0.707106781186547));
#11011=DIRECTION('',(0.,0.707106781186547,-0.707106781186547));
#11012=DIRECTION('',(-0.98058067569092,0.,-0.196116135138184));
#11013=DIRECTION('',(-0.196116135138184,0.,0.98058067569092));
#11014=DIRECTION('',(-0.98058067569092,0.,0.196116135138184));
#11015=DIRECTION('',(0.196116135138184,0.,0.98058067569092));
#11016=DIRECTION('',(0.,0.,-1.));
#11017=DIRECTION('',(0.,1.,0.));
#11018=DIRECTION('',(0.,0.,-1.));
#11019=DIRECTION('',(0.,-1.,0.));
#11020=DIRECTION('',(1.,0.,0.));
#11021=DIRECTION('',(0.,0.,-1.));
#11022=DIRECTION('',(0.,0.,-1.));
#11023=DIRECTION('',(0.,-1.,0.));
#11024=DIRECTION('',(0.,0.,-1.));
#11025=DIRECTION('',(0.,1.,0.));
#11026=DIRECTION('',(-1.,0.,0.));
#11027=DIRECTION('',(0.,0.,1.));
#11028=DIRECTION('',(0.,0.,-1.));
#11029=DIRECTION('',(-1.,3.61400724161835E-016,0.));
#11030=DIRECTION('',(0.,0.,-1.));
#11031=DIRECTION('',(1.,-3.61400724161835E-016,0.));
#11032=DIRECTION('',(3.61400724161835E-016,1.,0.));
#11033=DIRECTION('',(1.,-3.6125616387217E-016,0.));
#11034=DIRECTION('',(0.,0.,-1.));
#11035=DIRECTION('',(0.,-1.,0.));
#11036=DIRECTION('',(0.,1.,0.));
#11037=DIRECTION('',(-1.,0.,0.));
#11038=DIRECTION('',(0.,0.,1.));
#11039=DIRECTION('',(0.,0.,-1.));
#11040=DIRECTION('',(1.,0.,0.));
#11041=DIRECTION('',(-1.,0.,0.));
#11042=DIRECTION('',(0.,-1.,0.));
#11043=DIRECTION('',(0.,0.,-1.));
#11044=DIRECTION('',(0.,1.,0.));
#11045=DIRECTION('',(0.,-1.,0.));
#11046=DIRECTION('',(1.,0.,0.));
#11047=DIRECTION('',(0.,0.,-1.));
#11048=DIRECTION('',(0.,0.,-1.));
#11049=DIRECTION('',(0.,1.,0.));
#11050=DIRECTION('',(0.,0.,-1.));
#11051=DIRECTION('',(0.,-1.,0.));
#11052=DIRECTION('',(1.,0.,0.));
#11053=DIRECTION('',(0.,0.,-1.));
#11054=DIRECTION('',(0.,0.,-1.));
#11055=DIRECTION('',(-1.,9.03501810404587E-017,0.));
#11056=DIRECTION('',(1.,-9.03501810404587E-017,0.));
#11057=DIRECTION('',(9.03501810404587E-017,1.,0.));
#11058=DIRECTION('',(1.,-9.0205620750794E-017,0.));
#11059=DIRECTION('',(0.,0.,-1.));
#11060=DIRECTION('',(0.,-1.,0.));
#11061=DIRECTION('',(0.,1.,0.));
#11062=DIRECTION('',(-1.,0.,0.));
#11063=DIRECTION('',(0.,0.,1.));
#11064=DIRECTION('',(1.,0.,0.));
#11065=DIRECTION('',(-1.,0.,0.));
#11066=DIRECTION('',(0.,-1.,0.));
#11067=DIRECTION('',(0.,0.,-1.));
#11068=DIRECTION('',(-1.,1.80700362080917E-016,0.));
#11069=DIRECTION('',(1.,-1.80700362080917E-016,0.));
#11070=DIRECTION('',(1.80700362080917E-016,1.,0.));
#11071=DIRECTION('',(1.,-1.80411241501588E-016,0.));
#11072=DIRECTION('',(1.,0.,0.));
#11073=DIRECTION('',(-1.,0.,0.));
#11074=DIRECTION('',(0.,-1.,0.));
#11075=DIRECTION('',(0.,0.,-1.));
#11076=DIRECTION('',(0.,0.,-1.));
#11077=DIRECTION('',(0.,1.,0.));
#11078=DIRECTION('',(0.,0.,-1.));
#11079=DIRECTION('',(0.,-1.,0.));
#11080=DIRECTION('',(1.,0.,0.));
#11081=DIRECTION('',(0.,0.,-1.));
#11082=DIRECTION('',(0.,0.,-1.));
#11083=DIRECTION('',(-1.,0.,0.));
#11084=DIRECTION('',(1.,0.,0.));
#11085=DIRECTION('',(0.,1.,0.));
#11086=DIRECTION('',(0.,0.,1.));
#11087=DIRECTION('',(0.,0.,-1.));
#11088=DIRECTION('',(0.,-1.,0.));
#11089=DIRECTION('',(0.,1.,0.));
#11090=DIRECTION('',(-1.,0.,0.));
#11091=DIRECTION('',(0.,0.,1.));
#11092=DIRECTION('',(1.,0.,0.));
#11093=DIRECTION('',(-1.,0.,0.));
#11094=DIRECTION('',(0.,-1.,0.));
#11095=DIRECTION('',(0.,0.,-1.));
#11096=DIRECTION('',(0.,0.,-1.));
#11097=DIRECTION('',(0.,-1.,0.));
#11098=DIRECTION('',(0.,0.,-1.));
#11099=DIRECTION('',(0.,1.,0.));
#11100=DIRECTION('',(-1.,0.,0.));
#11101=DIRECTION('',(0.,0.,1.));
#11102=DIRECTION('',(0.,0.,-1.));
#11103=DIRECTION('',(1.,0.,0.));
#11104=DIRECTION('',(-1.,0.,0.));
#11105=DIRECTION('',(0.,-1.,0.));
#11106=DIRECTION('',(0.,0.,-1.));
#11107=DIRECTION('',(0.,0.,-1.));
#11108=DIRECTION('',(0.,1.,0.));
#11109=DIRECTION('',(0.,-1.,0.));
#11110=DIRECTION('',(1.,0.,0.));
#11111=DIRECTION('',(0.,0.,-1.));
#11112=DIRECTION('',(-1.,0.,0.));
#11113=DIRECTION('',(1.,0.,0.));
#11114=DIRECTION('',(0.,1.,0.));
#11115=DIRECTION('',(0.,0.,1.));
#11116=DIRECTION('',(0.,-8.49561336625171E-016,1.));
#11117=DIRECTION('',(-1.,0.,0.));
#11118=DIRECTION('',(0.,-8.49561336625171E-016,1.));
#11119=DIRECTION('',(1.,0.,0.));
#11120=DIRECTION('',(0.,1.,8.49561336625171E-016));
#11121=DIRECTION('',(0.,-8.50014503228635E-016,1.));
#11122=DIRECTION('',(0.,1.,0.));
#11123=DIRECTION('',(-1.,0.,0.));
#11124=DIRECTION('',(0.,0.,1.));
#11125=DIRECTION('',(0.,1.,0.));
#11126=DIRECTION('',(1.,0.,0.));
#11127=DIRECTION('',(0.,0.,-1.));
#11128=DIRECTION('',(0.,1.,0.));
#11129=DIRECTION('',(0.,1.,0.));
#11130=DIRECTION('',(-1.,0.,0.));
#11131=DIRECTION('',(0.,0.,1.));
#11132=DIRECTION('',(1.,0.,0.));
#11133=DIRECTION('',(0.,0.,-1.));
#11134=DIRECTION('',(1.,0.,0.));
#11135=DIRECTION('',(0.,-8.49561336625171E-016,1.));
#11136=DIRECTION('',(-1.,0.,0.));
#11137=DIRECTION('',(0.,-8.49561336625171E-016,1.));
#11138=DIRECTION('',(0.,-1.,-8.49561336625171E-016));
#11139=DIRECTION('',(0.,8.50014503228635E-016,-1.));
#11140=DIRECTION('',(1.,0.,0.));
#11141=DIRECTION('',(0.,0.,-1.));
#11142=DIRECTION('',(0.,-1.,0.));
#11143=DIRECTION('',(0.,1.,0.));
#11144=DIRECTION('',(-1.,0.,0.));
#11145=DIRECTION('',(0.,0.,1.));
#11146=DIRECTION('',(0.,-1.,0.));
#11147=DIRECTION('',(1.,0.,0.));
#11148=DIRECTION('',(0.,0.,-1.));
#11149=DIRECTION('',(0.,1.,0.));
#11150=DIRECTION('',(-1.,0.,0.));
#11151=DIRECTION('',(0.,0.,1.));
#11152=DIRECTION('',(0.,8.49561336625171E-016,1.));
#11153=DIRECTION('',(1.,0.,0.));
#11154=DIRECTION('',(0.,8.49561336625171E-016,1.));
#11155=DIRECTION('',(1.,0.,0.));
#11156=DIRECTION('',(0.,-1.,8.49561336625171E-016));
#11157=DIRECTION('',(0.,8.49580822359641E-016,1.));
#11158=DIRECTION('',(-1.,0.,0.));
#11159=DIRECTION('',(0.,0.,1.));
#11160=DIRECTION('',(0.,1.,0.));
#11161=DIRECTION('',(0.,-1.,0.));
#11162=DIRECTION('',(1.,0.,0.));
#11163=DIRECTION('',(0.,0.,-1.));
#11164=DIRECTION('',(0.,1.,0.));
#11165=DIRECTION('',(-1.,0.,0.));
#11166=DIRECTION('',(0.,0.,1.));
#11167=DIRECTION('',(0.,-1.,0.));
#11168=DIRECTION('',(1.,0.,0.));
#11169=DIRECTION('',(0.,0.,-1.));
#11170=DIRECTION('',(-1.,0.,0.));
#11171=DIRECTION('',(0.,8.49561336625171E-016,1.));
#11172=DIRECTION('',(-1.,0.,0.));
#11173=DIRECTION('',(0.,8.49561336625171E-016,1.));
#11174=DIRECTION('',(0.,1.,-8.49561336625171E-016));
#11175=DIRECTION('',(0.,-8.49580822359641E-016,-1.));
#11176=DIRECTION('',(0.,-1.,0.));
#11177=DIRECTION('',(1.,0.,0.));
#11178=DIRECTION('',(0.,0.,-1.));
#11179=DIRECTION('',(0.,-1.,0.));
#11180=DIRECTION('',(-1.,0.,0.));
#11181=DIRECTION('',(0.,0.,1.));
#11182=DIRECTION('',(0.,-1.,0.));
#11183=DIRECTION('',(0.,-1.,0.));
#11184=DIRECTION('',(1.,0.,0.));
#11185=DIRECTION('',(0.,0.,-1.));
#11186=DIRECTION('',(-1.,0.,0.));
#11187=DIRECTION('',(0.,0.,1.));
#11188=DIRECTION('',(9.6373526443156E-016,1.,0.));
#11189=DIRECTION('',(0.,0.,1.));
#11190=DIRECTION('',(1.00000000000001,0.,0.));
#11191=DIRECTION('',(-1.,-2.16840434497101E-016,0.));
#11192=DIRECTION('',(0.,0.,1.));
#11193=DIRECTION('',(1.,0.,0.));
#11194=DIRECTION('',(-9.6373526443156E-016,-1.,0.));
#11195=DIRECTION('',(0.,0.,1.));
#11196=DIRECTION('',(1.,0.,0.));
#11197=DIRECTION('',(1.,0.,0.));
#11198=DIRECTION('',(0.,0.,1.));
#11199=DIRECTION('',(1.00000000000001,0.,0.));
#11200=DIRECTION('',(0.,1.,0.));
#11201=DIRECTION('',(0.,-1.,0.));
#11202=DIRECTION('',(1.,0.,0.));
#11203=DIRECTION('',(-0.98711256509851,0.160027447097804,0.));
#11204=DIRECTION('',(0.,1.,0.));
#11205=DIRECTION('',(1.,0.,0.));
#11206=DIRECTION('',(0.,-1.,0.));
#11207=DIRECTION('',(0.98762163256608,-0.156855063314866,0.));
#11208=DIRECTION('',(0.,1.,0.));
#11209=DIRECTION('',(0.,0.,-1.));
#11210=DIRECTION('',(-1.,0.,0.));
#11211=DIRECTION('',(0.,1.,0.));
#11212=DIRECTION('',(0.854339146847297,-0.519715905244618,0.));
#11213=DIRECTION('',(0.,-1.,0.));
#11214=DIRECTION('',(-1.,0.,0.));
#11215=DIRECTION('',(0.,1.,0.));
#11216=DIRECTION('',(-1.,0.,0.));
#11217=DIRECTION('',(0.,1.,0.));
#11218=DIRECTION('',(1.,0.,0.));
#11219=DIRECTION('',(0.,1.,0.));
#11220=DIRECTION('',(0.,0.,1.));
#11221=DIRECTION('',(1.,0.,0.));
#11222=DIRECTION('',(-1.,2.89120579329468E-015,0.));
#11223=DIRECTION('',(0.,0.,1.));
#11224=DIRECTION('',(1.,0.,0.));
#11225=DIRECTION('',(0.,-1.,0.));
#11226=DIRECTION('',(0.,0.,1.));
#11227=DIRECTION('',(1.,0.,0.));
#11228=DIRECTION('',(1.,-4.81867632215779E-016,0.));
#11229=DIRECTION('',(0.,0.,1.));
#11230=DIRECTION('',(1.,0.,0.));
#11231=DIRECTION('',(0.,0.,-1.));
#11232=DIRECTION('',(-1.,0.,0.));
#11233=DIRECTION('',(0.,1.,0.));
#11234=DIRECTION('',(0.,0.,1.));
#11235=DIRECTION('',(-1.,0.,0.));
#11236=DIRECTION('',(-1.,0.,0.));
#11237=DIRECTION('',(0.,0.,1.));
#11238=DIRECTION('',(-1.,0.,0.));
#11239=DIRECTION('',(0.,-1.,0.));
#11240=DIRECTION('',(0.,0.,1.));
#11241=DIRECTION('',(-1.,0.,0.));
#11242=DIRECTION('',(1.,0.,0.));
#11243=DIRECTION('',(0.,0.,1.));
#11244=DIRECTION('',(-1.,0.,0.));
#11245=DIRECTION('',(0.,1.,0.));
#11246=DIRECTION('',(0.,-1.,0.));
#11247=DIRECTION('',(-1.,0.,0.));
#11248=DIRECTION('',(0.,1.,0.));
#11249=DIRECTION('',(0.,0.,1.));
#11250=DIRECTION('',(1.,0.,0.));
#11251=DIRECTION('',(0.,1.,0.));
#11252=DIRECTION('',(0.,0.,1.));
#11253=DIRECTION('',(-1.,0.,0.));
#11254=DIRECTION('',(-1.,0.,0.));
#11255=DIRECTION('',(0.,0.,1.));
#11256=DIRECTION('',(-1.,0.,0.));
#11257=DIRECTION('',(0.,-1.,0.));
#11258=DIRECTION('',(0.,0.,1.));
#11259=DIRECTION('',(-1.,0.,0.));
#11260=DIRECTION('',(1.,0.,0.));
#11261=DIRECTION('',(0.,0.,1.));
#11262=DIRECTION('',(-1.,0.,0.));
#11263=DIRECTION('',(0.,1.,0.));
#11264=DIRECTION('',(0.723456371936931,-0.690370102121936,0.));
#11265=DIRECTION('',(0.,-1.,0.));
#11266=DIRECTION('',(-1.,0.,0.));
#11267=DIRECTION('',(0.,1.,0.));
#11268=DIRECTION('',(1.,0.,0.));
#11269=DIRECTION('',(0.,0.,1.));
#11270=DIRECTION('',(1.,0.,0.));
#11271=DIRECTION('',(0.,1.,0.));
#11272=DIRECTION('',(0.,0.,-1.));
#11273=DIRECTION('',(-1.,0.,0.));
#11274=DIRECTION('',(1.,-2.71050543121376E-016,0.));
#11275=DIRECTION('',(0.,0.,-1.));
#11276=DIRECTION('',(-1.,0.,0.));
#11277=DIRECTION('',(0.,-1.,0.));
#11278=DIRECTION('',(0.,0.,-1.));
#11279=DIRECTION('',(-1.,0.,0.));
#11280=DIRECTION('',(-1.,0.,0.));
#11281=DIRECTION('',(0.,0.,1.));
#11282=DIRECTION('',(-0.999999999999999,0.,0.));
#11283=DIRECTION('',(0.,-1.,0.));
#11284=DIRECTION('',(0.,0.,-1.));
#11285=DIRECTION('',(-1.,0.,0.));
#11286=DIRECTION('',(0.,1.,0.));
#11287=DIRECTION('',(0.,0.,-1.));
#11288=DIRECTION('',(-1.,0.,0.));
#11289=DIRECTION('',(0.,-1.,0.));
#11290=DIRECTION('',(0.,0.,-1.));
#11291=DIRECTION('',(-1.,0.,0.));
#11292=DIRECTION('',(0.,1.,0.));
#11293=DIRECTION('',(0.,0.,-1.));
#11294=DIRECTION('',(-1.,0.,0.));
#11295=DIRECTION('',(0.,1.,0.));
#11296=DIRECTION('',(0.,0.,1.));
#11297=DIRECTION('',(-0.999999999999999,0.,0.));
#11298=DIRECTION('',(-1.,0.,0.));
#11299=DIRECTION('',(0.,0.,-1.));
#11300=DIRECTION('',(-1.,0.,0.));
#11301=DIRECTION('',(0.,1.,0.));
#11302=DIRECTION('',(0.,0.,-1.));
#11303=DIRECTION('',(-1.,0.,0.));
#11304=DIRECTION('',(1.,2.71050543121376E-016,0.));
#11305=DIRECTION('',(0.,0.,-1.));
#11306=DIRECTION('',(-1.,0.,0.));
#11307=DIRECTION('',(0.,-1.,0.));
#11308=DIRECTION('',(0.,0.,1.));
#11309=DIRECTION('',(-1.,0.,0.));
#11310=DIRECTION('',(1.,0.,0.));
#11311=DIRECTION('',(0.,0.,-1.));
#11312=DIRECTION('',(-1.00000000000001,0.,0.));
#11313=DIRECTION('',(0.,-1.,0.));
#11314=DIRECTION('',(0.,0.,-1.));
#11315=DIRECTION('',(-1.00000000000001,0.,0.));
#11316=DIRECTION('',(-1.,0.,0.));
#11317=DIRECTION('',(0.,0.,-1.));
#11318=DIRECTION('',(-1.,0.,0.));
#11319=DIRECTION('',(0.,1.,0.));
#11320=DIRECTION('',(0.,0.,-1.));
#11321=DIRECTION('',(-1.,0.,0.));
#11322=DIRECTION('',(-1.,0.,0.));
#11323=DIRECTION('',(0.,0.,-1.));
#11324=DIRECTION('',(-1.00000000000001,0.,0.));
#11325=DIRECTION('',(0.,1.,0.));
#11326=DIRECTION('',(0.,0.,-1.));
#11327=DIRECTION('',(-1.00000000000001,0.,0.));
#11328=DIRECTION('',(1.,0.,0.));
#11329=DIRECTION('',(0.,0.,1.));
#11330=DIRECTION('',(-1.,0.,0.));
#11331=DIRECTION('',(1.,0.,0.));
#11332=DIRECTION('',(0.,1.,0.));
#11333=DIRECTION('',(-1.,0.,0.));
#11334=DIRECTION('',(-1.,0.,0.));
#11335=DIRECTION('',(-1.,0.,0.));
#11336=DIRECTION('',(0.,-1.,0.));
#11337=DIRECTION('',(1.,0.,0.));
#11338=DIRECTION('',(1.,0.,0.));
#11339=DIRECTION('',(0.,0.,1.));
#11340=DIRECTION('',(1.,0.,0.));
#11341=DIRECTION('',(-1.,0.,0.));
#11342=DIRECTION('',(-1.,0.,0.));
#11343=DIRECTION('',(0.,0.,1.));
#11344=DIRECTION('',(-1.,0.,0.));
#11345=DIRECTION('',(-1.,0.,0.));
#11346=DIRECTION('',(0.,0.,1.));
#11347=DIRECTION('',(1.,0.,0.));
#11348=DIRECTION('',(1.,0.,0.));
#11349=DIRECTION('',(0.,0.,-1.));
#11350=DIRECTION('',(1.,0.,0.));
#11351=DIRECTION('',(1.,0.,0.));
#11352=DIRECTION('',(0.,0.,-1.));
#11353=DIRECTION('',(1.,-2.71050543121376E-016,0.));
#11354=DIRECTION('',(0.,1.,0.));
#11355=DIRECTION('',(-1.,0.,0.));
#11356=DIRECTION('',(0.,0.,1.));
#11357=DIRECTION('',(-1.,0.,0.));
#11358=DIRECTION('',(0.,-1.,0.));
#11359=DIRECTION('',(0.,0.,1.));
#11360=DIRECTION('',(-1.,0.,0.));
#11361=DIRECTION('',(0.,0.,1.));
#11362=DIRECTION('',(1.,0.,0.));
#11363=DIRECTION('',(-1.,0.,0.));
#11364=DIRECTION('',(0.,-1.,0.));
#11365=DIRECTION('',(1.,-2.71050543121376E-016,0.));
#11366=DIRECTION('',(0.,0.,-1.));
#11367=DIRECTION('',(-1.,0.,0.));
#11368=DIRECTION('',(-1.,4.81867632215779E-016,0.));
#11369=DIRECTION('',(0.,1.,0.));
#11370=DIRECTION('',(0.,0.,1.));
#11371=DIRECTION('',(-1.,0.,0.));
#11372=DIRECTION('',(0.,-1.,0.));
#11373=DIRECTION('',(0.,0.,-1.));
#11374=DIRECTION('',(-1.,0.,0.));
#11375=DIRECTION('',(0.,0.,1.));
#11376=DIRECTION('',(1.,0.,0.));
#11377=DIRECTION('',(-0.707106781186547,0.,0.707106781186547));
#11378=DIRECTION('',(-0.707106781186547,0.,-0.707106781186547));
#11379=DIRECTION('',(-1.,0.,0.));
#11380=DIRECTION('',(0.,0.,-1.));
#11381=DIRECTION('',(1.,0.,0.));
#11382=DIRECTION('',(-1.,0.,0.));
#11383=DIRECTION('',(0.,0.,1.));
#11384=DIRECTION('',(0.707106781186547,-1.91661677085422E-016,0.707106781186547));
#11385=DIRECTION('',(0.707106781186547,-1.91661677085422E-016,-0.707106781186547));
#11386=DIRECTION('',(1.,0.,0.));
#11387=DIRECTION('',(0.,0.,1.));
#11388=DIRECTION('',(-1.,2.71050543121376E-016,0.));
#11389=DIRECTION('',(1.,-2.71050543121376E-016,0.));
#11390=DIRECTION('',(0.,-1.,0.));
#11391=DIRECTION('',(-1.,-2.71050543121376E-016,0.));
#11392=DIRECTION('',(0.,-1.,0.));
#11393=DIRECTION('',(1.,0.,0.));
#11394=DIRECTION('',(0.,0.,-1.));
#11395=DIRECTION('',(-1.,0.,0.));
#11396=DIRECTION('',(0.,-1.,0.));
#11397=DIRECTION('',(0.,0.,1.));
#11398=DIRECTION('',(-1.,0.,0.));
#11399=DIRECTION('',(0.,1.,0.));
#11400=DIRECTION('',(1.,-2.89120579329468E-015,0.));
#11401=DIRECTION('',(0.,0.,-1.));
#11402=DIRECTION('',(-1.,0.,0.));
#11403=DIRECTION('',(0.,0.,1.));
#11404=DIRECTION('',(1.,0.,0.));
#11405=DIRECTION('',(1.,0.,0.));
#11406=DIRECTION('',(0.,1.,0.));
#11407=DIRECTION('',(-1.,-2.71050543121376E-016,0.));
#11408=DIRECTION('',(0.,0.,1.));
#11409=DIRECTION('',(-1.,0.,0.));
#11410=DIRECTION('',(0.,-1.,0.));
#11411=DIRECTION('',(0.,0.,1.));
#11412=DIRECTION('',(-1.,0.,0.));
#11413=DIRECTION('',(0.,0.,1.));
#11414=DIRECTION('',(1.,0.,0.));
#11415=DIRECTION('',(0.707106781186547,0.,0.707106781186547));
#11416=DIRECTION('',(-0.707106781186547,0.,0.707106781186547));
#11417=DIRECTION('',(-1.,0.,0.));
#11418=DIRECTION('',(0.,0.,-1.));
#11419=DIRECTION('',(-1.,0.,0.));
#11420=DIRECTION('',(-1.,0.,0.));
#11421=DIRECTION('',(0.,0.,1.));
#11422=DIRECTION('',(-0.707106781186547,-1.91661677085422E-016,0.707106781186547));
#11423=DIRECTION('',(0.707106781186547,1.91661677085422E-016,0.707106781186547));
#11424=DIRECTION('',(1.,2.71050543121376E-016,0.));
#11425=DIRECTION('',(1.,2.71050543121376E-016,0.));
#11426=DIRECTION('',(0.,-1.,0.));
#11427=DIRECTION('',(-1.,0.,0.));
#11428=DIRECTION('',(0.,0.,0.999999999999994));
#11429=DIRECTION('',(0.,0.,-1.));
#11430=DIRECTION('',(0.,0.,1.));
#11431=DIRECTION('',(-1.,0.,0.));
#11432=DIRECTION('',(0.,0.,0.999999999999994));
#11433=DIRECTION('',(0.,-1.,0.));
#11434=DIRECTION('',(1.,0.,0.));
#11435=DIRECTION('',(0.,0.,-1.));
#11436=DIRECTION('',(-1.,0.,0.));
#11437=DIRECTION('',(0.,0.,0.999999999999994));
#11438=DIRECTION('',(0.,-1.,0.));
#11439=DIRECTION('',(-1.,0.,0.));
#11440=DIRECTION('',(0.,0.,0.999999999999994));
#11441=DIRECTION('',(0.,0.,-1.));
#11442=DIRECTION('',(0.,0.,1.));
#11443=DIRECTION('',(1.,0.,0.));
#11444=DIRECTION('',(0.,0.,-1.));
#11445=DIRECTION('',(0.,0.,1.));
#11446=DIRECTION('',(0.,-1.,0.));
#11447=DIRECTION('',(0.,0.,-1.));
#11448=DIRECTION('',(-1.,0.,0.));
#11449=DIRECTION('',(0.,0.,1.));
#11450=DIRECTION('',(0.,0.,1.));
#11451=DIRECTION('',(-1.,0.,0.));
#11452=DIRECTION('',(0.,0.,-1.));
#11453=DIRECTION('',(1.00000000000001,0.,0.));
#11454=DIRECTION('',(0.,-1.,0.));
#11455=DIRECTION('',(0.,0.,-1.));
#11456=DIRECTION('',(1.00000000000001,0.,0.));
#11457=DIRECTION('',(-1.,0.,0.));
#11458=DIRECTION('',(0.,0.,-1.));
#11459=DIRECTION('',(1.,0.,0.));
#11460=DIRECTION('',(0.,1.,0.));
#11461=DIRECTION('',(0.,0.,-1.));
#11462=DIRECTION('',(1.,0.,0.));
#11463=DIRECTION('',(1.,0.,0.));
#11464=DIRECTION('',(-1.,0.,0.));
#11465=DIRECTION('',(1.48266963758701E-016,1.,0.));
#11466=DIRECTION('',(-1.,0.,0.));
#11467=DIRECTION('',(0.,1.,0.));
#11468=DIRECTION('',(0.,-1.,0.));
#11469=DIRECTION('',(1.,0.,0.));
#11470=DIRECTION('',(0.,1.,0.));
#11471=DIRECTION('',(1.,0.,0.));
#11472=DIRECTION('',(-1.,0.,0.));
#11473=DIRECTION('',(0.,-1.,0.));
#11474=DIRECTION('',(-1.,0.,0.));
#11475=DIRECTION('',(0.,-1.,0.));
#11476=DIRECTION('',(0.,-1.,0.));
#11477=DIRECTION('',(-1.,0.,0.));
#11478=DIRECTION('',(0.,1.,0.));
#11479=DIRECTION('',(-1.,0.,0.));
#11480=DIRECTION('',(1.,0.,0.));
#11481=DIRECTION('',(0.,-1.,0.));
#11482=DIRECTION('',(1.,0.,0.));
#11483=DIRECTION('',(0.,-1.,0.));
#11484=DIRECTION('',(1.,0.,0.));
#11485=DIRECTION('',(1.48266963758701E-016,1.,0.));
#11486=DIRECTION('',(1.,0.,0.));
#11487=DIRECTION('',(0.,1.,0.));
#11488=DIRECTION('',(0.,0.,1.));
#11489=DIRECTION('',(1.,0.,0.));
#11490=DIRECTION('',(0.,0.,-1.));
#11491=DIRECTION('',(0.,0.,1.));
#11492=DIRECTION('',(1.,2.71050543121376E-016,0.));
#11493=DIRECTION('',(0.,0.,1.));
#11494=DIRECTION('',(0.,0.,-1.));
#11495=DIRECTION('',(-2.71050543121376E-016,1.,0.));
#11496=DIRECTION('',(1.,2.70616862252382E-016,0.));
#11497=DIRECTION('',(0.,0.,1.));
#11498=DIRECTION('',(0.,0.,-1.));
#11499=DIRECTION('',(-1.,0.,0.));
#11500=DIRECTION('',(0.,0.,1.));
#11501=DIRECTION('',(0.,0.,1.));
#11502=DIRECTION('',(0.,-1.,0.));
#11503=DIRECTION('',(0.,0.,-1.));
#11504=DIRECTION('',(-1.,0.,0.));
#11505=DIRECTION('',(0.,0.,1.));
#11506=DIRECTION('',(0.,0.,1.));
#11507=DIRECTION('',(0.,1.,0.));
#11508=DIRECTION('',(0.,0.,-1.));
#11509=DIRECTION('',(-1.,0.,0.));
#11510=DIRECTION('',(0.,0.,1.));
#11511=DIRECTION('',(0.,0.,-1.));
#11512=DIRECTION('',(0.,0.,1.));
#11513=DIRECTION('',(-1.,0.,0.));
#11514=DIRECTION('',(0.,0.,1.));
#11515=DIRECTION('',(0.,0.,-1.));
#11516=DIRECTION('',(0.,-1.,0.));
#11517=DIRECTION('',(0.,0.,-1.));
#11518=DIRECTION('',(0.,0.,1.));
#11519=DIRECTION('',(0.,1.,0.));
#11520=DIRECTION('',(0.,0.,-1.));
#11521=DIRECTION('',(-1.,0.,0.));
#11522=DIRECTION('',(0.,0.,1.));
#11523=DIRECTION('',(0.,0.,1.));
#11524=DIRECTION('',(0.,1.,0.));
#11525=DIRECTION('',(0.,0.,-1.));
#11526=DIRECTION('',(-1.,0.,0.));
#11527=DIRECTION('',(0.,0.,1.));
#11528=DIRECTION('',(0.,0.,1.));
#11529=DIRECTION('',(-1.,0.,0.));
#11530=DIRECTION('',(0.,0.,-1.));
#11531=DIRECTION('',(0.,-1.,0.));
#11532=DIRECTION('',(0.,0.,-1.));
#11533=DIRECTION('',(0.,0.,1.));
#11534=DIRECTION('',(1.,0.,0.));
#11535=DIRECTION('',(0.,0.,-1.));
#11536=DIRECTION('',(0.,1.,0.));
#11537=DIRECTION('',(0.,0.,1.));
#11538=DIRECTION('',(0.,0.,1.));
#11539=DIRECTION('',(0.,-1.,0.));
#11540=DIRECTION('',(0.,0.,-1.));
#11541=DIRECTION('',(1.,0.,0.));
#11542=DIRECTION('',(0.,0.,-1.));
#11543=DIRECTION('',(0.,1.,0.));
#11544=DIRECTION('',(0.,0.,-1.));
#11545=DIRECTION('',(1.00000000000001,0.,0.));
#11546=DIRECTION('',(1.,0.,0.));
#11547=DIRECTION('',(0.,0.,-1.));
#11548=DIRECTION('',(1.,0.,0.));
#11549=DIRECTION('',(-9.6373526443156E-016,-1.,0.));
#11550=DIRECTION('',(0.,0.,-1.));
#11551=DIRECTION('',(1.,0.,0.));
#11552=DIRECTION('',(-1.,-2.16840434497101E-016,0.));
#11553=DIRECTION('',(0.,0.,-1.));
#11554=DIRECTION('',(1.00000000000001,0.,0.));
#11555=DIRECTION('',(0.,1.,0.));
#11556=DIRECTION('',(0.,0.,-1.));
#11557=DIRECTION('',(0.999999999999999,0.,0.));
#11558=DIRECTION('',(1.,0.,0.));
#11559=DIRECTION('',(0.,1.,0.));
#11560=DIRECTION('',(-1.,0.,0.));
#11561=DIRECTION('',(0.,0.,1.));
#11562=DIRECTION('',(1.,0.,0.));
#11563=DIRECTION('',(0.,-1.,0.));
#11564=DIRECTION('',(0.,0.,1.));
#11565=DIRECTION('',(1.,0.,0.));
#11566=DIRECTION('',(1.,0.,0.));
#11567=DIRECTION('',(0.,1.,0.));
#11568=DIRECTION('',(-1.,0.,0.));
#11569=DIRECTION('',(0.,0.,-1.));
#11570=DIRECTION('',(0.999999999999999,0.,0.));
#11571=DIRECTION('',(0.,0.,-1.));
#11572=DIRECTION('',(0.999999999999999,0.,0.));
#11573=DIRECTION('',(0.,0.,-1.));
#11574=DIRECTION('',(-1.,0.,0.));
#11575=DIRECTION('',(0.,0.,1.));
#11576=DIRECTION('',(-1.,2.71050543121376E-016,0.));
#11577=DIRECTION('',(0.,0.,1.));
#11578=DIRECTION('',(0.,0.,-1.));
#11579=DIRECTION('',(0.,0.,-1.));
#11580=DIRECTION('',(-2.71050543121376E-016,-1.,0.));
#11581=DIRECTION('',(1.,-2.70616862252382E-016,0.));
#11582=DIRECTION('',(0.,0.,1.));
#11583=DIRECTION('',(0.,1.,0.));
#11584=DIRECTION('',(0.,0.,-1.));
#11585=DIRECTION('',(-1.,0.,0.));
#11586=DIRECTION('',(0.,0.,1.));
#11587=DIRECTION('',(0.,0.,1.));
#11588=DIRECTION('',(1.,0.,0.));
#11589=DIRECTION('',(0.,0.,1.));
#11590=DIRECTION('',(0.,0.,-1.));
#11591=DIRECTION('',(0.,0.,-1.));
#11592=DIRECTION('',(0.,1.,0.));
#11593=DIRECTION('',(0.,0.,-1.));
#11594=DIRECTION('',(0.,0.,1.));
#11595=DIRECTION('',(0.,1.,0.));
#11596=DIRECTION('',(0.,0.,-1.));
#11597=DIRECTION('',(-1.,0.,0.));
#11598=DIRECTION('',(0.,0.,1.));
#11599=DIRECTION('',(0.,0.,1.));
#11600=DIRECTION('',(1.,0.,0.));
#11601=DIRECTION('',(0.,0.,-1.));
#11602=DIRECTION('',(0.,1.,0.));
#11603=DIRECTION('',(0.,0.,-1.));
#11604=DIRECTION('',(0.,0.,1.));
#11605=DIRECTION('',(-1.,0.,0.));
#11606=DIRECTION('',(0.,0.,-1.));
#11607=DIRECTION('',(0.,-1.,0.));
#11608=DIRECTION('',(0.,0.,1.));
#11609=DIRECTION('',(0.,0.,-1.));
#11610=DIRECTION('',(2.89120579329468E-015,1.,0.));
#11611=DIRECTION('',(1.,-2.89120579329468E-015,0.));
#11612=DIRECTION('',(0.,0.,1.));
#11613=DIRECTION('',(-2.89120579329468E-015,-1.,0.));
#11614=DIRECTION('',(-1.,2.89091667271535E-015,0.));
#11615=DIRECTION('',(0.,0.,1.));
#11616=DIRECTION('',(0.,0.,-1.));
#11617=DIRECTION('',(-4.81867632215779E-016,-1.,0.));
#11618=DIRECTION('',(-1.,0.,0.));
#11619=DIRECTION('',(4.81867632215779E-016,1.,0.));
#11620=DIRECTION('',(1.,-4.82253126321552E-016,0.));
#11621=DIRECTION('',(0.,0.,1.));
#11622=DIRECTION('',(0.,0.,-1.));
#11623=DIRECTION('',(1.,0.,0.));
#11624=DIRECTION('',(0.,0.,-1.));
#11625=DIRECTION('',(1.,0.,0.));
#11626=DIRECTION('',(0.,0.,-1.));
#11627=DIRECTION('',(0.,-1.,0.));
#11628=DIRECTION('',(0.,0.,-1.));
#11629=DIRECTION('',(0.,1.,0.));
#11630=DIRECTION('',(0.,0.,1.));
#11631=DIRECTION('',(-1.,0.,0.));
#11632=DIRECTION('',(0.,0.,1.));
#11633=DIRECTION('',(0.,0.,-1.));
#11634=DIRECTION('',(-1.,0.,0.));
#11635=DIRECTION('',(0.,0.,-1.));
#11636=DIRECTION('',(-1.,0.,0.));
#11637=DIRECTION('',(0.,0.,1.));
#11638=DIRECTION('',(-0.999999999999999,0.,0.));
#11639=DIRECTION('',(0.,0.,1.));
#11640=DIRECTION('',(0.999999999999999,0.,0.));
#11641=DIRECTION('',(0.,0.,1.));
#11642=DIRECTION('',(-0.999999999999999,0.,0.));
#11643=DIRECTION('',(0.,0.,1.));
#11644=DIRECTION('',(0.999999999999999,0.,0.));
#11645=DIRECTION('',(0.,0.,-1.));
#11646=DIRECTION('',(-1.,0.,0.));
#11647=DIRECTION('',(0.,0.,1.));
#11648=DIRECTION('',(1.,0.,0.));
#11649=DIRECTION('',(0.,0.,-1.));
#11650=DIRECTION('',(-1.,0.,0.));
#11651=DIRECTION('',(0.,0.,-1.));
#11652=DIRECTION('',(-1.,0.,0.));
#11653=DIRECTION('',(0.,0.,-1.));
#11654=DIRECTION('',(-1.,0.,0.));
#11655=DIRECTION('',(0.,0.,-1.));
#11656=DIRECTION('',(-1.,0.,0.));
#11657=DIRECTION('',(0.,0.,-1.));
#11658=DIRECTION('',(-1.,0.,0.));
#11659=DIRECTION('',(0.,0.,-1.));
#11660=DIRECTION('',(-1.,0.,0.));
#11661=DIRECTION('',(0.,0.,-1.));
#11662=DIRECTION('',(-1.,0.,0.));
#11663=DIRECTION('',(0.,0.,-1.));
#11664=DIRECTION('',(-1.,0.,0.));
#11665=DIRECTION('',(0.,1.,0.));
#11666=DIRECTION('',(0.,0.,-1.));
#11667=DIRECTION('',(0.,-1.,0.));
#11668=DIRECTION('',(0.,0.,-1.));
#11669=DIRECTION('',(0.,-1.,0.));
#11670=DIRECTION('',(0.,0.,1.));
#11671=DIRECTION('',(0.,-1.,0.));
#11672=DIRECTION('',(0.,0.,1.));
#11673=DIRECTION('',(0.,-1.,0.));
#11674=DIRECTION('',(0.,0.,-1.));
#11675=DIRECTION('',(0.,0.,1.));
#11676=DIRECTION('',(0.999999999999999,0.,0.));
#11677=DIRECTION('',(0.707106781186547,0.,0.707106781186547));
#11678=DIRECTION('',(-0.707106781186547,0.,0.707106781186547));
#11679=DIRECTION('',(-1.,0.,0.));
#11680=DIRECTION('',(0.,0.,-1.));
#11681=DIRECTION('',(-1.,0.,0.));
#11682=DIRECTION('',(0.,0.,1.));
#11683=DIRECTION('',(0.,-1.,0.));
#11684=DIRECTION('',(0.,0.,1.));
#11685=DIRECTION('',(0.,-1.,0.));
#11686=DIRECTION('',(0.,0.,1.));
#11687=DIRECTION('',(0.,-1.,0.));
#11688=DIRECTION('',(0.,0.,-1.));
#11689=DIRECTION('',(-0.707106781186547,1.91661677085422E-016,0.707106781186547));
#11690=DIRECTION('',(0.707106781186547,-1.91661677085422E-016,0.707106781186547));
#11691=DIRECTION('',(1.,-2.71050543121376E-016,0.));
#11692=DIRECTION('',(0.,-1.,0.));
#11693=DIRECTION('',(0.,-1.,0.));
#11694=DIRECTION('',(0.,0.,1.));
#11695=DIRECTION('',(0.,-1.,0.));
#11696=DIRECTION('',(0.,0.,-1.));
#11697=DIRECTION('',(0.,1.,0.));
#11698=DIRECTION('',(0.,0.,-1.));
#11699=DIRECTION('',(0.,1.,0.));
#11700=DIRECTION('',(0.,0.,-1.));
#11701=DIRECTION('',(0.,1.,0.));
#11702=DIRECTION('',(0.,0.,1.));
#11703=DIRECTION('',(-1.,0.,0.));
#11704=DIRECTION('',(0.,0.,-1.));
#11705=DIRECTION('',(0.,0.,1.));
#11706=DIRECTION('',(0.999999999999999,0.,0.));
#11707=DIRECTION('',(-0.707106781186547,0.,0.707106781186547));
#11708=DIRECTION('',(-0.707106781186547,0.,-0.707106781186547));
#11709=DIRECTION('',(-1.,0.,0.));
#11710=DIRECTION('',(0.,0.,1.));
#11711=DIRECTION('',(0.,1.,0.));
#11712=DIRECTION('',(0.,0.,-1.));
#11713=DIRECTION('',(0.,1.,0.));
#11714=DIRECTION('',(0.,0.,-1.));
#11715=DIRECTION('',(0.,1.,0.));
#11716=DIRECTION('',(0.,0.,1.));
#11717=DIRECTION('',(1.,0.,0.));
#11718=DIRECTION('',(0.,0.,1.));
#11719=DIRECTION('',(0.707106781186547,1.91661677085422E-016,0.707106781186547));
#11720=DIRECTION('',(0.707106781186547,1.91661677085422E-016,-0.707106781186547));
#11721=DIRECTION('',(1.,2.71050543121376E-016,0.));
#11722=DIRECTION('',(0.,-1.,0.));
#11723=DIRECTION('',(0.,0.,-1.));
#11724=DIRECTION('',(1.00000000000001,0.,0.));
#11725=DIRECTION('',(0.,0.,-1.));
#11726=DIRECTION('',(-1.00000000000001,0.,0.));
#11727=DIRECTION('',(0.,1.,0.));
#11728=DIRECTION('',(0.,0.,-1.));
#11729=DIRECTION('',(0.,-1.,0.));
#11730=DIRECTION('',(0.,0.,1.));
#11731=DIRECTION('',(0.,-1.,0.));
#11732=DIRECTION('',(0.,0.,-1.));
#11733=DIRECTION('',(0.,0.,-1.));
#11734=DIRECTION('',(1.00000000000001,0.,0.));
#11735=DIRECTION('',(0.,0.,-1.));
#11736=DIRECTION('',(-1.00000000000001,0.,0.));
#11737=DIRECTION('',(0.,0.,-1.));
#11738=DIRECTION('',(1.00000000000001,0.,0.));
#11739=DIRECTION('',(0.,0.,-1.));
#11740=DIRECTION('',(-1.00000000000001,0.,0.));
#11741=DIRECTION('',(0.,-1.,0.));
#11742=DIRECTION('',(0.,0.,1.));
#11743=DIRECTION('',(0.,1.,0.));
#11744=DIRECTION('',(0.,0.,-1.));
#11745=DIRECTION('',(0.,1.,0.));
#11746=DIRECTION('',(0.,0.,1.));
#11747=DIRECTION('',(0.,0.,-1.));
#11748=DIRECTION('',(1.00000000000001,0.,0.));
#11749=DIRECTION('',(0.,0.,-1.));
#11750=DIRECTION('',(-1.00000000000001,0.,0.));
#11751=DIRECTION('',(0.,0.,-1.));
#11752=DIRECTION('',(-1.,0.,0.));
#11753=DIRECTION('',(0.,0.,-1.));
#11754=DIRECTION('',(-1.,0.,0.));
#11755=DIRECTION('',(0.,0.,-1.));
#11756=DIRECTION('',(-1.,0.,0.));
#11757=DIRECTION('',(0.,0.,-1.));
#11758=DIRECTION('',(-1.,0.,0.));
#11759=DIRECTION('',(0.,0.,1.));
#11760=DIRECTION('',(-1.,0.,0.));
#11761=DIRECTION('',(0.,0.,1.));
#11762=DIRECTION('',(-1.,0.,0.));
#11763=DIRECTION('',(0.,0.,1.));
#11764=DIRECTION('',(1.,0.,0.));
#11765=DIRECTION('',(0.,0.,1.));
#11766=DIRECTION('',(1.,0.,0.));
#11767=DIRECTION('',(0.,0.,1.));
#11768=DIRECTION('',(1.,0.,1.04898321136029E-016));
#11769=DIRECTION('',(0.,0.,-1.));
#11770=DIRECTION('',(1.,0.,0.));
#11771=DIRECTION('',(0.,0.,-1.));
#11772=DIRECTION('',(-1.,0.,0.));
#11773=DIRECTION('',(0.,0.,-1.));
#11774=DIRECTION('',(1.,0.,0.));
#11775=DIRECTION('',(0.,0.,-1.));
#11776=DIRECTION('',(-1.,0.,0.));
#11777=DIRECTION('',(0.,0.,1.));
#11778=DIRECTION('',(1.,0.,0.));
#11779=DIRECTION('',(0.,0.,1.));
#11780=DIRECTION('',(1.,0.,0.));
#11781=DIRECTION('',(0.,0.,1.));
#11782=DIRECTION('',(1.,0.,0.));
#11783=DIRECTION('',(0.,0.,1.));
#11784=DIRECTION('',(1.,0.,0.));
#11785=DIRECTION('',(-1.,0.,0.));
#11786=DIRECTION('',(0.,0.,0.999999999999998));
#11787=DIRECTION('',(-1.,0.,0.));
#11788=DIRECTION('',(0.,0.,-0.999999999999998));
#11789=DIRECTION('',(1.,0.,0.));
#11790=DIRECTION('',(0.,0.,-0.999999999999998));
#11791=DIRECTION('',(0.,-1.,0.));
#11792=DIRECTION('',(0.,0.,0.999999999999998));
#11793=DIRECTION('',(0.,0.,-1.));
#11794=DIRECTION('',(-1.,0.,0.));
#11795=DIRECTION('',(0.,-1.,0.));
#11796=DIRECTION('',(0.,0.,0.999999999999998));
#11797=DIRECTION('',(0.,-1.,0.));
#11798=DIRECTION('',(0.,0.,-0.999999999999998));
#11799=DIRECTION('',(1.,0.,0.));
#11800=DIRECTION('',(0.,0.,0.999999999999998));
#11801=DIRECTION('',(0.,0.,-1.));
#11802=DIRECTION('',(-1.,0.,0.));
#11803=DIRECTION('',(1.,0.,0.));
#11804=DIRECTION('',(0.,0.,0.999999999999998));
#11805=DIRECTION('',(1.,0.,0.));
#11806=DIRECTION('',(0.,0.,-0.999999999999998));
#11807=DIRECTION('',(-1.,0.,0.));
#11808=DIRECTION('',(0.,0.,0.999999999999998));
#11809=DIRECTION('',(-1.,0.,0.));
#11810=DIRECTION('',(0.,0.,-0.999999999999998));
#11811=DIRECTION('',(-1.,0.,0.));
#11812=DIRECTION('',(0.,0.,0.999999999999998));
#11813=DIRECTION('',(0.,-1.,0.));
#11814=DIRECTION('',(0.,0.,0.999999999999998));
#11815=DIRECTION('',(0.,0.,-1.));
#11816=DIRECTION('',(-1.,0.,0.));
#11817=DIRECTION('',(0.,1.,0.));
#11818=DIRECTION('',(0.,-1.,0.));
#11819=DIRECTION('',(0.,0.,0.999999999999998));
#11820=DIRECTION('',(0.,1.,0.));
#11821=DIRECTION('',(0.,0.,0.999999999999998));
#11822=DIRECTION('',(1.,0.,0.));
#11823=DIRECTION('',(0.,0.,0.999999999999998));
#11824=DIRECTION('',(0.,0.,-1.));
#11825=DIRECTION('',(-1.,0.,0.));
#11826=DIRECTION('',(1.,0.,0.));
#11827=DIRECTION('',(0.,0.,0.999999999999998));
#11828=DIRECTION('',(-1.,0.,0.));
#11829=DIRECTION('',(0.,0.,0.999999999999998));
#11830=DIRECTION('',(0.,0.,1.));
#11831=DIRECTION('',(0.,0.,-1.));
#11832=DIRECTION('',(-1.,0.,0.));
#11833=DIRECTION('',(0.,0.,1.));
#11834=DIRECTION('',(0.,0.,1.));
#11835=DIRECTION('',(0.,0.,-1.));
#11836=DIRECTION('',(1.,0.,0.));
#11837=DIRECTION('',(0.,0.,-1.));
#11838=DIRECTION('',(0.,0.,-1.));
#11839=DIRECTION('',(-1.,0.,0.));
#11840=DIRECTION('',(0.,0.,-1.));
#11841=DIRECTION('',(-1.,0.,0.));
#11842=DIRECTION('',(0.,0.,-1.));
#11843=DIRECTION('',(-1.,0.,0.));
#11844=DIRECTION('',(0.,0.,-1.));
#11845=DIRECTION('',(-1.,0.,0.));
#11846=DIRECTION('',(0.,0.,1.));
#11847=DIRECTION('',(0.,0.,-1.));
#11848=DIRECTION('',(1.,0.,0.));
#11849=DIRECTION('',(0.,0.,-1.));
#11850=DIRECTION('',(0.,0.,1.));
#11851=DIRECTION('',(0.,0.,-1.));
#11852=DIRECTION('',(-1.,0.,0.));
#11853=DIRECTION('',(0.,0.,1.));
#11854=DIRECTION('',(0.,0.,-1.));
#11855=DIRECTION('',(-1.,0.,0.));
#11856=DIRECTION('',(0.,0.,-1.));
#11857=DIRECTION('',(-1.,0.,0.));
#11858=DIRECTION('',(0.,0.,-1.));
#11859=DIRECTION('',(-1.,0.,0.));
#11860=DIRECTION('',(0.,0.,-1.));
#11861=DIRECTION('',(-1.,0.,0.));
#11862=DIRECTION('',(0.,0.,-1.));
#11863=DIRECTION('',(1.00000000000001,0.,0.));
#11864=DIRECTION('',(9.6373526443156E-016,1.,0.));
#11865=DIRECTION('',(0.,0.,-1.));
#11866=DIRECTION('',(1.00000000000001,0.,0.));
#11867=DIRECTION('',(0.,0.,-1.));
#11868=DIRECTION('',(-1.,0.,0.));
#11869=DIRECTION('',(0.,0.,1.));
#11870=DIRECTION('',(0.,0.,-1.));
#11871=DIRECTION('',(-1.,9.6373526443156E-016,0.));
#11872=DIRECTION('',(9.64506252643105E-016,1.,0.));
#11873=DIRECTION('',(0.,0.,-1.));
#11874=DIRECTION('',(0.,0.,1.));
#11875=DIRECTION('',(2.16840434497101E-016,-1.,0.));
#11876=DIRECTION('',(-1.,-2.16840434497101E-016,0.));
#11877=DIRECTION('',(0.,0.,-1.));
#11878=DIRECTION('',(0.,0.,1.));
#11879=DIRECTION('',(1.,-9.6373526443156E-016,0.));
#11880=DIRECTION('',(-9.64506252643105E-016,-1.,0.));
#11881=DIRECTION('',(0.,0.,-1.));
#11882=DIRECTION('',(0.,0.,1.));
#11883=DIRECTION('',(0.,1.,0.));
#11884=DIRECTION('',(0.,0.,1.));
#11885=DIRECTION('',(0.,0.,-1.));
#11886=DIRECTION('',(-1.,0.,0.));
#11887=DIRECTION('',(0.,0.,-1.));
#11888=DIRECTION('',(-1.00000000000001,0.,0.));
#11889=DIRECTION('',(0.,0.,-1.));
#11890=DIRECTION('',(-1.00000000000001,0.,0.));
#11891=DIRECTION('',(0.,0.,-1.));
#11892=DIRECTION('',(-1.,0.,0.));
#11893=DIRECTION('',(0.,0.,-1.));
#11894=DIRECTION('',(0.723456371936931,-0.690370102121936,0.));
#11895=DIRECTION('',(0.,0.,-1.));
#11896=DIRECTION('',(0.690370102122035,0.723456371936837,0.));
#11897=DIRECTION('',(0.723456371936837,-0.690370102122035,0.));
#11898=DIRECTION('',(0.,-1.,0.));
#11899=DIRECTION('',(0.,0.,-1.));
#11900=DIRECTION('',(1.,0.,0.));
#11901=DIRECTION('',(0.,0.,-1.));
#11902=DIRECTION('',(-1.,0.,0.));
#11903=DIRECTION('',(0.,0.,-1.));
#11904=DIRECTION('',(0.,-1.,0.));
#11905=DIRECTION('',(0.,0.,-1.));
#11906=DIRECTION('',(0.,1.,0.));
#11907=DIRECTION('',(0.,0.,-1.));
#11908=DIRECTION('',(-1.,0.,0.));
#11909=DIRECTION('',(0.,0.,1.));
#11910=DIRECTION('',(1.,0.,0.));
#11911=DIRECTION('',(0.,0.,-1.));
#11912=DIRECTION('',(0.,1.,0.));
#11913=DIRECTION('',(0.,0.,1.));
#11914=DIRECTION('',(0.,1.,0.));
#11915=DIRECTION('',(-1.,0.,0.));
#11916=DIRECTION('',(0.,0.,1.));
#11917=DIRECTION('',(0.,0.,1.));
#11918=DIRECTION('',(1.,0.,0.));
#11919=DIRECTION('',(0.,0.,-1.));
#11920=DIRECTION('',(0.,0.,-1.));
#11921=DIRECTION('',(0.,0.,-1.));
#11922=DIRECTION('',(0.,1.,0.));
#11923=DIRECTION('',(0.,0.,-1.));
#11924=DIRECTION('',(-1.,0.,0.));
#11925=DIRECTION('',(0.,0.,1.));
#11926=DIRECTION('',(0.,0.,-1.));
#11927=DIRECTION('',(0.,0.,-1.));
#11928=DIRECTION('',(0.,-1.,0.));
#11929=DIRECTION('',(0.,0.,-1.));
#11930=DIRECTION('',(1.,0.,0.));
#11931=DIRECTION('',(0.,0.,-1.));
#11932=DIRECTION('',(-1.,0.,0.));
#11933=DIRECTION('',(0.,0.,-1.));
#11934=DIRECTION('',(6.44358729566605E-015,-1.,0.));
#11935=DIRECTION('',(-1.,-6.44276298977786E-015,0.));
#11936=DIRECTION('',(0.,1.,0.));
#11937=DIRECTION('',(0.,0.,-1.));
#11938=DIRECTION('',(-1.,0.,0.));
#11939=DIRECTION('',(0.,0.,1.));
#11940=DIRECTION('',(0.,0.,-1.));
#11941=DIRECTION('',(0.,0.,-1.));
#11942=DIRECTION('',(-1.,0.,0.));
#11943=DIRECTION('',(0.,-1.,0.));
#11944=DIRECTION('',(0.,0.,-1.));
#11945=DIRECTION('',(0.,-1.,0.));
#11946=DIRECTION('',(0.,0.,-1.));
#11947=DIRECTION('',(1.,0.,0.));
#11948=DIRECTION('',(0.,0.,-1.));
#11949=DIRECTION('',(1.,0.,0.));
#11950=DIRECTION('',(1.,0.,0.));
#11951=DIRECTION('',(0.,0.,-1.));
#11952=DIRECTION('',(0.,1.,0.));
#11953=DIRECTION('',(0.,0.,1.));
#11954=DIRECTION('',(0.,0.,-1.));
#11955=DIRECTION('',(0.854339146847297,-0.519715905244618,0.));
#11956=DIRECTION('',(0.,0.,-1.));
#11957=DIRECTION('',(0.519715905244618,0.854339146847297,0.));
#11958=DIRECTION('',(0.854339146847297,-0.519715905244618,0.));
#11959=DIRECTION('',(0.,0.,-1.));
#11960=DIRECTION('',(0.,0.,-1.));
#11961=DIRECTION('',(0.,-1.,0.));
#11962=DIRECTION('',(0.,0.,-1.));
#11963=DIRECTION('',(1.,0.,0.));
#11964=DIRECTION('',(0.,0.,-1.));
#11965=DIRECTION('',(-1.,0.,0.));
#11966=DIRECTION('',(0.,0.,-1.));
#11967=DIRECTION('',(0.,-1.,0.));
#11968=DIRECTION('',(0.,0.,-1.));
#11969=DIRECTION('',(0.,1.,0.));
#11970=DIRECTION('',(0.,0.,-1.));
#11971=DIRECTION('',(-1.,0.,0.));
#11972=DIRECTION('',(0.,0.,1.));
#11973=DIRECTION('',(-1.,0.,0.));
#11974=DIRECTION('',(0.,0.,-1.));
#11975=DIRECTION('',(0.,-1.,0.));
#11976=DIRECTION('',(0.,0.,-1.));
#11977=DIRECTION('',(0.,1.,0.));
#11978=DIRECTION('',(0.,0.,-1.));
#11979=DIRECTION('',(-1.,0.,0.));
#11980=DIRECTION('',(0.,0.,1.));
#11981=DIRECTION('',(1.,0.,0.));
#11982=DIRECTION('',(0.,0.,-1.));
#11983=DIRECTION('',(0.,1.,0.));
#11984=DIRECTION('',(0.,0.,1.));
#11985=DIRECTION('',(0.,1.,0.));
#11986=DIRECTION('',(-1.,0.,0.));
#11987=DIRECTION('',(0.,0.,1.));
#11988=DIRECTION('',(-0.852836101613498,0.522178689516042,0.));
#11989=DIRECTION('',(-0.852836101613498,0.522178689516042,0.));
#11990=DIRECTION('',(-0.522178689516024,-0.852836101613509,0.));
#11991=DIRECTION('',(-0.852836101613509,0.522178689516024,0.));
#11992=DIRECTION('',(0.,0.,1.));
#11993=DIRECTION('',(1.,0.,0.));
#11994=DIRECTION('',(0.,0.,-1.));
#11995=DIRECTION('',(-1.,0.,0.));
#11996=DIRECTION('',(0.,0.,-1.));
#11997=DIRECTION('',(0.,0.,-1.));
#11998=DIRECTION('',(0.,0.,-1.));
#11999=DIRECTION('',(0.,1.,0.));
#12000=DIRECTION('',(0.,0.,-1.));
#12001=DIRECTION('',(-1.,0.,0.));
#12002=DIRECTION('',(0.,0.,1.));
#12003=DIRECTION('',(0.,0.,-1.));
#12004=DIRECTION('',(0.,0.,-1.));
#12005=DIRECTION('',(0.,0.,-1.));
#12006=DIRECTION('',(0.,0.,-1.));
#12007=DIRECTION('',(0.,-1.,0.));
#12008=DIRECTION('',(0.,0.,-1.));
#12009=DIRECTION('',(1.,-7.36502984138005E-015,0.));
#12010=DIRECTION('',(-7.36563587899752E-015,-1.,0.));
#12011=DIRECTION('',(0.,0.,-1.));
#12012=DIRECTION('',(0.,0.,-1.));
#12013=DIRECTION('',(1.,0.,0.));
#12014=DIRECTION('',(0.,0.,-1.));
#12015=DIRECTION('',(0.,1.,0.));
#12016=DIRECTION('',(0.,0.,1.));
#12017=DIRECTION('',(0.,0.,-1.));
#12018=DIRECTION('',(0.,0.,-1.));
#12019=DIRECTION('',(-1.,0.,0.));
#12020=DIRECTION('',(0.,0.,-1.));
#12021=DIRECTION('',(-0.98711256509851,0.160027447097804,0.));
#12022=DIRECTION('',(0.,0.,-1.));
#12023=DIRECTION('',(-0.160027447097795,-0.987112565098511,0.));
#12024=DIRECTION('',(-0.987112565098511,0.160027447097795,0.));
#12025=DIRECTION('',(0.,0.,-1.));
#12026=DIRECTION('',(0.,0.,-1.));
#12027=DIRECTION('',(0.,0.,-1.));
#12028=DIRECTION('',(0.,1.,0.));
#12029=DIRECTION('',(-1.,0.,0.));
#12030=DIRECTION('',(0.,0.,1.));
#12031=DIRECTION('',(0.,0.,-1.));
#12032=DIRECTION('',(0.,0.,-1.));
#12033=DIRECTION('',(0.,0.,-1.));
#12034=DIRECTION('',(0.98762163256608,-0.156855063314866,0.));
#12035=DIRECTION('',(0.156855063314866,0.98762163256608,0.));
#12036=DIRECTION('',(0.98762163256608,-0.156855063314866,0.));
#12037=DIRECTION('',(0.,0.,-1.));
#12038=DIRECTION('',(0.,-1.,0.));
#12039=DIRECTION('',(1.,0.,0.));
#12040=DIRECTION('',(0.,0.,-1.));
#12041=DIRECTION('',(0.,0.,-1.));
#12042=DIRECTION('',(1.,0.,0.));
#12043=DIRECTION('',(1.30955925092513E-014,1.,0.));
#12044=DIRECTION('',(1.,-1.30954275201489E-014,0.));
#12045=DIRECTION('',(0.,1.,0.));
#12046=DIRECTION('',(-1.,3.31187922237453E-015,0.));
#12047=DIRECTION('',(3.31158711563972E-015,1.,0.));
#12048=DIRECTION('',(0.,0.,1.));
#12049=DIRECTION('',(1.,0.,0.));
#12050=DIRECTION('',(0.,1.,0.));
#12051=DIRECTION('',(-1.,0.,0.));
#12052=DIRECTION('',(0.,1.,0.));
#12053=DIRECTION('',(1.,0.,0.));
#12054=DIRECTION('',(0.,0.,-1.));
#12055=DIRECTION('',(-1.,0.,0.));
#12056=DIRECTION('',(0.,0.,1.));
#12057=DIRECTION('',(0.,0.,1.));
#12058=DIRECTION('',(1.,0.,0.));
#12059=DIRECTION('',(0.,0.,-1.));
#12060=DIRECTION('',(0.,0.,1.));
#12061=DIRECTION('',(0.,0.,1.));
#12062=DIRECTION('',(-1.,0.,0.));
#12063=DIRECTION('',(0.,0.,1.));
#12064=DIRECTION('',(0.,1.,0.));
#12065=DIRECTION('',(0.,0.,1.));
#12066=DIRECTION('',(0.,1.,0.));
#12067=DIRECTION('',(0.,0.,1.));
#12068=DIRECTION('',(0.,-1.,0.));
#12069=DIRECTION('',(1.,0.,0.));
#12070=DIRECTION('',(0.,-1.,0.));
#12071=DIRECTION('',(-1.,0.,0.));
#12072=DIRECTION('',(0.,0.,-1.));
#12073=DIRECTION('',(-1.,0.,0.));
#12074=DIRECTION('',(0.,0.,-1.));
#12075=DIRECTION('',(0.,0.,-1.));
#12076=DIRECTION('',(-1.,0.,0.));
#12077=DIRECTION('',(0.,0.,1.));
#12078=DIRECTION('',(0.,0.,1.));
#12079=DIRECTION('',(0.,0.,1.));
#12080=DIRECTION('',(-1.,0.,0.));
#12081=DIRECTION('',(0.,0.,1.));
#12082=DIRECTION('',(0.,1.,0.));
#12083=DIRECTION('',(0.,0.,1.));
#12084=DIRECTION('',(0.,1.,0.));
#12085=DIRECTION('',(0.,0.,1.));
#12086=DIRECTION('',(0.,-1.,0.));
#12087=DIRECTION('',(-1.,0.,0.));
#12088=DIRECTION('',(0.,1.,0.));
#12089=DIRECTION('',(1.,0.,0.));
#12090=DIRECTION('',(0.,0.,-1.));
#12091=DIRECTION('',(-1.,0.,0.));
#12092=DIRECTION('',(0.,0.,1.));
#12093=DIRECTION('',(0.,0.,1.));
#12094=DIRECTION('',(-1.,0.,0.));
#12095=DIRECTION('',(0.,0.,1.));
#12096=DIRECTION('',(0.,0.,-1.));
#12097=DIRECTION('',(0.,0.,-1.));
#12098=DIRECTION('',(-1.,0.,0.));
#12099=DIRECTION('',(0.,0.,1.));
#12100=DIRECTION('',(0.,-1.,0.));
#12101=DIRECTION('',(0.,0.,1.));
#12102=DIRECTION('',(0.,-1.,0.));
#12103=DIRECTION('',(0.,0.,1.));
#12104=DIRECTION('',(0.,1.,0.));
#12105=DIRECTION('',(1.,0.,0.));
#12106=DIRECTION('',(0.,-1.,0.));
#12107=DIRECTION('',(-1.,0.,0.));
#12108=DIRECTION('',(0.,0.,-1.));
#12109=DIRECTION('',(-1.,0.,0.));
#12110=DIRECTION('',(0.,0.,-1.));
#12111=DIRECTION('',(0.,0.,1.));
#12112=DIRECTION('',(-1.,0.,0.));
#12113=DIRECTION('',(0.,0.,1.));
#12114=DIRECTION('',(0.,0.,1.));
#12115=DIRECTION('',(0.,0.,1.));
#12116=DIRECTION('',(1.,0.,0.));
#12117=DIRECTION('',(0.,0.,-1.));
#12118=DIRECTION('',(0.,-1.,0.));
#12119=DIRECTION('',(0.,0.,1.));
#12120=DIRECTION('',(0.,-1.,0.));
#12121=DIRECTION('',(0.,0.,1.));
#12122=DIRECTION('',(0.,-1.,0.));
#12123=DIRECTION('',(-1.,0.,0.));
#12124=DIRECTION('',(0.,1.,0.));
#12125=DIRECTION('',(1.,0.,0.));
#12126=DIRECTION('',(0.,0.,-1.));
#12127=DIRECTION('',(-1.,0.,0.));
#12128=DIRECTION('',(0.,0.,-1.));
#12129=DIRECTION('',(0.,0.,1.));
#12130=DIRECTION('',(1.,0.,0.));
#12131=DIRECTION('',(0.,0.,-1.));
#12132=DIRECTION('',(0.,0.,1.));
#12133=DIRECTION('',(0.,0.,1.));
#12134=DIRECTION('',(1.,-1.48266963758701E-016,0.));
#12135=DIRECTION('',(-1.47451495458029E-016,-1.,0.));
#12136=DIRECTION('',(0.,1.,0.));
#12137=DIRECTION('',(0.,0.,1.));
#12138=DIRECTION('',(0.,1.,0.));
#12139=DIRECTION('',(0.,0.,1.));
#12140=DIRECTION('',(0.,1.,0.));
#12141=DIRECTION('',(1.,0.,0.));
#12142=DIRECTION('',(0.,-1.,0.));
#12143=DIRECTION('',(-1.,0.,0.));
#12144=DIRECTION('',(0.,0.,-1.));
#12145=DIRECTION('',(-1.,0.,0.));
#12146=DIRECTION('',(0.,0.,1.));
#12147=DIRECTION('',(0.,0.,1.));
#12148=DIRECTION('',(1.,-1.48266963758701E-016,0.));
#12149=DIRECTION('',(-1.47451495458029E-016,-1.,0.));
#12150=DIRECTION('',(0.,0.,1.));
#12151=DIRECTION('',(0.,0.,1.));
#12152=DIRECTION('',(1.,0.,0.));
#12153=DIRECTION('',(0.,0.,-1.));
#12154=DIRECTION('',(0.,-1.,0.));
#12155=DIRECTION('',(0.,0.,1.));
#12156=DIRECTION('',(0.,-1.,0.));
#12157=DIRECTION('',(0.,0.,1.));
#12158=DIRECTION('',(0.,-1.,0.));
#12159=DIRECTION('',(1.,0.,0.));
#12160=DIRECTION('',(0.,-1.,0.));
#12161=DIRECTION('',(1.,0.,0.));
#12162=DIRECTION('',(0.,0.,-1.));
#12163=DIRECTION('',(-1.,0.,0.));
#12164=DIRECTION('',(0.,1.,0.));
#12165=DIRECTION('',(1.,0.,0.));
#12166=DIRECTION('',(0.,0.,-1.));
#12167=DIRECTION('',(0.,0.,-1.));
#12168=DIRECTION('',(-1.,0.,0.));
#12169=DIRECTION('',(0.124034734589209,0.,-0.992277876713668));
#12170=DIRECTION('',(0.,0.,-1.));
#12171=DIRECTION('',(0.,-1.,0.));
#12172=DIRECTION('',(-0.999999999999998,0.,0.));
#12173=DIRECTION('',(1.,0.,0.));
#12174=DIRECTION('',(0.,0.,-1.));
#12175=DIRECTION('',(-0.624695047554424,0.,-0.78086880944303));
#12176=DIRECTION('',(0.,0.,-1.));
#12177=DIRECTION('',(-1.,0.,0.));
#12178=DIRECTION('',(0.,0.,-1.));
#12179=DIRECTION('',(0.624695047554424,0.,-0.78086880944303));
#12180=DIRECTION('',(0.,0.,-1.));
#12181=DIRECTION('',(-1.,0.,0.));
#12182=DIRECTION('',(0.,-1.,0.));
#12183=DIRECTION('',(-1.,0.,0.));
#12184=DIRECTION('',(0.,0.,-1.));
#12185=DIRECTION('',(-0.124034734589209,0.,-0.992277876713668));
#12186=DIRECTION('',(1.,0.,0.));
#12187=DIRECTION('',(0.,-1.,0.));
#12188=DIRECTION('',(1.,0.,0.));
#12189=DIRECTION('',(0.,1.,0.));
#12190=DIRECTION('',(1.,0.,0.));
#12191=DIRECTION('',(0.,0.,-1.));
#12192=DIRECTION('',(1.,0.,0.));
#12193=DIRECTION('',(-0.124034734589209,0.,-0.992277876713668));
#12194=DIRECTION('',(0.,0.,-1.));
#12195=DIRECTION('',(0.,1.,0.));
#12196=DIRECTION('',(-1.,0.,0.));
#12197=DIRECTION('',(-1.,0.,0.));
#12198=DIRECTION('',(0.,0.,-1.));
#12199=DIRECTION('',(0.624695047554424,0.,-0.78086880944303));
#12200=DIRECTION('',(0.,0.,-1.));
#12201=DIRECTION('',(1.,0.,0.));
#12202=DIRECTION('',(0.,0.,-1.));
#12203=DIRECTION('',(-0.624695047554424,0.,-0.78086880944303));
#12204=DIRECTION('',(0.,0.,-1.));
#12205=DIRECTION('',(1.,0.,0.));
#12206=DIRECTION('',(0.,1.,0.));
#12207=DIRECTION('',(-0.999999999999998,0.,0.));
#12208=DIRECTION('',(0.,0.,-1.));
#12209=DIRECTION('',(0.124034734589209,0.,-0.992277876713668));
#12210=DIRECTION('',(-1.,0.,0.));
#12211=DIRECTION('',(0.,0.,-1.));
#12212=DIRECTION('',(0.,-1.,0.));
#12213=DIRECTION('',(1.,0.,0.));
#12214=DIRECTION('',(0.,1.,0.));
#12215=DIRECTION('',(-1.,0.,0.));
#12216=DIRECTION('',(0.,-1.,0.));
#12217=DIRECTION('',(0.,1.,0.));
#12218=DIRECTION('',(-1.,0.,0.));
#12219=DIRECTION('',(0.,-1.,0.));
#12220=DIRECTION('',(0.,1.,0.));
#12221=DIRECTION('',(0.,1.,0.));
#12222=DIRECTION('',(-1.,0.,0.));
#12223=DIRECTION('',(0.,-1.,0.));
#12224=DIRECTION('',(0.,-1.,0.));
#12225=DIRECTION('',(0.,-1.,0.));
#12226=DIRECTION('',(0.,0.,1.));
#12227=DIRECTION('',(0.,1.,0.));
#12228=DIRECTION('',(0.,-1.,0.));
#12229=DIRECTION('',(-1.,0.,0.));
#12230=DIRECTION('',(0.,-1.,0.));
#12231=DIRECTION('',(0.,-1.,0.));
#12232=DIRECTION('',(-0.78086880944303,0.,-0.624695047554424));
#12233=DIRECTION('',(0.624695047554424,0.,-0.78086880944303));
#12234=DIRECTION('',(0.,1.,0.));
#12235=DIRECTION('',(-1.,0.,0.));
#12236=DIRECTION('',(0.,-1.,0.));
#12237=DIRECTION('',(0.,1.,0.));
#12238=DIRECTION('',(-1.,0.,0.));
#12239=DIRECTION('',(0.,-1.,0.));
#12240=DIRECTION('',(1.,0.,0.));
#12241=DIRECTION('',(0.,0.,-1.));
#12242=DIRECTION('',(0.,-1.,0.));
#12243=DIRECTION('',(0.,-1.,0.));
#12244=DIRECTION('',(0.,-1.,0.));
#12245=DIRECTION('',(-1.,0.,0.));
#12246=DIRECTION('',(0.,-1.,0.));
#12247=DIRECTION('',(0.,-1.,0.));
#12248=DIRECTION('',(-0.78086880944303,0.,0.624695047554424));
#12249=DIRECTION('',(-0.624695047554424,0.,-0.78086880944303));
#12250=DIRECTION('',(0.,-1.,0.));
#12251=DIRECTION('',(-1.,0.,0.));
#12252=DIRECTION('',(0.,-1.,0.));
#12253=DIRECTION('',(0.,1.,0.));
#12254=DIRECTION('',(0.,0.,-1.));
#12255=DIRECTION('',(0.,-1.,0.));
#12256=DIRECTION('',(0.,-1.,0.));
#12257=DIRECTION('',(0.,1.,0.));
#12258=DIRECTION('',(-1.,0.,0.));
#12259=DIRECTION('',(0.,-1.,0.));
#12260=DIRECTION('',(0.,1.,0.));
#12261=DIRECTION('',(-1.,0.,0.));
#12262=DIRECTION('',(0.,1.,0.));
#12263=DIRECTION('',(0.,0.,-1.));
#12264=DIRECTION('',(0.,-1.,0.));
#12265=DIRECTION('',(0.992277876713668,0.,0.124034734589209));
#12266=DIRECTION('',(-0.124034734589209,0.,0.992277876713668));
#12267=DIRECTION('',(0.,1.,0.));
#12268=DIRECTION('',(0.,0.,-1.));
#12269=DIRECTION('',(0.,-1.,0.));
#12270=DIRECTION('',(-0.992277876713668,0.,0.124034734589209));
#12271=DIRECTION('',(0.124034734589209,0.,0.992277876713668));
#12272=DIRECTION('',(-0.696310623822792,-0.174077655955698,0.696310623822791));
#12273=DIRECTION('',(0.696310623822792,-0.174077655955698,-0.696310623822791));
#12274=DIRECTION('',(-0.707106781186547,0.,-0.707106781186548));
#12275=DIRECTION('',(0.707106781186548,0.,-0.707106781186547));
#12276=DIRECTION('',(-0.696310623822792,0.174077655955698,-0.696310623822791));
#12277=DIRECTION('',(0.696310623822792,0.174077655955698,0.696310623822791));
#12278=DIRECTION('',(-0.707106781186547,0.,0.707106781186548));
#12279=DIRECTION('',(-0.707106781186548,0.,-0.707106781186547));
#12280=DIRECTION('',(0.,-0.970142500145332,0.242535625036333));
#12281=DIRECTION('',(0.,0.242535625036333,0.970142500145332));
#12282=DIRECTION('',(0.,-0.970142500145332,-0.242535625036333));
#12283=DIRECTION('',(0.,-0.242535625036333,0.970142500145332));
#12284=DIRECTION('',(0.,-1.,0.));
#12285=DIRECTION('',(0.999999999999998,0.,0.));
#12286=DIRECTION('',(0.,-1.,0.));
#12287=DIRECTION('',(1.,0.,0.));
#12288=DIRECTION('',(0.,1.,0.));
#12289=DIRECTION('',(1.,0.,0.));
#12290=DIRECTION('',(0.,-1.,0.));
#12291=DIRECTION('',(1.,0.,0.));
#12292=DIRECTION('',(0.,0.,1.));
#12293=DIRECTION('',(-1.,0.,0.));
#12294=DIRECTION('',(-1.,0.,0.));
#12295=DIRECTION('',(0.,0.,1.));
#12296=DIRECTION('',(-0.999999999999994,0.,0.));
#12297=DIRECTION('',(1.,0.,0.));
#12298=DIRECTION('',(0.,-1.,0.));
#12299=DIRECTION('',(1.,0.,0.));
#12300=DIRECTION('',(0.,-1.,0.));
#12301=DIRECTION('',(1.,0.,0.));
#12302=DIRECTION('',(0.,0.,-1.));
#12303=DIRECTION('',(-1.,0.,0.));
#12304=DIRECTION('',(0.,1.,0.));
#12305=DIRECTION('',(1.,0.,0.));
#12306=DIRECTION('',(0.,0.,-1.));
#12307=DIRECTION('',(-1.15648231731787E-015,0.,-1.));
#12308=DIRECTION('',(0.,1.,0.));
#12309=DIRECTION('',(-1.,0.,0.));
#12310=DIRECTION('',(-1.,0.,5.20417042793042E-016));
#12311=DIRECTION('',(0.,1.,0.));
#12312=DIRECTION('',(-0.999999999999998,0.,0.));
#12313=DIRECTION('',(8.67361737988404E-016,0.,1.));
#12314=DIRECTION('',(0.,0.,-1.));
#12315=DIRECTION('',(-1.,0.,0.));
#12316=DIRECTION('',(0.164398987305356,0.,-0.986393923832144));
#12317=DIRECTION('',(0.,0.,-1.));
#12318=DIRECTION('',(0.,-1.,0.));
#12319=DIRECTION('',(-0.999999999999998,0.,0.));
#12320=DIRECTION('',(1.,0.,0.));
#12321=DIRECTION('',(0.,0.,-1.));
#12322=DIRECTION('',(-0.624695047554424,0.,-0.780868809443031));
#12323=DIRECTION('',(0.,0.,-1.));
#12324=DIRECTION('',(-0.707106781186548,0.,0.707106781186547));
#12325=DIRECTION('',(-1.,0.,0.));
#12326=DIRECTION('',(-0.707106781186548,0.,-0.707106781186547));
#12327=DIRECTION('',(0.,0.,-1.));
#12328=DIRECTION('',(0.624695047554424,0.,-0.78086880944303));
#12329=DIRECTION('',(0.,0.,-1.));
#12330=DIRECTION('',(-1.,0.,0.));
#12331=DIRECTION('',(0.,-1.,0.));
#12332=DIRECTION('',(-1.,0.,0.));
#12333=DIRECTION('',(0.,0.,-1.));
#12334=DIRECTION('',(-0.164398987305356,0.,-0.986393923832144));
#12335=DIRECTION('',(1.,0.,0.));
#12336=DIRECTION('',(0.,-1.,0.));
#12337=DIRECTION('',(1.,0.,0.));
#12338=DIRECTION('',(0.,1.,0.));
#12339=DIRECTION('',(1.,0.,0.));
#12340=DIRECTION('',(0.,0.,-1.));
#12341=DIRECTION('',(1.,0.,0.));
#12342=DIRECTION('',(-0.164398987305356,0.,-0.986393923832144));
#12343=DIRECTION('',(0.,0.,-1.));
#12344=DIRECTION('',(0.,1.,0.));
#12345=DIRECTION('',(-1.,0.,0.));
#12346=DIRECTION('',(-1.,0.,0.));
#12347=DIRECTION('',(0.,0.,-1.));
#12348=DIRECTION('',(0.624695047554424,0.,-0.78086880944303));
#12349=DIRECTION('',(0.,0.,-1.));
#12350=DIRECTION('',(0.707106781186548,0.,0.707106781186547));
#12351=DIRECTION('',(1.,0.,0.));
#12352=DIRECTION('',(0.707106781186548,0.,-0.707106781186547));
#12353=DIRECTION('',(0.,0.,-1.));
#12354=DIRECTION('',(-0.624695047554424,0.,-0.780868809443031));
#12355=DIRECTION('',(0.,0.,-1.));
#12356=DIRECTION('',(1.,0.,0.));
#12357=DIRECTION('',(0.,1.,0.));
#12358=DIRECTION('',(-0.999999999999998,0.,0.));
#12359=DIRECTION('',(0.,0.,-1.));
#12360=DIRECTION('',(0.164398987305356,0.,-0.986393923832144));
#12361=DIRECTION('',(-1.,0.,0.));
#12362=DIRECTION('',(0.,0.,-1.));
#12363=DIRECTION('',(8.67361737988404E-016,0.,1.));
#12364=DIRECTION('',(0.,-1.,0.));
#12365=DIRECTION('',(-0.999999999999998,0.,0.));
#12366=DIRECTION('',(-1.,0.,5.20417042793042E-016));
#12367=DIRECTION('',(0.,-1.,0.));
#12368=DIRECTION('',(-1.,0.,0.));
#12369=DIRECTION('',(-1.15648231731787E-015,0.,-1.));
#12370=DIRECTION('',(0.,-1.,0.));
#12371=DIRECTION('',(1.,0.,0.));
#12372=DIRECTION('',(0.,-1.,0.));
#12373=DIRECTION('',(-1.,0.,0.));
#12374=DIRECTION('',(0.,-1.,0.));
#12375=DIRECTION('',(0.,-1.,0.));
#12376=DIRECTION('',(-1.,0.,0.));
#12377=DIRECTION('',(0.,-1.,0.));
#12378=DIRECTION('',(-8.67361737988404E-016,0.,-1.));
#12379=DIRECTION('',(1.15648231731787E-015,0.,1.));
#12380=DIRECTION('',(0.,1.,0.));
#12381=DIRECTION('',(1.,0.,0.));
#12382=DIRECTION('',(1.,0.,-5.20417042793042E-016));
#12383=DIRECTION('',(0.,1.,0.));
#12384=DIRECTION('',(1.,0.,0.));
#12385=DIRECTION('',(0.,1.,0.));
#12386=DIRECTION('',(-1.,0.,0.));
#12387=DIRECTION('',(8.67361737988404E-016,0.,1.));
#12388=DIRECTION('',(0.,1.,0.));
#12389=DIRECTION('',(-1.,0.,8.67361737988404E-016));
#12390=DIRECTION('',(-8.67361737988404E-016,0.,-1.));
#12391=DIRECTION('',(-1.15648231731787E-015,0.,-1.));
#12392=DIRECTION('',(0.,-1.,0.));
#12393=DIRECTION('',(1.,0.,-1.15648231731787E-015));
#12394=DIRECTION('',(1.15662687760754E-015,0.,1.));
#12395=DIRECTION('',(0.,-1.,0.));
#12396=DIRECTION('',(-0.999999999999998,0.,0.));
#12397=DIRECTION('',(-1.,0.,5.20417042793042E-016));
#12398=DIRECTION('',(0.,-1.,0.));
#12399=DIRECTION('',(-1.,0.,0.));
#12400=DIRECTION('',(0.,-1.,0.));
#12401=DIRECTION('',(1.,0.,0.));
#12402=DIRECTION('',(0.,0.,-1.));
#12403=DIRECTION('',(0.,0.999999999999994,0.));
#12404=DIRECTION('',(-1.15648231731787E-015,0.,-1.));
#12405=DIRECTION('',(1.,0.,0.));
#12406=DIRECTION('',(0.,0.,-1.));
#12407=DIRECTION('',(0.,0.999999999999994,0.));
#12408=DIRECTION('',(8.67361737988404E-016,0.,1.));
#12409=DIRECTION('',(-0.999999999999994,0.,0.));
#12410=DIRECTION('',(0.,-1.,0.));
#12411=DIRECTION('',(0.,-1.,0.));
#12412=DIRECTION('',(-0.780868809443031,0.,0.624695047554424));
#12413=DIRECTION('',(-0.624695047554424,0.,-0.780868809443031));
#12414=DIRECTION('',(0.,-1.,0.));
#12415=DIRECTION('',(-1.,0.,0.));
#12416=DIRECTION('',(0.,-1.,0.));
#12417=DIRECTION('',(0.,1.,0.));
#12418=DIRECTION('',(0.,0.,-1.));
#12419=DIRECTION('',(0.,-1.,0.));
#12420=DIRECTION('',(0.,-1.,0.));
#12421=DIRECTION('',(0.,1.,0.));
#12422=DIRECTION('',(-1.,0.,0.));
#12423=DIRECTION('',(0.,-1.,0.));
#12424=DIRECTION('',(0.,1.,0.));
#12425=DIRECTION('',(0.,1.,0.));
#12426=DIRECTION('',(-1.,0.,0.));
#12427=DIRECTION('',(0.,-1.,0.));
#12428=DIRECTION('',(0.,-1.,0.));
#12429=DIRECTION('',(0.,-1.,0.));
#12430=DIRECTION('',(0.,0.,1.));
#12431=DIRECTION('',(0.,1.,0.));
#12432=DIRECTION('',(0.,-1.,0.));
#12433=DIRECTION('',(-1.,0.,0.));
#12434=DIRECTION('',(0.,-1.,0.));
#12435=DIRECTION('',(0.,-1.,0.));
#12436=DIRECTION('',(-0.78086880944303,0.,-0.624695047554424));
#12437=DIRECTION('',(0.624695047554424,0.,-0.78086880944303));
#12438=DIRECTION('',(0.,1.,0.));
#12439=DIRECTION('',(-1.,0.,0.));
#12440=DIRECTION('',(0.,-1.,0.));
#12441=DIRECTION('',(0.,-1.,0.));
#12442=DIRECTION('',(1.,0.,0.));
#12443=DIRECTION('',(0.,1.,0.));
#12444=DIRECTION('',(-1.,0.,0.));
#12445=DIRECTION('',(0.,0.,-1.));
#12446=DIRECTION('',(0.,-1.,0.));
#12447=DIRECTION('',(0.,-1.,0.));
#12448=DIRECTION('',(-1.,0.,0.));
#12449=DIRECTION('',(0.,-1.,0.));
#12450=DIRECTION('',(0.,1.,0.));
#12451=DIRECTION('',(-1.,0.,0.));
#12452=DIRECTION('',(0.,1.,0.));
#12453=DIRECTION('',(0.,-1.,0.));
#12454=DIRECTION('',(-5.20417042793042E-016,0.,-1.));
#12455=DIRECTION('',(1.,0.,-5.20417042793042E-016));
#12456=DIRECTION('',(0.,1.,0.));
#12457=DIRECTION('',(0.,0.,-1.));
#12458=DIRECTION('',(0.,-1.,0.));
#12459=DIRECTION('',(0.986393923832144,0.,0.164398987305356));
#12460=DIRECTION('',(-0.164398987305356,0.,0.986393923832144));
#12461=DIRECTION('',(0.,1.,0.));
#12462=DIRECTION('',(0.,0.,-1.));
#12463=DIRECTION('',(0.,-1.,0.));
#12464=DIRECTION('',(-0.986393923832144,0.,0.164398987305356));
#12465=DIRECTION('',(0.164398987305356,0.,0.986393923832144));
#12466=DIRECTION('',(0.,-1.,0.));
#12467=DIRECTION('',(1.,0.,0.));
#12468=DIRECTION('',(0.,-1.,0.));
#12469=DIRECTION('',(0.999999999999998,0.,0.));
#12470=DIRECTION('',(0.,-1.,0.));
#12471=DIRECTION('',(1.,0.,0.));
#12472=DIRECTION('',(0.,-1.,0.));
#12473=DIRECTION('',(0.999999999999998,0.,0.));
#12474=DIRECTION('',(1.,0.,0.));
#12475=DIRECTION('',(0.,-0.999999999999994,0.));
#12476=DIRECTION('',(0.,1.,0.));
#12477=DIRECTION('',(-1.,0.,0.));
#12478=DIRECTION('',(1.,0.,0.));
#12479=DIRECTION('',(0.,-0.999999999999994,0.));
#12480=DIRECTION('',(-1.,0.,5.20417042793042E-016));
#12481=DIRECTION('',(0.,0.,-0.999999999999994));
#12482=DIRECTION('',(0.,1.,0.));
#12483=DIRECTION('',(-0.999999999999998,0.,0.));
#12484=DIRECTION('',(0.696310623822792,0.174077655955698,0.696310623822791));
#12485=DIRECTION('',(-0.696310623822792,0.174077655955698,-0.696310623822791));
#12486=DIRECTION('',(-0.707106781186547,0.,0.707106781186548));
#12487=DIRECTION('',(-0.707106781186548,0.,-0.707106781186547));
#12488=DIRECTION('',(0.696310623822792,-0.174077655955698,-0.696310623822791));
#12489=DIRECTION('',(-0.696310623822792,-0.174077655955698,0.696310623822791));
#12490=DIRECTION('',(-0.707106781186547,0.,-0.707106781186548));
#12491=DIRECTION('',(0.707106781186548,0.,-0.707106781186547));
#12492=DIRECTION('',(0.,-0.970142500145332,-0.242535625036333));
#12493=DIRECTION('',(0.,-0.242535625036333,0.970142500145332));
#12494=DIRECTION('',(0.,-0.970142500145332,0.242535625036333));
#12495=DIRECTION('',(0.,0.242535625036333,0.970142500145332));
#12496=DIRECTION('',(0.,-1.,0.));
#12497=DIRECTION('',(1.,0.,0.));
#12498=DIRECTION('',(0.,-1.,0.));
#12499=DIRECTION('',(1.,0.,0.));
#12500=DIRECTION('',(0.,0.,-1.));
#12501=DIRECTION('',(-1.,0.,0.));
#12502=DIRECTION('',(0.,1.,0.));
#12503=DIRECTION('',(1.,0.,0.));
#12504=DIRECTION('',(0.,0.,-1.));
#12505=DIRECTION('',(0.,0.,-1.));
#12506=DIRECTION('',(-1.,0.,0.));
#12507=DIRECTION('',(0.124034734589209,0.,-0.992277876713668));
#12508=DIRECTION('',(0.,0.,-1.));
#12509=DIRECTION('',(0.,-1.,0.));
#12510=DIRECTION('',(-0.999999999999998,0.,0.));
#12511=DIRECTION('',(1.,0.,0.));
#12512=DIRECTION('',(0.,0.,-1.));
#12513=DIRECTION('',(-0.624695047554424,0.,-0.78086880944303));
#12514=DIRECTION('',(0.,0.,-1.));
#12515=DIRECTION('',(-1.,0.,0.));
#12516=DIRECTION('',(0.,0.,-1.));
#12517=DIRECTION('',(0.624695047554424,0.,-0.78086880944303));
#12518=DIRECTION('',(0.,0.,-1.));
#12519=DIRECTION('',(-1.,0.,0.));
#12520=DIRECTION('',(0.,-1.,0.));
#12521=DIRECTION('',(-1.,0.,0.));
#12522=DIRECTION('',(0.,0.,-1.));
#12523=DIRECTION('',(-0.124034734589209,0.,-0.992277876713668));
#12524=DIRECTION('',(1.,0.,0.));
#12525=DIRECTION('',(0.,-1.,0.));
#12526=DIRECTION('',(1.,0.,0.));
#12527=DIRECTION('',(0.,1.,0.));
#12528=DIRECTION('',(1.,0.,0.));
#12529=DIRECTION('',(0.,0.,-1.));
#12530=DIRECTION('',(1.,0.,0.));
#12531=DIRECTION('',(-0.124034734589209,0.,-0.992277876713668));
#12532=DIRECTION('',(0.,0.,-1.));
#12533=DIRECTION('',(0.,1.,0.));
#12534=DIRECTION('',(-1.,0.,0.));
#12535=DIRECTION('',(-1.,0.,0.));
#12536=DIRECTION('',(0.,0.,-1.));
#12537=DIRECTION('',(0.624695047554424,0.,-0.78086880944303));
#12538=DIRECTION('',(0.,0.,-1.));
#12539=DIRECTION('',(1.,0.,0.));
#12540=DIRECTION('',(0.,0.,-1.));
#12541=DIRECTION('',(-0.624695047554424,0.,-0.78086880944303));
#12542=DIRECTION('',(0.,0.,-1.));
#12543=DIRECTION('',(1.,0.,0.));
#12544=DIRECTION('',(0.,1.,0.));
#12545=DIRECTION('',(-0.999999999999998,0.,0.));
#12546=DIRECTION('',(0.,0.,-1.));
#12547=DIRECTION('',(0.124034734589209,0.,-0.992277876713668));
#12548=DIRECTION('',(-1.,0.,0.));
#12549=DIRECTION('',(0.,0.,-1.));
#12550=DIRECTION('',(0.,-1.,0.));
#12551=DIRECTION('',(1.,0.,0.));
#12552=DIRECTION('',(0.,1.,0.));
#12553=DIRECTION('',(-1.,0.,0.));
#12554=DIRECTION('',(0.,-1.,0.));
#12555=DIRECTION('',(0.,1.,0.));
#12556=DIRECTION('',(-1.,0.,0.));
#12557=DIRECTION('',(0.,-1.,0.));
#12558=DIRECTION('',(0.,1.,0.));
#12559=DIRECTION('',(0.,1.,0.));
#12560=DIRECTION('',(-1.,0.,0.));
#12561=DIRECTION('',(0.,-1.,0.));
#12562=DIRECTION('',(0.,-1.,0.));
#12563=DIRECTION('',(0.,-1.,0.));
#12564=DIRECTION('',(0.,0.,1.));
#12565=DIRECTION('',(0.,1.,0.));
#12566=DIRECTION('',(0.,-1.,0.));
#12567=DIRECTION('',(-1.,0.,0.));
#12568=DIRECTION('',(0.,-1.,0.));
#12569=DIRECTION('',(0.,-1.,0.));
#12570=DIRECTION('',(-0.78086880944303,0.,-0.624695047554424));
#12571=DIRECTION('',(0.624695047554424,0.,-0.78086880944303));
#12572=DIRECTION('',(0.,1.,0.));
#12573=DIRECTION('',(-1.,0.,0.));
#12574=DIRECTION('',(0.,-1.,0.));
#12575=DIRECTION('',(0.,1.,0.));
#12576=DIRECTION('',(-1.,0.,0.));
#12577=DIRECTION('',(0.,-1.,0.));
#12578=DIRECTION('',(1.,0.,0.));
#12579=DIRECTION('',(0.,0.,-1.));
#12580=DIRECTION('',(0.,-1.,0.));
#12581=DIRECTION('',(0.,-1.,0.));
#12582=DIRECTION('',(0.,-1.,0.));
#12583=DIRECTION('',(-1.,0.,0.));
#12584=DIRECTION('',(0.,-1.,0.));
#12585=DIRECTION('',(0.,-1.,0.));
#12586=DIRECTION('',(-0.78086880944303,0.,0.624695047554424));
#12587=DIRECTION('',(-0.624695047554424,0.,-0.78086880944303));
#12588=DIRECTION('',(0.,-1.,0.));
#12589=DIRECTION('',(-1.,0.,0.));
#12590=DIRECTION('',(0.,-1.,0.));
#12591=DIRECTION('',(0.,1.,0.));
#12592=DIRECTION('',(0.,0.,-1.));
#12593=DIRECTION('',(0.,-1.,0.));
#12594=DIRECTION('',(0.,-1.,0.));
#12595=DIRECTION('',(0.,1.,0.));
#12596=DIRECTION('',(-1.,0.,0.));
#12597=DIRECTION('',(0.,-1.,0.));
#12598=DIRECTION('',(0.,1.,0.));
#12599=DIRECTION('',(-1.,0.,0.));
#12600=DIRECTION('',(0.,1.,0.));
#12601=DIRECTION('',(0.,0.,-1.));
#12602=DIRECTION('',(0.,-1.,0.));
#12603=DIRECTION('',(0.992277876713668,0.,0.124034734589209));
#12604=DIRECTION('',(-0.124034734589209,0.,0.992277876713668));
#12605=DIRECTION('',(0.,1.,0.));
#12606=DIRECTION('',(0.,0.,-1.));
#12607=DIRECTION('',(0.,-1.,0.));
#12608=DIRECTION('',(-0.992277876713668,0.,0.124034734589209));
#12609=DIRECTION('',(0.124034734589209,0.,0.992277876713668));
#12610=DIRECTION('',(-0.696310623822792,-0.174077655955698,0.696310623822791));
#12611=DIRECTION('',(0.696310623822792,-0.174077655955698,-0.696310623822791));
#12612=DIRECTION('',(-0.707106781186547,0.,-0.707106781186548));
#12613=DIRECTION('',(0.707106781186548,0.,-0.707106781186547));
#12614=DIRECTION('',(-0.696310623822792,0.174077655955698,-0.696310623822791));
#12615=DIRECTION('',(0.696310623822792,0.174077655955698,0.696310623822791));
#12616=DIRECTION('',(-0.707106781186547,0.,0.707106781186548));
#12617=DIRECTION('',(-0.707106781186548,0.,-0.707106781186547));
#12618=DIRECTION('',(0.,-0.970142500145332,0.242535625036333));
#12619=DIRECTION('',(0.,0.242535625036333,0.970142500145332));
#12620=DIRECTION('',(0.,-0.970142500145332,-0.242535625036333));
#12621=DIRECTION('',(0.,-0.242535625036333,0.970142500145332));
#12622=DIRECTION('',(0.,-1.,0.));
#12623=DIRECTION('',(0.999999999999998,0.,0.));
#12624=DIRECTION('',(0.,-1.,0.));
#12625=DIRECTION('',(1.,0.,0.));
#12626=CARTESIAN_POINT('',(0.,0.,0.));
#12627=CARTESIAN_POINT('',(0.349999999999996,1.65,0.));
#12628=CARTESIAN_POINT('',(0.920710678118657,1.07928932188134,0.));
#12629=CARTESIAN_POINT('',(1.05,0.949999999999993,0.));
#12630=CARTESIAN_POINT('',(-47.1085177198224,-46.9499390760597,8.67361737988404E-016));
#12631=CARTESIAN_POINT('',(0.0207106781186586,0.179289321881337,8.67361737988404E-016));
#12632=CARTESIAN_POINT('',(0.150000000000004,0.45,0.));
#12633=CARTESIAN_POINT('',(0.150000000000004,0.15,0.));
#12634=CARTESIAN_POINT('',(-0.149999999999997,0.15,0.));
#12635=CARTESIAN_POINT('',(1.05,0.15,0.));
#12636=CARTESIAN_POINT('',(1.05,0.949999999999986,0.));
#12637=CARTESIAN_POINT('',(-0.149999999999997,0.15,0.));
#12638=CARTESIAN_POINT('',(0.349999999999996,12.35,0.));
#12639=CARTESIAN_POINT('',(0.349999999999996,12.35,0.));
#12640=CARTESIAN_POINT('',(0.779289321881347,12.7792893218814,0.));
#12641=CARTESIAN_POINT('',(-47.2499390760597,60.8085177198224,8.67361737988404E-016));
#12642=CARTESIAN_POINT('',(-0.120710678118661,13.6792893218814,8.67361737988404E-016));
#12643=CARTESIAN_POINT('',(0.150000000000004,13.55,0.));
#12644=CARTESIAN_POINT('',(-0.149999999999997,13.55,0.));
#12645=CARTESIAN_POINT('',(-0.149999999999997,13.85,0.));
#12646=CARTESIAN_POINT('',(-0.149999999999997,12.35,0.));
#12647=CARTESIAN_POINT('',(-0.149999999999997,12.35,0.));
#12648=CARTESIAN_POINT('',(-0.149999999999997,13.85,0.));
#12649=CARTESIAN_POINT('',(8.84646009322719,6.,-18.4));
#12650=CARTESIAN_POINT('',(8.84646009322719,6.,-18.4));
#12651=CARTESIAN_POINT('',(8.84646009322719,8.,-18.4));
#12652=CARTESIAN_POINT('',(13.0464600932272,8.,-18.4));
#12653=CARTESIAN_POINT('',(13.0464600932272,8.,-18.4));
#12654=CARTESIAN_POINT('',(13.0464600932272,8.,-18.4));
#12655=CARTESIAN_POINT('',(13.0464600932272,6.,-18.4));
#12656=CARTESIAN_POINT('',(13.0464600932272,6.,-18.4));
#12657=CARTESIAN_POINT('',(0.349999999999996,1.65,-18.4));
#12658=CARTESIAN_POINT('',(0.349999999999996,1.65,-18.4));
#12659=CARTESIAN_POINT('',(1.05,0.949999999999993,-18.4));
#12660=CARTESIAN_POINT('',(1.05,0.949999999999986,-18.4));
#12661=CARTESIAN_POINT('',(1.05,0.15,-18.4));
#12662=CARTESIAN_POINT('',(-0.149999999999997,0.15,-18.4));
#12663=CARTESIAN_POINT('',(16.85,0.150000000000002,-18.4));
#12664=CARTESIAN_POINT('',(16.85,0.15,-18.4));
#12665=CARTESIAN_POINT('',(16.85,1.15,-18.4));
#12666=CARTESIAN_POINT('',(17.85,1.15,-18.4));
#12667=CARTESIAN_POINT('',(17.85,1.15,-18.4));
#12668=CARTESIAN_POINT('',(17.85,5.85,-18.4));
#12669=CARTESIAN_POINT('',(17.85,5.85,-18.4));
#12670=CARTESIAN_POINT('',(21.05,5.85,-18.4));
#12671=CARTESIAN_POINT('',(21.05,5.85,-18.4));
#12672=CARTESIAN_POINT('',(21.05,0.150000000000002,-18.4));
#12673=CARTESIAN_POINT('',(21.05,6.5,-18.4));
#12674=CARTESIAN_POINT('',(21.05,6.5,-18.4));
#12675=CARTESIAN_POINT('',(19.85,6.5,-18.4));
#12676=CARTESIAN_POINT('',(19.85,6.5,-18.4));
#12677=CARTESIAN_POINT('',(19.85,7.5,-18.4));
#12678=CARTESIAN_POINT('',(21.05,7.5,-18.4));
#12679=CARTESIAN_POINT('',(21.05,7.5,-18.4));
#12680=CARTESIAN_POINT('',(21.05,0.150000000000002,-18.4));
#12681=CARTESIAN_POINT('',(21.05,12.85,-18.4));
#12682=CARTESIAN_POINT('',(20.05,13.85,-18.4));
#12683=CARTESIAN_POINT('',(20.05,13.85,-18.4));
#12684=CARTESIAN_POINT('',(21.05,13.85,-18.4));
#12685=CARTESIAN_POINT('',(17.85,13.85,-18.4));
#12686=CARTESIAN_POINT('',(17.85,13.85,-18.4));
#12687=CARTESIAN_POINT('',(17.85,12.85,-18.4));
#12688=CARTESIAN_POINT('',(17.85,12.85,-18.4));
#12689=CARTESIAN_POINT('',(16.85,12.85,-18.4));
#12690=CARTESIAN_POINT('',(16.85,13.85,-18.4));
#12691=CARTESIAN_POINT('',(16.85,13.85,-18.4));
#12692=CARTESIAN_POINT('',(21.05,13.85,-18.4));
#12693=CARTESIAN_POINT('',(1.05,13.85,-18.4));
#12694=CARTESIAN_POINT('',(1.05,13.05,-18.4));
#12695=CARTESIAN_POINT('',(1.05,13.05,-18.4));
#12696=CARTESIAN_POINT('',(0.349999999999996,12.35,-18.4));
#12697=CARTESIAN_POINT('',(0.349999999999996,12.35,-18.4));
#12698=CARTESIAN_POINT('',(-0.149999999999997,12.35,-18.4));
#12699=CARTESIAN_POINT('',(-0.149999999999997,12.35,-18.4));
#12700=CARTESIAN_POINT('',(-0.149999999999997,13.85,-18.4));
#12701=CARTESIAN_POINT('',(-0.149999999999997,7.5,-18.4));
#12702=CARTESIAN_POINT('',(-0.149999999999997,7.5,-18.4));
#12703=CARTESIAN_POINT('',(3.45,7.5,-18.4));
#12704=CARTESIAN_POINT('',(3.45,6.5,-18.4));
#12705=CARTESIAN_POINT('',(3.45,6.5,-18.4));
#12706=CARTESIAN_POINT('',(-0.149999999999997,6.5,-18.4));
#12707=CARTESIAN_POINT('',(-0.149999999999997,6.5,-18.4));
#12708=CARTESIAN_POINT('',(-0.149999999999997,13.85,-18.4));
#12709=CARTESIAN_POINT('',(-0.149999999999997,4.6,-18.4));
#12710=CARTESIAN_POINT('',(0.650000000000001,4.6,-18.4));
#12711=CARTESIAN_POINT('',(0.550000000000002,4.6,-18.4));
#12712=CARTESIAN_POINT('',(0.550000000000002,4.5,-18.4));
#12713=CARTESIAN_POINT('',(0.650000000000001,4.5,-18.4));
#12714=CARTESIAN_POINT('',(0.650000000000001,4.,-18.4));
#12715=CARTESIAN_POINT('',(0.650000000000001,4.1,-18.4));
#12716=CARTESIAN_POINT('',(0.550000000000002,4.1,-18.4));
#12717=CARTESIAN_POINT('',(0.550000000000002,4.,-18.4));
#12718=CARTESIAN_POINT('',(-0.149999999999997,4.,-18.4));
#12719=CARTESIAN_POINT('',(-0.149999999999997,4.,-18.4));
#12720=CARTESIAN_POINT('',(-0.149999999999997,13.85,-18.4));
#12721=CARTESIAN_POINT('',(-0.149999999999997,1.65,-18.4));
#12722=CARTESIAN_POINT('',(-0.149999999999997,1.65,-18.4));
#12723=CARTESIAN_POINT('',(21.05,0.150000000000002,-18.4));
#12724=CARTESIAN_POINT('',(-0.149999999999997,1.65,0.));
#12725=CARTESIAN_POINT('',(-0.149999999999997,1.65,0.));
#12726=CARTESIAN_POINT('',(-0.149999999999997,4.,0.));
#12727=CARTESIAN_POINT('',(-0.149999999999997,4.,0.));
#12728=CARTESIAN_POINT('',(-0.149999999999997,13.85,0.));
#12729=CARTESIAN_POINT('',(-0.149999999999997,4.6,0.));
#12730=CARTESIAN_POINT('',(-0.149999999999997,4.6,0.));
#12731=CARTESIAN_POINT('',(-0.149999999999997,6.5,-18.4));
#12732=CARTESIAN_POINT('',(-0.149999999999997,6.5,-14.4));
#12733=CARTESIAN_POINT('',(-0.149999999999997,6.5,-14.4));
#12734=CARTESIAN_POINT('',(-0.149999999999997,7.5,-14.4));
#12735=CARTESIAN_POINT('',(-0.149999999999997,7.5,-18.4));
#12736=CARTESIAN_POINT('',(-0.149999999999997,12.35,0.));
#12737=CARTESIAN_POINT('',(-0.149999999999997,13.55,5.));
#12738=CARTESIAN_POINT('',(-0.149999999999997,13.55,5.));
#12739=CARTESIAN_POINT('',(-0.149999999999997,0.15,5.));
#12740=CARTESIAN_POINT('',(-0.149999999999997,0.45,5.));
#12741=CARTESIAN_POINT('',(-0.149999999999997,0.45,0.));
#12742=CARTESIAN_POINT('',(-0.149999999999997,0.45,0.));
#12743=CARTESIAN_POINT('',(-0.149999999999997,0.15,0.));
#12744=CARTESIAN_POINT('',(-0.149999999999997,13.85,-18.4));
#12745=CARTESIAN_POINT('',(1.05,0.15,0.));
#12746=CARTESIAN_POINT('',(0.150000000000004,0.15,5.));
#12747=CARTESIAN_POINT('',(0.150000000000004,0.15,5.));
#12748=CARTESIAN_POINT('',(21.05,0.150000000000002,5.));
#12749=CARTESIAN_POINT('',(4.45,0.15,5.));
#12750=CARTESIAN_POINT('',(4.45,0.15,4.00243817719529));
#12751=CARTESIAN_POINT('',(4.45,0.15,4.00243817719529));
#12752=CARTESIAN_POINT('',(4.45,0.15,4.00243817719529));
#12753=CARTESIAN_POINT('',(7.95,0.150000000000001,4.00243817719529));
#12754=CARTESIAN_POINT('',(7.95,0.15,4.00243817719529));
#12755=CARTESIAN_POINT('',(7.95,0.15,5.));
#12756=CARTESIAN_POINT('',(21.05,0.150000000000002,5.));
#12757=CARTESIAN_POINT('',(12.95,0.150000000000001,5.));
#12758=CARTESIAN_POINT('',(12.95,0.15,4.00243817719529));
#12759=CARTESIAN_POINT('',(12.95,0.150000000000001,4.00243817719529));
#12760=CARTESIAN_POINT('',(16.45,0.15,4.00243817719529));
#12761=CARTESIAN_POINT('',(16.45,0.150000000000002,4.00243817719529));
#12762=CARTESIAN_POINT('',(16.45,0.15,4.00243817719529));
#12763=CARTESIAN_POINT('',(16.45,0.15,5.));
#12764=CARTESIAN_POINT('',(21.05,0.150000000000002,5.));
#12765=CARTESIAN_POINT('',(20.75,0.150000000000002,5.));
#12766=CARTESIAN_POINT('',(20.75,0.150000000000002,0.));
#12767=CARTESIAN_POINT('',(20.75,0.15,0.));
#12768=CARTESIAN_POINT('',(21.05,0.15,0.));
#12769=CARTESIAN_POINT('',(20.05,0.150000000000002,0.));
#12770=CARTESIAN_POINT('',(20.05,0.15,0.));
#12771=CARTESIAN_POINT('',(20.05,0.15,-17.4));
#12772=CARTESIAN_POINT('',(17.85,0.15,-17.4));
#12773=CARTESIAN_POINT('',(17.85,0.15,-17.4));
#12774=CARTESIAN_POINT('',(17.85,0.15,-15.7));
#12775=CARTESIAN_POINT('',(17.85,0.15,-15.7));
#12776=CARTESIAN_POINT('',(17.85,0.15,-15.7));
#12777=CARTESIAN_POINT('',(16.85,0.15,-15.7));
#12778=CARTESIAN_POINT('',(16.85,0.15,-15.7));
#12779=CARTESIAN_POINT('',(-0.149999999999997,0.15,-18.4));
#12780=CARTESIAN_POINT('',(1.05,13.85,0.));
#12781=CARTESIAN_POINT('',(1.05,13.85,0.));
#12782=CARTESIAN_POINT('',(16.85,13.85,-15.7));
#12783=CARTESIAN_POINT('',(16.85,13.85,-15.7));
#12784=CARTESIAN_POINT('',(17.85,13.85,-15.7));
#12785=CARTESIAN_POINT('',(17.85,13.85,-15.7));
#12786=CARTESIAN_POINT('',(17.85,13.85,-15.7));
#12787=CARTESIAN_POINT('',(20.05,13.85,0.));
#12788=CARTESIAN_POINT('',(20.05,13.85,0.));
#12789=CARTESIAN_POINT('',(21.05,13.85,0.));
#12790=CARTESIAN_POINT('',(20.75,13.85,0.));
#12791=CARTESIAN_POINT('',(20.75,13.85,5.));
#12792=CARTESIAN_POINT('',(20.75,13.85,5.));
#12793=CARTESIAN_POINT('',(-0.149999999999997,13.85,5.));
#12794=CARTESIAN_POINT('',(16.45,13.85,5.));
#12795=CARTESIAN_POINT('',(16.45,13.85,4.00243817719529));
#12796=CARTESIAN_POINT('',(16.45,13.85,4.00243817719529));
#12797=CARTESIAN_POINT('',(16.45,13.85,4.00243817719529));
#12798=CARTESIAN_POINT('',(12.95,13.85,4.00243817719529));
#12799=CARTESIAN_POINT('',(12.95,13.85,4.00243817719529));
#12800=CARTESIAN_POINT('',(12.95,13.85,5.));
#12801=CARTESIAN_POINT('',(-0.149999999999997,13.85,5.));
#12802=CARTESIAN_POINT('',(7.95,13.85,5.));
#12803=CARTESIAN_POINT('',(7.95,13.85,4.00243817719529));
#12804=CARTESIAN_POINT('',(7.95,13.85,4.00243817719529));
#12805=CARTESIAN_POINT('',(4.45,13.85,4.00243817719529));
#12806=CARTESIAN_POINT('',(4.45,13.85,4.00243817719529));
#12807=CARTESIAN_POINT('',(4.45,13.85,4.00243817719529));
#12808=CARTESIAN_POINT('',(4.45,13.85,5.));
#12809=CARTESIAN_POINT('',(-0.149999999999997,13.85,5.));
#12810=CARTESIAN_POINT('',(0.150000000000004,13.85,5.));
#12811=CARTESIAN_POINT('',(0.150000000000004,13.85,0.));
#12812=CARTESIAN_POINT('',(0.150000000000004,13.85,0.));
#12813=CARTESIAN_POINT('',(-0.149999999999997,13.85,0.));
#12814=CARTESIAN_POINT('',(21.05,13.85,-18.4));
#12815=CARTESIAN_POINT('',(68.0085177198224,-46.9499390760597,8.67361737988404E-016));
#12816=CARTESIAN_POINT('',(20.8792893218813,0.179289321881338,8.67361737988404E-016));
#12817=CARTESIAN_POINT('',(20.4792893218814,0.579289321881342,8.67361737988404E-016));
#12818=CARTESIAN_POINT('',(20.05,0.15,0.));
#12819=CARTESIAN_POINT('',(20.75,0.450000000000002,0.));
#12820=CARTESIAN_POINT('',(21.05,0.15,0.));
#12821=CARTESIAN_POINT('',(20.75,0.450000000000002,0.0999999999999994));
#12822=CARTESIAN_POINT('',(20.962132034356,0.237867965644023,0.1));
#12823=CARTESIAN_POINT('',(20.75,0.450000000000002,4.4));
#12824=CARTESIAN_POINT('',(20.962132034356,0.237867965644038,4.82426406871193));
#12825=CARTESIAN_POINT('',(20.75,0.450000000000002,4.4));
#12826=CARTESIAN_POINT('',(21.05,0.450000000000003,5.));
#12827=CARTESIAN_POINT('',(21.05,0.450000000000002,5.));
#12828=CARTESIAN_POINT('',(21.05,0.450000000000002,0.));
#12829=CARTESIAN_POINT('',(20.75,0.450000000000002,0.));
#12830=CARTESIAN_POINT('',(21.0207106781187,0.320710678118656,8.67361737988404E-016));
#12831=CARTESIAN_POINT('',(20.75,0.450000000000002,0.100000000000003));
#12832=CARTESIAN_POINT('',(20.75,0.450000000000002,-18.4));
#12833=CARTESIAN_POINT('',(68.0085177198224,60.9499390760597,8.67361737988404E-016));
#12834=CARTESIAN_POINT('',(20.8792893218813,13.8207106781187,8.67361737988404E-016));
#12835=CARTESIAN_POINT('',(20.4792893218814,13.4207106781187,8.67361737988404E-016));
#12836=CARTESIAN_POINT('',(20.75,13.55,0.));
#12837=CARTESIAN_POINT('',(20.05,13.85,0.));
#12838=CARTESIAN_POINT('',(21.05,13.85,0.));
#12839=CARTESIAN_POINT('',(20.75,13.55,0.0999999999999994));
#12840=CARTESIAN_POINT('',(20.962132034356,13.762132034356,0.1));
#12841=CARTESIAN_POINT('',(20.75,13.55,0.100000000000003));
#12842=CARTESIAN_POINT('',(21.0207106781187,13.6792893218813,0.));
#12843=CARTESIAN_POINT('',(20.75,13.55,0.));
#12844=CARTESIAN_POINT('',(21.05,13.55,0.));
#12845=CARTESIAN_POINT('',(21.05,13.55,0.));
#12846=CARTESIAN_POINT('',(21.05,13.55,5.));
#12847=CARTESIAN_POINT('',(20.75,13.55,4.4));
#12848=CARTESIAN_POINT('',(20.962132034356,13.762132034356,4.82426406871193));
#12849=CARTESIAN_POINT('',(20.75,13.55,4.4));
#12850=CARTESIAN_POINT('',(20.75,13.55,-18.4));
#12851=CARTESIAN_POINT('',(0.150000000000004,0.45,0.0999999999999994));
#12852=CARTESIAN_POINT('',(-0.0621320343559655,0.237867965644025,0.1));
#12853=CARTESIAN_POINT('',(0.150000000000004,0.45,0.100000000000003));
#12854=CARTESIAN_POINT('',(-0.120710678118651,0.320710678118657,0.));
#12855=CARTESIAN_POINT('',(0.150000000000004,0.45,0.));
#12856=CARTESIAN_POINT('',(0.150000000000004,0.45,4.4));
#12857=CARTESIAN_POINT('',(-0.062132034355962,0.237867965644037,4.82426406871193));
#12858=CARTESIAN_POINT('',(0.150000000000004,0.45,4.4));
#12859=CARTESIAN_POINT('',(0.150000000000004,0.45,-18.4));
#12860=CARTESIAN_POINT('',(0.150000000000004,13.55,0.0999999999999994));
#12861=CARTESIAN_POINT('',(-0.0621320343559759,13.762132034356,0.1));
#12862=CARTESIAN_POINT('',(0.0207106781186586,13.8207106781187,8.67361737988404E-016));
#12863=CARTESIAN_POINT('',(0.150000000000004,13.55,0.));
#12864=CARTESIAN_POINT('',(0.150000000000004,13.55,4.4));
#12865=CARTESIAN_POINT('',(-0.0621320343559585,13.762132034356,4.82426406871193));
#12866=CARTESIAN_POINT('',(0.150000000000004,13.55,4.4));
#12867=CARTESIAN_POINT('',(0.150000000000004,13.55,0.100000000000003));
#12868=CARTESIAN_POINT('',(0.150000000000004,13.55,-18.4));
#12869=CARTESIAN_POINT('',(10.45,7.,-19.2));
#12870=CARTESIAN_POINT('',(9.2,7.,-19.2));
#12871=CARTESIAN_POINT('',(20.05,4.15,-19.2));
#12872=CARTESIAN_POINT('',(20.95,4.15,-19.2));
#12873=CARTESIAN_POINT('',(10.4500270284569,2.84994789778716,-19.2));
#12874=CARTESIAN_POINT('',(21.35,2.85002051531547,-19.2));
#12875=CARTESIAN_POINT('',(18.15,2.84999804616654,-19.2));
#12876=CARTESIAN_POINT('',(18.15,-0.150000000000001,-19.2));
#12877=CARTESIAN_POINT('',(18.15,-0.15,-19.2));
#12878=CARTESIAN_POINT('',(10.45,-0.15,-19.2));
#12879=CARTESIAN_POINT('',(-0.449999999999999,-0.150000000000001,-19.2));
#12880=CARTESIAN_POINT('',(-0.449999999999999,7.,-19.2));
#12881=CARTESIAN_POINT('',(-0.449999999999999,14.15,-19.2));
#12882=CARTESIAN_POINT('',(10.45,14.15,-19.2));
#12883=CARTESIAN_POINT('',(21.35,14.15,-19.2));
#12884=CARTESIAN_POINT('',(21.35,7.,-19.2));
#12885=CARTESIAN_POINT('',(10.45,7.,-19.2));
#12886=CARTESIAN_POINT('',(21.85,-0.15,5.8));
#12887=CARTESIAN_POINT('',(21.85,-0.15,5.8));
#12888=CARTESIAN_POINT('',(21.85,-0.15,-17.9));
#12889=CARTESIAN_POINT('',(21.85,2.85002018968451,-17.9));
#12890=CARTESIAN_POINT('',(21.85,2.85002018968451,-17.9));
#12891=CARTESIAN_POINT('',(21.85,2.85002018968451,5.8));
#12892=CARTESIAN_POINT('',(21.8499999999984,2.85002116660824,-18.7));
#12893=CARTESIAN_POINT('',(21.85,7.,-18.7));
#12894=CARTESIAN_POINT('',(21.85,14.15,-18.7));
#12895=CARTESIAN_POINT('',(21.85,14.15,5.8));
#12896=CARTESIAN_POINT('',(21.85,14.15,5.8));
#12897=CARTESIAN_POINT('',(21.85,7.,5.8));
#12898=CARTESIAN_POINT('',(21.85,7.,5.8));
#12899=CARTESIAN_POINT('',(21.35,2.85002214353197,-18.7));
#12900=CARTESIAN_POINT('',(21.35,14.15,-18.7));
#12901=CARTESIAN_POINT('',(21.35,7.,-18.7));
#12902=CARTESIAN_POINT('',(21.05,5.85,-17.4));
#12903=CARTESIAN_POINT('',(21.05,5.85,-17.4));
#12904=CARTESIAN_POINT('',(21.05,0.15,-17.4));
#12905=CARTESIAN_POINT('',(21.05,1.15,-17.4));
#12906=CARTESIAN_POINT('',(21.05,1.15,0.));
#12907=CARTESIAN_POINT('',(21.05,1.15,0.));
#12908=CARTESIAN_POINT('',(21.05,0.15,0.));
#12909=CARTESIAN_POINT('',(21.05,13.85,5.));
#12910=CARTESIAN_POINT('',(21.05,13.85,0.));
#12911=CARTESIAN_POINT('',(21.05,12.85,0.));
#12912=CARTESIAN_POINT('',(21.05,12.85,0.));
#12913=CARTESIAN_POINT('',(21.05,7.5,-14.4));
#12914=CARTESIAN_POINT('',(21.05,7.5,-14.4));
#12915=CARTESIAN_POINT('',(21.05,6.5,-14.4));
#12916=CARTESIAN_POINT('',(21.05,6.5,-14.4));
#12917=CARTESIAN_POINT('',(21.05,6.5,-14.4));
#12918=CARTESIAN_POINT('',(21.05,0.150000000000002,-18.4));
#12919=CARTESIAN_POINT('',(18.15,-0.650000000000001,-18.2));
#12920=CARTESIAN_POINT('',(18.15,-0.650000000000001,-18.7));
#12921=CARTESIAN_POINT('',(18.15,-0.650000000000001,-17.9));
#12922=CARTESIAN_POINT('',(21.35,-0.650000000000001,-17.9));
#12923=CARTESIAN_POINT('',(21.35,-0.650000000000001,-17.9));
#12924=CARTESIAN_POINT('',(21.35,-0.650000000000001,5.8));
#12925=CARTESIAN_POINT('',(21.35,-0.650000000000001,5.8));
#12926=CARTESIAN_POINT('',(10.45,-0.650000000000001,5.8));
#12927=CARTESIAN_POINT('',(-0.449999999999999,-0.650000000000001,5.8));
#12928=CARTESIAN_POINT('',(-0.449999999999999,-0.650000000000001,5.8));
#12929=CARTESIAN_POINT('',(-0.449999999999999,-0.650000000000001,-18.7));
#12930=CARTESIAN_POINT('',(10.45,-0.650000000000001,-18.7));
#12931=CARTESIAN_POINT('',(10.45,-0.650000000000001,5.8));
#12932=CARTESIAN_POINT('',(10.45,14.65,-18.7));
#12933=CARTESIAN_POINT('',(21.35,14.65,-18.7));
#12934=CARTESIAN_POINT('',(-0.449999999999999,14.65,-18.7));
#12935=CARTESIAN_POINT('',(-0.449999999999999,14.65,5.8));
#12936=CARTESIAN_POINT('',(-0.449999999999999,14.65,5.8));
#12937=CARTESIAN_POINT('',(10.45,14.65,5.8));
#12938=CARTESIAN_POINT('',(21.35,14.65,5.8));
#12939=CARTESIAN_POINT('',(21.35,14.65,5.8));
#12940=CARTESIAN_POINT('',(10.45,14.65,5.8));
#12941=CARTESIAN_POINT('',(21.05,14.25,5.8));
#12942=CARTESIAN_POINT('',(-0.549999999999998,14.25,5.8));
#12943=CARTESIAN_POINT('',(21.45,14.25,5.8));
#12944=CARTESIAN_POINT('',(21.45,0.150000000000002,5.8));
#12945=CARTESIAN_POINT('',(21.45,-0.249999999999997,5.8));
#12946=CARTESIAN_POINT('',(-0.149999999999997,-0.25,5.8));
#12947=CARTESIAN_POINT('',(-0.549999999999998,-0.25,5.8));
#12948=CARTESIAN_POINT('',(-0.549999999999998,13.85,5.8));
#12949=CARTESIAN_POINT('',(21.35,-0.15,5.8));
#12950=CARTESIAN_POINT('',(21.35,14.15,5.8));
#12951=CARTESIAN_POINT('',(-0.449999999999999,14.15,5.8));
#12952=CARTESIAN_POINT('',(-0.95,14.15,5.8));
#12953=CARTESIAN_POINT('',(-0.95,7.,5.8));
#12954=CARTESIAN_POINT('',(-0.95,-0.15,5.8));
#12955=CARTESIAN_POINT('',(-0.449999999999999,-0.150000000000001,5.8));
#12956=CARTESIAN_POINT('',(10.45,7.,5.8));
#12957=CARTESIAN_POINT('',(-0.95,14.15,5.8));
#12958=CARTESIAN_POINT('',(-0.95,14.15,-18.7));
#12959=CARTESIAN_POINT('',(-0.95,7.,-18.7));
#12960=CARTESIAN_POINT('',(-0.95,-0.150000000000001,-18.7));
#12961=CARTESIAN_POINT('',(-0.95,-0.15,5.8));
#12962=CARTESIAN_POINT('',(-0.95,7.,5.8));
#12963=CARTESIAN_POINT('',(-0.149999999999997,7.5,-14.4));
#12964=CARTESIAN_POINT('',(2.51018829689291,7.5,-14.4));
#12965=CARTESIAN_POINT('',(-0.149999999999997,6.5,-14.4));
#12966=CARTESIAN_POINT('',(2.51018829689291,6.5,-14.4));
#12967=CARTESIAN_POINT('',(2.51018829689291,6.5,-14.4));
#12968=CARTESIAN_POINT('',(-0.149999999999997,6.5,-14.4));
#12969=CARTESIAN_POINT('',(2.51018829689291,7.5,-14.9));
#12970=CARTESIAN_POINT('',(3.00635426583565,7.5,-14.8381992616298));
#12971=CARTESIAN_POINT('',(2.51018829689291,6.5,-14.9));
#12972=CARTESIAN_POINT('',(3.00635426583565,6.5,-14.8381992616298));
#12973=CARTESIAN_POINT('',(3.00635426583565,6.5,-14.8381992616298));
#12974=CARTESIAN_POINT('',(2.51018829689291,6.5,-14.9));
#12975=CARTESIAN_POINT('',(3.00635426583565,7.5,-14.8381992616298));
#12976=CARTESIAN_POINT('',(3.00635426583565,6.5,-14.8381992616298));
#12977=CARTESIAN_POINT('',(3.00635426583565,6.5,-14.8381992616298));
#12978=CARTESIAN_POINT('',(2.51018829689291,6.5,-14.9));
#12979=CARTESIAN_POINT('',(2.51018829689291,7.5,-14.9));
#12980=CARTESIAN_POINT('',(20.6145777281064,7.5,-14.9));
#12981=CARTESIAN_POINT('',(20.6145777281064,7.5,-14.4));
#12982=CARTESIAN_POINT('',(20.1159851613439,7.5,-14.8625106365868));
#12983=CARTESIAN_POINT('',(20.1159851613439,6.5,-14.8625106365868));
#12984=CARTESIAN_POINT('',(20.1159851613439,6.5,-14.8625106365868));
#12985=CARTESIAN_POINT('',(20.6145777281064,6.5,-14.9));
#12986=CARTESIAN_POINT('',(20.6145777281064,6.5,-14.4));
#12987=CARTESIAN_POINT('',(20.6145777281064,6.5,-14.4));
#12988=CARTESIAN_POINT('',(20.6145777281064,6.5,-14.9));
#12989=CARTESIAN_POINT('',(20.1159851613439,7.5,-14.8625106365868));
#12990=CARTESIAN_POINT('',(20.1159851613439,6.5,-14.8625106365868));
#12991=CARTESIAN_POINT('',(20.1159851613439,6.5,-14.8625106365868));
#12992=CARTESIAN_POINT('',(21.05,7.5,-14.4));
#12993=CARTESIAN_POINT('',(21.05,6.5,-14.4));
#12994=CARTESIAN_POINT('',(21.05,6.5,-14.4));
#12995=CARTESIAN_POINT('',(20.6145777281064,6.5,-14.9));
#12996=CARTESIAN_POINT('',(20.6145777281064,7.5,-14.9));
#12997=CARTESIAN_POINT('',(16.85,12.85,-18.4));
#12998=CARTESIAN_POINT('',(16.85,12.85,-17.2));
#12999=CARTESIAN_POINT('',(17.85,12.85,-18.4));
#13000=CARTESIAN_POINT('',(17.85,12.85,-17.2));
#13001=CARTESIAN_POINT('',(17.85,12.85,-17.2));
#13002=CARTESIAN_POINT('',(17.85,12.85,-18.4));
#13003=CARTESIAN_POINT('',(16.85,12.85,-17.2));
#13004=CARTESIAN_POINT('',(16.85,13.5,-17.2));
#13005=CARTESIAN_POINT('',(17.85,12.85,-17.2));
#13006=CARTESIAN_POINT('',(17.85,13.5,-17.2));
#13007=CARTESIAN_POINT('',(17.85,13.5,-17.2));
#13008=CARTESIAN_POINT('',(17.85,12.85,-17.2));
#13009=CARTESIAN_POINT('',(16.85,13.5,-17.2));
#13010=CARTESIAN_POINT('',(17.85,13.5,-17.2));
#13011=CARTESIAN_POINT('',(17.85,13.5,-17.2));
#13012=CARTESIAN_POINT('',(17.85,12.85,-17.2));
#13013=CARTESIAN_POINT('',(16.85,12.85,-17.2));
#13014=CARTESIAN_POINT('',(16.85,1.15,-18.4));
#13015=CARTESIAN_POINT('',(16.85,1.15,-17.2));
#13016=CARTESIAN_POINT('',(17.85,1.15,-17.2));
#13017=CARTESIAN_POINT('',(17.85,1.15,-17.2));
#13018=CARTESIAN_POINT('',(17.85,1.15,-18.4));
#13019=CARTESIAN_POINT('',(17.85,1.15,-17.4));
#13020=CARTESIAN_POINT('',(17.85,1.15,-18.4));
#13021=CARTESIAN_POINT('',(17.85,1.15,-18.4));
#13022=CARTESIAN_POINT('',(16.85,1.15,-17.2));
#13023=CARTESIAN_POINT('',(16.85,0.499999999999999,-17.2));
#13024=CARTESIAN_POINT('',(17.85,0.499999999999999,-17.2));
#13025=CARTESIAN_POINT('',(17.85,0.499999999999999,-17.2));
#13026=CARTESIAN_POINT('',(17.85,1.15,-17.2));
#13027=CARTESIAN_POINT('',(17.85,1.15,-17.2));
#13028=CARTESIAN_POINT('',(16.85,0.499999999999999,-17.2));
#13029=CARTESIAN_POINT('',(17.85,0.499999999999999,-17.2));
#13030=CARTESIAN_POINT('',(17.85,0.499999999999999,-17.2));
#13031=CARTESIAN_POINT('',(17.85,5.85,-17.4));
#13032=CARTESIAN_POINT('',(17.85,1.15,-17.2));
#13033=CARTESIAN_POINT('',(16.85,1.15,-17.2));
#13034=CARTESIAN_POINT('',(20.05,13.85,0.));
#13035=CARTESIAN_POINT('',(20.6207106781187,13.2792893218813,8.67361737988404E-016));
#13036=CARTESIAN_POINT('',(20.55,13.35,0.1));
#13037=CARTESIAN_POINT('',(20.55,13.35,0.1));
#13038=CARTESIAN_POINT('',(20.55,13.35,0.1));
#13039=CARTESIAN_POINT('',(20.05,13.85,0.));
#13040=CARTESIAN_POINT('',(68.1499390760597,60.8085177198224,8.67361737988404E-016));
#13041=CARTESIAN_POINT('',(21.05,13.85,0.));
#13042=CARTESIAN_POINT('',(20.05,0.15,-17.4));
#13043=CARTESIAN_POINT('',(20.55,0.649999999999996,0.1));
#13044=CARTESIAN_POINT('',(20.55,0.649999999999996,0.1));
#13045=CARTESIAN_POINT('',(20.55,0.649999999999996,0.1));
#13046=CARTESIAN_POINT('',(20.6207106781187,0.720710678118651,8.67361737988404E-016));
#13047=CARTESIAN_POINT('',(20.05,0.15,0.));
#13048=CARTESIAN_POINT('',(20.05,0.15,0.));
#13049=CARTESIAN_POINT('',(68.1499390760597,-46.8085177198224,8.67361737988404E-016));
#13050=CARTESIAN_POINT('',(21.05,0.15,0.));
#13051=CARTESIAN_POINT('',(-47.1085177198224,60.9499390760597,8.67361737988404E-016));
#13052=CARTESIAN_POINT('',(0.920710678118657,12.9207106781187,0.));
#13053=CARTESIAN_POINT('',(0.349999999999996,12.35,0.));
#13054=CARTESIAN_POINT('',(1.05,13.05,0.));
#13055=CARTESIAN_POINT('',(1.05,13.05,0.));
#13056=CARTESIAN_POINT('',(-0.149999999999997,13.85,0.));
#13057=CARTESIAN_POINT('',(-47.2499390760597,-46.8085177198224,8.67361737988404E-016));
#13058=CARTESIAN_POINT('',(0.779289321881337,1.22071067811866,0.));
#13059=CARTESIAN_POINT('',(0.349999999999996,1.65,0.));
#13060=CARTESIAN_POINT('',(0.349999999999996,1.65,0.));
#13061=CARTESIAN_POINT('',(-0.149999999999997,1.65,0.));
#13062=CARTESIAN_POINT('',(-0.149999999999997,0.15,0.));
#13063=CARTESIAN_POINT('',(-0.449999999999999,14.15,-18.7));
#13064=CARTESIAN_POINT('',(-0.449999999999999,14.15,5.8));
#13065=CARTESIAN_POINT('',(-0.449999999999999,14.15,-18.7));
#13066=CARTESIAN_POINT('',(-0.449999999999999,14.15,-18.7));
#13067=CARTESIAN_POINT('',(-0.449999999999999,14.15,-18.7));
#13068=CARTESIAN_POINT('',(21.35,14.15,-18.7));
#13069=CARTESIAN_POINT('',(21.35,14.15,5.8));
#13070=CARTESIAN_POINT('',(21.35,14.15,-18.7));
#13071=CARTESIAN_POINT('',(10.45,14.15,-18.7));
#13072=CARTESIAN_POINT('',(-0.449999999999999,-0.150000000000001,-18.7));
#13073=CARTESIAN_POINT('',(-0.449999999999999,7.,-18.7));
#13074=CARTESIAN_POINT('',(-0.449999999999999,-0.150000000000001,-18.7));
#13075=CARTESIAN_POINT('',(-0.449999999999999,-0.150000000000001,5.8));
#13076=CARTESIAN_POINT('',(21.35,14.15,-18.7));
#13077=CARTESIAN_POINT('',(-0.449999999999999,-0.150000000000001,-18.7));
#13078=CARTESIAN_POINT('',(-0.449999999999999,-0.150000000000001,-18.7));
#13079=CARTESIAN_POINT('',(18.15,-0.150000000000001,-18.7));
#13080=CARTESIAN_POINT('',(10.45,-0.150000000000001,-18.7));
#13081=CARTESIAN_POINT('',(21.35,-0.15,-17.9));
#13082=CARTESIAN_POINT('',(21.35,-0.15,5.8));
#13083=CARTESIAN_POINT('',(3.38333333333336,10.3166666666667,-2.06666666666668));
#13084=CARTESIAN_POINT('',(2.13333333333334,2.43333333333334,0.433333333333336));
#13085=CARTESIAN_POINT('',(-0.149999999999997,13.85,5.));
#13086=CARTESIAN_POINT('',(21.05,0.150000000000002,5.));
#13087=CARTESIAN_POINT('',(16.45,0.15,5.));
#13088=CARTESIAN_POINT('',(4.45,0.15,5.));
#13089=CARTESIAN_POINT('',(-0.149999999999997,0.15,5.));
#13090=CARTESIAN_POINT('',(4.45,13.85,5.));
#13091=CARTESIAN_POINT('',(16.45,13.85,5.));
#13092=CARTESIAN_POINT('',(18.7666666666667,11.5666666666667,0.433333333333337));
#13093=CARTESIAN_POINT('',(21.05,13.85,5.));
#13094=CARTESIAN_POINT('',(21.05,0.150000000000002,5.));
#13095=CARTESIAN_POINT('',(12.95,13.5499442818059,4.19202615732848));
#13096=CARTESIAN_POINT('',(12.95,13.3837689648602,4.30321734342195));
#13097=CARTESIAN_POINT('',(12.95,13.5569222366094,3.99220367617677));
#13098=CARTESIAN_POINT('',(16.45,13.5569222366094,3.99220367617677));
#13099=CARTESIAN_POINT('',(16.45,13.5569222366094,3.99220367617677));
#13100=CARTESIAN_POINT('',(16.45,13.5499442818059,4.19202615732848));
#13101=CARTESIAN_POINT('',(16.45,13.3837689648602,4.30321734342195));
#13102=CARTESIAN_POINT('',(16.45,13.3837689648602,4.30321734342195));
#13103=CARTESIAN_POINT('',(16.45,13.5499442818059,4.19202615732848));
#13104=CARTESIAN_POINT('',(12.95,13.5569222366094,3.99220367617677));
#13105=CARTESIAN_POINT('',(16.45,13.5569222366094,3.99220367617677));
#13106=CARTESIAN_POINT('',(16.45,13.5569222366094,3.99220367617677));
#13107=CARTESIAN_POINT('',(12.95,13.85,5.));
#13108=CARTESIAN_POINT('',(16.45,13.85,5.));
#13109=CARTESIAN_POINT('',(16.45,13.85,5.));
#13110=CARTESIAN_POINT('',(16.45,13.5499442818059,4.19202615732848));
#13111=CARTESIAN_POINT('',(12.95,13.5499442818059,4.19202615732848));
#13112=CARTESIAN_POINT('',(7.95,13.5499442818059,4.19202615732848));
#13113=CARTESIAN_POINT('',(7.95,13.3837689648602,4.30321734342195));
#13114=CARTESIAN_POINT('',(7.95,13.5569222366094,3.99220367617677));
#13115=CARTESIAN_POINT('',(4.45,13.3837689648602,4.30321734342195));
#13116=CARTESIAN_POINT('',(4.45,13.3837689648602,4.30321734342195));
#13117=CARTESIAN_POINT('',(4.45,13.5499442818059,4.19202615732848));
#13118=CARTESIAN_POINT('',(4.45,13.5569222366094,3.99220367617677));
#13119=CARTESIAN_POINT('',(4.45,13.5569222366094,3.99220367617677));
#13120=CARTESIAN_POINT('',(4.45,13.5499442818059,4.19202615732848));
#13121=CARTESIAN_POINT('',(7.95,13.5569222366094,3.99220367617677));
#13122=CARTESIAN_POINT('',(4.45,13.5569222366094,3.99220367617677));
#13123=CARTESIAN_POINT('',(4.45,13.5569222366094,3.99220367617677));
#13124=CARTESIAN_POINT('',(7.95,13.85,5.));
#13125=CARTESIAN_POINT('',(4.45,13.85,5.));
#13126=CARTESIAN_POINT('',(4.45,13.85,5.));
#13127=CARTESIAN_POINT('',(4.45,13.5499442818059,4.19202615732848));
#13128=CARTESIAN_POINT('',(7.95,13.5499442818059,4.19202615732848));
#13129=CARTESIAN_POINT('',(12.95,0.450055718194126,4.19202615732848));
#13130=CARTESIAN_POINT('',(12.95,0.616231035139803,4.30321734342195));
#13131=CARTESIAN_POINT('',(12.95,0.443077763390554,3.99220367617677));
#13132=CARTESIAN_POINT('',(16.45,0.616231035139803,4.30321734342195));
#13133=CARTESIAN_POINT('',(16.45,0.616231035139803,4.30321734342195));
#13134=CARTESIAN_POINT('',(16.45,0.450055718194126,4.19202615732848));
#13135=CARTESIAN_POINT('',(16.45,0.443077763390554,3.99220367617677));
#13136=CARTESIAN_POINT('',(16.45,0.443077763390554,3.99220367617677));
#13137=CARTESIAN_POINT('',(16.45,0.450055718194126,4.19202615732848));
#13138=CARTESIAN_POINT('',(12.95,0.443077763390554,3.99220367617677));
#13139=CARTESIAN_POINT('',(16.45,0.443077763390554,3.99220367617677));
#13140=CARTESIAN_POINT('',(16.45,0.443077763390554,3.99220367617677));
#13141=CARTESIAN_POINT('',(12.95,0.15,5.));
#13142=CARTESIAN_POINT('',(16.45,0.15,5.));
#13143=CARTESIAN_POINT('',(16.45,0.15,5.));
#13144=CARTESIAN_POINT('',(16.45,0.450055718194126,4.19202615732848));
#13145=CARTESIAN_POINT('',(12.95,0.450055718194126,4.19202615732848));
#13146=CARTESIAN_POINT('',(7.95,0.450055718194126,4.19202615732848));
#13147=CARTESIAN_POINT('',(7.95,0.616231035139803,4.30321734342195));
#13148=CARTESIAN_POINT('',(7.95,0.443077763390554,3.99220367617677));
#13149=CARTESIAN_POINT('',(4.45,0.443077763390554,3.99220367617677));
#13150=CARTESIAN_POINT('',(4.45,0.443077763390554,3.99220367617677));
#13151=CARTESIAN_POINT('',(4.45,0.450055718194126,4.19202615732848));
#13152=CARTESIAN_POINT('',(4.45,0.616231035139803,4.30321734342195));
#13153=CARTESIAN_POINT('',(4.45,0.616231035139803,4.30321734342195));
#13154=CARTESIAN_POINT('',(4.45,0.450055718194126,4.19202615732848));
#13155=CARTESIAN_POINT('',(7.95,0.443077763390554,3.99220367617677));
#13156=CARTESIAN_POINT('',(4.45,0.443077763390554,3.99220367617677));
#13157=CARTESIAN_POINT('',(4.45,0.443077763390554,3.99220367617677));
#13158=CARTESIAN_POINT('',(7.95,0.15,5.));
#13159=CARTESIAN_POINT('',(4.45,0.15,5.));
#13160=CARTESIAN_POINT('',(4.45,0.15,5.));
#13161=CARTESIAN_POINT('',(4.45,0.450055718194126,4.19202615732848));
#13162=CARTESIAN_POINT('',(7.95,0.450055718194126,4.19202615732848));
#13163=CARTESIAN_POINT('',(20.05,1.15,-17.4));
#13164=CARTESIAN_POINT('',(19.55,1.15,-17.4));
#13165=CARTESIAN_POINT('',(21.05,5.85,-17.4));
#13166=CARTESIAN_POINT('',(17.85,5.85,-17.4));
#13167=CARTESIAN_POINT('',(17.85,5.85,-17.4));
#13168=CARTESIAN_POINT('',(21.05,0.15,-17.4));
#13169=CARTESIAN_POINT('',(17.85,5.85,-17.4));
#13170=CARTESIAN_POINT('',(21.05,5.85,-17.4));
#13171=CARTESIAN_POINT('',(17.85,5.85,-17.4));
#13172=CARTESIAN_POINT('',(21.3500019538398,2.550018887131,-18.7));
#13173=CARTESIAN_POINT('',(21.3500019538398,2.550018887131,-18.9));
#13174=CARTESIAN_POINT('',(21.5500019538356,2.55002018969088,-18.7));
#13175=CARTESIAN_POINT('',(21.5500019538398,2.55002018969088,-18.2));
#13176=CARTESIAN_POINT('',(21.5500019538398,2.55002018969088,-18.2));
#13177=CARTESIAN_POINT('',(21.85,2.55002214351797,-18.2));
#13178=CARTESIAN_POINT('',(18.45,2.55,-18.2));
#13179=CARTESIAN_POINT('',(18.45,2.55,-18.2));
#13180=CARTESIAN_POINT('',(18.45,2.55,-18.9));
#13181=CARTESIAN_POINT('',(21.85,2.55002214351797,-18.9));
#13182=CARTESIAN_POINT('',(21.85,2.55002214351797,-18.2));
#13183=CARTESIAN_POINT('',(18.45,-0.650000000000001,-18.2));
#13184=CARTESIAN_POINT('',(18.45,-0.350000000000001,-18.2));
#13185=CARTESIAN_POINT('',(18.45,-0.350000000000001,-18.7));
#13186=CARTESIAN_POINT('',(18.45,-0.350000000000001,-18.7));
#13187=CARTESIAN_POINT('',(18.45,-0.150000000000001,-18.7));
#13188=CARTESIAN_POINT('',(18.45,-0.150000000000001,-18.9));
#13189=CARTESIAN_POINT('',(18.45,2.55,-18.9));
#13190=CARTESIAN_POINT('',(18.45,-0.650000000000001,-18.2));
#13191=CARTESIAN_POINT('',(20.05,1.15,-18.2));
#13192=CARTESIAN_POINT('',(20.8,1.15,-18.2));
#13193=CARTESIAN_POINT('',(21.35,-0.15,-18.2));
#13194=CARTESIAN_POINT('',(21.55,-0.15,-18.2));
#13195=CARTESIAN_POINT('',(21.35,-0.35,-18.2));
#13196=CARTESIAN_POINT('',(18.15,-0.350000000000001,-18.2));
#13197=CARTESIAN_POINT('',(21.55,-0.15,-18.2));
#13198=CARTESIAN_POINT('',(21.85,2.55002214351797,-18.2));
#13199=CARTESIAN_POINT('',(20.05,1.15,-19.2));
#13200=CARTESIAN_POINT('',(20.8,1.15,-19.2));
#13201=CARTESIAN_POINT('',(20.05,1.15,-18.2));
#13202=CARTESIAN_POINT('',(20.05,1.15,-19.2));
#13203=CARTESIAN_POINT('',(20.05,4.15,-18.6));
#13204=CARTESIAN_POINT('',(20.95,4.15,-18.6));
#13205=CARTESIAN_POINT('',(20.05,4.15,-18.6));
#13206=CARTESIAN_POINT('',(20.05,4.15,-18.6));
#13207=CARTESIAN_POINT('',(20.05,1.15,-17.7));
#13208=CARTESIAN_POINT('',(19.55,1.15,-17.7));
#13209=CARTESIAN_POINT('',(20.05,1.15,-17.4));
#13210=CARTESIAN_POINT('',(20.05,1.15,-18.6));
#13211=CARTESIAN_POINT('',(19.85,1.15,-18.6));
#13212=CARTESIAN_POINT('',(20.05,1.15,-18.6));
#13213=CARTESIAN_POINT('',(20.05,1.15,-18.));
#13214=CARTESIAN_POINT('',(19.85,1.15,-18.));
#13215=CARTESIAN_POINT('',(20.05,1.15,-18.));
#13216=CARTESIAN_POINT('',(20.05,1.15,-17.7));
#13217=CARTESIAN_POINT('',(21.55,2.85002018968451,-17.9));
#13218=CARTESIAN_POINT('',(21.55,2.85002018968451,-18.7));
#13219=CARTESIAN_POINT('',(21.55,2.85002018968451,5.8));
#13220=CARTESIAN_POINT('',(21.35,2.85001888713227,-18.9));
#13221=CARTESIAN_POINT('',(21.3500019538398,2.55001888713097,-18.9));
#13222=CARTESIAN_POINT('',(21.4671592413627,2.55001965015288,-18.9));
#13223=CARTESIAN_POINT('',(21.5500019538356,2.55002018969085,-18.8171572875254));
#13224=CARTESIAN_POINT('',(21.5500019538356,2.55002018969085,-18.7));
#13225=CARTESIAN_POINT('',(21.3500019538398,2.55001888713097,-19.0770531560864));
#13226=CARTESIAN_POINT('',(21.570874578935,2.55002032563007,-19.0770531560864));
#13227=CARTESIAN_POINT('',(21.7270551099182,2.55002134280253,-18.9208726250998));
#13228=CARTESIAN_POINT('',(21.7270551099182,2.55002134280254,-18.7));
#13229=CARTESIAN_POINT('',(21.3500011346301,2.67580346372711,-19.2016567690759));
#13230=CARTESIAN_POINT('',(21.6438648662922,2.67580537760264,-19.2016567690759));
#13231=CARTESIAN_POINT('',(21.8516579036953,2.67580673091701,-18.9938637316684));
#13232=CARTESIAN_POINT('',(21.8516579036953,2.67580673091701,-18.7));
#13233=CARTESIAN_POINT('',(21.3499999815697,2.8528487426554,-19.1999866528992));
#13234=CARTESIAN_POINT('',(21.6428853818263,2.85285065015925,-19.1999866528992));
#13235=CARTESIAN_POINT('',(21.8499866344583,2.85285199896816,-18.9928854002628));
#13236=CARTESIAN_POINT('',(21.8499866344583,2.85285199896816,-18.7));
#13237=CARTESIAN_POINT('',(18.15,2.84999804616654,-18.9));
#13238=CARTESIAN_POINT('',(10.4500270284569,2.84994789778716,-18.9));
#13239=CARTESIAN_POINT('',(18.15,-0.15,-18.9));
#13240=CARTESIAN_POINT('',(18.15,-0.650000000000001,-18.9));
#13241=CARTESIAN_POINT('',(18.15,-0.350000000000001,-18.7));
#13242=CARTESIAN_POINT('',(18.15,-0.149999999999997,-19.2));
#13243=CARTESIAN_POINT('',(18.15,-0.442893218813449,-19.2));
#13244=CARTESIAN_POINT('',(18.15,-0.649999999999996,-18.9928932188135));
#13245=CARTESIAN_POINT('',(18.15,-0.649999999999998,-18.7));
#13246=CARTESIAN_POINT('',(18.3257359312881,-0.149999999999999,-19.2));
#13247=CARTESIAN_POINT('',(18.3257359312881,-0.442893218813449,-19.2));
#13248=CARTESIAN_POINT('',(18.3257359312881,-0.649999999999998,-18.9928932188135));
#13249=CARTESIAN_POINT('',(18.3257359312881,-0.649999999999998,-18.7));
#13250=CARTESIAN_POINT('',(18.45,-0.150000000000001,-19.0757359312881));
#13251=CARTESIAN_POINT('',(18.45,-0.370101012677668,-19.0757359312881));
#13252=CARTESIAN_POINT('',(18.45,-0.525735931288074,-18.9201010126777));
#13253=CARTESIAN_POINT('',(18.45,-0.525735931288074,-18.7));
#13254=CARTESIAN_POINT('',(18.45,-0.150000000000002,-18.9));
#13255=CARTESIAN_POINT('',(18.45,-0.267157287525383,-18.9));
#13256=CARTESIAN_POINT('',(18.45,-0.350000000000003,-18.8171572875254));
#13257=CARTESIAN_POINT('',(18.45,-0.350000000000003,-18.7));
#13258=CARTESIAN_POINT('',(18.15,-0.350000000000001,-17.9));
#13259=CARTESIAN_POINT('',(18.15,-0.350000000000001,-18.2));
#13260=CARTESIAN_POINT('',(21.55,-0.15,-17.9));
#13261=CARTESIAN_POINT('',(21.55,2.55002214351797,-17.9));
#13262=CARTESIAN_POINT('',(21.35,-0.35,-17.9));
#13263=CARTESIAN_POINT('',(21.35,-0.649999999999997,-17.9));
#13264=CARTESIAN_POINT('',(21.6428932188134,-0.650000000000001,-17.9));
#13265=CARTESIAN_POINT('',(21.85,-0.44289321881345,-17.9));
#13266=CARTESIAN_POINT('',(21.85,-0.149999999999994,-17.9));
#13267=CARTESIAN_POINT('',(21.35,-0.649999999999993,-18.0757359312881));
#13268=CARTESIAN_POINT('',(21.6428932188134,-0.649999999999997,-18.0757359312881));
#13269=CARTESIAN_POINT('',(21.85,-0.442893218813453,-18.0757359312881));
#13270=CARTESIAN_POINT('',(21.85,-0.150000000000001,-18.0757359312881));
#13271=CARTESIAN_POINT('',(21.35,-0.525735931288064,-18.2));
#13272=CARTESIAN_POINT('',(21.5701010126777,-0.525735931288068,-18.2));
#13273=CARTESIAN_POINT('',(21.7257359312881,-0.37010101267767,-18.2));
#13274=CARTESIAN_POINT('',(21.7257359312881,-0.150000000000004,-18.2));
#13275=CARTESIAN_POINT('',(21.35,-0.349999999999994,-18.2));
#13276=CARTESIAN_POINT('',(21.4671572875254,-0.349999999999996,-18.2));
#13277=CARTESIAN_POINT('',(21.55,-0.267157287525381,-18.2));
#13278=CARTESIAN_POINT('',(21.55,-0.150000000000001,-18.2));
#13279=CARTESIAN_POINT('',(10.45,-0.350000000000001,-17.9));
#13280=CARTESIAN_POINT('',(10.45,7.,-18.7));
#13281=CARTESIAN_POINT('',(9.7,7.,-18.7));
#13282=CARTESIAN_POINT('',(10.45,7.,-18.7));
#13283=CARTESIAN_POINT('',(10.45,7.,-18.7));
#13284=CARTESIAN_POINT('',(-47.1792283979411,60.879228397941,0.1));
#13285=CARTESIAN_POINT('',(0.849999999999997,12.85,0.1));
#13286=CARTESIAN_POINT('',(0.850000000000004,12.85,0.0999999999999907));
#13287=CARTESIAN_POINT('',(-47.1792283979411,60.879228397941,0.1));
#13288=CARTESIAN_POINT('',(-2.51304653251744,9.48695346748256,-4.65606601717801));
#13289=CARTESIAN_POINT('',(-47.1792283979411,60.879228397941,0.1));
#13290=CARTESIAN_POINT('',(4.06304653251744,-2.06304653251745,-4.44393398282188));
#13291=CARTESIAN_POINT('',(0.849999999999997,1.15,0.1));
#13292=CARTESIAN_POINT('',(-47.1792283979411,-46.879228397941,0.1));
#13293=CARTESIAN_POINT('',(-47.1792283979411,-46.879228397941,0.1));
#13294=CARTESIAN_POINT('',(0.850000000000004,1.14999999999999,0.100000000000007));
#13295=CARTESIAN_POINT('',(-47.1792283979411,-46.879228397941,0.1));
#13296=CARTESIAN_POINT('',(68.0792283979411,60.879228397941,0.1));
#13297=CARTESIAN_POINT('',(68.0792283979411,60.879228397941,0.1));
#13298=CARTESIAN_POINT('',(68.0792283979411,60.879228397941,0.1));
#13299=CARTESIAN_POINT('',(68.0792283979411,-46.879228397941,0.1));
#13300=CARTESIAN_POINT('',(68.0792283979411,-46.879228397941,0.1));
#13301=CARTESIAN_POINT('',(68.0792283979411,-46.879228397941,0.1));
#13302=CARTESIAN_POINT('',(11.5464600932272,6.,-15.7));
#13303=CARTESIAN_POINT('',(10.0464600932272,6.,-17.2));
#13304=CARTESIAN_POINT('',(10.0464600932272,6.,-17.2));
#13305=CARTESIAN_POINT('',(10.0464600932272,8.,-17.2));
#13306=CARTESIAN_POINT('',(11.5464600932272,8.,-15.7));
#13307=CARTESIAN_POINT('',(10.0464600932272,6.,-17.2));
#13308=CARTESIAN_POINT('',(13.0464600932272,8.,-17.2));
#13309=CARTESIAN_POINT('',(13.0464600932272,8.,-17.2));
#13310=CARTESIAN_POINT('',(13.0464600932272,8.,-17.2));
#13311=CARTESIAN_POINT('',(13.0464600932272,8.,-17.2));
#13312=CARTESIAN_POINT('',(13.0464600932272,8.,-17.2));
#13313=CARTESIAN_POINT('',(13.0464600932272,6.,-17.2));
#13314=CARTESIAN_POINT('',(13.0464600932272,6.,-17.2));
#13315=CARTESIAN_POINT('',(13.0464600932272,8.,-17.2));
#13316=CARTESIAN_POINT('',(13.0464600932272,6.,-17.2));
#13317=CARTESIAN_POINT('',(13.0464600932272,6.,-17.2));
#13318=CARTESIAN_POINT('',(10.0464600932272,6.,-17.2));
#13319=CARTESIAN_POINT('',(1.05,13.05,0.));
#13320=CARTESIAN_POINT('',(0.349999999999996,12.35,0.));
#13321=CARTESIAN_POINT('',(0.349999999999996,12.35,0.));
#13322=CARTESIAN_POINT('',(1.05,13.05,0.));
#13323=CARTESIAN_POINT('',(-0.149999999999997,12.35,0.));
#13324=CARTESIAN_POINT('',(0.650000000000001,4.6,0.));
#13325=CARTESIAN_POINT('',(0.549999999999998,4.6,0.));
#13326=CARTESIAN_POINT('',(0.550000000000002,4.6,0.));
#13327=CARTESIAN_POINT('',(0.650000000000001,4.6,0.));
#13328=CARTESIAN_POINT('',(0.550000000000002,4.,0.));
#13329=CARTESIAN_POINT('',(0.550000000000002,4.,0.));
#13330=CARTESIAN_POINT('',(-0.149999999999997,4.,0.));
#13331=CARTESIAN_POINT('',(-0.149999999999997,4.,0.));
#13332=CARTESIAN_POINT('',(0.650000000000001,4.,-0.1));
#13333=CARTESIAN_POINT('',(0.650000000000001,4.5,-0.1));
#13334=CARTESIAN_POINT('',(0.650000000000001,4.1,-0.1));
#13335=CARTESIAN_POINT('',(0.650000000000001,4.1,0.));
#13336=CARTESIAN_POINT('',(0.650000000000001,4.5,0.));
#13337=CARTESIAN_POINT('',(0.650000000000001,4.,0.));
#13338=CARTESIAN_POINT('',(0.550000000000002,4.6,0.));
#13339=CARTESIAN_POINT('',(0.25,4.975,0.));
#13340=CARTESIAN_POINT('',(0.349999999999996,1.65,0.));
#13341=CARTESIAN_POINT('',(1.05,0.949999999999993,0.));
#13342=CARTESIAN_POINT('',(0.349999999999996,1.65,0.));
#13343=CARTESIAN_POINT('',(1.05,0.949999999999986,0.));
#13344=CARTESIAN_POINT('',(-0.149999999999997,1.65,0.));
#13345=CARTESIAN_POINT('',(0.550000000000002,4.5,-0.1));
#13346=CARTESIAN_POINT('',(0.550000000000002,4.5,0.));
#13347=CARTESIAN_POINT('',(0.550000000000002,4.1,-0.1));
#13348=CARTESIAN_POINT('',(0.550000000000002,4.975,-0.1));
#13349=CARTESIAN_POINT('',(0.550000000000002,4.1,0.));
#13350=CARTESIAN_POINT('',(10.8,8.25,4.5));
#13351=CARTESIAN_POINT('',(10.8,5.77679491924311,4.5));
#13352=CARTESIAN_POINT('',(10.8,8.22320508075689,4.5));
#13353=CARTESIAN_POINT('',(10.85,5.77679491924311,4.5));
#13354=CARTESIAN_POINT('',(10.85,5.77679491924311,4.5));
#13355=CARTESIAN_POINT('',(10.85,11.5,4.5));
#13356=CARTESIAN_POINT('',(10.85,2.94,4.5));
#13357=CARTESIAN_POINT('',(10.85,2.94,4.5));
#13358=CARTESIAN_POINT('',(10.05,2.94,4.5));
#13359=CARTESIAN_POINT('',(10.05,11.5,4.5));
#13360=CARTESIAN_POINT('',(10.05,5.77679491924311,4.5));
#13361=CARTESIAN_POINT('',(10.,5.83819660112501,4.5));
#13362=CARTESIAN_POINT('',(10.,5.83709896335633,4.5));
#13363=CARTESIAN_POINT('',(10.0000200853541,5.83600112716618,4.5));
#13364=CARTESIAN_POINT('',(10.0000610349065,5.83490425351557,4.5));
#13365=CARTESIAN_POINT('',(10.0003416297566,5.82738824713216,4.5));
#13366=CARTESIAN_POINT('',(10.0016271111974,5.81980645135693,4.5));
#13367=CARTESIAN_POINT('',(10.0041096096767,5.81270671285994,4.5));
#13368=CARTESIAN_POINT('',(10.0066097109927,5.80555663171874,4.5));
#13369=CARTESIAN_POINT('',(10.0104310477001,5.79869090294237,4.5));
#13370=CARTESIAN_POINT('',(10.0154409952896,5.79300982979848,4.5));
#13371=CARTESIAN_POINT('',(10.019057974134,5.78890832553962,4.5));
#13372=CARTESIAN_POINT('',(10.0233851138741,5.78532232858522,4.5));
#13373=CARTESIAN_POINT('',(10.0281439079481,5.78262812144637,4.5));
#13374=CARTESIAN_POINT('',(10.0329191260724,5.77992461577672,4.5));
#13375=CARTESIAN_POINT('',(10.0382750908008,5.77805079134884,4.5));
#13376=CARTESIAN_POINT('',(10.0437044243548,5.77725455758993,4.5));
#13377=CARTESIAN_POINT('',(10.0457862667269,5.77694924697292,4.5));
#13378=CARTESIAN_POINT('',(10.0478958892057,5.77679491924311,4.5));
#13379=CARTESIAN_POINT('',(10.05,5.77679491924311,4.5));
#13380=CARTESIAN_POINT('',(10.,5.83819660112501,4.5));
#13381=CARTESIAN_POINT('',(10.,5.75,4.5));
#13382=CARTESIAN_POINT('',(10.,8.16180339887499,4.5));
#13383=CARTESIAN_POINT('',(10.05,8.22320508075689,4.5));
#13384=CARTESIAN_POINT('',(10.0470640562502,8.22320508075689,4.5));
#13385=CARTESIAN_POINT('',(10.044113337042,8.22290285522723,4.5));
#13386=CARTESIAN_POINT('',(10.0412376625845,8.22231102576147,4.5));
#13387=CARTESIAN_POINT('',(10.0364798521431,8.22133184245911,4.5));
#13388=CARTESIAN_POINT('',(10.031833008606,8.21952618014138,4.5));
#13389=CARTESIAN_POINT('',(10.0276362318905,8.21708023955808,4.5));
#13390=CARTESIAN_POINT('',(10.0232876215015,8.21454580817118,4.5));
#13391=CARTESIAN_POINT('',(10.019313799624,8.21126784693773,4.5));
#13392=CARTESIAN_POINT('',(10.015932377117,8.20753961188611,4.5));
#13393=CARTESIAN_POINT('',(10.0122259280299,8.20345301419672,4.5));
#13394=CARTESIAN_POINT('',(10.0091420870915,8.19873745341105,4.5));
#13395=CARTESIAN_POINT('',(10.0067670442681,8.19375777298979,4.5));
#13396=CARTESIAN_POINT('',(10.0040350081207,8.18802959546812,4.5));
#13397=CARTESIAN_POINT('',(10.002175291292,8.18183335600114,4.5));
#13398=CARTESIAN_POINT('',(10.0011208841818,8.17557522010642,4.5));
#13399=CARTESIAN_POINT('',(10.0003556598497,8.17103344699607,4.5));
#13400=CARTESIAN_POINT('',(10.,8.16640918559002,4.5));
#13401=CARTESIAN_POINT('',(10.,8.16180339887499,4.5));
#13402=CARTESIAN_POINT('',(10.05,8.22320508075689,4.5));
#13403=CARTESIAN_POINT('',(10.05,11.5,4.5));
#13404=CARTESIAN_POINT('',(10.05,11.06,4.5));
#13405=CARTESIAN_POINT('',(10.85,11.06,4.5));
#13406=CARTESIAN_POINT('',(10.85,11.06,4.5));
#13407=CARTESIAN_POINT('',(10.85,11.5,4.5));
#13408=CARTESIAN_POINT('',(10.85,8.22320508075689,4.5));
#13409=CARTESIAN_POINT('',(10.85,8.22320508075689,4.5));
#13410=CARTESIAN_POINT('',(14.6,7.,4.5));
#13411=CARTESIAN_POINT('',(10.85,7.,12.5));
#13412=CARTESIAN_POINT('',(10.85,7.,11.6));
#13413=CARTESIAN_POINT('',(10.85,11.,5.1));
#13414=CARTESIAN_POINT('',(10.85,11.,5.1));
#13415=CARTESIAN_POINT('',(10.85,11.,5.6));
#13416=CARTESIAN_POINT('',(10.85,11.,5.4));
#13417=CARTESIAN_POINT('',(10.85,10.8,5.4));
#13418=CARTESIAN_POINT('',(10.85,10.8,5.6));
#13419=CARTESIAN_POINT('',(10.85,10.15,5.6));
#13420=CARTESIAN_POINT('',(10.85,10.15,5.6));
#13421=CARTESIAN_POINT('',(10.85,10.15,17.));
#13422=CARTESIAN_POINT('',(10.85,10.15,16.));
#13423=CARTESIAN_POINT('',(10.85,11.5,16.));
#13424=CARTESIAN_POINT('',(10.85,3.85,16.));
#13425=CARTESIAN_POINT('',(10.85,3.85,17.));
#13426=CARTESIAN_POINT('',(10.85,3.85,5.6));
#13427=CARTESIAN_POINT('',(10.85,3.85,5.6));
#13428=CARTESIAN_POINT('',(10.85,3.2,5.6));
#13429=CARTESIAN_POINT('',(10.85,3.2,5.4));
#13430=CARTESIAN_POINT('',(10.85,3.,5.4));
#13431=CARTESIAN_POINT('',(10.85,3.,5.6));
#13432=CARTESIAN_POINT('',(10.85,3.,5.1));
#13433=CARTESIAN_POINT('',(10.85,3.,5.09999999999999));
#13434=CARTESIAN_POINT('',(10.85,5.95,4.4));
#13435=CARTESIAN_POINT('',(10.85,5.95,4.6));
#13436=CARTESIAN_POINT('',(10.85,8.25,4.6));
#13437=CARTESIAN_POINT('',(10.85,8.05,4.6));
#13438=CARTESIAN_POINT('',(10.85,8.05,4.4));
#13439=CARTESIAN_POINT('',(10.85,11.5,5.6));
#13440=CARTESIAN_POINT('',(10.05,7.,12.5));
#13441=CARTESIAN_POINT('',(10.05,7.,11.6));
#13442=CARTESIAN_POINT('',(10.05,11.,5.1));
#13443=CARTESIAN_POINT('',(10.05,11.,5.1));
#13444=CARTESIAN_POINT('',(10.05,8.05,4.4));
#13445=CARTESIAN_POINT('',(10.05,8.05,4.6));
#13446=CARTESIAN_POINT('',(10.05,8.25,4.6));
#13447=CARTESIAN_POINT('',(10.05,5.95,4.6));
#13448=CARTESIAN_POINT('',(10.05,5.95,4.4));
#13449=CARTESIAN_POINT('',(10.05,3.,5.09999999999999));
#13450=CARTESIAN_POINT('',(10.05,3.,5.1));
#13451=CARTESIAN_POINT('',(10.05,3.,5.6));
#13452=CARTESIAN_POINT('',(10.05,3.,5.4));
#13453=CARTESIAN_POINT('',(10.05,3.2,5.4));
#13454=CARTESIAN_POINT('',(10.05,3.2,5.6));
#13455=CARTESIAN_POINT('',(10.05,3.85,5.6));
#13456=CARTESIAN_POINT('',(10.05,3.85,5.6));
#13457=CARTESIAN_POINT('',(10.05,3.85,17.));
#13458=CARTESIAN_POINT('',(10.05,3.85,16.));
#13459=CARTESIAN_POINT('',(10.05,9.15,16.));
#13460=CARTESIAN_POINT('',(10.05,10.15,16.));
#13461=CARTESIAN_POINT('',(10.05,10.15,17.));
#13462=CARTESIAN_POINT('',(10.05,10.15,5.6));
#13463=CARTESIAN_POINT('',(10.05,10.15,5.6));
#13464=CARTESIAN_POINT('',(10.05,10.8,5.6));
#13465=CARTESIAN_POINT('',(10.05,10.8,5.4));
#13466=CARTESIAN_POINT('',(10.05,11.,5.4));
#13467=CARTESIAN_POINT('',(10.05,11.,5.6));
#13468=CARTESIAN_POINT('',(10.05,11.5,5.6));
#13469=CARTESIAN_POINT('',(10.85,11.,5.1));
#13470=CARTESIAN_POINT('',(10.85,11.,5.1));
#13471=CARTESIAN_POINT('',(10.85,3.,5.09999999999999));
#13472=CARTESIAN_POINT('',(10.85,3.,5.09999999999999));
#13473=CARTESIAN_POINT('',(10.,8.05,4.4));
#13474=CARTESIAN_POINT('',(10.,8.05,4.55));
#13475=CARTESIAN_POINT('',(10.,5.95,4.4));
#13476=CARTESIAN_POINT('',(10.,5.95,4.55));
#13477=CARTESIAN_POINT('',(10.,5.75,4.55));
#13478=CARTESIAN_POINT('',(10.,5.75,2.6));
#13479=CARTESIAN_POINT('',(10.8,5.95,4.4));
#13480=CARTESIAN_POINT('',(10.8,5.95,4.6));
#13481=CARTESIAN_POINT('',(10.8,8.05,4.4));
#13482=CARTESIAN_POINT('',(10.8,8.05,4.6));
#13483=CARTESIAN_POINT('',(10.8,8.25,4.6));
#13484=CARTESIAN_POINT('',(10.8,8.25,4.6));
#13485=CARTESIAN_POINT('',(10.85,8.05,4.6));
#13486=CARTESIAN_POINT('',(10.85,8.05,4.4));
#13487=CARTESIAN_POINT('',(10.8,5.95,4.6));
#13488=CARTESIAN_POINT('',(10.85,5.95,4.4));
#13489=CARTESIAN_POINT('',(10.05,5.95,4.55));
#13490=CARTESIAN_POINT('',(10.05,5.95,4.4));
#13491=CARTESIAN_POINT('',(10.05,8.05,4.55));
#13492=CARTESIAN_POINT('',(10.05,8.05,4.4));
#13493=CARTESIAN_POINT('',(10.85,3.,5.4));
#13494=CARTESIAN_POINT('',(10.85,3.,5.6));
#13495=CARTESIAN_POINT('',(10.85,11.,5.4));
#13496=CARTESIAN_POINT('',(10.85,11.,5.6));
#13497=CARTESIAN_POINT('',(10.85,10.8,5.6));
#13498=CARTESIAN_POINT('',(10.85,10.15,5.6));
#13499=CARTESIAN_POINT('',(10.85,10.15,5.6));
#13500=CARTESIAN_POINT('',(10.85,3.2,5.6));
#13501=CARTESIAN_POINT('',(10.85,3.85,5.6));
#13502=CARTESIAN_POINT('',(10.85,3.85,5.6));
#13503=CARTESIAN_POINT('',(10.85,3.85,16.));
#13504=CARTESIAN_POINT('',(10.85,3.85,17.));
#13505=CARTESIAN_POINT('',(10.05,9.15,17.));
#13506=CARTESIAN_POINT('',(10.65,9.15,17.));
#13507=CARTESIAN_POINT('',(10.25,9.15,17.));
#13508=CARTESIAN_POINT('',(10.25,4.85,17.));
#13509=CARTESIAN_POINT('',(10.25,4.85,17.));
#13510=CARTESIAN_POINT('',(10.85,4.85,17.));
#13511=CARTESIAN_POINT('',(10.65,4.85,17.));
#13512=CARTESIAN_POINT('',(10.65,10.15,17.));
#13513=CARTESIAN_POINT('',(10.85,10.15,17.));
#13514=CARTESIAN_POINT('',(10.85,10.15,16.));
#13515=CARTESIAN_POINT('',(10.85,10.15,17.));
#13516=CARTESIAN_POINT('',(10.85,7.,12.5));
#13517=CARTESIAN_POINT('',(10.0656862745098,3.92843137254902,16.078431372549));
#13518=CARTESIAN_POINT('',(10.85,3.85,16.));
#13519=CARTESIAN_POINT('',(10.85,3.85,16.));
#13520=CARTESIAN_POINT('',(10.2617647058824,9.09117647058824,17.0588235294118));
#13521=CARTESIAN_POINT('',(10.6539215686275,9.16960784313726,16.9803921568627));
#13522=CARTESIAN_POINT('',(10.85,9.15,17.));
#13523=CARTESIAN_POINT('',(10.85,11.5,16.));
#13524=CARTESIAN_POINT('',(10.25,10.15,17.));
#13525=CARTESIAN_POINT('',(10.85,3.2,5.4));
#13526=CARTESIAN_POINT('',(10.85,10.8,5.4));
#13527=CARTESIAN_POINT('',(10.85,8.25,4.6));
#13528=CARTESIAN_POINT('',(10.05,8.25,4.55));
#13529=CARTESIAN_POINT('',(18.85,10.15,4.5));
#13530=CARTESIAN_POINT('',(18.85,11.01,4.5));
#13531=CARTESIAN_POINT('',(18.85,2.99,4.5));
#13532=CARTESIAN_POINT('',(18.85,2.99,4.5));
#13533=CARTESIAN_POINT('',(18.05,2.99,4.5));
#13534=CARTESIAN_POINT('',(18.05,10.15,4.5));
#13535=CARTESIAN_POINT('',(18.05,11.01,4.5));
#13536=CARTESIAN_POINT('',(18.85,11.01,4.5));
#13537=CARTESIAN_POINT('',(14.6,7.,4.5));
#13538=CARTESIAN_POINT('',(18.05,7.,12.5));
#13539=CARTESIAN_POINT('',(18.05,7.9,12.5));
#13540=CARTESIAN_POINT('',(18.05,11.,4.6));
#13541=CARTESIAN_POINT('',(18.05,11.,4.6));
#13542=CARTESIAN_POINT('',(18.05,3.,4.6));
#13543=CARTESIAN_POINT('',(18.05,3.,4.59999999999998));
#13544=CARTESIAN_POINT('',(18.05,3.,0.999999999999999));
#13545=CARTESIAN_POINT('',(18.05,3.,5.4));
#13546=CARTESIAN_POINT('',(18.05,3.2,5.4));
#13547=CARTESIAN_POINT('',(18.05,3.2,5.6));
#13548=CARTESIAN_POINT('',(18.05,3.,5.6));
#13549=CARTESIAN_POINT('',(18.05,3.85,5.6));
#13550=CARTESIAN_POINT('',(18.05,3.85,5.6));
#13551=CARTESIAN_POINT('',(18.05,3.85,15.8));
#13552=CARTESIAN_POINT('',(18.05,-0.400000000000003,11.55));
#13553=CARTESIAN_POINT('',(18.05,4.05,16.));
#13554=CARTESIAN_POINT('',(18.05,8.95,16.));
#13555=CARTESIAN_POINT('',(18.05,9.94999999999998,16.));
#13556=CARTESIAN_POINT('',(18.05,17.55,8.4));
#13557=CARTESIAN_POINT('',(18.05,10.15,15.8));
#13558=CARTESIAN_POINT('',(18.05,10.15,5.6));
#13559=CARTESIAN_POINT('',(18.05,10.15,5.6));
#13560=CARTESIAN_POINT('',(18.05,11.,5.6));
#13561=CARTESIAN_POINT('',(18.05,10.8,5.6));
#13562=CARTESIAN_POINT('',(18.05,10.8,5.4));
#13563=CARTESIAN_POINT('',(18.05,11.,5.4));
#13564=CARTESIAN_POINT('',(18.05,11.,0.999999999999999));
#13565=CARTESIAN_POINT('',(18.05,10.15,0.999999999999999));
#13566=CARTESIAN_POINT('',(18.85,7.,12.5));
#13567=CARTESIAN_POINT('',(18.85,7.9,12.5));
#13568=CARTESIAN_POINT('',(18.85,11.,4.6));
#13569=CARTESIAN_POINT('',(18.85,11.,4.60000000000001));
#13570=CARTESIAN_POINT('',(18.85,11.,0.999999999999999));
#13571=CARTESIAN_POINT('',(18.85,11.,5.4));
#13572=CARTESIAN_POINT('',(18.85,10.8,5.4));
#13573=CARTESIAN_POINT('',(18.85,10.8,5.6));
#13574=CARTESIAN_POINT('',(18.85,11.,5.6));
#13575=CARTESIAN_POINT('',(18.85,10.15,5.6));
#13576=CARTESIAN_POINT('',(18.85,10.15,5.6));
#13577=CARTESIAN_POINT('',(18.85,10.15,15.8));
#13578=CARTESIAN_POINT('',(18.85,10.15,15.8));
#13579=CARTESIAN_POINT('',(18.85,9.95,16.));
#13580=CARTESIAN_POINT('',(18.85,10.15,16.));
#13581=CARTESIAN_POINT('',(18.85,4.05,16.));
#13582=CARTESIAN_POINT('',(18.85,5.05,17.));
#13583=CARTESIAN_POINT('',(18.85,3.85,15.8));
#13584=CARTESIAN_POINT('',(18.85,3.85,5.6));
#13585=CARTESIAN_POINT('',(18.85,3.85,5.6));
#13586=CARTESIAN_POINT('',(18.85,3.,5.6));
#13587=CARTESIAN_POINT('',(18.85,3.2,5.6));
#13588=CARTESIAN_POINT('',(18.85,3.2,5.4));
#13589=CARTESIAN_POINT('',(18.85,3.,5.4));
#13590=CARTESIAN_POINT('',(18.85,3.,0.999999999999999));
#13591=CARTESIAN_POINT('',(18.85,3.,4.6));
#13592=CARTESIAN_POINT('',(18.85,3.,4.6));
#13593=CARTESIAN_POINT('',(18.85,10.15,0.999999999999999));
#13594=CARTESIAN_POINT('',(18.85,3.,4.6));
#13595=CARTESIAN_POINT('',(18.85,3.,4.6));
#13596=CARTESIAN_POINT('',(18.85,11.,4.6));
#13597=CARTESIAN_POINT('',(18.85,11.,4.6));
#13598=CARTESIAN_POINT('',(18.05,11.,5.4));
#13599=CARTESIAN_POINT('',(18.05,11.,0.999999999999999));
#13600=CARTESIAN_POINT('',(18.05,3.,5.4));
#13601=CARTESIAN_POINT('',(18.05,3.,0.999999999999999));
#13602=CARTESIAN_POINT('',(18.05,10.8,5.6));
#13603=CARTESIAN_POINT('',(18.05,10.15,5.6));
#13604=CARTESIAN_POINT('',(18.05,11.,5.6));
#13605=CARTESIAN_POINT('',(18.85,10.15,15.8));
#13606=CARTESIAN_POINT('',(18.05,10.15,5.6));
#13607=CARTESIAN_POINT('',(18.05,8.95,17.));
#13608=CARTESIAN_POINT('',(18.65,8.95,17.));
#13609=CARTESIAN_POINT('',(18.25,8.95,17.));
#13610=CARTESIAN_POINT('',(18.25,5.05,17.));
#13611=CARTESIAN_POINT('',(18.25,5.05,17.));
#13612=CARTESIAN_POINT('',(18.05,5.05,17.));
#13613=CARTESIAN_POINT('',(18.65,5.05,17.));
#13614=CARTESIAN_POINT('',(18.65,3.85,17.));
#13615=CARTESIAN_POINT('',(18.05,3.85,17.));
#13616=CARTESIAN_POINT('',(18.05,3.85,15.8));
#13617=CARTESIAN_POINT('',(18.05,3.85,5.6));
#13618=CARTESIAN_POINT('',(18.05,3.85,5.6));
#13619=CARTESIAN_POINT('',(18.05,3.2,5.6));
#13620=CARTESIAN_POINT('',(18.05,3.,5.6));
#13621=CARTESIAN_POINT('',(18.85,7.,12.5));
#13622=CARTESIAN_POINT('',(18.05,3.2,5.4));
#13623=CARTESIAN_POINT('',(18.05,10.8,5.4));
#13624=CARTESIAN_POINT('',(18.2460784313725,5.03039215686275,16.9803921568627));
#13625=CARTESIAN_POINT('',(18.6382352941176,5.10882352941177,17.0588235294118));
#13626=CARTESIAN_POINT('',(18.05,5.05,17.));
#13627=CARTESIAN_POINT('',(18.0107843137255,10.1460784313725,15.8039215686275));
#13628=CARTESIAN_POINT('',(18.8735294117647,10.0676470588235,15.8823529411765));
#13629=CARTESIAN_POINT('',(18.05,10.15,15.8));
#13630=CARTESIAN_POINT('',(18.65,3.85,17.));
#13631=CARTESIAN_POINT('',(18.25,3.85,17.));
#13632=CARTESIAN_POINT('',(2.05,6.6,5.));
#13633=CARTESIAN_POINT('',(2.05,6.6,5.));
#13634=CARTESIAN_POINT('',(2.05,6.6,4.5));
#13635=CARTESIAN_POINT('',(2.05,7.4,4.5));
#13636=CARTESIAN_POINT('',(2.05,7.4,4.5));
#13637=CARTESIAN_POINT('',(2.05,7.4,5.));
#13638=CARTESIAN_POINT('',(2.05,7.4,5.));
#13639=CARTESIAN_POINT('',(2.05,7.4,5.));
#13640=CARTESIAN_POINT('',(2.05,7.4,5.));
#13641=CARTESIAN_POINT('',(6.85,7.4,5.));
#13642=CARTESIAN_POINT('',(6.85,7.4,5.));
#13643=CARTESIAN_POINT('',(6.85,7.4,4.5));
#13644=CARTESIAN_POINT('',(6.85,6.6,4.5));
#13645=CARTESIAN_POINT('',(6.85,6.6,4.5));
#13646=CARTESIAN_POINT('',(6.85,6.6,5.));
#13647=CARTESIAN_POINT('',(6.85,6.6,5.));
#13648=CARTESIAN_POINT('',(6.85,6.6,5.));
#13649=CARTESIAN_POINT('',(6.85,6.6,5.));
#13650=CARTESIAN_POINT('',(6.85,2.1,5.));
#13651=CARTESIAN_POINT('',(6.85,2.1,5.));
#13652=CARTESIAN_POINT('',(6.85,2.1,4.5));
#13653=CARTESIAN_POINT('',(2.05,2.1,4.5));
#13654=CARTESIAN_POINT('',(2.05,2.1,4.5));
#13655=CARTESIAN_POINT('',(2.05,2.1,5.));
#13656=CARTESIAN_POINT('',(2.05,2.1,5.));
#13657=CARTESIAN_POINT('',(2.05,2.1,5.));
#13658=CARTESIAN_POINT('',(2.05,2.1,5.));
#13659=CARTESIAN_POINT('',(6.85,2.9,5.));
#13660=CARTESIAN_POINT('',(6.85,2.9,5.));
#13661=CARTESIAN_POINT('',(6.85,2.9,4.5));
#13662=CARTESIAN_POINT('',(6.85,2.1,4.5));
#13663=CARTESIAN_POINT('',(6.85,2.1,5.));
#13664=CARTESIAN_POINT('',(6.85,2.1,5.));
#13665=CARTESIAN_POINT('',(2.05,2.9,5.));
#13666=CARTESIAN_POINT('',(2.05,2.9,5.));
#13667=CARTESIAN_POINT('',(2.05,2.9,4.5));
#13668=CARTESIAN_POINT('',(6.85,2.9,4.5));
#13669=CARTESIAN_POINT('',(6.85,2.9,5.));
#13670=CARTESIAN_POINT('',(6.85,2.9,5.));
#13671=CARTESIAN_POINT('',(2.05,2.9,4.5));
#13672=CARTESIAN_POINT('',(2.05,2.9,5.));
#13673=CARTESIAN_POINT('',(2.05,2.9,5.));
#13674=CARTESIAN_POINT('',(2.05,11.1,5.));
#13675=CARTESIAN_POINT('',(2.05,11.1,5.));
#13676=CARTESIAN_POINT('',(2.05,11.1,4.5));
#13677=CARTESIAN_POINT('',(2.05,11.9,4.5));
#13678=CARTESIAN_POINT('',(2.05,11.9,4.5));
#13679=CARTESIAN_POINT('',(2.05,11.9,5.));
#13680=CARTESIAN_POINT('',(2.05,11.9,5.));
#13681=CARTESIAN_POINT('',(2.05,11.9,5.));
#13682=CARTESIAN_POINT('',(2.05,11.9,5.));
#13683=CARTESIAN_POINT('',(6.85,11.1,5.));
#13684=CARTESIAN_POINT('',(6.85,11.1,5.));
#13685=CARTESIAN_POINT('',(6.85,11.1,4.5));
#13686=CARTESIAN_POINT('',(2.05,11.1,4.5));
#13687=CARTESIAN_POINT('',(2.05,11.1,5.));
#13688=CARTESIAN_POINT('',(2.05,11.1,5.));
#13689=CARTESIAN_POINT('',(6.85,11.9,5.));
#13690=CARTESIAN_POINT('',(6.85,11.9,5.));
#13691=CARTESIAN_POINT('',(6.85,11.9,4.5));
#13692=CARTESIAN_POINT('',(6.85,11.1,4.5));
#13693=CARTESIAN_POINT('',(6.85,11.1,5.));
#13694=CARTESIAN_POINT('',(6.85,11.1,5.));
#13695=CARTESIAN_POINT('',(6.85,11.9,4.5));
#13696=CARTESIAN_POINT('',(6.85,11.9,5.));
#13697=CARTESIAN_POINT('',(6.85,11.9,5.));
#13698=CARTESIAN_POINT('',(2.05,6.6,4.5));
#13699=CARTESIAN_POINT('',(2.05,6.6,5.));
#13700=CARTESIAN_POINT('',(2.05,6.6,5.));
#13701=CARTESIAN_POINT('',(6.85,7.4,4.5));
#13702=CARTESIAN_POINT('',(6.85,7.4,5.));
#13703=CARTESIAN_POINT('',(6.85,7.4,5.));
#13704=CARTESIAN_POINT('',(18.05,3.,5.));
#13705=CARTESIAN_POINT('',(18.05,3.,5.));
#13706=CARTESIAN_POINT('',(18.05,3.,4.5));
#13707=CARTESIAN_POINT('',(18.05,11.,4.5));
#13708=CARTESIAN_POINT('',(18.05,11.,4.5));
#13709=CARTESIAN_POINT('',(18.05,11.,5.));
#13710=CARTESIAN_POINT('',(18.05,11.,5.));
#13711=CARTESIAN_POINT('',(18.05,11.,5.));
#13712=CARTESIAN_POINT('',(18.05,11.,5.));
#13713=CARTESIAN_POINT('',(18.85,3.,5.));
#13714=CARTESIAN_POINT('',(18.85,3.,5.));
#13715=CARTESIAN_POINT('',(18.85,3.,4.5));
#13716=CARTESIAN_POINT('',(18.05,3.,4.5));
#13717=CARTESIAN_POINT('',(18.05,3.,5.));
#13718=CARTESIAN_POINT('',(18.05,3.,5.));
#13719=CARTESIAN_POINT('',(18.85,11.,5.));
#13720=CARTESIAN_POINT('',(18.85,11.,5.));
#13721=CARTESIAN_POINT('',(18.85,11.,4.5));
#13722=CARTESIAN_POINT('',(18.85,3.,4.5));
#13723=CARTESIAN_POINT('',(18.85,3.,5.));
#13724=CARTESIAN_POINT('',(18.85,3.,5.));
#13725=CARTESIAN_POINT('',(18.85,11.,4.5));
#13726=CARTESIAN_POINT('',(18.85,11.,5.));
#13727=CARTESIAN_POINT('',(18.85,11.,5.));
#13728=CARTESIAN_POINT('',(10.85,11.,5.));
#13729=CARTESIAN_POINT('',(10.85,11.,5.));
#13730=CARTESIAN_POINT('',(10.85,11.,4.5));
#13731=CARTESIAN_POINT('',(10.85,3.,4.5));
#13732=CARTESIAN_POINT('',(10.85,3.,4.5));
#13733=CARTESIAN_POINT('',(10.85,3.,5.));
#13734=CARTESIAN_POINT('',(10.85,3.,5.));
#13735=CARTESIAN_POINT('',(10.85,3.,5.));
#13736=CARTESIAN_POINT('',(10.85,3.,5.));
#13737=CARTESIAN_POINT('',(10.05,11.,5.));
#13738=CARTESIAN_POINT('',(10.05,11.,5.));
#13739=CARTESIAN_POINT('',(10.05,11.,4.5));
#13740=CARTESIAN_POINT('',(10.85,11.,4.5));
#13741=CARTESIAN_POINT('',(10.85,11.,5.));
#13742=CARTESIAN_POINT('',(10.85,11.,5.));
#13743=CARTESIAN_POINT('',(10.05,3.,5.));
#13744=CARTESIAN_POINT('',(10.05,3.,5.));
#13745=CARTESIAN_POINT('',(10.05,3.,4.5));
#13746=CARTESIAN_POINT('',(10.05,11.,4.5));
#13747=CARTESIAN_POINT('',(10.05,11.,5.));
#13748=CARTESIAN_POINT('',(10.05,11.,5.));
#13749=CARTESIAN_POINT('',(10.05,3.,4.5));
#13750=CARTESIAN_POINT('',(10.05,3.,5.));
#13751=CARTESIAN_POINT('',(10.05,3.,5.));
#13752=CARTESIAN_POINT('',(7.95,13.25,3.97904753830495));
#13753=CARTESIAN_POINT('',(7.95,13.25,4.5));
#13754=CARTESIAN_POINT('',(7.95,13.25,5.));
#13755=CARTESIAN_POINT('',(4.45,13.25,4.5));
#13756=CARTESIAN_POINT('',(4.45,13.25,4.5));
#13757=CARTESIAN_POINT('',(4.45,13.25,3.97904753830495));
#13758=CARTESIAN_POINT('',(4.45,13.25,5.));
#13759=CARTESIAN_POINT('',(4.45,13.25,5.));
#13760=CARTESIAN_POINT('',(4.45,13.25,3.97904753830495));
#13761=CARTESIAN_POINT('',(4.45,13.85,4.5));
#13762=CARTESIAN_POINT('',(4.45,13.85,4.5));
#13763=CARTESIAN_POINT('',(4.45,13.35,4.5));
#13764=CARTESIAN_POINT('',(4.45,13.35,5.));
#13765=CARTESIAN_POINT('',(4.45,13.25,5.));
#13766=CARTESIAN_POINT('',(4.45,13.85,5.));
#13767=CARTESIAN_POINT('',(7.95,13.85,4.5));
#13768=CARTESIAN_POINT('',(7.95,13.85,4.5));
#13769=CARTESIAN_POINT('',(7.95,13.25,5.));
#13770=CARTESIAN_POINT('',(7.95,13.35,5.));
#13771=CARTESIAN_POINT('',(7.95,13.35,4.5));
#13772=CARTESIAN_POINT('',(7.95,13.85,5.));
#13773=CARTESIAN_POINT('',(16.45,13.25,4.5));
#13774=CARTESIAN_POINT('',(12.95,13.25,4.5));
#13775=CARTESIAN_POINT('',(16.45,13.25,4.5));
#13776=CARTESIAN_POINT('',(12.95,13.25,3.97904753830495));
#13777=CARTESIAN_POINT('',(12.95,13.25,5.));
#13778=CARTESIAN_POINT('',(16.45,13.25,5.));
#13779=CARTESIAN_POINT('',(16.45,13.25,5.));
#13780=CARTESIAN_POINT('',(16.45,13.25,3.97904753830495));
#13781=CARTESIAN_POINT('',(16.45,13.25,3.97904753830495));
#13782=CARTESIAN_POINT('',(16.45,13.35,4.5));
#13783=CARTESIAN_POINT('',(16.45,13.85,4.5));
#13784=CARTESIAN_POINT('',(16.45,13.35,5.));
#13785=CARTESIAN_POINT('',(16.45,13.85,4.5));
#13786=CARTESIAN_POINT('',(16.45,13.25,5.));
#13787=CARTESIAN_POINT('',(16.45,13.85,5.));
#13788=CARTESIAN_POINT('',(12.95,13.85,4.5));
#13789=CARTESIAN_POINT('',(12.95,13.85,4.5));
#13790=CARTESIAN_POINT('',(12.95,13.35,4.5));
#13791=CARTESIAN_POINT('',(12.95,13.35,5.));
#13792=CARTESIAN_POINT('',(12.95,13.25,5.));
#13793=CARTESIAN_POINT('',(12.95,13.85,5.));
#13794=CARTESIAN_POINT('',(4.45,0.749999999999994,3.97904753830495));
#13795=CARTESIAN_POINT('',(4.45,0.749999999999994,4.5));
#13796=CARTESIAN_POINT('',(4.45,0.749999999999995,5.));
#13797=CARTESIAN_POINT('',(4.45,0.749999999999994,4.5));
#13798=CARTESIAN_POINT('',(7.95,0.749999999999994,4.5));
#13799=CARTESIAN_POINT('',(7.95,0.749999999999994,3.97904753830495));
#13800=CARTESIAN_POINT('',(7.95,0.749999999999995,5.));
#13801=CARTESIAN_POINT('',(4.45,0.749999999999995,5.));
#13802=CARTESIAN_POINT('',(4.45,0.749999999999994,3.97904753830495));
#13803=CARTESIAN_POINT('',(4.45,0.65,4.5));
#13804=CARTESIAN_POINT('',(4.45,0.149999999999996,4.5));
#13805=CARTESIAN_POINT('',(4.45,0.65,5.));
#13806=CARTESIAN_POINT('',(4.45,0.149999999999996,4.5));
#13807=CARTESIAN_POINT('',(4.45,0.749999999999995,5.));
#13808=CARTESIAN_POINT('',(4.45,0.149999999999996,5.));
#13809=CARTESIAN_POINT('',(7.95,0.149999999999996,4.5));
#13810=CARTESIAN_POINT('',(7.95,0.149999999999999,4.5));
#13811=CARTESIAN_POINT('',(7.95,0.65,4.5));
#13812=CARTESIAN_POINT('',(7.95,0.65,5.));
#13813=CARTESIAN_POINT('',(7.95,0.749999999999995,5.));
#13814=CARTESIAN_POINT('',(7.95,0.149999999999996,5.));
#13815=CARTESIAN_POINT('',(16.45,0.749999999999994,4.5));
#13816=CARTESIAN_POINT('',(16.45,0.749999999999994,4.5));
#13817=CARTESIAN_POINT('',(12.95,0.749999999999994,4.5));
#13818=CARTESIAN_POINT('',(16.45,0.749999999999994,3.97904753830495));
#13819=CARTESIAN_POINT('',(16.45,0.749999999999995,5.));
#13820=CARTESIAN_POINT('',(16.45,0.749999999999995,5.));
#13821=CARTESIAN_POINT('',(12.95,0.749999999999995,5.));
#13822=CARTESIAN_POINT('',(12.95,0.749999999999994,3.97904753830495));
#13823=CARTESIAN_POINT('',(16.45,0.749999999999994,3.97904753830495));
#13824=CARTESIAN_POINT('',(16.45,0.149999999999996,4.5));
#13825=CARTESIAN_POINT('',(16.45,0.149999999999996,4.5));
#13826=CARTESIAN_POINT('',(16.45,0.65,4.5));
#13827=CARTESIAN_POINT('',(16.45,0.65,5.));
#13828=CARTESIAN_POINT('',(16.45,0.749999999999995,5.));
#13829=CARTESIAN_POINT('',(16.45,0.149999999999996,5.));
#13830=CARTESIAN_POINT('',(12.95,0.149999999999996,4.5));
#13831=CARTESIAN_POINT('',(12.95,0.149999999999996,4.5));
#13832=CARTESIAN_POINT('',(12.95,0.749999999999995,5.));
#13833=CARTESIAN_POINT('',(12.95,0.65,5.));
#13834=CARTESIAN_POINT('',(12.95,0.65,4.5));
#13835=CARTESIAN_POINT('',(12.95,0.149999999999996,5.));
#13836=CARTESIAN_POINT('',(16.85,6.1,5.7));
#13837=CARTESIAN_POINT('',(16.85,6.4,5.7));
#13838=CARTESIAN_POINT('',(16.85,7.6,5.7));
#13839=CARTESIAN_POINT('',(16.55,7.6,5.7));
#13840=CARTESIAN_POINT('',(16.55,7.9,5.7));
#13841=CARTESIAN_POINT('',(16.85,7.9,5.7));
#13842=CARTESIAN_POINT('',(13.15,7.9,5.7));
#13843=CARTESIAN_POINT('',(13.15,7.6,5.7));
#13844=CARTESIAN_POINT('',(12.85,7.6,5.7));
#13845=CARTESIAN_POINT('',(12.85,7.9,5.7));
#13846=CARTESIAN_POINT('',(12.85,6.4,5.7));
#13847=CARTESIAN_POINT('',(13.15,6.4,5.7));
#13848=CARTESIAN_POINT('',(13.15,6.1,5.7));
#13849=CARTESIAN_POINT('',(12.85,6.1,5.7));
#13850=CARTESIAN_POINT('',(16.55,6.1,5.7));
#13851=CARTESIAN_POINT('',(16.55,6.4,5.7));
#13852=CARTESIAN_POINT('',(15.9904998724815,7.0698281590993,5.7));
#13853=CARTESIAN_POINT('',(15.9904998724815,6.98689758604097,5.7));
#13854=CARTESIAN_POINT('',(16.0122800306044,6.91907332554716,5.7));
#13855=CARTESIAN_POINT('',(16.1008288701862,6.81487059806123,5.7));
#13856=CARTESIAN_POINT('',(16.1568859984698,6.78866577014316,5.7));
#13857=CARTESIAN_POINT('',(16.2879239989799,6.78866577014316,5.7));
#13858=CARTESIAN_POINT('',(16.3414817648559,6.80962963247761,5.7));
#13859=CARTESIAN_POINT('',(16.4284486155941,6.89395255944602,5.7));
#13860=CARTESIAN_POINT('',(16.4503825554705,6.94651132183784,5.7));
#13861=CARTESIAN_POINT('',(16.4503825554705,7.06551206979515,5.7));
#13862=CARTESIAN_POINT('',(16.4318158633002,7.1117558837682,5.7));
#13863=CARTESIAN_POINT('',(16.395039530732,7.14813435076033,5.7));
#13864=CARTESIAN_POINT('',(15.9904998724815,7.0698281590993,5.7));
#13865=CARTESIAN_POINT('',(16.395039530732,7.14813435076033,5.7));
#13866=CARTESIAN_POINT('',(16.395039530732,7.14813435076033,5.7));
#13867=CARTESIAN_POINT('',(16.3579061463912,7.18451281775247,5.7));
#13868=CARTESIAN_POINT('',(16.3018490181076,7.21565031916099,5.7));
#13869=CARTESIAN_POINT('',(16.2261540423361,7.24154685498589,5.7));
#13870=CARTESIAN_POINT('',(16.2261540423361,7.24154685498589,5.7));
#13871=CARTESIAN_POINT('',(16.2261540423361,7.30305112757005,5.7));
#13872=CARTESIAN_POINT('',(16.2261540423361,7.3645554001542,5.7));
#13873=CARTESIAN_POINT('',(16.2261540423361,7.3645554001542,5.7));
#13874=CARTESIAN_POINT('',(16.3418388166284,7.34205007735399,5.7));
#13875=CARTESIAN_POINT('',(16.4307447079827,7.29919747640563,5.7));
#13876=CARTESIAN_POINT('',(16.5542846212701,7.17218113402632,5.7));
#13877=CARTESIAN_POINT('',(16.5849910737057,7.09664957120367,5.7));
#13878=CARTESIAN_POINT('',(16.5849910737057,6.91383235996355,5.7));
#13879=CARTESIAN_POINT('',(16.55,6.83213495527783,5.7));
#13880=CARTESIAN_POINT('',(16.409506397796,6.69666462317059,5.7));
#13881=CARTESIAN_POINT('',(16.3243432797756,6.66257430404332,5.7));
#13882=CARTESIAN_POINT('',(16.1033282325937,6.66257430404332,5.7));
#13883=CARTESIAN_POINT('',(16.0079954093344,6.71405908359998,5.7));
#13884=CARTESIAN_POINT('',(15.9376562101505,6.81733693480645,5.7));
#13885=CARTESIAN_POINT('',(15.9376562101505,6.81733693480645,5.7));
#13886=CARTESIAN_POINT('',(15.9376562101505,6.81733693480645,5.7));
#13887=CARTESIAN_POINT('',(15.9037362917623,6.74673804547427,5.7));
#13888=CARTESIAN_POINT('',(15.8533919918388,6.69186205289291,5.7));
#13889=CARTESIAN_POINT('',(15.7197207597761,6.61409456278586,5.7));
#13890=CARTESIAN_POINT('',(15.6466590155573,6.59505833564267,5.7));
#13891=CARTESIAN_POINT('',(15.4438536087733,6.59505833564267,5.7));
#13892=CARTESIAN_POINT('',(15.3374521805662,6.63421143147318,5.7));
#13893=CARTESIAN_POINT('',(15.1594384603039,6.79038439215357,5.7));
#13894=CARTESIAN_POINT('',(15.1150089262943,6.88855240832495,5.7));
#13895=CARTESIAN_POINT('',(15.1150089262943,7.11298905214082,5.7));
#13896=CARTESIAN_POINT('',(15.1496429482275,7.19992742241015,5.7));
#13897=CARTESIAN_POINT('',(15.2887391811838,7.33727367459709,5.7));
#13898=CARTESIAN_POINT('',(15.3902958428972,7.38243634155712,5.7));
#13899=CARTESIAN_POINT('',(15.5241902575874,7.40494166435733,5.7));
#13900=CARTESIAN_POINT('',(15.5241902575874,7.40494166435733,5.7));
#13901=CARTESIAN_POINT('',(15.5241902575874,7.34605787456498,5.7));
#13902=CARTESIAN_POINT('',(15.5241902575874,7.28717408477264,5.7));
#13903=CARTESIAN_POINT('',(15.5241902575874,7.28717408477264,5.7));
#13904=CARTESIAN_POINT('',(15.4320709002805,7.26559363825188,5.7));
#13905=CARTESIAN_POINT('',(15.3635169599592,7.23291467637759,5.7));
#13906=CARTESIAN_POINT('',(15.2737204581497,7.14430471275775,5.7));
#13907=CARTESIAN_POINT('',(15.251402703392,7.08339301119807,5.7));
#13908=CARTESIAN_POINT('',(15.251402703392,6.92184795438555,5.7));
#13909=CARTESIAN_POINT('',(15.2813950522826,6.85217394133282,5.7));
#13910=CARTESIAN_POINT('',(15.4006899748127,6.74176869467646,5.7));
#13911=CARTESIAN_POINT('',(15.4724177505738,6.71467566778629,5.7));
#13912=CARTESIAN_POINT('',(15.6491583779648,6.71467566778629,5.7));
#13913=CARTESIAN_POINT('',(15.7227110431013,6.74488829291535,5.7));
#13914=CARTESIAN_POINT('',(15.8309430935091,6.86600657919014,5.7));
#13915=CARTESIAN_POINT('',(15.8591048201989,6.95421862416668,5.7));
#13916=CARTESIAN_POINT('',(15.8616041826065,7.0698281590993,5.7));
#13917=CARTESIAN_POINT('',(15.8616041826065,7.0698281590993,5.7));
#13918=CARTESIAN_POINT('',(15.926052027544,7.0698281590993,5.7));
#13919=CARTESIAN_POINT('',(14.2029456771232,7.21549617311441,5.7));
#13920=CARTESIAN_POINT('',(14.55,7.15923286611387,5.7));
#13921=CARTESIAN_POINT('',(13.8558913542464,7.27175948011496,5.7));
#13922=CARTESIAN_POINT('',(14.55,6.89733873297983,5.7));
#13923=CARTESIAN_POINT('',(14.55,6.6354445998458,5.7));
#13924=CARTESIAN_POINT('',(14.4837668961999,6.6354445998458,5.7));
#13925=CARTESIAN_POINT('',(14.4175337923999,6.6354445998458,5.7));
#13926=CARTESIAN_POINT('',(14.4175337923999,6.85094077296021,5.7));
#13927=CARTESIAN_POINT('',(14.4175337923999,7.06643694607462,5.7));
#13928=CARTESIAN_POINT('',(14.2263325682224,7.09680371725026,5.7));
#13929=CARTESIAN_POINT('',(14.0351313440449,7.12717048842589,5.7));
#13930=CARTESIAN_POINT('',(13.4891991838817,7.39476802528327,5.7));
#13931=CARTESIAN_POINT('',(13.3735144095894,7.38120317318451,5.7));
#13932=CARTESIAN_POINT('',(13.2822897678354,7.34033034104691,5.7));
#13933=CARTESIAN_POINT('',(13.1482147411375,7.20486009590061,5.7));
#13934=CARTESIAN_POINT('',(13.1150089262943,7.12254610702858,5.7));
#13935=CARTESIAN_POINT('',(13.1150089262943,6.89934263158533,5.7));
#13936=CARTESIAN_POINT('',(13.1622826237758,6.79747304242658,5.7));
#13937=CARTESIAN_POINT('',(13.3503060443764,6.64376848636095,5.7));
#13938=CARTESIAN_POINT('',(13.4663478704412,6.60523197471674,5.7));
#13939=CARTESIAN_POINT('',(13.7369931140015,6.60523197471674,5.7));
#13940=CARTESIAN_POINT('',(13.8463937176333,6.64051047827514,5.7));
#13941=CARTESIAN_POINT('',(14.0194210660546,6.78188334409379,5.7));
#13942=CARTESIAN_POINT('',(14.0626243305279,6.87005488273573,5.7));
#13943=CARTESIAN_POINT('',(14.0626243305279,7.0226594688468,5.7));
#13944=CARTESIAN_POINT('',(14.0533409844427,7.073219372124,5.7));
#13945=CARTESIAN_POINT('',(14.0351313440449,7.12717048842589,5.7));
#13946=CARTESIAN_POINT('',(13.4891991838817,7.39476802528327,5.7));
#13947=CARTESIAN_POINT('',(13.4891991838817,7.33326375269911,5.7));
#13948=CARTESIAN_POINT('',(13.4891991838817,7.27175948011496,5.7));
#13949=CARTESIAN_POINT('',(13.8558913542464,7.27175948011496,5.7));
#13950=CARTESIAN_POINT('',(13.9051644988523,7.17310601030578,5.7));
#13951=CARTESIAN_POINT('',(13.9298010711553,7.08555105585014,5.7));
#13952=CARTESIAN_POINT('',(13.9298010711553,6.92277283066501,5.7));
#13953=CARTESIAN_POINT('',(13.8996617013727,6.85450796929791,5.7));
#13954=CARTESIAN_POINT('',(13.7787681713849,6.7532121794305,5.7));
#13955=CARTESIAN_POINT('',(13.7016449885233,6.72824051988505,5.7));
#13956=CARTESIAN_POINT('',(13.505623565417,6.72824051988505,5.7));
#13957=CARTESIAN_POINT('',(13.4197260511669,6.75709284515286,5.7));
#13958=CARTESIAN_POINT('',(13.2817521040551,6.87252121948096,5.7));
#13959=CARTESIAN_POINT('',(13.2474751338944,6.94127035625423,5.7));
#13960=CARTESIAN_POINT('',(13.2474751338944,7.08154325863915,5.7));
#13961=CARTESIAN_POINT('',(13.2682277361246,7.13483844184094,5.7));
#13962=CARTESIAN_POINT('',(13.351377199694,7.22705712660767,5.7));
#13963=CARTESIAN_POINT('',(13.4113618974751,7.25726975173673,5.7));
#13964=CARTESIAN_POINT('',(13.4891991838817,7.27175948011496,5.7));
#13965=CARTESIAN_POINT('',(16.85,6.1,5.7));
#13966=CARTESIAN_POINT('',(7.9256312165264,7.1330280381958,5.7));
#13967=CARTESIAN_POINT('',(7.9256312165264,6.84354176272451,5.7));
#13968=CARTESIAN_POINT('',(7.9256312165264,7.42251431366709,5.7));
#13969=CARTESIAN_POINT('',(8.48031114511605,7.08508861771041,5.7));
#13970=CARTESIAN_POINT('',(9.03499107370569,6.74766292175372,5.7));
#13971=CARTESIAN_POINT('',(9.03499107370569,6.74766292175372,5.7));
#13972=CARTESIAN_POINT('',(8.71007396072431,6.72392443058089,5.7));
#13973=CARTESIAN_POINT('',(8.38515684774293,6.72392443058089,5.7));
#13974=CARTESIAN_POINT('',(8.06023973476154,6.72392443058089,5.7));
#13975=CARTESIAN_POINT('',(8.06023973476154,6.72392443058089,5.7));
#13976=CARTESIAN_POINT('',(8.06023973476154,6.6507050584569,5.7));
#13977=CARTESIAN_POINT('',(8.06023973476154,6.5774856863329,5.7));
#13978=CARTESIAN_POINT('',(7.99293547564397,6.5774856863329,5.7));
#13979=CARTESIAN_POINT('',(7.9256312165264,6.5774856863329,5.7));
#13980=CARTESIAN_POINT('',(7.9256312165264,6.6507050584569,5.7));
#13981=CARTESIAN_POINT('',(7.9256312165264,6.72392443058089,5.7));
#13982=CARTESIAN_POINT('',(7.7628156082632,6.72392443058089,5.7));
#13983=CARTESIAN_POINT('',(7.6,6.72392443058089,5.7));
#13984=CARTESIAN_POINT('',(7.6,6.7837330966527,5.7));
#13985=CARTESIAN_POINT('',(7.6,6.84354176272451,5.7));
#13986=CARTESIAN_POINT('',(7.7628156082632,6.84354176272451,5.7));
#13987=CARTESIAN_POINT('',(7.45,5.2,5.7));
#13988=CARTESIAN_POINT('',(7.45,5.7,5.7));
#13989=CARTESIAN_POINT('',(7.45,8.3,5.7));
#13990=CARTESIAN_POINT('',(7.95,5.7,5.7));
#13991=CARTESIAN_POINT('',(7.95,5.2,5.7));
#13992=CARTESIAN_POINT('',(9.25,5.2,5.7));
#13993=CARTESIAN_POINT('',(8.75,5.2,5.7));
#13994=CARTESIAN_POINT('',(8.75,5.7,5.7));
#13995=CARTESIAN_POINT('',(9.25,5.7,5.7));
#13996=CARTESIAN_POINT('',(9.25,8.8,5.7));
#13997=CARTESIAN_POINT('',(9.25,8.3,5.7));
#13998=CARTESIAN_POINT('',(8.75,8.3,5.7));
#13999=CARTESIAN_POINT('',(8.75,8.8,5.7));
#14000=CARTESIAN_POINT('',(7.45,8.8,5.7));
#14001=CARTESIAN_POINT('',(7.95,8.8,5.7));
#14002=CARTESIAN_POINT('',(7.95,8.3,5.7));
#14003=CARTESIAN_POINT('',(9.25,8.8,5.7));
#14004=CARTESIAN_POINT('',(5.45,8.4,5.7));
#14005=CARTESIAN_POINT('',(5.45,8.7,5.7));
#14006=CARTESIAN_POINT('',(5.45,9.8,5.7));
#14007=CARTESIAN_POINT('',(5.15,9.8,5.7));
#14008=CARTESIAN_POINT('',(5.15,10.1,5.7));
#14009=CARTESIAN_POINT('',(5.45,10.1,5.7));
#14010=CARTESIAN_POINT('',(3.75,10.1,5.7));
#14011=CARTESIAN_POINT('',(3.75,9.8,5.7));
#14012=CARTESIAN_POINT('',(3.45,9.8,5.7));
#14013=CARTESIAN_POINT('',(3.45,10.1,5.7));
#14014=CARTESIAN_POINT('',(3.45,8.7,5.7));
#14015=CARTESIAN_POINT('',(3.75,8.7,5.7));
#14016=CARTESIAN_POINT('',(3.75,8.4,5.7));
#14017=CARTESIAN_POINT('',(3.45,8.4,5.7));
#14018=CARTESIAN_POINT('',(5.15,8.4,5.7));
#14019=CARTESIAN_POINT('',(5.15,8.7,5.7));
#14020=CARTESIAN_POINT('',(3.8,9.66079921412725,5.7));
#14021=CARTESIAN_POINT('',(3.99233188812378,9.50706422367462,5.7));
#14022=CARTESIAN_POINT('',(4.18466377624756,9.353329233222,5.7));
#14023=CARTESIAN_POINT('',(4.47826155266787,9.11865025307367,5.7));
#14024=CARTESIAN_POINT('',(4.5583779648049,9.06086280085022,5.7));
#14025=CARTESIAN_POINT('',(4.6754909461872,8.99118878779749,5.7));
#14026=CARTESIAN_POINT('',(4.74118847232849,8.97392443058089,5.7));
#14027=CARTESIAN_POINT('',(4.89186432032645,8.97392443058089,5.7));
#14028=CARTESIAN_POINT('',(4.95934710533028,8.99951267431265,5.7));
#14029=CARTESIAN_POINT('',(5.07396547953343,9.10155201621385,5.7));
#14030=CARTESIAN_POINT('',(5.10252486610559,9.16352406787039,5.7));
#14031=CARTESIAN_POINT('',(5.10252486610559,9.31520377770199,5.7));
#14032=CARTESIAN_POINT('',(5.07288956898751,9.37932853307796,5.7));
#14033=CARTESIAN_POINT('',(5.01361897475134,9.42927185216885,5.7));
#14034=CARTESIAN_POINT('',(3.8,9.66079921412725,5.7));
#14035=CARTESIAN_POINT('',(5.01361897475134,9.42927185216885,5.7));
#14036=CARTESIAN_POINT('',(5.01361897475134,9.42927185216885,5.7));
#14037=CARTESIAN_POINT('',(4.95470543228769,9.47921517125974,5.7));
#14038=CARTESIAN_POINT('',(4.87044121397603,9.50819462801618,5.7));
#14039=CARTESIAN_POINT('',(4.76118337158888,9.51621022243818,5.7));
#14040=CARTESIAN_POINT('',(4.76118337158888,9.51621022243818,5.7));
#14041=CARTESIAN_POINT('',(4.76118337158888,9.57416913595107,5.7));
#14042=CARTESIAN_POINT('',(4.76118337158888,9.63212804946396,5.7));
#14043=CARTESIAN_POINT('',(4.76118337158888,9.63212804946396,5.7));
#14044=CARTESIAN_POINT('',(4.9043611323642,9.62657879178719,5.7));
#14045=CARTESIAN_POINT('',(5.01897475133894,9.58557594339776,5.7));
#14046=CARTESIAN_POINT('',(5.19194090629798,9.43314472835011,5.7));
#14047=CARTESIAN_POINT('',(5.23499107370569,9.33986714515429,5.7));
#14048=CARTESIAN_POINT('',(5.23499107370569,9.12313780366726,5.7));
#14049=CARTESIAN_POINT('',(5.19428717163989,9.03434968083901,5.7));
#14050=CARTESIAN_POINT('',(5.03183130875018,8.89160737598921,5.7));
#14051=CARTESIAN_POINT('',(4.93292527416476,8.85615685099619,5.7));
#14052=CARTESIAN_POINT('',(4.72869166029075,8.85615685099619,5.7));
#14053=CARTESIAN_POINT('',(4.64799795970416,8.87588754495803,5.7));
#14054=CARTESIAN_POINT('',(4.5000307771947,8.95612360676179,5.7));
#14055=CARTESIAN_POINT('',(4.41234378984953,9.01616044734294,5.7));
#14056=CARTESIAN_POINT('',(4.18526378719135,9.19704148257824,5.7));
#14057=CARTESIAN_POINT('',(4.06005270764261,9.29773389242328,5.7));
#14058=CARTESIAN_POINT('',(3.93460851823514,9.39813435076033,5.7));
#14059=CARTESIAN_POINT('',(3.93460851823514,9.39813435076033,5.7));
#14060=CARTESIAN_POINT('',(3.93460851823514,9.11866756831653,5.7));
#14061=CARTESIAN_POINT('',(3.93460851823514,8.83920078587274,5.7));
#14062=CARTESIAN_POINT('',(3.86730425911757,8.83920078587274,5.7));
#14063=CARTESIAN_POINT('',(3.8,8.83920078587274,5.7));
#14064=CARTESIAN_POINT('',(3.8,9.24999999999999,5.7));
#14065=CARTESIAN_POINT('',(3.45,10.1,5.7));
#14066=CARTESIAN_POINT('',(5.45,3.9,5.7));
#14067=CARTESIAN_POINT('',(5.45,4.2,5.7));
#14068=CARTESIAN_POINT('',(5.45,5.3,5.7));
#14069=CARTESIAN_POINT('',(5.15,5.3,5.7));
#14070=CARTESIAN_POINT('',(5.15,5.6,5.7));
#14071=CARTESIAN_POINT('',(5.45,5.6,5.7));
#14072=CARTESIAN_POINT('',(3.75,5.6,5.7));
#14073=CARTESIAN_POINT('',(3.75,5.3,5.7));
#14074=CARTESIAN_POINT('',(3.45,5.3,5.7));
#14075=CARTESIAN_POINT('',(3.45,5.6,5.7));
#14076=CARTESIAN_POINT('',(3.45,4.2,5.7));
#14077=CARTESIAN_POINT('',(3.75,4.2,5.7));
#14078=CARTESIAN_POINT('',(3.75,3.9,5.7));
#14079=CARTESIAN_POINT('',(3.45,3.9,5.7));
#14080=CARTESIAN_POINT('',(5.15,3.9,5.7));
#14081=CARTESIAN_POINT('',(5.15,4.2,5.7));
#14082=CARTESIAN_POINT('',(5.01360622290232,4.96717100229533,5.7));
#14083=CARTESIAN_POINT('',(5.01360622290232,4.79602971180821,5.7));
#14084=CARTESIAN_POINT('',(5.01360622290232,5.13831229278245,5.7));
#14085=CARTESIAN_POINT('',(5.08180311145116,5.07323429397263,5.7));
#14086=CARTESIAN_POINT('',(5.15,5.0081562951628,5.7));
#14087=CARTESIAN_POINT('',(5.15,4.79492200119017,5.7));
#14088=CARTESIAN_POINT('',(5.15,4.58168770721754,5.7));
#14089=CARTESIAN_POINT('',(4.45,4.58168770721754,5.7));
#14090=CARTESIAN_POINT('',(3.75,4.58168770721754,5.7));
#14091=CARTESIAN_POINT('',(3.75,4.68885870951287,5.7));
#14092=CARTESIAN_POINT('',(3.75,4.79602971180821,5.7));
#14093=CARTESIAN_POINT('',(4.38180311145116,4.79602971180821,5.7));
#14094=CARTESIAN_POINT('',(5.45,3.9,5.7));
#14095=CARTESIAN_POINT('',(7.45,5.6,5.));
#14096=CARTESIAN_POINT('',(7.45,5.7,5.));
#14097=CARTESIAN_POINT('',(7.45,8.3,5.));
#14098=CARTESIAN_POINT('',(7.95,8.3,5.));
#14099=CARTESIAN_POINT('',(7.46010205144337,8.4,5.));
#14100=CARTESIAN_POINT('',(1.05,8.4,5.));
#14101=CARTESIAN_POINT('',(1.55,8.4,5.));
#14102=CARTESIAN_POINT('',(1.55,8.9,5.));
#14103=CARTESIAN_POINT('',(1.05,8.9,5.));
#14104=CARTESIAN_POINT('',(1.05,10.1,5.));
#14105=CARTESIAN_POINT('',(1.05,9.6,5.));
#14106=CARTESIAN_POINT('',(1.55,9.6,5.));
#14107=CARTESIAN_POINT('',(1.55,10.1,5.));
#14108=CARTESIAN_POINT('',(7.85,10.1,5.));
#14109=CARTESIAN_POINT('',(7.35,10.1,5.));
#14110=CARTESIAN_POINT('',(7.35,10.6,5.));
#14111=CARTESIAN_POINT('',(7.85,10.6,5.));
#14112=CARTESIAN_POINT('',(7.85,12.65,5.));
#14113=CARTESIAN_POINT('',(7.85,12.15,5.));
#14114=CARTESIAN_POINT('',(8.35,12.15,5.));
#14115=CARTESIAN_POINT('',(8.85,12.15,5.));
#14116=CARTESIAN_POINT('',(8.85,1.35,5.));
#14117=CARTESIAN_POINT('',(8.85,8.78989794855663,5.));
#14118=CARTESIAN_POINT('',(8.75,8.3,5.));
#14119=CARTESIAN_POINT('',(9.25,8.3,5.));
#14120=CARTESIAN_POINT('',(9.25,8.8,5.));
#14121=CARTESIAN_POINT('',(9.25,5.7,5.));
#14122=CARTESIAN_POINT('',(8.75,5.7,5.));
#14123=CARTESIAN_POINT('',(8.85,5.21010205144336,5.));
#14124=CARTESIAN_POINT('',(8.85,1.35,5.));
#14125=CARTESIAN_POINT('',(8.85,1.85,5.));
#14126=CARTESIAN_POINT('',(8.35,1.85,5.));
#14127=CARTESIAN_POINT('',(7.85,1.85,5.));
#14128=CARTESIAN_POINT('',(7.85,1.35,5.));
#14129=CARTESIAN_POINT('',(7.85,3.4,5.));
#14130=CARTESIAN_POINT('',(7.35,3.4,5.));
#14131=CARTESIAN_POINT('',(7.35,3.9,5.));
#14132=CARTESIAN_POINT('',(7.85,3.9,5.));
#14133=CARTESIAN_POINT('',(1.55,3.9,5.));
#14134=CARTESIAN_POINT('',(1.55,4.4,5.));
#14135=CARTESIAN_POINT('',(1.05,4.4,5.));
#14136=CARTESIAN_POINT('',(1.05,3.9,5.));
#14137=CARTESIAN_POINT('',(1.05,5.1,5.));
#14138=CARTESIAN_POINT('',(1.55,5.1,5.));
#14139=CARTESIAN_POINT('',(1.55,5.6,5.));
#14140=CARTESIAN_POINT('',(1.05,5.6,5.));
#14141=CARTESIAN_POINT('',(7.46010205144337,5.6,5.));
#14142=CARTESIAN_POINT('',(7.95,5.7,5.));
#14143=CARTESIAN_POINT('',(16.85,7.,5.));
#14144=CARTESIAN_POINT('',(16.85,11.7,5.));
#14145=CARTESIAN_POINT('',(16.85,2.3,5.));
#14146=CARTESIAN_POINT('',(17.35,2.3,5.));
#14147=CARTESIAN_POINT('',(17.35,1.8,5.));
#14148=CARTESIAN_POINT('',(16.85,1.8,5.));
#14149=CARTESIAN_POINT('',(19.7,1.8,5.));
#14150=CARTESIAN_POINT('',(19.7,1.65,5.));
#14151=CARTESIAN_POINT('',(19.85,1.65,5.));
#14152=CARTESIAN_POINT('',(19.85,1.8,5.));
#14153=CARTESIAN_POINT('',(19.85,1.5,5.));
#14154=CARTESIAN_POINT('',(19.7,1.5,5.));
#14155=CARTESIAN_POINT('',(19.7,1.35,5.));
#14156=CARTESIAN_POINT('',(19.85,1.35,5.));
#14157=CARTESIAN_POINT('',(12.55,1.35,5.));
#14158=CARTESIAN_POINT('',(12.55,1.85,5.));
#14159=CARTESIAN_POINT('',(12.05,1.85,5.));
#14160=CARTESIAN_POINT('',(12.05,1.35,5.));
#14161=CARTESIAN_POINT('',(12.05,12.15,5.));
#14162=CARTESIAN_POINT('',(12.55,12.15,5.));
#14163=CARTESIAN_POINT('',(12.55,12.65,5.));
#14164=CARTESIAN_POINT('',(19.85,12.65,5.));
#14165=CARTESIAN_POINT('',(19.7,12.65,5.));
#14166=CARTESIAN_POINT('',(19.7,12.5,5.));
#14167=CARTESIAN_POINT('',(19.85,12.5,5.));
#14168=CARTESIAN_POINT('',(19.85,12.2,5.));
#14169=CARTESIAN_POINT('',(19.85,12.35,5.));
#14170=CARTESIAN_POINT('',(19.7,12.35,5.));
#14171=CARTESIAN_POINT('',(19.7,12.2,5.));
#14172=CARTESIAN_POINT('',(16.85,12.2,5.));
#14173=CARTESIAN_POINT('',(17.35,12.2,5.));
#14174=CARTESIAN_POINT('',(17.35,11.7,5.));
#14175=CARTESIAN_POINT('',(10.45,0.65,5.));
#14176=CARTESIAN_POINT('',(20.55,0.65,5.));
#14177=CARTESIAN_POINT('',(20.55,7.,5.));
#14178=CARTESIAN_POINT('',(20.55,13.35,5.));
#14179=CARTESIAN_POINT('',(10.45,13.35,5.));
#14180=CARTESIAN_POINT('',(10.45,13.35,5.));
#14181=CARTESIAN_POINT('',(10.45,13.35,5.));
#14182=CARTESIAN_POINT('',(0.350000000000003,13.35,5.));
#14183=CARTESIAN_POINT('',(0.350000000000003,7.,5.));
#14184=CARTESIAN_POINT('',(0.350000000000003,0.65,5.));
#14185=CARTESIAN_POINT('',(10.45,0.65,5.));
#14186=CARTESIAN_POINT('',(10.45,0.65,5.));
#14187=CARTESIAN_POINT('',(10.45,7.,5.));
#14188=CARTESIAN_POINT('',(10.45,0.149999999999999,4.5));
#14189=CARTESIAN_POINT('',(20.75,0.149999999999999,4.5));
#14190=CARTESIAN_POINT('',(20.75,0.15,4.5));
#14191=CARTESIAN_POINT('',(20.75,0.15,4.62371139270156));
#14192=CARTESIAN_POINT('',(20.7166125019102,0.233461078822193,4.79056786000874));
#14193=CARTESIAN_POINT('',(20.6662302105644,0.359432139991258,4.91653892117781));
#14194=CARTESIAN_POINT('',(20.6190897584853,0.477275603786761,5.));
#14195=CARTESIAN_POINT('',(20.55,0.65,5.));
#14196=CARTESIAN_POINT('',(10.45,0.65,4.5));
#14197=CARTESIAN_POINT('',(10.45,0.149999999999999,4.5));
#14198=CARTESIAN_POINT('',(0.150000000000004,0.149999999999999,4.5));
#14199=CARTESIAN_POINT('',(0.150000000000003,0.15,4.5));
#14200=CARTESIAN_POINT('',(0.150000001640822,0.15,4.63126716412725));
#14201=CARTESIAN_POINT('',(0.171554722122467,0.20388680530615,4.7609935864927));
#14202=CARTESIAN_POINT('',(0.245602565402919,0.389006413507299,4.94611319469385));
#14203=CARTESIAN_POINT('',(0.297493134347286,0.518732835868199,5.));
#14204=CARTESIAN_POINT('',(0.350000000000004,0.65,5.));
#14205=CARTESIAN_POINT('',(10.45,0.65,4.5));
#14206=CARTESIAN_POINT('',(10.45,13.85,4.5));
#14207=CARTESIAN_POINT('',(20.75,13.85,4.5));
#14208=CARTESIAN_POINT('',(20.55,13.35,5.));
#14209=CARTESIAN_POINT('',(20.6190688215342,13.5226720538355,5.));
#14210=CARTESIAN_POINT('',(20.6523689270622,13.6059341893649,4.95117259182169));
#14211=CARTESIAN_POINT('',(20.7304737854124,13.8011725918217,4.75593418936486));
#14212=CARTESIAN_POINT('',(20.75,13.85,4.6237449894739));
#14213=CARTESIAN_POINT('',(20.75,13.85,4.5));
#14214=CARTESIAN_POINT('',(10.45,13.35,4.5));
#14215=CARTESIAN_POINT('',(10.45,13.85,4.5));
#14216=CARTESIAN_POINT('',(0.150000000000004,13.85,4.5));
#14217=CARTESIAN_POINT('',(0.350000000000004,13.35,5.));
#14218=CARTESIAN_POINT('',(0.297493134289043,13.4812671640705,5.));
#14219=CARTESIAN_POINT('',(0.245602565278076,13.6109935863945,4.94611319474355));
#14220=CARTESIAN_POINT('',(0.171554721868268,13.7961131946279,4.76099358660711));
#14221=CARTESIAN_POINT('',(0.150000001320998,13.85,4.63126716423166));
#14222=CARTESIAN_POINT('',(0.149999999679074,13.85,4.5));
#14223=CARTESIAN_POINT('',(10.45,13.35,4.5));
#14224=CARTESIAN_POINT('',(7.45,8.7,5.6));
#14225=CARTESIAN_POINT('',(1.55,8.7,5.6));
#14226=CARTESIAN_POINT('',(3.45000000000001,8.7,5.6));
#14227=CARTESIAN_POINT('',(3.45,5.6,5.6));
#14228=CARTESIAN_POINT('',(3.45000000000001,9.8,5.6));
#14229=CARTESIAN_POINT('',(7.45,9.8,5.6));
#14230=CARTESIAN_POINT('',(1.55,9.8,5.6));
#14231=CARTESIAN_POINT('',(1.55,9.6,5.6));
#14232=CARTESIAN_POINT('',(1.35,9.6,5.6));
#14233=CARTESIAN_POINT('',(1.35,5.6,5.6));
#14234=CARTESIAN_POINT('',(1.35,8.9,5.6));
#14235=CARTESIAN_POINT('',(1.55,8.9,5.6));
#14236=CARTESIAN_POINT('',(7.45,5.6,5.6));
#14237=CARTESIAN_POINT('',(7.45,9.8,5.6));
#14238=CARTESIAN_POINT('',(7.35,9.8,5.6));
#14239=CARTESIAN_POINT('',(5.45,9.8,5.6));
#14240=CARTESIAN_POINT('',(5.45,5.6,5.6));
#14241=CARTESIAN_POINT('',(5.45,8.7,5.6));
#14242=CARTESIAN_POINT('',(7.45,8.7,5.6));
#14243=CARTESIAN_POINT('',(7.65,8.7,5.6));
#14244=CARTESIAN_POINT('',(7.95,8.3,5.6));
#14245=CARTESIAN_POINT('',(7.95,8.8,5.6));
#14246=CARTESIAN_POINT('',(7.45,8.8,5.6));
#14247=CARTESIAN_POINT('',(8.55,8.8,5.6));
#14248=CARTESIAN_POINT('',(8.55,12.15,5.6));
#14249=CARTESIAN_POINT('',(8.55,12.15,5.6));
#14250=CARTESIAN_POINT('',(8.35,12.15,5.6));
#14251=CARTESIAN_POINT('',(8.15,12.15,5.6));
#14252=CARTESIAN_POINT('',(8.15,5.6,5.6));
#14253=CARTESIAN_POINT('',(8.15,10.6,5.6));
#14254=CARTESIAN_POINT('',(7.35,10.6,5.6));
#14255=CARTESIAN_POINT('',(7.45,5.6,5.6));
#14256=CARTESIAN_POINT('',(5.15,9.8,5.3));
#14257=CARTESIAN_POINT('',(5.15,10.1,5.3));
#14258=CARTESIAN_POINT('',(7.35,9.8,5.3));
#14259=CARTESIAN_POINT('',(7.35,10.1,5.3));
#14260=CARTESIAN_POINT('',(7.85,10.1,5.3));
#14261=CARTESIAN_POINT('',(7.45,9.8,5.3));
#14262=CARTESIAN_POINT('',(3.75,8.7,5.3));
#14263=CARTESIAN_POINT('',(3.75,8.4,5.3));
#14264=CARTESIAN_POINT('',(1.55,8.7,5.3));
#14265=CARTESIAN_POINT('',(1.55,8.4,5.3));
#14266=CARTESIAN_POINT('',(1.05,8.4,5.3));
#14267=CARTESIAN_POINT('',(7.45,8.7,5.3));
#14268=CARTESIAN_POINT('',(7.45,5.3,5.6));
#14269=CARTESIAN_POINT('',(7.65,5.3,5.6));
#14270=CARTESIAN_POINT('',(5.45,5.3,5.6));
#14271=CARTESIAN_POINT('',(5.45,5.6,5.6));
#14272=CARTESIAN_POINT('',(5.45,4.2,5.6));
#14273=CARTESIAN_POINT('',(7.45,4.2,5.6));
#14274=CARTESIAN_POINT('',(7.35,4.2,5.6));
#14275=CARTESIAN_POINT('',(7.35,3.4,5.6));
#14276=CARTESIAN_POINT('',(8.15,3.4,5.6));
#14277=CARTESIAN_POINT('',(8.15,5.6,5.6));
#14278=CARTESIAN_POINT('',(8.15,1.85,5.6));
#14279=CARTESIAN_POINT('',(8.35,1.85,5.6));
#14280=CARTESIAN_POINT('',(8.55,1.85,5.6));
#14281=CARTESIAN_POINT('',(8.55,5.2,5.6));
#14282=CARTESIAN_POINT('',(8.55,5.2,5.6));
#14283=CARTESIAN_POINT('',(7.45,5.2,5.6));
#14284=CARTESIAN_POINT('',(7.95,5.2,5.6));
#14285=CARTESIAN_POINT('',(7.95,5.7,5.6));
#14286=CARTESIAN_POINT('',(7.45,5.6,5.6));
#14287=CARTESIAN_POINT('',(7.45,4.2,5.6));
#14288=CARTESIAN_POINT('',(1.55,4.2,5.6));
#14289=CARTESIAN_POINT('',(3.45000000000001,4.2,5.6));
#14290=CARTESIAN_POINT('',(3.45,5.6,5.6));
#14291=CARTESIAN_POINT('',(3.45,5.3,5.6));
#14292=CARTESIAN_POINT('',(7.45,5.3,5.6));
#14293=CARTESIAN_POINT('',(1.55,5.3,5.6));
#14294=CARTESIAN_POINT('',(1.55,5.1,5.6));
#14295=CARTESIAN_POINT('',(1.35,5.1,5.6));
#14296=CARTESIAN_POINT('',(1.35,5.6,5.6));
#14297=CARTESIAN_POINT('',(1.35,4.4,5.6));
#14298=CARTESIAN_POINT('',(1.55,4.4,5.6));
#14299=CARTESIAN_POINT('',(7.45,5.6,5.6));
#14300=CARTESIAN_POINT('',(3.75,4.2,5.3));
#14301=CARTESIAN_POINT('',(3.75,3.9,5.3));
#14302=CARTESIAN_POINT('',(1.55,4.2,5.3));
#14303=CARTESIAN_POINT('',(1.55,3.9,5.3));
#14304=CARTESIAN_POINT('',(7.85,3.9,5.3));
#14305=CARTESIAN_POINT('',(7.85,4.2,5.3));
#14306=CARTESIAN_POINT('',(5.15,5.3,5.3));
#14307=CARTESIAN_POINT('',(5.15,5.6,5.3));
#14308=CARTESIAN_POINT('',(7.65,5.3,5.6));
#14309=CARTESIAN_POINT('',(7.61779717467117,5.32415211899663,5.6));
#14310=CARTESIAN_POINT('',(7.5881107908003,5.35275412854727,5.59701431258697));
#14311=CARTESIAN_POINT('',(7.56321406710236,5.38314570838869,5.58824779474706));
#14312=CARTESIAN_POINT('',(7.5428860990807,5.40796018079236,5.58109000577558));
#14313=CARTESIAN_POINT('',(7.5253253401,5.43452017840204,5.569802444934));
#14314=CARTESIAN_POINT('',(7.51149853360532,5.45975748925365,5.55392428916386));
#14315=CARTESIAN_POINT('',(7.49762853514197,5.48507363603456,5.53799653345127));
#14316=CARTESIAN_POINT('',(7.48711956831673,5.50968236500308,5.51694486908195));
#14317=CARTESIAN_POINT('',(7.47968941805061,5.5302709320522,5.49228961971935));
#14318=CARTESIAN_POINT('',(7.47274915764182,5.54950203931748,5.46925995747947));
#14319=CARTESIAN_POINT('',(7.46820650977547,5.56576208530028,5.44251379254634));
#14320=CARTESIAN_POINT('',(7.46525676487461,5.57742758874784,5.41416625158758));
#14321=CARTESIAN_POINT('',(7.46223407165856,5.58938158453999,5.38511766514107));
#14322=CARTESIAN_POINT('',(7.46074998612766,5.5968491979702,5.35363001433497));
#14323=CARTESIAN_POINT('',(7.460270099582,5.59918023687502,5.32216271335848));
#14324=CARTESIAN_POINT('',(7.46015767752355,5.59972632468342,5.3147909318789));
#14325=CARTESIAN_POINT('',(7.46010205144337,5.6,5.30739283523396));
#14326=CARTESIAN_POINT('',(7.46010205144337,5.6,5.3));
#14327=CARTESIAN_POINT('',(7.46010205144337,5.6,5.3));
#14328=CARTESIAN_POINT('',(1.05,5.6,5.3));
#14329=CARTESIAN_POINT('',(1.05,5.3,5.3));
#14330=CARTESIAN_POINT('',(19.85,12.4,5.4));
#14331=CARTESIAN_POINT('',(19.85,12.35,5.4));
#14332=CARTESIAN_POINT('',(19.85,12.4,5.45));
#14333=CARTESIAN_POINT('',(19.85,12.35,5.6));
#14334=CARTESIAN_POINT('',(19.85,12.5,5.6));
#14335=CARTESIAN_POINT('',(19.85,12.5,5.4));
#14336=CARTESIAN_POINT('',(19.85,12.45,5.4));
#14337=CARTESIAN_POINT('',(19.85,12.45,5.45));
#14338=CARTESIAN_POINT('',(19.85,12.2,5.45));
#14339=CARTESIAN_POINT('',(19.85,12.2,5.6));
#14340=CARTESIAN_POINT('',(19.85,1.6,5.4));
#14341=CARTESIAN_POINT('',(19.85,1.6,5.45));
#14342=CARTESIAN_POINT('',(19.85,1.65,5.4));
#14343=CARTESIAN_POINT('',(19.85,1.35,5.45));
#14344=CARTESIAN_POINT('',(19.85,1.55,5.45));
#14345=CARTESIAN_POINT('',(19.85,1.55,5.4));
#14346=CARTESIAN_POINT('',(19.85,1.5,5.4));
#14347=CARTESIAN_POINT('',(19.85,1.5,5.6));
#14348=CARTESIAN_POINT('',(19.85,1.65,5.6));
#14349=CARTESIAN_POINT('',(19.85,1.8,5.6));
#14350=CARTESIAN_POINT('',(8.85,12.15,5.6));
#14351=CARTESIAN_POINT('',(8.85,12.15,5.3));
#14352=CARTESIAN_POINT('',(8.85,8.8,5.3));
#14353=CARTESIAN_POINT('',(8.85,8.78989794855663,5.3));
#14354=CARTESIAN_POINT('',(8.85,8.78989794855663,5.3));
#14355=CARTESIAN_POINT('',(8.85,1.35,5.6));
#14356=CARTESIAN_POINT('',(14.35,4.,4.5));
#14357=CARTESIAN_POINT('',(14.15,4.,4.5));
#14358=CARTESIAN_POINT('',(20.75,13.55,4.5));
#14359=CARTESIAN_POINT('',(21.05,13.55,4.5));
#14360=CARTESIAN_POINT('',(21.05,7.,4.5));
#14361=CARTESIAN_POINT('',(21.05,0.449999999999999,4.5));
#14362=CARTESIAN_POINT('',(20.75,0.449999999999999,4.5));
#14363=CARTESIAN_POINT('',(10.45,0.149999999999999,4.5));
#14364=CARTESIAN_POINT('',(0.150000000000004,0.449999999999999,4.5));
#14365=CARTESIAN_POINT('',(-0.149999999999997,0.449999999999999,4.5));
#14366=CARTESIAN_POINT('',(-0.149999999999997,7.,4.5));
#14367=CARTESIAN_POINT('',(-0.149999999999997,13.55,4.5));
#14368=CARTESIAN_POINT('',(0.150000000000004,13.55,4.5));
#14369=CARTESIAN_POINT('',(10.45,13.85,4.5));
#14370=CARTESIAN_POINT('',(8.55,8.8,4.5));
#14371=CARTESIAN_POINT('',(8.55,8.8,4.5));
#14372=CARTESIAN_POINT('',(7.55,8.8,4.5));
#14373=CARTESIAN_POINT('',(8.55,12.85,4.5));
#14374=CARTESIAN_POINT('',(8.55,9.7,4.5));
#14375=CARTESIAN_POINT('',(8.55,9.7,4.5));
#14376=CARTESIAN_POINT('',(7.55,9.7,4.5));
#14377=CARTESIAN_POINT('',(7.55,9.7,4.5));
#14378=CARTESIAN_POINT('',(6.05,6.,4.5));
#14379=CARTESIAN_POINT('',(6.05,5.2,4.5));
#14380=CARTESIAN_POINT('',(6.05,4.3,4.5));
#14381=CARTESIAN_POINT('',(8.55,5.2,4.5));
#14382=CARTESIAN_POINT('',(4.95,5.19999999999999,4.5));
#14383=CARTESIAN_POINT('',(4.95,4.3,4.5));
#14384=CARTESIAN_POINT('',(4.95,4.3,4.5));
#14385=CARTESIAN_POINT('',(8.55,4.3,4.5));
#14386=CARTESIAN_POINT('',(8.55,9.7,4.5));
#14387=CARTESIAN_POINT('',(3.95,9.7,4.5));
#14388=CARTESIAN_POINT('',(2.05,9.7,4.5));
#14389=CARTESIAN_POINT('',(2.05,9.7,4.5));
#14390=CARTESIAN_POINT('',(2.05,8.8,4.5));
#14391=CARTESIAN_POINT('',(8.55,8.8,4.5));
#14392=CARTESIAN_POINT('',(3.95,8.8,4.5));
#14393=CARTESIAN_POINT('',(3.95,9.7,4.5));
#14394=CARTESIAN_POINT('',(6.05,8.,4.5));
#14395=CARTESIAN_POINT('',(6.05,9.7,4.5));
#14396=CARTESIAN_POINT('',(6.05,8.8,4.5));
#14397=CARTESIAN_POINT('',(8.55,9.7,4.5));
#14398=CARTESIAN_POINT('',(4.95,9.7,4.5));
#14399=CARTESIAN_POINT('',(4.95,8.8,4.5));
#14400=CARTESIAN_POINT('',(4.95,8.8,4.5));
#14401=CARTESIAN_POINT('',(8.55,8.8,4.5));
#14402=CARTESIAN_POINT('',(8.55,5.2,4.5));
#14403=CARTESIAN_POINT('',(2.05,5.2,4.5));
#14404=CARTESIAN_POINT('',(3.95,5.2,4.5));
#14405=CARTESIAN_POINT('',(2.05,4.3,4.5));
#14406=CARTESIAN_POINT('',(2.05,4.3,4.5));
#14407=CARTESIAN_POINT('',(8.55,4.3,4.5));
#14408=CARTESIAN_POINT('',(3.95,4.3,4.5));
#14409=CARTESIAN_POINT('',(3.95,5.19999999999999,4.5));
#14410=CARTESIAN_POINT('',(8.55,4.3,4.5));
#14411=CARTESIAN_POINT('',(7.55,4.3,4.5));
#14412=CARTESIAN_POINT('',(8.55,4.3,4.5));
#14413=CARTESIAN_POINT('',(8.55,12.85,4.5));
#14414=CARTESIAN_POINT('',(8.55,5.2,4.5));
#14415=CARTESIAN_POINT('',(8.55,5.2,4.5));
#14416=CARTESIAN_POINT('',(7.55,5.2,4.5));
#14417=CARTESIAN_POINT('',(7.55,4.3,4.5));
#14418=CARTESIAN_POINT('',(16.85,3.,4.5));
#14419=CARTESIAN_POINT('',(7.46010205144337,5.6,5.3));
#14420=CARTESIAN_POINT('',(1.55,5.6,5.6));
#14421=CARTESIAN_POINT('',(1.55,5.6,5.3));
#14422=CARTESIAN_POINT('',(1.05,5.6,5.3));
#14423=CARTESIAN_POINT('',(3.75,5.6,5.3));
#14424=CARTESIAN_POINT('',(3.75,5.6,5.7));
#14425=CARTESIAN_POINT('',(5.15,5.6,5.7));
#14426=CARTESIAN_POINT('',(1.05,5.6,5.6));
#14427=CARTESIAN_POINT('',(7.45,5.7,5.6));
#14428=CARTESIAN_POINT('',(7.45,8.3,5.6));
#14429=CARTESIAN_POINT('',(7.45,5.6,5.6));
#14430=CARTESIAN_POINT('',(8.85,5.21010205144336,5.));
#14431=CARTESIAN_POINT('',(8.85,5.21010205144336,5.3));
#14432=CARTESIAN_POINT('',(8.85,1.85,5.3));
#14433=CARTESIAN_POINT('',(8.85,1.85,5.3));
#14434=CARTESIAN_POINT('',(8.85,1.85,5.));
#14435=CARTESIAN_POINT('',(8.85,1.35,5.6));
#14436=CARTESIAN_POINT('',(7.85,1.85,5.6));
#14437=CARTESIAN_POINT('',(7.85,1.85,5.3));
#14438=CARTESIAN_POINT('',(7.85,1.35,5.3));
#14439=CARTESIAN_POINT('',(7.85,3.4,5.3));
#14440=CARTESIAN_POINT('',(7.85,3.4,5.));
#14441=CARTESIAN_POINT('',(7.85,1.35,5.6));
#14442=CARTESIAN_POINT('',(1.55,3.9,5.6));
#14443=CARTESIAN_POINT('',(7.35,3.9,5.6));
#14444=CARTESIAN_POINT('',(7.35,3.9,5.3));
#14445=CARTESIAN_POINT('',(7.85,3.9,5.3));
#14446=CARTESIAN_POINT('',(5.15,3.9,5.3));
#14447=CARTESIAN_POINT('',(5.15,3.9,5.7));
#14448=CARTESIAN_POINT('',(3.75,3.9,5.7));
#14449=CARTESIAN_POINT('',(7.85,3.9,5.6));
#14450=CARTESIAN_POINT('',(1.05,4.4,5.6));
#14451=CARTESIAN_POINT('',(1.05,4.4,5.3));
#14452=CARTESIAN_POINT('',(1.05,3.9,5.3));
#14453=CARTESIAN_POINT('',(1.05,5.1,5.3));
#14454=CARTESIAN_POINT('',(1.05,5.1,5.6));
#14455=CARTESIAN_POINT('',(1.05,3.9,5.6));
#14456=CARTESIAN_POINT('',(12.05,1.85,5.6));
#14457=CARTESIAN_POINT('',(12.05,1.85,5.4));
#14458=CARTESIAN_POINT('',(12.05,12.15,5.4));
#14459=CARTESIAN_POINT('',(12.05,12.15,5.4));
#14460=CARTESIAN_POINT('',(12.05,12.15,5.6));
#14461=CARTESIAN_POINT('',(12.05,1.35,5.6));
#14462=CARTESIAN_POINT('',(19.7,1.35,5.6));
#14463=CARTESIAN_POINT('',(19.7,1.35,5.4));
#14464=CARTESIAN_POINT('',(12.55,1.35,5.4));
#14465=CARTESIAN_POINT('',(12.55,1.35,5.4));
#14466=CARTESIAN_POINT('',(12.55,1.35,5.6));
#14467=CARTESIAN_POINT('',(19.85,1.35,5.6));
#14468=CARTESIAN_POINT('',(17.35,1.8,5.6));
#14469=CARTESIAN_POINT('',(17.35,1.8,5.4));
#14470=CARTESIAN_POINT('',(19.7,1.8,5.4));
#14471=CARTESIAN_POINT('',(19.7,1.8,5.4));
#14472=CARTESIAN_POINT('',(19.7,1.8,5.6));
#14473=CARTESIAN_POINT('',(16.85,1.8,5.6));
#14474=CARTESIAN_POINT('',(16.85,11.7,5.6));
#14475=CARTESIAN_POINT('',(16.85,11.7,5.4));
#14476=CARTESIAN_POINT('',(16.85,2.3,5.4));
#14477=CARTESIAN_POINT('',(16.85,2.3,5.4));
#14478=CARTESIAN_POINT('',(16.85,2.3,5.));
#14479=CARTESIAN_POINT('',(16.85,7.,5.6));
#14480=CARTESIAN_POINT('',(16.65,11.7,5.6));
#14481=CARTESIAN_POINT('',(16.65,2.3,5.6));
#14482=CARTESIAN_POINT('',(16.65,6.11715728752539,5.6));
#14483=CARTESIAN_POINT('',(16.55,6.4,5.6));
#14484=CARTESIAN_POINT('',(16.55,6.1,5.6));
#14485=CARTESIAN_POINT('',(12.85,6.1,5.6));
#14486=CARTESIAN_POINT('',(13.15,6.1,5.6));
#14487=CARTESIAN_POINT('',(13.15,6.4,5.6));
#14488=CARTESIAN_POINT('',(12.85,6.4,5.6));
#14489=CARTESIAN_POINT('',(12.85,7.9,5.6));
#14490=CARTESIAN_POINT('',(12.85,7.6,5.6));
#14491=CARTESIAN_POINT('',(13.15,7.6,5.6));
#14492=CARTESIAN_POINT('',(13.15,7.9,5.6));
#14493=CARTESIAN_POINT('',(16.85,7.9,5.6));
#14494=CARTESIAN_POINT('',(16.55,7.9,5.6));
#14495=CARTESIAN_POINT('',(16.55,7.6,5.6));
#14496=CARTESIAN_POINT('',(16.6500000000001,7.88284271247459,5.6));
#14497=CARTESIAN_POINT('',(16.65,11.7,5.6));
#14498=CARTESIAN_POINT('',(16.65,11.7,5.6));
#14499=CARTESIAN_POINT('',(17.35,11.7,5.6));
#14500=CARTESIAN_POINT('',(17.35,12.4,5.6));
#14501=CARTESIAN_POINT('',(19.7,12.4,5.6));
#14502=CARTESIAN_POINT('',(19.7,12.4,5.6));
#14503=CARTESIAN_POINT('',(19.7,12.65,5.6));
#14504=CARTESIAN_POINT('',(19.7,12.45,5.6));
#14505=CARTESIAN_POINT('',(12.55,12.45,5.6));
#14506=CARTESIAN_POINT('',(12.55,12.45,5.6));
#14507=CARTESIAN_POINT('',(12.55,12.15,5.6));
#14508=CARTESIAN_POINT('',(12.25,12.15,5.6));
#14509=CARTESIAN_POINT('',(12.25,1.85,5.6));
#14510=CARTESIAN_POINT('',(12.25,1.85,5.6));
#14511=CARTESIAN_POINT('',(12.55,1.85,5.6));
#14512=CARTESIAN_POINT('',(12.55,1.55,5.6));
#14513=CARTESIAN_POINT('',(19.7,1.55,5.6));
#14514=CARTESIAN_POINT('',(19.7,1.55,5.6));
#14515=CARTESIAN_POINT('',(19.7,1.8,5.6));
#14516=CARTESIAN_POINT('',(19.7,1.6,5.6));
#14517=CARTESIAN_POINT('',(17.35,1.6,5.6));
#14518=CARTESIAN_POINT('',(17.35,1.6,5.6));
#14519=CARTESIAN_POINT('',(17.35,2.3,5.6));
#14520=CARTESIAN_POINT('',(14.35,4.,5.6));
#14521=CARTESIAN_POINT('',(15.35,4.,5.6));
#14522=CARTESIAN_POINT('',(12.05,7.,5.6));
#14523=CARTESIAN_POINT('',(7.46010205144337,8.4,5.));
#14524=CARTESIAN_POINT('',(7.46010205144337,8.4,5.3));
#14525=CARTESIAN_POINT('',(1.05,8.4,5.3));
#14526=CARTESIAN_POINT('',(5.15,8.4,5.3));
#14527=CARTESIAN_POINT('',(5.15,8.4,5.7));
#14528=CARTESIAN_POINT('',(3.75,8.4,5.7));
#14529=CARTESIAN_POINT('',(1.55,8.4,5.6));
#14530=CARTESIAN_POINT('',(1.05,8.4,5.6));
#14531=CARTESIAN_POINT('',(7.85,10.6,5.6));
#14532=CARTESIAN_POINT('',(7.85,10.6,5.3));
#14533=CARTESIAN_POINT('',(7.85,12.65,5.3));
#14534=CARTESIAN_POINT('',(7.85,12.15,5.3));
#14535=CARTESIAN_POINT('',(7.85,12.15,5.6));
#14536=CARTESIAN_POINT('',(7.85,12.65,5.6));
#14537=CARTESIAN_POINT('',(1.55,10.1,5.6));
#14538=CARTESIAN_POINT('',(1.55,10.1,5.3));
#14539=CARTESIAN_POINT('',(7.85,10.1,5.3));
#14540=CARTESIAN_POINT('',(3.75,10.1,5.3));
#14541=CARTESIAN_POINT('',(3.75,10.1,5.7));
#14542=CARTESIAN_POINT('',(5.15,10.1,5.7));
#14543=CARTESIAN_POINT('',(7.35,10.1,5.));
#14544=CARTESIAN_POINT('',(7.85,10.1,5.6));
#14545=CARTESIAN_POINT('',(1.05,8.9,5.6));
#14546=CARTESIAN_POINT('',(1.05,8.9,5.3));
#14547=CARTESIAN_POINT('',(1.05,10.1,5.3));
#14548=CARTESIAN_POINT('',(1.05,9.6,5.3));
#14549=CARTESIAN_POINT('',(1.05,9.6,5.6));
#14550=CARTESIAN_POINT('',(1.05,10.1,5.6));
#14551=CARTESIAN_POINT('',(12.55,12.65,5.6));
#14552=CARTESIAN_POINT('',(12.55,12.65,5.4));
#14553=CARTESIAN_POINT('',(19.7,12.65,5.4));
#14554=CARTESIAN_POINT('',(19.7,12.65,5.4));
#14555=CARTESIAN_POINT('',(19.7,12.65,5.6));
#14556=CARTESIAN_POINT('',(19.85,12.65,5.6));
#14557=CARTESIAN_POINT('',(19.7,12.2,5.6));
#14558=CARTESIAN_POINT('',(19.7,12.2,5.4));
#14559=CARTESIAN_POINT('',(17.35,12.2,5.4));
#14560=CARTESIAN_POINT('',(17.35,12.2,5.4));
#14561=CARTESIAN_POINT('',(17.35,12.2,5.));
#14562=CARTESIAN_POINT('',(16.85,12.2,5.6));
#14563=CARTESIAN_POINT('',(7.95,5.2,5.7));
#14564=CARTESIAN_POINT('',(8.55,5.2,5.3));
#14565=CARTESIAN_POINT('',(8.75,5.2,5.52360679774998));
#14566=CARTESIAN_POINT('',(8.75,5.2,5.7));
#14567=CARTESIAN_POINT('',(9.25,5.2,5.7));
#14568=CARTESIAN_POINT('',(7.95,8.8,5.7));
#14569=CARTESIAN_POINT('',(8.75,8.8,5.7));
#14570=CARTESIAN_POINT('',(8.75,8.8,5.52360679774998));
#14571=CARTESIAN_POINT('',(8.55,8.8,5.3));
#14572=CARTESIAN_POINT('',(7.45,8.8,5.7));
#14573=CARTESIAN_POINT('',(9.25,8.3,5.7));
#14574=CARTESIAN_POINT('',(9.25,5.7,5.7));
#14575=CARTESIAN_POINT('',(9.25,8.8,5.7));
#14576=CARTESIAN_POINT('',(21.05,13.55,4.5));
#14577=CARTESIAN_POINT('',(21.05,13.55,4.62371139269167));
#14578=CARTESIAN_POINT('',(20.9665389211669,13.5166125019041,4.79056786001963));
#14579=CARTESIAN_POINT('',(20.8405678600196,13.4662302105706,4.91653892116692));
#14580=CARTESIAN_POINT('',(20.7227243962286,13.4190897584915,5.));
#14581=CARTESIAN_POINT('',(20.55,13.35,5.));
#14582=CARTESIAN_POINT('',(20.75,13.85,4.5));
#14583=CARTESIAN_POINT('',(21.05,13.85,4.5));
#14584=CARTESIAN_POINT('',(21.05,13.55,4.5));
#14585=CARTESIAN_POINT('',(20.7499999983592,13.85,4.63126716412724));
#14586=CARTESIAN_POINT('',(21.0499998773621,13.8499998773619,4.7292099083742));
#14587=CARTESIAN_POINT('',(21.05,13.5499999983591,4.63126716412726));
#14588=CARTESIAN_POINT('',(20.7284452778775,13.7961131946938,4.76099358649271));
#14589=CARTESIAN_POINT('',(20.9410127349605,13.7410127349605,4.85665673422242));
#14590=CARTESIAN_POINT('',(20.9961131946939,13.5284452778775,4.76099358649269));
#14591=CARTESIAN_POINT('',(20.6543974345971,13.6109935864927,4.94611319469383));
#14592=CARTESIAN_POINT('',(20.7420364680853,13.5420364680853,4.9810188700615));
#14593=CARTESIAN_POINT('',(20.8109935864927,13.4543974345971,4.94611319469386));
#14594=CARTESIAN_POINT('',(20.6025068656529,13.4812671641317,5.));
#14595=CARTESIAN_POINT('',(20.640842918515,13.4408429185122,5.00000000191894));
#14596=CARTESIAN_POINT('',(20.6812671641319,13.4025068656525,5.));
#14597=CARTESIAN_POINT('',(20.55,13.35,5.));
#14598=CARTESIAN_POINT('',(20.55,13.35,5.));
#14599=CARTESIAN_POINT('',(20.55,13.35,5.));
#14600=CARTESIAN_POINT('',(10.45,13.35,4.5));
#14601=CARTESIAN_POINT('',(21.05,0.45,4.5));
#14602=CARTESIAN_POINT('',(21.05,0.45000000164082,4.63126716412726));
#14603=CARTESIAN_POINT('',(20.9961131946939,0.471554722122463,4.76099358649269));
#14604=CARTESIAN_POINT('',(20.8109935864927,0.545602565402917,4.94611319469386));
#14605=CARTESIAN_POINT('',(20.6812671641319,0.597493134347415,5.));
#14606=CARTESIAN_POINT('',(20.55,0.65,5.));
#14607=CARTESIAN_POINT('',(20.55,7.,4.5));
#14608=CARTESIAN_POINT('',(0.350000000000003,13.35,5.));
#14609=CARTESIAN_POINT('',(0.177327946152584,13.419068821539,5.));
#14610=CARTESIAN_POINT('',(0.094065810640536,13.4523689270622,4.95117259182708));
#14611=CARTESIAN_POINT('',(-0.101172591827078,13.5304737854124,4.75593418935947));
#14612=CARTESIAN_POINT('',(-0.149999999999997,13.55,4.62374498946627));
#14613=CARTESIAN_POINT('',(-0.149999999999997,13.55,4.5));
#14614=CARTESIAN_POINT('',(-0.149999999999997,13.55,4.5));
#14615=CARTESIAN_POINT('',(-0.149999999999997,13.85,4.5));
#14616=CARTESIAN_POINT('',(0.150000000000003,13.85,4.5));
#14617=CARTESIAN_POINT('',(-0.149999999999997,13.5499999983591,4.63126716412724));
#14618=CARTESIAN_POINT('',(-0.149999877362015,13.8499998773619,4.72920990837421));
#14619=CARTESIAN_POINT('',(0.150000001640822,13.85,4.63126716412724));
#14620=CARTESIAN_POINT('',(-0.0961131946938325,13.5284452778775,4.76099358649271));
#14621=CARTESIAN_POINT('',(-0.0410127349603926,13.7410127349604,4.85665673422242));
#14622=CARTESIAN_POINT('',(0.171554722122467,13.7961131946938,4.76099358649271));
#14623=CARTESIAN_POINT('',(0.0890064135072888,13.4543974345971,4.94611319469383));
#14624=CARTESIAN_POINT('',(0.157963531914622,13.5420364680854,4.9810188700615));
#14625=CARTESIAN_POINT('',(0.245602565402919,13.6109935864927,4.94611319469383));
#14626=CARTESIAN_POINT('',(0.21873283586819,13.4025068656527,5.));
#14627=CARTESIAN_POINT('',(0.259157081487439,13.44084291851,5.00000000206463));
#14628=CARTESIAN_POINT('',(0.297493134347196,13.4812671641318,5.));
#14629=CARTESIAN_POINT('',(0.350000000000004,13.35,5.));
#14630=CARTESIAN_POINT('',(0.350000000000004,13.35,5.));
#14631=CARTESIAN_POINT('',(0.350000000000004,13.35,5.));
#14632=CARTESIAN_POINT('',(21.05,0.45,4.5));
#14633=CARTESIAN_POINT('',(21.05,0.15,4.5));
#14634=CARTESIAN_POINT('',(20.75,0.15,4.5));
#14635=CARTESIAN_POINT('',(21.05,0.45000000164082,4.63126716412726));
#14636=CARTESIAN_POINT('',(21.0499998773621,0.150000122637978,4.72920990837422));
#14637=CARTESIAN_POINT('',(20.7499999983592,0.15,4.63126716412725));
#14638=CARTESIAN_POINT('',(20.9961131946939,0.471554722122463,4.76099358649269));
#14639=CARTESIAN_POINT('',(20.9410127349605,0.258987265039591,4.85665673422239));
#14640=CARTESIAN_POINT('',(20.7284452778775,0.20388680530615,4.7609935864927));
#14641=CARTESIAN_POINT('',(20.8109935864927,0.545602565402917,4.94611319469386));
#14642=CARTESIAN_POINT('',(20.7420364680853,0.457963531914619,4.98101887006152));
#14643=CARTESIAN_POINT('',(20.6543974345971,0.389006413507299,4.94611319469385));
#14644=CARTESIAN_POINT('',(20.6812671641319,0.597493134347415,5.));
#14645=CARTESIAN_POINT('',(20.6408429185136,0.559157081486694,5.00000000192805));
#14646=CARTESIAN_POINT('',(20.6025068656528,0.518732835868247,5.));
#14647=CARTESIAN_POINT('',(20.55,0.65,5.));
#14648=CARTESIAN_POINT('',(20.55,0.65,5.));
#14649=CARTESIAN_POINT('',(20.55,0.65,5.));
#14650=CARTESIAN_POINT('',(0.350000000000004,0.65,5.));
#14651=CARTESIAN_POINT('',(0.218732835928747,0.597493134289875,5.));
#14652=CARTESIAN_POINT('',(0.0890064136042612,0.545602565279673,4.94611319474292));
#14653=CARTESIAN_POINT('',(-0.0961131946287846,0.47155472187152,4.76099358660564));
#14654=CARTESIAN_POINT('',(-0.149999999999997,0.450000001325093,4.63126716423032));
#14655=CARTESIAN_POINT('',(-0.149999999999997,0.449999999683183,4.5));
#14656=CARTESIAN_POINT('',(0.350000000000003,7.,4.5));
#14657=CARTESIAN_POINT('',(10.45,0.65,4.5));
#14658=CARTESIAN_POINT('',(0.150000000000003,0.15,4.5));
#14659=CARTESIAN_POINT('',(-0.149999999999997,0.15,4.5));
#14660=CARTESIAN_POINT('',(-0.149999999999997,0.45,4.5));
#14661=CARTESIAN_POINT('',(0.150000001640822,0.15,4.63126716412725));
#14662=CARTESIAN_POINT('',(-0.149999877362026,0.150000122637978,4.7292099083742));
#14663=CARTESIAN_POINT('',(-0.149999999999997,0.45000000164082,4.63126716412724));
#14664=CARTESIAN_POINT('',(0.171554722122467,0.20388680530615,4.7609935864927));
#14665=CARTESIAN_POINT('',(-0.0410127349604383,0.258987265039582,4.85665673422242));
#14666=CARTESIAN_POINT('',(-0.0961131946938325,0.471554722122463,4.76099358649271));
#14667=CARTESIAN_POINT('',(0.245602565402919,0.389006413507299,4.94611319469385));
#14668=CARTESIAN_POINT('',(0.157963531914654,0.45796353191463,4.9810188700615));
#14669=CARTESIAN_POINT('',(0.0890064135072888,0.545602565402917,4.94611319469383));
#14670=CARTESIAN_POINT('',(0.297493134347286,0.518732835868199,5.));
#14671=CARTESIAN_POINT('',(0.259157081488852,0.559157081488836,5.00000000207374));
#14672=CARTESIAN_POINT('',(0.218732835868212,0.597493134347283,5.));
#14673=CARTESIAN_POINT('',(0.350000000000004,0.65,5.));
#14674=CARTESIAN_POINT('',(0.350000000000004,0.65,5.));
#14675=CARTESIAN_POINT('',(0.350000000000004,0.65,5.));
#14676=CARTESIAN_POINT('',(8.35,12.15,5.3));
#14677=CARTESIAN_POINT('',(8.35,12.15,5.6));
#14678=CARTESIAN_POINT('',(7.35,10.6,5.3));
#14679=CARTESIAN_POINT('',(7.35,10.6,5.6));
#14680=CARTESIAN_POINT('',(7.35,3.4,5.3));
#14681=CARTESIAN_POINT('',(7.35,3.4,5.6));
#14682=CARTESIAN_POINT('',(8.35,1.85,5.3));
#14683=CARTESIAN_POINT('',(8.35,1.85,5.6));
#14684=CARTESIAN_POINT('',(1.55,5.1,5.3));
#14685=CARTESIAN_POINT('',(1.55,5.1,5.6));
#14686=CARTESIAN_POINT('',(1.55,4.4,5.3));
#14687=CARTESIAN_POINT('',(1.55,4.4,5.6));
#14688=CARTESIAN_POINT('',(1.55,8.9,5.3));
#14689=CARTESIAN_POINT('',(1.55,8.9,5.6));
#14690=CARTESIAN_POINT('',(1.55,9.6,5.3));
#14691=CARTESIAN_POINT('',(1.55,9.6,5.6));
#14692=CARTESIAN_POINT('',(8.75,8.8,5.52360679774998));
#14693=CARTESIAN_POINT('',(8.77487664592971,8.8,5.50135644920957));
#14694=CARTESIAN_POINT('',(8.79626003708953,8.79812131875861,5.47454453269346));
#14695=CARTESIAN_POINT('',(8.81240666122529,8.79609012148471,5.44540544743783));
#14696=CARTESIAN_POINT('',(8.82854003767046,8.79406059073086,5.41629026969267));
#14697=CARTESIAN_POINT('',(8.83991643089011,8.79188270125409,5.38401984713081));
#14698=CARTESIAN_POINT('',(8.8456023383156,8.79077509401822,5.35117868288995));
#14699=CARTESIAN_POINT('',(8.84852216290791,8.79020631605475,5.33431410318175));
#14700=CARTESIAN_POINT('',(8.85,8.78989794855663,5.31712492139415));
#14701=CARTESIAN_POINT('',(8.85,8.78989794855663,5.3));
#14702=CARTESIAN_POINT('',(8.55,12.15,5.3));
#14703=CARTESIAN_POINT('',(8.55,5.6,5.3));
#14704=CARTESIAN_POINT('',(8.15,12.15,5.3));
#14705=CARTESIAN_POINT('',(8.55,12.15,5.6));
#14706=CARTESIAN_POINT('',(8.55,12.55,5.6));
#14707=CARTESIAN_POINT('',(8.15,12.55,5.6));
#14708=CARTESIAN_POINT('',(8.15,12.15,5.6));
#14709=CARTESIAN_POINT('',(8.72573593128807,12.15,5.6));
#14710=CARTESIAN_POINT('',(8.72573593128807,12.9014718625761,5.6));
#14711=CARTESIAN_POINT('',(7.97426406871193,12.9014718625762,5.6));
#14712=CARTESIAN_POINT('',(7.97426406871193,12.15,5.6));
#14713=CARTESIAN_POINT('',(8.85,12.15,5.47573593128807));
#14714=CARTESIAN_POINT('',(8.85,13.15,5.47573593128807));
#14715=CARTESIAN_POINT('',(7.85,13.15,5.47573593128807));
#14716=CARTESIAN_POINT('',(7.85,12.15,5.47573593128807));
#14717=CARTESIAN_POINT('',(8.85,12.15,5.3));
#14718=CARTESIAN_POINT('',(8.85,13.15,5.3));
#14719=CARTESIAN_POINT('',(7.85,13.15,5.3));
#14720=CARTESIAN_POINT('',(7.85,12.15,5.3));
#14721=CARTESIAN_POINT('',(8.15,10.6,5.3));
#14722=CARTESIAN_POINT('',(8.15,5.6,5.3));
#14723=CARTESIAN_POINT('',(7.35,10.6,5.3));
#14724=CARTESIAN_POINT('',(3.75,9.8,5.3));
#14725=CARTESIAN_POINT('',(1.55,9.8,5.3));
#14726=CARTESIAN_POINT('',(7.45,9.8,5.3));
#14727=CARTESIAN_POINT('',(1.35,9.6,5.3));
#14728=CARTESIAN_POINT('',(1.55,9.8,5.6));
#14729=CARTESIAN_POINT('',(1.43284271247462,9.8,5.6));
#14730=CARTESIAN_POINT('',(1.35,9.71715728752538,5.6));
#14731=CARTESIAN_POINT('',(1.35,9.59999999999999,5.6));
#14732=CARTESIAN_POINT('',(1.55,9.97573593128807,5.6));
#14733=CARTESIAN_POINT('',(1.32989898732233,9.97573593128807,5.6));
#14734=CARTESIAN_POINT('',(1.17426406871193,9.82010101267766,5.6));
#14735=CARTESIAN_POINT('',(1.17426406871192,9.6,5.6));
#14736=CARTESIAN_POINT('',(1.55,10.1,5.47573593128807));
#14737=CARTESIAN_POINT('',(1.25710678118655,10.1,5.47573593128807));
#14738=CARTESIAN_POINT('',(1.05000000000001,9.89289321881345,5.47573593128807));
#14739=CARTESIAN_POINT('',(1.05,9.6,5.47573593128807));
#14740=CARTESIAN_POINT('',(1.55,10.1,5.3));
#14741=CARTESIAN_POINT('',(1.25710678118655,10.1,5.3));
#14742=CARTESIAN_POINT('',(1.05,9.89289321881345,5.3));
#14743=CARTESIAN_POINT('',(1.05,9.6,5.3));
#14744=CARTESIAN_POINT('',(1.35,8.9,5.3));
#14745=CARTESIAN_POINT('',(1.35,5.6,5.3));
#14746=CARTESIAN_POINT('',(1.35,8.9,5.6));
#14747=CARTESIAN_POINT('',(1.35,8.78284271247462,5.6));
#14748=CARTESIAN_POINT('',(1.43284271247462,8.7,5.6));
#14749=CARTESIAN_POINT('',(1.55,8.7,5.6));
#14750=CARTESIAN_POINT('',(1.17426406871193,8.9,5.6));
#14751=CARTESIAN_POINT('',(1.17426406871193,8.67989898732233,5.6));
#14752=CARTESIAN_POINT('',(1.32989898732233,8.52426406871193,5.6));
#14753=CARTESIAN_POINT('',(1.55,8.52426406871193,5.6));
#14754=CARTESIAN_POINT('',(1.05,8.9,5.47573593128807));
#14755=CARTESIAN_POINT('',(1.05,8.60710678118655,5.47573593128807));
#14756=CARTESIAN_POINT('',(1.25710678118655,8.4,5.47573593128807));
#14757=CARTESIAN_POINT('',(1.55,8.4,5.47573593128807));
#14758=CARTESIAN_POINT('',(1.05,8.9,5.3));
#14759=CARTESIAN_POINT('',(1.05,8.60710678118655,5.3));
#14760=CARTESIAN_POINT('',(1.25710678118655,8.4,5.3));
#14761=CARTESIAN_POINT('',(1.55,8.4,5.3));
#14762=CARTESIAN_POINT('',(5.15,8.7,5.3));
#14763=CARTESIAN_POINT('',(7.46010205144337,8.4,5.3));
#14764=CARTESIAN_POINT('',(7.46010205144337,8.4,5.33254033645151));
#14765=CARTESIAN_POINT('',(7.46112943115196,8.40545188453247,5.3655296203239));
#14766=CARTESIAN_POINT('',(7.46360935677752,8.41586260046115,5.39625974331619));
#14767=CARTESIAN_POINT('',(7.46609107077659,8.42628082397329,5.42701202702872));
#14768=CARTESIAN_POINT('',(7.47015099638448,8.44199125252091,5.45636025056473));
#14769=CARTESIAN_POINT('',(7.47673578997756,8.46131022134954,5.48173384265953));
#14770=CARTESIAN_POINT('',(7.48317824013706,8.48021157217427,5.50655893400479));
#14771=CARTESIAN_POINT('',(7.4923142239503,8.50310503333099,5.52824811267868));
#14772=CARTESIAN_POINT('',(7.50457075471509,8.52714045752554,5.54519294152875));
#14773=CARTESIAN_POINT('',(7.51640564679507,8.55034903562143,5.56155484887455));
#14774=CARTESIAN_POINT('',(7.5314728029892,8.57515329368825,5.57394769215793));
#14775=CARTESIAN_POINT('',(7.54914698371193,8.59885926342136,5.58243680957752));
#14776=CARTESIAN_POINT('',(7.56765556006013,8.6236843887042,5.59132669705543));
#14777=CARTESIAN_POINT('',(7.58939041662311,8.64784150725972,5.59623176151687));
#14778=CARTESIAN_POINT('',(7.61314161547265,8.66949482915682,5.59844502768823));
#14779=CARTESIAN_POINT('',(7.62490553367309,8.68021967337116,5.59954125370868));
#14780=CARTESIAN_POINT('',(7.63723470288417,8.69042602716313,5.6));
#14781=CARTESIAN_POINT('',(7.65,8.7,5.6));
#14782=CARTESIAN_POINT('',(7.45,8.7,5.3));
#14783=CARTESIAN_POINT('',(8.55,1.85,5.3));
#14784=CARTESIAN_POINT('',(8.85,5.21010205144336,5.3));
#14785=CARTESIAN_POINT('',(8.85,5.21010205144336,5.33338237739653));
#14786=CARTESIAN_POINT('',(8.84426583185319,5.20884052905206,5.36722031447269));
#14787=CARTESIAN_POINT('',(8.8333004175771,5.20698778876028,5.39869586313842));
#14788=CARTESIAN_POINT('',(8.82234132732184,5.20513611698884,5.43015325909055));
#14789=CARTESIAN_POINT('',(8.80586561211491,5.20269784086778,5.46013668233274));
#14790=CARTESIAN_POINT('',(8.78517081860651,5.20123852041427,5.48626509623637));
#14791=CARTESIAN_POINT('',(8.77456138481963,5.20049038230315,5.49966014060607));
#14792=CARTESIAN_POINT('',(8.76274857311357,5.2,5.51220412731075));
#14793=CARTESIAN_POINT('',(8.75,5.2,5.52360679774998));
#14794=CARTESIAN_POINT('',(8.55,5.6,5.3));
#14795=CARTESIAN_POINT('',(8.15,1.85,5.3));
#14796=CARTESIAN_POINT('',(8.15,1.85,5.6));
#14797=CARTESIAN_POINT('',(8.15,1.45,5.6));
#14798=CARTESIAN_POINT('',(8.55,1.45,5.6));
#14799=CARTESIAN_POINT('',(8.55,1.85,5.6));
#14800=CARTESIAN_POINT('',(7.97426406871193,1.85,5.6));
#14801=CARTESIAN_POINT('',(7.97426406871193,1.09852813742386,5.6));
#14802=CARTESIAN_POINT('',(8.72573593128807,1.09852813742386,5.6));
#14803=CARTESIAN_POINT('',(8.72573593128807,1.85,5.6));
#14804=CARTESIAN_POINT('',(7.85,1.85,5.47573593128807));
#14805=CARTESIAN_POINT('',(7.85,0.850000000000003,5.47573593128807));
#14806=CARTESIAN_POINT('',(8.85,0.850000000000003,5.47573593128807));
#14807=CARTESIAN_POINT('',(8.85,1.85,5.47573593128807));
#14808=CARTESIAN_POINT('',(7.85,1.85,5.3));
#14809=CARTESIAN_POINT('',(7.85,0.850000000000006,5.3));
#14810=CARTESIAN_POINT('',(8.85,0.850000000000006,5.3));
#14811=CARTESIAN_POINT('',(8.85,1.85,5.3));
#14812=CARTESIAN_POINT('',(8.15,3.4,5.3));
#14813=CARTESIAN_POINT('',(8.15,1.35,5.3));
#14814=CARTESIAN_POINT('',(7.35,4.2,5.3));
#14815=CARTESIAN_POINT('',(7.35,3.4,5.3));
#14816=CARTESIAN_POINT('',(5.15,4.2,5.3));
#14817=CARTESIAN_POINT('',(7.85,4.2,5.3));
#14818=CARTESIAN_POINT('',(1.35,4.4,5.3));
#14819=CARTESIAN_POINT('',(1.35,4.4,5.6));
#14820=CARTESIAN_POINT('',(1.35,4.28284271247462,5.6));
#14821=CARTESIAN_POINT('',(1.43284271247462,4.2,5.6));
#14822=CARTESIAN_POINT('',(1.55,4.2,5.6));
#14823=CARTESIAN_POINT('',(1.17426406871193,4.4,5.6));
#14824=CARTESIAN_POINT('',(1.17426406871193,4.17989898732233,5.6));
#14825=CARTESIAN_POINT('',(1.32989898732233,4.02426406871193,5.6));
#14826=CARTESIAN_POINT('',(1.55,4.02426406871193,5.6));
#14827=CARTESIAN_POINT('',(1.05,4.4,5.47573593128807));
#14828=CARTESIAN_POINT('',(1.05,4.10710678118655,5.47573593128807));
#14829=CARTESIAN_POINT('',(1.25710678118655,3.9,5.47573593128807));
#14830=CARTESIAN_POINT('',(1.55,3.9,5.47573593128807));
#14831=CARTESIAN_POINT('',(1.05,4.4,5.3));
#14832=CARTESIAN_POINT('',(1.05,4.10710678118655,5.3));
#14833=CARTESIAN_POINT('',(1.25710678118655,3.9,5.3));
#14834=CARTESIAN_POINT('',(1.55,3.9,5.3));
#14835=CARTESIAN_POINT('',(1.35,5.1,5.3));
#14836=CARTESIAN_POINT('',(1.35,3.9,5.3));
#14837=CARTESIAN_POINT('',(1.55,5.3,5.3));
#14838=CARTESIAN_POINT('',(1.55000000000001,5.30000000000001,5.6));
#14839=CARTESIAN_POINT('',(1.43284271247463,5.30000000000001,5.6));
#14840=CARTESIAN_POINT('',(1.35000000000001,5.21715728752538,5.6));
#14841=CARTESIAN_POINT('',(1.35000000000001,5.1,5.6));
#14842=CARTESIAN_POINT('',(1.55,5.47573593128808,5.59999999999999));
#14843=CARTESIAN_POINT('',(1.32989898732234,5.47573593128807,5.59999999999999));
#14844=CARTESIAN_POINT('',(1.17426406871194,5.32010101267766,5.59999999999999));
#14845=CARTESIAN_POINT('',(1.17426406871194,5.1,5.59999999999999));
#14846=CARTESIAN_POINT('',(1.55,5.6,5.47573593128807));
#14847=CARTESIAN_POINT('',(1.25710678118655,5.59999999999998,5.47573593128806));
#14848=CARTESIAN_POINT('',(1.05000000000002,5.39289321881344,5.47573593128806));
#14849=CARTESIAN_POINT('',(1.05000000000002,5.1,5.47573593128807));
#14850=CARTESIAN_POINT('',(1.55,5.6,5.3));
#14851=CARTESIAN_POINT('',(1.25710678118655,5.59999999999999,5.3));
#14852=CARTESIAN_POINT('',(1.05000000000002,5.39289321881344,5.3));
#14853=CARTESIAN_POINT('',(1.05000000000002,5.1,5.3));
#14854=CARTESIAN_POINT('',(3.75,5.3,5.3));
#14855=CARTESIAN_POINT('',(1.05,5.3,5.3));
#14856=CARTESIAN_POINT('',(19.7,12.5,5.4));
#14857=CARTESIAN_POINT('',(19.7,12.5,5.6));
#14858=CARTESIAN_POINT('',(19.7,12.4,5.45));
#14859=CARTESIAN_POINT('',(19.7,12.45,5.45));
#14860=CARTESIAN_POINT('',(19.7,7.,5.45));
#14861=CARTESIAN_POINT('',(19.7,12.35,5.4));
#14862=CARTESIAN_POINT('',(19.7,12.35,5.6));
#14863=CARTESIAN_POINT('',(19.7,1.5,5.4));
#14864=CARTESIAN_POINT('',(19.7,1.5,5.6));
#14865=CARTESIAN_POINT('',(19.7,1.6,5.45));
#14866=CARTESIAN_POINT('',(19.7,1.55,5.45));
#14867=CARTESIAN_POINT('',(19.7,1.8,5.45));
#14868=CARTESIAN_POINT('',(19.7,1.65,5.4));
#14869=CARTESIAN_POINT('',(19.7,1.65,5.6));
#14870=CARTESIAN_POINT('',(8.75,8.3,5.7));
#14871=CARTESIAN_POINT('',(8.75,5.7,5.7));
#14872=CARTESIAN_POINT('',(7.95,5.7,5.7));
#14873=CARTESIAN_POINT('',(7.95,8.3,5.6));
#14874=CARTESIAN_POINT('',(14.35,4.,5.1));
#14875=CARTESIAN_POINT('',(14.15,4.,5.1));
#14876=CARTESIAN_POINT('',(14.35,4.,5.1));
#14877=CARTESIAN_POINT('',(13.85,4.,5.1));
#14878=CARTESIAN_POINT('',(14.35,4.,5.1));
#14879=CARTESIAN_POINT('',(14.35,4.,3.6));
#14880=CARTESIAN_POINT('',(14.35,4.,5.1));
#14881=CARTESIAN_POINT('',(12.55,12.15,5.4));
#14882=CARTESIAN_POINT('',(12.55,12.15,5.6));
#14883=CARTESIAN_POINT('',(12.55,1.85,5.4));
#14884=CARTESIAN_POINT('',(12.55,1.85,5.6));
#14885=CARTESIAN_POINT('',(17.35,11.7,5.4));
#14886=CARTESIAN_POINT('',(17.35,11.7,5.6));
#14887=CARTESIAN_POINT('',(17.35,2.3,5.4));
#14888=CARTESIAN_POINT('',(17.35,2.3,5.6));
#14889=CARTESIAN_POINT('',(19.7,12.45,5.4));
#14890=CARTESIAN_POINT('',(19.85,12.5,5.4));
#14891=CARTESIAN_POINT('',(19.85,12.5,5.42928932188134));
#14892=CARTESIAN_POINT('',(19.85,12.4792893218813,5.44999999999999));
#14893=CARTESIAN_POINT('',(19.85,12.45,5.45));
#14894=CARTESIAN_POINT('',(19.85,12.587867965644,5.40000000000001));
#14895=CARTESIAN_POINT('',(19.85,12.587867965644,5.48076118445748));
#14896=CARTESIAN_POINT('',(19.85,12.5307611844575,5.53786796564402));
#14897=CARTESIAN_POINT('',(19.85,12.45,5.53786796564402));
#14898=CARTESIAN_POINT('',(19.787867965644,12.65,5.4));
#14899=CARTESIAN_POINT('',(19.787867965644,12.65,5.51715728752537));
#14900=CARTESIAN_POINT('',(19.787867965644,12.5671572875254,5.59999999999997));
#14901=CARTESIAN_POINT('',(19.787867965644,12.45,5.59999999999998));
#14902=CARTESIAN_POINT('',(19.7,12.65,5.39999999999998));
#14903=CARTESIAN_POINT('',(19.7,12.65,5.51715728752536));
#14904=CARTESIAN_POINT('',(19.7,12.5671572875254,5.59999999999999));
#14905=CARTESIAN_POINT('',(19.7,12.45,5.6));
#14906=CARTESIAN_POINT('',(12.55,12.45,5.4));
#14907=CARTESIAN_POINT('',(12.05,12.45,5.4));
#14908=CARTESIAN_POINT('',(12.25,12.15,5.4));
#14909=CARTESIAN_POINT('',(12.55,12.15,5.4));
#14910=CARTESIAN_POINT('',(12.25,1.85,5.4));
#14911=CARTESIAN_POINT('',(12.25,1.35,5.4));
#14912=CARTESIAN_POINT('',(12.55,1.55,5.4));
#14913=CARTESIAN_POINT('',(12.55,1.85,5.4));
#14914=CARTESIAN_POINT('',(19.7,1.55,5.4));
#14915=CARTESIAN_POINT('',(19.85,1.55,5.4));
#14916=CARTESIAN_POINT('',(19.85,1.55,5.45));
#14917=CARTESIAN_POINT('',(19.85,1.52071067811866,5.45));
#14918=CARTESIAN_POINT('',(19.85,1.5,5.42928932188135));
#14919=CARTESIAN_POINT('',(19.85,1.5,5.4));
#14920=CARTESIAN_POINT('',(19.85,1.54999999999999,5.53786796564403));
#14921=CARTESIAN_POINT('',(19.85,1.46923881554252,5.53786796564402));
#14922=CARTESIAN_POINT('',(19.85,1.41213203435598,5.48076118445748));
#14923=CARTESIAN_POINT('',(19.85,1.41213203435598,5.40000000000001));
#14924=CARTESIAN_POINT('',(19.787867965644,1.55,5.59999999999999));
#14925=CARTESIAN_POINT('',(19.787867965644,1.43284271247463,5.59999999999997));
#14926=CARTESIAN_POINT('',(19.787867965644,1.35000000000003,5.51715728752537));
#14927=CARTESIAN_POINT('',(19.787867965644,1.35000000000002,5.4));
#14928=CARTESIAN_POINT('',(19.7,1.55000000000002,5.6));
#14929=CARTESIAN_POINT('',(19.7,1.43284271247464,5.59999999999999));
#14930=CARTESIAN_POINT('',(19.7,1.35000000000002,5.51715728752536));
#14931=CARTESIAN_POINT('',(19.7,1.35000000000001,5.39999999999998));
#14932=CARTESIAN_POINT('',(19.7,12.4,5.4));
#14933=CARTESIAN_POINT('',(19.85,12.4,5.45));
#14934=CARTESIAN_POINT('',(19.85,12.3707106781187,5.45));
#14935=CARTESIAN_POINT('',(19.85,12.35,5.42928932188135));
#14936=CARTESIAN_POINT('',(19.85,12.35,5.40000000000001));
#14937=CARTESIAN_POINT('',(19.85,12.4,5.53786796564403));
#14938=CARTESIAN_POINT('',(19.85,12.3192388155425,5.53786796564402));
#14939=CARTESIAN_POINT('',(19.85,12.262132034356,5.48076118445749));
#14940=CARTESIAN_POINT('',(19.85,12.262132034356,5.40000000000001));
#14941=CARTESIAN_POINT('',(19.787867965644,12.4,5.59999999999999));
#14942=CARTESIAN_POINT('',(19.787867965644,12.2828427124746,5.59999999999998));
#14943=CARTESIAN_POINT('',(19.787867965644,12.2,5.51715728752537));
#14944=CARTESIAN_POINT('',(19.787867965644,12.2,5.4));
#14945=CARTESIAN_POINT('',(19.7,12.4,5.6));
#14946=CARTESIAN_POINT('',(19.7,12.2828427124746,5.59999999999999));
#14947=CARTESIAN_POINT('',(19.7,12.2,5.51715728752537));
#14948=CARTESIAN_POINT('',(19.7,12.2,5.39999999999998));
#14949=CARTESIAN_POINT('',(17.35,12.4,5.4));
#14950=CARTESIAN_POINT('',(12.05,12.4,5.4));
#14951=CARTESIAN_POINT('',(16.65,11.7,5.4));
#14952=CARTESIAN_POINT('',(17.35,11.7,5.4));
#14953=CARTESIAN_POINT('',(16.65,11.7,5.6));
#14954=CARTESIAN_POINT('',(16.65,2.3,5.4));
#14955=CARTESIAN_POINT('',(16.65,7.,5.4));
#14956=CARTESIAN_POINT('',(17.35,1.6,5.4));
#14957=CARTESIAN_POINT('',(17.35,2.3,5.4));
#14958=CARTESIAN_POINT('',(19.7,1.6,5.4));
#14959=CARTESIAN_POINT('',(16.85,1.6,5.4));
#14960=CARTESIAN_POINT('',(19.85,1.65,5.4));
#14961=CARTESIAN_POINT('',(19.85,1.65,5.42928932188135));
#14962=CARTESIAN_POINT('',(19.85,1.62928932188134,5.45));
#14963=CARTESIAN_POINT('',(19.85,1.6,5.45));
#14964=CARTESIAN_POINT('',(19.85,1.73786796564403,5.40000000000001));
#14965=CARTESIAN_POINT('',(19.85,1.73786796564402,5.48076118445749));
#14966=CARTESIAN_POINT('',(19.85,1.68076118445748,5.53786796564402));
#14967=CARTESIAN_POINT('',(19.85,1.60000000000001,5.53786796564403));
#14968=CARTESIAN_POINT('',(19.787867965644,1.79999999999999,5.4));
#14969=CARTESIAN_POINT('',(19.787867965644,1.79999999999998,5.51715728752537));
#14970=CARTESIAN_POINT('',(19.787867965644,1.71715728752537,5.59999999999998));
#14971=CARTESIAN_POINT('',(19.787867965644,1.6,5.59999999999999));
#14972=CARTESIAN_POINT('',(19.7,1.8,5.39999999999998));
#14973=CARTESIAN_POINT('',(19.7,1.79999999999999,5.51715728752537));
#14974=CARTESIAN_POINT('',(19.7,1.71715728752537,5.59999999999999));
#14975=CARTESIAN_POINT('',(19.7,1.59999999999998,5.6));
#14976=CARTESIAN_POINT('',(5.45,5.3,5.7));
#14977=CARTESIAN_POINT('',(5.45,4.2,5.7));
#14978=CARTESIAN_POINT('',(5.45,3.9,5.7));
#14979=CARTESIAN_POINT('',(3.45,4.2,5.7));
#14980=CARTESIAN_POINT('',(3.45,5.3,5.7));
#14981=CARTESIAN_POINT('',(3.45,5.6,5.7));
#14982=CARTESIAN_POINT('',(3.75,4.2,5.7));
#14983=CARTESIAN_POINT('',(5.15,4.2,5.7));
#14984=CARTESIAN_POINT('',(5.15,5.3,5.7));
#14985=CARTESIAN_POINT('',(3.75,5.3,5.7));
#14986=CARTESIAN_POINT('',(3.45,8.7,5.7));
#14987=CARTESIAN_POINT('',(3.45,9.8,5.7));
#14988=CARTESIAN_POINT('',(3.45,10.1,5.7));
#14989=CARTESIAN_POINT('',(5.45,9.8,5.7));
#14990=CARTESIAN_POINT('',(5.45,8.7,5.7));
#14991=CARTESIAN_POINT('',(5.45,8.4,5.7));
#14992=CARTESIAN_POINT('',(5.15,9.8,5.7));
#14993=CARTESIAN_POINT('',(3.75,9.8,5.7));
#14994=CARTESIAN_POINT('',(3.75,8.7,5.7));
#14995=CARTESIAN_POINT('',(5.15,8.7,5.7));
#14996=CARTESIAN_POINT('',(16.55,7.6,5.6));
#14997=CARTESIAN_POINT('',(16.85,7.6,5.6));
#14998=CARTESIAN_POINT('',(16.85,6.1,5.6));
#14999=CARTESIAN_POINT('',(16.85,6.4,5.6));
#15000=CARTESIAN_POINT('',(16.55,6.4,5.6));
#15001=CARTESIAN_POINT('',(16.85,6.1,5.6));
#15002=CARTESIAN_POINT('',(16.85,7.6,5.7));
#15003=CARTESIAN_POINT('',(16.85,6.4,5.7));
#15004=CARTESIAN_POINT('',(16.85,6.1,5.7));
#15005=CARTESIAN_POINT('',(16.55,7.9,5.7));
#15006=CARTESIAN_POINT('',(13.15,7.9,5.7));
#15007=CARTESIAN_POINT('',(16.85,7.9,5.7));
#15008=CARTESIAN_POINT('',(12.85,7.6,5.7));
#15009=CARTESIAN_POINT('',(12.85,6.4,5.7));
#15010=CARTESIAN_POINT('',(12.85,7.9,5.7));
#15011=CARTESIAN_POINT('',(13.15,6.1,5.7));
#15012=CARTESIAN_POINT('',(16.55,6.1,5.7));
#15013=CARTESIAN_POINT('',(12.85,6.1,5.7));
#15014=CARTESIAN_POINT('',(13.15,6.4,5.7));
#15015=CARTESIAN_POINT('',(16.55,6.4,5.7));
#15016=CARTESIAN_POINT('',(16.55,7.6,5.7));
#15017=CARTESIAN_POINT('',(13.15,7.6,5.7));
#15018=CARTESIAN_POINT('',(5.01360622290232,5.13831229278245,5.85));
#15019=CARTESIAN_POINT('',(5.01360622290232,5.13831229278245,5.85));
#15020=CARTESIAN_POINT('',(5.08180311145116,5.07323429397263,5.85));
#15021=CARTESIAN_POINT('',(5.15,5.0081562951628,5.85));
#15022=CARTESIAN_POINT('',(5.15,5.0081562951628,5.85));
#15023=CARTESIAN_POINT('',(5.01360622290232,5.13831229278245,5.85));
#15024=CARTESIAN_POINT('',(5.15,4.79492200119017,5.85));
#15025=CARTESIAN_POINT('',(5.15,4.58168770721754,5.85));
#15026=CARTESIAN_POINT('',(5.15,4.58168770721754,5.85));
#15027=CARTESIAN_POINT('',(5.15,5.0081562951628,5.85));
#15028=CARTESIAN_POINT('',(4.45,4.58168770721754,5.85));
#15029=CARTESIAN_POINT('',(3.75,4.58168770721754,5.85));
#15030=CARTESIAN_POINT('',(3.75,4.58168770721754,5.85));
#15031=CARTESIAN_POINT('',(5.15,4.58168770721754,5.85));
#15032=CARTESIAN_POINT('',(3.75,4.68885870951287,5.85));
#15033=CARTESIAN_POINT('',(3.75,4.79602971180821,5.85));
#15034=CARTESIAN_POINT('',(3.75,4.79602971180821,5.85));
#15035=CARTESIAN_POINT('',(3.75,4.58168770721754,5.85));
#15036=CARTESIAN_POINT('',(4.38180311145116,4.79602971180821,5.85));
#15037=CARTESIAN_POINT('',(5.01360622290232,4.79602971180821,5.85));
#15038=CARTESIAN_POINT('',(5.01360622290232,4.79602971180821,5.85));
#15039=CARTESIAN_POINT('',(3.75,4.79602971180821,5.85));
#15040=CARTESIAN_POINT('',(5.01360622290232,4.96717100229533,5.85));
#15041=CARTESIAN_POINT('',(5.01360622290232,4.79602971180821,5.85));
#15042=CARTESIAN_POINT('',(5.08180311145116,5.07323429397263,5.85));
#15043=CARTESIAN_POINT('',(5.01361897475134,9.42927185216885,5.8));
#15044=CARTESIAN_POINT('',(5.01361897475134,9.42927185216885,5.8));
#15045=CARTESIAN_POINT('',(5.01361897475134,9.42927185216885,5.8));
#15046=CARTESIAN_POINT('',(4.95470543228769,9.47921517125974,5.8));
#15047=CARTESIAN_POINT('',(4.87044121397603,9.50819462801618,5.8));
#15048=CARTESIAN_POINT('',(4.76118337158888,9.51621022243818,5.8));
#15049=CARTESIAN_POINT('',(4.76118337158888,9.51621022243818,5.8));
#15050=CARTESIAN_POINT('',(4.76118337158888,9.51621022243818,5.8));
#15051=CARTESIAN_POINT('',(5.01361897475134,9.42927185216885,5.8));
#15052=CARTESIAN_POINT('',(4.95470543228769,9.47921517125974,5.8));
#15053=CARTESIAN_POINT('',(4.87044121397603,9.50819462801618,5.8));
#15054=CARTESIAN_POINT('',(4.76118337158888,9.51621022243818,5.8));
#15055=CARTESIAN_POINT('',(4.76118337158888,9.57416913595107,5.8));
#15056=CARTESIAN_POINT('',(4.76118337158888,9.63212804946396,5.8));
#15057=CARTESIAN_POINT('',(4.76118337158888,9.63212804946396,5.8));
#15058=CARTESIAN_POINT('',(4.76118337158888,9.51621022243818,5.8));
#15059=CARTESIAN_POINT('',(4.76118337158888,9.63212804946396,5.8));
#15060=CARTESIAN_POINT('',(4.9043611323642,9.62657879178719,5.8));
#15061=CARTESIAN_POINT('',(5.01897475133894,9.58557594339776,5.8));
#15062=CARTESIAN_POINT('',(5.19194090629798,9.43314472835011,5.8));
#15063=CARTESIAN_POINT('',(5.23499107370569,9.33986714515429,5.8));
#15064=CARTESIAN_POINT('',(5.23499107370569,9.12313780366726,5.8));
#15065=CARTESIAN_POINT('',(5.19428717163989,9.03434968083901,5.8));
#15066=CARTESIAN_POINT('',(5.03183130875018,8.89160737598921,5.8));
#15067=CARTESIAN_POINT('',(4.93292527416476,8.85615685099619,5.8));
#15068=CARTESIAN_POINT('',(4.72869166029075,8.85615685099619,5.8));
#15069=CARTESIAN_POINT('',(4.64799795970416,8.87588754495803,5.8));
#15070=CARTESIAN_POINT('',(4.5000307771947,8.95612360676179,5.8));
#15071=CARTESIAN_POINT('',(4.41234378984953,9.01616044734294,5.8));
#15072=CARTESIAN_POINT('',(4.18526378719135,9.19704148257824,5.8));
#15073=CARTESIAN_POINT('',(4.06005270764261,9.29773389242328,5.8));
#15074=CARTESIAN_POINT('',(3.93460851823514,9.39813435076033,5.8));
#15075=CARTESIAN_POINT('',(3.93460851823514,9.39813435076033,5.8));
#15076=CARTESIAN_POINT('',(3.93460851823514,9.39813435076033,5.8));
#15077=CARTESIAN_POINT('',(4.76118337158888,9.63212804946396,5.8));
#15078=CARTESIAN_POINT('',(4.9043611323642,9.62657879178719,5.8));
#15079=CARTESIAN_POINT('',(5.01897475133894,9.58557594339776,5.8));
#15080=CARTESIAN_POINT('',(5.19194090629798,9.43314472835011,5.8));
#15081=CARTESIAN_POINT('',(5.23499107370569,9.33986714515429,5.8));
#15082=CARTESIAN_POINT('',(5.23499107370569,9.12313780366726,5.8));
#15083=CARTESIAN_POINT('',(5.19428717163989,9.03434968083901,5.8));
#15084=CARTESIAN_POINT('',(5.03183130875018,8.89160737598921,5.8));
#15085=CARTESIAN_POINT('',(4.93292527416476,8.85615685099619,5.8));
#15086=CARTESIAN_POINT('',(4.72869166029075,8.85615685099619,5.8));
#15087=CARTESIAN_POINT('',(4.64799795970416,8.87588754495803,5.8));
#15088=CARTESIAN_POINT('',(4.5000307771947,8.95612360676179,5.8));
#15089=CARTESIAN_POINT('',(4.41234378984953,9.01616044734294,5.8));
#15090=CARTESIAN_POINT('',(4.18526378719135,9.19704148257824,5.8));
#15091=CARTESIAN_POINT('',(4.06005270764261,9.29773389242328,5.8));
#15092=CARTESIAN_POINT('',(3.93460851823514,9.39813435076033,5.8));
#15093=CARTESIAN_POINT('',(3.93460851823514,9.11866756831653,5.8));
#15094=CARTESIAN_POINT('',(3.93460851823514,8.83920078587274,5.8));
#15095=CARTESIAN_POINT('',(3.93460851823514,8.83920078587274,5.8));
#15096=CARTESIAN_POINT('',(3.93460851823514,9.39813435076033,5.8));
#15097=CARTESIAN_POINT('',(3.86730425911757,8.83920078587274,5.8));
#15098=CARTESIAN_POINT('',(3.8,8.83920078587274,5.8));
#15099=CARTESIAN_POINT('',(3.8,8.83920078587274,5.8));
#15100=CARTESIAN_POINT('',(3.93460851823514,8.83920078587274,5.8));
#15101=CARTESIAN_POINT('',(3.8,9.24999999999999,5.8));
#15102=CARTESIAN_POINT('',(3.8,9.66079921412725,5.8));
#15103=CARTESIAN_POINT('',(3.8,9.66079921412725,5.8));
#15104=CARTESIAN_POINT('',(3.8,8.83920078587274,5.8));
#15105=CARTESIAN_POINT('',(3.8,9.66079921412725,5.8));
#15106=CARTESIAN_POINT('',(3.99233188812378,9.50706422367462,5.8));
#15107=CARTESIAN_POINT('',(4.18466377624756,9.353329233222,5.8));
#15108=CARTESIAN_POINT('',(4.47826155266787,9.11865025307367,5.8));
#15109=CARTESIAN_POINT('',(4.5583779648049,9.06086280085022,5.8));
#15110=CARTESIAN_POINT('',(4.6754909461872,8.99118878779749,5.8));
#15111=CARTESIAN_POINT('',(4.74118847232849,8.97392443058089,5.8));
#15112=CARTESIAN_POINT('',(4.89186432032645,8.97392443058089,5.8));
#15113=CARTESIAN_POINT('',(4.95934710533028,8.99951267431265,5.8));
#15114=CARTESIAN_POINT('',(5.07396547953343,9.10155201621385,5.8));
#15115=CARTESIAN_POINT('',(5.10252486610559,9.16352406787039,5.8));
#15116=CARTESIAN_POINT('',(5.10252486610559,9.31520377770199,5.8));
#15117=CARTESIAN_POINT('',(5.07288956898751,9.37932853307796,5.8));
#15118=CARTESIAN_POINT('',(5.01361897475134,9.42927185216885,5.8));
#15119=CARTESIAN_POINT('',(3.8,9.66079921412725,5.8));
#15120=CARTESIAN_POINT('',(3.99233188812378,9.50706422367462,5.8));
#15121=CARTESIAN_POINT('',(4.18466377624756,9.353329233222,5.8));
#15122=CARTESIAN_POINT('',(4.47826155266787,9.11865025307367,5.8));
#15123=CARTESIAN_POINT('',(4.5583779648049,9.06086280085022,5.8));
#15124=CARTESIAN_POINT('',(4.6754909461872,8.99118878779749,5.8));
#15125=CARTESIAN_POINT('',(4.74118847232849,8.97392443058089,5.8));
#15126=CARTESIAN_POINT('',(4.89186432032645,8.97392443058089,5.8));
#15127=CARTESIAN_POINT('',(4.95934710533028,8.99951267431265,5.8));
#15128=CARTESIAN_POINT('',(5.07396547953343,9.10155201621385,5.8));
#15129=CARTESIAN_POINT('',(5.10252486610559,9.16352406787039,5.8));
#15130=CARTESIAN_POINT('',(5.10252486610559,9.31520377770199,5.8));
#15131=CARTESIAN_POINT('',(5.07288956898751,9.37932853307796,5.8));
#15132=CARTESIAN_POINT('',(5.01361897475134,9.42927185216885,5.8));
#15133=CARTESIAN_POINT('',(4.90628028564142,9.48846393405435,5.8));
#15134=CARTESIAN_POINT('',(8.06023973476154,7.02204288466048,5.7));
#15135=CARTESIAN_POINT('',(8.06023973476154,7.20054400659645,5.7));
#15136=CARTESIAN_POINT('',(8.06023973476154,6.84354176272451,5.7));
#15137=CARTESIAN_POINT('',(8.06023973476154,7.20054400659645,5.85));
#15138=CARTESIAN_POINT('',(8.06023973476154,7.20054400659645,5.85));
#15139=CARTESIAN_POINT('',(8.06023973476154,7.02204288466048,5.85));
#15140=CARTESIAN_POINT('',(8.06023973476154,6.84354176272451,5.85));
#15141=CARTESIAN_POINT('',(8.06023973476154,6.84354176272451,5.85));
#15142=CARTESIAN_POINT('',(8.06023973476154,7.20054400659645,5.85));
#15143=CARTESIAN_POINT('',(8.35177250701352,6.84354176272451,5.7));
#15144=CARTESIAN_POINT('',(8.6433052792655,6.84354176272451,5.7));
#15145=CARTESIAN_POINT('',(8.35177250701352,6.84354176272451,5.85));
#15146=CARTESIAN_POINT('',(8.6433052792655,6.84354176272451,5.85));
#15147=CARTESIAN_POINT('',(8.6433052792655,6.84354176272451,5.85));
#15148=CARTESIAN_POINT('',(8.06023973476154,6.84354176272451,5.85));
#15149=CARTESIAN_POINT('',(7.9256312165264,7.42251431366709,5.85));
#15150=CARTESIAN_POINT('',(7.9256312165264,7.42251431366709,5.85));
#15151=CARTESIAN_POINT('',(8.48031114511605,7.08508861771041,5.85));
#15152=CARTESIAN_POINT('',(9.03499107370569,6.74766292175372,5.85));
#15153=CARTESIAN_POINT('',(9.03499107370569,6.74766292175372,5.85));
#15154=CARTESIAN_POINT('',(7.9256312165264,7.42251431366709,5.85));
#15155=CARTESIAN_POINT('',(9.03499107370569,6.74766292175372,5.85));
#15156=CARTESIAN_POINT('',(8.71007396072431,6.72392443058089,5.85));
#15157=CARTESIAN_POINT('',(8.38515684774293,6.72392443058089,5.85));
#15158=CARTESIAN_POINT('',(8.06023973476154,6.72392443058089,5.85));
#15159=CARTESIAN_POINT('',(8.06023973476154,6.72392443058089,5.85));
#15160=CARTESIAN_POINT('',(8.06023973476154,6.72392443058089,5.85));
#15161=CARTESIAN_POINT('',(9.03499107370569,6.74766292175372,5.85));
#15162=CARTESIAN_POINT('',(8.71007396072431,6.72392443058089,5.85));
#15163=CARTESIAN_POINT('',(8.38515684774293,6.72392443058089,5.85));
#15164=CARTESIAN_POINT('',(8.06023973476154,6.72392443058089,5.85));
#15165=CARTESIAN_POINT('',(8.06023973476154,6.6507050584569,5.85));
#15166=CARTESIAN_POINT('',(8.06023973476154,6.5774856863329,5.85));
#15167=CARTESIAN_POINT('',(8.06023973476154,6.5774856863329,5.85));
#15168=CARTESIAN_POINT('',(8.06023973476154,6.72392443058089,5.85));
#15169=CARTESIAN_POINT('',(7.99293547564397,6.5774856863329,5.85));
#15170=CARTESIAN_POINT('',(7.9256312165264,6.5774856863329,5.85));
#15171=CARTESIAN_POINT('',(7.9256312165264,6.5774856863329,5.85));
#15172=CARTESIAN_POINT('',(8.06023973476154,6.5774856863329,5.85));
#15173=CARTESIAN_POINT('',(7.9256312165264,6.6507050584569,5.85));
#15174=CARTESIAN_POINT('',(7.9256312165264,6.72392443058089,5.85));
#15175=CARTESIAN_POINT('',(7.9256312165264,6.72392443058089,5.85));
#15176=CARTESIAN_POINT('',(7.9256312165264,6.5774856863329,5.85));
#15177=CARTESIAN_POINT('',(7.7628156082632,6.72392443058089,5.85));
#15178=CARTESIAN_POINT('',(7.6,6.72392443058089,5.85));
#15179=CARTESIAN_POINT('',(7.6,6.72392443058089,5.85));
#15180=CARTESIAN_POINT('',(7.9256312165264,6.72392443058089,5.85));
#15181=CARTESIAN_POINT('',(7.6,6.7837330966527,5.85));
#15182=CARTESIAN_POINT('',(7.6,6.84354176272451,5.85));
#15183=CARTESIAN_POINT('',(7.6,6.84354176272451,5.85));
#15184=CARTESIAN_POINT('',(7.6,6.72392443058089,5.85));
#15185=CARTESIAN_POINT('',(7.7628156082632,6.84354176272451,5.85));
#15186=CARTESIAN_POINT('',(7.9256312165264,6.84354176272451,5.85));
#15187=CARTESIAN_POINT('',(7.9256312165264,6.84354176272451,5.85));
#15188=CARTESIAN_POINT('',(7.6,6.84354176272451,5.85));
#15189=CARTESIAN_POINT('',(7.9256312165264,7.1330280381958,5.85));
#15190=CARTESIAN_POINT('',(7.9256312165264,6.84354176272451,5.85));
#15191=CARTESIAN_POINT('',(8.35177250701352,7.02204288466048,5.7));
#15192=CARTESIAN_POINT('',(8.35177250701352,7.02204288466048,5.85));
#15193=CARTESIAN_POINT('',(8.6433052792655,6.84354176272451,5.85));
#15194=CARTESIAN_POINT('',(8.54761540423362,6.7268917419775,5.85));
#15195=CARTESIAN_POINT('',(9.25,8.8,5.7));
#15196=CARTESIAN_POINT('',(16.395039530732,7.14813435076033,5.85));
#15197=CARTESIAN_POINT('',(16.395039530732,7.14813435076033,5.85));
#15198=CARTESIAN_POINT('',(16.395039530732,7.14813435076033,5.85));
#15199=CARTESIAN_POINT('',(16.3579061463912,7.18451281775247,5.85));
#15200=CARTESIAN_POINT('',(16.3018490181076,7.21565031916099,5.85));
#15201=CARTESIAN_POINT('',(16.2261540423361,7.24154685498589,5.85));
#15202=CARTESIAN_POINT('',(16.2261540423361,7.24154685498589,5.85));
#15203=CARTESIAN_POINT('',(16.2261540423361,7.24154685498589,5.85));
#15204=CARTESIAN_POINT('',(16.395039530732,7.14813435076033,5.85));
#15205=CARTESIAN_POINT('',(16.3579061463912,7.18451281775247,5.85));
#15206=CARTESIAN_POINT('',(16.3018490181076,7.21565031916099,5.85));
#15207=CARTESIAN_POINT('',(16.2261540423361,7.24154685498589,5.85));
#15208=CARTESIAN_POINT('',(16.2261540423361,7.30305112757005,5.85));
#15209=CARTESIAN_POINT('',(16.2261540423361,7.3645554001542,5.85));
#15210=CARTESIAN_POINT('',(16.2261540423361,7.3645554001542,5.85));
#15211=CARTESIAN_POINT('',(16.2261540423361,7.24154685498589,5.85));
#15212=CARTESIAN_POINT('',(16.2261540423361,7.3645554001542,5.85));
#15213=CARTESIAN_POINT('',(16.3418388166284,7.34205007735399,5.85));
#15214=CARTESIAN_POINT('',(16.4307447079827,7.29919747640563,5.85));
#15215=CARTESIAN_POINT('',(16.5542846212701,7.17218113402632,5.85));
#15216=CARTESIAN_POINT('',(16.5849910737057,7.09664957120367,5.85));
#15217=CARTESIAN_POINT('',(16.5849910737057,6.91383235996355,5.85));
#15218=CARTESIAN_POINT('',(16.55,6.83213495527783,5.85));
#15219=CARTESIAN_POINT('',(16.409506397796,6.69666462317059,5.85));
#15220=CARTESIAN_POINT('',(16.3243432797756,6.66257430404332,5.85));
#15221=CARTESIAN_POINT('',(16.1033282325937,6.66257430404332,5.85));
#15222=CARTESIAN_POINT('',(16.0079954093344,6.71405908359998,5.85));
#15223=CARTESIAN_POINT('',(15.9376562101505,6.81733693480645,5.85));
#15224=CARTESIAN_POINT('',(15.9376562101505,6.81733693480645,5.85));
#15225=CARTESIAN_POINT('',(15.9376562101505,6.81733693480645,5.85));
#15226=CARTESIAN_POINT('',(16.2261540423361,7.3645554001542,5.85));
#15227=CARTESIAN_POINT('',(16.3418388166284,7.34205007735399,5.85));
#15228=CARTESIAN_POINT('',(16.4307447079827,7.29919747640563,5.85));
#15229=CARTESIAN_POINT('',(16.5542846212701,7.17218113402632,5.85));
#15230=CARTESIAN_POINT('',(16.5849910737057,7.09664957120367,5.85));
#15231=CARTESIAN_POINT('',(16.5849910737057,6.91383235996355,5.85));
#15232=CARTESIAN_POINT('',(16.55,6.83213495527783,5.85));
#15233=CARTESIAN_POINT('',(16.409506397796,6.69666462317059,5.85));
#15234=CARTESIAN_POINT('',(16.3243432797756,6.66257430404332,5.85));
#15235=CARTESIAN_POINT('',(16.1033282325937,6.66257430404332,5.85));
#15236=CARTESIAN_POINT('',(16.0079954093344,6.71405908359998,5.85));
#15237=CARTESIAN_POINT('',(15.9376562101505,6.81733693480645,5.85));
#15238=CARTESIAN_POINT('',(15.9376562101505,6.81733693480645,5.85));
#15239=CARTESIAN_POINT('',(15.9037362917623,6.74673804547427,5.85));
#15240=CARTESIAN_POINT('',(15.8533919918388,6.69186205289291,5.85));
#15241=CARTESIAN_POINT('',(15.7197207597761,6.61409456278586,5.85));
#15242=CARTESIAN_POINT('',(15.6466590155573,6.59505833564267,5.85));
#15243=CARTESIAN_POINT('',(15.4438536087733,6.59505833564267,5.85));
#15244=CARTESIAN_POINT('',(15.3374521805662,6.63421143147318,5.85));
#15245=CARTESIAN_POINT('',(15.1594384603039,6.79038439215357,5.85));
#15246=CARTESIAN_POINT('',(15.1150089262943,6.88855240832495,5.85));
#15247=CARTESIAN_POINT('',(15.1150089262943,7.11298905214082,5.85));
#15248=CARTESIAN_POINT('',(15.1496429482275,7.19992742241015,5.85));
#15249=CARTESIAN_POINT('',(15.2887391811838,7.33727367459709,5.85));
#15250=CARTESIAN_POINT('',(15.3902958428972,7.38243634155712,5.85));
#15251=CARTESIAN_POINT('',(15.5241902575874,7.40494166435733,5.85));
#15252=CARTESIAN_POINT('',(15.5241902575874,7.40494166435733,5.85));
#15253=CARTESIAN_POINT('',(15.5241902575874,7.40494166435733,5.85));
#15254=CARTESIAN_POINT('',(15.9376562101505,6.81733693480645,5.85));
#15255=CARTESIAN_POINT('',(15.9037362917623,6.74673804547427,5.85));
#15256=CARTESIAN_POINT('',(15.8533919918388,6.69186205289291,5.85));
#15257=CARTESIAN_POINT('',(15.7197207597761,6.61409456278586,5.85));
#15258=CARTESIAN_POINT('',(15.6466590155573,6.59505833564267,5.85));
#15259=CARTESIAN_POINT('',(15.4438536087733,6.59505833564267,5.85));
#15260=CARTESIAN_POINT('',(15.3374521805662,6.63421143147318,5.85));
#15261=CARTESIAN_POINT('',(15.1594384603039,6.79038439215357,5.85));
#15262=CARTESIAN_POINT('',(15.1150089262943,6.88855240832495,5.85));
#15263=CARTESIAN_POINT('',(15.1150089262943,7.11298905214082,5.85));
#15264=CARTESIAN_POINT('',(15.1496429482275,7.19992742241015,5.85));
#15265=CARTESIAN_POINT('',(15.2887391811838,7.33727367459709,5.85));
#15266=CARTESIAN_POINT('',(15.3902958428972,7.38243634155712,5.85));
#15267=CARTESIAN_POINT('',(15.5241902575874,7.40494166435733,5.85));
#15268=CARTESIAN_POINT('',(15.5241902575874,7.34605787456498,5.85));
#15269=CARTESIAN_POINT('',(15.5241902575874,7.28717408477264,5.85));
#15270=CARTESIAN_POINT('',(15.5241902575874,7.28717408477264,5.85));
#15271=CARTESIAN_POINT('',(15.5241902575874,7.40494166435733,5.85));
#15272=CARTESIAN_POINT('',(15.5241902575874,7.28717408477264,5.85));
#15273=CARTESIAN_POINT('',(15.4320709002805,7.26559363825188,5.85));
#15274=CARTESIAN_POINT('',(15.3635169599592,7.23291467637759,5.85));
#15275=CARTESIAN_POINT('',(15.2737204581497,7.14430471275775,5.85));
#15276=CARTESIAN_POINT('',(15.251402703392,7.08339301119807,5.85));
#15277=CARTESIAN_POINT('',(15.251402703392,6.92184795438555,5.85));
#15278=CARTESIAN_POINT('',(15.2813950522826,6.85217394133282,5.85));
#15279=CARTESIAN_POINT('',(15.4006899748127,6.74176869467646,5.85));
#15280=CARTESIAN_POINT('',(15.4724177505738,6.71467566778629,5.85));
#15281=CARTESIAN_POINT('',(15.6491583779648,6.71467566778629,5.85));
#15282=CARTESIAN_POINT('',(15.7227110431013,6.74488829291535,5.85));
#15283=CARTESIAN_POINT('',(15.8309430935091,6.86600657919014,5.85));
#15284=CARTESIAN_POINT('',(15.8591048201989,6.95421862416668,5.85));
#15285=CARTESIAN_POINT('',(15.8616041826065,7.0698281590993,5.85));
#15286=CARTESIAN_POINT('',(15.8616041826065,7.0698281590993,5.85));
#15287=CARTESIAN_POINT('',(15.8616041826065,7.0698281590993,5.85));
#15288=CARTESIAN_POINT('',(15.5241902575874,7.28717408477264,5.85));
#15289=CARTESIAN_POINT('',(15.4320709002805,7.26559363825188,5.85));
#15290=CARTESIAN_POINT('',(15.3635169599592,7.23291467637759,5.85));
#15291=CARTESIAN_POINT('',(15.2737204581497,7.14430471275775,5.85));
#15292=CARTESIAN_POINT('',(15.251402703392,7.08339301119807,5.85));
#15293=CARTESIAN_POINT('',(15.251402703392,6.92184795438555,5.85));
#15294=CARTESIAN_POINT('',(15.2813950522826,6.85217394133282,5.85));
#15295=CARTESIAN_POINT('',(15.4006899748127,6.74176869467646,5.85));
#15296=CARTESIAN_POINT('',(15.4724177505738,6.71467566778629,5.85));
#15297=CARTESIAN_POINT('',(15.6491583779648,6.71467566778629,5.85));
#15298=CARTESIAN_POINT('',(15.7227110431013,6.74488829291535,5.85));
#15299=CARTESIAN_POINT('',(15.8309430935091,6.86600657919014,5.85));
#15300=CARTESIAN_POINT('',(15.8591048201989,6.95421862416668,5.85));
#15301=CARTESIAN_POINT('',(15.8616041826065,7.0698281590993,5.85));
#15302=CARTESIAN_POINT('',(15.926052027544,7.0698281590993,5.85));
#15303=CARTESIAN_POINT('',(15.9904998724815,7.0698281590993,5.85));
#15304=CARTESIAN_POINT('',(15.9904998724815,7.0698281590993,5.85));
#15305=CARTESIAN_POINT('',(15.8616041826065,7.0698281590993,5.85));
#15306=CARTESIAN_POINT('',(15.9904998724815,7.0698281590993,5.85));
#15307=CARTESIAN_POINT('',(15.9904998724815,6.98689758604097,5.85));
#15308=CARTESIAN_POINT('',(16.0122800306044,6.91907332554716,5.85));
#15309=CARTESIAN_POINT('',(16.1008288701862,6.81487059806123,5.85));
#15310=CARTESIAN_POINT('',(16.1568859984698,6.78866577014316,5.85));
#15311=CARTESIAN_POINT('',(16.2879239989799,6.78866577014316,5.85));
#15312=CARTESIAN_POINT('',(16.3414817648559,6.80962963247761,5.85));
#15313=CARTESIAN_POINT('',(16.4284486155941,6.89395255944602,5.85));
#15314=CARTESIAN_POINT('',(16.4503825554705,6.94651132183784,5.85));
#15315=CARTESIAN_POINT('',(16.4503825554705,7.06551206979515,5.85));
#15316=CARTESIAN_POINT('',(16.4318158633002,7.1117558837682,5.85));
#15317=CARTESIAN_POINT('',(16.395039530732,7.14813435076033,5.85));
#15318=CARTESIAN_POINT('',(15.9904998724815,7.0698281590993,5.85));
#15319=CARTESIAN_POINT('',(15.9904998724815,6.98689758604097,5.85));
#15320=CARTESIAN_POINT('',(16.0122800306044,6.91907332554716,5.85));
#15321=CARTESIAN_POINT('',(16.1008288701862,6.81487059806123,5.85));
#15322=CARTESIAN_POINT('',(16.1568859984698,6.78866577014316,5.85));
#15323=CARTESIAN_POINT('',(16.2879239989799,6.78866577014316,5.85));
#15324=CARTESIAN_POINT('',(16.3414817648559,6.80962963247761,5.85));
#15325=CARTESIAN_POINT('',(16.4284486155941,6.89395255944602,5.85));
#15326=CARTESIAN_POINT('',(16.4503825554705,6.94651132183784,5.85));
#15327=CARTESIAN_POINT('',(16.4503825554705,7.06551206979515,5.85));
#15328=CARTESIAN_POINT('',(16.4318158633002,7.1117558837682,5.85));
#15329=CARTESIAN_POINT('',(16.395039530732,7.14813435076033,5.85));
#15330=CARTESIAN_POINT('',(16.3250573833206,7.19877132706082,5.85));
#15331=CARTESIAN_POINT('',(13.8558913542464,7.27175948011496,5.85));
#15332=CARTESIAN_POINT('',(13.8558913542464,7.27175948011496,5.85));
#15333=CARTESIAN_POINT('',(14.2029456771232,7.21549617311441,5.85));
#15334=CARTESIAN_POINT('',(14.55,7.15923286611387,5.85));
#15335=CARTESIAN_POINT('',(14.55,7.15923286611387,5.85));
#15336=CARTESIAN_POINT('',(14.55,7.15923286611387,5.85));
#15337=CARTESIAN_POINT('',(13.4891991838817,7.27175948011496,5.85));
#15338=CARTESIAN_POINT('',(13.4891991838817,7.27175948011496,5.85));
#15339=CARTESIAN_POINT('',(13.8558913542464,7.27175948011496,5.85));
#15340=CARTESIAN_POINT('',(13.9051644988523,7.17310601030578,5.85));
#15341=CARTESIAN_POINT('',(13.9298010711553,7.08555105585014,5.85));
#15342=CARTESIAN_POINT('',(13.9298010711553,6.92277283066501,5.85));
#15343=CARTESIAN_POINT('',(13.8996617013727,6.85450796929791,5.85));
#15344=CARTESIAN_POINT('',(13.7787681713849,6.7532121794305,5.85));
#15345=CARTESIAN_POINT('',(13.7016449885233,6.72824051988505,5.85));
#15346=CARTESIAN_POINT('',(13.505623565417,6.72824051988505,5.85));
#15347=CARTESIAN_POINT('',(13.4197260511669,6.75709284515286,5.85));
#15348=CARTESIAN_POINT('',(13.2817521040551,6.87252121948096,5.85));
#15349=CARTESIAN_POINT('',(13.2474751338944,6.94127035625423,5.85));
#15350=CARTESIAN_POINT('',(13.2474751338944,7.08154325863915,5.85));
#15351=CARTESIAN_POINT('',(13.2682277361246,7.13483844184094,5.85));
#15352=CARTESIAN_POINT('',(13.351377199694,7.22705712660767,5.85));
#15353=CARTESIAN_POINT('',(13.4113618974751,7.25726975173673,5.85));
#15354=CARTESIAN_POINT('',(13.4891991838817,7.27175948011496,5.85));
#15355=CARTESIAN_POINT('',(13.8558913542464,7.27175948011496,5.85));
#15356=CARTESIAN_POINT('',(13.9051644988523,7.17310601030578,5.85));
#15357=CARTESIAN_POINT('',(13.9298010711553,7.08555105585014,5.85));
#15358=CARTESIAN_POINT('',(13.9298010711553,6.92277283066501,5.85));
#15359=CARTESIAN_POINT('',(13.8996617013727,6.85450796929791,5.85));
#15360=CARTESIAN_POINT('',(13.7787681713849,6.7532121794305,5.85));
#15361=CARTESIAN_POINT('',(13.7016449885233,6.72824051988505,5.85));
#15362=CARTESIAN_POINT('',(13.505623565417,6.72824051988505,5.85));
#15363=CARTESIAN_POINT('',(13.4197260511669,6.75709284515286,5.85));
#15364=CARTESIAN_POINT('',(13.2817521040551,6.87252121948096,5.85));
#15365=CARTESIAN_POINT('',(13.2474751338944,6.94127035625423,5.85));
#15366=CARTESIAN_POINT('',(13.2474751338944,7.08154325863915,5.85));
#15367=CARTESIAN_POINT('',(13.2682277361246,7.13483844184094,5.85));
#15368=CARTESIAN_POINT('',(13.351377199694,7.22705712660767,5.85));
#15369=CARTESIAN_POINT('',(13.4113618974751,7.25726975173673,5.85));
#15370=CARTESIAN_POINT('',(13.4891991838817,7.27175948011496,5.85));
#15371=CARTESIAN_POINT('',(13.4891991838817,7.39476802528327,5.85));
#15372=CARTESIAN_POINT('',(13.4891991838817,7.39476802528327,5.85));
#15373=CARTESIAN_POINT('',(13.4891991838817,7.33326375269911,5.85));
#15374=CARTESIAN_POINT('',(13.4891991838817,7.27175948011496,5.85));
#15375=CARTESIAN_POINT('',(14.0351313440449,7.12717048842589,5.85));
#15376=CARTESIAN_POINT('',(14.0351313440449,7.12717048842589,5.85));
#15377=CARTESIAN_POINT('',(13.4891991838817,7.39476802528327,5.85));
#15378=CARTESIAN_POINT('',(13.3735144095894,7.38120317318451,5.85));
#15379=CARTESIAN_POINT('',(13.2822897678354,7.34033034104691,5.85));
#15380=CARTESIAN_POINT('',(13.1482147411375,7.20486009590061,5.85));
#15381=CARTESIAN_POINT('',(13.1150089262943,7.12254610702858,5.85));
#15382=CARTESIAN_POINT('',(13.1150089262943,6.89934263158533,5.85));
#15383=CARTESIAN_POINT('',(13.1622826237758,6.79747304242658,5.85));
#15384=CARTESIAN_POINT('',(13.3503060443764,6.64376848636095,5.85));
#15385=CARTESIAN_POINT('',(13.4663478704412,6.60523197471674,5.85));
#15386=CARTESIAN_POINT('',(13.7369931140015,6.60523197471674,5.85));
#15387=CARTESIAN_POINT('',(13.8463937176333,6.64051047827514,5.85));
#15388=CARTESIAN_POINT('',(14.0194210660546,6.78188334409379,5.85));
#15389=CARTESIAN_POINT('',(14.0626243305279,6.87005488273573,5.85));
#15390=CARTESIAN_POINT('',(14.0626243305279,7.0226594688468,5.85));
#15391=CARTESIAN_POINT('',(14.0533409844427,7.073219372124,5.85));
#15392=CARTESIAN_POINT('',(14.0351313440449,7.12717048842589,5.85));
#15393=CARTESIAN_POINT('',(13.4891991838817,7.39476802528327,5.85));
#15394=CARTESIAN_POINT('',(13.3735144095894,7.38120317318451,5.85));
#15395=CARTESIAN_POINT('',(13.2822897678354,7.34033034104691,5.85));
#15396=CARTESIAN_POINT('',(13.1482147411375,7.20486009590061,5.85));
#15397=CARTESIAN_POINT('',(13.1150089262943,7.12254610702858,5.85));
#15398=CARTESIAN_POINT('',(13.1150089262943,6.89934263158533,5.85));
#15399=CARTESIAN_POINT('',(13.1622826237758,6.79747304242658,5.85));
#15400=CARTESIAN_POINT('',(13.3503060443764,6.64376848636095,5.85));
#15401=CARTESIAN_POINT('',(13.4663478704412,6.60523197471674,5.85));
#15402=CARTESIAN_POINT('',(13.7369931140015,6.60523197471674,5.85));
#15403=CARTESIAN_POINT('',(13.8463937176333,6.64051047827514,5.85));
#15404=CARTESIAN_POINT('',(14.0194210660546,6.78188334409379,5.85));
#15405=CARTESIAN_POINT('',(14.0626243305279,6.87005488273573,5.85));
#15406=CARTESIAN_POINT('',(14.0626243305279,7.0226594688468,5.85));
#15407=CARTESIAN_POINT('',(14.0533409844427,7.073219372124,5.85));
#15408=CARTESIAN_POINT('',(14.0351313440449,7.12717048842589,5.85));
#15409=CARTESIAN_POINT('',(14.4175337923999,7.06643694607462,5.85));
#15410=CARTESIAN_POINT('',(14.4175337923999,7.06643694607462,5.85));
#15411=CARTESIAN_POINT('',(14.2263325682224,7.09680371725026,5.85));
#15412=CARTESIAN_POINT('',(14.0351313440449,7.12717048842589,5.85));
#15413=CARTESIAN_POINT('',(14.4175337923999,6.6354445998458,5.85));
#15414=CARTESIAN_POINT('',(14.4175337923999,6.6354445998458,5.85));
#15415=CARTESIAN_POINT('',(14.4175337923999,6.85094077296021,5.85));
#15416=CARTESIAN_POINT('',(14.4175337923999,7.06643694607462,5.85));
#15417=CARTESIAN_POINT('',(14.55,6.6354445998458,5.85));
#15418=CARTESIAN_POINT('',(14.55,6.6354445998458,5.85));
#15419=CARTESIAN_POINT('',(14.4837668961999,6.6354445998458,5.85));
#15420=CARTESIAN_POINT('',(14.4175337923999,6.6354445998458,5.85));
#15421=CARTESIAN_POINT('',(14.55,6.89733873297983,5.85));
#15422=CARTESIAN_POINT('',(14.55,6.6354445998458,5.85));
#15423=CARTESIAN_POINT('',(13.4840482893942,6.74455458744011,5.85));
#15424=CARTESIAN_POINT('',(4.95,8.8,5.));
#15425=CARTESIAN_POINT('',(4.95,8.8,5.));
#15426=CARTESIAN_POINT('',(4.95,9.7,5.));
#15427=CARTESIAN_POINT('',(8.55,9.7,5.));
#15428=CARTESIAN_POINT('',(6.05,9.7,5.));
#15429=CARTESIAN_POINT('',(6.05,8.,5.));
#15430=CARTESIAN_POINT('',(6.05,8.8,5.));
#15431=CARTESIAN_POINT('',(2.05,8.8,5.));
#15432=CARTESIAN_POINT('',(2.05,9.7,5.));
#15433=CARTESIAN_POINT('',(4.95,8.8,2.2));
#15434=CARTESIAN_POINT('',(4.95,9.7,2.2));
#15435=CARTESIAN_POINT('',(4.95,8.8,2.2));
#15436=CARTESIAN_POINT('',(6.05,9.7,-0.2));
#15437=CARTESIAN_POINT('',(6.05,8.8,2.2));
#15438=CARTESIAN_POINT('',(6.05,8.,-0.2));
#15439=CARTESIAN_POINT('',(8.55,9.7,1.));
#15440=CARTESIAN_POINT('',(8.55,8.8,2.2));
#15441=CARTESIAN_POINT('',(3.95,9.7,5.));
#15442=CARTESIAN_POINT('',(3.95,9.7,5.));
#15443=CARTESIAN_POINT('',(3.95,8.8,5.));
#15444=CARTESIAN_POINT('',(2.05,8.8,5.));
#15445=CARTESIAN_POINT('',(2.05,8.8,5.));
#15446=CARTESIAN_POINT('',(2.05,9.7,5.));
#15447=CARTESIAN_POINT('',(2.05,9.7,5.));
#15448=CARTESIAN_POINT('',(8.55,9.7,5.));
#15449=CARTESIAN_POINT('',(2.05,9.7,5.));
#15450=CARTESIAN_POINT('',(2.05,9.7,5.));
#15451=CARTESIAN_POINT('',(2.05,8.8,5.));
#15452=CARTESIAN_POINT('',(2.05,9.7,5.));
#15453=CARTESIAN_POINT('',(3.95,9.7,2.2));
#15454=CARTESIAN_POINT('',(3.95,8.8,2.2));
#15455=CARTESIAN_POINT('',(3.95,9.7,2.2));
#15456=CARTESIAN_POINT('',(8.55,9.7,1.));
#15457=CARTESIAN_POINT('',(8.55,8.8,2.2));
#15458=CARTESIAN_POINT('',(3.95,5.19999999999999,5.));
#15459=CARTESIAN_POINT('',(3.95,5.19999999999999,5.));
#15460=CARTESIAN_POINT('',(3.95,4.3,5.));
#15461=CARTESIAN_POINT('',(8.55,4.3,5.));
#15462=CARTESIAN_POINT('',(2.05,4.3,5.));
#15463=CARTESIAN_POINT('',(2.05,4.3,5.));
#15464=CARTESIAN_POINT('',(2.05,5.19999999999999,5.));
#15465=CARTESIAN_POINT('',(2.05,5.19999999999999,5.));
#15466=CARTESIAN_POINT('',(2.05,4.3,5.));
#15467=CARTESIAN_POINT('',(3.95,5.19999999999999,2.2));
#15468=CARTESIAN_POINT('',(3.95,4.3,2.2));
#15469=CARTESIAN_POINT('',(3.95,5.19999999999999,2.2));
#15470=CARTESIAN_POINT('',(2.05,5.19999999999999,5.));
#15471=CARTESIAN_POINT('',(2.05,4.3,5.));
#15472=CARTESIAN_POINT('',(2.05,4.3,5.));
#15473=CARTESIAN_POINT('',(8.55,4.3,1.));
#15474=CARTESIAN_POINT('',(8.55,5.2,2.2));
#15475=CARTESIAN_POINT('',(4.95,4.3,5.));
#15476=CARTESIAN_POINT('',(4.95,4.3,5.));
#15477=CARTESIAN_POINT('',(4.95,5.19999999999999,5.));
#15478=CARTESIAN_POINT('',(2.05,5.19999999999999,5.));
#15479=CARTESIAN_POINT('',(6.05,5.19999999999999,5.));
#15480=CARTESIAN_POINT('',(6.05,6.,5.));
#15481=CARTESIAN_POINT('',(6.05,4.3,5.));
#15482=CARTESIAN_POINT('',(8.55,4.3,5.));
#15483=CARTESIAN_POINT('',(2.05,4.3,5.));
#15484=CARTESIAN_POINT('',(6.05,5.2,2.2));
#15485=CARTESIAN_POINT('',(6.05,4.3,-0.2));
#15486=CARTESIAN_POINT('',(6.05,6.,-0.2));
#15487=CARTESIAN_POINT('',(4.95,4.3,2.2));
#15488=CARTESIAN_POINT('',(4.95,5.19999999999999,2.2));
#15489=CARTESIAN_POINT('',(4.95,4.3,2.2));
#15490=CARTESIAN_POINT('',(8.55,4.3,1.));
#15491=CARTESIAN_POINT('',(8.55,5.2,2.2));
#15492=CARTESIAN_POINT('',(7.55,9.7,5.));
#15493=CARTESIAN_POINT('',(7.55,9.7,5.));
#15494=CARTESIAN_POINT('',(7.55,8.8,5.));
#15495=CARTESIAN_POINT('',(8.55,9.7,5.));
#15496=CARTESIAN_POINT('',(8.55,9.7,5.));
#15497=CARTESIAN_POINT('',(8.55,8.8,5.));
#15498=CARTESIAN_POINT('',(8.55,8.8,5.));
#15499=CARTESIAN_POINT('',(2.05,8.8,5.));
#15500=CARTESIAN_POINT('',(2.05,9.7,5.));
#15501=CARTESIAN_POINT('',(7.55,8.8,2.2));
#15502=CARTESIAN_POINT('',(7.55,9.7,-0.2));
#15503=CARTESIAN_POINT('',(7.55,9.7,-0.2));
#15504=CARTESIAN_POINT('',(8.55,8.8,2.2));
#15505=CARTESIAN_POINT('',(8.55,9.7,1.));
#15506=CARTESIAN_POINT('',(8.55,12.85,2.5));
#15507=CARTESIAN_POINT('',(8.55,9.7,1.));
#15508=CARTESIAN_POINT('',(8.55,8.8,2.2));
#15509=CARTESIAN_POINT('',(7.55,4.3,5.));
#15510=CARTESIAN_POINT('',(7.55,4.3,5.));
#15511=CARTESIAN_POINT('',(7.55,5.19999999999999,5.));
#15512=CARTESIAN_POINT('',(2.05,5.19999999999999,5.));
#15513=CARTESIAN_POINT('',(8.55,5.19999999999999,5.));
#15514=CARTESIAN_POINT('',(8.55,5.19999999999999,5.));
#15515=CARTESIAN_POINT('',(8.55,4.3,5.));
#15516=CARTESIAN_POINT('',(8.55,4.3,5.));
#15517=CARTESIAN_POINT('',(2.05,4.3,5.));
#15518=CARTESIAN_POINT('',(8.55,4.3,1.));
#15519=CARTESIAN_POINT('',(8.55,5.2,2.2));
#15520=CARTESIAN_POINT('',(8.55,12.85,2.5));
#15521=CARTESIAN_POINT('',(7.55,4.3,-0.2));
#15522=CARTESIAN_POINT('',(7.55,5.2,2.2));
#15523=CARTESIAN_POINT('',(7.55,4.3,-0.2));
#15524=CARTESIAN_POINT('',(8.55,4.3,1.));
#15525=CARTESIAN_POINT('',(8.55,5.2,2.2));
#15526=CARTESIAN_POINT('',(2.04999999999999,11.9,4.5));
#15527=CARTESIAN_POINT('',(2.04999999999999,11.9,4.5));
#15528=CARTESIAN_POINT('',(2.04999999999999,11.1,4.5));
#15529=CARTESIAN_POINT('',(2.64999999999999,11.9,4.5));
#15530=CARTESIAN_POINT('',(6.84999999999999,11.9,4.5));
#15531=CARTESIAN_POINT('',(6.84999999999999,11.9,4.5));
#15532=CARTESIAN_POINT('',(6.84999999999999,11.1,4.5));
#15533=CARTESIAN_POINT('',(2.64999999999999,11.1,4.5));
#15534=CARTESIAN_POINT('',(14.6,7.,4.5));
#15535=CARTESIAN_POINT('',(4.44999999999999,11.1,13.8716024917757));
#15536=CARTESIAN_POINT('',(5.14999999999999,11.1,13.8716024917757));
#15537=CARTESIAN_POINT('',(2.04999999999999,11.1,5.97160249177573));
#15538=CARTESIAN_POINT('',(2.04999999999999,11.1,4.67160249177573));
#15539=CARTESIAN_POINT('',(6.84999999999999,11.1,5.97160249177573));
#15540=CARTESIAN_POINT('',(6.84999999999999,11.1,4.67160249177573));
#15541=CARTESIAN_POINT('',(6.94999999999999,11.1,4.67160249177573));
#15542=CARTESIAN_POINT('',(6.94999999999999,11.1,4.67160249177573));
#15543=CARTESIAN_POINT('',(6.84999999999999,11.1,5.47160249177573));
#15544=CARTESIAN_POINT('',(6.84999999999999,11.1,5.47160249177573));
#15545=CARTESIAN_POINT('',(6.84999999999999,11.1,5.97160249177573));
#15546=CARTESIAN_POINT('',(6.84999999999999,11.1,5.77160249177573));
#15547=CARTESIAN_POINT('',(6.64999999999999,11.1,5.77160249177573));
#15548=CARTESIAN_POINT('',(6.64999999999999,11.1,5.97160249177573));
#15549=CARTESIAN_POINT('',(6.04999999999999,11.1,5.97160249177573));
#15550=CARTESIAN_POINT('',(6.04999999999999,11.1,5.97160249177573));
#15551=CARTESIAN_POINT('',(6.04999999999999,11.1,7.67160249177573));
#15552=CARTESIAN_POINT('',(6.04999999999999,11.1,7.67160249177573));
#15553=CARTESIAN_POINT('',(6.84999999999999,11.1,8.67160249177573));
#15554=CARTESIAN_POINT('',(6.84999999999999,11.1,8.67160249177573));
#15555=CARTESIAN_POINT('',(6.84999999999999,11.1,17.0716024917757));
#15556=CARTESIAN_POINT('',(6.84999999999999,11.1,16.2716024917757));
#15557=CARTESIAN_POINT('',(2.85,11.1,16.2716024917757));
#15558=CARTESIAN_POINT('',(2.04999999999999,11.1,16.2716024917757));
#15559=CARTESIAN_POINT('',(2.04999999999999,11.1,17.0716024917757));
#15560=CARTESIAN_POINT('',(2.04999999999999,11.1,8.67160249177573));
#15561=CARTESIAN_POINT('',(2.04999999999999,11.1,8.67160249177573));
#15562=CARTESIAN_POINT('',(2.84999999999999,11.1,7.67160249177573));
#15563=CARTESIAN_POINT('',(2.84999999999999,11.1,7.67160249177573));
#15564=CARTESIAN_POINT('',(2.84999999999999,11.1,5.97160249177573));
#15565=CARTESIAN_POINT('',(2.84999999999999,11.1,5.97160249177573));
#15566=CARTESIAN_POINT('',(2.24999999999999,11.1,5.97160249177573));
#15567=CARTESIAN_POINT('',(2.24999999999999,11.1,5.77160249177573));
#15568=CARTESIAN_POINT('',(2.04999999999999,11.1,5.77160249177573));
#15569=CARTESIAN_POINT('',(2.04999999999999,11.1,5.97160249177573));
#15570=CARTESIAN_POINT('',(2.04999999999999,11.1,5.47160249177573));
#15571=CARTESIAN_POINT('',(2.04999999999999,11.1,5.47160249177573));
#15572=CARTESIAN_POINT('',(1.94999999999999,11.1,4.67160249177573));
#15573=CARTESIAN_POINT('',(1.94999999999999,11.1,4.67160249177573));
#15574=CARTESIAN_POINT('',(2.64999999999999,11.1,-1.72839750822427));
#15575=CARTESIAN_POINT('',(4.44999999999999,11.9,13.8716024917757));
#15576=CARTESIAN_POINT('',(5.14999999999999,11.9,13.8716024917757));
#15577=CARTESIAN_POINT('',(2.04999999999999,11.9,5.97160249177573));
#15578=CARTESIAN_POINT('',(2.04999999999999,11.9,4.67160249177573));
#15579=CARTESIAN_POINT('',(1.94999999999999,11.9,4.67160249177573));
#15580=CARTESIAN_POINT('',(1.94999999999999,11.9,4.67160249177573));
#15581=CARTESIAN_POINT('',(2.04999999999999,11.9,5.47160249177573));
#15582=CARTESIAN_POINT('',(2.04999999999999,11.9,5.47160249177573));
#15583=CARTESIAN_POINT('',(2.04999999999999,11.9,5.97160249177573));
#15584=CARTESIAN_POINT('',(2.04999999999999,11.9,5.77160249177573));
#15585=CARTESIAN_POINT('',(2.24999999999999,11.9,5.77160249177573));
#15586=CARTESIAN_POINT('',(2.24999999999999,11.9,5.97160249177573));
#15587=CARTESIAN_POINT('',(2.84999999999999,11.9,5.97160249177573));
#15588=CARTESIAN_POINT('',(2.84999999999999,11.9,5.97160249177573));
#15589=CARTESIAN_POINT('',(2.84999999999999,11.9,7.67160249177573));
#15590=CARTESIAN_POINT('',(2.84999999999999,11.9,7.67160249177573));
#15591=CARTESIAN_POINT('',(2.04999999999999,11.9,8.67160249177573));
#15592=CARTESIAN_POINT('',(2.04999999999999,11.9,8.67160249177573));
#15593=CARTESIAN_POINT('',(2.04999999999999,11.9,17.0716024917757));
#15594=CARTESIAN_POINT('',(2.04999999999999,11.9,16.2716024917757));
#15595=CARTESIAN_POINT('',(2.64999999999999,11.9,16.2716024917757));
#15596=CARTESIAN_POINT('',(6.84999999999999,11.9,16.2716024917757));
#15597=CARTESIAN_POINT('',(6.84999999999999,11.9,17.0716024917757));
#15598=CARTESIAN_POINT('',(6.84999999999999,11.9,8.67160249177573));
#15599=CARTESIAN_POINT('',(6.84999999999999,11.9,8.67160249177573));
#15600=CARTESIAN_POINT('',(6.04999999999999,11.9,7.67160249177573));
#15601=CARTESIAN_POINT('',(6.04999999999999,11.9,7.67160249177573));
#15602=CARTESIAN_POINT('',(6.04999999999999,11.9,5.97160249177573));
#15603=CARTESIAN_POINT('',(6.04999999999999,11.9,5.97160249177573));
#15604=CARTESIAN_POINT('',(6.64999999999999,11.9,5.97160249177573));
#15605=CARTESIAN_POINT('',(6.64999999999999,11.9,5.77160249177573));
#15606=CARTESIAN_POINT('',(6.84999999999999,11.9,5.77160249177573));
#15607=CARTESIAN_POINT('',(6.84999999999999,11.9,5.97160249177573));
#15608=CARTESIAN_POINT('',(6.84999999999999,11.9,5.47160249177573));
#15609=CARTESIAN_POINT('',(6.84999999999999,11.9,5.47160249177573));
#15610=CARTESIAN_POINT('',(6.94999999999999,11.9,4.67160249177573));
#15611=CARTESIAN_POINT('',(6.94999999999999,11.9,4.67160249177573));
#15612=CARTESIAN_POINT('',(6.84999999999999,11.9,4.67160249177573));
#15613=CARTESIAN_POINT('',(6.84999999999999,11.9,5.97160249177573));
#15614=CARTESIAN_POINT('',(2.64999999999999,11.9,-1.72839750822427));
#15615=CARTESIAN_POINT('',(2.04999999999999,11.1,4.67160249177573));
#15616=CARTESIAN_POINT('',(2.04999999999999,11.9,5.97160249177573));
#15617=CARTESIAN_POINT('',(6.84999999999999,11.1,4.67160249177573));
#15618=CARTESIAN_POINT('',(6.84999999999999,11.9,5.97160249177573));
#15619=CARTESIAN_POINT('',(2.04999999999999,11.9,5.77160249177573));
#15620=CARTESIAN_POINT('',(2.04999999999999,11.1,5.47160249177573));
#15621=CARTESIAN_POINT('',(2.04999999999999,11.9,5.97160249177573));
#15622=CARTESIAN_POINT('',(2.24999999999999,11.9,5.97160249177573));
#15623=CARTESIAN_POINT('',(2.84999999999999,11.9,5.97160249177573));
#15624=CARTESIAN_POINT('',(2.84999999999999,11.9,5.97160249177573));
#15625=CARTESIAN_POINT('',(2.84999999999999,11.9,7.67160249177573));
#15626=CARTESIAN_POINT('',(2.84999999999999,11.9,7.67160249177573));
#15627=CARTESIAN_POINT('',(2.04999999999999,11.9,8.67160249177573));
#15628=CARTESIAN_POINT('',(2.04999999999999,11.9,8.67160249177573));
#15629=CARTESIAN_POINT('',(2.04999999999999,11.9,16.2716024917757));
#15630=CARTESIAN_POINT('',(2.04999999999999,11.9,17.0716024917757));
#15631=CARTESIAN_POINT('',(6.04999999999999,11.9,17.0716024917757));
#15632=CARTESIAN_POINT('',(6.04999999999999,11.3,17.0716024917757));
#15633=CARTESIAN_POINT('',(6.04999999999999,11.7,17.0716024917757));
#15634=CARTESIAN_POINT('',(2.04999999999999,11.7,17.0716024917757));
#15635=CARTESIAN_POINT('',(2.84999999999999,11.7,17.0716024917757));
#15636=CARTESIAN_POINT('',(2.84999999999999,11.1,17.0716024917757));
#15637=CARTESIAN_POINT('',(2.84999999999999,11.3,17.0716024917757));
#15638=CARTESIAN_POINT('',(6.04999999999999,11.3,17.0716024917757));
#15639=CARTESIAN_POINT('',(2.04999999999999,11.9,17.0716024917757));
#15640=CARTESIAN_POINT('',(6.84999999999999,11.9,16.2716024917757));
#15641=CARTESIAN_POINT('',(6.84999999999999,11.9,8.67160249177573));
#15642=CARTESIAN_POINT('',(6.84999999999999,11.9,17.0716024917757));
#15643=CARTESIAN_POINT('',(6.04999999999999,11.9,7.67160249177573));
#15644=CARTESIAN_POINT('',(6.84999999999999,11.9,8.67160249177573));
#15645=CARTESIAN_POINT('',(6.04999999999999,11.9,5.97160249177573));
#15646=CARTESIAN_POINT('',(6.04999999999999,11.9,7.67160249177573));
#15647=CARTESIAN_POINT('',(6.64999999999999,11.9,5.97160249177573));
#15648=CARTESIAN_POINT('',(6.04999999999999,11.9,5.97160249177573));
#15649=CARTESIAN_POINT('',(6.84999999999999,11.9,5.77160249177573));
#15650=CARTESIAN_POINT('',(6.84999999999999,11.1,5.47160249177573));
#15651=CARTESIAN_POINT('',(6.84999999999999,11.9,5.97160249177573));
#15652=CARTESIAN_POINT('',(4.44999999999999,11.1,13.8716024917757));
#15653=CARTESIAN_POINT('',(6.94999999999999,11.1,4.67160249177573));
#15654=CARTESIAN_POINT('',(6.94999999999999,11.1,4.67160249177573));
#15655=CARTESIAN_POINT('',(6.84999999999999,11.1,5.47160249177573));
#15656=CARTESIAN_POINT('',(1.94999999999999,11.1,4.67160249177573));
#15657=CARTESIAN_POINT('',(1.94999999999999,11.1,4.67160249177573));
#15658=CARTESIAN_POINT('',(2.04999999999999,11.1,5.47160249177573));
#15659=CARTESIAN_POINT('',(6.84999999999999,11.9,16.2716024917757));
#15660=CARTESIAN_POINT('',(6.75303030303029,11.1242424242424,16.3685721887454));
#15661=CARTESIAN_POINT('',(6.84999999999999,11.9,16.2716024917757));
#15662=CARTESIAN_POINT('',(2.82575757575757,11.7060606060606,17.0473600675333));
#15663=CARTESIAN_POINT('',(2.92272727272727,11.3181818181818,17.144329764503));
#15664=CARTESIAN_POINT('',(2.84999999999999,11.9,17.0716024917757));
#15665=CARTESIAN_POINT('',(2.04999999999999,11.3,17.0716024917757));
#15666=CARTESIAN_POINT('',(2.64999999999999,11.9,16.2716024917757));
#15667=CARTESIAN_POINT('',(6.64999999999999,11.9,5.77160249177573));
#15668=CARTESIAN_POINT('',(2.24999999999999,11.9,5.77160249177573));
#15669=CARTESIAN_POINT('',(3.2,6.6,4.5));
#15670=CARTESIAN_POINT('',(3.2,6.6,4.5));
#15671=CARTESIAN_POINT('',(3.19999999999999,6.65,4.5));
#15672=CARTESIAN_POINT('',(4.45,6.6,4.5));
#15673=CARTESIAN_POINT('',(2.05,6.6,4.5));
#15674=CARTESIAN_POINT('',(2.05,7.4,4.5));
#15675=CARTESIAN_POINT('',(2.05,7.4,4.5));
#15676=CARTESIAN_POINT('',(4.45,7.4,4.5));
#15677=CARTESIAN_POINT('',(3.2,7.4,4.5));
#15678=CARTESIAN_POINT('',(3.25,7.4,4.5));
#15679=CARTESIAN_POINT('',(3.24999999999999,7.45,4.5));
#15680=CARTESIAN_POINT('',(3.2,7.45,4.5));
#15681=CARTESIAN_POINT('',(5.65,7.45,4.5));
#15682=CARTESIAN_POINT('',(5.64999999999999,7.4,4.5));
#15683=CARTESIAN_POINT('',(5.69999999999999,7.4,4.5));
#15684=CARTESIAN_POINT('',(4.45,7.4,4.5));
#15685=CARTESIAN_POINT('',(6.85,7.4,4.5));
#15686=CARTESIAN_POINT('',(6.85,7.4,4.5));
#15687=CARTESIAN_POINT('',(6.85,6.6,4.5));
#15688=CARTESIAN_POINT('',(4.45,6.6,4.5));
#15689=CARTESIAN_POINT('',(5.69999999999999,6.6,4.5));
#15690=CARTESIAN_POINT('',(5.69999999999999,6.6,4.5));
#15691=CARTESIAN_POINT('',(5.69999999999999,6.65,4.5));
#15692=CARTESIAN_POINT('',(5.69999999999999,6.65,4.5));
#15693=CARTESIAN_POINT('',(14.6,7.,4.5));
#15694=CARTESIAN_POINT('',(4.44999999999999,6.6,13.8));
#15695=CARTESIAN_POINT('',(5.14999999999999,6.6,13.8));
#15696=CARTESIAN_POINT('',(2.05,6.6,5.6));
#15697=CARTESIAN_POINT('',(2.05,6.6,4.6));
#15698=CARTESIAN_POINT('',(3.2,6.6,4.8));
#15699=CARTESIAN_POINT('',(3.2,6.6,4.6));
#15700=CARTESIAN_POINT('',(3.4,6.6,4.6));
#15701=CARTESIAN_POINT('',(3.4,6.6,4.8));
#15702=CARTESIAN_POINT('',(5.7,6.6,4.8));
#15703=CARTESIAN_POINT('',(5.5,6.6,4.8));
#15704=CARTESIAN_POINT('',(5.5,6.6,4.6));
#15705=CARTESIAN_POINT('',(5.69999999999999,6.6,4.6));
#15706=CARTESIAN_POINT('',(5.69999999999999,6.6,3.3));
#15707=CARTESIAN_POINT('',(6.85,6.6,5.6));
#15708=CARTESIAN_POINT('',(6.85,6.6,4.6));
#15709=CARTESIAN_POINT('',(6.94886955510581,6.6,4.6));
#15710=CARTESIAN_POINT('',(6.94886955510581,6.6,4.6));
#15711=CARTESIAN_POINT('',(6.84886955510581,6.6,5.2));
#15712=CARTESIAN_POINT('',(6.85,6.6,5.19321733063487));
#15713=CARTESIAN_POINT('',(6.85,6.6,5.6));
#15714=CARTESIAN_POINT('',(6.85,6.6,5.4));
#15715=CARTESIAN_POINT('',(6.65,6.6,5.4));
#15716=CARTESIAN_POINT('',(6.65,6.6,5.6));
#15717=CARTESIAN_POINT('',(6.05,6.6,5.6));
#15718=CARTESIAN_POINT('',(6.05,6.6,5.6));
#15719=CARTESIAN_POINT('',(6.05,6.6,7.6));
#15720=CARTESIAN_POINT('',(6.05,6.6,7.6));
#15721=CARTESIAN_POINT('',(6.85,6.6,8.6));
#15722=CARTESIAN_POINT('',(6.85,6.6,8.6));
#15723=CARTESIAN_POINT('',(6.85,6.6,17.));
#15724=CARTESIAN_POINT('',(6.84999999999999,6.6,16.));
#15725=CARTESIAN_POINT('',(10.85,6.6,12.));
#15726=CARTESIAN_POINT('',(6.74999999999999,6.6,16.1));
#15727=CARTESIAN_POINT('',(3.05,6.6,16.1));
#15728=CARTESIAN_POINT('',(2.15000000000001,6.6,16.1));
#15729=CARTESIAN_POINT('',(-1.95,6.6,12.));
#15730=CARTESIAN_POINT('',(2.05,6.6,16.));
#15731=CARTESIAN_POINT('',(2.05,6.6,17.));
#15732=CARTESIAN_POINT('',(2.05,6.6,8.6));
#15733=CARTESIAN_POINT('',(2.05,6.6,8.6));
#15734=CARTESIAN_POINT('',(2.85,6.6,7.6));
#15735=CARTESIAN_POINT('',(2.85,6.6,7.6));
#15736=CARTESIAN_POINT('',(2.85,6.6,5.6));
#15737=CARTESIAN_POINT('',(2.85,6.6,5.6));
#15738=CARTESIAN_POINT('',(2.25,6.6,5.6));
#15739=CARTESIAN_POINT('',(2.25,6.6,5.4));
#15740=CARTESIAN_POINT('',(2.05,6.6,5.4));
#15741=CARTESIAN_POINT('',(2.05,6.6,5.6));
#15742=CARTESIAN_POINT('',(2.05,6.6,5.19321733063487));
#15743=CARTESIAN_POINT('',(2.05113044489418,6.6,5.2));
#15744=CARTESIAN_POINT('',(1.95113044489418,6.6,4.6));
#15745=CARTESIAN_POINT('',(1.95113044489418,6.6,4.6));
#15746=CARTESIAN_POINT('',(4.45,6.6,5.6));
#15747=CARTESIAN_POINT('',(4.44999999999999,7.4,13.8));
#15748=CARTESIAN_POINT('',(5.14999999999999,7.4,13.8));
#15749=CARTESIAN_POINT('',(2.05,7.4,5.6));
#15750=CARTESIAN_POINT('',(2.05,7.4,4.6));
#15751=CARTESIAN_POINT('',(1.95113044489418,7.4,4.6));
#15752=CARTESIAN_POINT('',(1.95113044489418,7.4,4.6));
#15753=CARTESIAN_POINT('',(2.05113044489418,7.4,5.2));
#15754=CARTESIAN_POINT('',(2.05,7.4,5.19321733063487));
#15755=CARTESIAN_POINT('',(2.05,7.4,5.6));
#15756=CARTESIAN_POINT('',(2.05,7.4,5.4));
#15757=CARTESIAN_POINT('',(2.25,7.4,5.4));
#15758=CARTESIAN_POINT('',(2.25,7.4,5.6));
#15759=CARTESIAN_POINT('',(2.85,7.4,5.6));
#15760=CARTESIAN_POINT('',(2.85,7.4,5.6));
#15761=CARTESIAN_POINT('',(2.85,7.4,7.6));
#15762=CARTESIAN_POINT('',(2.85,7.4,7.6));
#15763=CARTESIAN_POINT('',(2.05,7.4,8.6));
#15764=CARTESIAN_POINT('',(2.05,7.4,8.6));
#15765=CARTESIAN_POINT('',(2.05,7.4,17.));
#15766=CARTESIAN_POINT('',(2.05,7.4,16.));
#15767=CARTESIAN_POINT('',(3.05,7.4,17.));
#15768=CARTESIAN_POINT('',(2.14999999999999,7.4,16.1));
#15769=CARTESIAN_POINT('',(4.45,7.4,16.1));
#15770=CARTESIAN_POINT('',(6.75,7.4,16.1));
#15771=CARTESIAN_POINT('',(6.85,7.4,16.));
#15772=CARTESIAN_POINT('',(6.85,7.4,16.));
#15773=CARTESIAN_POINT('',(6.85,7.4,17.));
#15774=CARTESIAN_POINT('',(6.85,7.4,8.6));
#15775=CARTESIAN_POINT('',(6.85,7.4,8.6));
#15776=CARTESIAN_POINT('',(6.05,7.4,7.6));
#15777=CARTESIAN_POINT('',(6.05,7.4,7.6));
#15778=CARTESIAN_POINT('',(6.05,7.4,5.6));
#15779=CARTESIAN_POINT('',(6.05,7.4,5.6));
#15780=CARTESIAN_POINT('',(6.65,7.4,5.6));
#15781=CARTESIAN_POINT('',(6.65,7.4,5.4));
#15782=CARTESIAN_POINT('',(6.85,7.4,5.4));
#15783=CARTESIAN_POINT('',(6.85,7.4,5.6));
#15784=CARTESIAN_POINT('',(6.85,7.4,5.19321733063487));
#15785=CARTESIAN_POINT('',(6.84886955510581,7.4,5.2));
#15786=CARTESIAN_POINT('',(6.94886955510581,7.4,4.6));
#15787=CARTESIAN_POINT('',(6.94886955510581,7.4,4.6));
#15788=CARTESIAN_POINT('',(6.85,7.4,4.6));
#15789=CARTESIAN_POINT('',(6.85,7.4,5.6));
#15790=CARTESIAN_POINT('',(5.69999999999999,7.4,3.3));
#15791=CARTESIAN_POINT('',(5.69999999999999,7.4,4.6));
#15792=CARTESIAN_POINT('',(5.5,7.4,4.6));
#15793=CARTESIAN_POINT('',(5.5,7.4,4.8));
#15794=CARTESIAN_POINT('',(5.7,7.4,4.8));
#15795=CARTESIAN_POINT('',(3.4,7.4,4.8));
#15796=CARTESIAN_POINT('',(3.4,7.4,4.6));
#15797=CARTESIAN_POINT('',(3.2,7.4,4.6));
#15798=CARTESIAN_POINT('',(3.2,7.4,4.8));
#15799=CARTESIAN_POINT('',(4.45,7.4,5.6));
#15800=CARTESIAN_POINT('',(2.05,7.4,4.6));
#15801=CARTESIAN_POINT('',(2.05,7.4,5.6));
#15802=CARTESIAN_POINT('',(6.85,7.4,4.6));
#15803=CARTESIAN_POINT('',(6.85,7.4,5.6));
#15804=CARTESIAN_POINT('',(5.65,7.45,4.8));
#15805=CARTESIAN_POINT('',(5.65,7.45,4.6));
#15806=CARTESIAN_POINT('',(3.25,7.45,4.8));
#15807=CARTESIAN_POINT('',(3.25,7.45,4.6));
#15808=CARTESIAN_POINT('',(3.4,7.45,4.6));
#15809=CARTESIAN_POINT('',(3.4,7.45,4.75));
#15810=CARTESIAN_POINT('',(3.2,7.45,4.75));
#15811=CARTESIAN_POINT('',(5.5,7.45,4.75));
#15812=CARTESIAN_POINT('',(5.5,7.45,4.6));
#15813=CARTESIAN_POINT('',(3.2,7.45,4.8));
#15814=CARTESIAN_POINT('',(5.69999999999999,6.65,3.3));
#15815=CARTESIAN_POINT('',(5.69999999999999,6.65,4.6));
#15816=CARTESIAN_POINT('',(5.69999999999999,6.65,4.6));
#15817=CARTESIAN_POINT('',(5.69999999999999,6.6,3.3));
#15818=CARTESIAN_POINT('',(3.2,6.65,4.8));
#15819=CARTESIAN_POINT('',(3.2,6.65,4.6));
#15820=CARTESIAN_POINT('',(3.2,6.6,4.6));
#15821=CARTESIAN_POINT('',(3.2,6.6,4.8));
#15822=CARTESIAN_POINT('',(5.5,6.65,4.6));
#15823=CARTESIAN_POINT('',(5.5,6.65,4.8));
#15824=CARTESIAN_POINT('',(5.7,6.65,4.8));
#15825=CARTESIAN_POINT('',(3.4,6.65,4.8));
#15826=CARTESIAN_POINT('',(3.4,6.65,4.6));
#15827=CARTESIAN_POINT('',(5.69999999999999,6.65,3.3));
#15828=CARTESIAN_POINT('',(3.25,7.4,4.6));
#15829=CARTESIAN_POINT('',(3.25,7.4,4.8));
#15830=CARTESIAN_POINT('',(5.65,7.4,4.6));
#15831=CARTESIAN_POINT('',(5.64999999999999,7.4,3.3));
#15832=CARTESIAN_POINT('',(6.05,7.4,7.6));
#15833=CARTESIAN_POINT('',(6.85,7.4,8.6));
#15834=CARTESIAN_POINT('',(6.85,7.4,8.6));
#15835=CARTESIAN_POINT('',(6.05,7.4,5.6));
#15836=CARTESIAN_POINT('',(6.05,7.4,7.6));
#15837=CARTESIAN_POINT('',(6.65,7.4,5.6));
#15838=CARTESIAN_POINT('',(6.05,7.4,5.6));
#15839=CARTESIAN_POINT('',(6.85,7.4,5.4));
#15840=CARTESIAN_POINT('',(6.85,7.4,5.19321733063487));
#15841=CARTESIAN_POINT('',(6.85,7.4,5.6));
#15842=CARTESIAN_POINT('',(2.05,7.4,5.4));
#15843=CARTESIAN_POINT('',(2.05,7.4,5.19321733063487));
#15844=CARTESIAN_POINT('',(2.05,7.4,5.6));
#15845=CARTESIAN_POINT('',(2.25,7.4,5.6));
#15846=CARTESIAN_POINT('',(2.85,7.4,5.6));
#15847=CARTESIAN_POINT('',(2.85,7.4,5.6));
#15848=CARTESIAN_POINT('',(2.85,7.4,7.6));
#15849=CARTESIAN_POINT('',(2.85,7.4,7.6));
#15850=CARTESIAN_POINT('',(2.05,7.4,8.6));
#15851=CARTESIAN_POINT('',(2.05,7.4,8.6));
#15852=CARTESIAN_POINT('',(2.05,7.4,16.));
#15853=CARTESIAN_POINT('',(2.05,7.4,17.));
#15854=CARTESIAN_POINT('',(3.05,6.6,17.));
#15855=CARTESIAN_POINT('',(3.05,7.175,17.));
#15856=CARTESIAN_POINT('',(3.05,6.825,17.));
#15857=CARTESIAN_POINT('',(5.85,6.825,17.));
#15858=CARTESIAN_POINT('',(5.85,6.825,17.));
#15859=CARTESIAN_POINT('',(5.85,7.4,17.));
#15860=CARTESIAN_POINT('',(5.85,7.175,17.));
#15861=CARTESIAN_POINT('',(2.05,7.175,17.));
#15862=CARTESIAN_POINT('',(2.05,7.4,17.));
#15863=CARTESIAN_POINT('',(6.85,7.4,16.));
#15864=CARTESIAN_POINT('',(6.85,7.4,17.));
#15865=CARTESIAN_POINT('',(4.44999999999999,6.6,13.8));
#15866=CARTESIAN_POINT('',(3.4,6.65,4.8));
#15867=CARTESIAN_POINT('',(5.5,6.6,4.8));
#15868=CARTESIAN_POINT('',(5.7,6.6,4.8));
#15869=CARTESIAN_POINT('',(6.94886955510581,6.6,4.6));
#15870=CARTESIAN_POINT('',(6.94886955510581,6.6,4.6));
#15871=CARTESIAN_POINT('',(6.84886955510581,6.6,5.2));
#15872=CARTESIAN_POINT('',(1.95113044489418,6.6,4.6));
#15873=CARTESIAN_POINT('',(1.95113044489418,6.6,4.6));
#15874=CARTESIAN_POINT('',(2.05113044489418,6.6,5.2));
#15875=CARTESIAN_POINT('',(2.25,7.4,5.4));
#15876=CARTESIAN_POINT('',(6.65,7.4,5.4));
#15877=CARTESIAN_POINT('',(3.4,6.6,4.6));
#15878=CARTESIAN_POINT('',(5.5,6.6,4.6));
#15879=CARTESIAN_POINT('',(3.4,7.4,4.75));
#15880=CARTESIAN_POINT('',(3.4,7.4,4.6));
#15881=CARTESIAN_POINT('',(5.5,7.4,4.75));
#15882=CARTESIAN_POINT('',(5.7,7.4,4.75));
#15883=CARTESIAN_POINT('',(5.5,7.4,4.6));
#15884=CARTESIAN_POINT('',(3.11969696969697,6.84242424242424,17.069696969697));
#15885=CARTESIAN_POINT('',(3.02272727272727,7.18181818181818,16.9727272727273));
#15886=CARTESIAN_POINT('',(3.05,7.4,17.));
#15887=CARTESIAN_POINT('',(6.75,6.6,16.1));
#15888=CARTESIAN_POINT('',(6.84696969696969,7.42424242424242,16.0030303030303));
#15889=CARTESIAN_POINT('',(6.85,7.4,16.));
#15890=CARTESIAN_POINT('',(4.45,7.4,16.1));
#15891=CARTESIAN_POINT('',(2.05,6.825,17.));
#15892=CARTESIAN_POINT('',(2.04999999999999,2.9,4.5));
#15893=CARTESIAN_POINT('',(2.04999999999999,2.9,4.5));
#15894=CARTESIAN_POINT('',(2.04999999999999,2.1,4.5));
#15895=CARTESIAN_POINT('',(2.64999999999999,2.9,4.5));
#15896=CARTESIAN_POINT('',(6.84999999999999,2.9,4.5));
#15897=CARTESIAN_POINT('',(6.84999999999999,2.9,4.5));
#15898=CARTESIAN_POINT('',(6.84999999999999,2.1,4.5));
#15899=CARTESIAN_POINT('',(2.64999999999999,2.1,4.5));
#15900=CARTESIAN_POINT('',(14.6,7.,4.5));
#15901=CARTESIAN_POINT('',(4.44999999999999,2.1,13.8716024917757));
#15902=CARTESIAN_POINT('',(5.14999999999999,2.1,13.8716024917757));
#15903=CARTESIAN_POINT('',(2.04999999999999,2.1,5.97160249177573));
#15904=CARTESIAN_POINT('',(2.04999999999999,2.1,4.67160249177573));
#15905=CARTESIAN_POINT('',(6.84999999999999,2.1,5.97160249177573));
#15906=CARTESIAN_POINT('',(6.84999999999999,2.1,4.67160249177573));
#15907=CARTESIAN_POINT('',(6.94999999999999,2.1,4.67160249177573));
#15908=CARTESIAN_POINT('',(6.94999999999999,2.1,4.67160249177573));
#15909=CARTESIAN_POINT('',(6.84999999999999,2.1,5.47160249177573));
#15910=CARTESIAN_POINT('',(6.84999999999999,2.1,5.47160249177573));
#15911=CARTESIAN_POINT('',(6.84999999999999,2.1,5.97160249177573));
#15912=CARTESIAN_POINT('',(6.84999999999999,2.1,5.77160249177573));
#15913=CARTESIAN_POINT('',(6.64999999999999,2.1,5.77160249177573));
#15914=CARTESIAN_POINT('',(6.64999999999999,2.1,5.97160249177573));
#15915=CARTESIAN_POINT('',(6.04999999999999,2.1,5.97160249177573));
#15916=CARTESIAN_POINT('',(6.04999999999999,2.1,5.97160249177573));
#15917=CARTESIAN_POINT('',(6.04999999999999,2.1,7.67160249177573));
#15918=CARTESIAN_POINT('',(6.04999999999999,2.1,7.67160249177573));
#15919=CARTESIAN_POINT('',(6.84999999999999,2.1,8.67160249177573));
#15920=CARTESIAN_POINT('',(6.84999999999999,2.1,8.67160249177573));
#15921=CARTESIAN_POINT('',(6.84999999999999,2.1,17.0716024917757));
#15922=CARTESIAN_POINT('',(6.84999999999999,2.1,16.2716024917757));
#15923=CARTESIAN_POINT('',(2.85,2.1,16.2716024917757));
#15924=CARTESIAN_POINT('',(2.04999999999999,2.1,16.2716024917757));
#15925=CARTESIAN_POINT('',(2.04999999999999,2.1,17.0716024917757));
#15926=CARTESIAN_POINT('',(2.04999999999999,2.1,8.67160249177573));
#15927=CARTESIAN_POINT('',(2.04999999999999,2.1,8.67160249177573));
#15928=CARTESIAN_POINT('',(2.84999999999999,2.1,7.67160249177573));
#15929=CARTESIAN_POINT('',(2.84999999999999,2.1,7.67160249177573));
#15930=CARTESIAN_POINT('',(2.84999999999999,2.1,5.97160249177573));
#15931=CARTESIAN_POINT('',(2.84999999999999,2.1,5.97160249177573));
#15932=CARTESIAN_POINT('',(2.24999999999999,2.1,5.97160249177573));
#15933=CARTESIAN_POINT('',(2.24999999999999,2.1,5.77160249177573));
#15934=CARTESIAN_POINT('',(2.04999999999999,2.1,5.77160249177573));
#15935=CARTESIAN_POINT('',(2.04999999999999,2.1,5.97160249177573));
#15936=CARTESIAN_POINT('',(2.04999999999999,2.1,5.47160249177573));
#15937=CARTESIAN_POINT('',(2.04999999999999,2.1,5.47160249177573));
#15938=CARTESIAN_POINT('',(1.94999999999999,2.1,4.67160249177573));
#15939=CARTESIAN_POINT('',(1.94999999999999,2.1,4.67160249177573));
#15940=CARTESIAN_POINT('',(2.64999999999999,2.1,-1.72839750822427));
#15941=CARTESIAN_POINT('',(4.44999999999999,2.9,13.8716024917757));
#15942=CARTESIAN_POINT('',(5.14999999999999,2.9,13.8716024917757));
#15943=CARTESIAN_POINT('',(2.04999999999999,2.9,5.97160249177573));
#15944=CARTESIAN_POINT('',(2.04999999999999,2.9,4.67160249177573));
#15945=CARTESIAN_POINT('',(1.94999999999999,2.9,4.67160249177573));
#15946=CARTESIAN_POINT('',(1.94999999999999,2.9,4.67160249177573));
#15947=CARTESIAN_POINT('',(2.04999999999999,2.9,5.47160249177573));
#15948=CARTESIAN_POINT('',(2.04999999999999,2.9,5.47160249177573));
#15949=CARTESIAN_POINT('',(2.04999999999999,2.9,5.97160249177573));
#15950=CARTESIAN_POINT('',(2.04999999999999,2.9,5.77160249177573));
#15951=CARTESIAN_POINT('',(2.24999999999999,2.9,5.77160249177573));
#15952=CARTESIAN_POINT('',(2.24999999999999,2.9,5.97160249177573));
#15953=CARTESIAN_POINT('',(2.84999999999999,2.9,5.97160249177573));
#15954=CARTESIAN_POINT('',(2.84999999999999,2.9,5.97160249177573));
#15955=CARTESIAN_POINT('',(2.84999999999999,2.9,7.67160249177573));
#15956=CARTESIAN_POINT('',(2.84999999999999,2.9,7.67160249177573));
#15957=CARTESIAN_POINT('',(2.04999999999999,2.9,8.67160249177573));
#15958=CARTESIAN_POINT('',(2.04999999999999,2.9,8.67160249177573));
#15959=CARTESIAN_POINT('',(2.04999999999999,2.9,17.0716024917757));
#15960=CARTESIAN_POINT('',(2.04999999999999,2.9,16.2716024917757));
#15961=CARTESIAN_POINT('',(2.64999999999999,2.9,16.2716024917757));
#15962=CARTESIAN_POINT('',(6.84999999999999,2.9,16.2716024917757));
#15963=CARTESIAN_POINT('',(6.84999999999999,2.9,17.0716024917757));
#15964=CARTESIAN_POINT('',(6.84999999999999,2.9,8.67160249177573));
#15965=CARTESIAN_POINT('',(6.84999999999999,2.9,8.67160249177573));
#15966=CARTESIAN_POINT('',(6.04999999999999,2.9,7.67160249177573));
#15967=CARTESIAN_POINT('',(6.04999999999999,2.9,7.67160249177573));
#15968=CARTESIAN_POINT('',(6.04999999999999,2.9,5.97160249177573));
#15969=CARTESIAN_POINT('',(6.04999999999999,2.9,5.97160249177573));
#15970=CARTESIAN_POINT('',(6.64999999999999,2.9,5.97160249177573));
#15971=CARTESIAN_POINT('',(6.64999999999999,2.9,5.77160249177573));
#15972=CARTESIAN_POINT('',(6.84999999999999,2.9,5.77160249177573));
#15973=CARTESIAN_POINT('',(6.84999999999999,2.9,5.97160249177573));
#15974=CARTESIAN_POINT('',(6.84999999999999,2.9,5.47160249177573));
#15975=CARTESIAN_POINT('',(6.84999999999999,2.9,5.47160249177573));
#15976=CARTESIAN_POINT('',(6.94999999999999,2.9,4.67160249177573));
#15977=CARTESIAN_POINT('',(6.94999999999999,2.9,4.67160249177573));
#15978=CARTESIAN_POINT('',(6.84999999999999,2.9,4.67160249177573));
#15979=CARTESIAN_POINT('',(6.84999999999999,2.9,5.97160249177573));
#15980=CARTESIAN_POINT('',(2.64999999999999,2.9,-1.72839750822427));
#15981=CARTESIAN_POINT('',(2.04999999999999,2.1,4.67160249177573));
#15982=CARTESIAN_POINT('',(2.04999999999999,2.9,5.97160249177573));
#15983=CARTESIAN_POINT('',(6.84999999999999,2.1,4.67160249177573));
#15984=CARTESIAN_POINT('',(6.84999999999999,2.9,5.97160249177573));
#15985=CARTESIAN_POINT('',(2.04999999999999,2.9,5.77160249177573));
#15986=CARTESIAN_POINT('',(2.04999999999999,2.1,5.47160249177573));
#15987=CARTESIAN_POINT('',(2.04999999999999,2.9,5.97160249177573));
#15988=CARTESIAN_POINT('',(2.24999999999999,2.9,5.97160249177573));
#15989=CARTESIAN_POINT('',(2.84999999999999,2.9,5.97160249177573));
#15990=CARTESIAN_POINT('',(2.84999999999999,2.9,5.97160249177573));
#15991=CARTESIAN_POINT('',(2.84999999999999,2.9,7.67160249177573));
#15992=CARTESIAN_POINT('',(2.84999999999999,2.9,7.67160249177573));
#15993=CARTESIAN_POINT('',(2.04999999999999,2.9,8.67160249177573));
#15994=CARTESIAN_POINT('',(2.04999999999999,2.9,8.67160249177573));
#15995=CARTESIAN_POINT('',(2.04999999999999,2.9,16.2716024917757));
#15996=CARTESIAN_POINT('',(2.04999999999999,2.9,17.0716024917757));
#15997=CARTESIAN_POINT('',(6.04999999999999,2.9,17.0716024917757));
#15998=CARTESIAN_POINT('',(6.04999999999999,2.3,17.0716024917757));
#15999=CARTESIAN_POINT('',(6.04999999999999,2.7,17.0716024917757));
#16000=CARTESIAN_POINT('',(2.04999999999999,2.7,17.0716024917757));
#16001=CARTESIAN_POINT('',(2.84999999999999,2.7,17.0716024917757));
#16002=CARTESIAN_POINT('',(2.84999999999999,2.1,17.0716024917757));
#16003=CARTESIAN_POINT('',(2.84999999999999,2.3,17.0716024917757));
#16004=CARTESIAN_POINT('',(6.04999999999999,2.3,17.0716024917757));
#16005=CARTESIAN_POINT('',(2.04999999999999,2.9,17.0716024917757));
#16006=CARTESIAN_POINT('',(6.84999999999999,2.9,16.2716024917757));
#16007=CARTESIAN_POINT('',(6.84999999999999,2.9,8.67160249177573));
#16008=CARTESIAN_POINT('',(6.84999999999999,2.9,17.0716024917757));
#16009=CARTESIAN_POINT('',(6.04999999999999,2.9,7.67160249177573));
#16010=CARTESIAN_POINT('',(6.84999999999999,2.9,8.67160249177573));
#16011=CARTESIAN_POINT('',(6.04999999999999,2.9,5.97160249177573));
#16012=CARTESIAN_POINT('',(6.04999999999999,2.9,7.67160249177573));
#16013=CARTESIAN_POINT('',(6.64999999999999,2.9,5.97160249177573));
#16014=CARTESIAN_POINT('',(6.04999999999999,2.9,5.97160249177573));
#16015=CARTESIAN_POINT('',(6.84999999999999,2.9,5.77160249177573));
#16016=CARTESIAN_POINT('',(6.84999999999999,2.1,5.47160249177573));
#16017=CARTESIAN_POINT('',(6.84999999999999,2.9,5.97160249177573));
#16018=CARTESIAN_POINT('',(4.44999999999999,2.1,13.8716024917757));
#16019=CARTESIAN_POINT('',(6.94999999999999,2.1,4.67160249177573));
#16020=CARTESIAN_POINT('',(6.94999999999999,2.1,4.67160249177573));
#16021=CARTESIAN_POINT('',(6.84999999999999,2.1,5.47160249177573));
#16022=CARTESIAN_POINT('',(1.94999999999999,2.1,4.67160249177573));
#16023=CARTESIAN_POINT('',(1.94999999999999,2.1,4.67160249177573));
#16024=CARTESIAN_POINT('',(2.04999999999999,2.1,5.47160249177573));
#16025=CARTESIAN_POINT('',(6.84999999999999,2.9,16.2716024917757));
#16026=CARTESIAN_POINT('',(6.75303030303029,2.12424242424242,16.3685721887454));
#16027=CARTESIAN_POINT('',(6.84999999999999,2.9,16.2716024917757));
#16028=CARTESIAN_POINT('',(2.82575757575757,2.7060606060606,17.0473600675333));
#16029=CARTESIAN_POINT('',(2.92272727272727,2.31818181818182,17.144329764503));
#16030=CARTESIAN_POINT('',(2.84999999999999,2.9,17.0716024917757));
#16031=CARTESIAN_POINT('',(2.04999999999999,2.3,17.0716024917757));
#16032=CARTESIAN_POINT('',(2.64999999999999,2.9,16.2716024917757));
#16033=CARTESIAN_POINT('',(6.64999999999999,2.9,5.77160249177573));
#16034=CARTESIAN_POINT('',(2.24999999999999,2.9,5.77160249177573));
#16035=(
GEOMETRIC_REPRESENTATION_CONTEXT(3)
GLOBAL_UNCERTAINTY_ASSIGNED_CONTEXT((#16036))
GLOBAL_UNIT_ASSIGNED_CONTEXT((#16042,#16038,#16037))
REPRESENTATION_CONTEXT('HFV6[2]','TOP_LEVEL_ASSEMBLY_PART')
);
#16036=UNCERTAINTY_MEASURE_WITH_UNIT(LENGTH_MEASURE(0.0508),#16042,
'DISTANCE_ACCURACY_VALUE','Maximum Tolerance applied to model');
#16037=(
NAMED_UNIT(*)
SI_UNIT($,.STERADIAN.)
SOLID_ANGLE_UNIT()
);
#16038=(
CONVERSION_BASED_UNIT('DEGREE',#16040)
NAMED_UNIT(#16039)
PLANE_ANGLE_UNIT()
);
#16039=DIMENSIONAL_EXPONENTS(0.,0.,0.,0.,0.,0.,0.);
#16040=PLANE_ANGLE_MEASURE_WITH_UNIT(PLANE_ANGLE_MEASURE(0.0174532925),
#16041);
#16041=(
NAMED_UNIT(*)
PLANE_ANGLE_UNIT()
SI_UNIT($,.RADIAN.)
);
#16042=(
LENGTH_UNIT()
NAMED_UNIT(*)
SI_UNIT(.MILLI.,.METRE.)
);
ENDSEC;
END-ISO-10303-21;
