ISO-10303-21;
HEADER;
/* Generated by software containing ST-Developer
 * from STEP Tools, Inc. (www.steptools.com) 
 */
/* OPTION: using custom schema-name function */

FILE_DESCRIPTION(
/* description */ (''),
/* implementation_level */ '2;1');

FILE_NAME(
/* name */ 'HFV6_1__stp.stp',
/* time_stamp */ '2018-02-28T15:45:48+08:00',
/* author */ (''),
/* organization */ (''),
/* preprocessor_version */ 'ST-DEVELOPER v15',
/* originating_system */ 'SIEMENS PLM Software NX 8.5',
/* authorisation */ '');

FILE_SCHEMA (('AP203_CONFIGURATION_CONTROLLED_3D_DESIGN_OF_MECHANICAL_PARTS_AND_ASSEMBLIES_MIM_LF { 1 0 10303 403 2 1 2}'));
ENDSEC;

DATA;
#10=PROPERTY_DEFINITION_REPRESENTATION(#14,#12);
#11=PROPERTY_DEFINITION_REPRESENTATION(#15,#13);
#12=REPRESENTATION('',(#16),#15481);
#13=REPRESENTATION('',(#17),#15481);
#14=PROPERTY_DEFINITION('pmi validation property','',#89);
#15=PROPERTY_DEFINITION('pmi validation property','',#89);
#16=VALUE_REPRESENTATION_ITEM('number of annotations',COUNT_MEASURE(0.));
#17=VALUE_REPRESENTATION_ITEM('number of views',COUNT_MEASURE(0.));
#18=SHAPE_REPRESENTATION_RELATIONSHIP('None',
'relationship between 100008F00583ukst-None and 100008F00583ukst-None',
#100,#19);
#19=ADVANCED_BREP_SHAPE_REPRESENTATION('100008F00583ukst-None',(#221,#222,
#223,#224,#225,#226,#227),#15481);
#20=CC_DESIGN_APPROVAL(#32,(#90));
#21=CC_DESIGN_APPROVAL(#33,(#92));
#22=CC_DESIGN_APPROVAL(#34,(#39));
#23=APPROVAL_PERSON_ORGANIZATION(#77,#32,#26);
#24=APPROVAL_PERSON_ORGANIZATION(#78,#33,#27);
#25=APPROVAL_PERSON_ORGANIZATION(#79,#34,#28);
#26=APPROVAL_ROLE('approver');
#27=APPROVAL_ROLE('approver');
#28=APPROVAL_ROLE('approver');
#29=APPROVAL_DATE_TIME(#47,#32);
#30=APPROVAL_DATE_TIME(#48,#33);
#31=APPROVAL_DATE_TIME(#49,#34);
#32=APPROVAL(#35,' ');
#33=APPROVAL(#36,' ');
#34=APPROVAL(#37,' ');
#35=APPROVAL_STATUS('not_yet_approved');
#36=APPROVAL_STATUS('not_yet_approved');
#37=APPROVAL_STATUS('not_yet_approved');
#38=CC_DESIGN_SECURITY_CLASSIFICATION(#39,(#92));
#39=SECURITY_CLASSIFICATION(' ',' ',#40);
#40=SECURITY_CLASSIFICATION_LEVEL('confidential');
#41=CC_DESIGN_DATE_AND_TIME_ASSIGNMENT(#45,#43,(#90));
#42=CC_DESIGN_DATE_AND_TIME_ASSIGNMENT(#46,#44,(#39));
#43=DATE_TIME_ROLE('creation_date');
#44=DATE_TIME_ROLE('classification_date');
#45=DATE_AND_TIME(#60,#50);
#46=DATE_AND_TIME(#61,#51);
#47=DATE_AND_TIME(#62,#52);
#48=DATE_AND_TIME(#63,#53);
#49=DATE_AND_TIME(#64,#54);
#50=LOCAL_TIME(0,0,0.,#55);
#51=LOCAL_TIME(0,0,0.,#56);
#52=LOCAL_TIME(0,0,0.,#57);
#53=LOCAL_TIME(0,0,0.,#58);
#54=LOCAL_TIME(0,0,0.,#59);
#55=COORDINATED_UNIVERSAL_TIME_OFFSET(0,0,.BEHIND.);
#56=COORDINATED_UNIVERSAL_TIME_OFFSET(0,0,.BEHIND.);
#57=COORDINATED_UNIVERSAL_TIME_OFFSET(0,0,.BEHIND.);
#58=COORDINATED_UNIVERSAL_TIME_OFFSET(0,0,.BEHIND.);
#59=COORDINATED_UNIVERSAL_TIME_OFFSET(0,0,.BEHIND.);
#60=CALENDAR_DATE(0,1,1);
#61=CALENDAR_DATE(0,1,1);
#62=CALENDAR_DATE(0,1,1);
#63=CALENDAR_DATE(0,1,1);
#64=CALENDAR_DATE(0,1,1);
#65=CC_DESIGN_PERSON_AND_ORGANIZATION_ASSIGNMENT(#73,#69,(#90,#92));
#66=CC_DESIGN_PERSON_AND_ORGANIZATION_ASSIGNMENT(#74,#70,(#94));
#67=CC_DESIGN_PERSON_AND_ORGANIZATION_ASSIGNMENT(#75,#71,(#92));
#68=CC_DESIGN_PERSON_AND_ORGANIZATION_ASSIGNMENT(#76,#72,(#39));
#69=PERSON_AND_ORGANIZATION_ROLE('creator');
#70=PERSON_AND_ORGANIZATION_ROLE('design_owner');
#71=PERSON_AND_ORGANIZATION_ROLE('design_supplier');
#72=PERSON_AND_ORGANIZATION_ROLE('classification_officer');
#73=PERSON_AND_ORGANIZATION(#87,#80);
#74=PERSON_AND_ORGANIZATION(#87,#81);
#75=PERSON_AND_ORGANIZATION(#87,#82);
#76=PERSON_AND_ORGANIZATION(#87,#83);
#77=PERSON_AND_ORGANIZATION(#87,#84);
#78=PERSON_AND_ORGANIZATION(#87,#85);
#79=PERSON_AND_ORGANIZATION(#87,#86);
#80=ORGANIZATION(' ',' ',' ');
#81=ORGANIZATION(' ',' ',' ');
#82=ORGANIZATION(' ',' ',' ');
#83=ORGANIZATION(' ',' ',' ');
#84=ORGANIZATION(' ',' ',' ');
#85=ORGANIZATION(' ',' ',' ');
#86=ORGANIZATION(' ',' ',' ');
#87=PERSON(' ',' ',' ',(' '),$,$);
#88=SHAPE_DEFINITION_REPRESENTATION(#89,#100);
#89=PRODUCT_DEFINITION_SHAPE('','',#90);
#90=PRODUCT_DEFINITION(' ','',#92,#91);
#91=DESIGN_CONTEXT('',#99,'design');
#92=PRODUCT_DEFINITION_FORMATION_WITH_SPECIFIED_SOURCE(' ',' ',#94,
 .NOT_KNOWN.);
#93=PRODUCT_RELATED_PRODUCT_CATEGORY('detail','',(#94));
#94=PRODUCT('100008F00583ukst','100008F00583ukst',' ',(#97));
#95=PRODUCT_CATEGORY('part',' ');
#96=PRODUCT_CATEGORY(' ','');
#97=MECHANICAL_CONTEXT(' ',#99,'mechanical');
#98=APPLICATION_PROTOCOL_DEFINITION('international standard',
'config_control_design',2010,#99);
#99=APPLICATION_CONTEXT(
'configuration controlled 3D designs of mechanical parts and assemblie
s');
#100=SHAPE_REPRESENTATION('100008F00583ukst-None',(#9023),#15481);
#101=SPHERICAL_SURFACE('',#9598,0.5);
#102=SPHERICAL_SURFACE('',#9607,0.5);
#103=SPHERICAL_SURFACE('',#9609,0.5);
#104=SURFACE_OF_LINEAR_EXTRUSION('',#198,#8492);
#105=SURFACE_OF_LINEAR_EXTRUSION('',#200,#8496);
#106=SURFACE_OF_LINEAR_EXTRUSION('',#202,#8503);
#107=SURFACE_OF_LINEAR_EXTRUSION('',#204,#8515);
#108=SURFACE_OF_LINEAR_EXTRUSION('',#206,#8533);
#109=SURFACE_OF_LINEAR_EXTRUSION('',#208,#8537);
#110=SURFACE_OF_LINEAR_EXTRUSION('',#210,#8539);
#111=SURFACE_OF_LINEAR_EXTRUSION('',#212,#8543);
#112=SURFACE_OF_LINEAR_EXTRUSION('',#214,#8546);
#113=SURFACE_OF_LINEAR_EXTRUSION('',#216,#8551);
#114=SURFACE_OF_LINEAR_EXTRUSION('',#218,#8555);
#115=CONICAL_SURFACE('',#9307,0.5,45.);
#116=CONICAL_SURFACE('',#9669,0.5,44.9999999999998);
#117=CONICAL_SURFACE('',#9687,0.75,44.9999999999999);
#118=TOROIDAL_SURFACE('',#9261,0.8,0.3);
#119=TOROIDAL_SURFACE('',#9276,0.8,0.3);
#120=TOROIDAL_SURFACE('',#9320,0.3,0.2);
#121=TOROIDAL_SURFACE('',#9324,0.3,0.2);
#122=TOROIDAL_SURFACE('',#9331,0.7,0.2);
#123=TOROIDAL_SURFACE('',#9335,0.7,0.2);
#124=TOROIDAL_SURFACE('',#9451,0.15,0.05);
#125=TOROIDAL_SURFACE('',#9453,0.15,0.05);
#126=TOROIDAL_SURFACE('',#9503,0.25,0.05);
#127=TOROIDAL_SURFACE('',#9506,0.25,0.05);
#128=(
BOUNDED_SURFACE()
B_SPLINE_SURFACE(3,2,((#13370,#13371,#13372),(#13373,#13374,#13375),(#13376,
#13377,#13378),(#13379,#13380,#13381),(#13382,#13383,#13384),(#13385,#13386,
#13387)),.UNSPECIFIED.,.F.,.F.,.F.)
B_SPLINE_SURFACE_WITH_KNOTS((4,2,4),(3,3),(0.,0.5,1.),(0.,1.),
 .UNSPECIFIED.)
GEOMETRIC_REPRESENTATION_ITEM()
RATIONAL_B_SPLINE_SURFACE(((1.,0.707106781186548,1.),(1.,0.704674357957127,
1.),(1.,0.790451200019091,1.),(1.,0.941599607549785,1.),(1.,1.00267605951747,
1.),(1.,1.,1.)))
REPRESENTATION_ITEM('')
SURFACE()
);
#129=(
BOUNDED_SURFACE()
B_SPLINE_SURFACE(3,2,((#13402,#13403,#13404),(#13405,#13406,#13407),(#13408,
#13409,#13410),(#13411,#13412,#13413),(#13414,#13415,#13416),(#13417,#13418,
#13419)),.UNSPECIFIED.,.F.,.F.,.F.)
B_SPLINE_SURFACE_WITH_KNOTS((4,2,4),(3,3),(0.,0.5,1.),(0.,1.),
 .UNSPECIFIED.)
GEOMETRIC_REPRESENTATION_ITEM()
RATIONAL_B_SPLINE_SURFACE(((1.,0.707106781186548,1.),(1.,0.704674357957136,
1.),(1.,0.790451200019074,1.),(1.,0.941599607549803,1.),(1.,1.00267605951745,
1.),(1.,1.,1.)))
REPRESENTATION_ITEM('')
SURFACE()
);
#130=(
BOUNDED_SURFACE()
B_SPLINE_SURFACE(3,2,((#13420,#13421,#13422),(#13423,#13424,#13425),(#13426,
#13427,#13428),(#13429,#13430,#13431),(#13432,#13433,#13434),(#13435,#13436,
#13437)),.UNSPECIFIED.,.F.,.F.,.F.)
B_SPLINE_SURFACE_WITH_KNOTS((4,2,4),(3,3),(0.,0.5,1.),(0.,1.),
 .UNSPECIFIED.)
GEOMETRIC_REPRESENTATION_ITEM()
RATIONAL_B_SPLINE_SURFACE(((1.,0.707106781186548,1.),(1.,0.704674357957129,
1.),(1.,0.790451200019091,1.),(1.,0.941599607549785,1.),(1.,1.00267605951747,
1.),(1.,1.,1.)))
REPRESENTATION_ITEM('')
SURFACE()
);
#131=(
BOUNDED_SURFACE()
B_SPLINE_SURFACE(3,2,((#13446,#13447,#13448),(#13449,#13450,#13451),(#13452,
#13453,#13454),(#13455,#13456,#13457),(#13458,#13459,#13460),(#13461,#13462,
#13463)),.UNSPECIFIED.,.F.,.F.,.F.)
B_SPLINE_SURFACE_WITH_KNOTS((4,2,4),(3,3),(0.,0.5,1.),(0.,1.),
 .UNSPECIFIED.)
GEOMETRIC_REPRESENTATION_ITEM()
RATIONAL_B_SPLINE_SURFACE(((1.,0.707106781186548,1.),(1.,0.704674357957137,
1.),(1.,0.790451200019074,1.),(1.,0.941599607549803,1.),(1.,1.00267605951745,
1.),(1.,1.,1.)))
REPRESENTATION_ITEM('')
SURFACE()
);
#132=(
BOUNDED_SURFACE()
B_SPLINE_SURFACE(3,3,((#13493,#13494,#13495,#13496),(#13497,#13498,#13499,
#13500),(#13501,#13502,#13503,#13504),(#13505,#13506,#13507,#13508)),
 .UNSPECIFIED.,.F.,.F.,.F.)
B_SPLINE_SURFACE_WITH_KNOTS((4,4),(4,4),(0.,1.),(0.,1.),.UNSPECIFIED.)
GEOMETRIC_REPRESENTATION_ITEM()
RATIONAL_B_SPLINE_SURFACE(((1.,0.333333333333333,0.333333333333333,1.),
(0.804737854124364,0.268245951374788,0.268245951374788,0.804737854124364),
(0.804737854124364,0.268245951374788,0.268245951374788,0.804737854124364),
(1.,0.333333333333333,0.333333333333333,1.)))
REPRESENTATION_ITEM('')
SURFACE()
);
#133=(
BOUNDED_SURFACE()
B_SPLINE_SURFACE(3,3,((#13516,#13517,#13518,#13519),(#13520,#13521,#13522,
#13523),(#13524,#13525,#13526,#13527),(#13528,#13529,#13530,#13531)),
 .UNSPECIFIED.,.F.,.F.,.F.)
B_SPLINE_SURFACE_WITH_KNOTS((4,4),(4,4),(0.,1.),(0.,1.),.UNSPECIFIED.)
GEOMETRIC_REPRESENTATION_ITEM()
RATIONAL_B_SPLINE_SURFACE(((1.,0.80473785412437,0.80473785412437,1.),(0.804737854124365,
0.647603013860692,0.647603013860692,0.804737854124365),(0.804737854124365,
0.647603013860692,0.647603013860692,0.804737854124365),(1.,0.80473785412437,
0.80473785412437,1.)))
REPRESENTATION_ITEM('')
SURFACE()
);
#134=(
BOUNDED_SURFACE()
B_SPLINE_SURFACE(3,3,((#13534,#13535,#13536,#13537),(#13538,#13539,#13540,
#13541),(#13542,#13543,#13544,#13545),(#13546,#13547,#13548,#13549)),
 .UNSPECIFIED.,.F.,.F.,.F.)
B_SPLINE_SURFACE_WITH_KNOTS((4,4),(4,4),(0.,1.),(0.,1.),.UNSPECIFIED.)
GEOMETRIC_REPRESENTATION_ITEM()
RATIONAL_B_SPLINE_SURFACE(((1.,0.80473785412437,0.80473785412437,1.),(0.804737854124365,
0.647603013860692,0.647603013860692,0.804737854124365),(0.804737854124365,
0.647603013860692,0.647603013860692,0.804737854124365),(1.,0.80473785412437,
0.80473785412437,1.)))
REPRESENTATION_ITEM('')
SURFACE()
);
#135=(
BOUNDED_SURFACE()
B_SPLINE_SURFACE(3,3,((#13584,#13585,#13586,#13587),(#13588,#13589,#13590,
#13591),(#13592,#13593,#13594,#13595),(#13596,#13597,#13598,#13599)),
 .UNSPECIFIED.,.F.,.F.,.F.)
B_SPLINE_SURFACE_WITH_KNOTS((4,4),(4,4),(0.,1.),(0.,1.),.UNSPECIFIED.)
GEOMETRIC_REPRESENTATION_ITEM()
RATIONAL_B_SPLINE_SURFACE(((1.,0.333333333333333,0.333333333333333,1.),
(0.804737854124365,0.268245951374788,0.268245951374788,0.804737854124365),
(0.804737854124365,0.268245951374788,0.268245951374788,0.804737854124365),
(1.,0.333333333333333,0.333333333333333,1.)))
REPRESENTATION_ITEM('')
SURFACE()
);
#136=(
BOUNDED_SURFACE()
B_SPLINE_SURFACE(3,3,((#13607,#13608,#13609,#13610),(#13611,#13612,#13613,
#13614),(#13615,#13616,#13617,#13618),(#13619,#13620,#13621,#13622)),
 .UNSPECIFIED.,.F.,.F.,.F.)
B_SPLINE_SURFACE_WITH_KNOTS((4,4),(4,4),(0.,1.),(0.,1.),.UNSPECIFIED.)
GEOMETRIC_REPRESENTATION_ITEM()
RATIONAL_B_SPLINE_SURFACE(((1.,0.804737854124369,0.804737854124369,1.),
(0.804737854124365,0.647603013860691,0.647603013860691,0.804737854124365),
(0.804737854124365,0.647603013860691,0.647603013860691,0.804737854124365),
(1.,0.804737854124369,0.804737854124369,1.)))
REPRESENTATION_ITEM('')
SURFACE()
);
#137=(
BOUNDED_SURFACE()
B_SPLINE_SURFACE(3,3,((#13626,#13627,#13628,#13629),(#13630,#13631,#13632,
#13633),(#13634,#13635,#13636,#13637),(#13638,#13639,#13640,#13641)),
 .UNSPECIFIED.,.F.,.F.,.F.)
B_SPLINE_SURFACE_WITH_KNOTS((4,4),(4,4),(0.,1.),(0.,1.),.UNSPECIFIED.)
GEOMETRIC_REPRESENTATION_ITEM()
RATIONAL_B_SPLINE_SURFACE(((1.,0.804737854124367,0.804737854124367,1.),
(0.804737854124355,0.647603013860681,0.647603013860681,0.804737854124355),
(0.804737854124355,0.647603013860681,0.647603013860681,0.804737854124355),
(1.,0.804737854124367,0.804737854124367,1.)))
REPRESENTATION_ITEM('')
SURFACE()
);
#138=(
BOUNDED_SURFACE()
B_SPLINE_SURFACE(3,3,((#13678,#13679,#13680,#13681),(#13682,#13683,#13684,
#13685),(#13686,#13687,#13688,#13689),(#13690,#13691,#13692,#13693)),
 .UNSPECIFIED.,.F.,.F.,.F.)
B_SPLINE_SURFACE_WITH_KNOTS((4,4),(4,4),(0.,1.),(0.,1.),.UNSPECIFIED.)
GEOMETRIC_REPRESENTATION_ITEM()
RATIONAL_B_SPLINE_SURFACE(((1.,0.804737854124367,0.804737854124367,1.),
(0.804737854124362,0.647603013860687,0.647603013860687,0.804737854124362),
(0.804737854124362,0.647603013860687,0.647603013860687,0.804737854124362),
(1.,0.804737854124367,0.804737854124367,1.)))
REPRESENTATION_ITEM('')
SURFACE()
);
#139=(
BOUNDED_SURFACE()
B_SPLINE_SURFACE(3,3,((#13704,#13705,#13706,#13707),(#13708,#13709,#13710,
#13711),(#13712,#13713,#13714,#13715),(#13716,#13717,#13718,#13719)),
 .UNSPECIFIED.,.F.,.F.,.F.)
B_SPLINE_SURFACE_WITH_KNOTS((4,4),(4,4),(0.,1.),(0.,1.),.UNSPECIFIED.)
GEOMETRIC_REPRESENTATION_ITEM()
RATIONAL_B_SPLINE_SURFACE(((1.,0.804737854124367,0.804737854124367,1.),
(0.804737854124367,0.647603013860691,0.647603013860691,0.804737854124367),
(0.804737854124367,0.647603013860691,0.647603013860691,0.804737854124367),
(1.,0.804737854124367,0.804737854124367,1.)))
REPRESENTATION_ITEM('')
SURFACE()
);
#140=(
BOUNDED_SURFACE()
B_SPLINE_SURFACE(3,3,((#13721,#13722,#13723,#13724),(#13725,#13726,#13727,
#13728),(#13729,#13730,#13731,#13732),(#13733,#13734,#13735,#13736)),
 .UNSPECIFIED.,.F.,.F.,.F.)
B_SPLINE_SURFACE_WITH_KNOTS((4,4),(4,4),(0.,1.),(0.,1.),.UNSPECIFIED.)
GEOMETRIC_REPRESENTATION_ITEM()
RATIONAL_B_SPLINE_SURFACE(((1.,0.804737854124368,0.804737854124368,1.),
(0.804737854124367,0.647603013860692,0.647603013860692,0.804737854124367),
(0.804737854124367,0.647603013860692,0.647603013860692,0.804737854124367),
(1.,0.804737854124368,0.804737854124368,1.)))
REPRESENTATION_ITEM('')
SURFACE()
);
#141=(
BOUNDED_SURFACE()
B_SPLINE_SURFACE(3,3,((#13748,#13749,#13750,#13751),(#13752,#13753,#13754,
#13755),(#13756,#13757,#13758,#13759),(#13760,#13761,#13762,#13763)),
 .UNSPECIFIED.,.F.,.F.,.F.)
B_SPLINE_SURFACE_WITH_KNOTS((4,4),(4,4),(0.,1.),(0.,1.),.UNSPECIFIED.)
GEOMETRIC_REPRESENTATION_ITEM()
RATIONAL_B_SPLINE_SURFACE(((1.,0.804737854124355,0.804737854124355,1.),
(0.804737854124349,0.647603013860667,0.647603013860667,0.804737854124349),
(0.804737854124349,0.647603013860667,0.647603013860667,0.804737854124349),
(1.,0.804737854124355,0.804737854124355,1.)))
REPRESENTATION_ITEM('')
SURFACE()
);
#142=(
BOUNDED_SURFACE()
B_SPLINE_SURFACE(3,3,((#15209,#15210,#15211,#15212),(#15213,#15214,#15215,
#15216),(#15217,#15218,#15219,#15220),(#15221,#15222,#15223,#15224)),
 .UNSPECIFIED.,.F.,.F.,.F.)
B_SPLINE_SURFACE_WITH_KNOTS((4,4),(4,4),(0.,1.),(0.,1.),.UNSPECIFIED.)
GEOMETRIC_REPRESENTATION_ITEM()
RATIONAL_B_SPLINE_SURFACE(((1.,0.804737854124364,0.804737854124364,1.),
(0.80250924164501,0.645809565036376,0.645809565036376,0.80250924164501),
(0.80250924164501,0.645809565036376,0.645809565036376,0.80250924164501),
(1.,0.804737854124364,0.804737854124364,1.)))
REPRESENTATION_ITEM('')
SURFACE()
);
#143=(
BOUNDED_SURFACE()
B_SPLINE_SURFACE(3,3,((#15230,#15231,#15232,#15233),(#15234,#15235,#15236,
#15237),(#15238,#15239,#15240,#15241),(#15242,#15243,#15244,#15245)),
 .UNSPECIFIED.,.F.,.F.,.F.)
B_SPLINE_SURFACE_WITH_KNOTS((4,4),(4,4),(0.,1.),(0.,1.),.UNSPECIFIED.)
GEOMETRIC_REPRESENTATION_ITEM()
RATIONAL_B_SPLINE_SURFACE(((1.,0.804737854124367,0.804737854124367,1.),
(0.804737854124362,0.647603013860687,0.647603013860687,0.804737854124362),
(0.804737854124362,0.647603013860687,0.647603013860687,0.804737854124362),
(1.,0.804737854124367,0.804737854124367,1.)))
REPRESENTATION_ITEM('')
SURFACE()
);
#144=(
BOUNDED_SURFACE()
B_SPLINE_SURFACE(3,3,((#15251,#15252,#15253,#15254),(#15255,#15256,#15257,
#15258),(#15259,#15260,#15261,#15262),(#15263,#15264,#15265,#15266)),
 .UNSPECIFIED.,.F.,.F.,.F.)
B_SPLINE_SURFACE_WITH_KNOTS((4,4),(4,4),(0.,1.),(0.,1.),.UNSPECIFIED.)
GEOMETRIC_REPRESENTATION_ITEM()
RATIONAL_B_SPLINE_SURFACE(((1.,0.804737854124366,0.804737854124366,1.),
(0.804737854124368,0.647603013860691,0.647603013860691,0.804737854124368),
(0.804737854124368,0.647603013860691,0.647603013860691,0.804737854124368),
(1.,0.804737854124366,0.804737854124366,1.)))
REPRESENTATION_ITEM('')
SURFACE()
);
#145=ELLIPSE('',#9174,0.424264068711928,0.3);
#146=ELLIPSE('',#9177,0.424264068711928,0.3);
#147=ELLIPSE('',#9187,0.424264068711928,0.3);
#148=ELLIPSE('',#9190,0.424264068711928,0.3);
#149=ELLIPSE('',#9262,0.424264068711928,0.3);
#150=ELLIPSE('',#9268,0.424264068711928,0.3);
#151=ELLIPSE('',#9277,0.424264068711928,0.3);
#152=ELLIPSE('',#9283,0.424264068711928,0.3);
#153=ELLIPSE('',#9522,0.424264068711924,0.3);
#154=ELLIPSE('',#9523,0.670820393249936,0.3);
#155=ELLIPSE('',#9524,0.670820393249936,0.3);
#156=ELLIPSE('',#9526,0.42426406871193,0.3);
#157=ELLIPSE('',#9530,0.424264068711924,0.3);
#158=ELLIPSE('',#9531,0.42426406871193,0.3);
#159=ELLIPSE('',#9533,0.670820393249936,0.3);
#160=ELLIPSE('',#9534,0.670820393249937,0.3);
#161=ELLIPSE('',#9536,0.424264068711924,0.3);
#162=ELLIPSE('',#9537,0.42426406871193,0.3);
#163=ELLIPSE('',#9539,0.670820393249934,0.3);
#164=ELLIPSE('',#9540,0.670820393249936,0.3);
#165=ELLIPSE('',#9542,0.424264068711924,0.3);
#166=ELLIPSE('',#9544,0.670820393249937,0.3);
#167=ELLIPSE('',#9545,0.670820393249934,0.3);
#168=ELLIPSE('',#9546,0.42426406871193,0.3);
#169=ELLIPSE('',#9670,0.424264068711928,0.3);
#170=ELLIPSE('',#9674,0.42426268714529,0.3);
#171=ELLIPSE('',#9679,0.424264068711928,0.3);
#172=ELLIPSE('',#9711,0.14142135623731,0.1);
#173=ELLIPSE('',#9713,0.14142135623731,0.1);
#174=(
BOUNDED_CURVE()
B_SPLINE_CURVE(3,(#12987,#12988,#12989,#12990,#12991,#12992),
 .UNSPECIFIED.,.F.,.F.)
B_SPLINE_CURVE_WITH_KNOTS((4,2,4),(0.,0.5,1.),.UNSPECIFIED.)
CURVE()
GEOMETRIC_REPRESENTATION_ITEM()
RATIONAL_B_SPLINE_CURVE((1.,1.,1.,1.,1.,1.))
REPRESENTATION_ITEM('')
);
#175=(
BOUNDED_CURVE()
B_SPLINE_CURVE(3,(#13005,#13006,#13007,#13008,#13009,#13010),
 .UNSPECIFIED.,.F.,.F.)
B_SPLINE_CURVE_WITH_KNOTS((4,2,4),(0.,0.5,1.),.UNSPECIFIED.)
CURVE()
GEOMETRIC_REPRESENTATION_ITEM()
RATIONAL_B_SPLINE_CURVE((1.,1.00000000000409,0.999999999910842,0.99999999968009,
0.999999999549138,0.999999999552852))
REPRESENTATION_ITEM('')
);
#176=(
BOUNDED_CURVE()
B_SPLINE_CURVE(3,(#13389,#13390,#13391,#13392,#13393,#13394),
 .UNSPECIFIED.,.F.,.F.)
B_SPLINE_CURVE_WITH_KNOTS((4,2,4),(0.,0.5,1.),.UNSPECIFIED.)
CURVE()
GEOMETRIC_REPRESENTATION_ITEM()
RATIONAL_B_SPLINE_CURVE((1.,1.,1.,1.,1.,1.))
REPRESENTATION_ITEM('')
);
#177=(
BOUNDED_CURVE()
B_SPLINE_CURVE(3,(#13438,#13439,#13440,#13441,#13442,#13443),
 .UNSPECIFIED.,.F.,.F.)
B_SPLINE_CURVE_WITH_KNOTS((4,2,4),(0.,0.5,1.),.UNSPECIFIED.)
CURVE()
GEOMETRIC_REPRESENTATION_ITEM()
RATIONAL_B_SPLINE_CURVE((1.,1.00000000000415,0.999999999909327,0.999999999674653,
0.999999999541475,0.999999999545252))
REPRESENTATION_ITEM('')
);
#178=B_SPLINE_CURVE_WITH_KNOTS('',3,(#12640,#12641,#12642,#12643,#12644,
#12645,#12646,#12647,#12648,#12649,#12650,#12651),.UNSPECIFIED.,.F.,.F.,
(4,2,2,2,2,4),(0.,0.211974924030013,0.423949848060028,0.623587607199407,
0.822520581632882,1.),.UNSPECIFIED.);
#179=B_SPLINE_CURVE_WITH_KNOTS('',3,(#12654,#12655,#12656,#12657),
 .UNSPECIFIED.,.F.,.F.,(4,4),(0.,1.),.UNSPECIFIED.);
#180=B_SPLINE_CURVE_WITH_KNOTS('',3,(#12661,#12662,#12663,#12664,#12665,
#12666,#12667,#12668,#12669,#12670,#12671,#12672),.UNSPECIFIED.,.F.,.F.,
(4,2,2,2,2,4),(0.,0.181465982498751,0.3629319649975,0.561710956427227,0.759967712809095,
1.),.UNSPECIFIED.);
#181=B_SPLINE_CURVE_WITH_KNOTS('',3,(#12674,#12675,#12676,#12677,#12678,
#12679,#12680,#12681,#12682,#12683,#12684,#12685,#12686,#12687),
 .UNSPECIFIED.,.F.,.F.,(4,2,2,2,2,2,4),(0.,0.126590716968327,0.253435244416233,
0.451129868276486,0.649273528394432,0.824830864561111,1.),.UNSPECIFIED.);
#182=B_SPLINE_CURVE_WITH_KNOTS('',3,(#12691,#12692,#12693,#12694,#12695,
#12696,#12697,#12698,#12699,#12700,#12701,#12702,#12703,#12704),
 .UNSPECIFIED.,.F.,.F.,(4,2,2,2,2,2,4),(0.,0.151650199274103,0.302691806349208,
0.46697212002054,0.631361619841345,0.816211615348003,1.),.UNSPECIFIED.);
#183=B_SPLINE_CURVE_WITH_KNOTS('',3,(#12718,#12719,#12720,#12721,#12722,
#12723,#12724,#12725,#12726,#12727,#12728,#12729,#12730,#12731,#12732,#12733),
 .UNSPECIFIED.,.F.,.F.,(4,2,2,2,2,2,2,4),(0.,0.129426356820308,0.259193806948196,
0.429591321333377,0.599601058295451,0.763444638994652,0.926882888416529,
1.),.UNSPECIFIED.);
#184=B_SPLINE_CURVE_WITH_KNOTS('',3,(#12737,#12738,#12739,#12740,#12741,
#12742,#12743,#12744,#12745,#12746,#12747,#12748,#12749,#12750,#12751,#12752),
 .UNSPECIFIED.,.F.,.F.,(4,2,2,2,2,2,2,4),(0.,0.131219456124642,0.280501509448627,
0.429265760639181,0.59222507396624,0.754825819175873,0.877875031766946,
1.),.UNSPECIFIED.);
#185=B_SPLINE_CURVE_WITH_KNOTS('',3,(#12759,#12760,#12761,#12762),
 .UNSPECIFIED.,.F.,.F.,(4,4),(0.,1.),.UNSPECIFIED.);
#186=B_SPLINE_CURVE_WITH_KNOTS('',3,(#12808,#12809,#12810,#12811,#12812,
#12813,#12814,#12815,#12816,#12817,#12818,#12819,#12820,#12821),
 .UNSPECIFIED.,.F.,.F.,(4,2,2,2,2,2,4),(0.,0.264791451845278,0.404208486877895,
0.543625521910518,0.692610392680668,0.840682215718639,1.),.UNSPECIFIED.);
#187=B_SPLINE_CURVE_WITH_KNOTS('',3,(#12824,#12825,#12826,#12827),
 .UNSPECIFIED.,.F.,.F.,(4,4),(0.,1.),.UNSPECIFIED.);
#188=B_SPLINE_CURVE_WITH_KNOTS('',3,(#12831,#12832,#12833,#12834,#12835,
#12836,#12837,#12838,#12839,#12840,#12841,#12842,#12843,#12844,#12845,#12846),
 .UNSPECIFIED.,.F.,.F.,(4,2,2,2,2,2,2,4),(0.,0.158705503254929,0.317692204552942,
0.471780155951018,0.626541788013651,0.741669343572438,0.857027044048662,
1.),.UNSPECIFIED.);
#189=B_SPLINE_CURVE_WITH_KNOTS('',3,(#12978,#12979,#12980,#12981,#12982,
#12983),.UNSPECIFIED.,.F.,.F.,(4,2,4),(0.,0.5,1.),.UNSPECIFIED.);
#190=B_SPLINE_CURVE_WITH_KNOTS('',3,(#12996,#12997,#12998,#12999,#13000,
#13001),.UNSPECIFIED.,.F.,.F.,(4,2,4),(0.,0.5,1.),.UNSPECIFIED.);
#191=B_SPLINE_CURVE_WITH_KNOTS('',3,(#13096,#13097,#13098,#13099,#13100,
#13101,#13102,#13103,#13104,#13105,#13106,#13107,#13108,#13109,#13110,#13111,
#13112,#13113,#13114),.UNSPECIFIED.,.F.,.F.,(4,3,3,3,3,3,4),(0.,0.229297409039269,
0.416264474834874,0.604136543780344,0.779152352959408,0.958506988786608,
1.),.UNSPECIFIED.);
#192=B_SPLINE_CURVE_WITH_KNOTS('',3,(#13364,#13365,#13366,#13367,#13368,
#13369),.UNSPECIFIED.,.F.,.F.,(4,2,4),(0.,0.5,1.),.UNSPECIFIED.);
#193=B_SPLINE_CURVE_WITH_KNOTS('',3,(#13396,#13397,#13398,#13399,#13400,
#13401),.UNSPECIFIED.,.F.,.F.,(4,2,4),(0.,0.5,1.),.UNSPECIFIED.);
#194=B_SPLINE_CURVE_WITH_KNOTS('',3,(#13480,#13481,#13482,#13483,#13484,
#13485,#13486,#13487,#13488,#13489),.UNSPECIFIED.,.F.,.F.,(4,3,3,4),(0.,
0.398952988355184,0.79747402992974,1.),.UNSPECIFIED.);
#195=B_SPLINE_CURVE_WITH_KNOTS('',3,(#13551,#13552,#13553,#13554,#13555,
#13556,#13557,#13558,#13559,#13560,#13561,#13562,#13563,#13564,#13565,#13566,
#13567,#13568,#13569),.UNSPECIFIED.,.F.,.F.,(4,3,3,3,3,3,4),(0.,0.185265727056382,
0.370774363916565,0.55228737325841,0.727213535712194,0.9100947575096,1.),
 .UNSPECIFIED.);
#196=B_SPLINE_CURVE_WITH_KNOTS('',3,(#13572,#13573,#13574,#13575,#13576,
#13577,#13578,#13579,#13580,#13581),.UNSPECIFIED.,.F.,.F.,(4,3,3,4),(0.,
0.399041670378108,0.797706873058284,1.),.UNSPECIFIED.);
#197=B_SPLINE_CURVE_WITH_KNOTS('',3,(#13833,#13834,#13835,#13836),
 .UNSPECIFIED.,.F.,.F.,(4,4),(0.,1.),.UNSPECIFIED.);
#198=B_SPLINE_CURVE_WITH_KNOTS('',3,(#13839,#13840,#13841,#13842),
 .UNSPECIFIED.,.F.,.F.,(4,4),(0.,1.),.UNSPECIFIED.);
#199=B_SPLINE_CURVE_WITH_KNOTS('',3,(#13847,#13848,#13849,#13850,#13851,
#13852,#13853,#13854,#13855,#13856,#13857,#13858,#13859,#13860,#13861,#13862),
 .UNSPECIFIED.,.F.,.F.,(4,2,2,2,2,2,2,4),(0.,0.158705503254929,0.317692204552942,
0.471780155951018,0.626541788013651,0.741669343572438,0.857027044048662,
1.),.UNSPECIFIED.);
#200=B_SPLINE_CURVE_WITH_KNOTS('',3,(#13865,#13866,#13867,#13868,#13869,
#13870,#13871,#13872,#13873,#13874,#13875,#13876,#13877,#13878,#13879,#13880),
 .UNSPECIFIED.,.F.,.F.,(4,2,2,2,2,2,2,4),(0.,0.158705503254929,0.317692204552942,
0.471780155951018,0.626541788013651,0.741669343572438,0.857027044048662,
1.),.UNSPECIFIED.);
#201=B_SPLINE_CURVE_WITH_KNOTS('',3,(#13893,#13894,#13895,#13896,#13897,
#13898,#13899,#13900,#13901,#13902,#13903,#13904,#13905,#13906),
 .UNSPECIFIED.,.F.,.F.,(4,2,2,2,2,2,4),(0.,0.264791451845278,0.404208486877895,
0.543625521910518,0.692610392680668,0.840682215718639,1.),.UNSPECIFIED.);
#202=B_SPLINE_CURVE_WITH_KNOTS('',3,(#13907,#13908,#13909,#13910,#13911,
#13912,#13913,#13914,#13915,#13916,#13917,#13918,#13919,#13920),
 .UNSPECIFIED.,.F.,.F.,(4,2,2,2,2,2,4),(0.,0.264791451845278,0.404208486877895,
0.543625521910518,0.692610392680668,0.840682215718639,1.),.UNSPECIFIED.);
#203=B_SPLINE_CURVE_WITH_KNOTS('',3,(#13943,#13944,#13945,#13946),
 .UNSPECIFIED.,.F.,.F.,(4,4),(0.,1.),.UNSPECIFIED.);
#204=B_SPLINE_CURVE_WITH_KNOTS('',3,(#13949,#13950,#13951,#13952),
 .UNSPECIFIED.,.F.,.F.,(4,4),(0.,1.),.UNSPECIFIED.);
#205=B_SPLINE_CURVE_WITH_KNOTS('',3,(#13986,#13987,#13988,#13989),
 .UNSPECIFIED.,.F.,.F.,(4,4),(0.,1.),.UNSPECIFIED.);
#206=B_SPLINE_CURVE_WITH_KNOTS('',3,(#13992,#13993,#13994,#13995),
 .UNSPECIFIED.,.F.,.F.,(4,4),(0.,1.),.UNSPECIFIED.);
#207=B_SPLINE_CURVE_WITH_KNOTS('',3,(#14000,#14001,#14002,#14003,#14004,
#14005,#14006,#14007,#14008,#14009,#14010,#14011),.UNSPECIFIED.,.F.,.F.,
(4,2,2,2,2,4),(0.,0.181465982498751,0.3629319649975,0.561710956427227,0.759967712809095,
1.),.UNSPECIFIED.);
#208=B_SPLINE_CURVE_WITH_KNOTS('',3,(#14014,#14015,#14016,#14017,#14018,
#14019,#14020,#14021,#14022,#14023,#14024,#14025),.UNSPECIFIED.,.F.,.F.,
(4,2,2,2,2,4),(0.,0.181465982498751,0.3629319649975,0.561710956427227,0.759967712809095,
1.),.UNSPECIFIED.);
#209=B_SPLINE_CURVE_WITH_KNOTS('',3,(#14026,#14027,#14028,#14029,#14030,
#14031,#14032,#14033,#14034,#14035,#14036,#14037,#14038,#14039),
 .UNSPECIFIED.,.F.,.F.,(4,2,2,2,2,2,4),(0.,0.126590716968327,0.253435244416233,
0.451129868276486,0.649273528394432,0.824830864561111,1.),.UNSPECIFIED.);
#210=B_SPLINE_CURVE_WITH_KNOTS('',3,(#14042,#14043,#14044,#14045,#14046,
#14047,#14048,#14049,#14050,#14051,#14052,#14053,#14054,#14055),
 .UNSPECIFIED.,.F.,.F.,(4,2,2,2,2,2,4),(0.,0.126590716968327,0.253435244416233,
0.451129868276486,0.649273528394432,0.824830864561111,1.),.UNSPECIFIED.);
#211=B_SPLINE_CURVE_WITH_KNOTS('',3,(#14060,#14061,#14062,#14063,#14064,
#14065,#14066,#14067,#14068,#14069,#14070,#14071,#14072,#14073),
 .UNSPECIFIED.,.F.,.F.,(4,2,2,2,2,2,4),(0.,0.151650199274103,0.302691806349208,
0.46697212002054,0.631361619841345,0.816211615348003,1.),.UNSPECIFIED.);
#212=B_SPLINE_CURVE_WITH_KNOTS('',3,(#14076,#14077,#14078,#14079,#14080,
#14081,#14082,#14083,#14084,#14085,#14086,#14087,#14088,#14089),
 .UNSPECIFIED.,.F.,.F.,(4,2,2,2,2,2,4),(0.,0.151650199274103,0.302691806349208,
0.46697212002054,0.631361619841345,0.816211615348003,1.),.UNSPECIFIED.);
#213=B_SPLINE_CURVE_WITH_KNOTS('',3,(#14094,#14095,#14096,#14097,#14098,
#14099,#14100,#14101,#14102,#14103,#14104,#14105),.UNSPECIFIED.,.F.,.F.,
(4,2,2,2,2,4),(0.,0.211974924030013,0.423949848060028,0.623587607199407,
0.822520581632882,1.),.UNSPECIFIED.);
#214=B_SPLINE_CURVE_WITH_KNOTS('',3,(#14106,#14107,#14108,#14109,#14110,
#14111,#14112,#14113,#14114,#14115,#14116,#14117),.UNSPECIFIED.,.F.,.F.,
(4,2,2,2,2,4),(0.,0.211974924030013,0.423949848060028,0.623587607199407,
0.822520581632882,1.),.UNSPECIFIED.);
#215=B_SPLINE_CURVE_WITH_KNOTS('',3,(#14127,#14128,#14129,#14130,#14131,
#14132,#14133,#14134,#14135,#14136,#14137,#14138,#14139,#14140,#14141,#14142),
 .UNSPECIFIED.,.F.,.F.,(4,2,2,2,2,2,2,4),(0.,0.131219456124642,0.280501509448627,
0.429265760639181,0.59222507396624,0.754825819175873,0.877875031766946,
1.),.UNSPECIFIED.);
#216=B_SPLINE_CURVE_WITH_KNOTS('',3,(#14143,#14144,#14145,#14146,#14147,
#14148,#14149,#14150,#14151,#14152,#14153,#14154,#14155,#14156,#14157,#14158),
 .UNSPECIFIED.,.F.,.F.,(4,2,2,2,2,2,2,4),(0.,0.131219456124642,0.280501509448627,
0.429265760639181,0.59222507396624,0.754825819175873,0.877875031766946,
1.),.UNSPECIFIED.);
#217=B_SPLINE_CURVE_WITH_KNOTS('',3,(#14165,#14166,#14167,#14168,#14169,
#14170,#14171,#14172,#14173,#14174,#14175,#14176,#14177,#14178,#14179,#14180),
 .UNSPECIFIED.,.F.,.F.,(4,2,2,2,2,2,2,4),(0.,0.129426356820308,0.259193806948196,
0.429591321333377,0.599601058295451,0.763444638994652,0.926882888416529,
1.),.UNSPECIFIED.);
#218=B_SPLINE_CURVE_WITH_KNOTS('',3,(#14181,#14182,#14183,#14184,#14185,
#14186,#14187,#14188,#14189,#14190,#14191,#14192,#14193,#14194,#14195,#14196),
 .UNSPECIFIED.,.F.,.F.,(4,2,2,2,2,2,2,4),(0.,0.129426356820308,0.259193806948196,
0.429591321333377,0.599601058295451,0.763444638994652,0.926882888416529,
1.),.UNSPECIFIED.);
#219=B_SPLINE_CURVE_WITH_KNOTS('',3,(#14325,#14326,#14327,#14328,#14329,
#14330,#14331,#14332,#14333,#14334,#14335,#14336,#14337,#14338,#14339,#14340,
#14341,#14342,#14343),.UNSPECIFIED.,.F.,.F.,(4,3,3,3,3,3,4),(0.,0.0372660363700699,
0.294287532291306,0.554461685561504,0.740997953509,0.928599621605162,1.),
 .UNSPECIFIED.);
#220=B_SPLINE_CURVE_WITH_KNOTS('',3,(#14347,#14348,#14349,#14350,#14351,
#14352,#14353,#14354,#14355,#14356,#14357,#14358,#14359,#14360,#14361,#14362,
#14363,#14364,#14365),.UNSPECIFIED.,.F.,.F.,(4,3,3,3,3,3,4),(0.,0.100140380375594,
0.26598101443154,0.437703231304128,0.625919381182452,0.842492302596248,
1.),.UNSPECIFIED.);
#221=MANIFOLD_SOLID_BREP('',#228);
#222=MANIFOLD_SOLID_BREP('',#229);
#223=MANIFOLD_SOLID_BREP('',#230);
#224=MANIFOLD_SOLID_BREP('',#231);
#225=MANIFOLD_SOLID_BREP('',#232);
#226=MANIFOLD_SOLID_BREP('',#233);
#227=MANIFOLD_SOLID_BREP('',#234);
#228=CLOSED_SHELL('',(#673,#674,#675,#676,#677,#678,#679,#680,#681,#682,
#683,#684,#685,#686,#687,#688,#689,#690,#691,#692,#693,#694,#695,#696,#697,
#698,#699));
#229=CLOSED_SHELL('',(#700,#701,#702,#703,#704,#705,#706,#707,#708,#709,
#710,#711,#712,#713,#714,#715,#716,#717,#718));
#230=CLOSED_SHELL('',(#719,#720,#721,#722,#723,#724,#725,#726,#727,#728,
#729,#730,#731,#732,#733,#734,#735,#736,#737,#738,#739,#740,#741,#742,#743,
#744,#745,#746,#747,#748,#749,#750,#751,#752,#753,#754,#755,#756,#757,#758,
#759,#760,#761,#762,#763,#764,#765,#766,#767,#768,#769,#770,#771,#772,#773,
#774,#775,#776,#777,#778,#779,#780,#781,#782,#783,#784,#785,#786,#787,#788,
#789,#790,#791,#792,#793,#794,#795,#796,#797,#798,#799,#800,#801,#802,#803,
#804,#805,#806,#807,#808,#809,#810,#811,#812,#813,#814,#815,#816,#817,#818,
#819,#820,#821,#822,#823,#824,#825,#826,#827,#828,#829,#830,#831,#832,#833,
#834,#835,#836,#837,#838,#839,#840,#841,#842,#843,#844,#845,#846,#847,#848,
#849,#850,#851,#852,#853,#854,#855,#856,#857,#858,#859,#860,#861,#862,#863,
#864,#865,#866,#867,#868,#869,#870,#871,#872,#873,#874,#875,#876,#877,#878,
#879,#880,#881,#882,#883,#884,#885,#886,#887,#888,#889,#890,#891,#892,#893,
#894,#895,#896,#897,#898,#899,#900,#901,#902,#903,#904,#905,#906,#907,#908,
#909,#910,#911,#912,#913,#914,#915,#916,#917,#918,#919,#920,#921,#922,#923,
#924,#925,#926,#927,#928,#929,#930,#931,#932,#933,#934,#935,#936,#937,#938,
#939,#940,#941,#942,#943,#944,#945,#946,#947,#948,#949,#950,#951,#952,#953,
#954));
#231=CLOSED_SHELL('',(#955,#956,#957,#958,#959,#960,#961,#962,#963,#964,
#965,#966,#967,#968,#969,#970,#971,#972,#973,#974,#975,#976,#977,#978,#979,
#980,#981));
#232=CLOSED_SHELL('',(#982,#983,#984,#985,#986,#987,#988,#989,#990,#991,
#992,#993,#994,#995,#996,#997,#998,#999,#1000,#1001,#1002,#1003));
#233=CLOSED_SHELL('',(#1004,#1005,#1006,#1007,#1008,#1009,#1010,#1011,#1012,
#1013,#1014,#1015,#1016,#1017,#1018,#1019,#1020,#1021,#1022,#1023,#1024,
#1025,#1026,#1027,#1028,#1029,#1030,#1031,#1032,#1033,#1034,#1035,#1036,
#1037,#1038,#1039,#1040,#1041,#1042,#1043,#1044,#1045,#1046,#1047,#1048,
#1049,#1050,#1051,#1052,#1053,#1054,#1055,#1056,#1057,#1058,#1059,#1060,
#1061,#1062,#1063,#1064,#1065,#1066,#1067,#1068,#1069,#1070,#1071,#1072,
#1073,#1074,#1075,#1076,#1077,#1078,#1079,#1080,#1081,#1082,#1083,#1084,
#1085,#1086,#1087,#1088,#1089,#1090,#1091,#1092,#1093,#1094,#1095,#1096,
#1097,#1098,#1099,#1100,#1101,#1102,#1103,#1104,#1105,#1106,#1107,#1108,
#1109,#1110,#1111,#1112,#1113,#1114,#1115,#1116,#1117,#1118,#1119,#1120,
#1121,#1122,#1123,#1124,#1125,#1126,#1127,#1128,#1129,#1130,#1131,#1132,
#1133,#1134));
#234=CLOSED_SHELL('',(#1135,#1136,#1137,#1138,#1139,#1140,#1141,#1142,#1143,
#1144,#1145,#1146,#1147,#1148,#1149,#1150,#1151,#1152,#1153,#1154,#1155,
#1156,#1157,#1158,#1159,#1160,#1161));
#235=CYLINDRICAL_SURFACE('',#9046,0.7);
#236=CYLINDRICAL_SURFACE('',#9055,0.2);
#237=CYLINDRICAL_SURFACE('',#9056,0.2);
#238=CYLINDRICAL_SURFACE('',#9075,0.9);
#239=CYLINDRICAL_SURFACE('',#9076,0.2);
#240=CYLINDRICAL_SURFACE('',#9077,0.2);
#241=CYLINDRICAL_SURFACE('',#9163,0.5);
#242=CYLINDRICAL_SURFACE('',#9164,0.5);
#243=CYLINDRICAL_SURFACE('',#9165,0.5);
#244=CYLINDRICAL_SURFACE('',#9166,0.5);
#245=CYLINDRICAL_SURFACE('',#9176,0.3);
#246=CYLINDRICAL_SURFACE('',#9179,0.3);
#247=CYLINDRICAL_SURFACE('',#9189,0.3);
#248=CYLINDRICAL_SURFACE('',#9191,0.3);
#249=CYLINDRICAL_SURFACE('',#9236,0.5);
#250=CYLINDRICAL_SURFACE('',#9237,0.5);
#251=CYLINDRICAL_SURFACE('',#9238,0.5);
#252=CYLINDRICAL_SURFACE('',#9239,0.5);
#253=CYLINDRICAL_SURFACE('',#9241,0.5);
#254=CYLINDRICAL_SURFACE('',#9243,0.5);
#255=CYLINDRICAL_SURFACE('',#9245,0.5);
#256=CYLINDRICAL_SURFACE('',#9247,0.5);
#257=CYLINDRICAL_SURFACE('',#9249,0.5);
#258=CYLINDRICAL_SURFACE('',#9251,0.5);
#259=CYLINDRICAL_SURFACE('',#9253,0.5);
#260=CYLINDRICAL_SURFACE('',#9255,0.5);
#261=CYLINDRICAL_SURFACE('',#9257,0.3);
#262=CYLINDRICAL_SURFACE('',#9260,0.3);
#263=CYLINDRICAL_SURFACE('',#9264,0.3);
#264=CYLINDRICAL_SURFACE('',#9267,0.3);
#265=CYLINDRICAL_SURFACE('',#9269,0.3);
#266=CYLINDRICAL_SURFACE('',#9271,0.3);
#267=CYLINDRICAL_SURFACE('',#9274,0.3);
#268=CYLINDRICAL_SURFACE('',#9278,0.3);
#269=CYLINDRICAL_SURFACE('',#9281,0.3);
#270=CYLINDRICAL_SURFACE('',#9284,0.3);
#271=CYLINDRICAL_SURFACE('',#9286,0.15);
#272=CYLINDRICAL_SURFACE('',#9289,0.15);
#273=CYLINDRICAL_SURFACE('',#9291,0.15);
#274=CYLINDRICAL_SURFACE('',#9293,0.15);
#275=CYLINDRICAL_SURFACE('',#9296,0.15);
#276=CYLINDRICAL_SURFACE('',#9298,0.15);
#277=CYLINDRICAL_SURFACE('',#9299,0.5);
#278=CYLINDRICAL_SURFACE('',#9300,0.5);
#279=CYLINDRICAL_SURFACE('',#9301,0.5);
#280=CYLINDRICAL_SURFACE('',#9302,0.5);
#281=CYLINDRICAL_SURFACE('',#9306,0.2);
#282=CYLINDRICAL_SURFACE('',#9309,0.5);
#283=CYLINDRICAL_SURFACE('',#9311,0.5);
#284=CYLINDRICAL_SURFACE('',#9313,0.5);
#285=CYLINDRICAL_SURFACE('',#9315,0.5);
#286=CYLINDRICAL_SURFACE('',#9318,0.2);
#287=CYLINDRICAL_SURFACE('',#9322,0.2);
#288=CYLINDRICAL_SURFACE('',#9326,0.2);
#289=CYLINDRICAL_SURFACE('',#9329,0.2);
#290=CYLINDRICAL_SURFACE('',#9333,0.2);
#291=CYLINDRICAL_SURFACE('',#9337,0.2);
#292=CYLINDRICAL_SURFACE('',#9340,0.3);
#293=CYLINDRICAL_SURFACE('',#9341,0.3);
#294=CYLINDRICAL_SURFACE('',#9342,0.3);
#295=CYLINDRICAL_SURFACE('',#9343,0.3);
#296=CYLINDRICAL_SURFACE('',#9346,0.3);
#297=CYLINDRICAL_SURFACE('',#9347,0.3);
#298=CYLINDRICAL_SURFACE('',#9348,0.3);
#299=CYLINDRICAL_SURFACE('',#9349,0.3);
#300=CYLINDRICAL_SURFACE('',#9357,0.3);
#301=CYLINDRICAL_SURFACE('',#9358,0.3);
#302=CYLINDRICAL_SURFACE('',#9359,0.3);
#303=CYLINDRICAL_SURFACE('',#9360,0.3);
#304=CYLINDRICAL_SURFACE('',#9448,0.2);
#305=CYLINDRICAL_SURFACE('',#9449,0.2);
#306=CYLINDRICAL_SURFACE('',#9461,0.9);
#307=CYLINDRICAL_SURFACE('',#9466,0.2);
#308=CYLINDRICAL_SURFACE('',#9467,0.2);
#309=CYLINDRICAL_SURFACE('',#9469,0.05);
#310=CYLINDRICAL_SURFACE('',#9492,0.05);
#311=CYLINDRICAL_SURFACE('',#9495,0.05);
#312=CYLINDRICAL_SURFACE('',#9500,0.3);
#313=CYLINDRICAL_SURFACE('',#9501,0.3);
#314=CYLINDRICAL_SURFACE('',#9505,0.05);
#315=CYLINDRICAL_SURFACE('',#9507,0.3);
#316=CYLINDRICAL_SURFACE('',#9508,0.3);
#317=CYLINDRICAL_SURFACE('',#9527,0.3);
#318=CYLINDRICAL_SURFACE('',#9535,0.3);
#319=CYLINDRICAL_SURFACE('',#9541,0.3);
#320=CYLINDRICAL_SURFACE('',#9547,0.3);
#321=CYLINDRICAL_SURFACE('',#9554,0.5);
#322=CYLINDRICAL_SURFACE('',#9567,0.5);
#323=CYLINDRICAL_SURFACE('',#9573,0.5);
#324=CYLINDRICAL_SURFACE('',#9595,0.5);
#325=CYLINDRICAL_SURFACE('',#9600,0.5);
#326=CYLINDRICAL_SURFACE('',#9602,0.5);
#327=CYLINDRICAL_SURFACE('',#9604,0.5);
#328=CYLINDRICAL_SURFACE('',#9606,0.5);
#329=CYLINDRICAL_SURFACE('',#9611,0.5);
#330=CYLINDRICAL_SURFACE('',#9613,0.5);
#331=CYLINDRICAL_SURFACE('',#9620,0.199944281805878);
#332=CYLINDRICAL_SURFACE('',#9627,0.199944281805878);
#333=CYLINDRICAL_SURFACE('',#9634,0.199944281805878);
#334=CYLINDRICAL_SURFACE('',#9641,0.199944281805878);
#335=CYLINDRICAL_SURFACE('',#9658,0.75);
#336=CYLINDRICAL_SURFACE('',#9661,0.9);
#337=CYLINDRICAL_SURFACE('',#9664,0.5);
#338=CYLINDRICAL_SURFACE('',#9668,0.2);
#339=CYLINDRICAL_SURFACE('',#9672,0.3);
#340=CYLINDRICAL_SURFACE('',#9675,0.3);
#341=CYLINDRICAL_SURFACE('',#9677,0.3);
#342=CYLINDRICAL_SURFACE('',#9680,0.3);
#343=CYLINDRICAL_SURFACE('',#9682,0.3);
#344=CYLINDRICAL_SURFACE('',#9684,0.3);
#345=CYLINDRICAL_SURFACE('',#9712,0.1);
#346=CYLINDRICAL_SURFACE('',#9714,0.1);
#347=CYLINDRICAL_SURFACE('',#9715,0.1);
#348=CYLINDRICAL_SURFACE('',#9738,0.7);
#349=CYLINDRICAL_SURFACE('',#9747,0.2);
#350=CYLINDRICAL_SURFACE('',#9748,0.2);
#351=FACE_BOUND('',#1947,.T.);
#352=FACE_BOUND('',#1948,.T.);
#353=FACE_BOUND('',#1949,.T.);
#354=FACE_BOUND('',#1950,.T.);
#355=FACE_BOUND('',#1964,.T.);
#356=FACE_BOUND('',#1965,.T.);
#357=FACE_BOUND('',#1977,.T.);
#358=FACE_BOUND('',#1978,.T.);
#359=FACE_BOUND('',#1979,.T.);
#360=FACE_BOUND('',#1980,.T.);
#361=FACE_BOUND('',#1990,.T.);
#362=FACE_BOUND('',#1991,.T.);
#363=FACE_BOUND('',#2030,.T.);
#364=FACE_BOUND('',#2031,.T.);
#365=FACE_BOUND('',#2032,.T.);
#366=FACE_BOUND('',#2033,.T.);
#367=FACE_BOUND('',#2034,.T.);
#368=FACE_BOUND('',#2035,.T.);
#369=FACE_BOUND('',#2036,.T.);
#370=FACE_BOUND('',#2037,.T.);
#371=FACE_BOUND('',#2038,.T.);
#372=FACE_BOUND('',#2039,.T.);
#373=FACE_BOUND('',#2040,.T.);
#374=FACE_BOUND('',#2041,.T.);
#375=FACE_BOUND('',#2042,.T.);
#376=FACE_BOUND('',#2043,.T.);
#377=FACE_BOUND('',#2044,.T.);
#378=FACE_BOUND('',#2045,.T.);
#379=FACE_BOUND('',#2046,.T.);
#380=FACE_BOUND('',#2062,.T.);
#381=FACE_BOUND('',#2063,.T.);
#382=FACE_BOUND('',#2064,.T.);
#383=FACE_BOUND('',#2065,.T.);
#384=FACE_BOUND('',#2066,.T.);
#385=FACE_BOUND('',#2067,.T.);
#386=FACE_BOUND('',#2068,.T.);
#387=FACE_BOUND('',#2069,.T.);
#388=FACE_BOUND('',#2070,.T.);
#389=FACE_BOUND('',#2071,.T.);
#390=FACE_BOUND('',#2072,.T.);
#391=FACE_BOUND('',#2073,.T.);
#392=FACE_BOUND('',#2074,.T.);
#393=FACE_BOUND('',#2085,.T.);
#394=FACE_BOUND('',#2086,.T.);
#395=FACE_BOUND('',#2140,.T.);
#396=FACE_BOUND('',#2141,.T.);
#397=FACE_BOUND('',#2142,.T.);
#398=FACE_BOUND('',#2143,.T.);
#399=FACE_BOUND('',#2144,.T.);
#400=FACE_BOUND('',#2145,.T.);
#401=FACE_BOUND('',#2212,.T.);
#402=FACE_BOUND('',#2213,.T.);
#403=FACE_BOUND('',#2264,.T.);
#404=FACE_BOUND('',#2265,.T.);
#405=FACE_BOUND('',#2266,.T.);
#406=FACE_BOUND('',#2267,.T.);
#407=FACE_BOUND('',#2283,.T.);
#408=FACE_BOUND('',#2284,.T.);
#409=FACE_BOUND('',#2317,.T.);
#410=FACE_BOUND('',#2318,.T.);
#411=FACE_BOUND('',#2328,.T.);
#412=FACE_BOUND('',#2329,.T.);
#413=FACE_BOUND('',#2330,.T.);
#414=FACE_BOUND('',#2336,.T.);
#415=FACE_BOUND('',#2337,.T.);
#416=FACE_BOUND('',#2399,.T.);
#417=FACE_BOUND('',#2400,.T.);
#418=FACE_BOUND('',#2405,.T.);
#419=FACE_BOUND('',#2406,.T.);
#420=FACE_BOUND('',#2407,.T.);
#421=FACE_BOUND('',#2408,.T.);
#422=FACE_BOUND('',#2410,.T.);
#423=FACE_BOUND('',#2411,.T.);
#424=FACE_BOUND('',#2413,.T.);
#425=FACE_BOUND('',#2414,.T.);
#426=FACE_BOUND('',#2416,.T.);
#427=FACE_BOUND('',#2417,.T.);
#428=FACE_BOUND('',#2418,.T.);
#429=FACE_BOUND('',#2419,.T.);
#430=FACE_BOUND('',#2430,.T.);
#431=FACE_BOUND('',#2431,.T.);
#432=FACE_BOUND('',#2459,.T.);
#433=FACE_BOUND('',#2460,.T.);
#434=FACE_BOUND('',#2461,.T.);
#435=FACE_BOUND('',#2462,.T.);
#436=FACE_BOUND('',#2476,.T.);
#437=FACE_BOUND('',#2477,.T.);
#438=CIRCLE('',#9025,0.7);
#439=CIRCLE('',#9026,0.2);
#440=CIRCLE('',#9027,0.2);
#441=CIRCLE('',#9029,0.7);
#442=CIRCLE('',#9030,0.2);
#443=CIRCLE('',#9031,0.2);
#444=CIRCLE('',#9058,0.9);
#445=CIRCLE('',#9059,0.2);
#446=CIRCLE('',#9060,0.2);
#447=CIRCLE('',#9062,0.9);
#448=CIRCLE('',#9063,0.2);
#449=CIRCLE('',#9064,0.2);
#450=CIRCLE('',#9103,0.5);
#451=CIRCLE('',#9105,0.5);
#452=CIRCLE('',#9108,0.5);
#453=CIRCLE('',#9110,0.5);
#454=CIRCLE('',#9113,0.5);
#455=CIRCLE('',#9115,0.5);
#456=CIRCLE('',#9118,0.5);
#457=CIRCLE('',#9120,0.5);
#458=CIRCLE('',#9122,0.3);
#459=CIRCLE('',#9123,0.3);
#460=CIRCLE('',#9124,0.3);
#461=CIRCLE('',#9125,0.3);
#462=CIRCLE('',#9127,0.5);
#463=CIRCLE('',#9128,0.5);
#464=CIRCLE('',#9129,0.5);
#465=CIRCLE('',#9130,0.5);
#466=CIRCLE('',#9132,0.3);
#467=CIRCLE('',#9133,0.3);
#468=CIRCLE('',#9134,0.3);
#469=CIRCLE('',#9135,0.3);
#470=CIRCLE('',#9137,0.3);
#471=CIRCLE('',#9138,0.3);
#472=CIRCLE('',#9139,0.3);
#473=CIRCLE('',#9140,0.3);
#474=CIRCLE('',#9142,0.5);
#475=CIRCLE('',#9143,0.5);
#476=CIRCLE('',#9144,0.5);
#477=CIRCLE('',#9145,0.5);
#478=CIRCLE('',#9146,0.5);
#479=CIRCLE('',#9147,0.5);
#480=CIRCLE('',#9148,0.5);
#481=CIRCLE('',#9149,0.5);
#482=CIRCLE('',#9150,0.5);
#483=CIRCLE('',#9151,0.5);
#484=CIRCLE('',#9152,0.5);
#485=CIRCLE('',#9153,0.5);
#486=CIRCLE('',#9154,0.5);
#487=CIRCLE('',#9155,0.15);
#488=CIRCLE('',#9156,0.15);
#489=CIRCLE('',#9157,0.5);
#490=CIRCLE('',#9158,0.5);
#491=CIRCLE('',#9159,0.15);
#492=CIRCLE('',#9160,0.15);
#493=CIRCLE('',#9161,0.5);
#494=CIRCLE('',#9167,0.2);
#495=CIRCLE('',#9168,0.2);
#496=CIRCLE('',#9170,0.5);
#497=CIRCLE('',#9171,0.2);
#498=CIRCLE('',#9172,0.8);
#499=CIRCLE('',#9175,0.3);
#500=CIRCLE('',#9178,0.3);
#501=CIRCLE('',#9180,0.8);
#502=CIRCLE('',#9181,0.2);
#503=CIRCLE('',#9182,0.5);
#504=CIRCLE('',#9184,0.2);
#505=CIRCLE('',#9185,0.2);
#506=CIRCLE('',#9188,0.3);
#507=CIRCLE('',#9192,0.05);
#508=CIRCLE('',#9193,0.05);
#509=CIRCLE('',#9195,0.05);
#510=CIRCLE('',#9196,0.05);
#511=CIRCLE('',#9199,0.2);
#512=CIRCLE('',#9200,0.3);
#513=CIRCLE('',#9201,0.3);
#514=CIRCLE('',#9202,0.3);
#515=CIRCLE('',#9203,0.3);
#516=CIRCLE('',#9215,0.3);
#517=CIRCLE('',#9216,0.3);
#518=CIRCLE('',#9217,0.3);
#519=CIRCLE('',#9218,0.3);
#520=CIRCLE('',#9219,0.7);
#521=CIRCLE('',#9220,0.3);
#522=CIRCLE('',#9221,0.3);
#523=CIRCLE('',#9222,0.7);
#524=CIRCLE('',#9223,1.);
#525=CIRCLE('',#9231,0.3);
#526=CIRCLE('',#9233,0.3);
#527=CIRCLE('',#9240,0.5);
#528=CIRCLE('',#9242,0.5);
#529=CIRCLE('',#9244,0.5);
#530=CIRCLE('',#9246,0.5);
#531=CIRCLE('',#9248,0.5);
#532=CIRCLE('',#9250,0.5);
#533=CIRCLE('',#9252,0.5);
#534=CIRCLE('',#9254,0.5);
#535=CIRCLE('',#9256,0.3);
#536=CIRCLE('',#9258,0.3);
#537=CIRCLE('',#9259,0.3);
#538=CIRCLE('',#9263,0.3);
#539=CIRCLE('',#9265,0.3);
#540=CIRCLE('',#9266,0.3);
#541=CIRCLE('',#9270,0.3);
#542=CIRCLE('',#9272,0.3);
#543=CIRCLE('',#9273,0.3);
#544=CIRCLE('',#9275,0.3);
#545=CIRCLE('',#9279,0.3);
#546=CIRCLE('',#9280,0.3);
#547=CIRCLE('',#9282,0.3);
#548=CIRCLE('',#9285,0.15);
#549=CIRCLE('',#9287,0.15);
#550=CIRCLE('',#9288,0.15);
#551=CIRCLE('',#9290,0.15);
#552=CIRCLE('',#9292,0.15);
#553=CIRCLE('',#9294,0.15);
#554=CIRCLE('',#9295,0.15);
#555=CIRCLE('',#9297,0.15);
#556=CIRCLE('',#9303,0.2);
#557=CIRCLE('',#9304,0.5);
#558=CIRCLE('',#9308,0.5);
#559=CIRCLE('',#9310,0.5);
#560=CIRCLE('',#9312,0.5);
#561=CIRCLE('',#9314,0.5);
#562=CIRCLE('',#9316,0.2);
#563=CIRCLE('',#9317,0.2);
#564=CIRCLE('',#9319,0.2);
#565=CIRCLE('',#9321,0.2);
#566=CIRCLE('',#9323,0.2);
#567=CIRCLE('',#9325,0.2);
#568=CIRCLE('',#9327,0.2);
#569=CIRCLE('',#9328,0.2);
#570=CIRCLE('',#9330,0.2);
#571=CIRCLE('',#9332,0.2);
#572=CIRCLE('',#9334,0.2);
#573=CIRCLE('',#9336,0.2);
#574=CIRCLE('',#9350,0.3);
#575=CIRCLE('',#9351,0.3);
#576=CIRCLE('',#9428,0.9);
#577=CIRCLE('',#9429,0.2);
#578=CIRCLE('',#9430,0.2);
#579=CIRCLE('',#9431,0.2);
#580=CIRCLE('',#9432,0.2);
#581=CIRCLE('',#9434,0.9);
#582=CIRCLE('',#9435,0.2);
#583=CIRCLE('',#9436,0.2);
#584=CIRCLE('',#9437,0.2);
#585=CIRCLE('',#9438,0.2);
#586=CIRCLE('',#9442,0.15);
#587=CIRCLE('',#9443,0.15);
#588=CIRCLE('',#9445,0.2);
#589=CIRCLE('',#9446,0.2);
#590=CIRCLE('',#9450,0.05);
#591=CIRCLE('',#9452,0.05);
#592=CIRCLE('',#9470,0.3);
#593=CIRCLE('',#9471,0.3);
#594=CIRCLE('',#9472,0.3);
#595=CIRCLE('',#9473,0.3);
#596=CIRCLE('',#9477,0.3);
#597=CIRCLE('',#9478,0.3);
#598=CIRCLE('',#9479,0.3);
#599=CIRCLE('',#9480,0.3);
#600=CIRCLE('',#9482,0.25);
#601=CIRCLE('',#9483,0.25);
#602=CIRCLE('',#9487,0.3);
#603=CIRCLE('',#9488,0.3);
#604=CIRCLE('',#9490,0.05);
#605=CIRCLE('',#9491,0.05);
#606=CIRCLE('',#9493,0.05);
#607=CIRCLE('',#9494,0.05);
#608=CIRCLE('',#9502,0.05);
#609=CIRCLE('',#9504,0.05);
#610=CIRCLE('',#9510,0.3);
#611=CIRCLE('',#9512,0.3);
#612=CIRCLE('',#9514,0.1);
#613=CIRCLE('',#9515,0.1);
#614=CIRCLE('',#9520,0.3);
#615=CIRCLE('',#9525,0.3);
#616=CIRCLE('',#9528,0.3);
#617=CIRCLE('',#9532,0.3);
#618=CIRCLE('',#9538,0.3);
#619=CIRCLE('',#9543,0.3);
#620=CIRCLE('',#9548,1.25);
#621=CIRCLE('',#9549,0.9);
#622=CIRCLE('',#9552,0.5);
#623=CIRCLE('',#9553,0.5);
#624=CIRCLE('',#9558,0.5);
#625=CIRCLE('',#9559,0.5);
#626=CIRCLE('',#9560,0.5);
#627=CIRCLE('',#9561,0.5);
#628=CIRCLE('',#9565,0.5);
#629=CIRCLE('',#9566,0.5);
#630=CIRCLE('',#9571,0.5);
#631=CIRCLE('',#9572,0.5);
#632=CIRCLE('',#9594,0.5);
#633=CIRCLE('',#9596,0.5);
#634=CIRCLE('',#9597,0.5);
#635=CIRCLE('',#9599,0.5);
#636=CIRCLE('',#9601,0.5);
#637=CIRCLE('',#9603,0.5);
#638=CIRCLE('',#9605,0.5);
#639=CIRCLE('',#9608,0.5);
#640=CIRCLE('',#9610,0.5);
#641=CIRCLE('',#9612,0.5);
#642=CIRCLE('',#9618,0.199944281805878);
#643=CIRCLE('',#9619,0.199944281805878);
#644=CIRCLE('',#9625,0.199944281805878);
#645=CIRCLE('',#9626,0.199944281805878);
#646=CIRCLE('',#9632,0.199944281805878);
#647=CIRCLE('',#9633,0.199944281805878);
#648=CIRCLE('',#9639,0.199944281805878);
#649=CIRCLE('',#9640,0.199944281805878);
#650=CIRCLE('',#9646,0.5);
#651=CIRCLE('',#9650,0.2);
#652=CIRCLE('',#9652,0.2);
#653=CIRCLE('',#9654,0.75);
#654=CIRCLE('',#9655,0.2);
#655=CIRCLE('',#9657,0.75);
#656=CIRCLE('',#9660,0.9);
#657=CIRCLE('',#9663,0.5);
#658=CIRCLE('',#9665,0.2);
#659=CIRCLE('',#9667,0.2);
#660=CIRCLE('',#9671,0.3);
#661=CIRCLE('',#9673,0.3);
#662=CIRCLE('',#9676,0.3);
#663=CIRCLE('',#9678,0.3);
#664=CIRCLE('',#9681,0.3);
#665=CIRCLE('',#9683,0.3);
#666=CIRCLE('',#9685,0.75);
#667=CIRCLE('',#9717,0.7);
#668=CIRCLE('',#9718,0.2);
#669=CIRCLE('',#9719,0.2);
#670=CIRCLE('',#9721,0.7);
#671=CIRCLE('',#9722,0.2);
#672=CIRCLE('',#9723,0.2);
#673=ADVANCED_FACE('',(#1491),#1162,.T.);
#674=ADVANCED_FACE('',(#351,#352),#1163,.T.);
#675=ADVANCED_FACE('',(#353,#354),#1164,.F.);
#676=ADVANCED_FACE('',(#1492),#1165,.T.);
#677=ADVANCED_FACE('',(#1493),#1166,.F.);
#678=ADVANCED_FACE('',(#1494),#1167,.T.);
#679=ADVANCED_FACE('',(#1495),#1168,.T.);
#680=ADVANCED_FACE('',(#1496),#1169,.T.);
#681=ADVANCED_FACE('',(#1497),#1170,.T.);
#682=ADVANCED_FACE('',(#1498),#1171,.T.);
#683=ADVANCED_FACE('',(#1499),#1172,.F.);
#684=ADVANCED_FACE('',(#1500),#1173,.F.);
#685=ADVANCED_FACE('',(#1501),#1174,.F.);
#686=ADVANCED_FACE('',(#1502),#1175,.F.);
#687=ADVANCED_FACE('',(#1503),#1176,.F.);
#688=ADVANCED_FACE('',(#1504),#1177,.F.);
#689=ADVANCED_FACE('',(#355,#356),#235,.F.);
#690=ADVANCED_FACE('',(#1505),#1178,.T.);
#691=ADVANCED_FACE('',(#1506),#1179,.T.);
#692=ADVANCED_FACE('',(#1507),#1180,.T.);
#693=ADVANCED_FACE('',(#1508),#1181,.T.);
#694=ADVANCED_FACE('',(#1509),#1182,.F.);
#695=ADVANCED_FACE('',(#1510),#1183,.T.);
#696=ADVANCED_FACE('',(#1511),#1184,.T.);
#697=ADVANCED_FACE('',(#1512),#1185,.F.);
#698=ADVANCED_FACE('',(#1513),#236,.T.);
#699=ADVANCED_FACE('',(#1514),#237,.T.);
#700=ADVANCED_FACE('',(#1515),#1186,.T.);
#701=ADVANCED_FACE('',(#357,#358),#1187,.T.);
#702=ADVANCED_FACE('',(#359,#360),#1188,.F.);
#703=ADVANCED_FACE('',(#1516),#1189,.F.);
#704=ADVANCED_FACE('',(#1517),#1190,.F.);
#705=ADVANCED_FACE('',(#1518),#1191,.T.);
#706=ADVANCED_FACE('',(#1519),#1192,.F.);
#707=ADVANCED_FACE('',(#1520),#1193,.T.);
#708=ADVANCED_FACE('',(#1521),#1194,.T.);
#709=ADVANCED_FACE('',(#1522),#1195,.F.);
#710=ADVANCED_FACE('',(#1523),#1196,.F.);
#711=ADVANCED_FACE('',(#1524),#1197,.F.);
#712=ADVANCED_FACE('',(#361,#362),#238,.F.);
#713=ADVANCED_FACE('',(#1525),#239,.T.);
#714=ADVANCED_FACE('',(#1526),#240,.T.);
#715=ADVANCED_FACE('',(#1527),#1198,.F.);
#716=ADVANCED_FACE('',(#1528),#1199,.T.);
#717=ADVANCED_FACE('',(#1529),#1200,.F.);
#718=ADVANCED_FACE('',(#1530),#1201,.T.);
#719=ADVANCED_FACE('',(#1531),#1202,.T.);
#720=ADVANCED_FACE('',(#1532),#1203,.T.);
#721=ADVANCED_FACE('',(#1533),#1204,.T.);
#722=ADVANCED_FACE('',(#1534),#1205,.T.);
#723=ADVANCED_FACE('',(#1535),#1206,.T.);
#724=ADVANCED_FACE('',(#1536),#1207,.T.);
#725=ADVANCED_FACE('',(#1537),#1208,.T.);
#726=ADVANCED_FACE('',(#1538),#1209,.T.);
#727=ADVANCED_FACE('',(#1539),#1210,.T.);
#728=ADVANCED_FACE('',(#1540),#1211,.T.);
#729=ADVANCED_FACE('',(#1541),#1212,.T.);
#730=ADVANCED_FACE('',(#1542),#1213,.T.);
#731=ADVANCED_FACE('',(#1543),#1214,.T.);
#732=ADVANCED_FACE('',(#1544),#1215,.T.);
#733=ADVANCED_FACE('',(#1545),#1216,.T.);
#734=ADVANCED_FACE('',(#1546),#1217,.T.);
#735=ADVANCED_FACE('',(#1547),#1218,.T.);
#736=ADVANCED_FACE('',(#1548),#1219,.T.);
#737=ADVANCED_FACE('',(#1549),#1220,.T.);
#738=ADVANCED_FACE('',(#1550),#1221,.T.);
#739=ADVANCED_FACE('',(#1551),#1222,.T.);
#740=ADVANCED_FACE('',(#1552),#1223,.T.);
#741=ADVANCED_FACE('',(#1553),#1224,.F.);
#742=ADVANCED_FACE('',(#1554),#1225,.F.);
#743=ADVANCED_FACE('',(#1555),#1226,.T.);
#744=ADVANCED_FACE('',(#1556),#1227,.F.);
#745=ADVANCED_FACE('',(#1557),#1228,.T.);
#746=ADVANCED_FACE('',(#1558),#1229,.T.);
#747=ADVANCED_FACE('',(#1559),#1230,.F.);
#748=ADVANCED_FACE('',(#1560),#1231,.F.);
#749=ADVANCED_FACE('',(#1561),#1232,.T.);
#750=ADVANCED_FACE('',(#1562),#1233,.F.);
#751=ADVANCED_FACE('',(#363,#364,#365),#1234,.F.);
#752=ADVANCED_FACE('',(#366,#367),#1235,.F.);
#753=ADVANCED_FACE('',(#368,#369),#1236,.T.);
#754=ADVANCED_FACE('',(#370,#371),#1237,.T.);
#755=ADVANCED_FACE('',(#372,#373,#374,#375,#376,#377,#378,#379),#1238,.T.);
#756=ADVANCED_FACE('',(#1563),#241,.T.);
#757=ADVANCED_FACE('',(#1564),#242,.T.);
#758=ADVANCED_FACE('',(#1565),#243,.T.);
#759=ADVANCED_FACE('',(#1566),#244,.T.);
#760=ADVANCED_FACE('',(#1567),#1239,.T.);
#761=ADVANCED_FACE('',(#1568),#1240,.T.);
#762=ADVANCED_FACE('',(#1569),#245,.T.);
#763=ADVANCED_FACE('',(#1570),#246,.T.);
#764=ADVANCED_FACE('',(#1571),#1241,.T.);
#765=ADVANCED_FACE('',(#1572),#1242,.T.);
#766=ADVANCED_FACE('',(#1573),#247,.T.);
#767=ADVANCED_FACE('',(#1574),#248,.T.);
#768=ADVANCED_FACE('',(#1575),#1243,.T.);
#769=ADVANCED_FACE('',(#1576),#1244,.T.);
#770=ADVANCED_FACE('',(#1577),#1245,.F.);
#771=ADVANCED_FACE('',(#380,#381,#382,#383,#384,#385,#386,#387,#388,#389,
#390,#391,#392),#1246,.F.);
#772=ADVANCED_FACE('',(#1578),#1247,.T.);
#773=ADVANCED_FACE('',(#1579),#1248,.T.);
#774=ADVANCED_FACE('',(#1580),#1249,.F.);
#775=ADVANCED_FACE('',(#1581),#1250,.T.);
#776=ADVANCED_FACE('',(#1582),#1251,.T.);
#777=ADVANCED_FACE('',(#1583),#1252,.T.);
#778=ADVANCED_FACE('',(#1584),#1253,.T.);
#779=ADVANCED_FACE('',(#1585),#1254,.T.);
#780=ADVANCED_FACE('',(#1586),#1255,.T.);
#781=ADVANCED_FACE('',(#1587),#1256,.T.);
#782=ADVANCED_FACE('',(#393,#394),#1257,.F.);
#783=ADVANCED_FACE('',(#1588),#1258,.T.);
#784=ADVANCED_FACE('',(#1589),#1259,.T.);
#785=ADVANCED_FACE('',(#1590),#1260,.T.);
#786=ADVANCED_FACE('',(#1591),#1261,.T.);
#787=ADVANCED_FACE('',(#1592),#1262,.T.);
#788=ADVANCED_FACE('',(#1593),#1263,.T.);
#789=ADVANCED_FACE('',(#1594),#1264,.T.);
#790=ADVANCED_FACE('',(#1595),#1265,.T.);
#791=ADVANCED_FACE('',(#1596),#1266,.T.);
#792=ADVANCED_FACE('',(#1597),#128,.T.);
#793=ADVANCED_FACE('',(#1598),#249,.T.);
#794=ADVANCED_FACE('',(#1599),#250,.T.);
#795=ADVANCED_FACE('',(#1600),#129,.T.);
#796=ADVANCED_FACE('',(#1601),#130,.T.);
#797=ADVANCED_FACE('',(#1602),#251,.T.);
#798=ADVANCED_FACE('',(#1603),#252,.T.);
#799=ADVANCED_FACE('',(#1604),#131,.T.);
#800=ADVANCED_FACE('',(#1605),#253,.T.);
#801=ADVANCED_FACE('',(#1606),#254,.F.);
#802=ADVANCED_FACE('',(#1607),#255,.F.);
#803=ADVANCED_FACE('',(#1608),#256,.T.);
#804=ADVANCED_FACE('',(#1609),#257,.T.);
#805=ADVANCED_FACE('',(#1610),#258,.T.);
#806=ADVANCED_FACE('',(#1611),#259,.T.);
#807=ADVANCED_FACE('',(#1612),#260,.T.);
#808=ADVANCED_FACE('',(#1613),#261,.T.);
#809=ADVANCED_FACE('',(#1614),#132,.T.);
#810=ADVANCED_FACE('',(#1615),#262,.T.);
#811=ADVANCED_FACE('',(#1616),#118,.T.);
#812=ADVANCED_FACE('',(#1617),#263,.T.);
#813=ADVANCED_FACE('',(#1618),#133,.T.);
#814=ADVANCED_FACE('',(#1619),#264,.T.);
#815=ADVANCED_FACE('',(#1620),#134,.T.);
#816=ADVANCED_FACE('',(#1621),#265,.T.);
#817=ADVANCED_FACE('',(#1622),#266,.T.);
#818=ADVANCED_FACE('',(#1623),#135,.T.);
#819=ADVANCED_FACE('',(#1624),#267,.T.);
#820=ADVANCED_FACE('',(#1625),#119,.T.);
#821=ADVANCED_FACE('',(#1626),#268,.T.);
#822=ADVANCED_FACE('',(#1627),#136,.T.);
#823=ADVANCED_FACE('',(#1628),#269,.T.);
#824=ADVANCED_FACE('',(#1629),#137,.T.);
#825=ADVANCED_FACE('',(#1630),#270,.T.);
#826=ADVANCED_FACE('',(#1631),#271,.T.);
#827=ADVANCED_FACE('',(#1632),#272,.T.);
#828=ADVANCED_FACE('',(#1633),#273,.T.);
#829=ADVANCED_FACE('',(#1634),#274,.T.);
#830=ADVANCED_FACE('',(#1635),#275,.T.);
#831=ADVANCED_FACE('',(#1636),#276,.T.);
#832=ADVANCED_FACE('',(#1637),#277,.T.);
#833=ADVANCED_FACE('',(#1638),#278,.T.);
#834=ADVANCED_FACE('',(#1639),#279,.T.);
#835=ADVANCED_FACE('',(#1640),#280,.T.);
#836=ADVANCED_FACE('',(#395,#396),#1267,.T.);
#837=ADVANCED_FACE('',(#397,#398),#281,.F.);
#838=ADVANCED_FACE('',(#399,#400),#115,.F.);
#839=ADVANCED_FACE('',(#1641),#282,.T.);
#840=ADVANCED_FACE('',(#1642),#283,.T.);
#841=ADVANCED_FACE('',(#1643),#284,.F.);
#842=ADVANCED_FACE('',(#1644),#285,.F.);
#843=ADVANCED_FACE('',(#1645),#138,.T.);
#844=ADVANCED_FACE('',(#1646),#286,.T.);
#845=ADVANCED_FACE('',(#1647),#120,.T.);
#846=ADVANCED_FACE('',(#1648),#287,.T.);
#847=ADVANCED_FACE('',(#1649),#121,.T.);
#848=ADVANCED_FACE('',(#1650),#288,.T.);
#849=ADVANCED_FACE('',(#1651),#139,.T.);
#850=ADVANCED_FACE('',(#1652),#140,.T.);
#851=ADVANCED_FACE('',(#1653),#289,.T.);
#852=ADVANCED_FACE('',(#1654),#122,.T.);
#853=ADVANCED_FACE('',(#1655),#290,.T.);
#854=ADVANCED_FACE('',(#1656),#123,.T.);
#855=ADVANCED_FACE('',(#1657),#291,.T.);
#856=ADVANCED_FACE('',(#1658),#141,.T.);
#857=ADVANCED_FACE('',(#1659),#1268,.F.);
#858=ADVANCED_FACE('',(#1660),#1269,.F.);
#859=ADVANCED_FACE('',(#1661),#292,.T.);
#860=ADVANCED_FACE('',(#1662),#293,.T.);
#861=ADVANCED_FACE('',(#1663),#294,.T.);
#862=ADVANCED_FACE('',(#1664),#295,.T.);
#863=ADVANCED_FACE('',(#1665),#1270,.F.);
#864=ADVANCED_FACE('',(#1666),#1271,.F.);
#865=ADVANCED_FACE('',(#1667),#296,.T.);
#866=ADVANCED_FACE('',(#1668),#297,.T.);
#867=ADVANCED_FACE('',(#1669),#298,.T.);
#868=ADVANCED_FACE('',(#1670),#299,.T.);
#869=ADVANCED_FACE('',(#1671),#1272,.T.);
#870=ADVANCED_FACE('',(#1672),#1273,.F.);
#871=ADVANCED_FACE('',(#1673),#1274,.F.);
#872=ADVANCED_FACE('',(#1674),#1275,.F.);
#873=ADVANCED_FACE('',(#1675),#1276,.F.);
#874=ADVANCED_FACE('',(#1676),#300,.T.);
#875=ADVANCED_FACE('',(#1677),#301,.T.);
#876=ADVANCED_FACE('',(#1678),#302,.T.);
#877=ADVANCED_FACE('',(#1679),#303,.T.);
#878=ADVANCED_FACE('',(#1680),#1277,.T.);
#879=ADVANCED_FACE('',(#1681),#1278,.T.);
#880=ADVANCED_FACE('',(#1682),#1279,.T.);
#881=ADVANCED_FACE('',(#1683),#1280,.T.);
#882=ADVANCED_FACE('',(#1684),#1281,.T.);
#883=ADVANCED_FACE('',(#1685),#1282,.T.);
#884=ADVANCED_FACE('',(#1686),#1283,.T.);
#885=ADVANCED_FACE('',(#1687),#104,.T.);
#886=ADVANCED_FACE('',(#1688),#1284,.T.);
#887=ADVANCED_FACE('',(#1689),#105,.T.);
#888=ADVANCED_FACE('',(#1690),#1285,.T.);
#889=ADVANCED_FACE('',(#1691),#1286,.T.);
#890=ADVANCED_FACE('',(#1692),#1287,.T.);
#891=ADVANCED_FACE('',(#1693),#106,.T.);
#892=ADVANCED_FACE('',(#1694),#1288,.F.);
#893=ADVANCED_FACE('',(#1695),#1289,.T.);
#894=ADVANCED_FACE('',(#1696),#1290,.T.);
#895=ADVANCED_FACE('',(#1697),#1291,.T.);
#896=ADVANCED_FACE('',(#1698),#107,.T.);
#897=ADVANCED_FACE('',(#1699),#1292,.T.);
#898=ADVANCED_FACE('',(#1700),#1293,.T.);
#899=ADVANCED_FACE('',(#1701),#1294,.T.);
#900=ADVANCED_FACE('',(#1702),#1295,.T.);
#901=ADVANCED_FACE('',(#1703),#1296,.T.);
#902=ADVANCED_FACE('',(#1704),#1297,.T.);
#903=ADVANCED_FACE('',(#1705),#1298,.T.);
#904=ADVANCED_FACE('',(#1706),#1299,.T.);
#905=ADVANCED_FACE('',(#401,#402),#1300,.T.);
#906=ADVANCED_FACE('',(#1707),#1301,.F.);
#907=ADVANCED_FACE('',(#1708),#108,.T.);
#908=ADVANCED_FACE('',(#1709),#1302,.T.);
#909=ADVANCED_FACE('',(#1710),#109,.T.);
#910=ADVANCED_FACE('',(#1711),#110,.T.);
#911=ADVANCED_FACE('',(#1712),#1303,.T.);
#912=ADVANCED_FACE('',(#1713),#111,.T.);
#913=ADVANCED_FACE('',(#1714),#1304,.T.);
#914=ADVANCED_FACE('',(#1715),#112,.T.);
#915=ADVANCED_FACE('',(#1716),#1305,.F.);
#916=ADVANCED_FACE('',(#1717),#1306,.F.);
#917=ADVANCED_FACE('',(#1718),#113,.F.);
#918=ADVANCED_FACE('',(#1719),#1307,.F.);
#919=ADVANCED_FACE('',(#1720),#114,.F.);
#920=ADVANCED_FACE('',(#1721),#1308,.F.);
#921=ADVANCED_FACE('',(#1722),#1309,.F.);
#922=ADVANCED_FACE('',(#1723),#1310,.F.);
#923=ADVANCED_FACE('',(#1724),#1311,.F.);
#924=ADVANCED_FACE('',(#1725),#1312,.T.);
#925=ADVANCED_FACE('',(#1726),#1313,.T.);
#926=ADVANCED_FACE('',(#1727),#1314,.T.);
#927=ADVANCED_FACE('',(#1728),#1315,.T.);
#928=ADVANCED_FACE('',(#1729),#1316,.F.);
#929=ADVANCED_FACE('',(#1730),#1317,.T.);
#930=ADVANCED_FACE('',(#1731),#1318,.T.);
#931=ADVANCED_FACE('',(#1732),#1319,.F.);
#932=ADVANCED_FACE('',(#1733),#1320,.T.);
#933=ADVANCED_FACE('',(#1734),#1321,.F.);
#934=ADVANCED_FACE('',(#1735),#1322,.T.);
#935=ADVANCED_FACE('',(#1736),#1323,.T.);
#936=ADVANCED_FACE('',(#1737),#1324,.T.);
#937=ADVANCED_FACE('',(#1738),#1325,.F.);
#938=ADVANCED_FACE('',(#1739),#1326,.F.);
#939=ADVANCED_FACE('',(#1740),#1327,.T.);
#940=ADVANCED_FACE('',(#1741),#1328,.T.);
#941=ADVANCED_FACE('',(#1742),#1329,.T.);
#942=ADVANCED_FACE('',(#1743),#1330,.T.);
#943=ADVANCED_FACE('',(#1744),#1331,.F.);
#944=ADVANCED_FACE('',(#1745),#1332,.T.);
#945=ADVANCED_FACE('',(#1746),#1333,.T.);
#946=ADVANCED_FACE('',(#1747),#1334,.T.);
#947=ADVANCED_FACE('',(#1748),#1335,.F.);
#948=ADVANCED_FACE('',(#1749),#1336,.F.);
#949=ADVANCED_FACE('',(#1750),#1337,.T.);
#950=ADVANCED_FACE('',(#1751),#1338,.T.);
#951=ADVANCED_FACE('',(#1752),#1339,.F.);
#952=ADVANCED_FACE('',(#1753),#1340,.T.);
#953=ADVANCED_FACE('',(#1754),#1341,.F.);
#954=ADVANCED_FACE('',(#1755),#1342,.T.);
#955=ADVANCED_FACE('',(#1756),#1343,.T.);
#956=ADVANCED_FACE('',(#403,#404),#1344,.F.);
#957=ADVANCED_FACE('',(#405,#406),#1345,.T.);
#958=ADVANCED_FACE('',(#1757),#1346,.T.);
#959=ADVANCED_FACE('',(#1758),#1347,.T.);
#960=ADVANCED_FACE('',(#1759),#1348,.T.);
#961=ADVANCED_FACE('',(#1760),#1349,.T.);
#962=ADVANCED_FACE('',(#1761),#304,.F.);
#963=ADVANCED_FACE('',(#1762),#305,.F.);
#964=ADVANCED_FACE('',(#1763),#124,.T.);
#965=ADVANCED_FACE('',(#1764),#125,.T.);
#966=ADVANCED_FACE('',(#1765),#1350,.F.);
#967=ADVANCED_FACE('',(#1766),#1351,.T.);
#968=ADVANCED_FACE('',(#1767),#1352,.T.);
#969=ADVANCED_FACE('',(#1768),#1353,.F.);
#970=ADVANCED_FACE('',(#1769),#1354,.F.);
#971=ADVANCED_FACE('',(#1770),#1355,.F.);
#972=ADVANCED_FACE('',(#1771),#1356,.T.);
#973=ADVANCED_FACE('',(#407,#408),#306,.F.);
#974=ADVANCED_FACE('',(#1772),#1357,.F.);
#975=ADVANCED_FACE('',(#1773),#1358,.T.);
#976=ADVANCED_FACE('',(#1774),#1359,.F.);
#977=ADVANCED_FACE('',(#1775),#1360,.T.);
#978=ADVANCED_FACE('',(#1776),#307,.T.);
#979=ADVANCED_FACE('',(#1777),#308,.T.);
#980=ADVANCED_FACE('',(#1778),#1361,.T.);
#981=ADVANCED_FACE('',(#1779),#309,.T.);
#982=ADVANCED_FACE('',(#1780),#1362,.T.);
#983=ADVANCED_FACE('',(#1781),#1363,.F.);
#984=ADVANCED_FACE('',(#1782),#1364,.F.);
#985=ADVANCED_FACE('',(#1783),#1365,.F.);
#986=ADVANCED_FACE('',(#1784),#1366,.F.);
#987=ADVANCED_FACE('',(#1785),#1367,.F.);
#988=ADVANCED_FACE('',(#1786),#1368,.F.);
#989=ADVANCED_FACE('',(#1787),#1369,.F.);
#990=ADVANCED_FACE('',(#1788),#310,.T.);
#991=ADVANCED_FACE('',(#1789),#311,.T.);
#992=ADVANCED_FACE('',(#1790),#1370,.F.);
#993=ADVANCED_FACE('',(#1791),#1371,.F.);
#994=ADVANCED_FACE('',(#1792),#1372,.F.);
#995=ADVANCED_FACE('',(#1793),#1373,.F.);
#996=ADVANCED_FACE('',(#1794),#312,.F.);
#997=ADVANCED_FACE('',(#1795),#313,.F.);
#998=ADVANCED_FACE('',(#1796),#126,.T.);
#999=ADVANCED_FACE('',(#1797),#314,.T.);
#1000=ADVANCED_FACE('',(#1798),#127,.T.);
#1001=ADVANCED_FACE('',(#1799),#315,.T.);
#1002=ADVANCED_FACE('',(#1800),#316,.T.);
#1003=ADVANCED_FACE('',(#1801),#1374,.T.);
#1004=ADVANCED_FACE('',(#1802),#1375,.F.);
#1005=ADVANCED_FACE('',(#1803),#1376,.F.);
#1006=ADVANCED_FACE('',(#409,#410),#1377,.T.);
#1007=ADVANCED_FACE('',(#1804),#1378,.F.);
#1008=ADVANCED_FACE('',(#1805),#1379,.F.);
#1009=ADVANCED_FACE('',(#1806),#1380,.F.);
#1010=ADVANCED_FACE('',(#1807),#1381,.F.);
#1011=ADVANCED_FACE('',(#1808),#317,.F.);
#1012=ADVANCED_FACE('',(#1809),#1382,.F.);
#1013=ADVANCED_FACE('',(#1810),#318,.F.);
#1014=ADVANCED_FACE('',(#1811),#319,.F.);
#1015=ADVANCED_FACE('',(#1812),#320,.F.);
#1016=ADVANCED_FACE('',(#411,#412,#413),#1383,.T.);
#1017=ADVANCED_FACE('',(#1813),#1384,.T.);
#1018=ADVANCED_FACE('',(#1814),#321,.T.);
#1019=ADVANCED_FACE('',(#1815),#1385,.F.);
#1020=ADVANCED_FACE('',(#1816),#1386,.T.);
#1021=ADVANCED_FACE('',(#1817),#1387,.T.);
#1022=ADVANCED_FACE('',(#414,#415),#1388,.T.);
#1023=ADVANCED_FACE('',(#1818),#1389,.T.);
#1024=ADVANCED_FACE('',(#1819),#1390,.T.);
#1025=ADVANCED_FACE('',(#1820),#322,.T.);
#1026=ADVANCED_FACE('',(#1821),#1391,.T.);
#1027=ADVANCED_FACE('',(#1822),#1392,.T.);
#1028=ADVANCED_FACE('',(#1823),#1393,.F.);
#1029=ADVANCED_FACE('',(#1824),#323,.T.);
#1030=ADVANCED_FACE('',(#1825),#1394,.F.);
#1031=ADVANCED_FACE('',(#1826),#1395,.F.);
#1032=ADVANCED_FACE('',(#1827),#1396,.T.);
#1033=ADVANCED_FACE('',(#1828),#1397,.F.);
#1034=ADVANCED_FACE('',(#1829),#1398,.T.);
#1035=ADVANCED_FACE('',(#1830),#1399,.T.);
#1036=ADVANCED_FACE('',(#1831),#1400,.T.);
#1037=ADVANCED_FACE('',(#1832),#1401,.F.);
#1038=ADVANCED_FACE('',(#1833),#1402,.T.);
#1039=ADVANCED_FACE('',(#1834),#1403,.T.);
#1040=ADVANCED_FACE('',(#1835),#1404,.T.);
#1041=ADVANCED_FACE('',(#1836),#1405,.T.);
#1042=ADVANCED_FACE('',(#1837),#1406,.F.);
#1043=ADVANCED_FACE('',(#1838),#1407,.T.);
#1044=ADVANCED_FACE('',(#1839),#1408,.F.);
#1045=ADVANCED_FACE('',(#1840),#1409,.F.);
#1046=ADVANCED_FACE('',(#1841),#1410,.F.);
#1047=ADVANCED_FACE('',(#1842),#1411,.F.);
#1048=ADVANCED_FACE('',(#1843),#1412,.F.);
#1049=ADVANCED_FACE('',(#1844),#1413,.F.);
#1050=ADVANCED_FACE('',(#1845),#324,.T.);
#1051=ADVANCED_FACE('',(#1846),#101,.T.);
#1052=ADVANCED_FACE('',(#1847),#325,.T.);
#1053=ADVANCED_FACE('',(#1848),#326,.T.);
#1054=ADVANCED_FACE('',(#1849),#327,.T.);
#1055=ADVANCED_FACE('',(#1850),#328,.T.);
#1056=ADVANCED_FACE('',(#1851),#102,.T.);
#1057=ADVANCED_FACE('',(#1852),#103,.T.);
#1058=ADVANCED_FACE('',(#1853),#329,.T.);
#1059=ADVANCED_FACE('',(#1854),#330,.T.);
#1060=ADVANCED_FACE('',(#1855),#1414,.T.);
#1061=ADVANCED_FACE('',(#1856),#1415,.T.);
#1062=ADVANCED_FACE('',(#1857),#1416,.T.);
#1063=ADVANCED_FACE('',(#1858),#1417,.T.);
#1064=ADVANCED_FACE('',(#1859),#331,.T.);
#1065=ADVANCED_FACE('',(#1860),#1418,.F.);
#1066=ADVANCED_FACE('',(#1861),#1419,.F.);
#1067=ADVANCED_FACE('',(#1862),#1420,.T.);
#1068=ADVANCED_FACE('',(#1863),#1421,.F.);
#1069=ADVANCED_FACE('',(#1864),#332,.T.);
#1070=ADVANCED_FACE('',(#1865),#1422,.F.);
#1071=ADVANCED_FACE('',(#1866),#1423,.F.);
#1072=ADVANCED_FACE('',(#1867),#1424,.T.);
#1073=ADVANCED_FACE('',(#1868),#1425,.F.);
#1074=ADVANCED_FACE('',(#1869),#333,.T.);
#1075=ADVANCED_FACE('',(#1870),#1426,.F.);
#1076=ADVANCED_FACE('',(#1871),#1427,.F.);
#1077=ADVANCED_FACE('',(#1872),#1428,.T.);
#1078=ADVANCED_FACE('',(#1873),#1429,.F.);
#1079=ADVANCED_FACE('',(#1874),#334,.T.);
#1080=ADVANCED_FACE('',(#1875),#1430,.F.);
#1081=ADVANCED_FACE('',(#1876),#1431,.F.);
#1082=ADVANCED_FACE('',(#1877),#1432,.T.);
#1083=ADVANCED_FACE('',(#1878),#1433,.F.);
#1084=ADVANCED_FACE('',(#416,#417),#1434,.T.);
#1085=ADVANCED_FACE('',(#1879),#1435,.F.);
#1086=ADVANCED_FACE('',(#1880),#1436,.F.);
#1087=ADVANCED_FACE('',(#1881),#1437,.T.);
#1088=ADVANCED_FACE('',(#1882),#1438,.F.);
#1089=ADVANCED_FACE('',(#418,#419),#1439,.F.);
#1090=ADVANCED_FACE('',(#420,#421),#335,.T.);
#1091=ADVANCED_FACE('',(#1883),#1440,.T.);
#1092=ADVANCED_FACE('',(#422,#423),#336,.F.);
#1093=ADVANCED_FACE('',(#1884),#1441,.T.);
#1094=ADVANCED_FACE('',(#424,#425),#337,.F.);
#1095=ADVANCED_FACE('',(#1885),#1442,.F.);
#1096=ADVANCED_FACE('',(#426,#427),#338,.F.);
#1097=ADVANCED_FACE('',(#428,#429),#116,.F.);
#1098=ADVANCED_FACE('',(#1886),#339,.T.);
#1099=ADVANCED_FACE('',(#1887),#142,.T.);
#1100=ADVANCED_FACE('',(#1888),#340,.T.);
#1101=ADVANCED_FACE('',(#1889),#341,.T.);
#1102=ADVANCED_FACE('',(#1890),#143,.T.);
#1103=ADVANCED_FACE('',(#1891),#342,.T.);
#1104=ADVANCED_FACE('',(#1892),#343,.T.);
#1105=ADVANCED_FACE('',(#1893),#144,.T.);
#1106=ADVANCED_FACE('',(#1894),#344,.T.);
#1107=ADVANCED_FACE('',(#1895),#1443,.T.);
#1108=ADVANCED_FACE('',(#430,#431),#117,.F.);
#1109=ADVANCED_FACE('',(#1896),#1444,.F.);
#1110=ADVANCED_FACE('',(#1897),#1445,.T.);
#1111=ADVANCED_FACE('',(#1898),#1446,.F.);
#1112=ADVANCED_FACE('',(#1899),#1447,.T.);
#1113=ADVANCED_FACE('',(#1900),#1448,.F.);
#1114=ADVANCED_FACE('',(#1901),#1449,.T.);
#1115=ADVANCED_FACE('',(#1902),#1450,.F.);
#1116=ADVANCED_FACE('',(#1903),#1451,.T.);
#1117=ADVANCED_FACE('',(#1904),#1452,.T.);
#1118=ADVANCED_FACE('',(#1905),#1453,.F.);
#1119=ADVANCED_FACE('',(#1906),#1454,.T.);
#1120=ADVANCED_FACE('',(#1907),#1455,.T.);
#1121=ADVANCED_FACE('',(#1908),#1456,.F.);
#1122=ADVANCED_FACE('',(#1909),#1457,.F.);
#1123=ADVANCED_FACE('',(#1910),#1458,.F.);
#1124=ADVANCED_FACE('',(#1911),#1459,.F.);
#1125=ADVANCED_FACE('',(#1912),#1460,.F.);
#1126=ADVANCED_FACE('',(#1913),#1461,.F.);
#1127=ADVANCED_FACE('',(#1914),#1462,.F.);
#1128=ADVANCED_FACE('',(#1915),#1463,.T.);
#1129=ADVANCED_FACE('',(#1916),#1464,.F.);
#1130=ADVANCED_FACE('',(#1917),#1465,.F.);
#1131=ADVANCED_FACE('',(#1918),#1466,.F.);
#1132=ADVANCED_FACE('',(#1919),#345,.T.);
#1133=ADVANCED_FACE('',(#1920),#346,.T.);
#1134=ADVANCED_FACE('',(#1921),#347,.T.);
#1135=ADVANCED_FACE('',(#1922),#1467,.T.);
#1136=ADVANCED_FACE('',(#432,#433),#1468,.T.);
#1137=ADVANCED_FACE('',(#434,#435),#1469,.F.);
#1138=ADVANCED_FACE('',(#1923),#1470,.T.);
#1139=ADVANCED_FACE('',(#1924),#1471,.F.);
#1140=ADVANCED_FACE('',(#1925),#1472,.T.);
#1141=ADVANCED_FACE('',(#1926),#1473,.T.);
#1142=ADVANCED_FACE('',(#1927),#1474,.T.);
#1143=ADVANCED_FACE('',(#1928),#1475,.T.);
#1144=ADVANCED_FACE('',(#1929),#1476,.T.);
#1145=ADVANCED_FACE('',(#1930),#1477,.F.);
#1146=ADVANCED_FACE('',(#1931),#1478,.F.);
#1147=ADVANCED_FACE('',(#1932),#1479,.F.);
#1148=ADVANCED_FACE('',(#1933),#1480,.F.);
#1149=ADVANCED_FACE('',(#1934),#1481,.F.);
#1150=ADVANCED_FACE('',(#1935),#1482,.F.);
#1151=ADVANCED_FACE('',(#436,#437),#348,.F.);
#1152=ADVANCED_FACE('',(#1936),#1483,.T.);
#1153=ADVANCED_FACE('',(#1937),#1484,.T.);
#1154=ADVANCED_FACE('',(#1938),#1485,.T.);
#1155=ADVANCED_FACE('',(#1939),#1486,.T.);
#1156=ADVANCED_FACE('',(#1940),#1487,.F.);
#1157=ADVANCED_FACE('',(#1941),#1488,.T.);
#1158=ADVANCED_FACE('',(#1942),#1489,.T.);
#1159=ADVANCED_FACE('',(#1943),#1490,.F.);
#1160=ADVANCED_FACE('',(#1944),#349,.T.);
#1161=ADVANCED_FACE('',(#1945),#350,.T.);
#1162=PLANE('',#9024);
#1163=PLANE('',#9028);
#1164=PLANE('',#9032);
#1165=PLANE('',#9033);
#1166=PLANE('',#9034);
#1167=PLANE('',#9035);
#1168=PLANE('',#9036);
#1169=PLANE('',#9037);
#1170=PLANE('',#9038);
#1171=PLANE('',#9039);
#1172=PLANE('',#9040);
#1173=PLANE('',#9041);
#1174=PLANE('',#9042);
#1175=PLANE('',#9043);
#1176=PLANE('',#9044);
#1177=PLANE('',#9045);
#1178=PLANE('',#9047);
#1179=PLANE('',#9048);
#1180=PLANE('',#9049);
#1181=PLANE('',#9050);
#1182=PLANE('',#9051);
#1183=PLANE('',#9052);
#1184=PLANE('',#9053);
#1185=PLANE('',#9054);
#1186=PLANE('',#9057);
#1187=PLANE('',#9061);
#1188=PLANE('',#9065);
#1189=PLANE('',#9066);
#1190=PLANE('',#9067);
#1191=PLANE('',#9068);
#1192=PLANE('',#9069);
#1193=PLANE('',#9070);
#1194=PLANE('',#9071);
#1195=PLANE('',#9072);
#1196=PLANE('',#9073);
#1197=PLANE('',#9074);
#1198=PLANE('',#9078);
#1199=PLANE('',#9079);
#1200=PLANE('',#9080);
#1201=PLANE('',#9081);
#1202=PLANE('',#9082);
#1203=PLANE('',#9083);
#1204=PLANE('',#9084);
#1205=PLANE('',#9085);
#1206=PLANE('',#9086);
#1207=PLANE('',#9087);
#1208=PLANE('',#9088);
#1209=PLANE('',#9089);
#1210=PLANE('',#9090);
#1211=PLANE('',#9091);
#1212=PLANE('',#9092);
#1213=PLANE('',#9093);
#1214=PLANE('',#9094);
#1215=PLANE('',#9095);
#1216=PLANE('',#9096);
#1217=PLANE('',#9097);
#1218=PLANE('',#9098);
#1219=PLANE('',#9099);
#1220=PLANE('',#9100);
#1221=PLANE('',#9101);
#1222=PLANE('',#9102);
#1223=PLANE('',#9104);
#1224=PLANE('',#9106);
#1225=PLANE('',#9107);
#1226=PLANE('',#9109);
#1227=PLANE('',#9111);
#1228=PLANE('',#9112);
#1229=PLANE('',#9114);
#1230=PLANE('',#9116);
#1231=PLANE('',#9117);
#1232=PLANE('',#9119);
#1233=PLANE('',#9121);
#1234=PLANE('',#9126);
#1235=PLANE('',#9131);
#1236=PLANE('',#9136);
#1237=PLANE('',#9141);
#1238=PLANE('',#9162);
#1239=PLANE('',#9169);
#1240=PLANE('',#9173);
#1241=PLANE('',#9183);
#1242=PLANE('',#9186);
#1243=PLANE('',#9194);
#1244=PLANE('',#9197);
#1245=PLANE('',#9198);
#1246=PLANE('',#9204);
#1247=PLANE('',#9205);
#1248=PLANE('',#9206);
#1249=PLANE('',#9207);
#1250=PLANE('',#9208);
#1251=PLANE('',#9209);
#1252=PLANE('',#9210);
#1253=PLANE('',#9211);
#1254=PLANE('',#9212);
#1255=PLANE('',#9213);
#1256=PLANE('',#9214);
#1257=PLANE('',#9224);
#1258=PLANE('',#9225);
#1259=PLANE('',#9226);
#1260=PLANE('',#9227);
#1261=PLANE('',#9228);
#1262=PLANE('',#9229);
#1263=PLANE('',#9230);
#1264=PLANE('',#9232);
#1265=PLANE('',#9234);
#1266=PLANE('',#9235);
#1267=PLANE('',#9305);
#1268=PLANE('',#9338);
#1269=PLANE('',#9339);
#1270=PLANE('',#9344);
#1271=PLANE('',#9345);
#1272=PLANE('',#9352);
#1273=PLANE('',#9353);
#1274=PLANE('',#9354);
#1275=PLANE('',#9355);
#1276=PLANE('',#9356);
#1277=PLANE('',#9361);
#1278=PLANE('',#9362);
#1279=PLANE('',#9363);
#1280=PLANE('',#9364);
#1281=PLANE('',#9365);
#1282=PLANE('',#9366);
#1283=PLANE('',#9367);
#1284=PLANE('',#9368);
#1285=PLANE('',#9369);
#1286=PLANE('',#9370);
#1287=PLANE('',#9371);
#1288=PLANE('',#9372);
#1289=PLANE('',#9373);
#1290=PLANE('',#9374);
#1291=PLANE('',#9375);
#1292=PLANE('',#9376);
#1293=PLANE('',#9377);
#1294=PLANE('',#9378);
#1295=PLANE('',#9379);
#1296=PLANE('',#9380);
#1297=PLANE('',#9381);
#1298=PLANE('',#9382);
#1299=PLANE('',#9383);
#1300=PLANE('',#9384);
#1301=PLANE('',#9385);
#1302=PLANE('',#9386);
#1303=PLANE('',#9387);
#1304=PLANE('',#9388);
#1305=PLANE('',#9389);
#1306=PLANE('',#9390);
#1307=PLANE('',#9391);
#1308=PLANE('',#9392);
#1309=PLANE('',#9393);
#1310=PLANE('',#9394);
#1311=PLANE('',#9395);
#1312=PLANE('',#9396);
#1313=PLANE('',#9397);
#1314=PLANE('',#9398);
#1315=PLANE('',#9399);
#1316=PLANE('',#9400);
#1317=PLANE('',#9401);
#1318=PLANE('',#9402);
#1319=PLANE('',#9403);
#1320=PLANE('',#9404);
#1321=PLANE('',#9405);
#1322=PLANE('',#9406);
#1323=PLANE('',#9407);
#1324=PLANE('',#9408);
#1325=PLANE('',#9409);
#1326=PLANE('',#9410);
#1327=PLANE('',#9411);
#1328=PLANE('',#9412);
#1329=PLANE('',#9413);
#1330=PLANE('',#9414);
#1331=PLANE('',#9415);
#1332=PLANE('',#9416);
#1333=PLANE('',#9417);
#1334=PLANE('',#9418);
#1335=PLANE('',#9419);
#1336=PLANE('',#9420);
#1337=PLANE('',#9421);
#1338=PLANE('',#9422);
#1339=PLANE('',#9423);
#1340=PLANE('',#9424);
#1341=PLANE('',#9425);
#1342=PLANE('',#9426);
#1343=PLANE('',#9427);
#1344=PLANE('',#9433);
#1345=PLANE('',#9439);
#1346=PLANE('',#9440);
#1347=PLANE('',#9441);
#1348=PLANE('',#9444);
#1349=PLANE('',#9447);
#1350=PLANE('',#9454);
#1351=PLANE('',#9455);
#1352=PLANE('',#9456);
#1353=PLANE('',#9457);
#1354=PLANE('',#9458);
#1355=PLANE('',#9459);
#1356=PLANE('',#9460);
#1357=PLANE('',#9462);
#1358=PLANE('',#9463);
#1359=PLANE('',#9464);
#1360=PLANE('',#9465);
#1361=PLANE('',#9468);
#1362=PLANE('',#9474);
#1363=PLANE('',#9475);
#1364=PLANE('',#9476);
#1365=PLANE('',#9481);
#1366=PLANE('',#9484);
#1367=PLANE('',#9485);
#1368=PLANE('',#9486);
#1369=PLANE('',#9489);
#1370=PLANE('',#9496);
#1371=PLANE('',#9497);
#1372=PLANE('',#9498);
#1373=PLANE('',#9499);
#1374=PLANE('',#9509);
#1375=PLANE('',#9511);
#1376=PLANE('',#9513);
#1377=PLANE('',#9516);
#1378=PLANE('',#9517);
#1379=PLANE('',#9518);
#1380=PLANE('',#9519);
#1381=PLANE('',#9521);
#1382=PLANE('',#9529);
#1383=PLANE('',#9550);
#1384=PLANE('',#9551);
#1385=PLANE('',#9555);
#1386=PLANE('',#9556);
#1387=PLANE('',#9557);
#1388=PLANE('',#9562);
#1389=PLANE('',#9563);
#1390=PLANE('',#9564);
#1391=PLANE('',#9568);
#1392=PLANE('',#9569);
#1393=PLANE('',#9570);
#1394=PLANE('',#9574);
#1395=PLANE('',#9575);
#1396=PLANE('',#9576);
#1397=PLANE('',#9577);
#1398=PLANE('',#9578);
#1399=PLANE('',#9579);
#1400=PLANE('',#9580);
#1401=PLANE('',#9581);
#1402=PLANE('',#9582);
#1403=PLANE('',#9583);
#1404=PLANE('',#9584);
#1405=PLANE('',#9585);
#1406=PLANE('',#9586);
#1407=PLANE('',#9587);
#1408=PLANE('',#9588);
#1409=PLANE('',#9589);
#1410=PLANE('',#9590);
#1411=PLANE('',#9591);
#1412=PLANE('',#9592);
#1413=PLANE('',#9593);
#1414=PLANE('',#9614);
#1415=PLANE('',#9615);
#1416=PLANE('',#9616);
#1417=PLANE('',#9617);
#1418=PLANE('',#9621);
#1419=PLANE('',#9622);
#1420=PLANE('',#9623);
#1421=PLANE('',#9624);
#1422=PLANE('',#9628);
#1423=PLANE('',#9629);
#1424=PLANE('',#9630);
#1425=PLANE('',#9631);
#1426=PLANE('',#9635);
#1427=PLANE('',#9636);
#1428=PLANE('',#9637);
#1429=PLANE('',#9638);
#1430=PLANE('',#9642);
#1431=PLANE('',#9643);
#1432=PLANE('',#9644);
#1433=PLANE('',#9645);
#1434=PLANE('',#9647);
#1435=PLANE('',#9648);
#1436=PLANE('',#9649);
#1437=PLANE('',#9651);
#1438=PLANE('',#9653);
#1439=PLANE('',#9656);
#1440=PLANE('',#9659);
#1441=PLANE('',#9662);
#1442=PLANE('',#9666);
#1443=PLANE('',#9686);
#1444=PLANE('',#9688);
#1445=PLANE('',#9689);
#1446=PLANE('',#9690);
#1447=PLANE('',#9691);
#1448=PLANE('',#9692);
#1449=PLANE('',#9693);
#1450=PLANE('',#9694);
#1451=PLANE('',#9695);
#1452=PLANE('',#9696);
#1453=PLANE('',#9697);
#1454=PLANE('',#9698);
#1455=PLANE('',#9699);
#1456=PLANE('',#9700);
#1457=PLANE('',#9701);
#1458=PLANE('',#9702);
#1459=PLANE('',#9703);
#1460=PLANE('',#9704);
#1461=PLANE('',#9705);
#1462=PLANE('',#9706);
#1463=PLANE('',#9707);
#1464=PLANE('',#9708);
#1465=PLANE('',#9709);
#1466=PLANE('',#9710);
#1467=PLANE('',#9716);
#1468=PLANE('',#9720);
#1469=PLANE('',#9724);
#1470=PLANE('',#9725);
#1471=PLANE('',#9726);
#1472=PLANE('',#9727);
#1473=PLANE('',#9728);
#1474=PLANE('',#9729);
#1475=PLANE('',#9730);
#1476=PLANE('',#9731);
#1477=PLANE('',#9732);
#1478=PLANE('',#9733);
#1479=PLANE('',#9734);
#1480=PLANE('',#9735);
#1481=PLANE('',#9736);
#1482=PLANE('',#9737);
#1483=PLANE('',#9739);
#1484=PLANE('',#9740);
#1485=PLANE('',#9741);
#1486=PLANE('',#9742);
#1487=PLANE('',#9743);
#1488=PLANE('',#9744);
#1489=PLANE('',#9745);
#1490=PLANE('',#9746);
#1491=FACE_OUTER_BOUND('',#1946,.T.);
#1492=FACE_OUTER_BOUND('',#1951,.T.);
#1493=FACE_OUTER_BOUND('',#1952,.T.);
#1494=FACE_OUTER_BOUND('',#1953,.T.);
#1495=FACE_OUTER_BOUND('',#1954,.T.);
#1496=FACE_OUTER_BOUND('',#1955,.T.);
#1497=FACE_OUTER_BOUND('',#1956,.T.);
#1498=FACE_OUTER_BOUND('',#1957,.T.);
#1499=FACE_OUTER_BOUND('',#1958,.T.);
#1500=FACE_OUTER_BOUND('',#1959,.T.);
#1501=FACE_OUTER_BOUND('',#1960,.T.);
#1502=FACE_OUTER_BOUND('',#1961,.T.);
#1503=FACE_OUTER_BOUND('',#1962,.T.);
#1504=FACE_OUTER_BOUND('',#1963,.T.);
#1505=FACE_OUTER_BOUND('',#1966,.T.);
#1506=FACE_OUTER_BOUND('',#1967,.T.);
#1507=FACE_OUTER_BOUND('',#1968,.T.);
#1508=FACE_OUTER_BOUND('',#1969,.T.);
#1509=FACE_OUTER_BOUND('',#1970,.T.);
#1510=FACE_OUTER_BOUND('',#1971,.T.);
#1511=FACE_OUTER_BOUND('',#1972,.T.);
#1512=FACE_OUTER_BOUND('',#1973,.T.);
#1513=FACE_OUTER_BOUND('',#1974,.T.);
#1514=FACE_OUTER_BOUND('',#1975,.T.);
#1515=FACE_OUTER_BOUND('',#1976,.T.);
#1516=FACE_OUTER_BOUND('',#1981,.T.);
#1517=FACE_OUTER_BOUND('',#1982,.T.);
#1518=FACE_OUTER_BOUND('',#1983,.T.);
#1519=FACE_OUTER_BOUND('',#1984,.T.);
#1520=FACE_OUTER_BOUND('',#1985,.T.);
#1521=FACE_OUTER_BOUND('',#1986,.T.);
#1522=FACE_OUTER_BOUND('',#1987,.T.);
#1523=FACE_OUTER_BOUND('',#1988,.T.);
#1524=FACE_OUTER_BOUND('',#1989,.T.);
#1525=FACE_OUTER_BOUND('',#1992,.T.);
#1526=FACE_OUTER_BOUND('',#1993,.T.);
#1527=FACE_OUTER_BOUND('',#1994,.T.);
#1528=FACE_OUTER_BOUND('',#1995,.T.);
#1529=FACE_OUTER_BOUND('',#1996,.T.);
#1530=FACE_OUTER_BOUND('',#1997,.T.);
#1531=FACE_OUTER_BOUND('',#1998,.T.);
#1532=FACE_OUTER_BOUND('',#1999,.T.);
#1533=FACE_OUTER_BOUND('',#2000,.T.);
#1534=FACE_OUTER_BOUND('',#2001,.T.);
#1535=FACE_OUTER_BOUND('',#2002,.T.);
#1536=FACE_OUTER_BOUND('',#2003,.T.);
#1537=FACE_OUTER_BOUND('',#2004,.T.);
#1538=FACE_OUTER_BOUND('',#2005,.T.);
#1539=FACE_OUTER_BOUND('',#2006,.T.);
#1540=FACE_OUTER_BOUND('',#2007,.T.);
#1541=FACE_OUTER_BOUND('',#2008,.T.);
#1542=FACE_OUTER_BOUND('',#2009,.T.);
#1543=FACE_OUTER_BOUND('',#2010,.T.);
#1544=FACE_OUTER_BOUND('',#2011,.T.);
#1545=FACE_OUTER_BOUND('',#2012,.T.);
#1546=FACE_OUTER_BOUND('',#2013,.T.);
#1547=FACE_OUTER_BOUND('',#2014,.T.);
#1548=FACE_OUTER_BOUND('',#2015,.T.);
#1549=FACE_OUTER_BOUND('',#2016,.T.);
#1550=FACE_OUTER_BOUND('',#2017,.T.);
#1551=FACE_OUTER_BOUND('',#2018,.T.);
#1552=FACE_OUTER_BOUND('',#2019,.T.);
#1553=FACE_OUTER_BOUND('',#2020,.T.);
#1554=FACE_OUTER_BOUND('',#2021,.T.);
#1555=FACE_OUTER_BOUND('',#2022,.T.);
#1556=FACE_OUTER_BOUND('',#2023,.T.);
#1557=FACE_OUTER_BOUND('',#2024,.T.);
#1558=FACE_OUTER_BOUND('',#2025,.T.);
#1559=FACE_OUTER_BOUND('',#2026,.T.);
#1560=FACE_OUTER_BOUND('',#2027,.T.);
#1561=FACE_OUTER_BOUND('',#2028,.T.);
#1562=FACE_OUTER_BOUND('',#2029,.T.);
#1563=FACE_OUTER_BOUND('',#2047,.T.);
#1564=FACE_OUTER_BOUND('',#2048,.T.);
#1565=FACE_OUTER_BOUND('',#2049,.T.);
#1566=FACE_OUTER_BOUND('',#2050,.T.);
#1567=FACE_OUTER_BOUND('',#2051,.T.);
#1568=FACE_OUTER_BOUND('',#2052,.T.);
#1569=FACE_OUTER_BOUND('',#2053,.T.);
#1570=FACE_OUTER_BOUND('',#2054,.T.);
#1571=FACE_OUTER_BOUND('',#2055,.T.);
#1572=FACE_OUTER_BOUND('',#2056,.T.);
#1573=FACE_OUTER_BOUND('',#2057,.T.);
#1574=FACE_OUTER_BOUND('',#2058,.T.);
#1575=FACE_OUTER_BOUND('',#2059,.T.);
#1576=FACE_OUTER_BOUND('',#2060,.T.);
#1577=FACE_OUTER_BOUND('',#2061,.T.);
#1578=FACE_OUTER_BOUND('',#2075,.T.);
#1579=FACE_OUTER_BOUND('',#2076,.T.);
#1580=FACE_OUTER_BOUND('',#2077,.T.);
#1581=FACE_OUTER_BOUND('',#2078,.T.);
#1582=FACE_OUTER_BOUND('',#2079,.T.);
#1583=FACE_OUTER_BOUND('',#2080,.T.);
#1584=FACE_OUTER_BOUND('',#2081,.T.);
#1585=FACE_OUTER_BOUND('',#2082,.T.);
#1586=FACE_OUTER_BOUND('',#2083,.T.);
#1587=FACE_OUTER_BOUND('',#2084,.T.);
#1588=FACE_OUTER_BOUND('',#2087,.T.);
#1589=FACE_OUTER_BOUND('',#2088,.T.);
#1590=FACE_OUTER_BOUND('',#2089,.T.);
#1591=FACE_OUTER_BOUND('',#2090,.T.);
#1592=FACE_OUTER_BOUND('',#2091,.T.);
#1593=FACE_OUTER_BOUND('',#2092,.T.);
#1594=FACE_OUTER_BOUND('',#2093,.T.);
#1595=FACE_OUTER_BOUND('',#2094,.T.);
#1596=FACE_OUTER_BOUND('',#2095,.T.);
#1597=FACE_OUTER_BOUND('',#2096,.T.);
#1598=FACE_OUTER_BOUND('',#2097,.T.);
#1599=FACE_OUTER_BOUND('',#2098,.T.);
#1600=FACE_OUTER_BOUND('',#2099,.T.);
#1601=FACE_OUTER_BOUND('',#2100,.T.);
#1602=FACE_OUTER_BOUND('',#2101,.T.);
#1603=FACE_OUTER_BOUND('',#2102,.T.);
#1604=FACE_OUTER_BOUND('',#2103,.T.);
#1605=FACE_OUTER_BOUND('',#2104,.T.);
#1606=FACE_OUTER_BOUND('',#2105,.T.);
#1607=FACE_OUTER_BOUND('',#2106,.T.);
#1608=FACE_OUTER_BOUND('',#2107,.T.);
#1609=FACE_OUTER_BOUND('',#2108,.T.);
#1610=FACE_OUTER_BOUND('',#2109,.T.);
#1611=FACE_OUTER_BOUND('',#2110,.T.);
#1612=FACE_OUTER_BOUND('',#2111,.T.);
#1613=FACE_OUTER_BOUND('',#2112,.T.);
#1614=FACE_OUTER_BOUND('',#2113,.T.);
#1615=FACE_OUTER_BOUND('',#2114,.T.);
#1616=FACE_OUTER_BOUND('',#2115,.T.);
#1617=FACE_OUTER_BOUND('',#2116,.T.);
#1618=FACE_OUTER_BOUND('',#2117,.T.);
#1619=FACE_OUTER_BOUND('',#2118,.T.);
#1620=FACE_OUTER_BOUND('',#2119,.T.);
#1621=FACE_OUTER_BOUND('',#2120,.T.);
#1622=FACE_OUTER_BOUND('',#2121,.T.);
#1623=FACE_OUTER_BOUND('',#2122,.T.);
#1624=FACE_OUTER_BOUND('',#2123,.T.);
#1625=FACE_OUTER_BOUND('',#2124,.T.);
#1626=FACE_OUTER_BOUND('',#2125,.T.);
#1627=FACE_OUTER_BOUND('',#2126,.T.);
#1628=FACE_OUTER_BOUND('',#2127,.T.);
#1629=FACE_OUTER_BOUND('',#2128,.T.);
#1630=FACE_OUTER_BOUND('',#2129,.T.);
#1631=FACE_OUTER_BOUND('',#2130,.T.);
#1632=FACE_OUTER_BOUND('',#2131,.T.);
#1633=FACE_OUTER_BOUND('',#2132,.T.);
#1634=FACE_OUTER_BOUND('',#2133,.T.);
#1635=FACE_OUTER_BOUND('',#2134,.T.);
#1636=FACE_OUTER_BOUND('',#2135,.T.);
#1637=FACE_OUTER_BOUND('',#2136,.T.);
#1638=FACE_OUTER_BOUND('',#2137,.T.);
#1639=FACE_OUTER_BOUND('',#2138,.T.);
#1640=FACE_OUTER_BOUND('',#2139,.T.);
#1641=FACE_OUTER_BOUND('',#2146,.T.);
#1642=FACE_OUTER_BOUND('',#2147,.T.);
#1643=FACE_OUTER_BOUND('',#2148,.T.);
#1644=FACE_OUTER_BOUND('',#2149,.T.);
#1645=FACE_OUTER_BOUND('',#2150,.T.);
#1646=FACE_OUTER_BOUND('',#2151,.T.);
#1647=FACE_OUTER_BOUND('',#2152,.T.);
#1648=FACE_OUTER_BOUND('',#2153,.T.);
#1649=FACE_OUTER_BOUND('',#2154,.T.);
#1650=FACE_OUTER_BOUND('',#2155,.T.);
#1651=FACE_OUTER_BOUND('',#2156,.T.);
#1652=FACE_OUTER_BOUND('',#2157,.T.);
#1653=FACE_OUTER_BOUND('',#2158,.T.);
#1654=FACE_OUTER_BOUND('',#2159,.T.);
#1655=FACE_OUTER_BOUND('',#2160,.T.);
#1656=FACE_OUTER_BOUND('',#2161,.T.);
#1657=FACE_OUTER_BOUND('',#2162,.T.);
#1658=FACE_OUTER_BOUND('',#2163,.T.);
#1659=FACE_OUTER_BOUND('',#2164,.T.);
#1660=FACE_OUTER_BOUND('',#2165,.T.);
#1661=FACE_OUTER_BOUND('',#2166,.T.);
#1662=FACE_OUTER_BOUND('',#2167,.T.);
#1663=FACE_OUTER_BOUND('',#2168,.T.);
#1664=FACE_OUTER_BOUND('',#2169,.T.);
#1665=FACE_OUTER_BOUND('',#2170,.T.);
#1666=FACE_OUTER_BOUND('',#2171,.T.);
#1667=FACE_OUTER_BOUND('',#2172,.T.);
#1668=FACE_OUTER_BOUND('',#2173,.T.);
#1669=FACE_OUTER_BOUND('',#2174,.T.);
#1670=FACE_OUTER_BOUND('',#2175,.T.);
#1671=FACE_OUTER_BOUND('',#2176,.T.);
#1672=FACE_OUTER_BOUND('',#2177,.T.);
#1673=FACE_OUTER_BOUND('',#2178,.T.);
#1674=FACE_OUTER_BOUND('',#2179,.T.);
#1675=FACE_OUTER_BOUND('',#2180,.T.);
#1676=FACE_OUTER_BOUND('',#2181,.T.);
#1677=FACE_OUTER_BOUND('',#2182,.T.);
#1678=FACE_OUTER_BOUND('',#2183,.T.);
#1679=FACE_OUTER_BOUND('',#2184,.T.);
#1680=FACE_OUTER_BOUND('',#2185,.T.);
#1681=FACE_OUTER_BOUND('',#2186,.T.);
#1682=FACE_OUTER_BOUND('',#2187,.T.);
#1683=FACE_OUTER_BOUND('',#2188,.T.);
#1684=FACE_OUTER_BOUND('',#2189,.T.);
#1685=FACE_OUTER_BOUND('',#2190,.T.);
#1686=FACE_OUTER_BOUND('',#2191,.T.);
#1687=FACE_OUTER_BOUND('',#2192,.T.);
#1688=FACE_OUTER_BOUND('',#2193,.T.);
#1689=FACE_OUTER_BOUND('',#2194,.T.);
#1690=FACE_OUTER_BOUND('',#2195,.T.);
#1691=FACE_OUTER_BOUND('',#2196,.T.);
#1692=FACE_OUTER_BOUND('',#2197,.T.);
#1693=FACE_OUTER_BOUND('',#2198,.T.);
#1694=FACE_OUTER_BOUND('',#2199,.T.);
#1695=FACE_OUTER_BOUND('',#2200,.T.);
#1696=FACE_OUTER_BOUND('',#2201,.T.);
#1697=FACE_OUTER_BOUND('',#2202,.T.);
#1698=FACE_OUTER_BOUND('',#2203,.T.);
#1699=FACE_OUTER_BOUND('',#2204,.T.);
#1700=FACE_OUTER_BOUND('',#2205,.T.);
#1701=FACE_OUTER_BOUND('',#2206,.T.);
#1702=FACE_OUTER_BOUND('',#2207,.T.);
#1703=FACE_OUTER_BOUND('',#2208,.T.);
#1704=FACE_OUTER_BOUND('',#2209,.T.);
#1705=FACE_OUTER_BOUND('',#2210,.T.);
#1706=FACE_OUTER_BOUND('',#2211,.T.);
#1707=FACE_OUTER_BOUND('',#2214,.T.);
#1708=FACE_OUTER_BOUND('',#2215,.T.);
#1709=FACE_OUTER_BOUND('',#2216,.T.);
#1710=FACE_OUTER_BOUND('',#2217,.T.);
#1711=FACE_OUTER_BOUND('',#2218,.T.);
#1712=FACE_OUTER_BOUND('',#2219,.T.);
#1713=FACE_OUTER_BOUND('',#2220,.T.);
#1714=FACE_OUTER_BOUND('',#2221,.T.);
#1715=FACE_OUTER_BOUND('',#2222,.T.);
#1716=FACE_OUTER_BOUND('',#2223,.T.);
#1717=FACE_OUTER_BOUND('',#2224,.T.);
#1718=FACE_OUTER_BOUND('',#2225,.T.);
#1719=FACE_OUTER_BOUND('',#2226,.T.);
#1720=FACE_OUTER_BOUND('',#2227,.T.);
#1721=FACE_OUTER_BOUND('',#2228,.T.);
#1722=FACE_OUTER_BOUND('',#2229,.T.);
#1723=FACE_OUTER_BOUND('',#2230,.T.);
#1724=FACE_OUTER_BOUND('',#2231,.T.);
#1725=FACE_OUTER_BOUND('',#2232,.T.);
#1726=FACE_OUTER_BOUND('',#2233,.T.);
#1727=FACE_OUTER_BOUND('',#2234,.T.);
#1728=FACE_OUTER_BOUND('',#2235,.T.);
#1729=FACE_OUTER_BOUND('',#2236,.T.);
#1730=FACE_OUTER_BOUND('',#2237,.T.);
#1731=FACE_OUTER_BOUND('',#2238,.T.);
#1732=FACE_OUTER_BOUND('',#2239,.T.);
#1733=FACE_OUTER_BOUND('',#2240,.T.);
#1734=FACE_OUTER_BOUND('',#2241,.T.);
#1735=FACE_OUTER_BOUND('',#2242,.T.);
#1736=FACE_OUTER_BOUND('',#2243,.T.);
#1737=FACE_OUTER_BOUND('',#2244,.T.);
#1738=FACE_OUTER_BOUND('',#2245,.T.);
#1739=FACE_OUTER_BOUND('',#2246,.T.);
#1740=FACE_OUTER_BOUND('',#2247,.T.);
#1741=FACE_OUTER_BOUND('',#2248,.T.);
#1742=FACE_OUTER_BOUND('',#2249,.T.);
#1743=FACE_OUTER_BOUND('',#2250,.T.);
#1744=FACE_OUTER_BOUND('',#2251,.T.);
#1745=FACE_OUTER_BOUND('',#2252,.T.);
#1746=FACE_OUTER_BOUND('',#2253,.T.);
#1747=FACE_OUTER_BOUND('',#2254,.T.);
#1748=FACE_OUTER_BOUND('',#2255,.T.);
#1749=FACE_OUTER_BOUND('',#2256,.T.);
#1750=FACE_OUTER_BOUND('',#2257,.T.);
#1751=FACE_OUTER_BOUND('',#2258,.T.);
#1752=FACE_OUTER_BOUND('',#2259,.T.);
#1753=FACE_OUTER_BOUND('',#2260,.T.);
#1754=FACE_OUTER_BOUND('',#2261,.T.);
#1755=FACE_OUTER_BOUND('',#2262,.T.);
#1756=FACE_OUTER_BOUND('',#2263,.T.);
#1757=FACE_OUTER_BOUND('',#2268,.T.);
#1758=FACE_OUTER_BOUND('',#2269,.T.);
#1759=FACE_OUTER_BOUND('',#2270,.T.);
#1760=FACE_OUTER_BOUND('',#2271,.T.);
#1761=FACE_OUTER_BOUND('',#2272,.T.);
#1762=FACE_OUTER_BOUND('',#2273,.T.);
#1763=FACE_OUTER_BOUND('',#2274,.T.);
#1764=FACE_OUTER_BOUND('',#2275,.T.);
#1765=FACE_OUTER_BOUND('',#2276,.T.);
#1766=FACE_OUTER_BOUND('',#2277,.T.);
#1767=FACE_OUTER_BOUND('',#2278,.T.);
#1768=FACE_OUTER_BOUND('',#2279,.T.);
#1769=FACE_OUTER_BOUND('',#2280,.T.);
#1770=FACE_OUTER_BOUND('',#2281,.T.);
#1771=FACE_OUTER_BOUND('',#2282,.T.);
#1772=FACE_OUTER_BOUND('',#2285,.T.);
#1773=FACE_OUTER_BOUND('',#2286,.T.);
#1774=FACE_OUTER_BOUND('',#2287,.T.);
#1775=FACE_OUTER_BOUND('',#2288,.T.);
#1776=FACE_OUTER_BOUND('',#2289,.T.);
#1777=FACE_OUTER_BOUND('',#2290,.T.);
#1778=FACE_OUTER_BOUND('',#2291,.T.);
#1779=FACE_OUTER_BOUND('',#2292,.T.);
#1780=FACE_OUTER_BOUND('',#2293,.T.);
#1781=FACE_OUTER_BOUND('',#2294,.T.);
#1782=FACE_OUTER_BOUND('',#2295,.T.);
#1783=FACE_OUTER_BOUND('',#2296,.T.);
#1784=FACE_OUTER_BOUND('',#2297,.T.);
#1785=FACE_OUTER_BOUND('',#2298,.T.);
#1786=FACE_OUTER_BOUND('',#2299,.T.);
#1787=FACE_OUTER_BOUND('',#2300,.T.);
#1788=FACE_OUTER_BOUND('',#2301,.T.);
#1789=FACE_OUTER_BOUND('',#2302,.T.);
#1790=FACE_OUTER_BOUND('',#2303,.T.);
#1791=FACE_OUTER_BOUND('',#2304,.T.);
#1792=FACE_OUTER_BOUND('',#2305,.T.);
#1793=FACE_OUTER_BOUND('',#2306,.T.);
#1794=FACE_OUTER_BOUND('',#2307,.T.);
#1795=FACE_OUTER_BOUND('',#2308,.T.);
#1796=FACE_OUTER_BOUND('',#2309,.T.);
#1797=FACE_OUTER_BOUND('',#2310,.T.);
#1798=FACE_OUTER_BOUND('',#2311,.T.);
#1799=FACE_OUTER_BOUND('',#2312,.T.);
#1800=FACE_OUTER_BOUND('',#2313,.T.);
#1801=FACE_OUTER_BOUND('',#2314,.T.);
#1802=FACE_OUTER_BOUND('',#2315,.T.);
#1803=FACE_OUTER_BOUND('',#2316,.T.);
#1804=FACE_OUTER_BOUND('',#2319,.T.);
#1805=FACE_OUTER_BOUND('',#2320,.T.);
#1806=FACE_OUTER_BOUND('',#2321,.T.);
#1807=FACE_OUTER_BOUND('',#2322,.T.);
#1808=FACE_OUTER_BOUND('',#2323,.T.);
#1809=FACE_OUTER_BOUND('',#2324,.T.);
#1810=FACE_OUTER_BOUND('',#2325,.T.);
#1811=FACE_OUTER_BOUND('',#2326,.T.);
#1812=FACE_OUTER_BOUND('',#2327,.T.);
#1813=FACE_OUTER_BOUND('',#2331,.T.);
#1814=FACE_OUTER_BOUND('',#2332,.T.);
#1815=FACE_OUTER_BOUND('',#2333,.T.);
#1816=FACE_OUTER_BOUND('',#2334,.T.);
#1817=FACE_OUTER_BOUND('',#2335,.T.);
#1818=FACE_OUTER_BOUND('',#2338,.T.);
#1819=FACE_OUTER_BOUND('',#2339,.T.);
#1820=FACE_OUTER_BOUND('',#2340,.T.);
#1821=FACE_OUTER_BOUND('',#2341,.T.);
#1822=FACE_OUTER_BOUND('',#2342,.T.);
#1823=FACE_OUTER_BOUND('',#2343,.T.);
#1824=FACE_OUTER_BOUND('',#2344,.T.);
#1825=FACE_OUTER_BOUND('',#2345,.T.);
#1826=FACE_OUTER_BOUND('',#2346,.T.);
#1827=FACE_OUTER_BOUND('',#2347,.T.);
#1828=FACE_OUTER_BOUND('',#2348,.T.);
#1829=FACE_OUTER_BOUND('',#2349,.T.);
#1830=FACE_OUTER_BOUND('',#2350,.T.);
#1831=FACE_OUTER_BOUND('',#2351,.T.);
#1832=FACE_OUTER_BOUND('',#2352,.T.);
#1833=FACE_OUTER_BOUND('',#2353,.T.);
#1834=FACE_OUTER_BOUND('',#2354,.T.);
#1835=FACE_OUTER_BOUND('',#2355,.T.);
#1836=FACE_OUTER_BOUND('',#2356,.T.);
#1837=FACE_OUTER_BOUND('',#2357,.T.);
#1838=FACE_OUTER_BOUND('',#2358,.T.);
#1839=FACE_OUTER_BOUND('',#2359,.T.);
#1840=FACE_OUTER_BOUND('',#2360,.T.);
#1841=FACE_OUTER_BOUND('',#2361,.T.);
#1842=FACE_OUTER_BOUND('',#2362,.T.);
#1843=FACE_OUTER_BOUND('',#2363,.T.);
#1844=FACE_OUTER_BOUND('',#2364,.T.);
#1845=FACE_OUTER_BOUND('',#2365,.T.);
#1846=FACE_OUTER_BOUND('',#2366,.T.);
#1847=FACE_OUTER_BOUND('',#2367,.T.);
#1848=FACE_OUTER_BOUND('',#2368,.T.);
#1849=FACE_OUTER_BOUND('',#2369,.T.);
#1850=FACE_OUTER_BOUND('',#2370,.T.);
#1851=FACE_OUTER_BOUND('',#2371,.T.);
#1852=FACE_OUTER_BOUND('',#2372,.T.);
#1853=FACE_OUTER_BOUND('',#2373,.T.);
#1854=FACE_OUTER_BOUND('',#2374,.T.);
#1855=FACE_OUTER_BOUND('',#2375,.T.);
#1856=FACE_OUTER_BOUND('',#2376,.T.);
#1857=FACE_OUTER_BOUND('',#2377,.T.);
#1858=FACE_OUTER_BOUND('',#2378,.T.);
#1859=FACE_OUTER_BOUND('',#2379,.T.);
#1860=FACE_OUTER_BOUND('',#2380,.T.);
#1861=FACE_OUTER_BOUND('',#2381,.T.);
#1862=FACE_OUTER_BOUND('',#2382,.T.);
#1863=FACE_OUTER_BOUND('',#2383,.T.);
#1864=FACE_OUTER_BOUND('',#2384,.T.);
#1865=FACE_OUTER_BOUND('',#2385,.T.);
#1866=FACE_OUTER_BOUND('',#2386,.T.);
#1867=FACE_OUTER_BOUND('',#2387,.T.);
#1868=FACE_OUTER_BOUND('',#2388,.T.);
#1869=FACE_OUTER_BOUND('',#2389,.T.);
#1870=FACE_OUTER_BOUND('',#2390,.T.);
#1871=FACE_OUTER_BOUND('',#2391,.T.);
#1872=FACE_OUTER_BOUND('',#2392,.T.);
#1873=FACE_OUTER_BOUND('',#2393,.T.);
#1874=FACE_OUTER_BOUND('',#2394,.T.);
#1875=FACE_OUTER_BOUND('',#2395,.T.);
#1876=FACE_OUTER_BOUND('',#2396,.T.);
#1877=FACE_OUTER_BOUND('',#2397,.T.);
#1878=FACE_OUTER_BOUND('',#2398,.T.);
#1879=FACE_OUTER_BOUND('',#2401,.T.);
#1880=FACE_OUTER_BOUND('',#2402,.T.);
#1881=FACE_OUTER_BOUND('',#2403,.T.);
#1882=FACE_OUTER_BOUND('',#2404,.T.);
#1883=FACE_OUTER_BOUND('',#2409,.T.);
#1884=FACE_OUTER_BOUND('',#2412,.T.);
#1885=FACE_OUTER_BOUND('',#2415,.T.);
#1886=FACE_OUTER_BOUND('',#2420,.T.);
#1887=FACE_OUTER_BOUND('',#2421,.T.);
#1888=FACE_OUTER_BOUND('',#2422,.T.);
#1889=FACE_OUTER_BOUND('',#2423,.T.);
#1890=FACE_OUTER_BOUND('',#2424,.T.);
#1891=FACE_OUTER_BOUND('',#2425,.T.);
#1892=FACE_OUTER_BOUND('',#2426,.T.);
#1893=FACE_OUTER_BOUND('',#2427,.T.);
#1894=FACE_OUTER_BOUND('',#2428,.T.);
#1895=FACE_OUTER_BOUND('',#2429,.T.);
#1896=FACE_OUTER_BOUND('',#2432,.T.);
#1897=FACE_OUTER_BOUND('',#2433,.T.);
#1898=FACE_OUTER_BOUND('',#2434,.T.);
#1899=FACE_OUTER_BOUND('',#2435,.T.);
#1900=FACE_OUTER_BOUND('',#2436,.T.);
#1901=FACE_OUTER_BOUND('',#2437,.T.);
#1902=FACE_OUTER_BOUND('',#2438,.T.);
#1903=FACE_OUTER_BOUND('',#2439,.T.);
#1904=FACE_OUTER_BOUND('',#2440,.T.);
#1905=FACE_OUTER_BOUND('',#2441,.T.);
#1906=FACE_OUTER_BOUND('',#2442,.T.);
#1907=FACE_OUTER_BOUND('',#2443,.T.);
#1908=FACE_OUTER_BOUND('',#2444,.T.);
#1909=FACE_OUTER_BOUND('',#2445,.T.);
#1910=FACE_OUTER_BOUND('',#2446,.T.);
#1911=FACE_OUTER_BOUND('',#2447,.T.);
#1912=FACE_OUTER_BOUND('',#2448,.T.);
#1913=FACE_OUTER_BOUND('',#2449,.T.);
#1914=FACE_OUTER_BOUND('',#2450,.T.);
#1915=FACE_OUTER_BOUND('',#2451,.T.);
#1916=FACE_OUTER_BOUND('',#2452,.T.);
#1917=FACE_OUTER_BOUND('',#2453,.T.);
#1918=FACE_OUTER_BOUND('',#2454,.T.);
#1919=FACE_OUTER_BOUND('',#2455,.T.);
#1920=FACE_OUTER_BOUND('',#2456,.T.);
#1921=FACE_OUTER_BOUND('',#2457,.T.);
#1922=FACE_OUTER_BOUND('',#2458,.T.);
#1923=FACE_OUTER_BOUND('',#2463,.T.);
#1924=FACE_OUTER_BOUND('',#2464,.T.);
#1925=FACE_OUTER_BOUND('',#2465,.T.);
#1926=FACE_OUTER_BOUND('',#2466,.T.);
#1927=FACE_OUTER_BOUND('',#2467,.T.);
#1928=FACE_OUTER_BOUND('',#2468,.T.);
#1929=FACE_OUTER_BOUND('',#2469,.T.);
#1930=FACE_OUTER_BOUND('',#2470,.T.);
#1931=FACE_OUTER_BOUND('',#2471,.T.);
#1932=FACE_OUTER_BOUND('',#2472,.T.);
#1933=FACE_OUTER_BOUND('',#2473,.T.);
#1934=FACE_OUTER_BOUND('',#2474,.T.);
#1935=FACE_OUTER_BOUND('',#2475,.T.);
#1936=FACE_OUTER_BOUND('',#2478,.T.);
#1937=FACE_OUTER_BOUND('',#2479,.T.);
#1938=FACE_OUTER_BOUND('',#2480,.T.);
#1939=FACE_OUTER_BOUND('',#2481,.T.);
#1940=FACE_OUTER_BOUND('',#2482,.T.);
#1941=FACE_OUTER_BOUND('',#2483,.T.);
#1942=FACE_OUTER_BOUND('',#2484,.T.);
#1943=FACE_OUTER_BOUND('',#2485,.T.);
#1944=FACE_OUTER_BOUND('',#2486,.T.);
#1945=FACE_OUTER_BOUND('',#2487,.T.);
#1946=EDGE_LOOP('',(#2488,#2489,#2490,#2491));
#1947=EDGE_LOOP('',(#2492));
#1948=EDGE_LOOP('',(#2493,#2494,#2495,#2496,#2497,#2498,#2499,#2500,#2501,
#2502,#2503,#2504,#2505,#2506,#2507,#2508,#2509,#2510,#2511,#2512));
#1949=EDGE_LOOP('',(#2513));
#1950=EDGE_LOOP('',(#2514,#2515,#2516,#2517,#2518,#2519,#2520,#2521,#2522,
#2523,#2524,#2525,#2526,#2527,#2528,#2529,#2530,#2531,#2532,#2533));
#1951=EDGE_LOOP('',(#2534,#2535,#2536,#2537));
#1952=EDGE_LOOP('',(#2538,#2539,#2540,#2541));
#1953=EDGE_LOOP('',(#2542,#2543,#2544,#2545));
#1954=EDGE_LOOP('',(#2546,#2547,#2548,#2549));
#1955=EDGE_LOOP('',(#2550,#2551,#2552,#2553));
#1956=EDGE_LOOP('',(#2554,#2555,#2556,#2557));
#1957=EDGE_LOOP('',(#2558,#2559,#2560,#2561));
#1958=EDGE_LOOP('',(#2562,#2563,#2564,#2565));
#1959=EDGE_LOOP('',(#2566,#2567,#2568,#2569));
#1960=EDGE_LOOP('',(#2570,#2571,#2572,#2573));
#1961=EDGE_LOOP('',(#2574,#2575,#2576,#2577));
#1962=EDGE_LOOP('',(#2578,#2579,#2580,#2581));
#1963=EDGE_LOOP('',(#2582,#2583,#2584,#2585));
#1964=EDGE_LOOP('',(#2586));
#1965=EDGE_LOOP('',(#2587));
#1966=EDGE_LOOP('',(#2588,#2589,#2590,#2591));
#1967=EDGE_LOOP('',(#2592,#2593,#2594,#2595));
#1968=EDGE_LOOP('',(#2596,#2597,#2598,#2599));
#1969=EDGE_LOOP('',(#2600,#2601,#2602,#2603));
#1970=EDGE_LOOP('',(#2604,#2605,#2606,#2607));
#1971=EDGE_LOOP('',(#2608,#2609,#2610,#2611));
#1972=EDGE_LOOP('',(#2612,#2613,#2614,#2615));
#1973=EDGE_LOOP('',(#2616,#2617,#2618,#2619));
#1974=EDGE_LOOP('',(#2620,#2621,#2622,#2623));
#1975=EDGE_LOOP('',(#2624,#2625,#2626,#2627));
#1976=EDGE_LOOP('',(#2628,#2629,#2630,#2631));
#1977=EDGE_LOOP('',(#2632));
#1978=EDGE_LOOP('',(#2633,#2634,#2635,#2636,#2637,#2638,#2639,#2640,#2641,
#2642,#2643,#2644,#2645,#2646));
#1979=EDGE_LOOP('',(#2647));
#1980=EDGE_LOOP('',(#2648,#2649,#2650,#2651,#2652,#2653,#2654,#2655,#2656,
#2657,#2658,#2659,#2660,#2661));
#1981=EDGE_LOOP('',(#2662,#2663,#2664,#2665));
#1982=EDGE_LOOP('',(#2666,#2667,#2668,#2669));
#1983=EDGE_LOOP('',(#2670,#2671,#2672,#2673));
#1984=EDGE_LOOP('',(#2674,#2675,#2676,#2677));
#1985=EDGE_LOOP('',(#2678,#2679,#2680,#2681));
#1986=EDGE_LOOP('',(#2682,#2683,#2684,#2685));
#1987=EDGE_LOOP('',(#2686,#2687,#2688,#2689));
#1988=EDGE_LOOP('',(#2690,#2691,#2692,#2693));
#1989=EDGE_LOOP('',(#2694,#2695,#2696,#2697));
#1990=EDGE_LOOP('',(#2698));
#1991=EDGE_LOOP('',(#2699));
#1992=EDGE_LOOP('',(#2700,#2701,#2702,#2703));
#1993=EDGE_LOOP('',(#2704,#2705,#2706,#2707));
#1994=EDGE_LOOP('',(#2708,#2709,#2710,#2711,#2712,#2713));
#1995=EDGE_LOOP('',(#2714,#2715,#2716,#2717,#2718,#2719));
#1996=EDGE_LOOP('',(#2720,#2721,#2722,#2723));
#1997=EDGE_LOOP('',(#2724,#2725,#2726,#2727));
#1998=EDGE_LOOP('',(#2728,#2729,#2730,#2731));
#1999=EDGE_LOOP('',(#2732,#2733,#2734,#2735));
#2000=EDGE_LOOP('',(#2736,#2737,#2738,#2739));
#2001=EDGE_LOOP('',(#2740,#2741,#2742,#2743));
#2002=EDGE_LOOP('',(#2744,#2745,#2746,#2747));
#2003=EDGE_LOOP('',(#2748,#2749,#2750,#2751));
#2004=EDGE_LOOP('',(#2752,#2753,#2754,#2755));
#2005=EDGE_LOOP('',(#2756,#2757,#2758,#2759));
#2006=EDGE_LOOP('',(#2760,#2761,#2762,#2763));
#2007=EDGE_LOOP('',(#2764,#2765,#2766,#2767));
#2008=EDGE_LOOP('',(#2768,#2769,#2770,#2771));
#2009=EDGE_LOOP('',(#2772,#2773,#2774,#2775));
#2010=EDGE_LOOP('',(#2776,#2777,#2778,#2779));
#2011=EDGE_LOOP('',(#2780,#2781,#2782,#2783));
#2012=EDGE_LOOP('',(#2784,#2785,#2786,#2787));
#2013=EDGE_LOOP('',(#2788,#2789,#2790,#2791));
#2014=EDGE_LOOP('',(#2792,#2793,#2794,#2795));
#2015=EDGE_LOOP('',(#2796,#2797,#2798,#2799));
#2016=EDGE_LOOP('',(#2800,#2801,#2802,#2803));
#2017=EDGE_LOOP('',(#2804,#2805,#2806,#2807));
#2018=EDGE_LOOP('',(#2808,#2809,#2810,#2811));
#2019=EDGE_LOOP('',(#2812,#2813,#2814,#2815));
#2020=EDGE_LOOP('',(#2816,#2817,#2818,#2819));
#2021=EDGE_LOOP('',(#2820,#2821,#2822,#2823));
#2022=EDGE_LOOP('',(#2824,#2825,#2826,#2827));
#2023=EDGE_LOOP('',(#2828,#2829,#2830,#2831));
#2024=EDGE_LOOP('',(#2832,#2833,#2834,#2835));
#2025=EDGE_LOOP('',(#2836,#2837,#2838,#2839));
#2026=EDGE_LOOP('',(#2840,#2841,#2842,#2843));
#2027=EDGE_LOOP('',(#2844,#2845,#2846,#2847));
#2028=EDGE_LOOP('',(#2848,#2849,#2850,#2851));
#2029=EDGE_LOOP('',(#2852,#2853,#2854,#2855));
#2030=EDGE_LOOP('',(#2856,#2857,#2858,#2859,#2860,#2861,#2862,#2863));
#2031=EDGE_LOOP('',(#2864,#2865,#2866,#2867,#2868,#2869,#2870,#2871));
#2032=EDGE_LOOP('',(#2872,#2873,#2874,#2875,#2876,#2877,#2878,#2879));
#2033=EDGE_LOOP('',(#2880,#2881,#2882,#2883,#2884,#2885,#2886,#2887,#2888));
#2034=EDGE_LOOP('',(#2889,#2890,#2891,#2892,#2893,#2894,#2895,#2896));
#2035=EDGE_LOOP('',(#2897,#2898,#2899,#2900,#2901,#2902,#2903,#2904));
#2036=EDGE_LOOP('',(#2905,#2906,#2907,#2908,#2909,#2910,#2911));
#2037=EDGE_LOOP('',(#2912,#2913,#2914,#2915,#2916,#2917,#2918,#2919));
#2038=EDGE_LOOP('',(#2920,#2921,#2922,#2923,#2924,#2925));
#2039=EDGE_LOOP('',(#2926,#2927,#2928,#2929,#2930,#2931,#2932,#2933,#2934,
#2935,#2936,#2937,#2938,#2939,#2940,#2941,#2942,#2943,#2944,#2945,#2946,
#2947,#2948,#2949));
#2040=EDGE_LOOP('',(#2950,#2951,#2952,#2953,#2954,#2955,#2956,#2957,#2958,
#2959,#2960,#2961,#2962,#2963,#2964,#2965));
#2041=EDGE_LOOP('',(#2966,#2967,#2968,#2969));
#2042=EDGE_LOOP('',(#2970,#2971,#2972,#2973));
#2043=EDGE_LOOP('',(#2974,#2975,#2976,#2977));
#2044=EDGE_LOOP('',(#2978,#2979,#2980,#2981));
#2045=EDGE_LOOP('',(#2982,#2983,#2984,#2985));
#2046=EDGE_LOOP('',(#2986,#2987,#2988,#2989,#2990,#2991,#2992,#2993,#2994,
#2995,#2996,#2997,#2998,#2999,#3000,#3001,#3002,#3003,#3004,#3005));
#2047=EDGE_LOOP('',(#3006,#3007,#3008,#3009));
#2048=EDGE_LOOP('',(#3010,#3011,#3012,#3013));
#2049=EDGE_LOOP('',(#3014,#3015,#3016,#3017));
#2050=EDGE_LOOP('',(#3018,#3019,#3020,#3021));
#2051=EDGE_LOOP('',(#3022,#3023,#3024,#3025,#3026,#3027));
#2052=EDGE_LOOP('',(#3028,#3029,#3030,#3031,#3032,#3033,#3034,#3035,#3036));
#2053=EDGE_LOOP('',(#3037,#3038,#3039,#3040));
#2054=EDGE_LOOP('',(#3041,#3042,#3043,#3044));
#2055=EDGE_LOOP('',(#3045,#3046,#3047,#3048,#3049,#3050,#3051,#3052,#3053));
#2056=EDGE_LOOP('',(#3054,#3055,#3056,#3057,#3058,#3059));
#2057=EDGE_LOOP('',(#3060,#3061,#3062,#3063));
#2058=EDGE_LOOP('',(#3064,#3065,#3066,#3067));
#2059=EDGE_LOOP('',(#3068,#3069,#3070,#3071,#3072,#3073));
#2060=EDGE_LOOP('',(#3074,#3075,#3076,#3077,#3078,#3079));
#2061=EDGE_LOOP('',(#3080,#3081,#3082,#3083));
#2062=EDGE_LOOP('',(#3084));
#2063=EDGE_LOOP('',(#3085,#3086,#3087,#3088));
#2064=EDGE_LOOP('',(#3089,#3090,#3091,#3092));
#2065=EDGE_LOOP('',(#3093,#3094,#3095,#3096));
#2066=EDGE_LOOP('',(#3097,#3098,#3099,#3100));
#2067=EDGE_LOOP('',(#3101,#3102,#3103,#3104));
#2068=EDGE_LOOP('',(#3105,#3106,#3107,#3108,#3109,#3110,#3111,#3112,#3113,
#3114,#3115,#3116,#3117,#3118,#3119,#3120,#3121,#3122,#3123,#3124,#3125,
#3126,#3127,#3128));
#2069=EDGE_LOOP('',(#3129,#3130,#3131,#3132));
#2070=EDGE_LOOP('',(#3133,#3134,#3135,#3136));
#2071=EDGE_LOOP('',(#3137,#3138,#3139,#3140));
#2072=EDGE_LOOP('',(#3141,#3142,#3143,#3144));
#2073=EDGE_LOOP('',(#3145,#3146,#3147,#3148));
#2074=EDGE_LOOP('',(#3149,#3150,#3151,#3152));
#2075=EDGE_LOOP('',(#3153,#3154,#3155,#3156,#3157,#3158,#3159,#3160));
#2076=EDGE_LOOP('',(#3161,#3162,#3163,#3164));
#2077=EDGE_LOOP('',(#3165,#3166,#3167,#3168));
#2078=EDGE_LOOP('',(#3169,#3170,#3171,#3172));
#2079=EDGE_LOOP('',(#3173,#3174,#3175,#3176,#3177,#3178,#3179,#3180));
#2080=EDGE_LOOP('',(#3181,#3182,#3183,#3184));
#2081=EDGE_LOOP('',(#3185,#3186,#3187,#3188));
#2082=EDGE_LOOP('',(#3189,#3190,#3191,#3192));
#2083=EDGE_LOOP('',(#3193,#3194,#3195,#3196));
#2084=EDGE_LOOP('',(#3197,#3198,#3199,#3200));
#2085=EDGE_LOOP('',(#3201,#3202,#3203,#3204,#3205,#3206,#3207,#3208,#3209,
#3210,#3211,#3212,#3213,#3214,#3215,#3216,#3217,#3218,#3219,#3220));
#2086=EDGE_LOOP('',(#3221));
#2087=EDGE_LOOP('',(#3222,#3223,#3224,#3225,#3226,#3227,#3228,#3229));
#2088=EDGE_LOOP('',(#3230,#3231,#3232,#3233));
#2089=EDGE_LOOP('',(#3234,#3235,#3236,#3237,#3238,#3239,#3240,#3241));
#2090=EDGE_LOOP('',(#3242,#3243,#3244,#3245));
#2091=EDGE_LOOP('',(#3246,#3247,#3248,#3249));
#2092=EDGE_LOOP('',(#3250,#3251,#3252,#3253));
#2093=EDGE_LOOP('',(#3254,#3255,#3256,#3257,#3258));
#2094=EDGE_LOOP('',(#3259,#3260,#3261,#3262,#3263));
#2095=EDGE_LOOP('',(#3264,#3265,#3266,#3267));
#2096=EDGE_LOOP('',(#3268,#3269,#3270));
#2097=EDGE_LOOP('',(#3271,#3272,#3273,#3274));
#2098=EDGE_LOOP('',(#3275,#3276,#3277,#3278));
#2099=EDGE_LOOP('',(#3279,#3280,#3281));
#2100=EDGE_LOOP('',(#3282,#3283,#3284));
#2101=EDGE_LOOP('',(#3285,#3286,#3287,#3288));
#2102=EDGE_LOOP('',(#3289,#3290,#3291,#3292));
#2103=EDGE_LOOP('',(#3293,#3294,#3295));
#2104=EDGE_LOOP('',(#3296,#3297,#3298,#3299));
#2105=EDGE_LOOP('',(#3300,#3301,#3302,#3303));
#2106=EDGE_LOOP('',(#3304,#3305,#3306,#3307));
#2107=EDGE_LOOP('',(#3308,#3309,#3310,#3311));
#2108=EDGE_LOOP('',(#3312,#3313,#3314,#3315));
#2109=EDGE_LOOP('',(#3316,#3317,#3318,#3319));
#2110=EDGE_LOOP('',(#3320,#3321,#3322,#3323));
#2111=EDGE_LOOP('',(#3324,#3325,#3326,#3327));
#2112=EDGE_LOOP('',(#3328,#3329,#3330,#3331,#3332));
#2113=EDGE_LOOP('',(#3333,#3334,#3335,#3336));
#2114=EDGE_LOOP('',(#3337,#3338,#3339,#3340));
#2115=EDGE_LOOP('',(#3341,#3342,#3343,#3344));
#2116=EDGE_LOOP('',(#3345,#3346,#3347,#3348));
#2117=EDGE_LOOP('',(#3349,#3350,#3351,#3352));
#2118=EDGE_LOOP('',(#3353,#3354,#3355,#3356));
#2119=EDGE_LOOP('',(#3357,#3358,#3359,#3360));
#2120=EDGE_LOOP('',(#3361,#3362,#3363,#3364));
#2121=EDGE_LOOP('',(#3365,#3366,#3367,#3368,#3369));
#2122=EDGE_LOOP('',(#3370,#3371,#3372,#3373));
#2123=EDGE_LOOP('',(#3374,#3375,#3376,#3377));
#2124=EDGE_LOOP('',(#3378,#3379,#3380,#3381));
#2125=EDGE_LOOP('',(#3382,#3383,#3384,#3385));
#2126=EDGE_LOOP('',(#3386,#3387,#3388,#3389));
#2127=EDGE_LOOP('',(#3390,#3391,#3392,#3393));
#2128=EDGE_LOOP('',(#3394,#3395,#3396,#3397));
#2129=EDGE_LOOP('',(#3398,#3399,#3400,#3401));
#2130=EDGE_LOOP('',(#3402,#3403,#3404,#3405));
#2131=EDGE_LOOP('',(#3406,#3407,#3408,#3409));
#2132=EDGE_LOOP('',(#3410,#3411,#3412,#3413));
#2133=EDGE_LOOP('',(#3414,#3415,#3416,#3417));
#2134=EDGE_LOOP('',(#3418,#3419,#3420,#3421));
#2135=EDGE_LOOP('',(#3422,#3423,#3424,#3425));
#2136=EDGE_LOOP('',(#3426,#3427,#3428,#3429,#3430,#3431));
#2137=EDGE_LOOP('',(#3432,#3433,#3434,#3435,#3436,#3437));
#2138=EDGE_LOOP('',(#3438,#3439,#3440,#3441,#3442,#3443,#3444));
#2139=EDGE_LOOP('',(#3445,#3446,#3447,#3448,#3449,#3450,#3451));
#2140=EDGE_LOOP('',(#3452));
#2141=EDGE_LOOP('',(#3453));
#2142=EDGE_LOOP('',(#3454));
#2143=EDGE_LOOP('',(#3455));
#2144=EDGE_LOOP('',(#3456));
#2145=EDGE_LOOP('',(#3457));
#2146=EDGE_LOOP('',(#3458,#3459,#3460,#3461));
#2147=EDGE_LOOP('',(#3462,#3463,#3464,#3465));
#2148=EDGE_LOOP('',(#3466,#3467,#3468,#3469));
#2149=EDGE_LOOP('',(#3470,#3471,#3472,#3473));
#2150=EDGE_LOOP('',(#3474,#3475,#3476,#3477));
#2151=EDGE_LOOP('',(#3478,#3479,#3480,#3481));
#2152=EDGE_LOOP('',(#3482,#3483,#3484,#3485));
#2153=EDGE_LOOP('',(#3486,#3487,#3488,#3489));
#2154=EDGE_LOOP('',(#3490,#3491,#3492,#3493));
#2155=EDGE_LOOP('',(#3494,#3495,#3496,#3497));
#2156=EDGE_LOOP('',(#3498,#3499,#3500,#3501));
#2157=EDGE_LOOP('',(#3502,#3503,#3504,#3505));
#2158=EDGE_LOOP('',(#3506,#3507,#3508,#3509));
#2159=EDGE_LOOP('',(#3510,#3511,#3512,#3513));
#2160=EDGE_LOOP('',(#3514,#3515,#3516,#3517,#3518,#3519));
#2161=EDGE_LOOP('',(#3520,#3521,#3522,#3523));
#2162=EDGE_LOOP('',(#3524,#3525,#3526,#3527));
#2163=EDGE_LOOP('',(#3528,#3529,#3530,#3531));
#2164=EDGE_LOOP('',(#3532,#3533,#3534,#3535));
#2165=EDGE_LOOP('',(#3536,#3537,#3538,#3539));
#2166=EDGE_LOOP('',(#3540,#3541,#3542,#3543));
#2167=EDGE_LOOP('',(#3544,#3545,#3546,#3547));
#2168=EDGE_LOOP('',(#3548,#3549,#3550,#3551));
#2169=EDGE_LOOP('',(#3552,#3553,#3554,#3555));
#2170=EDGE_LOOP('',(#3556,#3557,#3558,#3559));
#2171=EDGE_LOOP('',(#3560,#3561,#3562,#3563));
#2172=EDGE_LOOP('',(#3564,#3565,#3566,#3567));
#2173=EDGE_LOOP('',(#3568,#3569,#3570,#3571));
#2174=EDGE_LOOP('',(#3572,#3573,#3574,#3575));
#2175=EDGE_LOOP('',(#3576,#3577,#3578,#3579));
#2176=EDGE_LOOP('',(#3580,#3581,#3582,#3583));
#2177=EDGE_LOOP('',(#3584,#3585,#3586,#3587));
#2178=EDGE_LOOP('',(#3588,#3589,#3590,#3591));
#2179=EDGE_LOOP('',(#3592,#3593,#3594,#3595));
#2180=EDGE_LOOP('',(#3596,#3597,#3598,#3599));
#2181=EDGE_LOOP('',(#3600,#3601,#3602,#3603));
#2182=EDGE_LOOP('',(#3604,#3605,#3606,#3607,#3608));
#2183=EDGE_LOOP('',(#3609,#3610,#3611,#3612,#3613));
#2184=EDGE_LOOP('',(#3614,#3615,#3616,#3617));
#2185=EDGE_LOOP('',(#3618,#3619,#3620,#3621));
#2186=EDGE_LOOP('',(#3622,#3623,#3624,#3625));
#2187=EDGE_LOOP('',(#3626,#3627,#3628,#3629));
#2188=EDGE_LOOP('',(#3630,#3631,#3632,#3633));
#2189=EDGE_LOOP('',(#3634,#3635,#3636,#3637));
#2190=EDGE_LOOP('',(#3638,#3639,#3640,#3641));
#2191=EDGE_LOOP('',(#3642,#3643,#3644,#3645,#3646,#3647));
#2192=EDGE_LOOP('',(#3648,#3649,#3650,#3651));
#2193=EDGE_LOOP('',(#3652,#3653,#3654,#3655));
#2194=EDGE_LOOP('',(#3656,#3657,#3658,#3659));
#2195=EDGE_LOOP('',(#3660,#3661,#3662,#3663));
#2196=EDGE_LOOP('',(#3664,#3665,#3666,#3667));
#2197=EDGE_LOOP('',(#3668,#3669,#3670,#3671));
#2198=EDGE_LOOP('',(#3672,#3673,#3674,#3675));
#2199=EDGE_LOOP('',(#3676,#3677,#3678,#3679,#3680,#3681,#3682));
#2200=EDGE_LOOP('',(#3683,#3684,#3685,#3686));
#2201=EDGE_LOOP('',(#3687,#3688,#3689,#3690));
#2202=EDGE_LOOP('',(#3691,#3692,#3693,#3694));
#2203=EDGE_LOOP('',(#3695,#3696,#3697,#3698));
#2204=EDGE_LOOP('',(#3699,#3700,#3701,#3702));
#2205=EDGE_LOOP('',(#3703,#3704,#3705,#3706));
#2206=EDGE_LOOP('',(#3707,#3708,#3709,#3710));
#2207=EDGE_LOOP('',(#3711,#3712,#3713,#3714));
#2208=EDGE_LOOP('',(#3715,#3716,#3717,#3718));
#2209=EDGE_LOOP('',(#3719,#3720,#3721,#3722));
#2210=EDGE_LOOP('',(#3723,#3724,#3725,#3726));
#2211=EDGE_LOOP('',(#3727,#3728,#3729,#3730));
#2212=EDGE_LOOP('',(#3731,#3732,#3733,#3734,#3735,#3736,#3737,#3738,#3739));
#2213=EDGE_LOOP('',(#3740,#3741,#3742));
#2214=EDGE_LOOP('',(#3743,#3744,#3745));
#2215=EDGE_LOOP('',(#3746,#3747,#3748,#3749));
#2216=EDGE_LOOP('',(#3750,#3751,#3752,#3753));
#2217=EDGE_LOOP('',(#3754,#3755,#3756,#3757));
#2218=EDGE_LOOP('',(#3758,#3759,#3760,#3761));
#2219=EDGE_LOOP('',(#3762,#3763,#3764,#3765));
#2220=EDGE_LOOP('',(#3766,#3767,#3768,#3769));
#2221=EDGE_LOOP('',(#3770,#3771,#3772,#3773));
#2222=EDGE_LOOP('',(#3774,#3775,#3776,#3777));
#2223=EDGE_LOOP('',(#3778,#3779,#3780,#3781,#3782,#3783,#3784,#3785));
#2224=EDGE_LOOP('',(#3786,#3787,#3788,#3789));
#2225=EDGE_LOOP('',(#3790,#3791,#3792,#3793));
#2226=EDGE_LOOP('',(#3794,#3795,#3796,#3797));
#2227=EDGE_LOOP('',(#3798,#3799,#3800,#3801));
#2228=EDGE_LOOP('',(#3802,#3803,#3804,#3805));
#2229=EDGE_LOOP('',(#3806,#3807,#3808,#3809));
#2230=EDGE_LOOP('',(#3810,#3811,#3812,#3813));
#2231=EDGE_LOOP('',(#3814,#3815,#3816,#3817));
#2232=EDGE_LOOP('',(#3818,#3819,#3820,#3821,#3822,#3823,#3824,#3825));
#2233=EDGE_LOOP('',(#3826,#3827,#3828,#3829));
#2234=EDGE_LOOP('',(#3830,#3831,#3832,#3833));
#2235=EDGE_LOOP('',(#3834,#3835,#3836,#3837));
#2236=EDGE_LOOP('',(#3838,#3839,#3840,#3841));
#2237=EDGE_LOOP('',(#3842,#3843,#3844,#3845));
#2238=EDGE_LOOP('',(#3846,#3847,#3848,#3849));
#2239=EDGE_LOOP('',(#3850,#3851,#3852,#3853));
#2240=EDGE_LOOP('',(#3854,#3855,#3856,#3857));
#2241=EDGE_LOOP('',(#3858,#3859,#3860,#3861));
#2242=EDGE_LOOP('',(#3862,#3863,#3864,#3865));
#2243=EDGE_LOOP('',(#3866,#3867,#3868,#3869));
#2244=EDGE_LOOP('',(#3870,#3871,#3872,#3873));
#2245=EDGE_LOOP('',(#3874,#3875,#3876,#3877));
#2246=EDGE_LOOP('',(#3878,#3879,#3880,#3881));
#2247=EDGE_LOOP('',(#3882,#3883,#3884,#3885));
#2248=EDGE_LOOP('',(#3886,#3887,#3888,#3889));
#2249=EDGE_LOOP('',(#3890,#3891,#3892,#3893));
#2250=EDGE_LOOP('',(#3894,#3895,#3896,#3897));
#2251=EDGE_LOOP('',(#3898,#3899,#3900,#3901));
#2252=EDGE_LOOP('',(#3902,#3903,#3904,#3905));
#2253=EDGE_LOOP('',(#3906,#3907,#3908,#3909));
#2254=EDGE_LOOP('',(#3910,#3911,#3912,#3913));
#2255=EDGE_LOOP('',(#3914,#3915,#3916,#3917));
#2256=EDGE_LOOP('',(#3918,#3919,#3920,#3921));
#2257=EDGE_LOOP('',(#3922,#3923,#3924,#3925));
#2258=EDGE_LOOP('',(#3926,#3927,#3928,#3929));
#2259=EDGE_LOOP('',(#3930,#3931,#3932,#3933));
#2260=EDGE_LOOP('',(#3934,#3935,#3936,#3937));
#2261=EDGE_LOOP('',(#3938,#3939,#3940,#3941));
#2262=EDGE_LOOP('',(#3942,#3943,#3944,#3945));
#2263=EDGE_LOOP('',(#3946,#3947,#3948,#3949,#3950,#3951,#3952,#3953,#3954,
#3955,#3956,#3957));
#2264=EDGE_LOOP('',(#3958));
#2265=EDGE_LOOP('',(#3959,#3960,#3961,#3962,#3963,#3964,#3965,#3966,#3967,
#3968,#3969,#3970,#3971,#3972,#3973,#3974));
#2266=EDGE_LOOP('',(#3975));
#2267=EDGE_LOOP('',(#3976,#3977,#3978,#3979,#3980,#3981,#3982,#3983,#3984,
#3985,#3986,#3987,#3988,#3989,#3990,#3991));
#2268=EDGE_LOOP('',(#3992,#3993,#3994,#3995));
#2269=EDGE_LOOP('',(#3996,#3997,#3998,#3999));
#2270=EDGE_LOOP('',(#4000,#4001,#4002,#4003));
#2271=EDGE_LOOP('',(#4004,#4005,#4006,#4007));
#2272=EDGE_LOOP('',(#4008,#4009,#4010,#4011));
#2273=EDGE_LOOP('',(#4012,#4013,#4014,#4015));
#2274=EDGE_LOOP('',(#4016,#4017,#4018,#4019));
#2275=EDGE_LOOP('',(#4020,#4021,#4022,#4023));
#2276=EDGE_LOOP('',(#4024,#4025,#4026,#4027));
#2277=EDGE_LOOP('',(#4028,#4029,#4030,#4031));
#2278=EDGE_LOOP('',(#4032,#4033,#4034,#4035));
#2279=EDGE_LOOP('',(#4036,#4037,#4038,#4039));
#2280=EDGE_LOOP('',(#4040,#4041,#4042,#4043));
#2281=EDGE_LOOP('',(#4044,#4045,#4046,#4047));
#2282=EDGE_LOOP('',(#4048,#4049,#4050,#4051));
#2283=EDGE_LOOP('',(#4052));
#2284=EDGE_LOOP('',(#4053));
#2285=EDGE_LOOP('',(#4054,#4055,#4056,#4057));
#2286=EDGE_LOOP('',(#4058,#4059,#4060,#4061));
#2287=EDGE_LOOP('',(#4062,#4063,#4064,#4065));
#2288=EDGE_LOOP('',(#4066,#4067,#4068,#4069));
#2289=EDGE_LOOP('',(#4070,#4071,#4072,#4073));
#2290=EDGE_LOOP('',(#4074,#4075,#4076,#4077));
#2291=EDGE_LOOP('',(#4078,#4079,#4080,#4081));
#2292=EDGE_LOOP('',(#4082,#4083,#4084,#4085));
#2293=EDGE_LOOP('',(#4086,#4087,#4088,#4089,#4090,#4091,#4092,#4093,#4094,
#4095,#4096,#4097,#4098,#4099));
#2294=EDGE_LOOP('',(#4100,#4101,#4102,#4103));
#2295=EDGE_LOOP('',(#4104,#4105,#4106,#4107));
#2296=EDGE_LOOP('',(#4108,#4109,#4110,#4111,#4112,#4113,#4114,#4115,#4116,
#4117,#4118,#4119,#4120,#4121));
#2297=EDGE_LOOP('',(#4122,#4123,#4124,#4125,#4126,#4127));
#2298=EDGE_LOOP('',(#4128,#4129,#4130,#4131));
#2299=EDGE_LOOP('',(#4132,#4133,#4134,#4135));
#2300=EDGE_LOOP('',(#4136,#4137,#4138,#4139,#4140,#4141));
#2301=EDGE_LOOP('',(#4142,#4143,#4144,#4145));
#2302=EDGE_LOOP('',(#4146,#4147,#4148,#4149));
#2303=EDGE_LOOP('',(#4150,#4151,#4152,#4153));
#2304=EDGE_LOOP('',(#4154,#4155,#4156,#4157));
#2305=EDGE_LOOP('',(#4158,#4159,#4160,#4161));
#2306=EDGE_LOOP('',(#4162,#4163,#4164,#4165));
#2307=EDGE_LOOP('',(#4166,#4167,#4168,#4169));
#2308=EDGE_LOOP('',(#4170,#4171,#4172,#4173));
#2309=EDGE_LOOP('',(#4174,#4175,#4176,#4177));
#2310=EDGE_LOOP('',(#4178,#4179,#4180,#4181));
#2311=EDGE_LOOP('',(#4182,#4183,#4184,#4185));
#2312=EDGE_LOOP('',(#4186,#4187,#4188,#4189));
#2313=EDGE_LOOP('',(#4190,#4191,#4192,#4193));
#2314=EDGE_LOOP('',(#4194,#4195,#4196,#4197,#4198,#4199,#4200,#4201,#4202,
#4203,#4204,#4205));
#2315=EDGE_LOOP('',(#4206,#4207,#4208,#4209,#4210));
#2316=EDGE_LOOP('',(#4211,#4212,#4213,#4214,#4215));
#2317=EDGE_LOOP('',(#4216,#4217,#4218,#4219));
#2318=EDGE_LOOP('',(#4220,#4221,#4222,#4223,#4224,#4225,#4226,#4227,#4228,
#4229,#4230,#4231,#4232,#4233,#4234,#4235,#4236,#4237,#4238,#4239,#4240,
#4241,#4242,#4243,#4244,#4245,#4246,#4247,#4248,#4249,#4250,#4251,#4252));
#2319=EDGE_LOOP('',(#4253,#4254,#4255,#4256,#4257,#4258,#4259,#4260,#4261,
#4262,#4263,#4264,#4265,#4266,#4267,#4268));
#2320=EDGE_LOOP('',(#4269,#4270,#4271,#4272,#4273,#4274,#4275,#4276,#4277,
#4278,#4279,#4280,#4281,#4282,#4283,#4284,#4285,#4286,#4287,#4288));
#2321=EDGE_LOOP('',(#4289,#4290,#4291,#4292,#4293,#4294,#4295,#4296,#4297,
#4298,#4299,#4300,#4301,#4302,#4303,#4304,#4305,#4306,#4307,#4308));
#2322=EDGE_LOOP('',(#4309,#4310,#4311,#4312));
#2323=EDGE_LOOP('',(#4313,#4314,#4315,#4316,#4317,#4318,#4319,#4320));
#2324=EDGE_LOOP('',(#4321,#4322,#4323,#4324));
#2325=EDGE_LOOP('',(#4325,#4326,#4327,#4328,#4329,#4330,#4331,#4332));
#2326=EDGE_LOOP('',(#4333,#4334,#4335,#4336,#4337,#4338,#4339,#4340));
#2327=EDGE_LOOP('',(#4341,#4342,#4343,#4344,#4345,#4346,#4347,#4348));
#2328=EDGE_LOOP('',(#4349));
#2329=EDGE_LOOP('',(#4350));
#2330=EDGE_LOOP('',(#4351,#4352,#4353,#4354,#4355,#4356));
#2331=EDGE_LOOP('',(#4357,#4358,#4359,#4360,#4361,#4362));
#2332=EDGE_LOOP('',(#4363,#4364,#4365,#4366));
#2333=EDGE_LOOP('',(#4367,#4368,#4369,#4370,#4371,#4372,#4373,#4374,#4375,
#4376,#4377,#4378,#4379,#4380));
#2334=EDGE_LOOP('',(#4381,#4382,#4383,#4384,#4385,#4386));
#2335=EDGE_LOOP('',(#4387,#4388,#4389,#4390));
#2336=EDGE_LOOP('',(#4391,#4392,#4393,#4394));
#2337=EDGE_LOOP('',(#4395,#4396,#4397,#4398,#4399,#4400,#4401,#4402));
#2338=EDGE_LOOP('',(#4403,#4404,#4405,#4406));
#2339=EDGE_LOOP('',(#4407,#4408,#4409,#4410));
#2340=EDGE_LOOP('',(#4411,#4412,#4413,#4414));
#2341=EDGE_LOOP('',(#4415,#4416,#4417,#4418));
#2342=EDGE_LOOP('',(#4419,#4420,#4421,#4422,#4423));
#2343=EDGE_LOOP('',(#4424,#4425,#4426,#4427,#4428));
#2344=EDGE_LOOP('',(#4429,#4430,#4431,#4432));
#2345=EDGE_LOOP('',(#4433,#4434,#4435,#4436));
#2346=EDGE_LOOP('',(#4437,#4438,#4439,#4440));
#2347=EDGE_LOOP('',(#4441,#4442,#4443,#4444,#4445));
#2348=EDGE_LOOP('',(#4446,#4447,#4448,#4449,#4450));
#2349=EDGE_LOOP('',(#4451,#4452,#4453,#4454));
#2350=EDGE_LOOP('',(#4455,#4456,#4457,#4458));
#2351=EDGE_LOOP('',(#4459,#4460,#4461,#4462));
#2352=EDGE_LOOP('',(#4463,#4464,#4465,#4466,#4467));
#2353=EDGE_LOOP('',(#4468,#4469,#4470,#4471,#4472));
#2354=EDGE_LOOP('',(#4473,#4474,#4475,#4476,#4477));
#2355=EDGE_LOOP('',(#4478,#4479,#4480,#4481));
#2356=EDGE_LOOP('',(#4482,#4483,#4484,#4485));
#2357=EDGE_LOOP('',(#4486,#4487,#4488,#4489,#4490));
#2358=EDGE_LOOP('',(#4491,#4492,#4493,#4494,#4495));
#2359=EDGE_LOOP('',(#4496,#4497,#4498,#4499,#4500,#4501,#4502));
#2360=EDGE_LOOP('',(#4503,#4504,#4505,#4506));
#2361=EDGE_LOOP('',(#4507,#4508,#4509,#4510,#4511,#4512,#4513));
#2362=EDGE_LOOP('',(#4514,#4515,#4516,#4517));
#2363=EDGE_LOOP('',(#4518,#4519,#4520,#4521,#4522));
#2364=EDGE_LOOP('',(#4523,#4524,#4525,#4526,#4527));
#2365=EDGE_LOOP('',(#4528,#4529,#4530,#4531));
#2366=EDGE_LOOP('',(#4532,#4533,#4534));
#2367=EDGE_LOOP('',(#4535,#4536,#4537,#4538));
#2368=EDGE_LOOP('',(#4539,#4540,#4541,#4542));
#2369=EDGE_LOOP('',(#4543,#4544,#4545,#4546));
#2370=EDGE_LOOP('',(#4547,#4548,#4549,#4550));
#2371=EDGE_LOOP('',(#4551,#4552,#4553));
#2372=EDGE_LOOP('',(#4554,#4555,#4556));
#2373=EDGE_LOOP('',(#4557,#4558,#4559,#4560));
#2374=EDGE_LOOP('',(#4561,#4562,#4563,#4564));
#2375=EDGE_LOOP('',(#4565,#4566,#4567,#4568,#4569,#4570));
#2376=EDGE_LOOP('',(#4571,#4572,#4573,#4574,#4575,#4576,#4577,#4578,#4579,
#4580));
#2377=EDGE_LOOP('',(#4581,#4582,#4583,#4584,#4585,#4586,#4587,#4588,#4589,
#4590));
#2378=EDGE_LOOP('',(#4591,#4592,#4593,#4594,#4595,#4596));
#2379=EDGE_LOOP('',(#4597,#4598,#4599,#4600));
#2380=EDGE_LOOP('',(#4601,#4602,#4603,#4604));
#2381=EDGE_LOOP('',(#4605,#4606,#4607,#4608));
#2382=EDGE_LOOP('',(#4609,#4610,#4611,#4612));
#2383=EDGE_LOOP('',(#4613,#4614,#4615,#4616));
#2384=EDGE_LOOP('',(#4617,#4618,#4619,#4620));
#2385=EDGE_LOOP('',(#4621,#4622,#4623,#4624));
#2386=EDGE_LOOP('',(#4625,#4626,#4627,#4628));
#2387=EDGE_LOOP('',(#4629,#4630,#4631,#4632));
#2388=EDGE_LOOP('',(#4633,#4634,#4635,#4636));
#2389=EDGE_LOOP('',(#4637,#4638,#4639,#4640));
#2390=EDGE_LOOP('',(#4641,#4642,#4643,#4644));
#2391=EDGE_LOOP('',(#4645,#4646,#4647,#4648));
#2392=EDGE_LOOP('',(#4649,#4650,#4651,#4652));
#2393=EDGE_LOOP('',(#4653,#4654,#4655,#4656));
#2394=EDGE_LOOP('',(#4657,#4658,#4659,#4660));
#2395=EDGE_LOOP('',(#4661,#4662,#4663,#4664));
#2396=EDGE_LOOP('',(#4665,#4666,#4667,#4668));
#2397=EDGE_LOOP('',(#4669,#4670,#4671,#4672));
#2398=EDGE_LOOP('',(#4673,#4674,#4675,#4676));
#2399=EDGE_LOOP('',(#4677));
#2400=EDGE_LOOP('',(#4678,#4679,#4680,#4681,#4682,#4683));
#2401=EDGE_LOOP('',(#4684,#4685,#4686,#4687));
#2402=EDGE_LOOP('',(#4688,#4689,#4690,#4691));
#2403=EDGE_LOOP('',(#4692,#4693,#4694,#4695,#4696));
#2404=EDGE_LOOP('',(#4697,#4698,#4699,#4700,#4701));
#2405=EDGE_LOOP('',(#4702));
#2406=EDGE_LOOP('',(#4703,#4704,#4705,#4706,#4707));
#2407=EDGE_LOOP('',(#4708));
#2408=EDGE_LOOP('',(#4709));
#2409=EDGE_LOOP('',(#4710));
#2410=EDGE_LOOP('',(#4711));
#2411=EDGE_LOOP('',(#4712));
#2412=EDGE_LOOP('',(#4713));
#2413=EDGE_LOOP('',(#4714));
#2414=EDGE_LOOP('',(#4715));
#2415=EDGE_LOOP('',(#4716));
#2416=EDGE_LOOP('',(#4717));
#2417=EDGE_LOOP('',(#4718));
#2418=EDGE_LOOP('',(#4719));
#2419=EDGE_LOOP('',(#4720));
#2420=EDGE_LOOP('',(#4721,#4722,#4723,#4724));
#2421=EDGE_LOOP('',(#4725,#4726,#4727,#4728));
#2422=EDGE_LOOP('',(#4729,#4730,#4731,#4732));
#2423=EDGE_LOOP('',(#4733,#4734,#4735,#4736));
#2424=EDGE_LOOP('',(#4737,#4738,#4739,#4740));
#2425=EDGE_LOOP('',(#4741,#4742,#4743,#4744));
#2426=EDGE_LOOP('',(#4745,#4746,#4747,#4748));
#2427=EDGE_LOOP('',(#4749,#4750,#4751,#4752));
#2428=EDGE_LOOP('',(#4753,#4754,#4755,#4756));
#2429=EDGE_LOOP('',(#4757));
#2430=EDGE_LOOP('',(#4758));
#2431=EDGE_LOOP('',(#4759));
#2432=EDGE_LOOP('',(#4760,#4761,#4762,#4763));
#2433=EDGE_LOOP('',(#4764,#4765,#4766,#4767));
#2434=EDGE_LOOP('',(#4768,#4769,#4770,#4771));
#2435=EDGE_LOOP('',(#4772,#4773,#4774,#4775));
#2436=EDGE_LOOP('',(#4776,#4777,#4778,#4779));
#2437=EDGE_LOOP('',(#4780,#4781,#4782,#4783));
#2438=EDGE_LOOP('',(#4784,#4785,#4786,#4787));
#2439=EDGE_LOOP('',(#4788,#4789,#4790,#4791));
#2440=EDGE_LOOP('',(#4792,#4793,#4794,#4795));
#2441=EDGE_LOOP('',(#4796,#4797,#4798,#4799));
#2442=EDGE_LOOP('',(#4800,#4801,#4802,#4803));
#2443=EDGE_LOOP('',(#4804,#4805,#4806,#4807));
#2444=EDGE_LOOP('',(#4808,#4809,#4810,#4811));
#2445=EDGE_LOOP('',(#4812,#4813,#4814,#4815,#4816,#4817,#4818));
#2446=EDGE_LOOP('',(#4819,#4820,#4821,#4822));
#2447=EDGE_LOOP('',(#4823,#4824,#4825,#4826));
#2448=EDGE_LOOP('',(#4827,#4828,#4829,#4830));
#2449=EDGE_LOOP('',(#4831,#4832,#4833,#4834));
#2450=EDGE_LOOP('',(#4835,#4836,#4837,#4838));
#2451=EDGE_LOOP('',(#4839,#4840,#4841,#4842));
#2452=EDGE_LOOP('',(#4843,#4844,#4845,#4846,#4847,#4848,#4849));
#2453=EDGE_LOOP('',(#4850,#4851,#4852,#4853));
#2454=EDGE_LOOP('',(#4854,#4855,#4856,#4857));
#2455=EDGE_LOOP('',(#4858,#4859,#4860,#4861));
#2456=EDGE_LOOP('',(#4862,#4863,#4864,#4865));
#2457=EDGE_LOOP('',(#4866,#4867,#4868,#4869));
#2458=EDGE_LOOP('',(#4870,#4871,#4872,#4873));
#2459=EDGE_LOOP('',(#4874));
#2460=EDGE_LOOP('',(#4875,#4876,#4877,#4878,#4879,#4880,#4881,#4882,#4883,
#4884,#4885,#4886,#4887,#4888,#4889,#4890,#4891,#4892,#4893,#4894));
#2461=EDGE_LOOP('',(#4895));
#2462=EDGE_LOOP('',(#4896,#4897,#4898,#4899,#4900,#4901,#4902,#4903,#4904,
#4905,#4906,#4907,#4908,#4909,#4910,#4911,#4912,#4913,#4914,#4915));
#2463=EDGE_LOOP('',(#4916,#4917,#4918,#4919));
#2464=EDGE_LOOP('',(#4920,#4921,#4922,#4923));
#2465=EDGE_LOOP('',(#4924,#4925,#4926,#4927));
#2466=EDGE_LOOP('',(#4928,#4929,#4930,#4931));
#2467=EDGE_LOOP('',(#4932,#4933,#4934,#4935));
#2468=EDGE_LOOP('',(#4936,#4937,#4938,#4939));
#2469=EDGE_LOOP('',(#4940,#4941,#4942,#4943));
#2470=EDGE_LOOP('',(#4944,#4945,#4946,#4947));
#2471=EDGE_LOOP('',(#4948,#4949,#4950,#4951));
#2472=EDGE_LOOP('',(#4952,#4953,#4954,#4955));
#2473=EDGE_LOOP('',(#4956,#4957,#4958,#4959));
#2474=EDGE_LOOP('',(#4960,#4961,#4962,#4963));
#2475=EDGE_LOOP('',(#4964,#4965,#4966,#4967));
#2476=EDGE_LOOP('',(#4968));
#2477=EDGE_LOOP('',(#4969));
#2478=EDGE_LOOP('',(#4970,#4971,#4972,#4973));
#2479=EDGE_LOOP('',(#4974,#4975,#4976,#4977));
#2480=EDGE_LOOP('',(#4978,#4979,#4980,#4981));
#2481=EDGE_LOOP('',(#4982,#4983,#4984,#4985));
#2482=EDGE_LOOP('',(#4986,#4987,#4988,#4989));
#2483=EDGE_LOOP('',(#4990,#4991,#4992,#4993));
#2484=EDGE_LOOP('',(#4994,#4995,#4996,#4997));
#2485=EDGE_LOOP('',(#4998,#4999,#5000,#5001));
#2486=EDGE_LOOP('',(#5002,#5003,#5004,#5005));
#2487=EDGE_LOOP('',(#5006,#5007,#5008,#5009));
#2488=ORIENTED_EDGE('',*,*,#5829,.F.);
#2489=ORIENTED_EDGE('',*,*,#5830,.T.);
#2490=ORIENTED_EDGE('',*,*,#5831,.T.);
#2491=ORIENTED_EDGE('',*,*,#5832,.F.);
#2492=ORIENTED_EDGE('',*,*,#5833,.T.);
#2493=ORIENTED_EDGE('',*,*,#5834,.T.);
#2494=ORIENTED_EDGE('',*,*,#5832,.T.);
#2495=ORIENTED_EDGE('',*,*,#5835,.F.);
#2496=ORIENTED_EDGE('',*,*,#5836,.F.);
#2497=ORIENTED_EDGE('',*,*,#5837,.F.);
#2498=ORIENTED_EDGE('',*,*,#5838,.F.);
#2499=ORIENTED_EDGE('',*,*,#5839,.T.);
#2500=ORIENTED_EDGE('',*,*,#5840,.F.);
#2501=ORIENTED_EDGE('',*,*,#5841,.F.);
#2502=ORIENTED_EDGE('',*,*,#5842,.F.);
#2503=ORIENTED_EDGE('',*,*,#5843,.F.);
#2504=ORIENTED_EDGE('',*,*,#5844,.T.);
#2505=ORIENTED_EDGE('',*,*,#5845,.T.);
#2506=ORIENTED_EDGE('',*,*,#5846,.T.);
#2507=ORIENTED_EDGE('',*,*,#5847,.T.);
#2508=ORIENTED_EDGE('',*,*,#5848,.T.);
#2509=ORIENTED_EDGE('',*,*,#5849,.T.);
#2510=ORIENTED_EDGE('',*,*,#5850,.T.);
#2511=ORIENTED_EDGE('',*,*,#5851,.T.);
#2512=ORIENTED_EDGE('',*,*,#5852,.T.);
#2513=ORIENTED_EDGE('',*,*,#5853,.F.);
#2514=ORIENTED_EDGE('',*,*,#5830,.F.);
#2515=ORIENTED_EDGE('',*,*,#5854,.F.);
#2516=ORIENTED_EDGE('',*,*,#5855,.F.);
#2517=ORIENTED_EDGE('',*,*,#5856,.F.);
#2518=ORIENTED_EDGE('',*,*,#5857,.F.);
#2519=ORIENTED_EDGE('',*,*,#5858,.T.);
#2520=ORIENTED_EDGE('',*,*,#5859,.F.);
#2521=ORIENTED_EDGE('',*,*,#5860,.F.);
#2522=ORIENTED_EDGE('',*,*,#5861,.F.);
#2523=ORIENTED_EDGE('',*,*,#5862,.F.);
#2524=ORIENTED_EDGE('',*,*,#5863,.T.);
#2525=ORIENTED_EDGE('',*,*,#5864,.T.);
#2526=ORIENTED_EDGE('',*,*,#5865,.T.);
#2527=ORIENTED_EDGE('',*,*,#5866,.T.);
#2528=ORIENTED_EDGE('',*,*,#5867,.T.);
#2529=ORIENTED_EDGE('',*,*,#5868,.T.);
#2530=ORIENTED_EDGE('',*,*,#5869,.T.);
#2531=ORIENTED_EDGE('',*,*,#5870,.T.);
#2532=ORIENTED_EDGE('',*,*,#5871,.T.);
#2533=ORIENTED_EDGE('',*,*,#5872,.T.);
#2534=ORIENTED_EDGE('',*,*,#5854,.T.);
#2535=ORIENTED_EDGE('',*,*,#5829,.T.);
#2536=ORIENTED_EDGE('',*,*,#5834,.F.);
#2537=ORIENTED_EDGE('',*,*,#5873,.T.);
#2538=ORIENTED_EDGE('',*,*,#5831,.F.);
#2539=ORIENTED_EDGE('',*,*,#5872,.F.);
#2540=ORIENTED_EDGE('',*,*,#5874,.F.);
#2541=ORIENTED_EDGE('',*,*,#5835,.T.);
#2542=ORIENTED_EDGE('',*,*,#5850,.F.);
#2543=ORIENTED_EDGE('',*,*,#5875,.T.);
#2544=ORIENTED_EDGE('',*,*,#5857,.T.);
#2545=ORIENTED_EDGE('',*,*,#5876,.F.);
#2546=ORIENTED_EDGE('',*,*,#5859,.T.);
#2547=ORIENTED_EDGE('',*,*,#5877,.T.);
#2548=ORIENTED_EDGE('',*,*,#5848,.F.);
#2549=ORIENTED_EDGE('',*,*,#5878,.F.);
#2550=ORIENTED_EDGE('',*,*,#5847,.F.);
#2551=ORIENTED_EDGE('',*,*,#5879,.F.);
#2552=ORIENTED_EDGE('',*,*,#5860,.T.);
#2553=ORIENTED_EDGE('',*,*,#5878,.T.);
#2554=ORIENTED_EDGE('',*,*,#5846,.F.);
#2555=ORIENTED_EDGE('',*,*,#5880,.F.);
#2556=ORIENTED_EDGE('',*,*,#5861,.T.);
#2557=ORIENTED_EDGE('',*,*,#5879,.T.);
#2558=ORIENTED_EDGE('',*,*,#5845,.F.);
#2559=ORIENTED_EDGE('',*,*,#5881,.T.);
#2560=ORIENTED_EDGE('',*,*,#5862,.T.);
#2561=ORIENTED_EDGE('',*,*,#5880,.T.);
#2562=ORIENTED_EDGE('',*,*,#5882,.T.);
#2563=ORIENTED_EDGE('',*,*,#5883,.T.);
#2564=ORIENTED_EDGE('',*,*,#5884,.T.);
#2565=ORIENTED_EDGE('',*,*,#5885,.T.);
#2566=ORIENTED_EDGE('',*,*,#5864,.F.);
#2567=ORIENTED_EDGE('',*,*,#5886,.T.);
#2568=ORIENTED_EDGE('',*,*,#5843,.T.);
#2569=ORIENTED_EDGE('',*,*,#5887,.F.);
#2570=ORIENTED_EDGE('',*,*,#5842,.T.);
#2571=ORIENTED_EDGE('',*,*,#5888,.F.);
#2572=ORIENTED_EDGE('',*,*,#5865,.F.);
#2573=ORIENTED_EDGE('',*,*,#5887,.T.);
#2574=ORIENTED_EDGE('',*,*,#5841,.T.);
#2575=ORIENTED_EDGE('',*,*,#5889,.F.);
#2576=ORIENTED_EDGE('',*,*,#5866,.F.);
#2577=ORIENTED_EDGE('',*,*,#5888,.T.);
#2578=ORIENTED_EDGE('',*,*,#5840,.T.);
#2579=ORIENTED_EDGE('',*,*,#5890,.T.);
#2580=ORIENTED_EDGE('',*,*,#5867,.F.);
#2581=ORIENTED_EDGE('',*,*,#5889,.T.);
#2582=ORIENTED_EDGE('',*,*,#5869,.F.);
#2583=ORIENTED_EDGE('',*,*,#5891,.T.);
#2584=ORIENTED_EDGE('',*,*,#5838,.T.);
#2585=ORIENTED_EDGE('',*,*,#5892,.T.);
#2586=ORIENTED_EDGE('',*,*,#5833,.F.);
#2587=ORIENTED_EDGE('',*,*,#5853,.T.);
#2588=ORIENTED_EDGE('',*,*,#5871,.F.);
#2589=ORIENTED_EDGE('',*,*,#5893,.F.);
#2590=ORIENTED_EDGE('',*,*,#5836,.T.);
#2591=ORIENTED_EDGE('',*,*,#5874,.T.);
#2592=ORIENTED_EDGE('',*,*,#5870,.F.);
#2593=ORIENTED_EDGE('',*,*,#5892,.F.);
#2594=ORIENTED_EDGE('',*,*,#5837,.T.);
#2595=ORIENTED_EDGE('',*,*,#5893,.T.);
#2596=ORIENTED_EDGE('',*,*,#5855,.T.);
#2597=ORIENTED_EDGE('',*,*,#5873,.F.);
#2598=ORIENTED_EDGE('',*,*,#5852,.F.);
#2599=ORIENTED_EDGE('',*,*,#5894,.T.);
#2600=ORIENTED_EDGE('',*,*,#5856,.T.);
#2601=ORIENTED_EDGE('',*,*,#5894,.F.);
#2602=ORIENTED_EDGE('',*,*,#5851,.F.);
#2603=ORIENTED_EDGE('',*,*,#5876,.T.);
#2604=ORIENTED_EDGE('',*,*,#5886,.F.);
#2605=ORIENTED_EDGE('',*,*,#5895,.T.);
#2606=ORIENTED_EDGE('',*,*,#5882,.F.);
#2607=ORIENTED_EDGE('',*,*,#5896,.T.);
#2608=ORIENTED_EDGE('',*,*,#5884,.F.);
#2609=ORIENTED_EDGE('',*,*,#5897,.T.);
#2610=ORIENTED_EDGE('',*,*,#5881,.F.);
#2611=ORIENTED_EDGE('',*,*,#5898,.T.);
#2612=ORIENTED_EDGE('',*,*,#5898,.F.);
#2613=ORIENTED_EDGE('',*,*,#5844,.F.);
#2614=ORIENTED_EDGE('',*,*,#5896,.F.);
#2615=ORIENTED_EDGE('',*,*,#5885,.F.);
#2616=ORIENTED_EDGE('',*,*,#5897,.F.);
#2617=ORIENTED_EDGE('',*,*,#5883,.F.);
#2618=ORIENTED_EDGE('',*,*,#5895,.F.);
#2619=ORIENTED_EDGE('',*,*,#5863,.F.);
#2620=ORIENTED_EDGE('',*,*,#5868,.F.);
#2621=ORIENTED_EDGE('',*,*,#5890,.F.);
#2622=ORIENTED_EDGE('',*,*,#5839,.F.);
#2623=ORIENTED_EDGE('',*,*,#5891,.F.);
#2624=ORIENTED_EDGE('',*,*,#5858,.F.);
#2625=ORIENTED_EDGE('',*,*,#5875,.F.);
#2626=ORIENTED_EDGE('',*,*,#5849,.F.);
#2627=ORIENTED_EDGE('',*,*,#5877,.F.);
#2628=ORIENTED_EDGE('',*,*,#5899,.T.);
#2629=ORIENTED_EDGE('',*,*,#5900,.T.);
#2630=ORIENTED_EDGE('',*,*,#5901,.F.);
#2631=ORIENTED_EDGE('',*,*,#5902,.T.);
#2632=ORIENTED_EDGE('',*,*,#5903,.F.);
#2633=ORIENTED_EDGE('',*,*,#5904,.T.);
#2634=ORIENTED_EDGE('',*,*,#5901,.T.);
#2635=ORIENTED_EDGE('',*,*,#5905,.F.);
#2636=ORIENTED_EDGE('',*,*,#5906,.T.);
#2637=ORIENTED_EDGE('',*,*,#5907,.T.);
#2638=ORIENTED_EDGE('',*,*,#5908,.T.);
#2639=ORIENTED_EDGE('',*,*,#5909,.T.);
#2640=ORIENTED_EDGE('',*,*,#5910,.T.);
#2641=ORIENTED_EDGE('',*,*,#5911,.T.);
#2642=ORIENTED_EDGE('',*,*,#5912,.T.);
#2643=ORIENTED_EDGE('',*,*,#5913,.F.);
#2644=ORIENTED_EDGE('',*,*,#5914,.F.);
#2645=ORIENTED_EDGE('',*,*,#5915,.T.);
#2646=ORIENTED_EDGE('',*,*,#5916,.F.);
#2647=ORIENTED_EDGE('',*,*,#5917,.T.);
#2648=ORIENTED_EDGE('',*,*,#5899,.F.);
#2649=ORIENTED_EDGE('',*,*,#5918,.F.);
#2650=ORIENTED_EDGE('',*,*,#5919,.T.);
#2651=ORIENTED_EDGE('',*,*,#5920,.T.);
#2652=ORIENTED_EDGE('',*,*,#5921,.T.);
#2653=ORIENTED_EDGE('',*,*,#5922,.T.);
#2654=ORIENTED_EDGE('',*,*,#5923,.T.);
#2655=ORIENTED_EDGE('',*,*,#5924,.T.);
#2656=ORIENTED_EDGE('',*,*,#5925,.T.);
#2657=ORIENTED_EDGE('',*,*,#5926,.F.);
#2658=ORIENTED_EDGE('',*,*,#5927,.F.);
#2659=ORIENTED_EDGE('',*,*,#5928,.T.);
#2660=ORIENTED_EDGE('',*,*,#5929,.F.);
#2661=ORIENTED_EDGE('',*,*,#5930,.T.);
#2662=ORIENTED_EDGE('',*,*,#5900,.F.);
#2663=ORIENTED_EDGE('',*,*,#5930,.F.);
#2664=ORIENTED_EDGE('',*,*,#5931,.T.);
#2665=ORIENTED_EDGE('',*,*,#5905,.T.);
#2666=ORIENTED_EDGE('',*,*,#5902,.F.);
#2667=ORIENTED_EDGE('',*,*,#5904,.F.);
#2668=ORIENTED_EDGE('',*,*,#5932,.F.);
#2669=ORIENTED_EDGE('',*,*,#5918,.T.);
#2670=ORIENTED_EDGE('',*,*,#5916,.T.);
#2671=ORIENTED_EDGE('',*,*,#5933,.T.);
#2672=ORIENTED_EDGE('',*,*,#5919,.F.);
#2673=ORIENTED_EDGE('',*,*,#5932,.T.);
#2674=ORIENTED_EDGE('',*,*,#5929,.T.);
#2675=ORIENTED_EDGE('',*,*,#5934,.T.);
#2676=ORIENTED_EDGE('',*,*,#5906,.F.);
#2677=ORIENTED_EDGE('',*,*,#5931,.F.);
#2678=ORIENTED_EDGE('',*,*,#5921,.F.);
#2679=ORIENTED_EDGE('',*,*,#5935,.T.);
#2680=ORIENTED_EDGE('',*,*,#5914,.T.);
#2681=ORIENTED_EDGE('',*,*,#5936,.T.);
#2682=ORIENTED_EDGE('',*,*,#5913,.T.);
#2683=ORIENTED_EDGE('',*,*,#5937,.T.);
#2684=ORIENTED_EDGE('',*,*,#5922,.F.);
#2685=ORIENTED_EDGE('',*,*,#5936,.F.);
#2686=ORIENTED_EDGE('',*,*,#5938,.T.);
#2687=ORIENTED_EDGE('',*,*,#5939,.T.);
#2688=ORIENTED_EDGE('',*,*,#5940,.T.);
#2689=ORIENTED_EDGE('',*,*,#5941,.T.);
#2690=ORIENTED_EDGE('',*,*,#5926,.T.);
#2691=ORIENTED_EDGE('',*,*,#5942,.T.);
#2692=ORIENTED_EDGE('',*,*,#5909,.F.);
#2693=ORIENTED_EDGE('',*,*,#5943,.T.);
#2694=ORIENTED_EDGE('',*,*,#5908,.F.);
#2695=ORIENTED_EDGE('',*,*,#5944,.T.);
#2696=ORIENTED_EDGE('',*,*,#5927,.T.);
#2697=ORIENTED_EDGE('',*,*,#5943,.F.);
#2698=ORIENTED_EDGE('',*,*,#5917,.F.);
#2699=ORIENTED_EDGE('',*,*,#5903,.T.);
#2700=ORIENTED_EDGE('',*,*,#5907,.F.);
#2701=ORIENTED_EDGE('',*,*,#5934,.F.);
#2702=ORIENTED_EDGE('',*,*,#5928,.F.);
#2703=ORIENTED_EDGE('',*,*,#5944,.F.);
#2704=ORIENTED_EDGE('',*,*,#5915,.F.);
#2705=ORIENTED_EDGE('',*,*,#5935,.F.);
#2706=ORIENTED_EDGE('',*,*,#5920,.F.);
#2707=ORIENTED_EDGE('',*,*,#5933,.F.);
#2708=ORIENTED_EDGE('',*,*,#5940,.F.);
#2709=ORIENTED_EDGE('',*,*,#5945,.T.);
#2710=ORIENTED_EDGE('',*,*,#5910,.F.);
#2711=ORIENTED_EDGE('',*,*,#5942,.F.);
#2712=ORIENTED_EDGE('',*,*,#5925,.F.);
#2713=ORIENTED_EDGE('',*,*,#5946,.T.);
#2714=ORIENTED_EDGE('',*,*,#5912,.F.);
#2715=ORIENTED_EDGE('',*,*,#5947,.T.);
#2716=ORIENTED_EDGE('',*,*,#5938,.F.);
#2717=ORIENTED_EDGE('',*,*,#5948,.T.);
#2718=ORIENTED_EDGE('',*,*,#5923,.F.);
#2719=ORIENTED_EDGE('',*,*,#5937,.F.);
#2720=ORIENTED_EDGE('',*,*,#5946,.F.);
#2721=ORIENTED_EDGE('',*,*,#5924,.F.);
#2722=ORIENTED_EDGE('',*,*,#5948,.F.);
#2723=ORIENTED_EDGE('',*,*,#5941,.F.);
#2724=ORIENTED_EDGE('',*,*,#5947,.F.);
#2725=ORIENTED_EDGE('',*,*,#5911,.F.);
#2726=ORIENTED_EDGE('',*,*,#5945,.F.);
#2727=ORIENTED_EDGE('',*,*,#5939,.F.);
#2728=ORIENTED_EDGE('',*,*,#5949,.T.);
#2729=ORIENTED_EDGE('',*,*,#5950,.T.);
#2730=ORIENTED_EDGE('',*,*,#5951,.F.);
#2731=ORIENTED_EDGE('',*,*,#5952,.T.);
#2732=ORIENTED_EDGE('',*,*,#5953,.T.);
#2733=ORIENTED_EDGE('',*,*,#5954,.T.);
#2734=ORIENTED_EDGE('',*,*,#5955,.F.);
#2735=ORIENTED_EDGE('',*,*,#5956,.T.);
#2736=ORIENTED_EDGE('',*,*,#5957,.T.);
#2737=ORIENTED_EDGE('',*,*,#5958,.T.);
#2738=ORIENTED_EDGE('',*,*,#5959,.F.);
#2739=ORIENTED_EDGE('',*,*,#5960,.T.);
#2740=ORIENTED_EDGE('',*,*,#5961,.T.);
#2741=ORIENTED_EDGE('',*,*,#5962,.T.);
#2742=ORIENTED_EDGE('',*,*,#5957,.F.);
#2743=ORIENTED_EDGE('',*,*,#5963,.T.);
#2744=ORIENTED_EDGE('',*,*,#5964,.T.);
#2745=ORIENTED_EDGE('',*,*,#5965,.T.);
#2746=ORIENTED_EDGE('',*,*,#5961,.F.);
#2747=ORIENTED_EDGE('',*,*,#5966,.T.);
#2748=ORIENTED_EDGE('',*,*,#5959,.T.);
#2749=ORIENTED_EDGE('',*,*,#5967,.T.);
#2750=ORIENTED_EDGE('',*,*,#5964,.F.);
#2751=ORIENTED_EDGE('',*,*,#5968,.T.);
#2752=ORIENTED_EDGE('',*,*,#5969,.T.);
#2753=ORIENTED_EDGE('',*,*,#5970,.T.);
#2754=ORIENTED_EDGE('',*,*,#5971,.F.);
#2755=ORIENTED_EDGE('',*,*,#5972,.T.);
#2756=ORIENTED_EDGE('',*,*,#5973,.T.);
#2757=ORIENTED_EDGE('',*,*,#5974,.T.);
#2758=ORIENTED_EDGE('',*,*,#5969,.F.);
#2759=ORIENTED_EDGE('',*,*,#5975,.T.);
#2760=ORIENTED_EDGE('',*,*,#5976,.T.);
#2761=ORIENTED_EDGE('',*,*,#5977,.T.);
#2762=ORIENTED_EDGE('',*,*,#5973,.F.);
#2763=ORIENTED_EDGE('',*,*,#5978,.T.);
#2764=ORIENTED_EDGE('',*,*,#5971,.T.);
#2765=ORIENTED_EDGE('',*,*,#5979,.T.);
#2766=ORIENTED_EDGE('',*,*,#5976,.F.);
#2767=ORIENTED_EDGE('',*,*,#5980,.T.);
#2768=ORIENTED_EDGE('',*,*,#5955,.T.);
#2769=ORIENTED_EDGE('',*,*,#5981,.T.);
#2770=ORIENTED_EDGE('',*,*,#5949,.F.);
#2771=ORIENTED_EDGE('',*,*,#5982,.T.);
#2772=ORIENTED_EDGE('',*,*,#5951,.T.);
#2773=ORIENTED_EDGE('',*,*,#5983,.T.);
#2774=ORIENTED_EDGE('',*,*,#5953,.F.);
#2775=ORIENTED_EDGE('',*,*,#5984,.T.);
#2776=ORIENTED_EDGE('',*,*,#5985,.T.);
#2777=ORIENTED_EDGE('',*,*,#5986,.T.);
#2778=ORIENTED_EDGE('',*,*,#5987,.F.);
#2779=ORIENTED_EDGE('',*,*,#5988,.T.);
#2780=ORIENTED_EDGE('',*,*,#5989,.T.);
#2781=ORIENTED_EDGE('',*,*,#5990,.T.);
#2782=ORIENTED_EDGE('',*,*,#5985,.F.);
#2783=ORIENTED_EDGE('',*,*,#5991,.T.);
#2784=ORIENTED_EDGE('',*,*,#5992,.T.);
#2785=ORIENTED_EDGE('',*,*,#5993,.T.);
#2786=ORIENTED_EDGE('',*,*,#5989,.F.);
#2787=ORIENTED_EDGE('',*,*,#5994,.T.);
#2788=ORIENTED_EDGE('',*,*,#5987,.T.);
#2789=ORIENTED_EDGE('',*,*,#5995,.T.);
#2790=ORIENTED_EDGE('',*,*,#5992,.F.);
#2791=ORIENTED_EDGE('',*,*,#5996,.T.);
#2792=ORIENTED_EDGE('',*,*,#5997,.T.);
#2793=ORIENTED_EDGE('',*,*,#5998,.T.);
#2794=ORIENTED_EDGE('',*,*,#5999,.F.);
#2795=ORIENTED_EDGE('',*,*,#6000,.T.);
#2796=ORIENTED_EDGE('',*,*,#6001,.T.);
#2797=ORIENTED_EDGE('',*,*,#6002,.T.);
#2798=ORIENTED_EDGE('',*,*,#5997,.F.);
#2799=ORIENTED_EDGE('',*,*,#6003,.T.);
#2800=ORIENTED_EDGE('',*,*,#6004,.T.);
#2801=ORIENTED_EDGE('',*,*,#6005,.T.);
#2802=ORIENTED_EDGE('',*,*,#6001,.F.);
#2803=ORIENTED_EDGE('',*,*,#6006,.T.);
#2804=ORIENTED_EDGE('',*,*,#5999,.T.);
#2805=ORIENTED_EDGE('',*,*,#6007,.T.);
#2806=ORIENTED_EDGE('',*,*,#6004,.F.);
#2807=ORIENTED_EDGE('',*,*,#6008,.T.);
#2808=ORIENTED_EDGE('',*,*,#6009,.F.);
#2809=ORIENTED_EDGE('',*,*,#6010,.T.);
#2810=ORIENTED_EDGE('',*,*,#6011,.T.);
#2811=ORIENTED_EDGE('',*,*,#6012,.T.);
#2812=ORIENTED_EDGE('',*,*,#6011,.F.);
#2813=ORIENTED_EDGE('',*,*,#6013,.T.);
#2814=ORIENTED_EDGE('',*,*,#6014,.F.);
#2815=ORIENTED_EDGE('',*,*,#6015,.F.);
#2816=ORIENTED_EDGE('',*,*,#6016,.F.);
#2817=ORIENTED_EDGE('',*,*,#6009,.T.);
#2818=ORIENTED_EDGE('',*,*,#6017,.T.);
#2819=ORIENTED_EDGE('',*,*,#6018,.T.);
#2820=ORIENTED_EDGE('',*,*,#6019,.F.);
#2821=ORIENTED_EDGE('',*,*,#6020,.T.);
#2822=ORIENTED_EDGE('',*,*,#6021,.F.);
#2823=ORIENTED_EDGE('',*,*,#6022,.F.);
#2824=ORIENTED_EDGE('',*,*,#6023,.F.);
#2825=ORIENTED_EDGE('',*,*,#6024,.T.);
#2826=ORIENTED_EDGE('',*,*,#6022,.T.);
#2827=ORIENTED_EDGE('',*,*,#6025,.T.);
#2828=ORIENTED_EDGE('',*,*,#6026,.F.);
#2829=ORIENTED_EDGE('',*,*,#6027,.T.);
#2830=ORIENTED_EDGE('',*,*,#6028,.F.);
#2831=ORIENTED_EDGE('',*,*,#6020,.F.);
#2832=ORIENTED_EDGE('',*,*,#6029,.F.);
#2833=ORIENTED_EDGE('',*,*,#6030,.T.);
#2834=ORIENTED_EDGE('',*,*,#6031,.T.);
#2835=ORIENTED_EDGE('',*,*,#6032,.F.);
#2836=ORIENTED_EDGE('',*,*,#6033,.F.);
#2837=ORIENTED_EDGE('',*,*,#6034,.T.);
#2838=ORIENTED_EDGE('',*,*,#6029,.T.);
#2839=ORIENTED_EDGE('',*,*,#6035,.T.);
#2840=ORIENTED_EDGE('',*,*,#6036,.F.);
#2841=ORIENTED_EDGE('',*,*,#6037,.T.);
#2842=ORIENTED_EDGE('',*,*,#6038,.F.);
#2843=ORIENTED_EDGE('',*,*,#6031,.F.);
#2844=ORIENTED_EDGE('',*,*,#6039,.F.);
#2845=ORIENTED_EDGE('',*,*,#6040,.T.);
#2846=ORIENTED_EDGE('',*,*,#6041,.T.);
#2847=ORIENTED_EDGE('',*,*,#6042,.F.);
#2848=ORIENTED_EDGE('',*,*,#6040,.F.);
#2849=ORIENTED_EDGE('',*,*,#6043,.T.);
#2850=ORIENTED_EDGE('',*,*,#6044,.F.);
#2851=ORIENTED_EDGE('',*,*,#6045,.F.);
#2852=ORIENTED_EDGE('',*,*,#6046,.F.);
#2853=ORIENTED_EDGE('',*,*,#6042,.T.);
#2854=ORIENTED_EDGE('',*,*,#6047,.T.);
#2855=ORIENTED_EDGE('',*,*,#6048,.T.);
#2856=ORIENTED_EDGE('',*,*,#6049,.T.);
#2857=ORIENTED_EDGE('',*,*,#6050,.T.);
#2858=ORIENTED_EDGE('',*,*,#6051,.T.);
#2859=ORIENTED_EDGE('',*,*,#6052,.T.);
#2860=ORIENTED_EDGE('',*,*,#6053,.T.);
#2861=ORIENTED_EDGE('',*,*,#6054,.T.);
#2862=ORIENTED_EDGE('',*,*,#6055,.T.);
#2863=ORIENTED_EDGE('',*,*,#6056,.T.);
#2864=ORIENTED_EDGE('',*,*,#6057,.T.);
#2865=ORIENTED_EDGE('',*,*,#6058,.T.);
#2866=ORIENTED_EDGE('',*,*,#6059,.T.);
#2867=ORIENTED_EDGE('',*,*,#6060,.T.);
#2868=ORIENTED_EDGE('',*,*,#6061,.T.);
#2869=ORIENTED_EDGE('',*,*,#6062,.T.);
#2870=ORIENTED_EDGE('',*,*,#6063,.T.);
#2871=ORIENTED_EDGE('',*,*,#6064,.T.);
#2872=ORIENTED_EDGE('',*,*,#6065,.F.);
#2873=ORIENTED_EDGE('',*,*,#6066,.F.);
#2874=ORIENTED_EDGE('',*,*,#6067,.F.);
#2875=ORIENTED_EDGE('',*,*,#6068,.F.);
#2876=ORIENTED_EDGE('',*,*,#6069,.F.);
#2877=ORIENTED_EDGE('',*,*,#6070,.F.);
#2878=ORIENTED_EDGE('',*,*,#6071,.F.);
#2879=ORIENTED_EDGE('',*,*,#6072,.F.);
#2880=ORIENTED_EDGE('',*,*,#6073,.T.);
#2881=ORIENTED_EDGE('',*,*,#6074,.T.);
#2882=ORIENTED_EDGE('',*,*,#6075,.T.);
#2883=ORIENTED_EDGE('',*,*,#6076,.T.);
#2884=ORIENTED_EDGE('',*,*,#6077,.T.);
#2885=ORIENTED_EDGE('',*,*,#6078,.T.);
#2886=ORIENTED_EDGE('',*,*,#6079,.T.);
#2887=ORIENTED_EDGE('',*,*,#6080,.T.);
#2888=ORIENTED_EDGE('',*,*,#6081,.T.);
#2889=ORIENTED_EDGE('',*,*,#6082,.F.);
#2890=ORIENTED_EDGE('',*,*,#6083,.T.);
#2891=ORIENTED_EDGE('',*,*,#6084,.F.);
#2892=ORIENTED_EDGE('',*,*,#6085,.T.);
#2893=ORIENTED_EDGE('',*,*,#6086,.F.);
#2894=ORIENTED_EDGE('',*,*,#6087,.T.);
#2895=ORIENTED_EDGE('',*,*,#6088,.F.);
#2896=ORIENTED_EDGE('',*,*,#6089,.T.);
#2897=ORIENTED_EDGE('',*,*,#6090,.T.);
#2898=ORIENTED_EDGE('',*,*,#6091,.T.);
#2899=ORIENTED_EDGE('',*,*,#6092,.T.);
#2900=ORIENTED_EDGE('',*,*,#6093,.T.);
#2901=ORIENTED_EDGE('',*,*,#6094,.T.);
#2902=ORIENTED_EDGE('',*,*,#6095,.T.);
#2903=ORIENTED_EDGE('',*,*,#6096,.T.);
#2904=ORIENTED_EDGE('',*,*,#6097,.T.);
#2905=ORIENTED_EDGE('',*,*,#6098,.T.);
#2906=ORIENTED_EDGE('',*,*,#6099,.T.);
#2907=ORIENTED_EDGE('',*,*,#6100,.T.);
#2908=ORIENTED_EDGE('',*,*,#6101,.T.);
#2909=ORIENTED_EDGE('',*,*,#6102,.T.);
#2910=ORIENTED_EDGE('',*,*,#6103,.T.);
#2911=ORIENTED_EDGE('',*,*,#6104,.T.);
#2912=ORIENTED_EDGE('',*,*,#6105,.T.);
#2913=ORIENTED_EDGE('',*,*,#6106,.T.);
#2914=ORIENTED_EDGE('',*,*,#6107,.T.);
#2915=ORIENTED_EDGE('',*,*,#6108,.T.);
#2916=ORIENTED_EDGE('',*,*,#6109,.T.);
#2917=ORIENTED_EDGE('',*,*,#6110,.T.);
#2918=ORIENTED_EDGE('',*,*,#6111,.T.);
#2919=ORIENTED_EDGE('',*,*,#6112,.T.);
#2920=ORIENTED_EDGE('',*,*,#6113,.T.);
#2921=ORIENTED_EDGE('',*,*,#6114,.T.);
#2922=ORIENTED_EDGE('',*,*,#6115,.T.);
#2923=ORIENTED_EDGE('',*,*,#6116,.T.);
#2924=ORIENTED_EDGE('',*,*,#6117,.T.);
#2925=ORIENTED_EDGE('',*,*,#6118,.T.);
#2926=ORIENTED_EDGE('',*,*,#6119,.T.);
#2927=ORIENTED_EDGE('',*,*,#6120,.T.);
#2928=ORIENTED_EDGE('',*,*,#6121,.F.);
#2929=ORIENTED_EDGE('',*,*,#6122,.T.);
#2930=ORIENTED_EDGE('',*,*,#6123,.F.);
#2931=ORIENTED_EDGE('',*,*,#6124,.T.);
#2932=ORIENTED_EDGE('',*,*,#6125,.F.);
#2933=ORIENTED_EDGE('',*,*,#6126,.T.);
#2934=ORIENTED_EDGE('',*,*,#6127,.F.);
#2935=ORIENTED_EDGE('',*,*,#6128,.T.);
#2936=ORIENTED_EDGE('',*,*,#6129,.F.);
#2937=ORIENTED_EDGE('',*,*,#6130,.T.);
#2938=ORIENTED_EDGE('',*,*,#6131,.T.);
#2939=ORIENTED_EDGE('',*,*,#6132,.T.);
#2940=ORIENTED_EDGE('',*,*,#6133,.F.);
#2941=ORIENTED_EDGE('',*,*,#6134,.T.);
#2942=ORIENTED_EDGE('',*,*,#6135,.T.);
#2943=ORIENTED_EDGE('',*,*,#6136,.T.);
#2944=ORIENTED_EDGE('',*,*,#6137,.T.);
#2945=ORIENTED_EDGE('',*,*,#6138,.T.);
#2946=ORIENTED_EDGE('',*,*,#6139,.T.);
#2947=ORIENTED_EDGE('',*,*,#6140,.T.);
#2948=ORIENTED_EDGE('',*,*,#6141,.T.);
#2949=ORIENTED_EDGE('',*,*,#6142,.T.);
#2950=ORIENTED_EDGE('',*,*,#6143,.T.);
#2951=ORIENTED_EDGE('',*,*,#6144,.T.);
#2952=ORIENTED_EDGE('',*,*,#6145,.T.);
#2953=ORIENTED_EDGE('',*,*,#6146,.T.);
#2954=ORIENTED_EDGE('',*,*,#6147,.T.);
#2955=ORIENTED_EDGE('',*,*,#6148,.T.);
#2956=ORIENTED_EDGE('',*,*,#6149,.T.);
#2957=ORIENTED_EDGE('',*,*,#6150,.T.);
#2958=ORIENTED_EDGE('',*,*,#6151,.T.);
#2959=ORIENTED_EDGE('',*,*,#6152,.T.);
#2960=ORIENTED_EDGE('',*,*,#6153,.F.);
#2961=ORIENTED_EDGE('',*,*,#6154,.T.);
#2962=ORIENTED_EDGE('',*,*,#6155,.F.);
#2963=ORIENTED_EDGE('',*,*,#6156,.T.);
#2964=ORIENTED_EDGE('',*,*,#6157,.F.);
#2965=ORIENTED_EDGE('',*,*,#6158,.T.);
#2966=ORIENTED_EDGE('',*,*,#5982,.F.);
#2967=ORIENTED_EDGE('',*,*,#5952,.F.);
#2968=ORIENTED_EDGE('',*,*,#5984,.F.);
#2969=ORIENTED_EDGE('',*,*,#5956,.F.);
#2970=ORIENTED_EDGE('',*,*,#6003,.F.);
#2971=ORIENTED_EDGE('',*,*,#6000,.F.);
#2972=ORIENTED_EDGE('',*,*,#6008,.F.);
#2973=ORIENTED_EDGE('',*,*,#6006,.F.);
#2974=ORIENTED_EDGE('',*,*,#5963,.F.);
#2975=ORIENTED_EDGE('',*,*,#5960,.F.);
#2976=ORIENTED_EDGE('',*,*,#5968,.F.);
#2977=ORIENTED_EDGE('',*,*,#5966,.F.);
#2978=ORIENTED_EDGE('',*,*,#5991,.F.);
#2979=ORIENTED_EDGE('',*,*,#5988,.F.);
#2980=ORIENTED_EDGE('',*,*,#5996,.F.);
#2981=ORIENTED_EDGE('',*,*,#5994,.F.);
#2982=ORIENTED_EDGE('',*,*,#5975,.F.);
#2983=ORIENTED_EDGE('',*,*,#5972,.F.);
#2984=ORIENTED_EDGE('',*,*,#5980,.F.);
#2985=ORIENTED_EDGE('',*,*,#5978,.F.);
#2986=ORIENTED_EDGE('',*,*,#6041,.F.);
#2987=ORIENTED_EDGE('',*,*,#6045,.T.);
#2988=ORIENTED_EDGE('',*,*,#6159,.T.);
#2989=ORIENTED_EDGE('',*,*,#6160,.T.);
#2990=ORIENTED_EDGE('',*,*,#6161,.T.);
#2991=ORIENTED_EDGE('',*,*,#6025,.F.);
#2992=ORIENTED_EDGE('',*,*,#6021,.T.);
#2993=ORIENTED_EDGE('',*,*,#6028,.T.);
#2994=ORIENTED_EDGE('',*,*,#6162,.T.);
#2995=ORIENTED_EDGE('',*,*,#6017,.F.);
#2996=ORIENTED_EDGE('',*,*,#6012,.F.);
#2997=ORIENTED_EDGE('',*,*,#6015,.T.);
#2998=ORIENTED_EDGE('',*,*,#6163,.T.);
#2999=ORIENTED_EDGE('',*,*,#6164,.T.);
#3000=ORIENTED_EDGE('',*,*,#6165,.T.);
#3001=ORIENTED_EDGE('',*,*,#6035,.F.);
#3002=ORIENTED_EDGE('',*,*,#6032,.T.);
#3003=ORIENTED_EDGE('',*,*,#6038,.T.);
#3004=ORIENTED_EDGE('',*,*,#6166,.T.);
#3005=ORIENTED_EDGE('',*,*,#6047,.F.);
#3006=ORIENTED_EDGE('',*,*,#6159,.F.);
#3007=ORIENTED_EDGE('',*,*,#6044,.T.);
#3008=ORIENTED_EDGE('',*,*,#6167,.F.);
#3009=ORIENTED_EDGE('',*,*,#6168,.T.);
#3010=ORIENTED_EDGE('',*,*,#6169,.F.);
#3011=ORIENTED_EDGE('',*,*,#6033,.T.);
#3012=ORIENTED_EDGE('',*,*,#6165,.F.);
#3013=ORIENTED_EDGE('',*,*,#6170,.F.);
#3014=ORIENTED_EDGE('',*,*,#6171,.F.);
#3015=ORIENTED_EDGE('',*,*,#6023,.T.);
#3016=ORIENTED_EDGE('',*,*,#6161,.F.);
#3017=ORIENTED_EDGE('',*,*,#6172,.T.);
#3018=ORIENTED_EDGE('',*,*,#6163,.F.);
#3019=ORIENTED_EDGE('',*,*,#6014,.T.);
#3020=ORIENTED_EDGE('',*,*,#6173,.F.);
#3021=ORIENTED_EDGE('',*,*,#6174,.F.);
#3022=ORIENTED_EDGE('',*,*,#6175,.T.);
#3023=ORIENTED_EDGE('',*,*,#6176,.T.);
#3024=ORIENTED_EDGE('',*,*,#6177,.T.);
#3025=ORIENTED_EDGE('',*,*,#6178,.T.);
#3026=ORIENTED_EDGE('',*,*,#6179,.T.);
#3027=ORIENTED_EDGE('',*,*,#6180,.T.);
#3028=ORIENTED_EDGE('',*,*,#6181,.T.);
#3029=ORIENTED_EDGE('',*,*,#6182,.T.);
#3030=ORIENTED_EDGE('',*,*,#6183,.T.);
#3031=ORIENTED_EDGE('',*,*,#6184,.T.);
#3032=ORIENTED_EDGE('',*,*,#6185,.F.);
#3033=ORIENTED_EDGE('',*,*,#6186,.T.);
#3034=ORIENTED_EDGE('',*,*,#6187,.T.);
#3035=ORIENTED_EDGE('',*,*,#6188,.T.);
#3036=ORIENTED_EDGE('',*,*,#6189,.T.);
#3037=ORIENTED_EDGE('',*,*,#6190,.F.);
#3038=ORIENTED_EDGE('',*,*,#6181,.F.);
#3039=ORIENTED_EDGE('',*,*,#6191,.T.);
#3040=ORIENTED_EDGE('',*,*,#6192,.F.);
#3041=ORIENTED_EDGE('',*,*,#6193,.F.);
#3042=ORIENTED_EDGE('',*,*,#6175,.F.);
#3043=ORIENTED_EDGE('',*,*,#6194,.T.);
#3044=ORIENTED_EDGE('',*,*,#6195,.F.);
#3045=ORIENTED_EDGE('',*,*,#6196,.T.);
#3046=ORIENTED_EDGE('',*,*,#6197,.T.);
#3047=ORIENTED_EDGE('',*,*,#6198,.T.);
#3048=ORIENTED_EDGE('',*,*,#6199,.T.);
#3049=ORIENTED_EDGE('',*,*,#6200,.T.);
#3050=ORIENTED_EDGE('',*,*,#6201,.T.);
#3051=ORIENTED_EDGE('',*,*,#6202,.T.);
#3052=ORIENTED_EDGE('',*,*,#6203,.F.);
#3053=ORIENTED_EDGE('',*,*,#6204,.T.);
#3054=ORIENTED_EDGE('',*,*,#6205,.T.);
#3055=ORIENTED_EDGE('',*,*,#6206,.T.);
#3056=ORIENTED_EDGE('',*,*,#6207,.T.);
#3057=ORIENTED_EDGE('',*,*,#6208,.T.);
#3058=ORIENTED_EDGE('',*,*,#6209,.T.);
#3059=ORIENTED_EDGE('',*,*,#6210,.T.);
#3060=ORIENTED_EDGE('',*,*,#6211,.F.);
#3061=ORIENTED_EDGE('',*,*,#6205,.F.);
#3062=ORIENTED_EDGE('',*,*,#6212,.F.);
#3063=ORIENTED_EDGE('',*,*,#6213,.F.);
#3064=ORIENTED_EDGE('',*,*,#6214,.F.);
#3065=ORIENTED_EDGE('',*,*,#6196,.F.);
#3066=ORIENTED_EDGE('',*,*,#6215,.T.);
#3067=ORIENTED_EDGE('',*,*,#6216,.F.);
#3068=ORIENTED_EDGE('',*,*,#6217,.F.);
#3069=ORIENTED_EDGE('',*,*,#6218,.T.);
#3070=ORIENTED_EDGE('',*,*,#6155,.T.);
#3071=ORIENTED_EDGE('',*,*,#6219,.T.);
#3072=ORIENTED_EDGE('',*,*,#6220,.F.);
#3073=ORIENTED_EDGE('',*,*,#6221,.T.);
#3074=ORIENTED_EDGE('',*,*,#6222,.F.);
#3075=ORIENTED_EDGE('',*,*,#6223,.T.);
#3076=ORIENTED_EDGE('',*,*,#6224,.F.);
#3077=ORIENTED_EDGE('',*,*,#6225,.T.);
#3078=ORIENTED_EDGE('',*,*,#6147,.F.);
#3079=ORIENTED_EDGE('',*,*,#6226,.T.);
#3080=ORIENTED_EDGE('',*,*,#6227,.T.);
#3081=ORIENTED_EDGE('',*,*,#6228,.T.);
#3082=ORIENTED_EDGE('',*,*,#6229,.T.);
#3083=ORIENTED_EDGE('',*,*,#6129,.T.);
#3084=ORIENTED_EDGE('',*,*,#6230,.T.);
#3085=ORIENTED_EDGE('',*,*,#5958,.F.);
#3086=ORIENTED_EDGE('',*,*,#5962,.F.);
#3087=ORIENTED_EDGE('',*,*,#5965,.F.);
#3088=ORIENTED_EDGE('',*,*,#5967,.F.);
#3089=ORIENTED_EDGE('',*,*,#5970,.F.);
#3090=ORIENTED_EDGE('',*,*,#5974,.F.);
#3091=ORIENTED_EDGE('',*,*,#5977,.F.);
#3092=ORIENTED_EDGE('',*,*,#5979,.F.);
#3093=ORIENTED_EDGE('',*,*,#5981,.F.);
#3094=ORIENTED_EDGE('',*,*,#5954,.F.);
#3095=ORIENTED_EDGE('',*,*,#5983,.F.);
#3096=ORIENTED_EDGE('',*,*,#5950,.F.);
#3097=ORIENTED_EDGE('',*,*,#5986,.F.);
#3098=ORIENTED_EDGE('',*,*,#5990,.F.);
#3099=ORIENTED_EDGE('',*,*,#5993,.F.);
#3100=ORIENTED_EDGE('',*,*,#5995,.F.);
#3101=ORIENTED_EDGE('',*,*,#5998,.F.);
#3102=ORIENTED_EDGE('',*,*,#6002,.F.);
#3103=ORIENTED_EDGE('',*,*,#6005,.F.);
#3104=ORIENTED_EDGE('',*,*,#6007,.F.);
#3105=ORIENTED_EDGE('',*,*,#6231,.T.);
#3106=ORIENTED_EDGE('',*,*,#6232,.T.);
#3107=ORIENTED_EDGE('',*,*,#6233,.T.);
#3108=ORIENTED_EDGE('',*,*,#6167,.T.);
#3109=ORIENTED_EDGE('',*,*,#6043,.F.);
#3110=ORIENTED_EDGE('',*,*,#6039,.T.);
#3111=ORIENTED_EDGE('',*,*,#6046,.T.);
#3112=ORIENTED_EDGE('',*,*,#6234,.T.);
#3113=ORIENTED_EDGE('',*,*,#6036,.T.);
#3114=ORIENTED_EDGE('',*,*,#6030,.F.);
#3115=ORIENTED_EDGE('',*,*,#6034,.F.);
#3116=ORIENTED_EDGE('',*,*,#6169,.T.);
#3117=ORIENTED_EDGE('',*,*,#6235,.T.);
#3118=ORIENTED_EDGE('',*,*,#6236,.T.);
#3119=ORIENTED_EDGE('',*,*,#6237,.T.);
#3120=ORIENTED_EDGE('',*,*,#6173,.T.);
#3121=ORIENTED_EDGE('',*,*,#6013,.F.);
#3122=ORIENTED_EDGE('',*,*,#6010,.F.);
#3123=ORIENTED_EDGE('',*,*,#6016,.T.);
#3124=ORIENTED_EDGE('',*,*,#6238,.T.);
#3125=ORIENTED_EDGE('',*,*,#6026,.T.);
#3126=ORIENTED_EDGE('',*,*,#6019,.T.);
#3127=ORIENTED_EDGE('',*,*,#6024,.F.);
#3128=ORIENTED_EDGE('',*,*,#6171,.T.);
#3129=ORIENTED_EDGE('',*,*,#6239,.F.);
#3130=ORIENTED_EDGE('',*,*,#6240,.T.);
#3131=ORIENTED_EDGE('',*,*,#6241,.T.);
#3132=ORIENTED_EDGE('',*,*,#6242,.F.);
#3133=ORIENTED_EDGE('',*,*,#6243,.F.);
#3134=ORIENTED_EDGE('',*,*,#6244,.F.);
#3135=ORIENTED_EDGE('',*,*,#6245,.F.);
#3136=ORIENTED_EDGE('',*,*,#6246,.T.);
#3137=ORIENTED_EDGE('',*,*,#6247,.T.);
#3138=ORIENTED_EDGE('',*,*,#6248,.T.);
#3139=ORIENTED_EDGE('',*,*,#6249,.F.);
#3140=ORIENTED_EDGE('',*,*,#6250,.F.);
#3141=ORIENTED_EDGE('',*,*,#6251,.F.);
#3142=ORIENTED_EDGE('',*,*,#6252,.T.);
#3143=ORIENTED_EDGE('',*,*,#6253,.F.);
#3144=ORIENTED_EDGE('',*,*,#6254,.F.);
#3145=ORIENTED_EDGE('',*,*,#6255,.F.);
#3146=ORIENTED_EDGE('',*,*,#6256,.T.);
#3147=ORIENTED_EDGE('',*,*,#6257,.T.);
#3148=ORIENTED_EDGE('',*,*,#6258,.F.);
#3149=ORIENTED_EDGE('',*,*,#6259,.T.);
#3150=ORIENTED_EDGE('',*,*,#6260,.T.);
#3151=ORIENTED_EDGE('',*,*,#6261,.F.);
#3152=ORIENTED_EDGE('',*,*,#6262,.F.);
#3153=ORIENTED_EDGE('',*,*,#6263,.T.);
#3154=ORIENTED_EDGE('',*,*,#6141,.F.);
#3155=ORIENTED_EDGE('',*,*,#6264,.T.);
#3156=ORIENTED_EDGE('',*,*,#6265,.T.);
#3157=ORIENTED_EDGE('',*,*,#6266,.T.);
#3158=ORIENTED_EDGE('',*,*,#6107,.F.);
#3159=ORIENTED_EDGE('',*,*,#6267,.T.);
#3160=ORIENTED_EDGE('',*,*,#6216,.T.);
#3161=ORIENTED_EDGE('',*,*,#6119,.F.);
#3162=ORIENTED_EDGE('',*,*,#6268,.T.);
#3163=ORIENTED_EDGE('',*,*,#6082,.T.);
#3164=ORIENTED_EDGE('',*,*,#6269,.T.);
#3165=ORIENTED_EDGE('',*,*,#6133,.T.);
#3166=ORIENTED_EDGE('',*,*,#6270,.T.);
#3167=ORIENTED_EDGE('',*,*,#6271,.T.);
#3168=ORIENTED_EDGE('',*,*,#6272,.T.);
#3169=ORIENTED_EDGE('',*,*,#6273,.T.);
#3170=ORIENTED_EDGE('',*,*,#6274,.T.);
#3171=ORIENTED_EDGE('',*,*,#6275,.T.);
#3172=ORIENTED_EDGE('',*,*,#6135,.F.);
#3173=ORIENTED_EDGE('',*,*,#6276,.T.);
#3174=ORIENTED_EDGE('',*,*,#6137,.F.);
#3175=ORIENTED_EDGE('',*,*,#6277,.T.);
#3176=ORIENTED_EDGE('',*,*,#6278,.T.);
#3177=ORIENTED_EDGE('',*,*,#6279,.T.);
#3178=ORIENTED_EDGE('',*,*,#6111,.F.);
#3179=ORIENTED_EDGE('',*,*,#6280,.T.);
#3180=ORIENTED_EDGE('',*,*,#6213,.T.);
#3181=ORIENTED_EDGE('',*,*,#6281,.T.);
#3182=ORIENTED_EDGE('',*,*,#6282,.T.);
#3183=ORIENTED_EDGE('',*,*,#6283,.T.);
#3184=ORIENTED_EDGE('',*,*,#6139,.F.);
#3185=ORIENTED_EDGE('',*,*,#6284,.T.);
#3186=ORIENTED_EDGE('',*,*,#6285,.T.);
#3187=ORIENTED_EDGE('',*,*,#6286,.T.);
#3188=ORIENTED_EDGE('',*,*,#6151,.F.);
#3189=ORIENTED_EDGE('',*,*,#6287,.T.);
#3190=ORIENTED_EDGE('',*,*,#6288,.T.);
#3191=ORIENTED_EDGE('',*,*,#6289,.T.);
#3192=ORIENTED_EDGE('',*,*,#6149,.F.);
#3193=ORIENTED_EDGE('',*,*,#6290,.T.);
#3194=ORIENTED_EDGE('',*,*,#6291,.T.);
#3195=ORIENTED_EDGE('',*,*,#6292,.T.);
#3196=ORIENTED_EDGE('',*,*,#6145,.F.);
#3197=ORIENTED_EDGE('',*,*,#6293,.T.);
#3198=ORIENTED_EDGE('',*,*,#6294,.T.);
#3199=ORIENTED_EDGE('',*,*,#6295,.T.);
#3200=ORIENTED_EDGE('',*,*,#6143,.F.);
#3201=ORIENTED_EDGE('',*,*,#6296,.T.);
#3202=ORIENTED_EDGE('',*,*,#6297,.T.);
#3203=ORIENTED_EDGE('',*,*,#6298,.F.);
#3204=ORIENTED_EDGE('',*,*,#6299,.T.);
#3205=ORIENTED_EDGE('',*,*,#6300,.F.);
#3206=ORIENTED_EDGE('',*,*,#6301,.T.);
#3207=ORIENTED_EDGE('',*,*,#6302,.F.);
#3208=ORIENTED_EDGE('',*,*,#6303,.T.);
#3209=ORIENTED_EDGE('',*,*,#6304,.T.);
#3210=ORIENTED_EDGE('',*,*,#6305,.T.);
#3211=ORIENTED_EDGE('',*,*,#6306,.T.);
#3212=ORIENTED_EDGE('',*,*,#6307,.T.);
#3213=ORIENTED_EDGE('',*,*,#6308,.T.);
#3214=ORIENTED_EDGE('',*,*,#6309,.T.);
#3215=ORIENTED_EDGE('',*,*,#6310,.T.);
#3216=ORIENTED_EDGE('',*,*,#6311,.T.);
#3217=ORIENTED_EDGE('',*,*,#6312,.T.);
#3218=ORIENTED_EDGE('',*,*,#6313,.T.);
#3219=ORIENTED_EDGE('',*,*,#6314,.T.);
#3220=ORIENTED_EDGE('',*,*,#6315,.T.);
#3221=ORIENTED_EDGE('',*,*,#6316,.T.);
#3222=ORIENTED_EDGE('',*,*,#6121,.T.);
#3223=ORIENTED_EDGE('',*,*,#6317,.T.);
#3224=ORIENTED_EDGE('',*,*,#6318,.T.);
#3225=ORIENTED_EDGE('',*,*,#6319,.T.);
#3226=ORIENTED_EDGE('',*,*,#6096,.F.);
#3227=ORIENTED_EDGE('',*,*,#6320,.T.);
#3228=ORIENTED_EDGE('',*,*,#6195,.T.);
#3229=ORIENTED_EDGE('',*,*,#6321,.T.);
#3230=ORIENTED_EDGE('',*,*,#6322,.T.);
#3231=ORIENTED_EDGE('',*,*,#6323,.T.);
#3232=ORIENTED_EDGE('',*,*,#6324,.T.);
#3233=ORIENTED_EDGE('',*,*,#6127,.T.);
#3234=ORIENTED_EDGE('',*,*,#6125,.T.);
#3235=ORIENTED_EDGE('',*,*,#6325,.T.);
#3236=ORIENTED_EDGE('',*,*,#6326,.T.);
#3237=ORIENTED_EDGE('',*,*,#6327,.T.);
#3238=ORIENTED_EDGE('',*,*,#6092,.F.);
#3239=ORIENTED_EDGE('',*,*,#6328,.T.);
#3240=ORIENTED_EDGE('',*,*,#6192,.T.);
#3241=ORIENTED_EDGE('',*,*,#6329,.T.);
#3242=ORIENTED_EDGE('',*,*,#6330,.T.);
#3243=ORIENTED_EDGE('',*,*,#6331,.T.);
#3244=ORIENTED_EDGE('',*,*,#6332,.T.);
#3245=ORIENTED_EDGE('',*,*,#6123,.T.);
#3246=ORIENTED_EDGE('',*,*,#6333,.T.);
#3247=ORIENTED_EDGE('',*,*,#6334,.T.);
#3248=ORIENTED_EDGE('',*,*,#6335,.T.);
#3249=ORIENTED_EDGE('',*,*,#6153,.T.);
#3250=ORIENTED_EDGE('',*,*,#6336,.T.);
#3251=ORIENTED_EDGE('',*,*,#6337,.T.);
#3252=ORIENTED_EDGE('',*,*,#6338,.T.);
#3253=ORIENTED_EDGE('',*,*,#6157,.T.);
#3254=ORIENTED_EDGE('',*,*,#6084,.T.);
#3255=ORIENTED_EDGE('',*,*,#6339,.T.);
#3256=ORIENTED_EDGE('',*,*,#6203,.T.);
#3257=ORIENTED_EDGE('',*,*,#6340,.T.);
#3258=ORIENTED_EDGE('',*,*,#6341,.T.);
#3259=ORIENTED_EDGE('',*,*,#6185,.T.);
#3260=ORIENTED_EDGE('',*,*,#6342,.T.);
#3261=ORIENTED_EDGE('',*,*,#6088,.T.);
#3262=ORIENTED_EDGE('',*,*,#6343,.T.);
#3263=ORIENTED_EDGE('',*,*,#6344,.T.);
#3264=ORIENTED_EDGE('',*,*,#6131,.F.);
#3265=ORIENTED_EDGE('',*,*,#6345,.T.);
#3266=ORIENTED_EDGE('',*,*,#6086,.T.);
#3267=ORIENTED_EDGE('',*,*,#6346,.T.);
#3268=ORIENTED_EDGE('',*,*,#6347,.F.);
#3269=ORIENTED_EDGE('',*,*,#6231,.F.);
#3270=ORIENTED_EDGE('',*,*,#6172,.F.);
#3271=ORIENTED_EDGE('',*,*,#6027,.F.);
#3272=ORIENTED_EDGE('',*,*,#6238,.F.);
#3273=ORIENTED_EDGE('',*,*,#6018,.F.);
#3274=ORIENTED_EDGE('',*,*,#6162,.F.);
#3275=ORIENTED_EDGE('',*,*,#6347,.T.);
#3276=ORIENTED_EDGE('',*,*,#6160,.F.);
#3277=ORIENTED_EDGE('',*,*,#6348,.F.);
#3278=ORIENTED_EDGE('',*,*,#6232,.F.);
#3279=ORIENTED_EDGE('',*,*,#6174,.T.);
#3280=ORIENTED_EDGE('',*,*,#6237,.F.);
#3281=ORIENTED_EDGE('',*,*,#6349,.F.);
#3282=ORIENTED_EDGE('',*,*,#6233,.F.);
#3283=ORIENTED_EDGE('',*,*,#6348,.T.);
#3284=ORIENTED_EDGE('',*,*,#6168,.F.);
#3285=ORIENTED_EDGE('',*,*,#6349,.T.);
#3286=ORIENTED_EDGE('',*,*,#6236,.F.);
#3287=ORIENTED_EDGE('',*,*,#6350,.F.);
#3288=ORIENTED_EDGE('',*,*,#6164,.F.);
#3289=ORIENTED_EDGE('',*,*,#6048,.F.);
#3290=ORIENTED_EDGE('',*,*,#6166,.F.);
#3291=ORIENTED_EDGE('',*,*,#6037,.F.);
#3292=ORIENTED_EDGE('',*,*,#6234,.F.);
#3293=ORIENTED_EDGE('',*,*,#6235,.F.);
#3294=ORIENTED_EDGE('',*,*,#6170,.T.);
#3295=ORIENTED_EDGE('',*,*,#6350,.T.);
#3296=ORIENTED_EDGE('',*,*,#6324,.F.);
#3297=ORIENTED_EDGE('',*,*,#6351,.T.);
#3298=ORIENTED_EDGE('',*,*,#6227,.F.);
#3299=ORIENTED_EDGE('',*,*,#6128,.F.);
#3300=ORIENTED_EDGE('',*,*,#6329,.F.);
#3301=ORIENTED_EDGE('',*,*,#6352,.T.);
#3302=ORIENTED_EDGE('',*,*,#6322,.F.);
#3303=ORIENTED_EDGE('',*,*,#6126,.F.);
#3304=ORIENTED_EDGE('',*,*,#6275,.F.);
#3305=ORIENTED_EDGE('',*,*,#6353,.T.);
#3306=ORIENTED_EDGE('',*,*,#6277,.F.);
#3307=ORIENTED_EDGE('',*,*,#6136,.F.);
#3308=ORIENTED_EDGE('',*,*,#6272,.F.);
#3309=ORIENTED_EDGE('',*,*,#6354,.T.);
#3310=ORIENTED_EDGE('',*,*,#6273,.F.);
#3311=ORIENTED_EDGE('',*,*,#6134,.F.);
#3312=ORIENTED_EDGE('',*,*,#6283,.F.);
#3313=ORIENTED_EDGE('',*,*,#6355,.T.);
#3314=ORIENTED_EDGE('',*,*,#6264,.F.);
#3315=ORIENTED_EDGE('',*,*,#6140,.F.);
#3316=ORIENTED_EDGE('',*,*,#6276,.F.);
#3317=ORIENTED_EDGE('',*,*,#6356,.T.);
#3318=ORIENTED_EDGE('',*,*,#6281,.F.);
#3319=ORIENTED_EDGE('',*,*,#6138,.F.);
#3320=ORIENTED_EDGE('',*,*,#6321,.F.);
#3321=ORIENTED_EDGE('',*,*,#6357,.T.);
#3322=ORIENTED_EDGE('',*,*,#6330,.F.);
#3323=ORIENTED_EDGE('',*,*,#6122,.F.);
#3324=ORIENTED_EDGE('',*,*,#6332,.F.);
#3325=ORIENTED_EDGE('',*,*,#6358,.T.);
#3326=ORIENTED_EDGE('',*,*,#6325,.F.);
#3327=ORIENTED_EDGE('',*,*,#6124,.F.);
#3328=ORIENTED_EDGE('',*,*,#6344,.F.);
#3329=ORIENTED_EDGE('',*,*,#6359,.T.);
#3330=ORIENTED_EDGE('',*,*,#6228,.F.);
#3331=ORIENTED_EDGE('',*,*,#6360,.F.);
#3332=ORIENTED_EDGE('',*,*,#6186,.F.);
#3333=ORIENTED_EDGE('',*,*,#6360,.T.);
#3334=ORIENTED_EDGE('',*,*,#6351,.F.);
#3335=ORIENTED_EDGE('',*,*,#6361,.F.);
#3336=ORIENTED_EDGE('',*,*,#6187,.F.);
#3337=ORIENTED_EDGE('',*,*,#6361,.T.);
#3338=ORIENTED_EDGE('',*,*,#6323,.F.);
#3339=ORIENTED_EDGE('',*,*,#6362,.F.);
#3340=ORIENTED_EDGE('',*,*,#6188,.F.);
#3341=ORIENTED_EDGE('',*,*,#6362,.T.);
#3342=ORIENTED_EDGE('',*,*,#6352,.F.);
#3343=ORIENTED_EDGE('',*,*,#6191,.F.);
#3344=ORIENTED_EDGE('',*,*,#6189,.F.);
#3345=ORIENTED_EDGE('',*,*,#6363,.F.);
#3346=ORIENTED_EDGE('',*,*,#6326,.F.);
#3347=ORIENTED_EDGE('',*,*,#6364,.F.);
#3348=ORIENTED_EDGE('',*,*,#6177,.F.);
#3349=ORIENTED_EDGE('',*,*,#6364,.T.);
#3350=ORIENTED_EDGE('',*,*,#6358,.F.);
#3351=ORIENTED_EDGE('',*,*,#6365,.F.);
#3352=ORIENTED_EDGE('',*,*,#6178,.F.);
#3353=ORIENTED_EDGE('',*,*,#6365,.T.);
#3354=ORIENTED_EDGE('',*,*,#6331,.F.);
#3355=ORIENTED_EDGE('',*,*,#6366,.F.);
#3356=ORIENTED_EDGE('',*,*,#6179,.F.);
#3357=ORIENTED_EDGE('',*,*,#6366,.T.);
#3358=ORIENTED_EDGE('',*,*,#6357,.F.);
#3359=ORIENTED_EDGE('',*,*,#6194,.F.);
#3360=ORIENTED_EDGE('',*,*,#6180,.F.);
#3361=ORIENTED_EDGE('',*,*,#6367,.F.);
#3362=ORIENTED_EDGE('',*,*,#6318,.F.);
#3363=ORIENTED_EDGE('',*,*,#6368,.T.);
#3364=ORIENTED_EDGE('',*,*,#6183,.F.);
#3365=ORIENTED_EDGE('',*,*,#6340,.F.);
#3366=ORIENTED_EDGE('',*,*,#6202,.F.);
#3367=ORIENTED_EDGE('',*,*,#6369,.F.);
#3368=ORIENTED_EDGE('',*,*,#6271,.F.);
#3369=ORIENTED_EDGE('',*,*,#6370,.T.);
#3370=ORIENTED_EDGE('',*,*,#6369,.T.);
#3371=ORIENTED_EDGE('',*,*,#6201,.F.);
#3372=ORIENTED_EDGE('',*,*,#6371,.F.);
#3373=ORIENTED_EDGE('',*,*,#6354,.F.);
#3374=ORIENTED_EDGE('',*,*,#6371,.T.);
#3375=ORIENTED_EDGE('',*,*,#6200,.F.);
#3376=ORIENTED_EDGE('',*,*,#6372,.F.);
#3377=ORIENTED_EDGE('',*,*,#6274,.F.);
#3378=ORIENTED_EDGE('',*,*,#6372,.T.);
#3379=ORIENTED_EDGE('',*,*,#6199,.F.);
#3380=ORIENTED_EDGE('',*,*,#6373,.F.);
#3381=ORIENTED_EDGE('',*,*,#6353,.F.);
#3382=ORIENTED_EDGE('',*,*,#6374,.F.);
#3383=ORIENTED_EDGE('',*,*,#6278,.F.);
#3384=ORIENTED_EDGE('',*,*,#6373,.T.);
#3385=ORIENTED_EDGE('',*,*,#6198,.F.);
#3386=ORIENTED_EDGE('',*,*,#6212,.T.);
#3387=ORIENTED_EDGE('',*,*,#6210,.F.);
#3388=ORIENTED_EDGE('',*,*,#6375,.F.);
#3389=ORIENTED_EDGE('',*,*,#6356,.F.);
#3390=ORIENTED_EDGE('',*,*,#6375,.T.);
#3391=ORIENTED_EDGE('',*,*,#6209,.F.);
#3392=ORIENTED_EDGE('',*,*,#6376,.F.);
#3393=ORIENTED_EDGE('',*,*,#6282,.F.);
#3394=ORIENTED_EDGE('',*,*,#6376,.T.);
#3395=ORIENTED_EDGE('',*,*,#6208,.F.);
#3396=ORIENTED_EDGE('',*,*,#6377,.F.);
#3397=ORIENTED_EDGE('',*,*,#6355,.F.);
#3398=ORIENTED_EDGE('',*,*,#6378,.F.);
#3399=ORIENTED_EDGE('',*,*,#6265,.F.);
#3400=ORIENTED_EDGE('',*,*,#6377,.T.);
#3401=ORIENTED_EDGE('',*,*,#6207,.F.);
#3402=ORIENTED_EDGE('',*,*,#6335,.F.);
#3403=ORIENTED_EDGE('',*,*,#6379,.T.);
#3404=ORIENTED_EDGE('',*,*,#6219,.F.);
#3405=ORIENTED_EDGE('',*,*,#6154,.F.);
#3406=ORIENTED_EDGE('',*,*,#6307,.F.);
#3407=ORIENTED_EDGE('',*,*,#6380,.T.);
#3408=ORIENTED_EDGE('',*,*,#6221,.F.);
#3409=ORIENTED_EDGE('',*,*,#6381,.T.);
#3410=ORIENTED_EDGE('',*,*,#6218,.F.);
#3411=ORIENTED_EDGE('',*,*,#6382,.T.);
#3412=ORIENTED_EDGE('',*,*,#6336,.F.);
#3413=ORIENTED_EDGE('',*,*,#6156,.F.);
#3414=ORIENTED_EDGE('',*,*,#6225,.F.);
#3415=ORIENTED_EDGE('',*,*,#6383,.T.);
#3416=ORIENTED_EDGE('',*,*,#6287,.F.);
#3417=ORIENTED_EDGE('',*,*,#6148,.F.);
#3418=ORIENTED_EDGE('',*,*,#6223,.F.);
#3419=ORIENTED_EDGE('',*,*,#6384,.T.);
#3420=ORIENTED_EDGE('',*,*,#6313,.F.);
#3421=ORIENTED_EDGE('',*,*,#6385,.T.);
#3422=ORIENTED_EDGE('',*,*,#6292,.F.);
#3423=ORIENTED_EDGE('',*,*,#6386,.T.);
#3424=ORIENTED_EDGE('',*,*,#6226,.F.);
#3425=ORIENTED_EDGE('',*,*,#6146,.F.);
#3426=ORIENTED_EDGE('',*,*,#6087,.F.);
#3427=ORIENTED_EDGE('',*,*,#6345,.F.);
#3428=ORIENTED_EDGE('',*,*,#6130,.F.);
#3429=ORIENTED_EDGE('',*,*,#6229,.F.);
#3430=ORIENTED_EDGE('',*,*,#6359,.F.);
#3431=ORIENTED_EDGE('',*,*,#6343,.F.);
#3432=ORIENTED_EDGE('',*,*,#6085,.F.);
#3433=ORIENTED_EDGE('',*,*,#6341,.F.);
#3434=ORIENTED_EDGE('',*,*,#6370,.F.);
#3435=ORIENTED_EDGE('',*,*,#6270,.F.);
#3436=ORIENTED_EDGE('',*,*,#6132,.F.);
#3437=ORIENTED_EDGE('',*,*,#6346,.F.);
#3438=ORIENTED_EDGE('',*,*,#6083,.F.);
#3439=ORIENTED_EDGE('',*,*,#6268,.F.);
#3440=ORIENTED_EDGE('',*,*,#6142,.F.);
#3441=ORIENTED_EDGE('',*,*,#6263,.F.);
#3442=ORIENTED_EDGE('',*,*,#6215,.F.);
#3443=ORIENTED_EDGE('',*,*,#6204,.F.);
#3444=ORIENTED_EDGE('',*,*,#6339,.F.);
#3445=ORIENTED_EDGE('',*,*,#6089,.F.);
#3446=ORIENTED_EDGE('',*,*,#6342,.F.);
#3447=ORIENTED_EDGE('',*,*,#6184,.F.);
#3448=ORIENTED_EDGE('',*,*,#6368,.F.);
#3449=ORIENTED_EDGE('',*,*,#6317,.F.);
#3450=ORIENTED_EDGE('',*,*,#6120,.F.);
#3451=ORIENTED_EDGE('',*,*,#6269,.F.);
#3452=ORIENTED_EDGE('',*,*,#6387,.F.);
#3453=ORIENTED_EDGE('',*,*,#6388,.T.);
#3454=ORIENTED_EDGE('',*,*,#6387,.T.);
#3455=ORIENTED_EDGE('',*,*,#6230,.F.);
#3456=ORIENTED_EDGE('',*,*,#6316,.F.);
#3457=ORIENTED_EDGE('',*,*,#6388,.F.);
#3458=ORIENTED_EDGE('',*,*,#6286,.F.);
#3459=ORIENTED_EDGE('',*,*,#6389,.T.);
#3460=ORIENTED_EDGE('',*,*,#6333,.F.);
#3461=ORIENTED_EDGE('',*,*,#6152,.F.);
#3462=ORIENTED_EDGE('',*,*,#6289,.F.);
#3463=ORIENTED_EDGE('',*,*,#6390,.T.);
#3464=ORIENTED_EDGE('',*,*,#6284,.F.);
#3465=ORIENTED_EDGE('',*,*,#6150,.F.);
#3466=ORIENTED_EDGE('',*,*,#6338,.F.);
#3467=ORIENTED_EDGE('',*,*,#6391,.T.);
#3468=ORIENTED_EDGE('',*,*,#6293,.F.);
#3469=ORIENTED_EDGE('',*,*,#6158,.F.);
#3470=ORIENTED_EDGE('',*,*,#6295,.F.);
#3471=ORIENTED_EDGE('',*,*,#6392,.T.);
#3472=ORIENTED_EDGE('',*,*,#6290,.F.);
#3473=ORIENTED_EDGE('',*,*,#6144,.F.);
#3474=ORIENTED_EDGE('',*,*,#6220,.T.);
#3475=ORIENTED_EDGE('',*,*,#6379,.F.);
#3476=ORIENTED_EDGE('',*,*,#6393,.F.);
#3477=ORIENTED_EDGE('',*,*,#6381,.F.);
#3478=ORIENTED_EDGE('',*,*,#6393,.T.);
#3479=ORIENTED_EDGE('',*,*,#6334,.F.);
#3480=ORIENTED_EDGE('',*,*,#6394,.F.);
#3481=ORIENTED_EDGE('',*,*,#6308,.F.);
#3482=ORIENTED_EDGE('',*,*,#6394,.T.);
#3483=ORIENTED_EDGE('',*,*,#6389,.F.);
#3484=ORIENTED_EDGE('',*,*,#6395,.F.);
#3485=ORIENTED_EDGE('',*,*,#6309,.F.);
#3486=ORIENTED_EDGE('',*,*,#6395,.T.);
#3487=ORIENTED_EDGE('',*,*,#6285,.F.);
#3488=ORIENTED_EDGE('',*,*,#6396,.F.);
#3489=ORIENTED_EDGE('',*,*,#6310,.F.);
#3490=ORIENTED_EDGE('',*,*,#6396,.T.);
#3491=ORIENTED_EDGE('',*,*,#6390,.F.);
#3492=ORIENTED_EDGE('',*,*,#6397,.F.);
#3493=ORIENTED_EDGE('',*,*,#6311,.F.);
#3494=ORIENTED_EDGE('',*,*,#6397,.T.);
#3495=ORIENTED_EDGE('',*,*,#6288,.F.);
#3496=ORIENTED_EDGE('',*,*,#6398,.F.);
#3497=ORIENTED_EDGE('',*,*,#6312,.F.);
#3498=ORIENTED_EDGE('',*,*,#6383,.F.);
#3499=ORIENTED_EDGE('',*,*,#6224,.T.);
#3500=ORIENTED_EDGE('',*,*,#6385,.F.);
#3501=ORIENTED_EDGE('',*,*,#6398,.T.);
#3502=ORIENTED_EDGE('',*,*,#6217,.T.);
#3503=ORIENTED_EDGE('',*,*,#6380,.F.);
#3504=ORIENTED_EDGE('',*,*,#6399,.F.);
#3505=ORIENTED_EDGE('',*,*,#6382,.F.);
#3506=ORIENTED_EDGE('',*,*,#6399,.T.);
#3507=ORIENTED_EDGE('',*,*,#6306,.F.);
#3508=ORIENTED_EDGE('',*,*,#6400,.F.);
#3509=ORIENTED_EDGE('',*,*,#6337,.F.);
#3510=ORIENTED_EDGE('',*,*,#6400,.T.);
#3511=ORIENTED_EDGE('',*,*,#6305,.F.);
#3512=ORIENTED_EDGE('',*,*,#6401,.F.);
#3513=ORIENTED_EDGE('',*,*,#6391,.F.);
#3514=ORIENTED_EDGE('',*,*,#6401,.T.);
#3515=ORIENTED_EDGE('',*,*,#6304,.F.);
#3516=ORIENTED_EDGE('',*,*,#6402,.F.);
#3517=ORIENTED_EDGE('',*,*,#6296,.F.);
#3518=ORIENTED_EDGE('',*,*,#6403,.F.);
#3519=ORIENTED_EDGE('',*,*,#6294,.F.);
#3520=ORIENTED_EDGE('',*,*,#6403,.T.);
#3521=ORIENTED_EDGE('',*,*,#6315,.F.);
#3522=ORIENTED_EDGE('',*,*,#6404,.F.);
#3523=ORIENTED_EDGE('',*,*,#6392,.F.);
#3524=ORIENTED_EDGE('',*,*,#6404,.T.);
#3525=ORIENTED_EDGE('',*,*,#6314,.F.);
#3526=ORIENTED_EDGE('',*,*,#6405,.F.);
#3527=ORIENTED_EDGE('',*,*,#6291,.F.);
#3528=ORIENTED_EDGE('',*,*,#6384,.F.);
#3529=ORIENTED_EDGE('',*,*,#6222,.T.);
#3530=ORIENTED_EDGE('',*,*,#6386,.F.);
#3531=ORIENTED_EDGE('',*,*,#6405,.T.);
#3532=ORIENTED_EDGE('',*,*,#6197,.F.);
#3533=ORIENTED_EDGE('',*,*,#6406,.T.);
#3534=ORIENTED_EDGE('',*,*,#6105,.F.);
#3535=ORIENTED_EDGE('',*,*,#6407,.T.);
#3536=ORIENTED_EDGE('',*,*,#6206,.F.);
#3537=ORIENTED_EDGE('',*,*,#6408,.T.);
#3538=ORIENTED_EDGE('',*,*,#6109,.F.);
#3539=ORIENTED_EDGE('',*,*,#6409,.T.);
#3540=ORIENTED_EDGE('',*,*,#6408,.F.);
#3541=ORIENTED_EDGE('',*,*,#6211,.T.);
#3542=ORIENTED_EDGE('',*,*,#6280,.F.);
#3543=ORIENTED_EDGE('',*,*,#6110,.F.);
#3544=ORIENTED_EDGE('',*,*,#6279,.F.);
#3545=ORIENTED_EDGE('',*,*,#6374,.T.);
#3546=ORIENTED_EDGE('',*,*,#6407,.F.);
#3547=ORIENTED_EDGE('',*,*,#6112,.F.);
#3548=ORIENTED_EDGE('',*,*,#6406,.F.);
#3549=ORIENTED_EDGE('',*,*,#6214,.T.);
#3550=ORIENTED_EDGE('',*,*,#6267,.F.);
#3551=ORIENTED_EDGE('',*,*,#6106,.F.);
#3552=ORIENTED_EDGE('',*,*,#6266,.F.);
#3553=ORIENTED_EDGE('',*,*,#6378,.T.);
#3554=ORIENTED_EDGE('',*,*,#6409,.F.);
#3555=ORIENTED_EDGE('',*,*,#6108,.F.);
#3556=ORIENTED_EDGE('',*,*,#6176,.F.);
#3557=ORIENTED_EDGE('',*,*,#6410,.T.);
#3558=ORIENTED_EDGE('',*,*,#6094,.F.);
#3559=ORIENTED_EDGE('',*,*,#6411,.T.);
#3560=ORIENTED_EDGE('',*,*,#6182,.F.);
#3561=ORIENTED_EDGE('',*,*,#6412,.T.);
#3562=ORIENTED_EDGE('',*,*,#6090,.F.);
#3563=ORIENTED_EDGE('',*,*,#6413,.T.);
#3564=ORIENTED_EDGE('',*,*,#6412,.F.);
#3565=ORIENTED_EDGE('',*,*,#6190,.T.);
#3566=ORIENTED_EDGE('',*,*,#6328,.F.);
#3567=ORIENTED_EDGE('',*,*,#6091,.F.);
#3568=ORIENTED_EDGE('',*,*,#6327,.F.);
#3569=ORIENTED_EDGE('',*,*,#6363,.T.);
#3570=ORIENTED_EDGE('',*,*,#6411,.F.);
#3571=ORIENTED_EDGE('',*,*,#6093,.F.);
#3572=ORIENTED_EDGE('',*,*,#6410,.F.);
#3573=ORIENTED_EDGE('',*,*,#6193,.T.);
#3574=ORIENTED_EDGE('',*,*,#6320,.F.);
#3575=ORIENTED_EDGE('',*,*,#6095,.F.);
#3576=ORIENTED_EDGE('',*,*,#6319,.F.);
#3577=ORIENTED_EDGE('',*,*,#6367,.T.);
#3578=ORIENTED_EDGE('',*,*,#6413,.F.);
#3579=ORIENTED_EDGE('',*,*,#6097,.F.);
#3580=ORIENTED_EDGE('',*,*,#6402,.T.);
#3581=ORIENTED_EDGE('',*,*,#6414,.T.);
#3582=ORIENTED_EDGE('',*,*,#6415,.F.);
#3583=ORIENTED_EDGE('',*,*,#6416,.T.);
#3584=ORIENTED_EDGE('',*,*,#6415,.T.);
#3585=ORIENTED_EDGE('',*,*,#6417,.T.);
#3586=ORIENTED_EDGE('',*,*,#6049,.F.);
#3587=ORIENTED_EDGE('',*,*,#6418,.T.);
#3588=ORIENTED_EDGE('',*,*,#6051,.F.);
#3589=ORIENTED_EDGE('',*,*,#6419,.T.);
#3590=ORIENTED_EDGE('',*,*,#6302,.T.);
#3591=ORIENTED_EDGE('',*,*,#6420,.T.);
#3592=ORIENTED_EDGE('',*,*,#6053,.F.);
#3593=ORIENTED_EDGE('',*,*,#6421,.T.);
#3594=ORIENTED_EDGE('',*,*,#6300,.T.);
#3595=ORIENTED_EDGE('',*,*,#6422,.T.);
#3596=ORIENTED_EDGE('',*,*,#6055,.F.);
#3597=ORIENTED_EDGE('',*,*,#6423,.T.);
#3598=ORIENTED_EDGE('',*,*,#6298,.T.);
#3599=ORIENTED_EDGE('',*,*,#6424,.T.);
#3600=ORIENTED_EDGE('',*,*,#6054,.F.);
#3601=ORIENTED_EDGE('',*,*,#6422,.F.);
#3602=ORIENTED_EDGE('',*,*,#6299,.F.);
#3603=ORIENTED_EDGE('',*,*,#6423,.F.);
#3604=ORIENTED_EDGE('',*,*,#6056,.F.);
#3605=ORIENTED_EDGE('',*,*,#6424,.F.);
#3606=ORIENTED_EDGE('',*,*,#6297,.F.);
#3607=ORIENTED_EDGE('',*,*,#6416,.F.);
#3608=ORIENTED_EDGE('',*,*,#6418,.F.);
#3609=ORIENTED_EDGE('',*,*,#6050,.F.);
#3610=ORIENTED_EDGE('',*,*,#6417,.F.);
#3611=ORIENTED_EDGE('',*,*,#6414,.F.);
#3612=ORIENTED_EDGE('',*,*,#6303,.F.);
#3613=ORIENTED_EDGE('',*,*,#6419,.F.);
#3614=ORIENTED_EDGE('',*,*,#6052,.F.);
#3615=ORIENTED_EDGE('',*,*,#6420,.F.);
#3616=ORIENTED_EDGE('',*,*,#6301,.F.);
#3617=ORIENTED_EDGE('',*,*,#6421,.F.);
#3618=ORIENTED_EDGE('',*,*,#6114,.F.);
#3619=ORIENTED_EDGE('',*,*,#6425,.F.);
#3620=ORIENTED_EDGE('',*,*,#6426,.T.);
#3621=ORIENTED_EDGE('',*,*,#6427,.T.);
#3622=ORIENTED_EDGE('',*,*,#6115,.F.);
#3623=ORIENTED_EDGE('',*,*,#6427,.F.);
#3624=ORIENTED_EDGE('',*,*,#6428,.T.);
#3625=ORIENTED_EDGE('',*,*,#6429,.T.);
#3626=ORIENTED_EDGE('',*,*,#6116,.F.);
#3627=ORIENTED_EDGE('',*,*,#6429,.F.);
#3628=ORIENTED_EDGE('',*,*,#6430,.T.);
#3629=ORIENTED_EDGE('',*,*,#6431,.T.);
#3630=ORIENTED_EDGE('',*,*,#6117,.F.);
#3631=ORIENTED_EDGE('',*,*,#6431,.F.);
#3632=ORIENTED_EDGE('',*,*,#6432,.T.);
#3633=ORIENTED_EDGE('',*,*,#6433,.T.);
#3634=ORIENTED_EDGE('',*,*,#6118,.F.);
#3635=ORIENTED_EDGE('',*,*,#6433,.F.);
#3636=ORIENTED_EDGE('',*,*,#6434,.T.);
#3637=ORIENTED_EDGE('',*,*,#6435,.T.);
#3638=ORIENTED_EDGE('',*,*,#6113,.F.);
#3639=ORIENTED_EDGE('',*,*,#6435,.F.);
#3640=ORIENTED_EDGE('',*,*,#6436,.T.);
#3641=ORIENTED_EDGE('',*,*,#6425,.T.);
#3642=ORIENTED_EDGE('',*,*,#6426,.F.);
#3643=ORIENTED_EDGE('',*,*,#6436,.F.);
#3644=ORIENTED_EDGE('',*,*,#6434,.F.);
#3645=ORIENTED_EDGE('',*,*,#6432,.F.);
#3646=ORIENTED_EDGE('',*,*,#6430,.F.);
#3647=ORIENTED_EDGE('',*,*,#6428,.F.);
#3648=ORIENTED_EDGE('',*,*,#6099,.F.);
#3649=ORIENTED_EDGE('',*,*,#6437,.F.);
#3650=ORIENTED_EDGE('',*,*,#6438,.T.);
#3651=ORIENTED_EDGE('',*,*,#6439,.T.);
#3652=ORIENTED_EDGE('',*,*,#6100,.F.);
#3653=ORIENTED_EDGE('',*,*,#6439,.F.);
#3654=ORIENTED_EDGE('',*,*,#6440,.T.);
#3655=ORIENTED_EDGE('',*,*,#6441,.T.);
#3656=ORIENTED_EDGE('',*,*,#6101,.F.);
#3657=ORIENTED_EDGE('',*,*,#6441,.F.);
#3658=ORIENTED_EDGE('',*,*,#6442,.T.);
#3659=ORIENTED_EDGE('',*,*,#6443,.T.);
#3660=ORIENTED_EDGE('',*,*,#6102,.F.);
#3661=ORIENTED_EDGE('',*,*,#6443,.F.);
#3662=ORIENTED_EDGE('',*,*,#6444,.T.);
#3663=ORIENTED_EDGE('',*,*,#6445,.T.);
#3664=ORIENTED_EDGE('',*,*,#6103,.F.);
#3665=ORIENTED_EDGE('',*,*,#6445,.F.);
#3666=ORIENTED_EDGE('',*,*,#6446,.T.);
#3667=ORIENTED_EDGE('',*,*,#6447,.T.);
#3668=ORIENTED_EDGE('',*,*,#6104,.F.);
#3669=ORIENTED_EDGE('',*,*,#6447,.F.);
#3670=ORIENTED_EDGE('',*,*,#6448,.T.);
#3671=ORIENTED_EDGE('',*,*,#6449,.T.);
#3672=ORIENTED_EDGE('',*,*,#6098,.F.);
#3673=ORIENTED_EDGE('',*,*,#6449,.F.);
#3674=ORIENTED_EDGE('',*,*,#6450,.T.);
#3675=ORIENTED_EDGE('',*,*,#6437,.T.);
#3676=ORIENTED_EDGE('',*,*,#6438,.F.);
#3677=ORIENTED_EDGE('',*,*,#6450,.F.);
#3678=ORIENTED_EDGE('',*,*,#6448,.F.);
#3679=ORIENTED_EDGE('',*,*,#6446,.F.);
#3680=ORIENTED_EDGE('',*,*,#6444,.F.);
#3681=ORIENTED_EDGE('',*,*,#6442,.F.);
#3682=ORIENTED_EDGE('',*,*,#6440,.F.);
#3683=ORIENTED_EDGE('',*,*,#6451,.F.);
#3684=ORIENTED_EDGE('',*,*,#6452,.F.);
#3685=ORIENTED_EDGE('',*,*,#6453,.T.);
#3686=ORIENTED_EDGE('',*,*,#6454,.T.);
#3687=ORIENTED_EDGE('',*,*,#6455,.F.);
#3688=ORIENTED_EDGE('',*,*,#6454,.F.);
#3689=ORIENTED_EDGE('',*,*,#6456,.T.);
#3690=ORIENTED_EDGE('',*,*,#6457,.T.);
#3691=ORIENTED_EDGE('',*,*,#6074,.F.);
#3692=ORIENTED_EDGE('',*,*,#6458,.F.);
#3693=ORIENTED_EDGE('',*,*,#6459,.T.);
#3694=ORIENTED_EDGE('',*,*,#6460,.T.);
#3695=ORIENTED_EDGE('',*,*,#6075,.F.);
#3696=ORIENTED_EDGE('',*,*,#6460,.F.);
#3697=ORIENTED_EDGE('',*,*,#6461,.T.);
#3698=ORIENTED_EDGE('',*,*,#6462,.T.);
#3699=ORIENTED_EDGE('',*,*,#6076,.F.);
#3700=ORIENTED_EDGE('',*,*,#6462,.F.);
#3701=ORIENTED_EDGE('',*,*,#6463,.T.);
#3702=ORIENTED_EDGE('',*,*,#6464,.T.);
#3703=ORIENTED_EDGE('',*,*,#6077,.F.);
#3704=ORIENTED_EDGE('',*,*,#6464,.F.);
#3705=ORIENTED_EDGE('',*,*,#6465,.T.);
#3706=ORIENTED_EDGE('',*,*,#6466,.T.);
#3707=ORIENTED_EDGE('',*,*,#6078,.F.);
#3708=ORIENTED_EDGE('',*,*,#6466,.F.);
#3709=ORIENTED_EDGE('',*,*,#6467,.T.);
#3710=ORIENTED_EDGE('',*,*,#6468,.T.);
#3711=ORIENTED_EDGE('',*,*,#6079,.F.);
#3712=ORIENTED_EDGE('',*,*,#6468,.F.);
#3713=ORIENTED_EDGE('',*,*,#6469,.T.);
#3714=ORIENTED_EDGE('',*,*,#6470,.T.);
#3715=ORIENTED_EDGE('',*,*,#6080,.F.);
#3716=ORIENTED_EDGE('',*,*,#6470,.F.);
#3717=ORIENTED_EDGE('',*,*,#6471,.T.);
#3718=ORIENTED_EDGE('',*,*,#6472,.T.);
#3719=ORIENTED_EDGE('',*,*,#6081,.F.);
#3720=ORIENTED_EDGE('',*,*,#6472,.F.);
#3721=ORIENTED_EDGE('',*,*,#6473,.T.);
#3722=ORIENTED_EDGE('',*,*,#6474,.T.);
#3723=ORIENTED_EDGE('',*,*,#6073,.F.);
#3724=ORIENTED_EDGE('',*,*,#6474,.F.);
#3725=ORIENTED_EDGE('',*,*,#6475,.T.);
#3726=ORIENTED_EDGE('',*,*,#6458,.T.);
#3727=ORIENTED_EDGE('',*,*,#6476,.F.);
#3728=ORIENTED_EDGE('',*,*,#6457,.F.);
#3729=ORIENTED_EDGE('',*,*,#6477,.T.);
#3730=ORIENTED_EDGE('',*,*,#6452,.T.);
#3731=ORIENTED_EDGE('',*,*,#6459,.F.);
#3732=ORIENTED_EDGE('',*,*,#6475,.F.);
#3733=ORIENTED_EDGE('',*,*,#6473,.F.);
#3734=ORIENTED_EDGE('',*,*,#6471,.F.);
#3735=ORIENTED_EDGE('',*,*,#6469,.F.);
#3736=ORIENTED_EDGE('',*,*,#6467,.F.);
#3737=ORIENTED_EDGE('',*,*,#6465,.F.);
#3738=ORIENTED_EDGE('',*,*,#6463,.F.);
#3739=ORIENTED_EDGE('',*,*,#6461,.F.);
#3740=ORIENTED_EDGE('',*,*,#6453,.F.);
#3741=ORIENTED_EDGE('',*,*,#6477,.F.);
#3742=ORIENTED_EDGE('',*,*,#6456,.F.);
#3743=ORIENTED_EDGE('',*,*,#6476,.T.);
#3744=ORIENTED_EDGE('',*,*,#6451,.T.);
#3745=ORIENTED_EDGE('',*,*,#6455,.T.);
#3746=ORIENTED_EDGE('',*,*,#6058,.F.);
#3747=ORIENTED_EDGE('',*,*,#6478,.F.);
#3748=ORIENTED_EDGE('',*,*,#6479,.T.);
#3749=ORIENTED_EDGE('',*,*,#6480,.T.);
#3750=ORIENTED_EDGE('',*,*,#6059,.F.);
#3751=ORIENTED_EDGE('',*,*,#6480,.F.);
#3752=ORIENTED_EDGE('',*,*,#6481,.T.);
#3753=ORIENTED_EDGE('',*,*,#6482,.T.);
#3754=ORIENTED_EDGE('',*,*,#6060,.F.);
#3755=ORIENTED_EDGE('',*,*,#6482,.F.);
#3756=ORIENTED_EDGE('',*,*,#6483,.T.);
#3757=ORIENTED_EDGE('',*,*,#6484,.T.);
#3758=ORIENTED_EDGE('',*,*,#6061,.F.);
#3759=ORIENTED_EDGE('',*,*,#6484,.F.);
#3760=ORIENTED_EDGE('',*,*,#6485,.T.);
#3761=ORIENTED_EDGE('',*,*,#6486,.T.);
#3762=ORIENTED_EDGE('',*,*,#6062,.F.);
#3763=ORIENTED_EDGE('',*,*,#6486,.F.);
#3764=ORIENTED_EDGE('',*,*,#6487,.T.);
#3765=ORIENTED_EDGE('',*,*,#6488,.T.);
#3766=ORIENTED_EDGE('',*,*,#6063,.F.);
#3767=ORIENTED_EDGE('',*,*,#6488,.F.);
#3768=ORIENTED_EDGE('',*,*,#6489,.T.);
#3769=ORIENTED_EDGE('',*,*,#6490,.T.);
#3770=ORIENTED_EDGE('',*,*,#6064,.F.);
#3771=ORIENTED_EDGE('',*,*,#6490,.F.);
#3772=ORIENTED_EDGE('',*,*,#6491,.T.);
#3773=ORIENTED_EDGE('',*,*,#6492,.T.);
#3774=ORIENTED_EDGE('',*,*,#6057,.F.);
#3775=ORIENTED_EDGE('',*,*,#6492,.F.);
#3776=ORIENTED_EDGE('',*,*,#6493,.T.);
#3777=ORIENTED_EDGE('',*,*,#6478,.T.);
#3778=ORIENTED_EDGE('',*,*,#6479,.F.);
#3779=ORIENTED_EDGE('',*,*,#6493,.F.);
#3780=ORIENTED_EDGE('',*,*,#6491,.F.);
#3781=ORIENTED_EDGE('',*,*,#6489,.F.);
#3782=ORIENTED_EDGE('',*,*,#6487,.F.);
#3783=ORIENTED_EDGE('',*,*,#6485,.F.);
#3784=ORIENTED_EDGE('',*,*,#6483,.F.);
#3785=ORIENTED_EDGE('',*,*,#6481,.F.);
#3786=ORIENTED_EDGE('',*,*,#6065,.T.);
#3787=ORIENTED_EDGE('',*,*,#6494,.F.);
#3788=ORIENTED_EDGE('',*,*,#6495,.F.);
#3789=ORIENTED_EDGE('',*,*,#6496,.T.);
#3790=ORIENTED_EDGE('',*,*,#6072,.T.);
#3791=ORIENTED_EDGE('',*,*,#6497,.F.);
#3792=ORIENTED_EDGE('',*,*,#6498,.F.);
#3793=ORIENTED_EDGE('',*,*,#6494,.T.);
#3794=ORIENTED_EDGE('',*,*,#6071,.T.);
#3795=ORIENTED_EDGE('',*,*,#6499,.F.);
#3796=ORIENTED_EDGE('',*,*,#6500,.F.);
#3797=ORIENTED_EDGE('',*,*,#6497,.T.);
#3798=ORIENTED_EDGE('',*,*,#6070,.T.);
#3799=ORIENTED_EDGE('',*,*,#6501,.F.);
#3800=ORIENTED_EDGE('',*,*,#6502,.F.);
#3801=ORIENTED_EDGE('',*,*,#6499,.T.);
#3802=ORIENTED_EDGE('',*,*,#6069,.T.);
#3803=ORIENTED_EDGE('',*,*,#6503,.F.);
#3804=ORIENTED_EDGE('',*,*,#6504,.F.);
#3805=ORIENTED_EDGE('',*,*,#6501,.T.);
#3806=ORIENTED_EDGE('',*,*,#6068,.T.);
#3807=ORIENTED_EDGE('',*,*,#6505,.F.);
#3808=ORIENTED_EDGE('',*,*,#6506,.F.);
#3809=ORIENTED_EDGE('',*,*,#6503,.T.);
#3810=ORIENTED_EDGE('',*,*,#6067,.T.);
#3811=ORIENTED_EDGE('',*,*,#6507,.F.);
#3812=ORIENTED_EDGE('',*,*,#6508,.F.);
#3813=ORIENTED_EDGE('',*,*,#6505,.T.);
#3814=ORIENTED_EDGE('',*,*,#6066,.T.);
#3815=ORIENTED_EDGE('',*,*,#6496,.F.);
#3816=ORIENTED_EDGE('',*,*,#6509,.F.);
#3817=ORIENTED_EDGE('',*,*,#6507,.T.);
#3818=ORIENTED_EDGE('',*,*,#6495,.T.);
#3819=ORIENTED_EDGE('',*,*,#6498,.T.);
#3820=ORIENTED_EDGE('',*,*,#6500,.T.);
#3821=ORIENTED_EDGE('',*,*,#6502,.T.);
#3822=ORIENTED_EDGE('',*,*,#6504,.T.);
#3823=ORIENTED_EDGE('',*,*,#6506,.T.);
#3824=ORIENTED_EDGE('',*,*,#6508,.T.);
#3825=ORIENTED_EDGE('',*,*,#6509,.T.);
#3826=ORIENTED_EDGE('',*,*,#6510,.T.);
#3827=ORIENTED_EDGE('',*,*,#6511,.F.);
#3828=ORIENTED_EDGE('',*,*,#6512,.F.);
#3829=ORIENTED_EDGE('',*,*,#6513,.F.);
#3830=ORIENTED_EDGE('',*,*,#6514,.F.);
#3831=ORIENTED_EDGE('',*,*,#6253,.T.);
#3832=ORIENTED_EDGE('',*,*,#6515,.T.);
#3833=ORIENTED_EDGE('',*,*,#6510,.F.);
#3834=ORIENTED_EDGE('',*,*,#6516,.F.);
#3835=ORIENTED_EDGE('',*,*,#6251,.T.);
#3836=ORIENTED_EDGE('',*,*,#6517,.T.);
#3837=ORIENTED_EDGE('',*,*,#6512,.T.);
#3838=ORIENTED_EDGE('',*,*,#6252,.F.);
#3839=ORIENTED_EDGE('',*,*,#6516,.T.);
#3840=ORIENTED_EDGE('',*,*,#6511,.T.);
#3841=ORIENTED_EDGE('',*,*,#6515,.F.);
#3842=ORIENTED_EDGE('',*,*,#6517,.F.);
#3843=ORIENTED_EDGE('',*,*,#6254,.T.);
#3844=ORIENTED_EDGE('',*,*,#6514,.T.);
#3845=ORIENTED_EDGE('',*,*,#6513,.T.);
#3846=ORIENTED_EDGE('',*,*,#6518,.T.);
#3847=ORIENTED_EDGE('',*,*,#6519,.F.);
#3848=ORIENTED_EDGE('',*,*,#6520,.F.);
#3849=ORIENTED_EDGE('',*,*,#6521,.F.);
#3850=ORIENTED_EDGE('',*,*,#6248,.F.);
#3851=ORIENTED_EDGE('',*,*,#6522,.F.);
#3852=ORIENTED_EDGE('',*,*,#6520,.T.);
#3853=ORIENTED_EDGE('',*,*,#6523,.T.);
#3854=ORIENTED_EDGE('',*,*,#6524,.F.);
#3855=ORIENTED_EDGE('',*,*,#6250,.T.);
#3856=ORIENTED_EDGE('',*,*,#6525,.T.);
#3857=ORIENTED_EDGE('',*,*,#6518,.F.);
#3858=ORIENTED_EDGE('',*,*,#6247,.F.);
#3859=ORIENTED_EDGE('',*,*,#6524,.T.);
#3860=ORIENTED_EDGE('',*,*,#6521,.T.);
#3861=ORIENTED_EDGE('',*,*,#6522,.T.);
#3862=ORIENTED_EDGE('',*,*,#6525,.F.);
#3863=ORIENTED_EDGE('',*,*,#6249,.T.);
#3864=ORIENTED_EDGE('',*,*,#6523,.F.);
#3865=ORIENTED_EDGE('',*,*,#6519,.T.);
#3866=ORIENTED_EDGE('',*,*,#6526,.T.);
#3867=ORIENTED_EDGE('',*,*,#6527,.T.);
#3868=ORIENTED_EDGE('',*,*,#6528,.T.);
#3869=ORIENTED_EDGE('',*,*,#6529,.T.);
#3870=ORIENTED_EDGE('',*,*,#6530,.F.);
#3871=ORIENTED_EDGE('',*,*,#6258,.T.);
#3872=ORIENTED_EDGE('',*,*,#6531,.T.);
#3873=ORIENTED_EDGE('',*,*,#6526,.F.);
#3874=ORIENTED_EDGE('',*,*,#6256,.F.);
#3875=ORIENTED_EDGE('',*,*,#6532,.F.);
#3876=ORIENTED_EDGE('',*,*,#6528,.F.);
#3877=ORIENTED_EDGE('',*,*,#6533,.T.);
#3878=ORIENTED_EDGE('',*,*,#6257,.F.);
#3879=ORIENTED_EDGE('',*,*,#6533,.F.);
#3880=ORIENTED_EDGE('',*,*,#6527,.F.);
#3881=ORIENTED_EDGE('',*,*,#6531,.F.);
#3882=ORIENTED_EDGE('',*,*,#6532,.T.);
#3883=ORIENTED_EDGE('',*,*,#6255,.T.);
#3884=ORIENTED_EDGE('',*,*,#6530,.T.);
#3885=ORIENTED_EDGE('',*,*,#6529,.F.);
#3886=ORIENTED_EDGE('',*,*,#6534,.T.);
#3887=ORIENTED_EDGE('',*,*,#6535,.T.);
#3888=ORIENTED_EDGE('',*,*,#6536,.T.);
#3889=ORIENTED_EDGE('',*,*,#6537,.T.);
#3890=ORIENTED_EDGE('',*,*,#6538,.T.);
#3891=ORIENTED_EDGE('',*,*,#6243,.T.);
#3892=ORIENTED_EDGE('',*,*,#6539,.T.);
#3893=ORIENTED_EDGE('',*,*,#6536,.F.);
#3894=ORIENTED_EDGE('',*,*,#6540,.F.);
#3895=ORIENTED_EDGE('',*,*,#6245,.T.);
#3896=ORIENTED_EDGE('',*,*,#6541,.T.);
#3897=ORIENTED_EDGE('',*,*,#6534,.F.);
#3898=ORIENTED_EDGE('',*,*,#6246,.F.);
#3899=ORIENTED_EDGE('',*,*,#6540,.T.);
#3900=ORIENTED_EDGE('',*,*,#6537,.F.);
#3901=ORIENTED_EDGE('',*,*,#6539,.F.);
#3902=ORIENTED_EDGE('',*,*,#6541,.F.);
#3903=ORIENTED_EDGE('',*,*,#6244,.T.);
#3904=ORIENTED_EDGE('',*,*,#6538,.F.);
#3905=ORIENTED_EDGE('',*,*,#6535,.F.);
#3906=ORIENTED_EDGE('',*,*,#6542,.F.);
#3907=ORIENTED_EDGE('',*,*,#6543,.F.);
#3908=ORIENTED_EDGE('',*,*,#6544,.F.);
#3909=ORIENTED_EDGE('',*,*,#6545,.F.);
#3910=ORIENTED_EDGE('',*,*,#6546,.T.);
#3911=ORIENTED_EDGE('',*,*,#6242,.T.);
#3912=ORIENTED_EDGE('',*,*,#6547,.T.);
#3913=ORIENTED_EDGE('',*,*,#6542,.T.);
#3914=ORIENTED_EDGE('',*,*,#6240,.F.);
#3915=ORIENTED_EDGE('',*,*,#6548,.T.);
#3916=ORIENTED_EDGE('',*,*,#6544,.T.);
#3917=ORIENTED_EDGE('',*,*,#6549,.F.);
#3918=ORIENTED_EDGE('',*,*,#6241,.F.);
#3919=ORIENTED_EDGE('',*,*,#6549,.T.);
#3920=ORIENTED_EDGE('',*,*,#6543,.T.);
#3921=ORIENTED_EDGE('',*,*,#6547,.F.);
#3922=ORIENTED_EDGE('',*,*,#6548,.F.);
#3923=ORIENTED_EDGE('',*,*,#6239,.T.);
#3924=ORIENTED_EDGE('',*,*,#6546,.F.);
#3925=ORIENTED_EDGE('',*,*,#6545,.T.);
#3926=ORIENTED_EDGE('',*,*,#6550,.T.);
#3927=ORIENTED_EDGE('',*,*,#6551,.T.);
#3928=ORIENTED_EDGE('',*,*,#6552,.T.);
#3929=ORIENTED_EDGE('',*,*,#6553,.T.);
#3930=ORIENTED_EDGE('',*,*,#6260,.F.);
#3931=ORIENTED_EDGE('',*,*,#6554,.T.);
#3932=ORIENTED_EDGE('',*,*,#6552,.F.);
#3933=ORIENTED_EDGE('',*,*,#6555,.F.);
#3934=ORIENTED_EDGE('',*,*,#6556,.F.);
#3935=ORIENTED_EDGE('',*,*,#6262,.T.);
#3936=ORIENTED_EDGE('',*,*,#6557,.T.);
#3937=ORIENTED_EDGE('',*,*,#6550,.F.);
#3938=ORIENTED_EDGE('',*,*,#6259,.F.);
#3939=ORIENTED_EDGE('',*,*,#6556,.T.);
#3940=ORIENTED_EDGE('',*,*,#6553,.F.);
#3941=ORIENTED_EDGE('',*,*,#6554,.F.);
#3942=ORIENTED_EDGE('',*,*,#6557,.F.);
#3943=ORIENTED_EDGE('',*,*,#6261,.T.);
#3944=ORIENTED_EDGE('',*,*,#6555,.T.);
#3945=ORIENTED_EDGE('',*,*,#6551,.F.);
#3946=ORIENTED_EDGE('',*,*,#6558,.F.);
#3947=ORIENTED_EDGE('',*,*,#6559,.T.);
#3948=ORIENTED_EDGE('',*,*,#6560,.T.);
#3949=ORIENTED_EDGE('',*,*,#6561,.F.);
#3950=ORIENTED_EDGE('',*,*,#6562,.F.);
#3951=ORIENTED_EDGE('',*,*,#6563,.F.);
#3952=ORIENTED_EDGE('',*,*,#6564,.F.);
#3953=ORIENTED_EDGE('',*,*,#6565,.F.);
#3954=ORIENTED_EDGE('',*,*,#6566,.F.);
#3955=ORIENTED_EDGE('',*,*,#6567,.F.);
#3956=ORIENTED_EDGE('',*,*,#6568,.T.);
#3957=ORIENTED_EDGE('',*,*,#6569,.T.);
#3958=ORIENTED_EDGE('',*,*,#6570,.T.);
#3959=ORIENTED_EDGE('',*,*,#6568,.F.);
#3960=ORIENTED_EDGE('',*,*,#6571,.F.);
#3961=ORIENTED_EDGE('',*,*,#6572,.F.);
#3962=ORIENTED_EDGE('',*,*,#6573,.T.);
#3963=ORIENTED_EDGE('',*,*,#6574,.F.);
#3964=ORIENTED_EDGE('',*,*,#6575,.F.);
#3965=ORIENTED_EDGE('',*,*,#6576,.T.);
#3966=ORIENTED_EDGE('',*,*,#6577,.T.);
#3967=ORIENTED_EDGE('',*,*,#6578,.T.);
#3968=ORIENTED_EDGE('',*,*,#6579,.T.);
#3969=ORIENTED_EDGE('',*,*,#6580,.T.);
#3970=ORIENTED_EDGE('',*,*,#6581,.T.);
#3971=ORIENTED_EDGE('',*,*,#6560,.F.);
#3972=ORIENTED_EDGE('',*,*,#6582,.T.);
#3973=ORIENTED_EDGE('',*,*,#6583,.F.);
#3974=ORIENTED_EDGE('',*,*,#6584,.T.);
#3975=ORIENTED_EDGE('',*,*,#6585,.F.);
#3976=ORIENTED_EDGE('',*,*,#6586,.T.);
#3977=ORIENTED_EDGE('',*,*,#6566,.T.);
#3978=ORIENTED_EDGE('',*,*,#6587,.T.);
#3979=ORIENTED_EDGE('',*,*,#6588,.T.);
#3980=ORIENTED_EDGE('',*,*,#6589,.T.);
#3981=ORIENTED_EDGE('',*,*,#6562,.T.);
#3982=ORIENTED_EDGE('',*,*,#6590,.F.);
#3983=ORIENTED_EDGE('',*,*,#6591,.F.);
#3984=ORIENTED_EDGE('',*,*,#6592,.T.);
#3985=ORIENTED_EDGE('',*,*,#6593,.F.);
#3986=ORIENTED_EDGE('',*,*,#6594,.F.);
#3987=ORIENTED_EDGE('',*,*,#6595,.T.);
#3988=ORIENTED_EDGE('',*,*,#6596,.T.);
#3989=ORIENTED_EDGE('',*,*,#6597,.T.);
#3990=ORIENTED_EDGE('',*,*,#6598,.T.);
#3991=ORIENTED_EDGE('',*,*,#6599,.T.);
#3992=ORIENTED_EDGE('',*,*,#6571,.T.);
#3993=ORIENTED_EDGE('',*,*,#6567,.T.);
#3994=ORIENTED_EDGE('',*,*,#6586,.F.);
#3995=ORIENTED_EDGE('',*,*,#6600,.F.);
#3996=ORIENTED_EDGE('',*,*,#6590,.T.);
#3997=ORIENTED_EDGE('',*,*,#6561,.T.);
#3998=ORIENTED_EDGE('',*,*,#6581,.F.);
#3999=ORIENTED_EDGE('',*,*,#6601,.T.);
#4000=ORIENTED_EDGE('',*,*,#6602,.T.);
#4001=ORIENTED_EDGE('',*,*,#6564,.T.);
#4002=ORIENTED_EDGE('',*,*,#6603,.T.);
#4003=ORIENTED_EDGE('',*,*,#6604,.T.);
#4004=ORIENTED_EDGE('',*,*,#6605,.T.);
#4005=ORIENTED_EDGE('',*,*,#6558,.T.);
#4006=ORIENTED_EDGE('',*,*,#6606,.T.);
#4007=ORIENTED_EDGE('',*,*,#6607,.T.);
#4008=ORIENTED_EDGE('',*,*,#6569,.F.);
#4009=ORIENTED_EDGE('',*,*,#6584,.F.);
#4010=ORIENTED_EDGE('',*,*,#6608,.F.);
#4011=ORIENTED_EDGE('',*,*,#6606,.F.);
#4012=ORIENTED_EDGE('',*,*,#6559,.F.);
#4013=ORIENTED_EDGE('',*,*,#6605,.F.);
#4014=ORIENTED_EDGE('',*,*,#6609,.F.);
#4015=ORIENTED_EDGE('',*,*,#6582,.F.);
#4016=ORIENTED_EDGE('',*,*,#6603,.F.);
#4017=ORIENTED_EDGE('',*,*,#6563,.T.);
#4018=ORIENTED_EDGE('',*,*,#6589,.F.);
#4019=ORIENTED_EDGE('',*,*,#6610,.F.);
#4020=ORIENTED_EDGE('',*,*,#6587,.F.);
#4021=ORIENTED_EDGE('',*,*,#6565,.T.);
#4022=ORIENTED_EDGE('',*,*,#6602,.F.);
#4023=ORIENTED_EDGE('',*,*,#6611,.T.);
#4024=ORIENTED_EDGE('',*,*,#6580,.F.);
#4025=ORIENTED_EDGE('',*,*,#6612,.T.);
#4026=ORIENTED_EDGE('',*,*,#6591,.T.);
#4027=ORIENTED_EDGE('',*,*,#6601,.F.);
#4028=ORIENTED_EDGE('',*,*,#6599,.F.);
#4029=ORIENTED_EDGE('',*,*,#6613,.T.);
#4030=ORIENTED_EDGE('',*,*,#6572,.T.);
#4031=ORIENTED_EDGE('',*,*,#6600,.T.);
#4032=ORIENTED_EDGE('',*,*,#6574,.T.);
#4033=ORIENTED_EDGE('',*,*,#6614,.T.);
#4034=ORIENTED_EDGE('',*,*,#6597,.F.);
#4035=ORIENTED_EDGE('',*,*,#6615,.F.);
#4036=ORIENTED_EDGE('',*,*,#6593,.T.);
#4037=ORIENTED_EDGE('',*,*,#6616,.T.);
#4038=ORIENTED_EDGE('',*,*,#6578,.F.);
#4039=ORIENTED_EDGE('',*,*,#6617,.T.);
#4040=ORIENTED_EDGE('',*,*,#6577,.F.);
#4041=ORIENTED_EDGE('',*,*,#6618,.T.);
#4042=ORIENTED_EDGE('',*,*,#6594,.T.);
#4043=ORIENTED_EDGE('',*,*,#6617,.F.);
#4044=ORIENTED_EDGE('',*,*,#6619,.T.);
#4045=ORIENTED_EDGE('',*,*,#6620,.T.);
#4046=ORIENTED_EDGE('',*,*,#6621,.T.);
#4047=ORIENTED_EDGE('',*,*,#6622,.T.);
#4048=ORIENTED_EDGE('',*,*,#6596,.F.);
#4049=ORIENTED_EDGE('',*,*,#6623,.T.);
#4050=ORIENTED_EDGE('',*,*,#6575,.T.);
#4051=ORIENTED_EDGE('',*,*,#6615,.T.);
#4052=ORIENTED_EDGE('',*,*,#6570,.F.);
#4053=ORIENTED_EDGE('',*,*,#6585,.T.);
#4054=ORIENTED_EDGE('',*,*,#6621,.F.);
#4055=ORIENTED_EDGE('',*,*,#6624,.T.);
#4056=ORIENTED_EDGE('',*,*,#6618,.F.);
#4057=ORIENTED_EDGE('',*,*,#6625,.T.);
#4058=ORIENTED_EDGE('',*,*,#6623,.F.);
#4059=ORIENTED_EDGE('',*,*,#6626,.T.);
#4060=ORIENTED_EDGE('',*,*,#6619,.F.);
#4061=ORIENTED_EDGE('',*,*,#6627,.T.);
#4062=ORIENTED_EDGE('',*,*,#6627,.F.);
#4063=ORIENTED_EDGE('',*,*,#6622,.F.);
#4064=ORIENTED_EDGE('',*,*,#6625,.F.);
#4065=ORIENTED_EDGE('',*,*,#6576,.F.);
#4066=ORIENTED_EDGE('',*,*,#6626,.F.);
#4067=ORIENTED_EDGE('',*,*,#6595,.F.);
#4068=ORIENTED_EDGE('',*,*,#6624,.F.);
#4069=ORIENTED_EDGE('',*,*,#6620,.F.);
#4070=ORIENTED_EDGE('',*,*,#6579,.F.);
#4071=ORIENTED_EDGE('',*,*,#6616,.F.);
#4072=ORIENTED_EDGE('',*,*,#6592,.F.);
#4073=ORIENTED_EDGE('',*,*,#6612,.F.);
#4074=ORIENTED_EDGE('',*,*,#6573,.F.);
#4075=ORIENTED_EDGE('',*,*,#6613,.F.);
#4076=ORIENTED_EDGE('',*,*,#6598,.F.);
#4077=ORIENTED_EDGE('',*,*,#6614,.F.);
#4078=ORIENTED_EDGE('',*,*,#6607,.F.);
#4079=ORIENTED_EDGE('',*,*,#6608,.T.);
#4080=ORIENTED_EDGE('',*,*,#6583,.T.);
#4081=ORIENTED_EDGE('',*,*,#6609,.T.);
#4082=ORIENTED_EDGE('',*,*,#6610,.T.);
#4083=ORIENTED_EDGE('',*,*,#6588,.F.);
#4084=ORIENTED_EDGE('',*,*,#6611,.F.);
#4085=ORIENTED_EDGE('',*,*,#6604,.F.);
#4086=ORIENTED_EDGE('',*,*,#6628,.T.);
#4087=ORIENTED_EDGE('',*,*,#6629,.T.);
#4088=ORIENTED_EDGE('',*,*,#6630,.F.);
#4089=ORIENTED_EDGE('',*,*,#6631,.T.);
#4090=ORIENTED_EDGE('',*,*,#6632,.F.);
#4091=ORIENTED_EDGE('',*,*,#6633,.T.);
#4092=ORIENTED_EDGE('',*,*,#6634,.F.);
#4093=ORIENTED_EDGE('',*,*,#6635,.T.);
#4094=ORIENTED_EDGE('',*,*,#6636,.T.);
#4095=ORIENTED_EDGE('',*,*,#6637,.T.);
#4096=ORIENTED_EDGE('',*,*,#6638,.T.);
#4097=ORIENTED_EDGE('',*,*,#6639,.T.);
#4098=ORIENTED_EDGE('',*,*,#6640,.T.);
#4099=ORIENTED_EDGE('',*,*,#6641,.T.);
#4100=ORIENTED_EDGE('',*,*,#6642,.F.);
#4101=ORIENTED_EDGE('',*,*,#6628,.F.);
#4102=ORIENTED_EDGE('',*,*,#6643,.T.);
#4103=ORIENTED_EDGE('',*,*,#6644,.T.);
#4104=ORIENTED_EDGE('',*,*,#6645,.F.);
#4105=ORIENTED_EDGE('',*,*,#6646,.T.);
#4106=ORIENTED_EDGE('',*,*,#6647,.F.);
#4107=ORIENTED_EDGE('',*,*,#6636,.F.);
#4108=ORIENTED_EDGE('',*,*,#6648,.F.);
#4109=ORIENTED_EDGE('',*,*,#6644,.F.);
#4110=ORIENTED_EDGE('',*,*,#6649,.F.);
#4111=ORIENTED_EDGE('',*,*,#6650,.T.);
#4112=ORIENTED_EDGE('',*,*,#6651,.F.);
#4113=ORIENTED_EDGE('',*,*,#6652,.T.);
#4114=ORIENTED_EDGE('',*,*,#6653,.F.);
#4115=ORIENTED_EDGE('',*,*,#6646,.F.);
#4116=ORIENTED_EDGE('',*,*,#6654,.F.);
#4117=ORIENTED_EDGE('',*,*,#6655,.T.);
#4118=ORIENTED_EDGE('',*,*,#6656,.T.);
#4119=ORIENTED_EDGE('',*,*,#6657,.T.);
#4120=ORIENTED_EDGE('',*,*,#6658,.T.);
#4121=ORIENTED_EDGE('',*,*,#6659,.T.);
#4122=ORIENTED_EDGE('',*,*,#6660,.F.);
#4123=ORIENTED_EDGE('',*,*,#6661,.T.);
#4124=ORIENTED_EDGE('',*,*,#6662,.T.);
#4125=ORIENTED_EDGE('',*,*,#6663,.T.);
#4126=ORIENTED_EDGE('',*,*,#6664,.T.);
#4127=ORIENTED_EDGE('',*,*,#6665,.T.);
#4128=ORIENTED_EDGE('',*,*,#6666,.F.);
#4129=ORIENTED_EDGE('',*,*,#6667,.T.);
#4130=ORIENTED_EDGE('',*,*,#6668,.T.);
#4131=ORIENTED_EDGE('',*,*,#6655,.F.);
#4132=ORIENTED_EDGE('',*,*,#6669,.F.);
#4133=ORIENTED_EDGE('',*,*,#6659,.F.);
#4134=ORIENTED_EDGE('',*,*,#6670,.T.);
#4135=ORIENTED_EDGE('',*,*,#6671,.T.);
#4136=ORIENTED_EDGE('',*,*,#6672,.F.);
#4137=ORIENTED_EDGE('',*,*,#6671,.F.);
#4138=ORIENTED_EDGE('',*,*,#6673,.T.);
#4139=ORIENTED_EDGE('',*,*,#6674,.F.);
#4140=ORIENTED_EDGE('',*,*,#6675,.T.);
#4141=ORIENTED_EDGE('',*,*,#6667,.F.);
#4142=ORIENTED_EDGE('',*,*,#6661,.F.);
#4143=ORIENTED_EDGE('',*,*,#6676,.T.);
#4144=ORIENTED_EDGE('',*,*,#6634,.T.);
#4145=ORIENTED_EDGE('',*,*,#6677,.F.);
#4146=ORIENTED_EDGE('',*,*,#6630,.T.);
#4147=ORIENTED_EDGE('',*,*,#6678,.T.);
#4148=ORIENTED_EDGE('',*,*,#6665,.F.);
#4149=ORIENTED_EDGE('',*,*,#6679,.F.);
#4150=ORIENTED_EDGE('',*,*,#6641,.F.);
#4151=ORIENTED_EDGE('',*,*,#6680,.T.);
#4152=ORIENTED_EDGE('',*,*,#6649,.T.);
#4153=ORIENTED_EDGE('',*,*,#6643,.F.);
#4154=ORIENTED_EDGE('',*,*,#6651,.T.);
#4155=ORIENTED_EDGE('',*,*,#6681,.T.);
#4156=ORIENTED_EDGE('',*,*,#6639,.F.);
#4157=ORIENTED_EDGE('',*,*,#6682,.T.);
#4158=ORIENTED_EDGE('',*,*,#6653,.T.);
#4159=ORIENTED_EDGE('',*,*,#6683,.T.);
#4160=ORIENTED_EDGE('',*,*,#6637,.F.);
#4161=ORIENTED_EDGE('',*,*,#6647,.T.);
#4162=ORIENTED_EDGE('',*,*,#6674,.T.);
#4163=ORIENTED_EDGE('',*,*,#6684,.T.);
#4164=ORIENTED_EDGE('',*,*,#6657,.F.);
#4165=ORIENTED_EDGE('',*,*,#6685,.T.);
#4166=ORIENTED_EDGE('',*,*,#6656,.F.);
#4167=ORIENTED_EDGE('',*,*,#6668,.F.);
#4168=ORIENTED_EDGE('',*,*,#6675,.F.);
#4169=ORIENTED_EDGE('',*,*,#6685,.F.);
#4170=ORIENTED_EDGE('',*,*,#6658,.F.);
#4171=ORIENTED_EDGE('',*,*,#6684,.F.);
#4172=ORIENTED_EDGE('',*,*,#6673,.F.);
#4173=ORIENTED_EDGE('',*,*,#6670,.F.);
#4174=ORIENTED_EDGE('',*,*,#6677,.T.);
#4175=ORIENTED_EDGE('',*,*,#6633,.F.);
#4176=ORIENTED_EDGE('',*,*,#6686,.F.);
#4177=ORIENTED_EDGE('',*,*,#6662,.F.);
#4178=ORIENTED_EDGE('',*,*,#6686,.T.);
#4179=ORIENTED_EDGE('',*,*,#6632,.T.);
#4180=ORIENTED_EDGE('',*,*,#6687,.F.);
#4181=ORIENTED_EDGE('',*,*,#6663,.F.);
#4182=ORIENTED_EDGE('',*,*,#6687,.T.);
#4183=ORIENTED_EDGE('',*,*,#6631,.F.);
#4184=ORIENTED_EDGE('',*,*,#6679,.T.);
#4185=ORIENTED_EDGE('',*,*,#6664,.F.);
#4186=ORIENTED_EDGE('',*,*,#6640,.F.);
#4187=ORIENTED_EDGE('',*,*,#6681,.F.);
#4188=ORIENTED_EDGE('',*,*,#6650,.F.);
#4189=ORIENTED_EDGE('',*,*,#6680,.F.);
#4190=ORIENTED_EDGE('',*,*,#6638,.F.);
#4191=ORIENTED_EDGE('',*,*,#6683,.F.);
#4192=ORIENTED_EDGE('',*,*,#6652,.F.);
#4193=ORIENTED_EDGE('',*,*,#6682,.F.);
#4194=ORIENTED_EDGE('',*,*,#6672,.T.);
#4195=ORIENTED_EDGE('',*,*,#6666,.T.);
#4196=ORIENTED_EDGE('',*,*,#6654,.T.);
#4197=ORIENTED_EDGE('',*,*,#6645,.T.);
#4198=ORIENTED_EDGE('',*,*,#6635,.F.);
#4199=ORIENTED_EDGE('',*,*,#6676,.F.);
#4200=ORIENTED_EDGE('',*,*,#6660,.T.);
#4201=ORIENTED_EDGE('',*,*,#6678,.F.);
#4202=ORIENTED_EDGE('',*,*,#6629,.F.);
#4203=ORIENTED_EDGE('',*,*,#6642,.T.);
#4204=ORIENTED_EDGE('',*,*,#6648,.T.);
#4205=ORIENTED_EDGE('',*,*,#6669,.T.);
#4206=ORIENTED_EDGE('',*,*,#6688,.F.);
#4207=ORIENTED_EDGE('',*,*,#6689,.F.);
#4208=ORIENTED_EDGE('',*,*,#6690,.T.);
#4209=ORIENTED_EDGE('',*,*,#6691,.T.);
#4210=ORIENTED_EDGE('',*,*,#6692,.F.);
#4211=ORIENTED_EDGE('',*,*,#6693,.T.);
#4212=ORIENTED_EDGE('',*,*,#6694,.F.);
#4213=ORIENTED_EDGE('',*,*,#6695,.T.);
#4214=ORIENTED_EDGE('',*,*,#6696,.T.);
#4215=ORIENTED_EDGE('',*,*,#6697,.T.);
#4216=ORIENTED_EDGE('',*,*,#6698,.T.);
#4217=ORIENTED_EDGE('',*,*,#6699,.F.);
#4218=ORIENTED_EDGE('',*,*,#6700,.T.);
#4219=ORIENTED_EDGE('',*,*,#6701,.T.);
#4220=ORIENTED_EDGE('',*,*,#6702,.T.);
#4221=ORIENTED_EDGE('',*,*,#6703,.T.);
#4222=ORIENTED_EDGE('',*,*,#6704,.T.);
#4223=ORIENTED_EDGE('',*,*,#6705,.T.);
#4224=ORIENTED_EDGE('',*,*,#6706,.F.);
#4225=ORIENTED_EDGE('',*,*,#6707,.F.);
#4226=ORIENTED_EDGE('',*,*,#6708,.F.);
#4227=ORIENTED_EDGE('',*,*,#6709,.T.);
#4228=ORIENTED_EDGE('',*,*,#6710,.T.);
#4229=ORIENTED_EDGE('',*,*,#6711,.T.);
#4230=ORIENTED_EDGE('',*,*,#6712,.F.);
#4231=ORIENTED_EDGE('',*,*,#6713,.T.);
#4232=ORIENTED_EDGE('',*,*,#6714,.F.);
#4233=ORIENTED_EDGE('',*,*,#6715,.T.);
#4234=ORIENTED_EDGE('',*,*,#6716,.T.);
#4235=ORIENTED_EDGE('',*,*,#6717,.T.);
#4236=ORIENTED_EDGE('',*,*,#6718,.F.);
#4237=ORIENTED_EDGE('',*,*,#6719,.T.);
#4238=ORIENTED_EDGE('',*,*,#6720,.F.);
#4239=ORIENTED_EDGE('',*,*,#6721,.F.);
#4240=ORIENTED_EDGE('',*,*,#6722,.F.);
#4241=ORIENTED_EDGE('',*,*,#6723,.T.);
#4242=ORIENTED_EDGE('',*,*,#6724,.T.);
#4243=ORIENTED_EDGE('',*,*,#6725,.F.);
#4244=ORIENTED_EDGE('',*,*,#6726,.F.);
#4245=ORIENTED_EDGE('',*,*,#6727,.T.);
#4246=ORIENTED_EDGE('',*,*,#6728,.F.);
#4247=ORIENTED_EDGE('',*,*,#6729,.T.);
#4248=ORIENTED_EDGE('',*,*,#6730,.F.);
#4249=ORIENTED_EDGE('',*,*,#6731,.T.);
#4250=ORIENTED_EDGE('',*,*,#6732,.F.);
#4251=ORIENTED_EDGE('',*,*,#6733,.T.);
#4252=ORIENTED_EDGE('',*,*,#6734,.T.);
#4253=ORIENTED_EDGE('',*,*,#6735,.T.);
#4254=ORIENTED_EDGE('',*,*,#6733,.F.);
#4255=ORIENTED_EDGE('',*,*,#6736,.F.);
#4256=ORIENTED_EDGE('',*,*,#6737,.F.);
#4257=ORIENTED_EDGE('',*,*,#6738,.T.);
#4258=ORIENTED_EDGE('',*,*,#6727,.F.);
#4259=ORIENTED_EDGE('',*,*,#6739,.T.);
#4260=ORIENTED_EDGE('',*,*,#6740,.T.);
#4261=ORIENTED_EDGE('',*,*,#6741,.F.);
#4262=ORIENTED_EDGE('',*,*,#6723,.F.);
#4263=ORIENTED_EDGE('',*,*,#6742,.F.);
#4264=ORIENTED_EDGE('',*,*,#6696,.F.);
#4265=ORIENTED_EDGE('',*,*,#6743,.T.);
#4266=ORIENTED_EDGE('',*,*,#6744,.T.);
#4267=ORIENTED_EDGE('',*,*,#6745,.T.);
#4268=ORIENTED_EDGE('',*,*,#6746,.T.);
#4269=ORIENTED_EDGE('',*,*,#6747,.F.);
#4270=ORIENTED_EDGE('',*,*,#6691,.F.);
#4271=ORIENTED_EDGE('',*,*,#6748,.T.);
#4272=ORIENTED_EDGE('',*,*,#6749,.T.);
#4273=ORIENTED_EDGE('',*,*,#6750,.F.);
#4274=ORIENTED_EDGE('',*,*,#6751,.T.);
#4275=ORIENTED_EDGE('',*,*,#6752,.T.);
#4276=ORIENTED_EDGE('',*,*,#6753,.T.);
#4277=ORIENTED_EDGE('',*,*,#6754,.F.);
#4278=ORIENTED_EDGE('',*,*,#6755,.F.);
#4279=ORIENTED_EDGE('',*,*,#6756,.T.);
#4280=ORIENTED_EDGE('',*,*,#6757,.T.);
#4281=ORIENTED_EDGE('',*,*,#6758,.T.);
#4282=ORIENTED_EDGE('',*,*,#6759,.T.);
#4283=ORIENTED_EDGE('',*,*,#6760,.T.);
#4284=ORIENTED_EDGE('',*,*,#6761,.F.);
#4285=ORIENTED_EDGE('',*,*,#6762,.F.);
#4286=ORIENTED_EDGE('',*,*,#6763,.T.);
#4287=ORIENTED_EDGE('',*,*,#6764,.T.);
#4288=ORIENTED_EDGE('',*,*,#6704,.F.);
#4289=ORIENTED_EDGE('',*,*,#6765,.T.);
#4290=ORIENTED_EDGE('',*,*,#6719,.F.);
#4291=ORIENTED_EDGE('',*,*,#6766,.F.);
#4292=ORIENTED_EDGE('',*,*,#6767,.F.);
#4293=ORIENTED_EDGE('',*,*,#6768,.T.);
#4294=ORIENTED_EDGE('',*,*,#6715,.F.);
#4295=ORIENTED_EDGE('',*,*,#6769,.F.);
#4296=ORIENTED_EDGE('',*,*,#6770,.F.);
#4297=ORIENTED_EDGE('',*,*,#6771,.T.);
#4298=ORIENTED_EDGE('',*,*,#6772,.T.);
#4299=ORIENTED_EDGE('',*,*,#6773,.F.);
#4300=ORIENTED_EDGE('',*,*,#6774,.T.);
#4301=ORIENTED_EDGE('',*,*,#6775,.T.);
#4302=ORIENTED_EDGE('',*,*,#6776,.T.);
#4303=ORIENTED_EDGE('',*,*,#6777,.F.);
#4304=ORIENTED_EDGE('',*,*,#6778,.F.);
#4305=ORIENTED_EDGE('',*,*,#6779,.T.);
#4306=ORIENTED_EDGE('',*,*,#6780,.T.);
#4307=ORIENTED_EDGE('',*,*,#6781,.T.);
#4308=ORIENTED_EDGE('',*,*,#6782,.T.);
#4309=ORIENTED_EDGE('',*,*,#6783,.T.);
#4310=ORIENTED_EDGE('',*,*,#6784,.F.);
#4311=ORIENTED_EDGE('',*,*,#6759,.F.);
#4312=ORIENTED_EDGE('',*,*,#6785,.T.);
#4313=ORIENTED_EDGE('',*,*,#6786,.T.);
#4314=ORIENTED_EDGE('',*,*,#6785,.F.);
#4315=ORIENTED_EDGE('',*,*,#6758,.F.);
#4316=ORIENTED_EDGE('',*,*,#6787,.F.);
#4317=ORIENTED_EDGE('',*,*,#6788,.F.);
#4318=ORIENTED_EDGE('',*,*,#6789,.F.);
#4319=ORIENTED_EDGE('',*,*,#6790,.F.);
#4320=ORIENTED_EDGE('',*,*,#6791,.F.);
#4321=ORIENTED_EDGE('',*,*,#6792,.F.);
#4322=ORIENTED_EDGE('',*,*,#6793,.T.);
#4323=ORIENTED_EDGE('',*,*,#6770,.T.);
#4324=ORIENTED_EDGE('',*,*,#6794,.T.);
#4325=ORIENTED_EDGE('',*,*,#6795,.F.);
#4326=ORIENTED_EDGE('',*,*,#6796,.T.);
#4327=ORIENTED_EDGE('',*,*,#6797,.F.);
#4328=ORIENTED_EDGE('',*,*,#6798,.F.);
#4329=ORIENTED_EDGE('',*,*,#6799,.F.);
#4330=ORIENTED_EDGE('',*,*,#6800,.F.);
#4331=ORIENTED_EDGE('',*,*,#6771,.F.);
#4332=ORIENTED_EDGE('',*,*,#6793,.F.);
#4333=ORIENTED_EDGE('',*,*,#6801,.F.);
#4334=ORIENTED_EDGE('',*,*,#6802,.T.);
#4335=ORIENTED_EDGE('',*,*,#6803,.F.);
#4336=ORIENTED_EDGE('',*,*,#6745,.F.);
#4337=ORIENTED_EDGE('',*,*,#6804,.F.);
#4338=ORIENTED_EDGE('',*,*,#6805,.F.);
#4339=ORIENTED_EDGE('',*,*,#6748,.F.);
#4340=ORIENTED_EDGE('',*,*,#6690,.F.);
#4341=ORIENTED_EDGE('',*,*,#6806,.T.);
#4342=ORIENTED_EDGE('',*,*,#6807,.F.);
#4343=ORIENTED_EDGE('',*,*,#6781,.F.);
#4344=ORIENTED_EDGE('',*,*,#6808,.F.);
#4345=ORIENTED_EDGE('',*,*,#6809,.F.);
#4346=ORIENTED_EDGE('',*,*,#6743,.F.);
#4347=ORIENTED_EDGE('',*,*,#6695,.F.);
#4348=ORIENTED_EDGE('',*,*,#6810,.F.);
#4349=ORIENTED_EDGE('',*,*,#6811,.T.);
#4350=ORIENTED_EDGE('',*,*,#6812,.F.);
#4351=ORIENTED_EDGE('',*,*,#6813,.T.);
#4352=ORIENTED_EDGE('',*,*,#6814,.T.);
#4353=ORIENTED_EDGE('',*,*,#6815,.T.);
#4354=ORIENTED_EDGE('',*,*,#6816,.T.);
#4355=ORIENTED_EDGE('',*,*,#6817,.T.);
#4356=ORIENTED_EDGE('',*,*,#6818,.T.);
#4357=ORIENTED_EDGE('',*,*,#6819,.T.);
#4358=ORIENTED_EDGE('',*,*,#6820,.T.);
#4359=ORIENTED_EDGE('',*,*,#6821,.T.);
#4360=ORIENTED_EDGE('',*,*,#6822,.T.);
#4361=ORIENTED_EDGE('',*,*,#6823,.T.);
#4362=ORIENTED_EDGE('',*,*,#6824,.T.);
#4363=ORIENTED_EDGE('',*,*,#6822,.F.);
#4364=ORIENTED_EDGE('',*,*,#6825,.T.);
#4365=ORIENTED_EDGE('',*,*,#6818,.F.);
#4366=ORIENTED_EDGE('',*,*,#6826,.T.);
#4367=ORIENTED_EDGE('',*,*,#6827,.F.);
#4368=ORIENTED_EDGE('',*,*,#6828,.F.);
#4369=ORIENTED_EDGE('',*,*,#6829,.F.);
#4370=ORIENTED_EDGE('',*,*,#6830,.F.);
#4371=ORIENTED_EDGE('',*,*,#6789,.T.);
#4372=ORIENTED_EDGE('',*,*,#6831,.T.);
#4373=ORIENTED_EDGE('',*,*,#6798,.T.);
#4374=ORIENTED_EDGE('',*,*,#6832,.T.);
#4375=ORIENTED_EDGE('',*,*,#6833,.T.);
#4376=ORIENTED_EDGE('',*,*,#6713,.F.);
#4377=ORIENTED_EDGE('',*,*,#6834,.F.);
#4378=ORIENTED_EDGE('',*,*,#6835,.F.);
#4379=ORIENTED_EDGE('',*,*,#6836,.T.);
#4380=ORIENTED_EDGE('',*,*,#6709,.F.);
#4381=ORIENTED_EDGE('',*,*,#6837,.T.);
#4382=ORIENTED_EDGE('',*,*,#6838,.T.);
#4383=ORIENTED_EDGE('',*,*,#6839,.T.);
#4384=ORIENTED_EDGE('',*,*,#6840,.T.);
#4385=ORIENTED_EDGE('',*,*,#6841,.T.);
#4386=ORIENTED_EDGE('',*,*,#6842,.T.);
#4387=ORIENTED_EDGE('',*,*,#6843,.T.);
#4388=ORIENTED_EDGE('',*,*,#6844,.T.);
#4389=ORIENTED_EDGE('',*,*,#6845,.T.);
#4390=ORIENTED_EDGE('',*,*,#6846,.T.);
#4391=ORIENTED_EDGE('',*,*,#6847,.T.);
#4392=ORIENTED_EDGE('',*,*,#6848,.T.);
#4393=ORIENTED_EDGE('',*,*,#6849,.T.);
#4394=ORIENTED_EDGE('',*,*,#6850,.T.);
#4395=ORIENTED_EDGE('',*,*,#6840,.F.);
#4396=ORIENTED_EDGE('',*,*,#6851,.T.);
#4397=ORIENTED_EDGE('',*,*,#6824,.F.);
#4398=ORIENTED_EDGE('',*,*,#6852,.T.);
#4399=ORIENTED_EDGE('',*,*,#6845,.F.);
#4400=ORIENTED_EDGE('',*,*,#6853,.T.);
#4401=ORIENTED_EDGE('',*,*,#6854,.F.);
#4402=ORIENTED_EDGE('',*,*,#6855,.T.);
#4403=ORIENTED_EDGE('',*,*,#6854,.T.);
#4404=ORIENTED_EDGE('',*,*,#6856,.T.);
#4405=ORIENTED_EDGE('',*,*,#6857,.T.);
#4406=ORIENTED_EDGE('',*,*,#6858,.T.);
#4407=ORIENTED_EDGE('',*,*,#6859,.F.);
#4408=ORIENTED_EDGE('',*,*,#6740,.F.);
#4409=ORIENTED_EDGE('',*,*,#6860,.T.);
#4410=ORIENTED_EDGE('',*,*,#6861,.T.);
#4411=ORIENTED_EDGE('',*,*,#6862,.T.);
#4412=ORIENTED_EDGE('',*,*,#6861,.F.);
#4413=ORIENTED_EDGE('',*,*,#6863,.F.);
#4414=ORIENTED_EDGE('',*,*,#6864,.T.);
#4415=ORIENTED_EDGE('',*,*,#6865,.F.);
#4416=ORIENTED_EDGE('',*,*,#6864,.F.);
#4417=ORIENTED_EDGE('',*,*,#6866,.T.);
#4418=ORIENTED_EDGE('',*,*,#6725,.T.);
#4419=ORIENTED_EDGE('',*,*,#6739,.F.);
#4420=ORIENTED_EDGE('',*,*,#6726,.T.);
#4421=ORIENTED_EDGE('',*,*,#6866,.F.);
#4422=ORIENTED_EDGE('',*,*,#6863,.T.);
#4423=ORIENTED_EDGE('',*,*,#6860,.F.);
#4424=ORIENTED_EDGE('',*,*,#6741,.T.);
#4425=ORIENTED_EDGE('',*,*,#6859,.T.);
#4426=ORIENTED_EDGE('',*,*,#6862,.F.);
#4427=ORIENTED_EDGE('',*,*,#6865,.T.);
#4428=ORIENTED_EDGE('',*,*,#6724,.F.);
#4429=ORIENTED_EDGE('',*,*,#6867,.T.);
#4430=ORIENTED_EDGE('',*,*,#6868,.F.);
#4431=ORIENTED_EDGE('',*,*,#6869,.F.);
#4432=ORIENTED_EDGE('',*,*,#6870,.T.);
#4433=ORIENTED_EDGE('',*,*,#6871,.T.);
#4434=ORIENTED_EDGE('',*,*,#6711,.F.);
#4435=ORIENTED_EDGE('',*,*,#6872,.F.);
#4436=ORIENTED_EDGE('',*,*,#6868,.T.);
#4437=ORIENTED_EDGE('',*,*,#6873,.T.);
#4438=ORIENTED_EDGE('',*,*,#6870,.F.);
#4439=ORIENTED_EDGE('',*,*,#6874,.F.);
#4440=ORIENTED_EDGE('',*,*,#6835,.T.);
#4441=ORIENTED_EDGE('',*,*,#6869,.T.);
#4442=ORIENTED_EDGE('',*,*,#6872,.T.);
#4443=ORIENTED_EDGE('',*,*,#6710,.F.);
#4444=ORIENTED_EDGE('',*,*,#6836,.F.);
#4445=ORIENTED_EDGE('',*,*,#6874,.T.);
#4446=ORIENTED_EDGE('',*,*,#6867,.F.);
#4447=ORIENTED_EDGE('',*,*,#6873,.F.);
#4448=ORIENTED_EDGE('',*,*,#6834,.T.);
#4449=ORIENTED_EDGE('',*,*,#6712,.T.);
#4450=ORIENTED_EDGE('',*,*,#6871,.F.);
#4451=ORIENTED_EDGE('',*,*,#6875,.F.);
#4452=ORIENTED_EDGE('',*,*,#6717,.F.);
#4453=ORIENTED_EDGE('',*,*,#6876,.T.);
#4454=ORIENTED_EDGE('',*,*,#6877,.T.);
#4455=ORIENTED_EDGE('',*,*,#6878,.F.);
#4456=ORIENTED_EDGE('',*,*,#6877,.F.);
#4457=ORIENTED_EDGE('',*,*,#6879,.T.);
#4458=ORIENTED_EDGE('',*,*,#6880,.T.);
#4459=ORIENTED_EDGE('',*,*,#6881,.F.);
#4460=ORIENTED_EDGE('',*,*,#6880,.F.);
#4461=ORIENTED_EDGE('',*,*,#6882,.T.);
#4462=ORIENTED_EDGE('',*,*,#6767,.T.);
#4463=ORIENTED_EDGE('',*,*,#6876,.F.);
#4464=ORIENTED_EDGE('',*,*,#6716,.F.);
#4465=ORIENTED_EDGE('',*,*,#6768,.F.);
#4466=ORIENTED_EDGE('',*,*,#6882,.F.);
#4467=ORIENTED_EDGE('',*,*,#6879,.F.);
#4468=ORIENTED_EDGE('',*,*,#6875,.T.);
#4469=ORIENTED_EDGE('',*,*,#6878,.T.);
#4470=ORIENTED_EDGE('',*,*,#6881,.T.);
#4471=ORIENTED_EDGE('',*,*,#6766,.T.);
#4472=ORIENTED_EDGE('',*,*,#6718,.T.);
#4473=ORIENTED_EDGE('',*,*,#6883,.T.);
#4474=ORIENTED_EDGE('',*,*,#6884,.F.);
#4475=ORIENTED_EDGE('',*,*,#6885,.F.);
#4476=ORIENTED_EDGE('',*,*,#6886,.F.);
#4477=ORIENTED_EDGE('',*,*,#6706,.T.);
#4478=ORIENTED_EDGE('',*,*,#6887,.T.);
#4479=ORIENTED_EDGE('',*,*,#6888,.F.);
#4480=ORIENTED_EDGE('',*,*,#6889,.F.);
#4481=ORIENTED_EDGE('',*,*,#6884,.T.);
#4482=ORIENTED_EDGE('',*,*,#6890,.T.);
#4483=ORIENTED_EDGE('',*,*,#6763,.F.);
#4484=ORIENTED_EDGE('',*,*,#6891,.F.);
#4485=ORIENTED_EDGE('',*,*,#6888,.T.);
#4486=ORIENTED_EDGE('',*,*,#6762,.T.);
#4487=ORIENTED_EDGE('',*,*,#6892,.F.);
#4488=ORIENTED_EDGE('',*,*,#6885,.T.);
#4489=ORIENTED_EDGE('',*,*,#6889,.T.);
#4490=ORIENTED_EDGE('',*,*,#6891,.T.);
#4491=ORIENTED_EDGE('',*,*,#6883,.F.);
#4492=ORIENTED_EDGE('',*,*,#6705,.F.);
#4493=ORIENTED_EDGE('',*,*,#6764,.F.);
#4494=ORIENTED_EDGE('',*,*,#6890,.F.);
#4495=ORIENTED_EDGE('',*,*,#6887,.F.);
#4496=ORIENTED_EDGE('',*,*,#6714,.T.);
#4497=ORIENTED_EDGE('',*,*,#6833,.F.);
#4498=ORIENTED_EDGE('',*,*,#6893,.F.);
#4499=ORIENTED_EDGE('',*,*,#6894,.F.);
#4500=ORIENTED_EDGE('',*,*,#6895,.T.);
#4501=ORIENTED_EDGE('',*,*,#6794,.F.);
#4502=ORIENTED_EDGE('',*,*,#6769,.T.);
#4503=ORIENTED_EDGE('',*,*,#6797,.T.);
#4504=ORIENTED_EDGE('',*,*,#6896,.T.);
#4505=ORIENTED_EDGE('',*,*,#6893,.T.);
#4506=ORIENTED_EDGE('',*,*,#6832,.F.);
#4507=ORIENTED_EDGE('',*,*,#6829,.T.);
#4508=ORIENTED_EDGE('',*,*,#6897,.T.);
#4509=ORIENTED_EDGE('',*,*,#6760,.F.);
#4510=ORIENTED_EDGE('',*,*,#6784,.T.);
#4511=ORIENTED_EDGE('',*,*,#6898,.F.);
#4512=ORIENTED_EDGE('',*,*,#6899,.T.);
#4513=ORIENTED_EDGE('',*,*,#6900,.T.);
#4514=ORIENTED_EDGE('',*,*,#6900,.F.);
#4515=ORIENTED_EDGE('',*,*,#6901,.F.);
#4516=ORIENTED_EDGE('',*,*,#6790,.T.);
#4517=ORIENTED_EDGE('',*,*,#6830,.T.);
#4518=ORIENTED_EDGE('',*,*,#6902,.T.);
#4519=ORIENTED_EDGE('',*,*,#6903,.T.);
#4520=ORIENTED_EDGE('',*,*,#6904,.T.);
#4521=ORIENTED_EDGE('',*,*,#6782,.F.);
#4522=ORIENTED_EDGE('',*,*,#6807,.T.);
#4523=ORIENTED_EDGE('',*,*,#6905,.T.);
#4524=ORIENTED_EDGE('',*,*,#6906,.F.);
#4525=ORIENTED_EDGE('',*,*,#6907,.F.);
#4526=ORIENTED_EDGE('',*,*,#6746,.F.);
#4527=ORIENTED_EDGE('',*,*,#6803,.T.);
#4528=ORIENTED_EDGE('',*,*,#6908,.F.);
#4529=ORIENTED_EDGE('',*,*,#6856,.F.);
#4530=ORIENTED_EDGE('',*,*,#6853,.F.);
#4531=ORIENTED_EDGE('',*,*,#6844,.F.);
#4532=ORIENTED_EDGE('',*,*,#6909,.F.);
#4533=ORIENTED_EDGE('',*,*,#6908,.T.);
#4534=ORIENTED_EDGE('',*,*,#6910,.F.);
#4535=ORIENTED_EDGE('',*,*,#6852,.F.);
#4536=ORIENTED_EDGE('',*,*,#6823,.F.);
#4537=ORIENTED_EDGE('',*,*,#6911,.F.);
#4538=ORIENTED_EDGE('',*,*,#6846,.F.);
#4539=ORIENTED_EDGE('',*,*,#6910,.T.);
#4540=ORIENTED_EDGE('',*,*,#6843,.F.);
#4541=ORIENTED_EDGE('',*,*,#6912,.F.);
#4542=ORIENTED_EDGE('',*,*,#6817,.F.);
#4543=ORIENTED_EDGE('',*,*,#6909,.T.);
#4544=ORIENTED_EDGE('',*,*,#6816,.F.);
#4545=ORIENTED_EDGE('',*,*,#6913,.F.);
#4546=ORIENTED_EDGE('',*,*,#6857,.F.);
#4547=ORIENTED_EDGE('',*,*,#6855,.F.);
#4548=ORIENTED_EDGE('',*,*,#6858,.F.);
#4549=ORIENTED_EDGE('',*,*,#6914,.F.);
#4550=ORIENTED_EDGE('',*,*,#6841,.F.);
#4551=ORIENTED_EDGE('',*,*,#6912,.T.);
#4552=ORIENTED_EDGE('',*,*,#6911,.T.);
#4553=ORIENTED_EDGE('',*,*,#6826,.F.);
#4554=ORIENTED_EDGE('',*,*,#6914,.T.);
#4555=ORIENTED_EDGE('',*,*,#6913,.T.);
#4556=ORIENTED_EDGE('',*,*,#6915,.F.);
#4557=ORIENTED_EDGE('',*,*,#6815,.F.);
#4558=ORIENTED_EDGE('',*,*,#6916,.T.);
#4559=ORIENTED_EDGE('',*,*,#6842,.F.);
#4560=ORIENTED_EDGE('',*,*,#6915,.T.);
#4561=ORIENTED_EDGE('',*,*,#6839,.F.);
#4562=ORIENTED_EDGE('',*,*,#6917,.T.);
#4563=ORIENTED_EDGE('',*,*,#6819,.F.);
#4564=ORIENTED_EDGE('',*,*,#6851,.F.);
#4565=ORIENTED_EDGE('',*,*,#6918,.F.);
#4566=ORIENTED_EDGE('',*,*,#6850,.F.);
#4567=ORIENTED_EDGE('',*,*,#6919,.F.);
#4568=ORIENTED_EDGE('',*,*,#6804,.T.);
#4569=ORIENTED_EDGE('',*,*,#6744,.F.);
#4570=ORIENTED_EDGE('',*,*,#6809,.T.);
#4571=ORIENTED_EDGE('',*,*,#6919,.T.);
#4572=ORIENTED_EDGE('',*,*,#6849,.F.);
#4573=ORIENTED_EDGE('',*,*,#6920,.F.);
#4574=ORIENTED_EDGE('',*,*,#6787,.T.);
#4575=ORIENTED_EDGE('',*,*,#6757,.F.);
#4576=ORIENTED_EDGE('',*,*,#6921,.T.);
#4577=ORIENTED_EDGE('',*,*,#6753,.F.);
#4578=ORIENTED_EDGE('',*,*,#6922,.F.);
#4579=ORIENTED_EDGE('',*,*,#6749,.F.);
#4580=ORIENTED_EDGE('',*,*,#6805,.T.);
#4581=ORIENTED_EDGE('',*,*,#6918,.T.);
#4582=ORIENTED_EDGE('',*,*,#6808,.T.);
#4583=ORIENTED_EDGE('',*,*,#6780,.F.);
#4584=ORIENTED_EDGE('',*,*,#6923,.T.);
#4585=ORIENTED_EDGE('',*,*,#6776,.F.);
#4586=ORIENTED_EDGE('',*,*,#6924,.F.);
#4587=ORIENTED_EDGE('',*,*,#6772,.F.);
#4588=ORIENTED_EDGE('',*,*,#6800,.T.);
#4589=ORIENTED_EDGE('',*,*,#6925,.F.);
#4590=ORIENTED_EDGE('',*,*,#6847,.F.);
#4591=ORIENTED_EDGE('',*,*,#6920,.T.);
#4592=ORIENTED_EDGE('',*,*,#6848,.F.);
#4593=ORIENTED_EDGE('',*,*,#6925,.T.);
#4594=ORIENTED_EDGE('',*,*,#6799,.T.);
#4595=ORIENTED_EDGE('',*,*,#6831,.F.);
#4596=ORIENTED_EDGE('',*,*,#6788,.T.);
#4597=ORIENTED_EDGE('',*,*,#6926,.T.);
#4598=ORIENTED_EDGE('',*,*,#6927,.F.);
#4599=ORIENTED_EDGE('',*,*,#6928,.F.);
#4600=ORIENTED_EDGE('',*,*,#6929,.T.);
#4601=ORIENTED_EDGE('',*,*,#6930,.T.);
#4602=ORIENTED_EDGE('',*,*,#6774,.F.);
#4603=ORIENTED_EDGE('',*,*,#6931,.F.);
#4604=ORIENTED_EDGE('',*,*,#6927,.T.);
#4605=ORIENTED_EDGE('',*,*,#6932,.T.);
#4606=ORIENTED_EDGE('',*,*,#6929,.F.);
#4607=ORIENTED_EDGE('',*,*,#6933,.F.);
#4608=ORIENTED_EDGE('',*,*,#6924,.T.);
#4609=ORIENTED_EDGE('',*,*,#6928,.T.);
#4610=ORIENTED_EDGE('',*,*,#6931,.T.);
#4611=ORIENTED_EDGE('',*,*,#6773,.T.);
#4612=ORIENTED_EDGE('',*,*,#6933,.T.);
#4613=ORIENTED_EDGE('',*,*,#6926,.F.);
#4614=ORIENTED_EDGE('',*,*,#6932,.F.);
#4615=ORIENTED_EDGE('',*,*,#6775,.F.);
#4616=ORIENTED_EDGE('',*,*,#6930,.F.);
#4617=ORIENTED_EDGE('',*,*,#6934,.F.);
#4618=ORIENTED_EDGE('',*,*,#6935,.F.);
#4619=ORIENTED_EDGE('',*,*,#6936,.T.);
#4620=ORIENTED_EDGE('',*,*,#6937,.T.);
#4621=ORIENTED_EDGE('',*,*,#6938,.F.);
#4622=ORIENTED_EDGE('',*,*,#6937,.F.);
#4623=ORIENTED_EDGE('',*,*,#6939,.T.);
#4624=ORIENTED_EDGE('',*,*,#6778,.T.);
#4625=ORIENTED_EDGE('',*,*,#6940,.F.);
#4626=ORIENTED_EDGE('',*,*,#6923,.F.);
#4627=ORIENTED_EDGE('',*,*,#6941,.T.);
#4628=ORIENTED_EDGE('',*,*,#6935,.T.);
#4629=ORIENTED_EDGE('',*,*,#6936,.F.);
#4630=ORIENTED_EDGE('',*,*,#6941,.F.);
#4631=ORIENTED_EDGE('',*,*,#6779,.F.);
#4632=ORIENTED_EDGE('',*,*,#6939,.F.);
#4633=ORIENTED_EDGE('',*,*,#6934,.T.);
#4634=ORIENTED_EDGE('',*,*,#6938,.T.);
#4635=ORIENTED_EDGE('',*,*,#6777,.T.);
#4636=ORIENTED_EDGE('',*,*,#6940,.T.);
#4637=ORIENTED_EDGE('',*,*,#6942,.F.);
#4638=ORIENTED_EDGE('',*,*,#6943,.F.);
#4639=ORIENTED_EDGE('',*,*,#6944,.T.);
#4640=ORIENTED_EDGE('',*,*,#6945,.T.);
#4641=ORIENTED_EDGE('',*,*,#6946,.F.);
#4642=ORIENTED_EDGE('',*,*,#6945,.F.);
#4643=ORIENTED_EDGE('',*,*,#6947,.T.);
#4644=ORIENTED_EDGE('',*,*,#6755,.T.);
#4645=ORIENTED_EDGE('',*,*,#6948,.F.);
#4646=ORIENTED_EDGE('',*,*,#6921,.F.);
#4647=ORIENTED_EDGE('',*,*,#6949,.T.);
#4648=ORIENTED_EDGE('',*,*,#6943,.T.);
#4649=ORIENTED_EDGE('',*,*,#6944,.F.);
#4650=ORIENTED_EDGE('',*,*,#6949,.F.);
#4651=ORIENTED_EDGE('',*,*,#6756,.F.);
#4652=ORIENTED_EDGE('',*,*,#6947,.F.);
#4653=ORIENTED_EDGE('',*,*,#6942,.T.);
#4654=ORIENTED_EDGE('',*,*,#6946,.T.);
#4655=ORIENTED_EDGE('',*,*,#6754,.T.);
#4656=ORIENTED_EDGE('',*,*,#6948,.T.);
#4657=ORIENTED_EDGE('',*,*,#6950,.T.);
#4658=ORIENTED_EDGE('',*,*,#6951,.F.);
#4659=ORIENTED_EDGE('',*,*,#6952,.F.);
#4660=ORIENTED_EDGE('',*,*,#6953,.T.);
#4661=ORIENTED_EDGE('',*,*,#6954,.T.);
#4662=ORIENTED_EDGE('',*,*,#6751,.F.);
#4663=ORIENTED_EDGE('',*,*,#6955,.F.);
#4664=ORIENTED_EDGE('',*,*,#6951,.T.);
#4665=ORIENTED_EDGE('',*,*,#6956,.T.);
#4666=ORIENTED_EDGE('',*,*,#6953,.F.);
#4667=ORIENTED_EDGE('',*,*,#6957,.F.);
#4668=ORIENTED_EDGE('',*,*,#6922,.T.);
#4669=ORIENTED_EDGE('',*,*,#6952,.T.);
#4670=ORIENTED_EDGE('',*,*,#6955,.T.);
#4671=ORIENTED_EDGE('',*,*,#6750,.T.);
#4672=ORIENTED_EDGE('',*,*,#6957,.T.);
#4673=ORIENTED_EDGE('',*,*,#6950,.F.);
#4674=ORIENTED_EDGE('',*,*,#6956,.F.);
#4675=ORIENTED_EDGE('',*,*,#6752,.F.);
#4676=ORIENTED_EDGE('',*,*,#6954,.F.);
#4677=ORIENTED_EDGE('',*,*,#6958,.T.);
#4678=ORIENTED_EDGE('',*,*,#6897,.F.);
#4679=ORIENTED_EDGE('',*,*,#6828,.T.);
#4680=ORIENTED_EDGE('',*,*,#6959,.T.);
#4681=ORIENTED_EDGE('',*,*,#6960,.T.);
#4682=ORIENTED_EDGE('',*,*,#6892,.T.);
#4683=ORIENTED_EDGE('',*,*,#6761,.T.);
#4684=ORIENTED_EDGE('',*,*,#6708,.T.);
#4685=ORIENTED_EDGE('',*,*,#6961,.F.);
#4686=ORIENTED_EDGE('',*,*,#6959,.F.);
#4687=ORIENTED_EDGE('',*,*,#6827,.T.);
#4688=ORIENTED_EDGE('',*,*,#6886,.T.);
#4689=ORIENTED_EDGE('',*,*,#6960,.F.);
#4690=ORIENTED_EDGE('',*,*,#6961,.T.);
#4691=ORIENTED_EDGE('',*,*,#6707,.T.);
#4692=ORIENTED_EDGE('',*,*,#6962,.T.);
#4693=ORIENTED_EDGE('',*,*,#6963,.T.);
#4694=ORIENTED_EDGE('',*,*,#6964,.T.);
#4695=ORIENTED_EDGE('',*,*,#6965,.T.);
#4696=ORIENTED_EDGE('',*,*,#6966,.T.);
#4697=ORIENTED_EDGE('',*,*,#6967,.F.);
#4698=ORIENTED_EDGE('',*,*,#6968,.T.);
#4699=ORIENTED_EDGE('',*,*,#6969,.T.);
#4700=ORIENTED_EDGE('',*,*,#6970,.T.);
#4701=ORIENTED_EDGE('',*,*,#6965,.F.);
#4702=ORIENTED_EDGE('',*,*,#6971,.F.);
#4703=ORIENTED_EDGE('',*,*,#6972,.T.);
#4704=ORIENTED_EDGE('',*,*,#6973,.T.);
#4705=ORIENTED_EDGE('',*,*,#6967,.T.);
#4706=ORIENTED_EDGE('',*,*,#6964,.F.);
#4707=ORIENTED_EDGE('',*,*,#6974,.T.);
#4708=ORIENTED_EDGE('',*,*,#6971,.T.);
#4709=ORIENTED_EDGE('',*,*,#6975,.F.);
#4710=ORIENTED_EDGE('',*,*,#6975,.T.);
#4711=ORIENTED_EDGE('',*,*,#6976,.F.);
#4712=ORIENTED_EDGE('',*,*,#6812,.T.);
#4713=ORIENTED_EDGE('',*,*,#6976,.T.);
#4714=ORIENTED_EDGE('',*,*,#6977,.T.);
#4715=ORIENTED_EDGE('',*,*,#6958,.F.);
#4716=ORIENTED_EDGE('',*,*,#6978,.F.);
#4717=ORIENTED_EDGE('',*,*,#6979,.F.);
#4718=ORIENTED_EDGE('',*,*,#6978,.T.);
#4719=ORIENTED_EDGE('',*,*,#6979,.T.);
#4720=ORIENTED_EDGE('',*,*,#6977,.F.);
#4721=ORIENTED_EDGE('',*,*,#6821,.F.);
#4722=ORIENTED_EDGE('',*,*,#6980,.T.);
#4723=ORIENTED_EDGE('',*,*,#6963,.F.);
#4724=ORIENTED_EDGE('',*,*,#6981,.F.);
#4725=ORIENTED_EDGE('',*,*,#6981,.T.);
#4726=ORIENTED_EDGE('',*,*,#6962,.F.);
#4727=ORIENTED_EDGE('',*,*,#6982,.F.);
#4728=ORIENTED_EDGE('',*,*,#6825,.F.);
#4729=ORIENTED_EDGE('',*,*,#6982,.T.);
#4730=ORIENTED_EDGE('',*,*,#6966,.F.);
#4731=ORIENTED_EDGE('',*,*,#6983,.F.);
#4732=ORIENTED_EDGE('',*,*,#6813,.F.);
#4733=ORIENTED_EDGE('',*,*,#6983,.T.);
#4734=ORIENTED_EDGE('',*,*,#6970,.F.);
#4735=ORIENTED_EDGE('',*,*,#6984,.F.);
#4736=ORIENTED_EDGE('',*,*,#6814,.F.);
#4737=ORIENTED_EDGE('',*,*,#6984,.T.);
#4738=ORIENTED_EDGE('',*,*,#6969,.F.);
#4739=ORIENTED_EDGE('',*,*,#6985,.F.);
#4740=ORIENTED_EDGE('',*,*,#6916,.F.);
#4741=ORIENTED_EDGE('',*,*,#6968,.F.);
#4742=ORIENTED_EDGE('',*,*,#6986,.T.);
#4743=ORIENTED_EDGE('',*,*,#6837,.F.);
#4744=ORIENTED_EDGE('',*,*,#6985,.T.);
#4745=ORIENTED_EDGE('',*,*,#6980,.F.);
#4746=ORIENTED_EDGE('',*,*,#6820,.F.);
#4747=ORIENTED_EDGE('',*,*,#6987,.F.);
#4748=ORIENTED_EDGE('',*,*,#6974,.F.);
#4749=ORIENTED_EDGE('',*,*,#6987,.T.);
#4750=ORIENTED_EDGE('',*,*,#6917,.F.);
#4751=ORIENTED_EDGE('',*,*,#6988,.F.);
#4752=ORIENTED_EDGE('',*,*,#6972,.F.);
#4753=ORIENTED_EDGE('',*,*,#6986,.F.);
#4754=ORIENTED_EDGE('',*,*,#6973,.F.);
#4755=ORIENTED_EDGE('',*,*,#6988,.T.);
#4756=ORIENTED_EDGE('',*,*,#6838,.F.);
#4757=ORIENTED_EDGE('',*,*,#6989,.T.);
#4758=ORIENTED_EDGE('',*,*,#6811,.F.);
#4759=ORIENTED_EDGE('',*,*,#6989,.F.);
#4760=ORIENTED_EDGE('',*,*,#6990,.T.);
#4761=ORIENTED_EDGE('',*,*,#6991,.T.);
#4762=ORIENTED_EDGE('',*,*,#6902,.F.);
#4763=ORIENTED_EDGE('',*,*,#6806,.F.);
#4764=ORIENTED_EDGE('',*,*,#6694,.T.);
#4765=ORIENTED_EDGE('',*,*,#6992,.F.);
#4766=ORIENTED_EDGE('',*,*,#6990,.F.);
#4767=ORIENTED_EDGE('',*,*,#6810,.T.);
#4768=ORIENTED_EDGE('',*,*,#6689,.T.);
#4769=ORIENTED_EDGE('',*,*,#6993,.F.);
#4770=ORIENTED_EDGE('',*,*,#6994,.F.);
#4771=ORIENTED_EDGE('',*,*,#6801,.T.);
#4772=ORIENTED_EDGE('',*,*,#6994,.T.);
#4773=ORIENTED_EDGE('',*,*,#6995,.T.);
#4774=ORIENTED_EDGE('',*,*,#6905,.F.);
#4775=ORIENTED_EDGE('',*,*,#6802,.F.);
#4776=ORIENTED_EDGE('',*,*,#6895,.F.);
#4777=ORIENTED_EDGE('',*,*,#6996,.F.);
#4778=ORIENTED_EDGE('',*,*,#6795,.T.);
#4779=ORIENTED_EDGE('',*,*,#6792,.T.);
#4780=ORIENTED_EDGE('',*,*,#6996,.T.);
#4781=ORIENTED_EDGE('',*,*,#6894,.T.);
#4782=ORIENTED_EDGE('',*,*,#6896,.F.);
#4783=ORIENTED_EDGE('',*,*,#6796,.F.);
#4784=ORIENTED_EDGE('',*,*,#6898,.T.);
#4785=ORIENTED_EDGE('',*,*,#6783,.F.);
#4786=ORIENTED_EDGE('',*,*,#6786,.F.);
#4787=ORIENTED_EDGE('',*,*,#6997,.T.);
#4788=ORIENTED_EDGE('',*,*,#6901,.T.);
#4789=ORIENTED_EDGE('',*,*,#6899,.F.);
#4790=ORIENTED_EDGE('',*,*,#6997,.F.);
#4791=ORIENTED_EDGE('',*,*,#6791,.T.);
#4792=ORIENTED_EDGE('',*,*,#6698,.F.);
#4793=ORIENTED_EDGE('',*,*,#6998,.F.);
#4794=ORIENTED_EDGE('',*,*,#6999,.T.);
#4795=ORIENTED_EDGE('',*,*,#7000,.T.);
#4796=ORIENTED_EDGE('',*,*,#6699,.T.);
#4797=ORIENTED_EDGE('',*,*,#7000,.F.);
#4798=ORIENTED_EDGE('',*,*,#7001,.F.);
#4799=ORIENTED_EDGE('',*,*,#7002,.T.);
#4800=ORIENTED_EDGE('',*,*,#6700,.F.);
#4801=ORIENTED_EDGE('',*,*,#7002,.F.);
#4802=ORIENTED_EDGE('',*,*,#7003,.T.);
#4803=ORIENTED_EDGE('',*,*,#7004,.T.);
#4804=ORIENTED_EDGE('',*,*,#6701,.F.);
#4805=ORIENTED_EDGE('',*,*,#7004,.F.);
#4806=ORIENTED_EDGE('',*,*,#7005,.T.);
#4807=ORIENTED_EDGE('',*,*,#6998,.T.);
#4808=ORIENTED_EDGE('',*,*,#6999,.F.);
#4809=ORIENTED_EDGE('',*,*,#7005,.F.);
#4810=ORIENTED_EDGE('',*,*,#7003,.F.);
#4811=ORIENTED_EDGE('',*,*,#7001,.T.);
#4812=ORIENTED_EDGE('',*,*,#6721,.T.);
#4813=ORIENTED_EDGE('',*,*,#7006,.F.);
#4814=ORIENTED_EDGE('',*,*,#6903,.F.);
#4815=ORIENTED_EDGE('',*,*,#6991,.F.);
#4816=ORIENTED_EDGE('',*,*,#6992,.T.);
#4817=ORIENTED_EDGE('',*,*,#6693,.F.);
#4818=ORIENTED_EDGE('',*,*,#7007,.T.);
#4819=ORIENTED_EDGE('',*,*,#6720,.T.);
#4820=ORIENTED_EDGE('',*,*,#6765,.F.);
#4821=ORIENTED_EDGE('',*,*,#6904,.F.);
#4822=ORIENTED_EDGE('',*,*,#7006,.T.);
#4823=ORIENTED_EDGE('',*,*,#6722,.T.);
#4824=ORIENTED_EDGE('',*,*,#7007,.F.);
#4825=ORIENTED_EDGE('',*,*,#6697,.F.);
#4826=ORIENTED_EDGE('',*,*,#6742,.T.);
#4827=ORIENTED_EDGE('',*,*,#7008,.F.);
#4828=ORIENTED_EDGE('',*,*,#7009,.T.);
#4829=ORIENTED_EDGE('',*,*,#6728,.T.);
#4830=ORIENTED_EDGE('',*,*,#6738,.F.);
#4831=ORIENTED_EDGE('',*,*,#6732,.T.);
#4832=ORIENTED_EDGE('',*,*,#7010,.T.);
#4833=ORIENTED_EDGE('',*,*,#7011,.F.);
#4834=ORIENTED_EDGE('',*,*,#6736,.T.);
#4835=ORIENTED_EDGE('',*,*,#7012,.T.);
#4836=ORIENTED_EDGE('',*,*,#7013,.T.);
#4837=ORIENTED_EDGE('',*,*,#6730,.T.);
#4838=ORIENTED_EDGE('',*,*,#7014,.T.);
#4839=ORIENTED_EDGE('',*,*,#7011,.T.);
#4840=ORIENTED_EDGE('',*,*,#7015,.T.);
#4841=ORIENTED_EDGE('',*,*,#7008,.T.);
#4842=ORIENTED_EDGE('',*,*,#6737,.T.);
#4843=ORIENTED_EDGE('',*,*,#6702,.F.);
#4844=ORIENTED_EDGE('',*,*,#7016,.F.);
#4845=ORIENTED_EDGE('',*,*,#6906,.T.);
#4846=ORIENTED_EDGE('',*,*,#6995,.F.);
#4847=ORIENTED_EDGE('',*,*,#6993,.T.);
#4848=ORIENTED_EDGE('',*,*,#6688,.T.);
#4849=ORIENTED_EDGE('',*,*,#7017,.T.);
#4850=ORIENTED_EDGE('',*,*,#6703,.F.);
#4851=ORIENTED_EDGE('',*,*,#7017,.F.);
#4852=ORIENTED_EDGE('',*,*,#6692,.T.);
#4853=ORIENTED_EDGE('',*,*,#6747,.T.);
#4854=ORIENTED_EDGE('',*,*,#6734,.F.);
#4855=ORIENTED_EDGE('',*,*,#6735,.F.);
#4856=ORIENTED_EDGE('',*,*,#6907,.T.);
#4857=ORIENTED_EDGE('',*,*,#7016,.T.);
#4858=ORIENTED_EDGE('',*,*,#6729,.F.);
#4859=ORIENTED_EDGE('',*,*,#7009,.F.);
#4860=ORIENTED_EDGE('',*,*,#7018,.F.);
#4861=ORIENTED_EDGE('',*,*,#7014,.F.);
#4862=ORIENTED_EDGE('',*,*,#7018,.T.);
#4863=ORIENTED_EDGE('',*,*,#7015,.F.);
#4864=ORIENTED_EDGE('',*,*,#7019,.F.);
#4865=ORIENTED_EDGE('',*,*,#7012,.F.);
#4866=ORIENTED_EDGE('',*,*,#7019,.T.);
#4867=ORIENTED_EDGE('',*,*,#7010,.F.);
#4868=ORIENTED_EDGE('',*,*,#6731,.F.);
#4869=ORIENTED_EDGE('',*,*,#7013,.F.);
#4870=ORIENTED_EDGE('',*,*,#7020,.F.);
#4871=ORIENTED_EDGE('',*,*,#7021,.T.);
#4872=ORIENTED_EDGE('',*,*,#7022,.T.);
#4873=ORIENTED_EDGE('',*,*,#7023,.F.);
#4874=ORIENTED_EDGE('',*,*,#7024,.T.);
#4875=ORIENTED_EDGE('',*,*,#7025,.T.);
#4876=ORIENTED_EDGE('',*,*,#7023,.T.);
#4877=ORIENTED_EDGE('',*,*,#7026,.F.);
#4878=ORIENTED_EDGE('',*,*,#7027,.F.);
#4879=ORIENTED_EDGE('',*,*,#7028,.F.);
#4880=ORIENTED_EDGE('',*,*,#7029,.F.);
#4881=ORIENTED_EDGE('',*,*,#7030,.T.);
#4882=ORIENTED_EDGE('',*,*,#7031,.F.);
#4883=ORIENTED_EDGE('',*,*,#7032,.F.);
#4884=ORIENTED_EDGE('',*,*,#7033,.F.);
#4885=ORIENTED_EDGE('',*,*,#7034,.F.);
#4886=ORIENTED_EDGE('',*,*,#7035,.T.);
#4887=ORIENTED_EDGE('',*,*,#7036,.T.);
#4888=ORIENTED_EDGE('',*,*,#7037,.T.);
#4889=ORIENTED_EDGE('',*,*,#7038,.T.);
#4890=ORIENTED_EDGE('',*,*,#7039,.T.);
#4891=ORIENTED_EDGE('',*,*,#7040,.T.);
#4892=ORIENTED_EDGE('',*,*,#7041,.T.);
#4893=ORIENTED_EDGE('',*,*,#7042,.T.);
#4894=ORIENTED_EDGE('',*,*,#7043,.T.);
#4895=ORIENTED_EDGE('',*,*,#7044,.F.);
#4896=ORIENTED_EDGE('',*,*,#7021,.F.);
#4897=ORIENTED_EDGE('',*,*,#7045,.F.);
#4898=ORIENTED_EDGE('',*,*,#7046,.F.);
#4899=ORIENTED_EDGE('',*,*,#7047,.F.);
#4900=ORIENTED_EDGE('',*,*,#7048,.F.);
#4901=ORIENTED_EDGE('',*,*,#7049,.T.);
#4902=ORIENTED_EDGE('',*,*,#7050,.F.);
#4903=ORIENTED_EDGE('',*,*,#7051,.F.);
#4904=ORIENTED_EDGE('',*,*,#7052,.F.);
#4905=ORIENTED_EDGE('',*,*,#7053,.F.);
#4906=ORIENTED_EDGE('',*,*,#7054,.T.);
#4907=ORIENTED_EDGE('',*,*,#7055,.T.);
#4908=ORIENTED_EDGE('',*,*,#7056,.T.);
#4909=ORIENTED_EDGE('',*,*,#7057,.T.);
#4910=ORIENTED_EDGE('',*,*,#7058,.T.);
#4911=ORIENTED_EDGE('',*,*,#7059,.T.);
#4912=ORIENTED_EDGE('',*,*,#7060,.T.);
#4913=ORIENTED_EDGE('',*,*,#7061,.T.);
#4914=ORIENTED_EDGE('',*,*,#7062,.T.);
#4915=ORIENTED_EDGE('',*,*,#7063,.T.);
#4916=ORIENTED_EDGE('',*,*,#7045,.T.);
#4917=ORIENTED_EDGE('',*,*,#7020,.T.);
#4918=ORIENTED_EDGE('',*,*,#7025,.F.);
#4919=ORIENTED_EDGE('',*,*,#7064,.T.);
#4920=ORIENTED_EDGE('',*,*,#7022,.F.);
#4921=ORIENTED_EDGE('',*,*,#7063,.F.);
#4922=ORIENTED_EDGE('',*,*,#7065,.F.);
#4923=ORIENTED_EDGE('',*,*,#7026,.T.);
#4924=ORIENTED_EDGE('',*,*,#7041,.F.);
#4925=ORIENTED_EDGE('',*,*,#7066,.T.);
#4926=ORIENTED_EDGE('',*,*,#7048,.T.);
#4927=ORIENTED_EDGE('',*,*,#7067,.F.);
#4928=ORIENTED_EDGE('',*,*,#7050,.T.);
#4929=ORIENTED_EDGE('',*,*,#7068,.T.);
#4930=ORIENTED_EDGE('',*,*,#7039,.F.);
#4931=ORIENTED_EDGE('',*,*,#7069,.F.);
#4932=ORIENTED_EDGE('',*,*,#7038,.F.);
#4933=ORIENTED_EDGE('',*,*,#7070,.F.);
#4934=ORIENTED_EDGE('',*,*,#7051,.T.);
#4935=ORIENTED_EDGE('',*,*,#7069,.T.);
#4936=ORIENTED_EDGE('',*,*,#7037,.F.);
#4937=ORIENTED_EDGE('',*,*,#7071,.F.);
#4938=ORIENTED_EDGE('',*,*,#7052,.T.);
#4939=ORIENTED_EDGE('',*,*,#7070,.T.);
#4940=ORIENTED_EDGE('',*,*,#7036,.F.);
#4941=ORIENTED_EDGE('',*,*,#7072,.T.);
#4942=ORIENTED_EDGE('',*,*,#7053,.T.);
#4943=ORIENTED_EDGE('',*,*,#7071,.T.);
#4944=ORIENTED_EDGE('',*,*,#7073,.T.);
#4945=ORIENTED_EDGE('',*,*,#7074,.T.);
#4946=ORIENTED_EDGE('',*,*,#7075,.T.);
#4947=ORIENTED_EDGE('',*,*,#7076,.T.);
#4948=ORIENTED_EDGE('',*,*,#7055,.F.);
#4949=ORIENTED_EDGE('',*,*,#7077,.T.);
#4950=ORIENTED_EDGE('',*,*,#7034,.T.);
#4951=ORIENTED_EDGE('',*,*,#7078,.F.);
#4952=ORIENTED_EDGE('',*,*,#7033,.T.);
#4953=ORIENTED_EDGE('',*,*,#7079,.F.);
#4954=ORIENTED_EDGE('',*,*,#7056,.F.);
#4955=ORIENTED_EDGE('',*,*,#7078,.T.);
#4956=ORIENTED_EDGE('',*,*,#7032,.T.);
#4957=ORIENTED_EDGE('',*,*,#7080,.F.);
#4958=ORIENTED_EDGE('',*,*,#7057,.F.);
#4959=ORIENTED_EDGE('',*,*,#7079,.T.);
#4960=ORIENTED_EDGE('',*,*,#7031,.T.);
#4961=ORIENTED_EDGE('',*,*,#7081,.T.);
#4962=ORIENTED_EDGE('',*,*,#7058,.F.);
#4963=ORIENTED_EDGE('',*,*,#7080,.T.);
#4964=ORIENTED_EDGE('',*,*,#7060,.F.);
#4965=ORIENTED_EDGE('',*,*,#7082,.T.);
#4966=ORIENTED_EDGE('',*,*,#7029,.T.);
#4967=ORIENTED_EDGE('',*,*,#7083,.T.);
#4968=ORIENTED_EDGE('',*,*,#7024,.F.);
#4969=ORIENTED_EDGE('',*,*,#7044,.T.);
#4970=ORIENTED_EDGE('',*,*,#7062,.F.);
#4971=ORIENTED_EDGE('',*,*,#7084,.F.);
#4972=ORIENTED_EDGE('',*,*,#7027,.T.);
#4973=ORIENTED_EDGE('',*,*,#7065,.T.);
#4974=ORIENTED_EDGE('',*,*,#7061,.F.);
#4975=ORIENTED_EDGE('',*,*,#7083,.F.);
#4976=ORIENTED_EDGE('',*,*,#7028,.T.);
#4977=ORIENTED_EDGE('',*,*,#7084,.T.);
#4978=ORIENTED_EDGE('',*,*,#7046,.T.);
#4979=ORIENTED_EDGE('',*,*,#7064,.F.);
#4980=ORIENTED_EDGE('',*,*,#7043,.F.);
#4981=ORIENTED_EDGE('',*,*,#7085,.T.);
#4982=ORIENTED_EDGE('',*,*,#7047,.T.);
#4983=ORIENTED_EDGE('',*,*,#7085,.F.);
#4984=ORIENTED_EDGE('',*,*,#7042,.F.);
#4985=ORIENTED_EDGE('',*,*,#7067,.T.);
#4986=ORIENTED_EDGE('',*,*,#7077,.F.);
#4987=ORIENTED_EDGE('',*,*,#7086,.T.);
#4988=ORIENTED_EDGE('',*,*,#7073,.F.);
#4989=ORIENTED_EDGE('',*,*,#7087,.T.);
#4990=ORIENTED_EDGE('',*,*,#7075,.F.);
#4991=ORIENTED_EDGE('',*,*,#7088,.T.);
#4992=ORIENTED_EDGE('',*,*,#7072,.F.);
#4993=ORIENTED_EDGE('',*,*,#7089,.T.);
#4994=ORIENTED_EDGE('',*,*,#7089,.F.);
#4995=ORIENTED_EDGE('',*,*,#7035,.F.);
#4996=ORIENTED_EDGE('',*,*,#7087,.F.);
#4997=ORIENTED_EDGE('',*,*,#7076,.F.);
#4998=ORIENTED_EDGE('',*,*,#7088,.F.);
#4999=ORIENTED_EDGE('',*,*,#7074,.F.);
#5000=ORIENTED_EDGE('',*,*,#7086,.F.);
#5001=ORIENTED_EDGE('',*,*,#7054,.F.);
#5002=ORIENTED_EDGE('',*,*,#7059,.F.);
#5003=ORIENTED_EDGE('',*,*,#7081,.F.);
#5004=ORIENTED_EDGE('',*,*,#7030,.F.);
#5005=ORIENTED_EDGE('',*,*,#7082,.F.);
#5006=ORIENTED_EDGE('',*,*,#7049,.F.);
#5007=ORIENTED_EDGE('',*,*,#7066,.F.);
#5008=ORIENTED_EDGE('',*,*,#7040,.F.);
#5009=ORIENTED_EDGE('',*,*,#7068,.F.);
#5010=VERTEX_POINT('',#12175);
#5011=VERTEX_POINT('',#12176);
#5012=VERTEX_POINT('',#12178);
#5013=VERTEX_POINT('',#12180);
#5014=VERTEX_POINT('',#12184);
#5015=VERTEX_POINT('',#12186);
#5016=VERTEX_POINT('',#12188);
#5017=VERTEX_POINT('',#12190);
#5018=VERTEX_POINT('',#12192);
#5019=VERTEX_POINT('',#12194);
#5020=VERTEX_POINT('',#12196);
#5021=VERTEX_POINT('',#12198);
#5022=VERTEX_POINT('',#12200);
#5023=VERTEX_POINT('',#12202);
#5024=VERTEX_POINT('',#12204);
#5025=VERTEX_POINT('',#12206);
#5026=VERTEX_POINT('',#12208);
#5027=VERTEX_POINT('',#12210);
#5028=VERTEX_POINT('',#12212);
#5029=VERTEX_POINT('',#12214);
#5030=VERTEX_POINT('',#12216);
#5031=VERTEX_POINT('',#12218);
#5032=VERTEX_POINT('',#12220);
#5033=VERTEX_POINT('',#12224);
#5034=VERTEX_POINT('',#12226);
#5035=VERTEX_POINT('',#12228);
#5036=VERTEX_POINT('',#12230);
#5037=VERTEX_POINT('',#12232);
#5038=VERTEX_POINT('',#12234);
#5039=VERTEX_POINT('',#12236);
#5040=VERTEX_POINT('',#12238);
#5041=VERTEX_POINT('',#12240);
#5042=VERTEX_POINT('',#12242);
#5043=VERTEX_POINT('',#12244);
#5044=VERTEX_POINT('',#12246);
#5045=VERTEX_POINT('',#12248);
#5046=VERTEX_POINT('',#12250);
#5047=VERTEX_POINT('',#12252);
#5048=VERTEX_POINT('',#12254);
#5049=VERTEX_POINT('',#12256);
#5050=VERTEX_POINT('',#12258);
#5051=VERTEX_POINT('',#12260);
#5052=VERTEX_POINT('',#12280);
#5053=VERTEX_POINT('',#12281);
#5054=VERTEX_POINT('',#12283);
#5055=VERTEX_POINT('',#12285);
#5056=VERTEX_POINT('',#12318);
#5057=VERTEX_POINT('',#12319);
#5058=VERTEX_POINT('',#12321);
#5059=VERTEX_POINT('',#12323);
#5060=VERTEX_POINT('',#12327);
#5061=VERTEX_POINT('',#12329);
#5062=VERTEX_POINT('',#12331);
#5063=VERTEX_POINT('',#12333);
#5064=VERTEX_POINT('',#12335);
#5065=VERTEX_POINT('',#12337);
#5066=VERTEX_POINT('',#12339);
#5067=VERTEX_POINT('',#12341);
#5068=VERTEX_POINT('',#12343);
#5069=VERTEX_POINT('',#12345);
#5070=VERTEX_POINT('',#12347);
#5071=VERTEX_POINT('',#12349);
#5072=VERTEX_POINT('',#12351);
#5073=VERTEX_POINT('',#12355);
#5074=VERTEX_POINT('',#12357);
#5075=VERTEX_POINT('',#12359);
#5076=VERTEX_POINT('',#12361);
#5077=VERTEX_POINT('',#12363);
#5078=VERTEX_POINT('',#12365);
#5079=VERTEX_POINT('',#12367);
#5080=VERTEX_POINT('',#12369);
#5081=VERTEX_POINT('',#12371);
#5082=VERTEX_POINT('',#12373);
#5083=VERTEX_POINT('',#12375);
#5084=VERTEX_POINT('',#12377);
#5085=VERTEX_POINT('',#12379);
#5086=VERTEX_POINT('',#12396);
#5087=VERTEX_POINT('',#12397);
#5088=VERTEX_POINT('',#12399);
#5089=VERTEX_POINT('',#12401);
#5090=VERTEX_POINT('',#12421);
#5091=VERTEX_POINT('',#12422);
#5092=VERTEX_POINT('',#12424);
#5093=VERTEX_POINT('',#12426);
#5094=VERTEX_POINT('',#12430);
#5095=VERTEX_POINT('',#12431);
#5096=VERTEX_POINT('',#12433);
#5097=VERTEX_POINT('',#12435);
#5098=VERTEX_POINT('',#12439);
#5099=VERTEX_POINT('',#12440);
#5100=VERTEX_POINT('',#12442);
#5101=VERTEX_POINT('',#12444);
#5102=VERTEX_POINT('',#12448);
#5103=VERTEX_POINT('',#12449);
#5104=VERTEX_POINT('',#12454);
#5105=VERTEX_POINT('',#12455);
#5106=VERTEX_POINT('',#12463);
#5107=VERTEX_POINT('',#12464);
#5108=VERTEX_POINT('',#12466);
#5109=VERTEX_POINT('',#12468);
#5110=VERTEX_POINT('',#12472);
#5111=VERTEX_POINT('',#12473);
#5112=VERTEX_POINT('',#12478);
#5113=VERTEX_POINT('',#12479);
#5114=VERTEX_POINT('',#12493);
#5115=VERTEX_POINT('',#12494);
#5116=VERTEX_POINT('',#12496);
#5117=VERTEX_POINT('',#12498);
#5118=VERTEX_POINT('',#12502);
#5119=VERTEX_POINT('',#12503);
#5120=VERTEX_POINT('',#12508);
#5121=VERTEX_POINT('',#12509);
#5122=VERTEX_POINT('',#12517);
#5123=VERTEX_POINT('',#12518);
#5124=VERTEX_POINT('',#12520);
#5125=VERTEX_POINT('',#12522);
#5126=VERTEX_POINT('',#12526);
#5127=VERTEX_POINT('',#12527);
#5128=VERTEX_POINT('',#12532);
#5129=VERTEX_POINT('',#12533);
#5130=VERTEX_POINT('',#12541);
#5131=VERTEX_POINT('',#12542);
#5132=VERTEX_POINT('',#12544);
#5133=VERTEX_POINT('',#12546);
#5134=VERTEX_POINT('',#12550);
#5135=VERTEX_POINT('',#12552);
#5136=VERTEX_POINT('',#12556);
#5137=VERTEX_POINT('',#12558);
#5138=VERTEX_POINT('',#12562);
#5139=VERTEX_POINT('',#12563);
#5140=VERTEX_POINT('',#12565);
#5141=VERTEX_POINT('',#12567);
#5142=VERTEX_POINT('',#12571);
#5143=VERTEX_POINT('',#12572);
#5144=VERTEX_POINT('',#12577);
#5145=VERTEX_POINT('',#12579);
#5146=VERTEX_POINT('',#12583);
#5147=VERTEX_POINT('',#12584);
#5148=VERTEX_POINT('',#12586);
#5149=VERTEX_POINT('',#12588);
#5150=VERTEX_POINT('',#12592);
#5151=VERTEX_POINT('',#12593);
#5152=VERTEX_POINT('',#12598);
#5153=VERTEX_POINT('',#12600);
#5154=VERTEX_POINT('',#12604);
#5155=VERTEX_POINT('',#12605);
#5156=VERTEX_POINT('',#12607);
#5157=VERTEX_POINT('',#12609);
#5158=VERTEX_POINT('',#12613);
#5159=VERTEX_POINT('',#12615);
#5160=VERTEX_POINT('',#12619);
#5161=VERTEX_POINT('',#12621);
#5162=VERTEX_POINT('',#12625);
#5163=VERTEX_POINT('',#12626);
#5164=VERTEX_POINT('',#12628);
#5165=VERTEX_POINT('',#12630);
#5166=VERTEX_POINT('',#12632);
#5167=VERTEX_POINT('',#12634);
#5168=VERTEX_POINT('',#12636);
#5169=VERTEX_POINT('',#12638);
#5170=VERTEX_POINT('',#12652);
#5171=VERTEX_POINT('',#12653);
#5172=VERTEX_POINT('',#12658);
#5173=VERTEX_POINT('',#12660);
#5174=VERTEX_POINT('',#12673);
#5175=VERTEX_POINT('',#12688);
#5176=VERTEX_POINT('',#12690);
#5177=VERTEX_POINT('',#12705);
#5178=VERTEX_POINT('',#12708);
#5179=VERTEX_POINT('',#12709);
#5180=VERTEX_POINT('',#12711);
#5181=VERTEX_POINT('',#12713);
#5182=VERTEX_POINT('',#12715);
#5183=VERTEX_POINT('',#12717);
#5184=VERTEX_POINT('',#12734);
#5185=VERTEX_POINT('',#12736);
#5186=VERTEX_POINT('',#12755);
#5187=VERTEX_POINT('',#12756);
#5188=VERTEX_POINT('',#12758);
#5189=VERTEX_POINT('',#12763);
#5190=VERTEX_POINT('',#12765);
#5191=VERTEX_POINT('',#12767);
#5192=VERTEX_POINT('',#12769);
#5193=VERTEX_POINT('',#12771);
#5194=VERTEX_POINT('',#12773);
#5195=VERTEX_POINT('',#12776);
#5196=VERTEX_POINT('',#12777);
#5197=VERTEX_POINT('',#12779);
#5198=VERTEX_POINT('',#12781);
#5199=VERTEX_POINT('',#12783);
#5200=VERTEX_POINT('',#12785);
#5201=VERTEX_POINT('',#12787);
#5202=VERTEX_POINT('',#12789);
#5203=VERTEX_POINT('',#12793);
#5204=VERTEX_POINT('',#12794);
#5205=VERTEX_POINT('',#12796);
#5206=VERTEX_POINT('',#12798);
#5207=VERTEX_POINT('',#12800);
#5208=VERTEX_POINT('',#12802);
#5209=VERTEX_POINT('',#12804);
#5210=VERTEX_POINT('',#12806);
#5211=VERTEX_POINT('',#12822);
#5212=VERTEX_POINT('',#12823);
#5213=VERTEX_POINT('',#12828);
#5214=VERTEX_POINT('',#12830);
#5215=VERTEX_POINT('',#12847);
#5216=VERTEX_POINT('',#12849);
#5217=VERTEX_POINT('',#12851);
#5218=VERTEX_POINT('',#12855);
#5219=VERTEX_POINT('',#12856);
#5220=VERTEX_POINT('',#12858);
#5221=VERTEX_POINT('',#12860);
#5222=VERTEX_POINT('',#12862);
#5223=VERTEX_POINT('',#12864);
#5224=VERTEX_POINT('',#12866);
#5225=VERTEX_POINT('',#12868);
#5226=VERTEX_POINT('',#12871);
#5227=VERTEX_POINT('',#12872);
#5228=VERTEX_POINT('',#12874);
#5229=VERTEX_POINT('',#12876);
#5230=VERTEX_POINT('',#12878);
#5231=VERTEX_POINT('',#12880);
#5232=VERTEX_POINT('',#12884);
#5233=VERTEX_POINT('',#12885);
#5234=VERTEX_POINT('',#12887);
#5235=VERTEX_POINT('',#12889);
#5236=VERTEX_POINT('',#12891);
#5237=VERTEX_POINT('',#12893);
#5238=VERTEX_POINT('',#12895);
#5239=VERTEX_POINT('',#12897);
#5240=VERTEX_POINT('',#12899);
#5241=VERTEX_POINT('',#12901);
#5242=VERTEX_POINT('',#12903);
#5243=VERTEX_POINT('',#12905);
#5244=VERTEX_POINT('',#12907);
#5245=VERTEX_POINT('',#12909);
#5246=VERTEX_POINT('',#12911);
#5247=VERTEX_POINT('',#12913);
#5248=VERTEX_POINT('',#12915);
#5249=VERTEX_POINT('',#12917);
#5250=VERTEX_POINT('',#12919);
#5251=VERTEX_POINT('',#12921);
#5252=VERTEX_POINT('',#12923);
#5253=VERTEX_POINT('',#12925);
#5254=VERTEX_POINT('',#12927);
#5255=VERTEX_POINT('',#12929);
#5256=VERTEX_POINT('',#12932);
#5257=VERTEX_POINT('',#12933);
#5258=VERTEX_POINT('',#12935);
#5259=VERTEX_POINT('',#12937);
#5260=VERTEX_POINT('',#12939);
#5261=VERTEX_POINT('',#12941);
#5262=VERTEX_POINT('',#12943);
#5263=VERTEX_POINT('',#12945);
#5264=VERTEX_POINT('',#12947);
#5265=VERTEX_POINT('',#12949);
#5266=VERTEX_POINT('',#12951);
#5267=VERTEX_POINT('',#12953);
#5268=VERTEX_POINT('',#12955);
#5269=VERTEX_POINT('',#12957);
#5270=VERTEX_POINT('',#12959);
#5271=VERTEX_POINT('',#12961);
#5272=VERTEX_POINT('',#12964);
#5273=VERTEX_POINT('',#12966);
#5274=VERTEX_POINT('',#12970);
#5275=VERTEX_POINT('',#12972);
#5276=VERTEX_POINT('',#12977);
#5277=VERTEX_POINT('',#12986);
#5278=VERTEX_POINT('',#12995);
#5279=VERTEX_POINT('',#13004);
#5280=VERTEX_POINT('',#13013);
#5281=VERTEX_POINT('',#13014);
#5282=VERTEX_POINT('',#13016);
#5283=VERTEX_POINT('',#13018);
#5284=VERTEX_POINT('',#13020);
#5285=VERTEX_POINT('',#13022);
#5286=VERTEX_POINT('',#13026);
#5287=VERTEX_POINT('',#13027);
#5288=VERTEX_POINT('',#13029);
#5289=VERTEX_POINT('',#13031);
#5290=VERTEX_POINT('',#13033);
#5291=VERTEX_POINT('',#13035);
#5292=VERTEX_POINT('',#13037);
#5293=VERTEX_POINT('',#13039);
#5294=VERTEX_POINT('',#13041);
#5295=VERTEX_POINT('',#13045);
#5296=VERTEX_POINT('',#13047);
#5297=VERTEX_POINT('',#13051);
#5298=VERTEX_POINT('',#13053);
#5299=VERTEX_POINT('',#13057);
#5300=VERTEX_POINT('',#13058);
#5301=VERTEX_POINT('',#13060);
#5302=VERTEX_POINT('',#13062);
#5303=VERTEX_POINT('',#13064);
#5304=VERTEX_POINT('',#13066);
#5305=VERTEX_POINT('',#13068);
#5306=VERTEX_POINT('',#13070);
#5307=VERTEX_POINT('',#13072);
#5308=VERTEX_POINT('',#13076);
#5309=VERTEX_POINT('',#13077);
#5310=VERTEX_POINT('',#13079);
#5311=VERTEX_POINT('',#13081);
#5312=VERTEX_POINT('',#13083);
#5313=VERTEX_POINT('',#13085);
#5314=VERTEX_POINT('',#13089);
#5315=VERTEX_POINT('',#13091);
#5316=VERTEX_POINT('',#13095);
#5317=VERTEX_POINT('',#13115);
#5318=VERTEX_POINT('',#13119);
#5319=VERTEX_POINT('',#13120);
#5320=VERTEX_POINT('',#13123);
#5321=VERTEX_POINT('',#13125);
#5322=VERTEX_POINT('',#13129);
#5323=VERTEX_POINT('',#13130);
#5324=VERTEX_POINT('',#13132);
#5325=VERTEX_POINT('',#13134);
#5326=VERTEX_POINT('',#13139);
#5327=VERTEX_POINT('',#13141);
#5328=VERTEX_POINT('',#13145);
#5329=VERTEX_POINT('',#13147);
#5330=VERTEX_POINT('',#13149);
#5331=VERTEX_POINT('',#13153);
#5332=VERTEX_POINT('',#13155);
#5333=VERTEX_POINT('',#13159);
#5334=VERTEX_POINT('',#13160);
#5335=VERTEX_POINT('',#13162);
#5336=VERTEX_POINT('',#13164);
#5337=VERTEX_POINT('',#13167);
#5338=VERTEX_POINT('',#13168);
#5339=VERTEX_POINT('',#13170);
#5340=VERTEX_POINT('',#13172);
#5341=VERTEX_POINT('',#13175);
#5342=VERTEX_POINT('',#13176);
#5343=VERTEX_POINT('',#13178);
#5344=VERTEX_POINT('',#13180);
#5345=VERTEX_POINT('',#13183);
#5346=VERTEX_POINT('',#13184);
#5347=VERTEX_POINT('',#13186);
#5348=VERTEX_POINT('',#13188);
#5349=VERTEX_POINT('',#13191);
#5350=VERTEX_POINT('',#13192);
#5351=VERTEX_POINT('',#13194);
#5352=VERTEX_POINT('',#13196);
#5353=VERTEX_POINT('',#13199);
#5354=VERTEX_POINT('',#13200);
#5355=VERTEX_POINT('',#13202);
#5356=VERTEX_POINT('',#13204);
#5357=VERTEX_POINT('',#13209);
#5358=VERTEX_POINT('',#13211);
#5359=VERTEX_POINT('',#13219);
#5360=VERTEX_POINT('',#13221);
#5361=VERTEX_POINT('',#13225);
#5362=VERTEX_POINT('',#13227);
#5363=VERTEX_POINT('',#13232);
#5364=VERTEX_POINT('',#13234);
#5365=VERTEX_POINT('',#13239);
#5366=VERTEX_POINT('',#13241);
#5367=VERTEX_POINT('',#13245);
#5368=VERTEX_POINT('',#13247);
#5369=VERTEX_POINT('',#13251);
#5370=VERTEX_POINT('',#13253);
#5371=VERTEX_POINT('',#13257);
#5372=VERTEX_POINT('',#13259);
#5373=VERTEX_POINT('',#13263);
#5374=VERTEX_POINT('',#13265);
#5375=VERTEX_POINT('',#13269);
#5376=VERTEX_POINT('',#13270);
#5377=VERTEX_POINT('',#13272);
#5378=VERTEX_POINT('',#13274);
#5379=VERTEX_POINT('',#13276);
#5380=VERTEX_POINT('',#13278);
#5381=VERTEX_POINT('',#13280);
#5382=VERTEX_POINT('',#13282);
#5383=VERTEX_POINT('',#13284);
#5384=VERTEX_POINT('',#13286);
#5385=VERTEX_POINT('',#13288);
#5386=VERTEX_POINT('',#13290);
#5387=VERTEX_POINT('',#13292);
#5388=VERTEX_POINT('',#13294);
#5389=VERTEX_POINT('',#13296);
#5390=VERTEX_POINT('',#13298);
#5391=VERTEX_POINT('',#13300);
#5392=VERTEX_POINT('',#13302);
#5393=VERTEX_POINT('',#13304);
#5394=VERTEX_POINT('',#13306);
#5395=VERTEX_POINT('',#13309);
#5396=VERTEX_POINT('',#13312);
#5397=VERTEX_POINT('',#13314);
#5398=VERTEX_POINT('',#13320);
#5399=VERTEX_POINT('',#13322);
#5400=VERTEX_POINT('',#13326);
#5401=VERTEX_POINT('',#13328);
#5402=VERTEX_POINT('',#13334);
#5403=VERTEX_POINT('',#13336);
#5404=VERTEX_POINT('',#13340);
#5405=VERTEX_POINT('',#13342);
#5406=VERTEX_POINT('',#13346);
#5407=VERTEX_POINT('',#13348);
#5408=VERTEX_POINT('',#13353);
#5409=VERTEX_POINT('',#13358);
#5410=VERTEX_POINT('',#13663);
#5411=VERTEX_POINT('',#13665);
#5412=VERTEX_POINT('',#13785);
#5413=VERTEX_POINT('',#13787);
#5414=VERTEX_POINT('',#13807);
#5415=VERTEX_POINT('',#13809);
#5416=VERTEX_POINT('',#13813);
#5417=VERTEX_POINT('',#13817);
#5418=VERTEX_POINT('',#13821);
#5419=VERTEX_POINT('',#13825);
#5420=VERTEX_POINT('',#13832);
#5421=VERTEX_POINT('',#13837);
#5422=VERTEX_POINT('',#13844);
#5423=VERTEX_POINT('',#13863);
#5424=VERTEX_POINT('',#13882);
#5425=VERTEX_POINT('',#13886);
#5426=VERTEX_POINT('',#13890);
#5427=VERTEX_POINT('',#13923);
#5428=VERTEX_POINT('',#13924);
#5429=VERTEX_POINT('',#13926);
#5430=VERTEX_POINT('',#13928);
#5431=VERTEX_POINT('',#13932);
#5432=VERTEX_POINT('',#13934);
#5433=VERTEX_POINT('',#13938);
#5434=VERTEX_POINT('',#13940);
#5435=VERTEX_POINT('',#13947);
#5436=VERTEX_POINT('',#13954);
#5437=VERTEX_POINT('',#13958);
#5438=VERTEX_POINT('',#13962);
#5439=VERTEX_POINT('',#13966);
#5440=VERTEX_POINT('',#13970);
#5441=VERTEX_POINT('',#13974);
#5442=VERTEX_POINT('',#13985);
#5443=VERTEX_POINT('',#13990);
#5444=VERTEX_POINT('',#13997);
#5445=VERTEX_POINT('',#14012);
#5446=VERTEX_POINT('',#14040);
#5447=VERTEX_POINT('',#14057);
#5448=VERTEX_POINT('',#14074);
#5449=VERTEX_POINT('',#14091);
#5450=VERTEX_POINT('',#14120);
#5451=VERTEX_POINT('',#14122);
#5452=VERTEX_POINT('',#14126);
#5453=VERTEX_POINT('',#14160);
#5454=VERTEX_POINT('',#14164);
#5455=VERTEX_POINT('',#14198);
#5456=VERTEX_POINT('',#14202);
#5457=VERTEX_POINT('',#14206);
#5458=VERTEX_POINT('',#14213);
#5459=VERTEX_POINT('',#14214);
#5460=VERTEX_POINT('',#14216);
#5461=VERTEX_POINT('',#14218);
#5462=VERTEX_POINT('',#14230);
#5463=VERTEX_POINT('',#14231);
#5464=VERTEX_POINT('',#14233);
#5465=VERTEX_POINT('',#14235);
#5466=VERTEX_POINT('',#14247);
#5467=VERTEX_POINT('',#14248);
#5468=VERTEX_POINT('',#14250);
#5469=VERTEX_POINT('',#14252);
#5470=VERTEX_POINT('',#14264);
#5471=VERTEX_POINT('',#14265);
#5472=VERTEX_POINT('',#14267);
#5473=VERTEX_POINT('',#14269);
#5474=VERTEX_POINT('',#14281);
#5475=VERTEX_POINT('',#14282);
#5476=VERTEX_POINT('',#14284);
#5477=VERTEX_POINT('',#14286);
#5478=VERTEX_POINT('',#14298);
#5479=VERTEX_POINT('',#14299);
#5480=VERTEX_POINT('',#14301);
#5481=VERTEX_POINT('',#14303);
#5482=VERTEX_POINT('',#14315);
#5483=VERTEX_POINT('',#14316);
#5484=VERTEX_POINT('',#14318);
#5485=VERTEX_POINT('',#14320);
#5486=VERTEX_POINT('',#14322);
#5487=VERTEX_POINT('',#14324);
#5488=VERTEX_POINT('',#14344);
#5489=VERTEX_POINT('',#14346);
#5490=VERTEX_POINT('',#14366);
#5491=VERTEX_POINT('',#14368);
#5492=VERTEX_POINT('',#14370);
#5493=VERTEX_POINT('',#14372);
#5494=VERTEX_POINT('',#14376);
#5495=VERTEX_POINT('',#14378);
#5496=VERTEX_POINT('',#14380);
#5497=VERTEX_POINT('',#14382);
#5498=VERTEX_POINT('',#14384);
#5499=VERTEX_POINT('',#14386);
#5500=VERTEX_POINT('',#14388);
#5501=VERTEX_POINT('',#14390);
#5502=VERTEX_POINT('',#14392);
#5503=VERTEX_POINT('',#14394);
#5504=VERTEX_POINT('',#14396);
#5505=VERTEX_POINT('',#14399);
#5506=VERTEX_POINT('',#14401);
#5507=VERTEX_POINT('',#14405);
#5508=VERTEX_POINT('',#14407);
#5509=VERTEX_POINT('',#14409);
#5510=VERTEX_POINT('',#14411);
#5511=VERTEX_POINT('',#14414);
#5512=VERTEX_POINT('',#14416);
#5513=VERTEX_POINT('',#14418);
#5514=VERTEX_POINT('',#14420);
#5515=VERTEX_POINT('',#14422);
#5516=VERTEX_POINT('',#14424);
#5517=VERTEX_POINT('',#14426);
#5518=VERTEX_POINT('',#14428);
#5519=VERTEX_POINT('',#14430);
#5520=VERTEX_POINT('',#14438);
#5521=VERTEX_POINT('',#14440);
#5522=VERTEX_POINT('',#14444);
#5523=VERTEX_POINT('',#14446);
#5524=VERTEX_POINT('',#14470);
#5525=VERTEX_POINT('',#14471);
#5526=VERTEX_POINT('',#14473);
#5527=VERTEX_POINT('',#14475);
#5528=VERTEX_POINT('',#14494);
#5529=VERTEX_POINT('',#14495);
#5530=VERTEX_POINT('',#14497);
#5531=VERTEX_POINT('',#14499);
#5532=VERTEX_POINT('',#14501);
#5533=VERTEX_POINT('',#14503);
#5534=VERTEX_POINT('',#14505);
#5535=VERTEX_POINT('',#14507);
#5536=VERTEX_POINT('',#14509);
#5537=VERTEX_POINT('',#14511);
#5538=VERTEX_POINT('',#14513);
#5539=VERTEX_POINT('',#14515);
#5540=VERTEX_POINT('',#14517);
#5541=VERTEX_POINT('',#14519);
#5542=VERTEX_POINT('',#14523);
#5543=VERTEX_POINT('',#14525);
#5544=VERTEX_POINT('',#14529);
#5545=VERTEX_POINT('',#14531);
#5546=VERTEX_POINT('',#14535);
#5547=VERTEX_POINT('',#14537);
#5548=VERTEX_POINT('',#14539);
#5549=VERTEX_POINT('',#14541);
#5550=VERTEX_POINT('',#14543);
#5551=VERTEX_POINT('',#14546);
#5552=VERTEX_POINT('',#14548);
#5553=VERTEX_POINT('',#14550);
#5554=VERTEX_POINT('',#14552);
#5555=VERTEX_POINT('',#14554);
#5556=VERTEX_POINT('',#14558);
#5557=VERTEX_POINT('',#14559);
#5558=VERTEX_POINT('',#14561);
#5559=VERTEX_POINT('',#14563);
#5560=VERTEX_POINT('',#14565);
#5561=VERTEX_POINT('',#14567);
#5562=VERTEX_POINT('',#14571);
#5563=VERTEX_POINT('',#14573);
#5564=VERTEX_POINT('',#14577);
#5565=VERTEX_POINT('',#14579);
#5566=VERTEX_POINT('',#14584);
#5567=VERTEX_POINT('',#14586);
#5568=VERTEX_POINT('',#14616);
#5569=VERTEX_POINT('',#14617);
#5570=VERTEX_POINT('',#14619);
#5571=VERTEX_POINT('',#14621);
#5572=VERTEX_POINT('',#14623);
#5573=VERTEX_POINT('',#14627);
#5574=VERTEX_POINT('',#14628);
#5575=VERTEX_POINT('',#14630);
#5576=VERTEX_POINT('',#14632);
#5577=VERTEX_POINT('',#14634);
#5578=VERTEX_POINT('',#14638);
#5579=VERTEX_POINT('',#14639);
#5580=VERTEX_POINT('',#14641);
#5581=VERTEX_POINT('',#14643);
#5582=VERTEX_POINT('',#14646);
#5583=VERTEX_POINT('',#14647);
#5584=VERTEX_POINT('',#14649);
#5585=VERTEX_POINT('',#14651);
#5586=VERTEX_POINT('',#14653);
#5587=VERTEX_POINT('',#14655);
#5588=VERTEX_POINT('',#14657);
#5589=VERTEX_POINT('',#14659);
#5590=VERTEX_POINT('',#14661);
#5591=VERTEX_POINT('',#14663);
#5592=VERTEX_POINT('',#14665);
#5593=VERTEX_POINT('',#14667);
#5594=VERTEX_POINT('',#14669);
#5595=VERTEX_POINT('',#14671);
#5596=VERTEX_POINT('',#14673);
#5597=VERTEX_POINT('',#14675);
#5598=VERTEX_POINT('',#14677);
#5599=VERTEX_POINT('',#14679);
#5600=VERTEX_POINT('',#14681);
#5601=VERTEX_POINT('',#14683);
#5602=VERTEX_POINT('',#14685);
#5603=VERTEX_POINT('',#14687);
#5604=VERTEX_POINT('',#14689);
#5605=VERTEX_POINT('',#14691);
#5606=VERTEX_POINT('',#14693);
#5607=VERTEX_POINT('',#14695);
#5608=VERTEX_POINT('',#14697);
#5609=VERTEX_POINT('',#14699);
#5610=VERTEX_POINT('',#14701);
#5611=VERTEX_POINT('',#14703);
#5612=VERTEX_POINT('',#14705);
#5613=VERTEX_POINT('',#14707);
#5614=VERTEX_POINT('',#14709);
#5615=VERTEX_POINT('',#14713);
#5616=VERTEX_POINT('',#14715);
#5617=VERTEX_POINT('',#14717);
#5618=VERTEX_POINT('',#14720);
#5619=VERTEX_POINT('',#14722);
#5620=VERTEX_POINT('',#14726);
#5621=VERTEX_POINT('',#14728);
#5622=VERTEX_POINT('',#14730);
#5623=VERTEX_POINT('',#14735);
#5624=VERTEX_POINT('',#14737);
#5625=VERTEX_POINT('',#14739);
#5626=VERTEX_POINT('',#14741);
#5627=VERTEX_POINT('',#14743);
#5628=VERTEX_POINT('',#14745);
#5629=VERTEX_POINT('',#14747);
#5630=VERTEX_POINT('',#14749);
#5631=VERTEX_POINT('',#14751);
#5632=VERTEX_POINT('',#14753);
#5633=VERTEX_POINT('',#14755);
#5634=VERTEX_POINT('',#14757);
#5635=VERTEX_POINT('',#14759);
#5636=VERTEX_POINT('',#14761);
#5637=VERTEX_POINT('',#14763);
#5638=VERTEX_POINT('',#14765);
#5639=VERTEX_POINT('',#14769);
#5640=VERTEX_POINT('',#14771);
#5641=VERTEX_POINT('',#14773);
#5642=VERTEX_POINT('',#14776);
#5643=VERTEX_POINT('',#14778);
#5644=VERTEX_POINT('',#14780);
#5645=VERTEX_POINT('',#14782);
#5646=VERTEX_POINT('',#14784);
#5647=VERTEX_POINT('',#14786);
#5648=VERTEX_POINT('',#14788);
#5649=VERTEX_POINT('',#14790);
#5650=VERTEX_POINT('',#14792);
#5651=VERTEX_POINT('',#14794);
#5652=VERTEX_POINT('',#14796);
#5653=VERTEX_POINT('',#14798);
#5654=VERTEX_POINT('',#14800);
#5655=VERTEX_POINT('',#14804);
#5656=VERTEX_POINT('',#14805);
#5657=VERTEX_POINT('',#14810);
#5658=VERTEX_POINT('',#14812);
#5659=VERTEX_POINT('',#14814);
#5660=VERTEX_POINT('',#14816);
#5661=VERTEX_POINT('',#14818);
#5662=VERTEX_POINT('',#14822);
#5663=VERTEX_POINT('',#14823);
#5664=VERTEX_POINT('',#14828);
#5665=VERTEX_POINT('',#14830);
#5666=VERTEX_POINT('',#14832);
#5667=VERTEX_POINT('',#14834);
#5668=VERTEX_POINT('',#14836);
#5669=VERTEX_POINT('',#14840);
#5670=VERTEX_POINT('',#14842);
#5671=VERTEX_POINT('',#14845);
#5672=VERTEX_POINT('',#14849);
#5673=VERTEX_POINT('',#14850);
#5674=VERTEX_POINT('',#14853);
#5675=VERTEX_POINT('',#14858);
#5676=VERTEX_POINT('',#14860);
#5677=VERTEX_POINT('',#14862);
#5678=VERTEX_POINT('',#14863);
#5679=VERTEX_POINT('',#14865);
#5680=VERTEX_POINT('',#14867);
#5681=VERTEX_POINT('',#14869);
#5682=VERTEX_POINT('',#14871);
#5683=VERTEX_POINT('',#14875);
#5684=VERTEX_POINT('',#14876);
#5685=VERTEX_POINT('',#14878);
#5686=VERTEX_POINT('',#14880);
#5687=VERTEX_POINT('',#14882);
#5688=VERTEX_POINT('',#14884);
#5689=VERTEX_POINT('',#14891);
#5690=VERTEX_POINT('',#14893);
#5691=VERTEX_POINT('',#14895);
#5692=VERTEX_POINT('',#14899);
#5693=VERTEX_POINT('',#14902);
#5694=VERTEX_POINT('',#14904);
#5695=VERTEX_POINT('',#14908);
#5696=VERTEX_POINT('',#14909);
#5697=VERTEX_POINT('',#14911);
#5698=VERTEX_POINT('',#14913);
#5699=VERTEX_POINT('',#14915);
#5700=VERTEX_POINT('',#14917);
#5701=VERTEX_POINT('',#14921);
#5702=VERTEX_POINT('',#14922);
#5703=VERTEX_POINT('',#14924);
#5704=VERTEX_POINT('',#14926);
#5705=VERTEX_POINT('',#14930);
#5706=VERTEX_POINT('',#14931);
#5707=VERTEX_POINT('',#14933);
#5708=VERTEX_POINT('',#14935);
#5709=VERTEX_POINT('',#14940);
#5710=VERTEX_POINT('',#14942);
#5711=VERTEX_POINT('',#14946);
#5712=VERTEX_POINT('',#14948);
#5713=VERTEX_POINT('',#14952);
#5714=VERTEX_POINT('',#14954);
#5715=VERTEX_POINT('',#14958);
#5716=VERTEX_POINT('',#14960);
#5717=VERTEX_POINT('',#14969);
#5718=VERTEX_POINT('',#14970);
#5719=VERTEX_POINT('',#14972);
#5720=VERTEX_POINT('',#14974);
#5721=VERTEX_POINT('',#14986);
#5722=VERTEX_POINT('',#14988);
#5723=VERTEX_POINT('',#14992);
#5724=VERTEX_POINT('',#14994);
#5725=VERTEX_POINT('',#15003);
#5726=VERTEX_POINT('',#15005);
#5727=VERTEX_POINT('',#15007);
#5728=VERTEX_POINT('',#15011);
#5729=VERTEX_POINT('',#15013);
#5730=VERTEX_POINT('',#15023);
#5731=VERTEX_POINT('',#15025);
#5732=VERTEX_POINT('',#15032);
#5733=VERTEX_POINT('',#15034);
#5734=VERTEX_POINT('',#15040);
#5735=VERTEX_POINT('',#15042);
#5736=VERTEX_POINT('',#15046);
#5737=VERTEX_POINT('',#15048);
#5738=VERTEX_POINT('',#15084);
#5739=VERTEX_POINT('',#15085);
#5740=VERTEX_POINT('',#15087);
#5741=VERTEX_POINT('',#15089);
#5742=VERTEX_POINT('',#15101);
#5743=VERTEX_POINT('',#15102);
#5744=VERTEX_POINT('',#15104);
#5745=VERTEX_POINT('',#15106);
#5746=VERTEX_POINT('',#15118);
#5747=VERTEX_POINT('',#15119);
#5748=VERTEX_POINT('',#15121);
#5749=VERTEX_POINT('',#15123);
#5750=VERTEX_POINT('',#15135);
#5751=VERTEX_POINT('',#15136);
#5752=VERTEX_POINT('',#15138);
#5753=VERTEX_POINT('',#15140);
#5754=VERTEX_POINT('',#15152);
#5755=VERTEX_POINT('',#15154);
#5756=VERTEX_POINT('',#15161);
#5757=VERTEX_POINT('',#15162);
#5758=VERTEX_POINT('',#15164);
#5759=VERTEX_POINT('',#15166);
#5760=VERTEX_POINT('',#15168);
#5761=VERTEX_POINT('',#15172);
#5762=VERTEX_POINT('',#15174);
#5763=VERTEX_POINT('',#15176);
#5764=VERTEX_POINT('',#15180);
#5765=VERTEX_POINT('',#15182);
#5766=VERTEX_POINT('',#15183);
#5767=VERTEX_POINT('',#15188);
#5768=VERTEX_POINT('',#15192);
#5769=VERTEX_POINT('',#15196);
#5770=VERTEX_POINT('',#15199);
#5771=VERTEX_POINT('',#15202);
#5772=VERTEX_POINT('',#15269);
#5773=VERTEX_POINT('',#15273);
#5774=VERTEX_POINT('',#15279);
#5775=VERTEX_POINT('',#15291);
#5776=VERTEX_POINT('',#15293);
#5777=VERTEX_POINT('',#15297);
#5778=VERTEX_POINT('',#15301);
#5779=VERTEX_POINT('',#15313);
#5780=VERTEX_POINT('',#15317);
#5781=VERTEX_POINT('',#15321);
#5782=VERTEX_POINT('',#15322);
#5783=VERTEX_POINT('',#15339);
#5784=VERTEX_POINT('',#15340);
#5785=VERTEX_POINT('',#15342);
#5786=VERTEX_POINT('',#15344);
#5787=VERTEX_POINT('',#15348);
#5788=VERTEX_POINT('',#15350);
#5789=VERTEX_POINT('',#15352);
#5790=VERTEX_POINT('',#15354);
#5791=VERTEX_POINT('',#15356);
#5792=VERTEX_POINT('',#15358);
#5793=VERTEX_POINT('',#15360);
#5794=VERTEX_POINT('',#15362);
#5795=VERTEX_POINT('',#15364);
#5796=VERTEX_POINT('',#15366);
#5797=VERTEX_POINT('',#15368);
#5798=VERTEX_POINT('',#15370);
#5799=VERTEX_POINT('',#15372);
#5800=VERTEX_POINT('',#15374);
#5801=VERTEX_POINT('',#15376);
#5802=VERTEX_POINT('',#15378);
#5803=VERTEX_POINT('',#15380);
#5804=VERTEX_POINT('',#15382);
#5805=VERTEX_POINT('',#15384);
#5806=VERTEX_POINT('',#15388);
#5807=VERTEX_POINT('',#15390);
#5808=VERTEX_POINT('',#15392);
#5809=VERTEX_POINT('',#15394);
#5810=VERTEX_POINT('',#15396);
#5811=VERTEX_POINT('',#15398);
#5812=VERTEX_POINT('',#15400);
#5813=VERTEX_POINT('',#15402);
#5814=VERTEX_POINT('',#15404);
#5815=VERTEX_POINT('',#15406);
#5816=VERTEX_POINT('',#15408);
#5817=VERTEX_POINT('',#15410);
#5818=VERTEX_POINT('',#15412);
#5819=VERTEX_POINT('',#15414);
#5820=VERTEX_POINT('',#15416);
#5821=VERTEX_POINT('',#15418);
#5822=VERTEX_POINT('',#15420);
#5823=VERTEX_POINT('',#15422);
#5824=VERTEX_POINT('',#15424);
#5825=VERTEX_POINT('',#15444);
#5826=VERTEX_POINT('',#15445);
#5827=VERTEX_POINT('',#15447);
#5828=VERTEX_POINT('',#15449);
#5829=EDGE_CURVE('',#5010,#5011,#7090,.T.);
#5830=EDGE_CURVE('',#5010,#5012,#7091,.T.);
#5831=EDGE_CURVE('',#5012,#5013,#7092,.T.);
#5832=EDGE_CURVE('',#5011,#5013,#7093,.T.);
#5833=EDGE_CURVE('',#5014,#5014,#438,.T.);
#5834=EDGE_CURVE('',#5015,#5011,#7094,.T.);
#5835=EDGE_CURVE('',#5016,#5013,#7095,.T.);
#5836=EDGE_CURVE('',#5017,#5016,#7096,.T.);
#5837=EDGE_CURVE('',#5018,#5017,#7097,.T.);
#5838=EDGE_CURVE('',#5019,#5018,#7098,.T.);
#5839=EDGE_CURVE('',#5019,#5020,#439,.T.);
#5840=EDGE_CURVE('',#5021,#5020,#7099,.T.);
#5841=EDGE_CURVE('',#5022,#5021,#7100,.T.);
#5842=EDGE_CURVE('',#5023,#5022,#7101,.T.);
#5843=EDGE_CURVE('',#5024,#5023,#7102,.T.);
#5844=EDGE_CURVE('',#5024,#5025,#7103,.T.);
#5845=EDGE_CURVE('',#5025,#5026,#7104,.T.);
#5846=EDGE_CURVE('',#5026,#5027,#7105,.T.);
#5847=EDGE_CURVE('',#5027,#5028,#7106,.T.);
#5848=EDGE_CURVE('',#5028,#5029,#7107,.T.);
#5849=EDGE_CURVE('',#5029,#5030,#440,.T.);
#5850=EDGE_CURVE('',#5030,#5031,#7108,.T.);
#5851=EDGE_CURVE('',#5031,#5032,#7109,.T.);
#5852=EDGE_CURVE('',#5032,#5015,#7110,.T.);
#5853=EDGE_CURVE('',#5033,#5033,#441,.T.);
#5854=EDGE_CURVE('',#5034,#5010,#7111,.T.);
#5855=EDGE_CURVE('',#5035,#5034,#7112,.T.);
#5856=EDGE_CURVE('',#5036,#5035,#7113,.T.);
#5857=EDGE_CURVE('',#5037,#5036,#7114,.T.);
#5858=EDGE_CURVE('',#5037,#5038,#442,.T.);
#5859=EDGE_CURVE('',#5039,#5038,#7115,.T.);
#5860=EDGE_CURVE('',#5040,#5039,#7116,.T.);
#5861=EDGE_CURVE('',#5041,#5040,#7117,.T.);
#5862=EDGE_CURVE('',#5042,#5041,#7118,.T.);
#5863=EDGE_CURVE('',#5042,#5043,#7119,.T.);
#5864=EDGE_CURVE('',#5043,#5044,#7120,.T.);
#5865=EDGE_CURVE('',#5044,#5045,#7121,.T.);
#5866=EDGE_CURVE('',#5045,#5046,#7122,.T.);
#5867=EDGE_CURVE('',#5046,#5047,#7123,.T.);
#5868=EDGE_CURVE('',#5047,#5048,#443,.T.);
#5869=EDGE_CURVE('',#5048,#5049,#7124,.T.);
#5870=EDGE_CURVE('',#5049,#5050,#7125,.T.);
#5871=EDGE_CURVE('',#5050,#5051,#7126,.T.);
#5872=EDGE_CURVE('',#5051,#5012,#7127,.T.);
#5873=EDGE_CURVE('',#5015,#5034,#7128,.T.);
#5874=EDGE_CURVE('',#5016,#5051,#7129,.T.);
#5875=EDGE_CURVE('',#5030,#5037,#7130,.T.);
#5876=EDGE_CURVE('',#5031,#5036,#7131,.T.);
#5877=EDGE_CURVE('',#5038,#5029,#7132,.T.);
#5878=EDGE_CURVE('',#5039,#5028,#7133,.T.);
#5879=EDGE_CURVE('',#5040,#5027,#7134,.T.);
#5880=EDGE_CURVE('',#5041,#5026,#7135,.T.);
#5881=EDGE_CURVE('',#5025,#5042,#7136,.T.);
#5882=EDGE_CURVE('',#5052,#5053,#7137,.T.);
#5883=EDGE_CURVE('',#5053,#5054,#7138,.T.);
#5884=EDGE_CURVE('',#5054,#5055,#7139,.T.);
#5885=EDGE_CURVE('',#5055,#5052,#7140,.T.);
#5886=EDGE_CURVE('',#5043,#5024,#7141,.T.);
#5887=EDGE_CURVE('',#5044,#5023,#7142,.T.);
#5888=EDGE_CURVE('',#5045,#5022,#7143,.T.);
#5889=EDGE_CURVE('',#5046,#5021,#7144,.T.);
#5890=EDGE_CURVE('',#5020,#5047,#7145,.T.);
#5891=EDGE_CURVE('',#5048,#5019,#7146,.T.);
#5892=EDGE_CURVE('',#5018,#5049,#7147,.T.);
#5893=EDGE_CURVE('',#5017,#5050,#7148,.T.);
#5894=EDGE_CURVE('',#5032,#5035,#7149,.T.);
#5895=EDGE_CURVE('',#5043,#5053,#7150,.T.);
#5896=EDGE_CURVE('',#5052,#5024,#7151,.T.);
#5897=EDGE_CURVE('',#5054,#5042,#7152,.T.);
#5898=EDGE_CURVE('',#5025,#5055,#7153,.T.);
#5899=EDGE_CURVE('',#5056,#5057,#7154,.T.);
#5900=EDGE_CURVE('',#5057,#5058,#7155,.T.);
#5901=EDGE_CURVE('',#5059,#5058,#7156,.T.);
#5902=EDGE_CURVE('',#5059,#5056,#7157,.T.);
#5903=EDGE_CURVE('',#5060,#5060,#444,.T.);
#5904=EDGE_CURVE('',#5061,#5059,#7158,.T.);
#5905=EDGE_CURVE('',#5062,#5058,#7159,.T.);
#5906=EDGE_CURVE('',#5062,#5063,#7160,.T.);
#5907=EDGE_CURVE('',#5063,#5064,#445,.T.);
#5908=EDGE_CURVE('',#5064,#5065,#7161,.T.);
#5909=EDGE_CURVE('',#5065,#5066,#7162,.T.);
#5910=EDGE_CURVE('',#5066,#5067,#7163,.T.);
#5911=EDGE_CURVE('',#5067,#5068,#7164,.T.);
#5912=EDGE_CURVE('',#5068,#5069,#7165,.T.);
#5913=EDGE_CURVE('',#5070,#5069,#7166,.T.);
#5914=EDGE_CURVE('',#5071,#5070,#7167,.T.);
#5915=EDGE_CURVE('',#5071,#5072,#446,.T.);
#5916=EDGE_CURVE('',#5061,#5072,#7168,.T.);
#5917=EDGE_CURVE('',#5073,#5073,#447,.T.);
#5918=EDGE_CURVE('',#5074,#5056,#7169,.T.);
#5919=EDGE_CURVE('',#5074,#5075,#7170,.T.);
#5920=EDGE_CURVE('',#5075,#5076,#448,.T.);
#5921=EDGE_CURVE('',#5076,#5077,#7171,.T.);
#5922=EDGE_CURVE('',#5077,#5078,#7172,.T.);
#5923=EDGE_CURVE('',#5078,#5079,#7173,.T.);
#5924=EDGE_CURVE('',#5079,#5080,#7174,.T.);
#5925=EDGE_CURVE('',#5080,#5081,#7175,.T.);
#5926=EDGE_CURVE('',#5082,#5081,#7176,.T.);
#5927=EDGE_CURVE('',#5083,#5082,#7177,.T.);
#5928=EDGE_CURVE('',#5083,#5084,#449,.T.);
#5929=EDGE_CURVE('',#5085,#5084,#7178,.T.);
#5930=EDGE_CURVE('',#5085,#5057,#7179,.T.);
#5931=EDGE_CURVE('',#5085,#5062,#7180,.T.);
#5932=EDGE_CURVE('',#5074,#5061,#7181,.T.);
#5933=EDGE_CURVE('',#5072,#5075,#7182,.T.);
#5934=EDGE_CURVE('',#5084,#5063,#7183,.T.);
#5935=EDGE_CURVE('',#5076,#5071,#7184,.T.);
#5936=EDGE_CURVE('',#5070,#5077,#7185,.T.);
#5937=EDGE_CURVE('',#5069,#5078,#7186,.T.);
#5938=EDGE_CURVE('',#5086,#5087,#7187,.T.);
#5939=EDGE_CURVE('',#5087,#5088,#7188,.T.);
#5940=EDGE_CURVE('',#5088,#5089,#7189,.T.);
#5941=EDGE_CURVE('',#5089,#5086,#7190,.T.);
#5942=EDGE_CURVE('',#5081,#5066,#7191,.T.);
#5943=EDGE_CURVE('',#5065,#5082,#7192,.T.);
#5944=EDGE_CURVE('',#5064,#5083,#7193,.T.);
#5945=EDGE_CURVE('',#5088,#5067,#7194,.T.);
#5946=EDGE_CURVE('',#5080,#5089,#7195,.T.);
#5947=EDGE_CURVE('',#5068,#5087,#7196,.T.);
#5948=EDGE_CURVE('',#5086,#5079,#7197,.T.);
#5949=EDGE_CURVE('',#5090,#5091,#7198,.T.);
#5950=EDGE_CURVE('',#5091,#5092,#7199,.T.);
#5951=EDGE_CURVE('',#5093,#5092,#7200,.T.);
#5952=EDGE_CURVE('',#5093,#5090,#7201,.T.);
#5953=EDGE_CURVE('',#5094,#5095,#7202,.T.);
#5954=EDGE_CURVE('',#5095,#5096,#7203,.T.);
#5955=EDGE_CURVE('',#5097,#5096,#7204,.T.);
#5956=EDGE_CURVE('',#5097,#5094,#7205,.T.);
#5957=EDGE_CURVE('',#5098,#5099,#7206,.T.);
#5958=EDGE_CURVE('',#5099,#5100,#7207,.T.);
#5959=EDGE_CURVE('',#5101,#5100,#7208,.T.);
#5960=EDGE_CURVE('',#5101,#5098,#7209,.T.);
#5961=EDGE_CURVE('',#5102,#5103,#7210,.T.);
#5962=EDGE_CURVE('',#5103,#5099,#7211,.T.);
#5963=EDGE_CURVE('',#5098,#5102,#7212,.T.);
#5964=EDGE_CURVE('',#5104,#5105,#7213,.T.);
#5965=EDGE_CURVE('',#5105,#5103,#7214,.T.);
#5966=EDGE_CURVE('',#5102,#5104,#7215,.T.);
#5967=EDGE_CURVE('',#5100,#5105,#7216,.T.);
#5968=EDGE_CURVE('',#5104,#5101,#7217,.T.);
#5969=EDGE_CURVE('',#5106,#5107,#7218,.T.);
#5970=EDGE_CURVE('',#5107,#5108,#7219,.T.);
#5971=EDGE_CURVE('',#5109,#5108,#7220,.T.);
#5972=EDGE_CURVE('',#5109,#5106,#7221,.T.);
#5973=EDGE_CURVE('',#5110,#5111,#7222,.T.);
#5974=EDGE_CURVE('',#5111,#5107,#7223,.T.);
#5975=EDGE_CURVE('',#5106,#5110,#7224,.T.);
#5976=EDGE_CURVE('',#5112,#5113,#7225,.T.);
#5977=EDGE_CURVE('',#5113,#5111,#7226,.T.);
#5978=EDGE_CURVE('',#5110,#5112,#7227,.T.);
#5979=EDGE_CURVE('',#5108,#5113,#7228,.T.);
#5980=EDGE_CURVE('',#5112,#5109,#7229,.T.);
#5981=EDGE_CURVE('',#5096,#5091,#7230,.T.);
#5982=EDGE_CURVE('',#5090,#5097,#7231,.T.);
#5983=EDGE_CURVE('',#5092,#5095,#7232,.T.);
#5984=EDGE_CURVE('',#5094,#5093,#7233,.T.);
#5985=EDGE_CURVE('',#5114,#5115,#7234,.T.);
#5986=EDGE_CURVE('',#5115,#5116,#7235,.T.);
#5987=EDGE_CURVE('',#5117,#5116,#7236,.T.);
#5988=EDGE_CURVE('',#5117,#5114,#7237,.T.);
#5989=EDGE_CURVE('',#5118,#5119,#7238,.T.);
#5990=EDGE_CURVE('',#5119,#5115,#7239,.T.);
#5991=EDGE_CURVE('',#5114,#5118,#7240,.T.);
#5992=EDGE_CURVE('',#5120,#5121,#7241,.T.);
#5993=EDGE_CURVE('',#5121,#5119,#7242,.T.);
#5994=EDGE_CURVE('',#5118,#5120,#7243,.T.);
#5995=EDGE_CURVE('',#5116,#5121,#7244,.T.);
#5996=EDGE_CURVE('',#5120,#5117,#7245,.T.);
#5997=EDGE_CURVE('',#5122,#5123,#7246,.T.);
#5998=EDGE_CURVE('',#5123,#5124,#7247,.T.);
#5999=EDGE_CURVE('',#5125,#5124,#7248,.T.);
#6000=EDGE_CURVE('',#5125,#5122,#7249,.T.);
#6001=EDGE_CURVE('',#5126,#5127,#7250,.T.);
#6002=EDGE_CURVE('',#5127,#5123,#7251,.T.);
#6003=EDGE_CURVE('',#5122,#5126,#7252,.T.);
#6004=EDGE_CURVE('',#5128,#5129,#7253,.T.);
#6005=EDGE_CURVE('',#5129,#5127,#7254,.T.);
#6006=EDGE_CURVE('',#5126,#5128,#7255,.T.);
#6007=EDGE_CURVE('',#5124,#5129,#7256,.T.);
#6008=EDGE_CURVE('',#5128,#5125,#7257,.T.);
#6009=EDGE_CURVE('',#5130,#5131,#7258,.T.);
#6010=EDGE_CURVE('',#5130,#5132,#7259,.T.);
#6011=EDGE_CURVE('',#5132,#5133,#7260,.T.);
#6012=EDGE_CURVE('',#5133,#5131,#7261,.T.);
#6013=EDGE_CURVE('',#5132,#5134,#7262,.T.);
#6014=EDGE_CURVE('',#5135,#5134,#450,.T.);
#6015=EDGE_CURVE('',#5133,#5135,#7263,.T.);
#6016=EDGE_CURVE('',#5130,#5136,#7264,.T.);
#6017=EDGE_CURVE('',#5131,#5137,#7265,.T.);
#6018=EDGE_CURVE('',#5137,#5136,#451,.T.);
#6019=EDGE_CURVE('',#5138,#5139,#7266,.T.);
#6020=EDGE_CURVE('',#5138,#5140,#7267,.T.);
#6021=EDGE_CURVE('',#5141,#5140,#7268,.T.);
#6022=EDGE_CURVE('',#5139,#5141,#7269,.T.);
#6023=EDGE_CURVE('',#5142,#5143,#452,.T.);
#6024=EDGE_CURVE('',#5142,#5139,#7270,.T.);
#6025=EDGE_CURVE('',#5141,#5143,#7271,.T.);
#6026=EDGE_CURVE('',#5144,#5138,#7272,.T.);
#6027=EDGE_CURVE('',#5144,#5145,#453,.T.);
#6028=EDGE_CURVE('',#5140,#5145,#7273,.T.);
#6029=EDGE_CURVE('',#5146,#5147,#7274,.T.);
#6030=EDGE_CURVE('',#5146,#5148,#7275,.T.);
#6031=EDGE_CURVE('',#5148,#5149,#7276,.T.);
#6032=EDGE_CURVE('',#5147,#5149,#7277,.T.);
#6033=EDGE_CURVE('',#5150,#5151,#454,.T.);
#6034=EDGE_CURVE('',#5150,#5146,#7278,.T.);
#6035=EDGE_CURVE('',#5147,#5151,#7279,.T.);
#6036=EDGE_CURVE('',#5152,#5148,#7280,.T.);
#6037=EDGE_CURVE('',#5152,#5153,#455,.T.);
#6038=EDGE_CURVE('',#5149,#5153,#7281,.T.);
#6039=EDGE_CURVE('',#5154,#5155,#7282,.T.);
#6040=EDGE_CURVE('',#5154,#5156,#7283,.T.);
#6041=EDGE_CURVE('',#5156,#5157,#7284,.T.);
#6042=EDGE_CURVE('',#5155,#5157,#7285,.T.);
#6043=EDGE_CURVE('',#5154,#5158,#7286,.T.);
#6044=EDGE_CURVE('',#5159,#5158,#456,.T.);
#6045=EDGE_CURVE('',#5156,#5159,#7287,.T.);
#6046=EDGE_CURVE('',#5155,#5160,#7288,.T.);
#6047=EDGE_CURVE('',#5157,#5161,#7289,.T.);
#6048=EDGE_CURVE('',#5161,#5160,#457,.T.);
#6049=EDGE_CURVE('',#5162,#5163,#7290,.T.);
#6050=EDGE_CURVE('',#5163,#5164,#458,.T.);
#6051=EDGE_CURVE('',#5164,#5165,#7291,.T.);
#6052=EDGE_CURVE('',#5165,#5166,#459,.T.);
#6053=EDGE_CURVE('',#5166,#5167,#7292,.T.);
#6054=EDGE_CURVE('',#5167,#5168,#460,.T.);
#6055=EDGE_CURVE('',#5168,#5169,#7293,.T.);
#6056=EDGE_CURVE('',#5169,#5162,#461,.T.);
#6057=EDGE_CURVE('',#5170,#5171,#178,.T.);
#6058=EDGE_CURVE('',#5171,#5172,#179,.T.);
#6059=EDGE_CURVE('',#5172,#5173,#7294,.T.);
#6060=EDGE_CURVE('',#5173,#5174,#180,.T.);
#6061=EDGE_CURVE('',#5174,#5175,#181,.T.);
#6062=EDGE_CURVE('',#5175,#5176,#7295,.T.);
#6063=EDGE_CURVE('',#5176,#5177,#182,.T.);
#6064=EDGE_CURVE('',#5177,#5170,#7296,.T.);
#6065=EDGE_CURVE('',#5178,#5179,#7297,.T.);
#6066=EDGE_CURVE('',#5180,#5178,#7298,.T.);
#6067=EDGE_CURVE('',#5181,#5180,#7299,.T.);
#6068=EDGE_CURVE('',#5182,#5181,#7300,.T.);
#6069=EDGE_CURVE('',#5183,#5182,#7301,.T.);
#6070=EDGE_CURVE('',#5184,#5183,#183,.T.);
#6071=EDGE_CURVE('',#5185,#5184,#7302,.T.);
#6072=EDGE_CURVE('',#5179,#5185,#184,.T.);
#6073=EDGE_CURVE('',#5186,#5187,#7303,.T.);
#6074=EDGE_CURVE('',#5187,#5188,#7304,.T.);
#6075=EDGE_CURVE('',#5188,#5189,#185,.T.);
#6076=EDGE_CURVE('',#5189,#5190,#7305,.T.);
#6077=EDGE_CURVE('',#5190,#5191,#7306,.T.);
#6078=EDGE_CURVE('',#5191,#5192,#7307,.T.);
#6079=EDGE_CURVE('',#5192,#5193,#7308,.T.);
#6080=EDGE_CURVE('',#5193,#5194,#7309,.T.);
#6081=EDGE_CURVE('',#5194,#5186,#7310,.T.);
#6082=EDGE_CURVE('',#5195,#5196,#7311,.T.);
#6083=EDGE_CURVE('',#5195,#5197,#462,.T.);
#6084=EDGE_CURVE('',#5198,#5197,#7312,.T.);
#6085=EDGE_CURVE('',#5198,#5199,#463,.T.);
#6086=EDGE_CURVE('',#5200,#5199,#7313,.T.);
#6087=EDGE_CURVE('',#5200,#5201,#464,.T.);
#6088=EDGE_CURVE('',#5202,#5201,#7314,.T.);
#6089=EDGE_CURVE('',#5202,#5196,#465,.T.);
#6090=EDGE_CURVE('',#5203,#5204,#7315,.T.);
#6091=EDGE_CURVE('',#5204,#5205,#466,.T.);
#6092=EDGE_CURVE('',#5205,#5206,#7316,.T.);
#6093=EDGE_CURVE('',#5206,#5207,#467,.T.);
#6094=EDGE_CURVE('',#5207,#5208,#7317,.T.);
#6095=EDGE_CURVE('',#5208,#5209,#468,.T.);
#6096=EDGE_CURVE('',#5209,#5210,#7318,.T.);
#6097=EDGE_CURVE('',#5210,#5203,#469,.T.);
#6098=EDGE_CURVE('',#5211,#5212,#186,.T.);
#6099=EDGE_CURVE('',#5212,#5213,#187,.T.);
#6100=EDGE_CURVE('',#5213,#5214,#7319,.T.);
#6101=EDGE_CURVE('',#5214,#5215,#188,.T.);
#6102=EDGE_CURVE('',#5215,#5216,#7320,.T.);
#6103=EDGE_CURVE('',#5216,#5217,#7321,.T.);
#6104=EDGE_CURVE('',#5217,#5211,#7322,.T.);
#6105=EDGE_CURVE('',#5218,#5219,#7323,.T.);
#6106=EDGE_CURVE('',#5219,#5220,#470,.T.);
#6107=EDGE_CURVE('',#5220,#5221,#7324,.T.);
#6108=EDGE_CURVE('',#5221,#5222,#471,.T.);
#6109=EDGE_CURVE('',#5222,#5223,#7325,.T.);
#6110=EDGE_CURVE('',#5223,#5224,#472,.T.);
#6111=EDGE_CURVE('',#5224,#5225,#7326,.T.);
#6112=EDGE_CURVE('',#5225,#5218,#473,.T.);
#6113=EDGE_CURVE('',#5226,#5227,#7327,.T.);
#6114=EDGE_CURVE('',#5227,#5228,#7328,.T.);
#6115=EDGE_CURVE('',#5228,#5229,#7329,.T.);
#6116=EDGE_CURVE('',#5229,#5230,#7330,.T.);
#6117=EDGE_CURVE('',#5230,#5231,#7331,.T.);
#6118=EDGE_CURVE('',#5231,#5226,#7332,.T.);
#6119=EDGE_CURVE('',#5232,#5233,#7333,.T.);
#6120=EDGE_CURVE('',#5233,#5234,#474,.T.);
#6121=EDGE_CURVE('',#5235,#5234,#7334,.T.);
#6122=EDGE_CURVE('',#5235,#5236,#475,.T.);
#6123=EDGE_CURVE('',#5237,#5236,#7335,.T.);
#6124=EDGE_CURVE('',#5237,#5238,#476,.T.);
#6125=EDGE_CURVE('',#5239,#5238,#7336,.T.);
#6126=EDGE_CURVE('',#5239,#5240,#477,.T.);
#6127=EDGE_CURVE('',#5241,#5240,#7337,.T.);
#6128=EDGE_CURVE('',#5241,#5242,#478,.T.);
#6129=EDGE_CURVE('',#5243,#5242,#7338,.T.);
#6130=EDGE_CURVE('',#5243,#5244,#479,.T.);
#6131=EDGE_CURVE('',#5244,#5245,#7339,.T.);
#6132=EDGE_CURVE('',#5245,#5246,#480,.T.);
#6133=EDGE_CURVE('',#5247,#5246,#7340,.T.);
#6134=EDGE_CURVE('',#5247,#5248,#481,.T.);
#6135=EDGE_CURVE('',#5248,#5249,#7341,.T.);
#6136=EDGE_CURVE('',#5249,#5250,#482,.T.);
#6137=EDGE_CURVE('',#5250,#5251,#7342,.T.);
#6138=EDGE_CURVE('',#5251,#5252,#483,.T.);
#6139=EDGE_CURVE('',#5252,#5253,#7343,.T.);
#6140=EDGE_CURVE('',#5253,#5254,#484,.T.);
#6141=EDGE_CURVE('',#5254,#5255,#7344,.T.);
#6142=EDGE_CURVE('',#5255,#5232,#485,.T.);
#6143=EDGE_CURVE('',#5256,#5257,#7345,.T.);
#6144=EDGE_CURVE('',#5257,#5258,#486,.T.);
#6145=EDGE_CURVE('',#5258,#5259,#7346,.T.);
#6146=EDGE_CURVE('',#5259,#5260,#487,.T.);
#6147=EDGE_CURVE('',#5260,#5261,#7347,.T.);
#6148=EDGE_CURVE('',#5261,#5262,#488,.T.);
#6149=EDGE_CURVE('',#5262,#5263,#7348,.T.);
#6150=EDGE_CURVE('',#5263,#5264,#489,.T.);
#6151=EDGE_CURVE('',#5264,#5265,#7349,.T.);
#6152=EDGE_CURVE('',#5265,#5266,#490,.T.);
#6153=EDGE_CURVE('',#5267,#5266,#7350,.T.);
#6154=EDGE_CURVE('',#5267,#5268,#491,.T.);
#6155=EDGE_CURVE('',#5269,#5268,#7351,.T.);
#6156=EDGE_CURVE('',#5269,#5270,#492,.T.);
#6157=EDGE_CURVE('',#5271,#5270,#7352,.T.);
#6158=EDGE_CURVE('',#5271,#5256,#493,.T.);
#6159=EDGE_CURVE('',#5159,#5272,#7353,.T.);
#6160=EDGE_CURVE('',#5272,#5273,#7354,.T.);
#6161=EDGE_CURVE('',#5273,#5143,#7355,.T.);
#6162=EDGE_CURVE('',#5145,#5137,#7356,.T.);
#6163=EDGE_CURVE('',#5135,#5274,#7357,.T.);
#6164=EDGE_CURVE('',#5274,#5275,#7358,.T.);
#6165=EDGE_CURVE('',#5275,#5151,#7359,.T.);
#6166=EDGE_CURVE('',#5153,#5161,#7360,.T.);
#6167=EDGE_CURVE('',#5276,#5158,#7361,.T.);
#6168=EDGE_CURVE('',#5276,#5272,#189,.T.);
#6169=EDGE_CURVE('',#5150,#5277,#7362,.T.);
#6170=EDGE_CURVE('',#5277,#5275,#174,.T.);
#6171=EDGE_CURVE('',#5142,#5278,#7363,.T.);
#6172=EDGE_CURVE('',#5273,#5278,#190,.T.);
#6173=EDGE_CURVE('',#5279,#5134,#7364,.T.);
#6174=EDGE_CURVE('',#5274,#5279,#175,.T.);
#6175=EDGE_CURVE('',#5280,#5281,#7365,.T.);
#6176=EDGE_CURVE('',#5281,#5282,#7366,.T.);
#6177=EDGE_CURVE('',#5282,#5283,#7367,.T.);
#6178=EDGE_CURVE('',#5283,#5284,#494,.T.);
#6179=EDGE_CURVE('',#5284,#5285,#7368,.T.);
#6180=EDGE_CURVE('',#5285,#5280,#495,.T.);
#6181=EDGE_CURVE('',#5286,#5287,#7369,.T.);
#6182=EDGE_CURVE('',#5287,#5288,#7370,.T.);
#6183=EDGE_CURVE('',#5288,#5289,#7371,.T.);
#6184=EDGE_CURVE('',#5289,#5290,#496,.T.);
#6185=EDGE_CURVE('',#5291,#5290,#7372,.T.);
#6186=EDGE_CURVE('',#5291,#5292,#7373,.T.);
#6187=EDGE_CURVE('',#5292,#5293,#497,.T.);
#6188=EDGE_CURVE('',#5293,#5294,#7374,.T.);
#6189=EDGE_CURVE('',#5294,#5286,#498,.T.);
#6190=EDGE_CURVE('',#5287,#5295,#145,.T.);
#6191=EDGE_CURVE('',#5286,#5296,#499,.T.);
#6192=EDGE_CURVE('',#5295,#5296,#7375,.T.);
#6193=EDGE_CURVE('',#5281,#5297,#146,.T.);
#6194=EDGE_CURVE('',#5280,#5298,#500,.T.);
#6195=EDGE_CURVE('',#5297,#5298,#7376,.T.);
#6196=EDGE_CURVE('',#5299,#5300,#7377,.T.);
#6197=EDGE_CURVE('',#5300,#5301,#7378,.T.);
#6198=EDGE_CURVE('',#5301,#5302,#7379,.T.);
#6199=EDGE_CURVE('',#5302,#5303,#501,.T.);
#6200=EDGE_CURVE('',#5303,#5304,#7380,.T.);
#6201=EDGE_CURVE('',#5304,#5305,#502,.T.);
#6202=EDGE_CURVE('',#5305,#5306,#7381,.T.);
#6203=EDGE_CURVE('',#5307,#5306,#7382,.T.);
#6204=EDGE_CURVE('',#5307,#5299,#503,.T.);
#6205=EDGE_CURVE('',#5308,#5309,#7383,.T.);
#6206=EDGE_CURVE('',#5309,#5310,#7384,.T.);
#6207=EDGE_CURVE('',#5310,#5311,#7385,.T.);
#6208=EDGE_CURVE('',#5311,#5312,#504,.T.);
#6209=EDGE_CURVE('',#5312,#5313,#7386,.T.);
#6210=EDGE_CURVE('',#5313,#5308,#505,.T.);
#6211=EDGE_CURVE('',#5309,#5314,#147,.T.);
#6212=EDGE_CURVE('',#5315,#5308,#506,.T.);
#6213=EDGE_CURVE('',#5314,#5315,#7387,.T.);
#6214=EDGE_CURVE('',#5300,#5316,#148,.T.);
#6215=EDGE_CURVE('',#5299,#5317,#191,.T.);
#6216=EDGE_CURVE('',#5316,#5317,#7388,.T.);
#6217=EDGE_CURVE('',#5318,#5319,#507,.T.);
#6218=EDGE_CURVE('',#5318,#5269,#7389,.T.);
#6219=EDGE_CURVE('',#5268,#5320,#7390,.T.);
#6220=EDGE_CURVE('',#5321,#5320,#508,.T.);
#6221=EDGE_CURVE('',#5321,#5319,#7391,.T.);
#6222=EDGE_CURVE('',#5322,#5323,#509,.T.);
#6223=EDGE_CURVE('',#5322,#5324,#7392,.T.);
#6224=EDGE_CURVE('',#5325,#5324,#510,.T.);
#6225=EDGE_CURVE('',#5325,#5261,#7393,.T.);
#6226=EDGE_CURVE('',#5260,#5323,#7394,.T.);
#6227=EDGE_CURVE('',#5242,#5326,#7395,.T.);
#6228=EDGE_CURVE('',#5326,#5327,#7396,.T.);
#6229=EDGE_CURVE('',#5327,#5243,#7397,.T.);
#6230=EDGE_CURVE('',#5328,#5328,#511,.T.);
#6231=EDGE_CURVE('',#5278,#5329,#512,.T.);
#6232=EDGE_CURVE('',#5329,#5330,#7398,.T.);
#6233=EDGE_CURVE('',#5330,#5276,#513,.T.);
#6234=EDGE_CURVE('',#5160,#5152,#7399,.T.);
#6235=EDGE_CURVE('',#5277,#5331,#514,.T.);
#6236=EDGE_CURVE('',#5331,#5332,#7400,.T.);
#6237=EDGE_CURVE('',#5332,#5279,#515,.T.);
#6238=EDGE_CURVE('',#5136,#5144,#7401,.T.);
#6239=EDGE_CURVE('',#5333,#5334,#7402,.T.);
#6240=EDGE_CURVE('',#5333,#5335,#7403,.T.);
#6241=EDGE_CURVE('',#5335,#5336,#7404,.T.);
#6242=EDGE_CURVE('',#5334,#5336,#7405,.T.);
#6243=EDGE_CURVE('',#5337,#5338,#7406,.T.);
#6244=EDGE_CURVE('',#5339,#5337,#7407,.T.);
#6245=EDGE_CURVE('',#5340,#5339,#7408,.T.);
#6246=EDGE_CURVE('',#5340,#5338,#7409,.T.);
#6247=EDGE_CURVE('',#5341,#5342,#7410,.T.);
#6248=EDGE_CURVE('',#5342,#5343,#7411,.T.);
#6249=EDGE_CURVE('',#5344,#5343,#7412,.T.);
#6250=EDGE_CURVE('',#5341,#5344,#7413,.T.);
#6251=EDGE_CURVE('',#5345,#5346,#7414,.T.);
#6252=EDGE_CURVE('',#5345,#5347,#7415,.T.);
#6253=EDGE_CURVE('',#5348,#5347,#7416,.T.);
#6254=EDGE_CURVE('',#5346,#5348,#7417,.T.);
#6255=EDGE_CURVE('',#5349,#5350,#7418,.T.);
#6256=EDGE_CURVE('',#5349,#5351,#7419,.T.);
#6257=EDGE_CURVE('',#5351,#5352,#7420,.T.);
#6258=EDGE_CURVE('',#5350,#5352,#7421,.T.);
#6259=EDGE_CURVE('',#5353,#5354,#7422,.T.);
#6260=EDGE_CURVE('',#5354,#5355,#7423,.T.);
#6261=EDGE_CURVE('',#5356,#5355,#7424,.T.);
#6262=EDGE_CURVE('',#5353,#5356,#7425,.T.);
#6263=EDGE_CURVE('',#5317,#5255,#7426,.T.);
#6264=EDGE_CURVE('',#5254,#5357,#7427,.T.);
#6265=EDGE_CURVE('',#5357,#5358,#7428,.T.);
#6266=EDGE_CURVE('',#5358,#5221,#7429,.T.);
#6267=EDGE_CURVE('',#5220,#5316,#7430,.T.);
#6268=EDGE_CURVE('',#5232,#5195,#7431,.T.);
#6269=EDGE_CURVE('',#5196,#5233,#7432,.T.);
#6270=EDGE_CURVE('',#5246,#5359,#7433,.T.);
#6271=EDGE_CURVE('',#5359,#5360,#7434,.T.);
#6272=EDGE_CURVE('',#5360,#5247,#7435,.T.);
#6273=EDGE_CURVE('',#5248,#5361,#7436,.T.);
#6274=EDGE_CURVE('',#5361,#5362,#7437,.T.);
#6275=EDGE_CURVE('',#5362,#5249,#7438,.T.);
#6276=EDGE_CURVE('',#5315,#5251,#7439,.T.);
#6277=EDGE_CURVE('',#5250,#5363,#7440,.T.);
#6278=EDGE_CURVE('',#5363,#5364,#7441,.T.);
#6279=EDGE_CURVE('',#5364,#5225,#7442,.T.);
#6280=EDGE_CURVE('',#5224,#5314,#7443,.T.);
#6281=EDGE_CURVE('',#5252,#5365,#7444,.T.);
#6282=EDGE_CURVE('',#5365,#5366,#7445,.T.);
#6283=EDGE_CURVE('',#5366,#5253,#7446,.T.);
#6284=EDGE_CURVE('',#5264,#5367,#7447,.T.);
#6285=EDGE_CURVE('',#5367,#5368,#7448,.T.);
#6286=EDGE_CURVE('',#5368,#5265,#7449,.T.);
#6287=EDGE_CURVE('',#5262,#5369,#7450,.T.);
#6288=EDGE_CURVE('',#5369,#5370,#7451,.T.);
#6289=EDGE_CURVE('',#5370,#5263,#7452,.T.);
#6290=EDGE_CURVE('',#5258,#5371,#7453,.T.);
#6291=EDGE_CURVE('',#5371,#5372,#7454,.T.);
#6292=EDGE_CURVE('',#5372,#5259,#7455,.T.);
#6293=EDGE_CURVE('',#5256,#5373,#7456,.T.);
#6294=EDGE_CURVE('',#5373,#5374,#7457,.T.);
#6295=EDGE_CURVE('',#5374,#5257,#7458,.T.);
#6296=EDGE_CURVE('',#5375,#5376,#7459,.T.);
#6297=EDGE_CURVE('',#5376,#5377,#516,.T.);
#6298=EDGE_CURVE('',#5378,#5377,#7460,.T.);
#6299=EDGE_CURVE('',#5378,#5379,#517,.T.);
#6300=EDGE_CURVE('',#5380,#5379,#7461,.T.);
#6301=EDGE_CURVE('',#5380,#5381,#518,.T.);
#6302=EDGE_CURVE('',#5382,#5381,#7462,.T.);
#6303=EDGE_CURVE('',#5382,#5383,#519,.T.);
#6304=EDGE_CURVE('',#5383,#5384,#7463,.T.);
#6305=EDGE_CURVE('',#5384,#5385,#520,.T.);
#6306=EDGE_CURVE('',#5385,#5386,#7464,.T.);
#6307=EDGE_CURVE('',#5386,#5387,#7465,.T.);
#6308=EDGE_CURVE('',#5387,#5388,#7466,.T.);
#6309=EDGE_CURVE('',#5388,#5389,#521,.T.);
#6310=EDGE_CURVE('',#5389,#5390,#7467,.T.);
#6311=EDGE_CURVE('',#5390,#5391,#522,.T.);
#6312=EDGE_CURVE('',#5391,#5392,#7468,.T.);
#6313=EDGE_CURVE('',#5392,#5393,#7469,.T.);
#6314=EDGE_CURVE('',#5393,#5394,#7470,.T.);
#6315=EDGE_CURVE('',#5394,#5375,#523,.T.);
#6316=EDGE_CURVE('',#5395,#5395,#524,.T.);
#6317=EDGE_CURVE('',#5234,#5396,#7471,.T.);
#6318=EDGE_CURVE('',#5396,#5397,#7472,.T.);
#6319=EDGE_CURVE('',#5397,#5210,#7473,.T.);
#6320=EDGE_CURVE('',#5209,#5297,#7474,.T.);
#6321=EDGE_CURVE('',#5298,#5235,#7475,.T.);
#6322=EDGE_CURVE('',#5240,#5398,#7476,.T.);
#6323=EDGE_CURVE('',#5398,#5399,#7477,.T.);
#6324=EDGE_CURVE('',#5399,#5241,#7478,.T.);
#6325=EDGE_CURVE('',#5238,#5400,#7479,.T.);
#6326=EDGE_CURVE('',#5400,#5401,#7480,.T.);
#6327=EDGE_CURVE('',#5401,#5206,#7481,.T.);
#6328=EDGE_CURVE('',#5205,#5295,#7482,.T.);
#6329=EDGE_CURVE('',#5296,#5239,#7483,.T.);
#6330=EDGE_CURVE('',#5236,#5402,#7484,.T.);
#6331=EDGE_CURVE('',#5402,#5403,#7485,.T.);
#6332=EDGE_CURVE('',#5403,#5237,#7486,.T.);
#6333=EDGE_CURVE('',#5266,#5404,#7487,.T.);
#6334=EDGE_CURVE('',#5404,#5405,#7488,.T.);
#6335=EDGE_CURVE('',#5405,#5267,#7489,.T.);
#6336=EDGE_CURVE('',#5270,#5406,#7490,.T.);
#6337=EDGE_CURVE('',#5406,#5407,#7491,.T.);
#6338=EDGE_CURVE('',#5407,#5271,#7492,.T.);
#6339=EDGE_CURVE('',#5197,#5307,#7493,.T.);
#6340=EDGE_CURVE('',#5306,#5408,#525,.T.);
#6341=EDGE_CURVE('',#5408,#5198,#7494,.T.);
#6342=EDGE_CURVE('',#5290,#5202,#7495,.T.);
#6343=EDGE_CURVE('',#5201,#5409,#7496,.T.);
#6344=EDGE_CURVE('',#5409,#5291,#526,.T.);
#6345=EDGE_CURVE('',#5244,#5200,#7497,.T.);
#6346=EDGE_CURVE('',#5199,#5245,#7498,.T.);
#6347=EDGE_CURVE('',#5329,#5273,#192,.T.);
#6348=EDGE_CURVE('',#5330,#5272,#176,.T.);
#6349=EDGE_CURVE('',#5274,#5332,#193,.T.);
#6350=EDGE_CURVE('',#5275,#5331,#177,.T.);
#6351=EDGE_CURVE('',#5399,#5326,#527,.T.);
#6352=EDGE_CURVE('',#5296,#5398,#528,.T.);
#6353=EDGE_CURVE('',#5362,#5363,#529,.T.);
#6354=EDGE_CURVE('',#5360,#5361,#530,.T.);
#6355=EDGE_CURVE('',#5366,#5357,#531,.T.);
#6356=EDGE_CURVE('',#5315,#5365,#532,.T.);
#6357=EDGE_CURVE('',#5298,#5402,#533,.T.);
#6358=EDGE_CURVE('',#5403,#5400,#534,.T.);
#6359=EDGE_CURVE('',#5409,#5327,#194,.T.);
#6360=EDGE_CURVE('',#5292,#5326,#535,.T.);
#6361=EDGE_CURVE('',#5293,#5399,#536,.T.);
#6362=EDGE_CURVE('',#5294,#5398,#537,.T.);
#6363=EDGE_CURVE('',#5401,#5282,#149,.T.);
#6364=EDGE_CURVE('',#5283,#5400,#538,.T.);
#6365=EDGE_CURVE('',#5284,#5403,#539,.T.);
#6366=EDGE_CURVE('',#5285,#5402,#540,.T.);
#6367=EDGE_CURVE('',#5397,#5288,#150,.T.);
#6368=EDGE_CURVE('',#5396,#5289,#195,.T.);
#6369=EDGE_CURVE('',#5360,#5305,#541,.T.);
#6370=EDGE_CURVE('',#5359,#5408,#196,.T.);
#6371=EDGE_CURVE('',#5361,#5304,#542,.T.);
#6372=EDGE_CURVE('',#5362,#5303,#543,.T.);
#6373=EDGE_CURVE('',#5363,#5302,#544,.T.);
#6374=EDGE_CURVE('',#5364,#5301,#151,.T.);
#6375=EDGE_CURVE('',#5365,#5313,#545,.T.);
#6376=EDGE_CURVE('',#5366,#5312,#546,.T.);
#6377=EDGE_CURVE('',#5357,#5311,#547,.T.);
#6378=EDGE_CURVE('',#5358,#5310,#152,.T.);
#6379=EDGE_CURVE('',#5405,#5320,#548,.T.);
#6380=EDGE_CURVE('',#5386,#5319,#549,.T.);
#6381=EDGE_CURVE('',#5321,#5387,#550,.T.);
#6382=EDGE_CURVE('',#5318,#5406,#551,.T.);
#6383=EDGE_CURVE('',#5325,#5369,#552,.T.);
#6384=EDGE_CURVE('',#5322,#5393,#553,.T.);
#6385=EDGE_CURVE('',#5392,#5324,#554,.T.);
#6386=EDGE_CURVE('',#5372,#5323,#555,.T.);
#6387=EDGE_CURVE('',#5410,#5410,#556,.T.);
#6388=EDGE_CURVE('',#5411,#5411,#557,.T.);
#6389=EDGE_CURVE('',#5368,#5404,#558,.T.);
#6390=EDGE_CURVE('',#5370,#5367,#559,.T.);
#6391=EDGE_CURVE('',#5407,#5373,#560,.T.);
#6392=EDGE_CURVE('',#5374,#5371,#561,.T.);
#6393=EDGE_CURVE('',#5387,#5405,#562,.T.);
#6394=EDGE_CURVE('',#5388,#5404,#563,.T.);
#6395=EDGE_CURVE('',#5389,#5368,#564,.T.);
#6396=EDGE_CURVE('',#5390,#5367,#565,.T.);
#6397=EDGE_CURVE('',#5391,#5370,#566,.T.);
#6398=EDGE_CURVE('',#5392,#5369,#567,.T.);
#6399=EDGE_CURVE('',#5406,#5386,#568,.T.);
#6400=EDGE_CURVE('',#5407,#5385,#569,.T.);
#6401=EDGE_CURVE('',#5373,#5384,#570,.T.);
#6402=EDGE_CURVE('',#5376,#5383,#7499,.T.);
#6403=EDGE_CURVE('',#5374,#5375,#571,.T.);
#6404=EDGE_CURVE('',#5371,#5394,#572,.T.);
#6405=EDGE_CURVE('',#5372,#5393,#573,.T.);
#6406=EDGE_CURVE('',#5300,#5219,#7500,.T.);
#6407=EDGE_CURVE('',#5218,#5301,#7501,.T.);
#6408=EDGE_CURVE('',#5309,#5223,#7502,.T.);
#6409=EDGE_CURVE('',#5222,#5310,#7503,.T.);
#6410=EDGE_CURVE('',#5281,#5208,#7504,.T.);
#6411=EDGE_CURVE('',#5207,#5282,#7505,.T.);
#6412=EDGE_CURVE('',#5287,#5204,#7506,.T.);
#6413=EDGE_CURVE('',#5203,#5288,#7507,.T.);
#6414=EDGE_CURVE('',#5383,#5412,#574,.T.);
#6415=EDGE_CURVE('',#5413,#5412,#7508,.T.);
#6416=EDGE_CURVE('',#5413,#5376,#575,.T.);
#6417=EDGE_CURVE('',#5412,#5163,#7509,.T.);
#6418=EDGE_CURVE('',#5162,#5413,#7510,.T.);
#6419=EDGE_CURVE('',#5164,#5382,#7511,.T.);
#6420=EDGE_CURVE('',#5381,#5165,#7512,.T.);
#6421=EDGE_CURVE('',#5166,#5380,#7513,.T.);
#6422=EDGE_CURVE('',#5379,#5167,#7514,.T.);
#6423=EDGE_CURVE('',#5168,#5378,#7515,.T.);
#6424=EDGE_CURVE('',#5377,#5169,#7516,.T.);
#6425=EDGE_CURVE('',#5414,#5227,#7517,.T.);
#6426=EDGE_CURVE('',#5414,#5415,#7518,.T.);
#6427=EDGE_CURVE('',#5415,#5228,#7519,.T.);
#6428=EDGE_CURVE('',#5415,#5416,#7520,.T.);
#6429=EDGE_CURVE('',#5416,#5229,#7521,.T.);
#6430=EDGE_CURVE('',#5416,#5417,#7522,.T.);
#6431=EDGE_CURVE('',#5417,#5230,#7523,.T.);
#6432=EDGE_CURVE('',#5417,#5418,#7524,.T.);
#6433=EDGE_CURVE('',#5418,#5231,#7525,.T.);
#6434=EDGE_CURVE('',#5418,#5419,#7526,.T.);
#6435=EDGE_CURVE('',#5419,#5226,#7527,.T.);
#6436=EDGE_CURVE('',#5419,#5414,#7528,.T.);
#6437=EDGE_CURVE('',#5420,#5212,#7529,.T.);
#6438=EDGE_CURVE('',#5420,#5421,#197,.T.);
#6439=EDGE_CURVE('',#5421,#5213,#7530,.T.);
#6440=EDGE_CURVE('',#5421,#5422,#7531,.T.);
#6441=EDGE_CURVE('',#5422,#5214,#7532,.T.);
#6442=EDGE_CURVE('',#5422,#5423,#199,.T.);
#6443=EDGE_CURVE('',#5423,#5215,#7533,.T.);
#6444=EDGE_CURVE('',#5423,#5424,#7534,.T.);
#6445=EDGE_CURVE('',#5424,#5216,#7535,.T.);
#6446=EDGE_CURVE('',#5424,#5425,#7536,.T.);
#6447=EDGE_CURVE('',#5425,#5217,#7537,.T.);
#6448=EDGE_CURVE('',#5425,#5426,#7538,.T.);
#6449=EDGE_CURVE('',#5426,#5211,#7539,.T.);
#6450=EDGE_CURVE('',#5426,#5420,#201,.T.);
#6451=EDGE_CURVE('',#5427,#5428,#7540,.T.);
#6452=EDGE_CURVE('',#5429,#5427,#7541,.T.);
#6453=EDGE_CURVE('',#5429,#5430,#7542,.T.);
#6454=EDGE_CURVE('',#5430,#5428,#7543,.T.);
#6455=EDGE_CURVE('',#5428,#5431,#7544,.T.);
#6456=EDGE_CURVE('',#5430,#5432,#7545,.T.);
#6457=EDGE_CURVE('',#5432,#5431,#7546,.T.);
#6458=EDGE_CURVE('',#5433,#5187,#7547,.T.);
#6459=EDGE_CURVE('',#5433,#5434,#7548,.T.);
#6460=EDGE_CURVE('',#5434,#5188,#7549,.T.);
#6461=EDGE_CURVE('',#5434,#5435,#203,.T.);
#6462=EDGE_CURVE('',#5435,#5189,#7550,.T.);
#6463=EDGE_CURVE('',#5435,#5436,#7551,.T.);
#6464=EDGE_CURVE('',#5436,#5190,#7552,.T.);
#6465=EDGE_CURVE('',#5436,#5437,#7553,.T.);
#6466=EDGE_CURVE('',#5437,#5191,#7554,.T.);
#6467=EDGE_CURVE('',#5437,#5438,#7555,.T.);
#6468=EDGE_CURVE('',#5438,#5192,#7556,.T.);
#6469=EDGE_CURVE('',#5438,#5439,#7557,.T.);
#6470=EDGE_CURVE('',#5439,#5193,#7558,.T.);
#6471=EDGE_CURVE('',#5439,#5440,#7559,.T.);
#6472=EDGE_CURVE('',#5440,#5194,#7560,.T.);
#6473=EDGE_CURVE('',#5440,#5441,#7561,.T.);
#6474=EDGE_CURVE('',#5441,#5186,#7562,.T.);
#6475=EDGE_CURVE('',#5441,#5433,#7563,.T.);
#6476=EDGE_CURVE('',#5431,#5427,#7564,.T.);
#6477=EDGE_CURVE('',#5432,#5429,#7565,.T.);
#6478=EDGE_CURVE('',#5442,#5171,#7566,.T.);
#6479=EDGE_CURVE('',#5442,#5443,#205,.T.);
#6480=EDGE_CURVE('',#5443,#5172,#7567,.T.);
#6481=EDGE_CURVE('',#5443,#5444,#7568,.T.);
#6482=EDGE_CURVE('',#5444,#5173,#7569,.T.);
#6483=EDGE_CURVE('',#5444,#5445,#207,.T.);
#6484=EDGE_CURVE('',#5445,#5174,#7570,.T.);
#6485=EDGE_CURVE('',#5445,#5446,#209,.T.);
#6486=EDGE_CURVE('',#5446,#5175,#7571,.T.);
#6487=EDGE_CURVE('',#5446,#5447,#7572,.T.);
#6488=EDGE_CURVE('',#5447,#5176,#7573,.T.);
#6489=EDGE_CURVE('',#5447,#5448,#211,.T.);
#6490=EDGE_CURVE('',#5448,#5177,#7574,.T.);
#6491=EDGE_CURVE('',#5448,#5449,#7575,.T.);
#6492=EDGE_CURVE('',#5449,#5170,#7576,.T.);
#6493=EDGE_CURVE('',#5449,#5442,#213,.T.);
#6494=EDGE_CURVE('',#5450,#5179,#7577,.T.);
#6495=EDGE_CURVE('',#5451,#5450,#7578,.T.);
#6496=EDGE_CURVE('',#5451,#5178,#7579,.T.);
#6497=EDGE_CURVE('',#5452,#5185,#7580,.T.);
#6498=EDGE_CURVE('',#5450,#5452,#215,.T.);
#6499=EDGE_CURVE('',#5453,#5184,#7581,.T.);
#6500=EDGE_CURVE('',#5452,#5453,#7582,.T.);
#6501=EDGE_CURVE('',#5454,#5183,#7583,.T.);
#6502=EDGE_CURVE('',#5453,#5454,#217,.T.);
#6503=EDGE_CURVE('',#5455,#5182,#7584,.T.);
#6504=EDGE_CURVE('',#5454,#5455,#7585,.T.);
#6505=EDGE_CURVE('',#5456,#5181,#7586,.T.);
#6506=EDGE_CURVE('',#5455,#5456,#7587,.T.);
#6507=EDGE_CURVE('',#5457,#5180,#7588,.T.);
#6508=EDGE_CURVE('',#5456,#5457,#7589,.T.);
#6509=EDGE_CURVE('',#5457,#5451,#7590,.T.);
#6510=EDGE_CURVE('',#5458,#5459,#7591,.T.);
#6511=EDGE_CURVE('',#5460,#5459,#7592,.T.);
#6512=EDGE_CURVE('',#5461,#5460,#7593,.T.);
#6513=EDGE_CURVE('',#5458,#5461,#7594,.T.);
#6514=EDGE_CURVE('',#5348,#5458,#7595,.T.);
#6515=EDGE_CURVE('',#5347,#5459,#7596,.T.);
#6516=EDGE_CURVE('',#5345,#5460,#7597,.T.);
#6517=EDGE_CURVE('',#5346,#5461,#7598,.T.);
#6518=EDGE_CURVE('',#5462,#5463,#7599,.T.);
#6519=EDGE_CURVE('',#5464,#5463,#7600,.T.);
#6520=EDGE_CURVE('',#5465,#5464,#7601,.T.);
#6521=EDGE_CURVE('',#5462,#5465,#7602,.T.);
#6522=EDGE_CURVE('',#5465,#5342,#7603,.T.);
#6523=EDGE_CURVE('',#5464,#5343,#7604,.T.);
#6524=EDGE_CURVE('',#5341,#5462,#7605,.T.);
#6525=EDGE_CURVE('',#5344,#5463,#7606,.T.);
#6526=EDGE_CURVE('',#5466,#5467,#7607,.T.);
#6527=EDGE_CURVE('',#5467,#5468,#7608,.T.);
#6528=EDGE_CURVE('',#5468,#5469,#7609,.T.);
#6529=EDGE_CURVE('',#5469,#5466,#7610,.T.);
#6530=EDGE_CURVE('',#5350,#5466,#7611,.T.);
#6531=EDGE_CURVE('',#5352,#5467,#7612,.T.);
#6532=EDGE_CURVE('',#5469,#5349,#7613,.T.);
#6533=EDGE_CURVE('',#5468,#5351,#7614,.T.);
#6534=EDGE_CURVE('',#5470,#5471,#7615,.T.);
#6535=EDGE_CURVE('',#5471,#5472,#7616,.T.);
#6536=EDGE_CURVE('',#5472,#5473,#7617,.T.);
#6537=EDGE_CURVE('',#5473,#5470,#7618,.T.);
#6538=EDGE_CURVE('',#5472,#5337,#7619,.T.);
#6539=EDGE_CURVE('',#5338,#5473,#7620,.T.);
#6540=EDGE_CURVE('',#5340,#5470,#7621,.T.);
#6541=EDGE_CURVE('',#5339,#5471,#7622,.T.);
#6542=EDGE_CURVE('',#5474,#5475,#7623,.T.);
#6543=EDGE_CURVE('',#5476,#5474,#7624,.T.);
#6544=EDGE_CURVE('',#5477,#5476,#7625,.T.);
#6545=EDGE_CURVE('',#5475,#5477,#7626,.T.);
#6546=EDGE_CURVE('',#5475,#5334,#7627,.T.);
#6547=EDGE_CURVE('',#5336,#5474,#7628,.T.);
#6548=EDGE_CURVE('',#5333,#5477,#7629,.T.);
#6549=EDGE_CURVE('',#5335,#5476,#7630,.T.);
#6550=EDGE_CURVE('',#5478,#5479,#7631,.T.);
#6551=EDGE_CURVE('',#5479,#5480,#7632,.T.);
#6552=EDGE_CURVE('',#5480,#5481,#7633,.T.);
#6553=EDGE_CURVE('',#5481,#5478,#7634,.T.);
#6554=EDGE_CURVE('',#5354,#5481,#7635,.T.);
#6555=EDGE_CURVE('',#5355,#5480,#7636,.T.);
#6556=EDGE_CURVE('',#5353,#5478,#7637,.T.);
#6557=EDGE_CURVE('',#5356,#5479,#7638,.T.);
#6558=EDGE_CURVE('',#5482,#5483,#7639,.T.);
#6559=EDGE_CURVE('',#5482,#5484,#7640,.T.);
#6560=EDGE_CURVE('',#5484,#5485,#7641,.T.);
#6561=EDGE_CURVE('',#5486,#5485,#7642,.T.);
#6562=EDGE_CURVE('',#5487,#5486,#7643,.T.);
#6563=EDGE_CURVE('',#5488,#5487,#219,.T.);
#6564=EDGE_CURVE('',#5489,#5488,#7644,.T.);
#6565=EDGE_CURVE('',#5490,#5489,#220,.T.);
#6566=EDGE_CURVE('',#5491,#5490,#7645,.T.);
#6567=EDGE_CURVE('',#5492,#5491,#7646,.T.);
#6568=EDGE_CURVE('',#5492,#5493,#7647,.T.);
#6569=EDGE_CURVE('',#5493,#5483,#7648,.T.);
#6570=EDGE_CURVE('',#5494,#5494,#576,.T.);
#6571=EDGE_CURVE('',#5495,#5492,#7649,.T.);
#6572=EDGE_CURVE('',#5496,#5495,#7650,.T.);
#6573=EDGE_CURVE('',#5496,#5497,#577,.T.);
#6574=EDGE_CURVE('',#5498,#5497,#7651,.T.);
#6575=EDGE_CURVE('',#5499,#5498,#7652,.T.);
#6576=EDGE_CURVE('',#5499,#5500,#7653,.T.);
#6577=EDGE_CURVE('',#5500,#5501,#7654,.T.);
#6578=EDGE_CURVE('',#5501,#5502,#7655,.T.);
#6579=EDGE_CURVE('',#5502,#5503,#578,.T.);
#6580=EDGE_CURVE('',#5503,#5504,#7656,.T.);
#6581=EDGE_CURVE('',#5504,#5485,#7657,.T.);
#6582=EDGE_CURVE('',#5484,#5505,#579,.T.);
#6583=EDGE_CURVE('',#5506,#5505,#7658,.T.);
#6584=EDGE_CURVE('',#5506,#5493,#580,.T.);
#6585=EDGE_CURVE('',#5507,#5507,#581,.T.);
#6586=EDGE_CURVE('',#5508,#5491,#7659,.T.);
#6587=EDGE_CURVE('',#5490,#5509,#582,.T.);
#6588=EDGE_CURVE('',#5509,#5510,#7660,.T.);
#6589=EDGE_CURVE('',#5510,#5487,#583,.T.);
#6590=EDGE_CURVE('',#5511,#5486,#7661,.T.);
#6591=EDGE_CURVE('',#5512,#5511,#7662,.T.);
#6592=EDGE_CURVE('',#5512,#5513,#584,.T.);
#6593=EDGE_CURVE('',#5514,#5513,#7663,.T.);
#6594=EDGE_CURVE('',#5515,#5514,#7664,.T.);
#6595=EDGE_CURVE('',#5515,#5516,#7665,.T.);
#6596=EDGE_CURVE('',#5516,#5517,#7666,.T.);
#6597=EDGE_CURVE('',#5517,#5518,#7667,.T.);
#6598=EDGE_CURVE('',#5518,#5519,#585,.T.);
#6599=EDGE_CURVE('',#5519,#5508,#7668,.T.);
#6600=EDGE_CURVE('',#5495,#5508,#7669,.T.);
#6601=EDGE_CURVE('',#5504,#5511,#7670,.T.);
#6602=EDGE_CURVE('',#5520,#5489,#586,.T.);
#6603=EDGE_CURVE('',#5488,#5521,#587,.T.);
#6604=EDGE_CURVE('',#5521,#5520,#7671,.T.);
#6605=EDGE_CURVE('',#5522,#5482,#588,.T.);
#6606=EDGE_CURVE('',#5483,#5523,#589,.T.);
#6607=EDGE_CURVE('',#5523,#5522,#7672,.T.);
#6608=EDGE_CURVE('',#5523,#5506,#7673,.T.);
#6609=EDGE_CURVE('',#5505,#5522,#7674,.T.);
#6610=EDGE_CURVE('',#5521,#5510,#590,.T.);
#6611=EDGE_CURVE('',#5520,#5509,#591,.T.);
#6612=EDGE_CURVE('',#5503,#5512,#7675,.T.);
#6613=EDGE_CURVE('',#5519,#5496,#7676,.T.);
#6614=EDGE_CURVE('',#5497,#5518,#7677,.T.);
#6615=EDGE_CURVE('',#5498,#5517,#7678,.T.);
#6616=EDGE_CURVE('',#5513,#5502,#7679,.T.);
#6617=EDGE_CURVE('',#5501,#5514,#7680,.T.);
#6618=EDGE_CURVE('',#5500,#5515,#7681,.T.);
#6619=EDGE_CURVE('',#5524,#5525,#7682,.T.);
#6620=EDGE_CURVE('',#5525,#5526,#7683,.T.);
#6621=EDGE_CURVE('',#5526,#5527,#7684,.T.);
#6622=EDGE_CURVE('',#5527,#5524,#7685,.T.);
#6623=EDGE_CURVE('',#5516,#5499,#7686,.T.);
#6624=EDGE_CURVE('',#5526,#5515,#7687,.T.);
#6625=EDGE_CURVE('',#5500,#5527,#7688,.T.);
#6626=EDGE_CURVE('',#5516,#5525,#7689,.T.);
#6627=EDGE_CURVE('',#5524,#5499,#7690,.T.);
#6628=EDGE_CURVE('',#5528,#5529,#7691,.T.);
#6629=EDGE_CURVE('',#5529,#5530,#7692,.T.);
#6630=EDGE_CURVE('',#5531,#5530,#7693,.T.);
#6631=EDGE_CURVE('',#5531,#5532,#592,.T.);
#6632=EDGE_CURVE('',#5533,#5532,#7694,.T.);
#6633=EDGE_CURVE('',#5533,#5534,#593,.T.);
#6634=EDGE_CURVE('',#5535,#5534,#7695,.T.);
#6635=EDGE_CURVE('',#5535,#5536,#7696,.T.);
#6636=EDGE_CURVE('',#5536,#5537,#7697,.T.);
#6637=EDGE_CURVE('',#5537,#5538,#7698,.T.);
#6638=EDGE_CURVE('',#5538,#5539,#594,.T.);
#6639=EDGE_CURVE('',#5539,#5540,#7699,.T.);
#6640=EDGE_CURVE('',#5540,#5541,#595,.T.);
#6641=EDGE_CURVE('',#5541,#5528,#7700,.T.);
#6642=EDGE_CURVE('',#5529,#5542,#7701,.T.);
#6643=EDGE_CURVE('',#5528,#5543,#7702,.T.);
#6644=EDGE_CURVE('',#5543,#5542,#7703,.T.);
#6645=EDGE_CURVE('',#5544,#5536,#7704,.T.);
#6646=EDGE_CURVE('',#5544,#5545,#7705,.T.);
#6647=EDGE_CURVE('',#5537,#5545,#7706,.T.);
#6648=EDGE_CURVE('',#5542,#5546,#7707,.T.);
#6649=EDGE_CURVE('',#5547,#5543,#7708,.T.);
#6650=EDGE_CURVE('',#5547,#5548,#596,.T.);
#6651=EDGE_CURVE('',#5549,#5548,#7709,.T.);
#6652=EDGE_CURVE('',#5549,#5550,#597,.T.);
#6653=EDGE_CURVE('',#5545,#5550,#7710,.T.);
#6654=EDGE_CURVE('',#5551,#5544,#7711,.T.);
#6655=EDGE_CURVE('',#5551,#5552,#7712,.T.);
#6656=EDGE_CURVE('',#5552,#5553,#598,.T.);
#6657=EDGE_CURVE('',#5553,#5554,#7713,.T.);
#6658=EDGE_CURVE('',#5554,#5555,#599,.T.);
#6659=EDGE_CURVE('',#5555,#5546,#7714,.T.);
#6660=EDGE_CURVE('',#5556,#5557,#7715,.T.);
#6661=EDGE_CURVE('',#5556,#5558,#7716,.T.);
#6662=EDGE_CURVE('',#5558,#5559,#600,.T.);
#6663=EDGE_CURVE('',#5559,#5560,#7717,.T.);
#6664=EDGE_CURVE('',#5560,#5561,#601,.T.);
#6665=EDGE_CURVE('',#5561,#5557,#7718,.T.);
#6666=EDGE_CURVE('',#5562,#5551,#7719,.T.);
#6667=EDGE_CURVE('',#5562,#5563,#7720,.T.);
#6668=EDGE_CURVE('',#5563,#5552,#7721,.T.);
#6669=EDGE_CURVE('',#5546,#5564,#7722,.T.);
#6670=EDGE_CURVE('',#5555,#5565,#7723,.T.);
#6671=EDGE_CURVE('',#5565,#5564,#7724,.T.);
#6672=EDGE_CURVE('',#5564,#5562,#7725,.T.);
#6673=EDGE_CURVE('',#5565,#5566,#602,.T.);
#6674=EDGE_CURVE('',#5567,#5566,#7726,.T.);
#6675=EDGE_CURVE('',#5567,#5563,#603,.T.);
#6676=EDGE_CURVE('',#5556,#5535,#604,.T.);
#6677=EDGE_CURVE('',#5558,#5534,#605,.T.);
#6678=EDGE_CURVE('',#5530,#5557,#606,.T.);
#6679=EDGE_CURVE('',#5531,#5561,#607,.T.);
#6680=EDGE_CURVE('',#5541,#5547,#7727,.T.);
#6681=EDGE_CURVE('',#5548,#5540,#7728,.T.);
#6682=EDGE_CURVE('',#5539,#5549,#7729,.T.);
#6683=EDGE_CURVE('',#5550,#5538,#7730,.T.);
#6684=EDGE_CURVE('',#5566,#5554,#7731,.T.);
#6685=EDGE_CURVE('',#5553,#5567,#7732,.T.);
#6686=EDGE_CURVE('',#5559,#5533,#608,.T.);
#6687=EDGE_CURVE('',#5560,#5532,#609,.T.);
#6688=EDGE_CURVE('',#5568,#5569,#7733,.T.);
#6689=EDGE_CURVE('',#5570,#5568,#7734,.T.);
#6690=EDGE_CURVE('',#5570,#5571,#610,.T.);
#6691=EDGE_CURVE('',#5571,#5572,#7735,.T.);
#6692=EDGE_CURVE('',#5569,#5572,#7736,.T.);
#6693=EDGE_CURVE('',#5573,#5574,#7737,.T.);
#6694=EDGE_CURVE('',#5575,#5574,#7738,.T.);
#6695=EDGE_CURVE('',#5575,#5576,#611,.T.);
#6696=EDGE_CURVE('',#5576,#5577,#7739,.T.);
#6697=EDGE_CURVE('',#5577,#5573,#7740,.T.);
#6698=EDGE_CURVE('',#5578,#5579,#7741,.T.);
#6699=EDGE_CURVE('',#5580,#5579,#7742,.T.);
#6700=EDGE_CURVE('',#5580,#5581,#7743,.T.);
#6701=EDGE_CURVE('',#5581,#5578,#7744,.T.);
#6702=EDGE_CURVE('',#5582,#5583,#7745,.T.);
#6703=EDGE_CURVE('',#5583,#5584,#7746,.T.);
#6704=EDGE_CURVE('',#5584,#5585,#7747,.T.);
#6705=EDGE_CURVE('',#5585,#5586,#7748,.T.);
#6706=EDGE_CURVE('',#5587,#5586,#7749,.T.);
#6707=EDGE_CURVE('',#5588,#5587,#7750,.T.);
#6708=EDGE_CURVE('',#5589,#5588,#7751,.T.);
#6709=EDGE_CURVE('',#5589,#5590,#7752,.T.);
#6710=EDGE_CURVE('',#5590,#5591,#7753,.T.);
#6711=EDGE_CURVE('',#5591,#5592,#7754,.T.);
#6712=EDGE_CURVE('',#5593,#5592,#7755,.T.);
#6713=EDGE_CURVE('',#5593,#5594,#7756,.T.);
#6714=EDGE_CURVE('',#5595,#5594,#7757,.T.);
#6715=EDGE_CURVE('',#5595,#5596,#7758,.T.);
#6716=EDGE_CURVE('',#5596,#5597,#7759,.T.);
#6717=EDGE_CURVE('',#5597,#5598,#7760,.T.);
#6718=EDGE_CURVE('',#5599,#5598,#7761,.T.);
#6719=EDGE_CURVE('',#5599,#5600,#7762,.T.);
#6720=EDGE_CURVE('',#5601,#5600,#7763,.T.);
#6721=EDGE_CURVE('',#5602,#5601,#7764,.T.);
#6722=EDGE_CURVE('',#5603,#5602,#7765,.T.);
#6723=EDGE_CURVE('',#5603,#5604,#7766,.T.);
#6724=EDGE_CURVE('',#5604,#5605,#7767,.T.);
#6725=EDGE_CURVE('',#5606,#5605,#7768,.T.);
#6726=EDGE_CURVE('',#5607,#5606,#7769,.T.);
#6727=EDGE_CURVE('',#5607,#5608,#7770,.T.);
#6728=EDGE_CURVE('',#5609,#5608,#7771,.T.);
#6729=EDGE_CURVE('',#5609,#5610,#612,.T.);
#6730=EDGE_CURVE('',#5611,#5610,#7772,.T.);
#6731=EDGE_CURVE('',#5611,#5612,#613,.T.);
#6732=EDGE_CURVE('',#5613,#5612,#7773,.T.);
#6733=EDGE_CURVE('',#5613,#5614,#7774,.T.);
#6734=EDGE_CURVE('',#5614,#5582,#7775,.T.);
#6735=EDGE_CURVE('',#5615,#5614,#7776,.T.);
#6736=EDGE_CURVE('',#5616,#5613,#7777,.T.);
#6737=EDGE_CURVE('',#5617,#5616,#7778,.T.);
#6738=EDGE_CURVE('',#5617,#5608,#7779,.T.);
#6739=EDGE_CURVE('',#5607,#5618,#7780,.T.);
#6740=EDGE_CURVE('',#5618,#5619,#7781,.T.);
#6741=EDGE_CURVE('',#5604,#5619,#7782,.T.);
#6742=EDGE_CURVE('',#5577,#5603,#7783,.T.);
#6743=EDGE_CURVE('',#5576,#5620,#7784,.T.);
#6744=EDGE_CURVE('',#5620,#5621,#7785,.T.);
#6745=EDGE_CURVE('',#5621,#5622,#7786,.T.);
#6746=EDGE_CURVE('',#5622,#5615,#7787,.T.);
#6747=EDGE_CURVE('',#5572,#5584,#7788,.T.);
#6748=EDGE_CURVE('',#5571,#5623,#7789,.T.);
#6749=EDGE_CURVE('',#5623,#5624,#7790,.T.);
#6750=EDGE_CURVE('',#5625,#5624,#7791,.T.);
#6751=EDGE_CURVE('',#5625,#5626,#7792,.T.);
#6752=EDGE_CURVE('',#5626,#5627,#7793,.T.);
#6753=EDGE_CURVE('',#5627,#5628,#7794,.T.);
#6754=EDGE_CURVE('',#5629,#5628,#7795,.T.);
#6755=EDGE_CURVE('',#5630,#5629,#7796,.T.);
#6756=EDGE_CURVE('',#5630,#5631,#7797,.T.);
#6757=EDGE_CURVE('',#5631,#5632,#7798,.T.);
#6758=EDGE_CURVE('',#5632,#5633,#7799,.T.);
#6759=EDGE_CURVE('',#5633,#5634,#7800,.T.);
#6760=EDGE_CURVE('',#5634,#5635,#7801,.T.);
#6761=EDGE_CURVE('',#5636,#5635,#7802,.T.);
#6762=EDGE_CURVE('',#5637,#5636,#7803,.T.);
#6763=EDGE_CURVE('',#5637,#5638,#7804,.T.);
#6764=EDGE_CURVE('',#5638,#5585,#7805,.T.);
#6765=EDGE_CURVE('',#5639,#5600,#7806,.T.);
#6766=EDGE_CURVE('',#5640,#5599,#7807,.T.);
#6767=EDGE_CURVE('',#5641,#5640,#7808,.T.);
#6768=EDGE_CURVE('',#5641,#5596,#7809,.T.);
#6769=EDGE_CURVE('',#5642,#5595,#7810,.T.);
#6770=EDGE_CURVE('',#5643,#5642,#7811,.T.);
#6771=EDGE_CURVE('',#5643,#5644,#7812,.T.);
#6772=EDGE_CURVE('',#5644,#5645,#7813,.T.);
#6773=EDGE_CURVE('',#5646,#5645,#7814,.T.);
#6774=EDGE_CURVE('',#5646,#5647,#7815,.T.);
#6775=EDGE_CURVE('',#5647,#5648,#7816,.T.);
#6776=EDGE_CURVE('',#5648,#5649,#7817,.T.);
#6777=EDGE_CURVE('',#5650,#5649,#7818,.T.);
#6778=EDGE_CURVE('',#5651,#5650,#7819,.T.);
#6779=EDGE_CURVE('',#5651,#5652,#7820,.T.);
#6780=EDGE_CURVE('',#5652,#5653,#7821,.T.);
#6781=EDGE_CURVE('',#5653,#5654,#7822,.T.);
#6782=EDGE_CURVE('',#5654,#5639,#7823,.T.);
#6783=EDGE_CURVE('',#5655,#5656,#7824,.T.);
#6784=EDGE_CURVE('',#5634,#5656,#7825,.T.);
#6785=EDGE_CURVE('',#5633,#5655,#614,.T.);
#6786=EDGE_CURVE('',#5657,#5655,#153,.T.);
#6787=EDGE_CURVE('',#5658,#5632,#154,.T.);
#6788=EDGE_CURVE('',#5659,#5658,#155,.T.);
#6789=EDGE_CURVE('',#5660,#5659,#7826,.T.);
#6790=EDGE_CURVE('',#5661,#5660,#615,.T.);
#6791=EDGE_CURVE('',#5657,#5661,#156,.T.);
#6792=EDGE_CURVE('',#5662,#5663,#7827,.T.);
#6793=EDGE_CURVE('',#5662,#5643,#616,.T.);
#6794=EDGE_CURVE('',#5642,#5663,#7828,.T.);
#6795=EDGE_CURVE('',#5664,#5662,#157,.T.);
#6796=EDGE_CURVE('',#5664,#5665,#158,.T.);
#6797=EDGE_CURVE('',#5666,#5665,#617,.T.);
#6798=EDGE_CURVE('',#5667,#5666,#7829,.T.);
#6799=EDGE_CURVE('',#5668,#5667,#159,.T.);
#6800=EDGE_CURVE('',#5644,#5668,#160,.T.);
#6801=EDGE_CURVE('',#5669,#5570,#161,.T.);
#6802=EDGE_CURVE('',#5669,#5670,#162,.T.);
#6803=EDGE_CURVE('',#5622,#5670,#618,.T.);
#6804=EDGE_CURVE('',#5671,#5621,#163,.T.);
#6805=EDGE_CURVE('',#5623,#5671,#164,.T.);
#6806=EDGE_CURVE('',#5672,#5673,#165,.T.);
#6807=EDGE_CURVE('',#5654,#5673,#619,.T.);
#6808=EDGE_CURVE('',#5674,#5653,#166,.T.);
#6809=EDGE_CURVE('',#5620,#5674,#167,.T.);
#6810=EDGE_CURVE('',#5672,#5575,#168,.T.);
#6811=EDGE_CURVE('',#5675,#5675,#620,.T.);
#6812=EDGE_CURVE('',#5676,#5676,#621,.T.);
#6813=EDGE_CURVE('',#5677,#5678,#7830,.T.);
#6814=EDGE_CURVE('',#5678,#5679,#7831,.T.);
#6815=EDGE_CURVE('',#5679,#5680,#7832,.T.);
#6816=EDGE_CURVE('',#5680,#5681,#7833,.T.);
#6817=EDGE_CURVE('',#5681,#5682,#7834,.T.);
#6818=EDGE_CURVE('',#5682,#5677,#7835,.T.);
#6819=EDGE_CURVE('',#5683,#5684,#7836,.T.);
#6820=EDGE_CURVE('',#5684,#5685,#7837,.T.);
#6821=EDGE_CURVE('',#5685,#5686,#7838,.T.);
#6822=EDGE_CURVE('',#5686,#5687,#7839,.T.);
#6823=EDGE_CURVE('',#5687,#5688,#7840,.T.);
#6824=EDGE_CURVE('',#5688,#5683,#7841,.T.);
#6825=EDGE_CURVE('',#5686,#5677,#622,.T.);
#6826=EDGE_CURVE('',#5682,#5687,#623,.T.);
#6827=EDGE_CURVE('',#5689,#5589,#7842,.T.);
#6828=EDGE_CURVE('',#5690,#5689,#7843,.T.);
#6829=EDGE_CURVE('',#5691,#5690,#7844,.T.);
#6830=EDGE_CURVE('',#5660,#5691,#7845,.T.);
#6831=EDGE_CURVE('',#5659,#5667,#7846,.T.);
#6832=EDGE_CURVE('',#5666,#5692,#7847,.T.);
#6833=EDGE_CURVE('',#5692,#5594,#7848,.T.);
#6834=EDGE_CURVE('',#5693,#5593,#7849,.T.);
#6835=EDGE_CURVE('',#5694,#5693,#7850,.T.);
#6836=EDGE_CURVE('',#5694,#5590,#7851,.T.);
#6837=EDGE_CURVE('',#5695,#5696,#7852,.T.);
#6838=EDGE_CURVE('',#5696,#5697,#7853,.T.);
#6839=EDGE_CURVE('',#5697,#5698,#7854,.T.);
#6840=EDGE_CURVE('',#5698,#5699,#7855,.T.);
#6841=EDGE_CURVE('',#5699,#5700,#7856,.T.);
#6842=EDGE_CURVE('',#5700,#5695,#7857,.T.);
#6843=EDGE_CURVE('',#5701,#5702,#7858,.T.);
#6844=EDGE_CURVE('',#5702,#5703,#7859,.T.);
#6845=EDGE_CURVE('',#5703,#5704,#7860,.T.);
#6846=EDGE_CURVE('',#5704,#5701,#7861,.T.);
#6847=EDGE_CURVE('',#5705,#5706,#7862,.T.);
#6848=EDGE_CURVE('',#5706,#5707,#7863,.T.);
#6849=EDGE_CURVE('',#5707,#5708,#7864,.T.);
#6850=EDGE_CURVE('',#5708,#5705,#7865,.T.);
#6851=EDGE_CURVE('',#5698,#5683,#624,.T.);
#6852=EDGE_CURVE('',#5688,#5704,#625,.T.);
#6853=EDGE_CURVE('',#5703,#5709,#626,.T.);
#6854=EDGE_CURVE('',#5710,#5709,#7866,.T.);
#6855=EDGE_CURVE('',#5710,#5699,#627,.T.);
#6856=EDGE_CURVE('',#5709,#5711,#7867,.T.);
#6857=EDGE_CURVE('',#5711,#5712,#7868,.T.);
#6858=EDGE_CURVE('',#5712,#5710,#7869,.T.);
#6859=EDGE_CURVE('',#5619,#5713,#7870,.T.);
#6860=EDGE_CURVE('',#5618,#5714,#7871,.T.);
#6861=EDGE_CURVE('',#5714,#5713,#7872,.T.);
#6862=EDGE_CURVE('',#5715,#5713,#628,.T.);
#6863=EDGE_CURVE('',#5716,#5714,#629,.T.);
#6864=EDGE_CURVE('',#5716,#5715,#7873,.T.);
#6865=EDGE_CURVE('',#5715,#5605,#7874,.T.);
#6866=EDGE_CURVE('',#5716,#5606,#7875,.T.);
#6867=EDGE_CURVE('',#5717,#5718,#630,.T.);
#6868=EDGE_CURVE('',#5719,#5718,#7876,.T.);
#6869=EDGE_CURVE('',#5720,#5719,#631,.T.);
#6870=EDGE_CURVE('',#5720,#5717,#7877,.T.);
#6871=EDGE_CURVE('',#5718,#5592,#7878,.T.);
#6872=EDGE_CURVE('',#5719,#5591,#7879,.T.);
#6873=EDGE_CURVE('',#5693,#5717,#7880,.T.);
#6874=EDGE_CURVE('',#5694,#5720,#7881,.T.);
#6875=EDGE_CURVE('',#5598,#5721,#7882,.T.);
#6876=EDGE_CURVE('',#5597,#5722,#7883,.T.);
#6877=EDGE_CURVE('',#5722,#5721,#7884,.T.);
#6878=EDGE_CURVE('',#5721,#5723,#7885,.T.);
#6879=EDGE_CURVE('',#5722,#5724,#7886,.T.);
#6880=EDGE_CURVE('',#5724,#5723,#7887,.T.);
#6881=EDGE_CURVE('',#5723,#5640,#7888,.T.);
#6882=EDGE_CURVE('',#5724,#5641,#7889,.T.);
#6883=EDGE_CURVE('',#5586,#5725,#7890,.T.);
#6884=EDGE_CURVE('',#5726,#5725,#7891,.T.);
#6885=EDGE_CURVE('',#5727,#5726,#7892,.T.);
#6886=EDGE_CURVE('',#5587,#5727,#7893,.T.);
#6887=EDGE_CURVE('',#5725,#5728,#7894,.T.);
#6888=EDGE_CURVE('',#5729,#5728,#7895,.T.);
#6889=EDGE_CURVE('',#5726,#5729,#7896,.T.);
#6890=EDGE_CURVE('',#5728,#5638,#7897,.T.);
#6891=EDGE_CURVE('',#5729,#5637,#7898,.T.);
#6892=EDGE_CURVE('',#5727,#5636,#7899,.T.);
#6893=EDGE_CURVE('',#5730,#5692,#7900,.T.);
#6894=EDGE_CURVE('',#5731,#5730,#7901,.T.);
#6895=EDGE_CURVE('',#5731,#5663,#7902,.T.);
#6896=EDGE_CURVE('',#5665,#5730,#7903,.T.);
#6897=EDGE_CURVE('',#5690,#5635,#7904,.T.);
#6898=EDGE_CURVE('',#5732,#5656,#7905,.T.);
#6899=EDGE_CURVE('',#5732,#5733,#7906,.T.);
#6900=EDGE_CURVE('',#5733,#5691,#7907,.T.);
#6901=EDGE_CURVE('',#5661,#5733,#7908,.T.);
#6902=EDGE_CURVE('',#5673,#5734,#7909,.T.);
#6903=EDGE_CURVE('',#5734,#5735,#7910,.T.);
#6904=EDGE_CURVE('',#5735,#5639,#7911,.T.);
#6905=EDGE_CURVE('',#5670,#5736,#7912,.T.);
#6906=EDGE_CURVE('',#5737,#5736,#7913,.T.);
#6907=EDGE_CURVE('',#5615,#5737,#7914,.T.);
#6908=EDGE_CURVE('',#5711,#5702,#632,.T.);
#6909=EDGE_CURVE('',#5711,#5681,#633,.T.);
#6910=EDGE_CURVE('',#5681,#5702,#634,.T.);
#6911=EDGE_CURVE('',#5701,#5687,#635,.T.);
#6912=EDGE_CURVE('',#5682,#5701,#636,.T.);
#6913=EDGE_CURVE('',#5712,#5680,#637,.T.);
#6914=EDGE_CURVE('',#5700,#5712,#638,.T.);
#6915=EDGE_CURVE('',#5700,#5680,#639,.T.);
#6916=EDGE_CURVE('',#5679,#5695,#640,.T.);
#6917=EDGE_CURVE('',#5697,#5684,#641,.T.);
#6918=EDGE_CURVE('',#5705,#5674,#7915,.T.);
#6919=EDGE_CURVE('',#5671,#5708,#7916,.T.);
#6920=EDGE_CURVE('',#5658,#5707,#7917,.T.);
#6921=EDGE_CURVE('',#5631,#5628,#7918,.T.);
#6922=EDGE_CURVE('',#5624,#5627,#7919,.T.);
#6923=EDGE_CURVE('',#5652,#5649,#7920,.T.);
#6924=EDGE_CURVE('',#5645,#5648,#7921,.T.);
#6925=EDGE_CURVE('',#5706,#5668,#7922,.T.);
#6926=EDGE_CURVE('',#5738,#5739,#642,.T.);
#6927=EDGE_CURVE('',#5740,#5739,#7923,.T.);
#6928=EDGE_CURVE('',#5741,#5740,#643,.T.);
#6929=EDGE_CURVE('',#5741,#5738,#7924,.T.);
#6930=EDGE_CURVE('',#5739,#5647,#7925,.T.);
#6931=EDGE_CURVE('',#5740,#5646,#7926,.T.);
#6932=EDGE_CURVE('',#5648,#5738,#7927,.T.);
#6933=EDGE_CURVE('',#5645,#5741,#7928,.T.);
#6934=EDGE_CURVE('',#5742,#5743,#644,.T.);
#6935=EDGE_CURVE('',#5744,#5742,#7929,.T.);
#6936=EDGE_CURVE('',#5744,#5745,#645,.T.);
#6937=EDGE_CURVE('',#5745,#5743,#7930,.T.);
#6938=EDGE_CURVE('',#5743,#5650,#7931,.T.);
#6939=EDGE_CURVE('',#5745,#5651,#7932,.T.);
#6940=EDGE_CURVE('',#5649,#5742,#7933,.T.);
#6941=EDGE_CURVE('',#5652,#5744,#7934,.T.);
#6942=EDGE_CURVE('',#5746,#5747,#646,.T.);
#6943=EDGE_CURVE('',#5748,#5746,#7935,.T.);
#6944=EDGE_CURVE('',#5748,#5749,#647,.T.);
#6945=EDGE_CURVE('',#5749,#5747,#7936,.T.);
#6946=EDGE_CURVE('',#5747,#5629,#7937,.T.);
#6947=EDGE_CURVE('',#5749,#5630,#7938,.T.);
#6948=EDGE_CURVE('',#5628,#5746,#7939,.T.);
#6949=EDGE_CURVE('',#5631,#5748,#7940,.T.);
#6950=EDGE_CURVE('',#5750,#5751,#648,.T.);
#6951=EDGE_CURVE('',#5752,#5751,#7941,.T.);
#6952=EDGE_CURVE('',#5753,#5752,#649,.T.);
#6953=EDGE_CURVE('',#5753,#5750,#7942,.T.);
#6954=EDGE_CURVE('',#5751,#5626,#7943,.T.);
#6955=EDGE_CURVE('',#5752,#5625,#7944,.T.);
#6956=EDGE_CURVE('',#5627,#5750,#7945,.T.);
#6957=EDGE_CURVE('',#5624,#5753,#7946,.T.);
#6958=EDGE_CURVE('',#5754,#5754,#650,.T.);
#6959=EDGE_CURVE('',#5689,#5755,#7947,.T.);
#6960=EDGE_CURVE('',#5755,#5727,#7948,.T.);
#6961=EDGE_CURVE('',#5755,#5588,#7949,.T.);
#6962=EDGE_CURVE('',#5756,#5757,#651,.T.);
#6963=EDGE_CURVE('',#5757,#5758,#7950,.T.);
#6964=EDGE_CURVE('',#5758,#5759,#7951,.T.);
#6965=EDGE_CURVE('',#5759,#5760,#7952,.T.);
#6966=EDGE_CURVE('',#5760,#5756,#7953,.T.);
#6967=EDGE_CURVE('',#5761,#5759,#7954,.T.);
#6968=EDGE_CURVE('',#5761,#5762,#7955,.T.);
#6969=EDGE_CURVE('',#5762,#5763,#652,.T.);
#6970=EDGE_CURVE('',#5763,#5760,#7956,.T.);
#6971=EDGE_CURVE('',#5764,#5764,#653,.T.);
#6972=EDGE_CURVE('',#5765,#5766,#654,.T.);
#6973=EDGE_CURVE('',#5766,#5761,#7957,.T.);
#6974=EDGE_CURVE('',#5758,#5765,#7958,.T.);
#6975=EDGE_CURVE('',#5767,#5767,#655,.T.);
#6976=EDGE_CURVE('',#5768,#5768,#656,.T.);
#6977=EDGE_CURVE('',#5769,#5769,#657,.T.);
#6978=EDGE_CURVE('',#5770,#5770,#658,.T.);
#6979=EDGE_CURVE('',#5771,#5771,#659,.T.);
#6980=EDGE_CURVE('',#5685,#5758,#169,.T.);
#6981=EDGE_CURVE('',#5686,#5757,#660,.T.);
#6982=EDGE_CURVE('',#5677,#5756,#661,.T.);
#6983=EDGE_CURVE('',#5678,#5760,#170,.T.);
#6984=EDGE_CURVE('',#5679,#5763,#662,.T.);
#6985=EDGE_CURVE('',#5695,#5762,#663,.T.);
#6986=EDGE_CURVE('',#5761,#5696,#171,.T.);
#6987=EDGE_CURVE('',#5765,#5684,#664,.T.);
#6988=EDGE_CURVE('',#5766,#5697,#665,.T.);
#6989=EDGE_CURVE('',#5772,#5772,#666,.T.);
#6990=EDGE_CURVE('',#5672,#5773,#7959,.T.);
#6991=EDGE_CURVE('',#5773,#5734,#7960,.T.);
#6992=EDGE_CURVE('',#5773,#5574,#7961,.T.);
#6993=EDGE_CURVE('',#5774,#5568,#7962,.T.);
#6994=EDGE_CURVE('',#5669,#5774,#7963,.T.);
#6995=EDGE_CURVE('',#5774,#5736,#7964,.T.);
#6996=EDGE_CURVE('',#5664,#5731,#7965,.T.);
#6997=EDGE_CURVE('',#5657,#5732,#7966,.T.);
#6998=EDGE_CURVE('',#5775,#5578,#7967,.T.);
#6999=EDGE_CURVE('',#5775,#5776,#7968,.T.);
#7000=EDGE_CURVE('',#5776,#5579,#7969,.T.);
#7001=EDGE_CURVE('',#5777,#5776,#7970,.T.);
#7002=EDGE_CURVE('',#5777,#5580,#7971,.T.);
#7003=EDGE_CURVE('',#5777,#5778,#7972,.T.);
#7004=EDGE_CURVE('',#5778,#5581,#7973,.T.);
#7005=EDGE_CURVE('',#5778,#5775,#7974,.T.);
#7006=EDGE_CURVE('',#5735,#5601,#7975,.T.);
#7007=EDGE_CURVE('',#5573,#5602,#7976,.T.);
#7008=EDGE_CURVE('',#5779,#5617,#7977,.T.);
#7009=EDGE_CURVE('',#5779,#5609,#7978,.T.);
#7010=EDGE_CURVE('',#5612,#5780,#7979,.T.);
#7011=EDGE_CURVE('',#5616,#5780,#7980,.T.);
#7012=EDGE_CURVE('',#5781,#5782,#7981,.T.);
#7013=EDGE_CURVE('',#5782,#5611,#7982,.T.);
#7014=EDGE_CURVE('',#5610,#5781,#7983,.T.);
#7015=EDGE_CURVE('',#5780,#5779,#7984,.T.);
#7016=EDGE_CURVE('',#5737,#5582,#7985,.T.);
#7017=EDGE_CURVE('',#5569,#5583,#7986,.T.);
#7018=EDGE_CURVE('',#5781,#5779,#172,.T.);
#7019=EDGE_CURVE('',#5782,#5780,#173,.T.);
#7020=EDGE_CURVE('',#5783,#5784,#7987,.T.);
#7021=EDGE_CURVE('',#5783,#5785,#7988,.T.);
#7022=EDGE_CURVE('',#5785,#5786,#7989,.T.);
#7023=EDGE_CURVE('',#5784,#5786,#7990,.T.);
#7024=EDGE_CURVE('',#5787,#5787,#667,.T.);
#7025=EDGE_CURVE('',#5788,#5784,#7991,.T.);
#7026=EDGE_CURVE('',#5789,#5786,#7992,.T.);
#7027=EDGE_CURVE('',#5790,#5789,#7993,.T.);
#7028=EDGE_CURVE('',#5791,#5790,#7994,.T.);
#7029=EDGE_CURVE('',#5792,#5791,#7995,.T.);
#7030=EDGE_CURVE('',#5792,#5793,#668,.T.);
#7031=EDGE_CURVE('',#5794,#5793,#7996,.T.);
#7032=EDGE_CURVE('',#5795,#5794,#7997,.T.);
#7033=EDGE_CURVE('',#5796,#5795,#7998,.T.);
#7034=EDGE_CURVE('',#5797,#5796,#7999,.T.);
#7035=EDGE_CURVE('',#5797,#5798,#8000,.T.);
#7036=EDGE_CURVE('',#5798,#5799,#8001,.T.);
#7037=EDGE_CURVE('',#5799,#5800,#8002,.T.);
#7038=EDGE_CURVE('',#5800,#5801,#8003,.T.);
#7039=EDGE_CURVE('',#5801,#5802,#8004,.T.);
#7040=EDGE_CURVE('',#5802,#5803,#669,.T.);
#7041=EDGE_CURVE('',#5803,#5804,#8005,.T.);
#7042=EDGE_CURVE('',#5804,#5805,#8006,.T.);
#7043=EDGE_CURVE('',#5805,#5788,#8007,.T.);
#7044=EDGE_CURVE('',#5806,#5806,#670,.T.);
#7045=EDGE_CURVE('',#5807,#5783,#8008,.T.);
#7046=EDGE_CURVE('',#5808,#5807,#8009,.T.);
#7047=EDGE_CURVE('',#5809,#5808,#8010,.T.);
#7048=EDGE_CURVE('',#5810,#5809,#8011,.T.);
#7049=EDGE_CURVE('',#5810,#5811,#671,.T.);
#7050=EDGE_CURVE('',#5812,#5811,#8012,.T.);
#7051=EDGE_CURVE('',#5813,#5812,#8013,.T.);
#7052=EDGE_CURVE('',#5814,#5813,#8014,.T.);
#7053=EDGE_CURVE('',#5815,#5814,#8015,.T.);
#7054=EDGE_CURVE('',#5815,#5816,#8016,.T.);
#7055=EDGE_CURVE('',#5816,#5817,#8017,.T.);
#7056=EDGE_CURVE('',#5817,#5818,#8018,.T.);
#7057=EDGE_CURVE('',#5818,#5819,#8019,.T.);
#7058=EDGE_CURVE('',#5819,#5820,#8020,.T.);
#7059=EDGE_CURVE('',#5820,#5821,#672,.T.);
#7060=EDGE_CURVE('',#5821,#5822,#8021,.T.);
#7061=EDGE_CURVE('',#5822,#5823,#8022,.T.);
#7062=EDGE_CURVE('',#5823,#5824,#8023,.T.);
#7063=EDGE_CURVE('',#5824,#5785,#8024,.T.);
#7064=EDGE_CURVE('',#5788,#5807,#8025,.T.);
#7065=EDGE_CURVE('',#5789,#5824,#8026,.T.);
#7066=EDGE_CURVE('',#5803,#5810,#8027,.T.);
#7067=EDGE_CURVE('',#5804,#5809,#8028,.T.);
#7068=EDGE_CURVE('',#5811,#5802,#8029,.T.);
#7069=EDGE_CURVE('',#5812,#5801,#8030,.T.);
#7070=EDGE_CURVE('',#5813,#5800,#8031,.T.);
#7071=EDGE_CURVE('',#5814,#5799,#8032,.T.);
#7072=EDGE_CURVE('',#5798,#5815,#8033,.T.);
#7073=EDGE_CURVE('',#5825,#5826,#8034,.T.);
#7074=EDGE_CURVE('',#5826,#5827,#8035,.T.);
#7075=EDGE_CURVE('',#5827,#5828,#8036,.T.);
#7076=EDGE_CURVE('',#5828,#5825,#8037,.T.);
#7077=EDGE_CURVE('',#5816,#5797,#8038,.T.);
#7078=EDGE_CURVE('',#5817,#5796,#8039,.T.);
#7079=EDGE_CURVE('',#5818,#5795,#8040,.T.);
#7080=EDGE_CURVE('',#5819,#5794,#8041,.T.);
#7081=EDGE_CURVE('',#5793,#5820,#8042,.T.);
#7082=EDGE_CURVE('',#5821,#5792,#8043,.T.);
#7083=EDGE_CURVE('',#5791,#5822,#8044,.T.);
#7084=EDGE_CURVE('',#5790,#5823,#8045,.T.);
#7085=EDGE_CURVE('',#5805,#5808,#8046,.T.);
#7086=EDGE_CURVE('',#5816,#5826,#8047,.T.);
#7087=EDGE_CURVE('',#5825,#5797,#8048,.T.);
#7088=EDGE_CURVE('',#5827,#5815,#8049,.T.);
#7089=EDGE_CURVE('',#5798,#5828,#8050,.T.);
#7090=LINE('',#12174,#8051);
#7091=LINE('',#12177,#8052);
#7092=LINE('',#12179,#8053);
#7093=LINE('',#12181,#8054);
#7094=LINE('',#12185,#8055);
#7095=LINE('',#12187,#8056);
#7096=LINE('',#12189,#8057);
#7097=LINE('',#12191,#8058);
#7098=LINE('',#12193,#8059);
#7099=LINE('',#12197,#8060);
#7100=LINE('',#12199,#8061);
#7101=LINE('',#12201,#8062);
#7102=LINE('',#12203,#8063);
#7103=LINE('',#12205,#8064);
#7104=LINE('',#12207,#8065);
#7105=LINE('',#12209,#8066);
#7106=LINE('',#12211,#8067);
#7107=LINE('',#12213,#8068);
#7108=LINE('',#12217,#8069);
#7109=LINE('',#12219,#8070);
#7110=LINE('',#12221,#8071);
#7111=LINE('',#12225,#8072);
#7112=LINE('',#12227,#8073);
#7113=LINE('',#12229,#8074);
#7114=LINE('',#12231,#8075);
#7115=LINE('',#12235,#8076);
#7116=LINE('',#12237,#8077);
#7117=LINE('',#12239,#8078);
#7118=LINE('',#12241,#8079);
#7119=LINE('',#12243,#8080);
#7120=LINE('',#12245,#8081);
#7121=LINE('',#12247,#8082);
#7122=LINE('',#12249,#8083);
#7123=LINE('',#12251,#8084);
#7124=LINE('',#12255,#8085);
#7125=LINE('',#12257,#8086);
#7126=LINE('',#12259,#8087);
#7127=LINE('',#12261,#8088);
#7128=LINE('',#12263,#8089);
#7129=LINE('',#12265,#8090);
#7130=LINE('',#12267,#8091);
#7131=LINE('',#12268,#8092);
#7132=LINE('',#12270,#8093);
#7133=LINE('',#12271,#8094);
#7134=LINE('',#12273,#8095);
#7135=LINE('',#12275,#8096);
#7136=LINE('',#12277,#8097);
#7137=LINE('',#12279,#8098);
#7138=LINE('',#12282,#8099);
#7139=LINE('',#12284,#8100);
#7140=LINE('',#12286,#8101);
#7141=LINE('',#12288,#8102);
#7142=LINE('',#12289,#8103);
#7143=LINE('',#12291,#8104);
#7144=LINE('',#12293,#8105);
#7145=LINE('',#12295,#8106);
#7146=LINE('',#12297,#8107);
#7147=LINE('',#12298,#8108);
#7148=LINE('',#12301,#8109);
#7149=LINE('',#12304,#8110);
#7150=LINE('',#12307,#8111);
#7151=LINE('',#12308,#8112);
#7152=LINE('',#12310,#8113);
#7153=LINE('',#12311,#8114);
#7154=LINE('',#12317,#8115);
#7155=LINE('',#12320,#8116);
#7156=LINE('',#12322,#8117);
#7157=LINE('',#12324,#8118);
#7158=LINE('',#12328,#8119);
#7159=LINE('',#12330,#8120);
#7160=LINE('',#12332,#8121);
#7161=LINE('',#12336,#8122);
#7162=LINE('',#12338,#8123);
#7163=LINE('',#12340,#8124);
#7164=LINE('',#12342,#8125);
#7165=LINE('',#12344,#8126);
#7166=LINE('',#12346,#8127);
#7167=LINE('',#12348,#8128);
#7168=LINE('',#12352,#8129);
#7169=LINE('',#12356,#8130);
#7170=LINE('',#12358,#8131);
#7171=LINE('',#12362,#8132);
#7172=LINE('',#12364,#8133);
#7173=LINE('',#12366,#8134);
#7174=LINE('',#12368,#8135);
#7175=LINE('',#12370,#8136);
#7176=LINE('',#12372,#8137);
#7177=LINE('',#12374,#8138);
#7178=LINE('',#12378,#8139);
#7179=LINE('',#12380,#8140);
#7180=LINE('',#12382,#8141);
#7181=LINE('',#12384,#8142);
#7182=LINE('',#12386,#8143);
#7183=LINE('',#12388,#8144);
#7184=LINE('',#12390,#8145);
#7185=LINE('',#12391,#8146);
#7186=LINE('',#12393,#8147);
#7187=LINE('',#12395,#8148);
#7188=LINE('',#12398,#8149);
#7189=LINE('',#12400,#8150);
#7190=LINE('',#12402,#8151);
#7191=LINE('',#12404,#8152);
#7192=LINE('',#12405,#8153);
#7193=LINE('',#12407,#8154);
#7194=LINE('',#12412,#8155);
#7195=LINE('',#12413,#8156);
#7196=LINE('',#12415,#8157);
#7197=LINE('',#12416,#8158);
#7198=LINE('',#12420,#8159);
#7199=LINE('',#12423,#8160);
#7200=LINE('',#12425,#8161);
#7201=LINE('',#12427,#8162);
#7202=LINE('',#12429,#8163);
#7203=LINE('',#12432,#8164);
#7204=LINE('',#12434,#8165);
#7205=LINE('',#12436,#8166);
#7206=LINE('',#12438,#8167);
#7207=LINE('',#12441,#8168);
#7208=LINE('',#12443,#8169);
#7209=LINE('',#12445,#8170);
#7210=LINE('',#12447,#8171);
#7211=LINE('',#12450,#8172);
#7212=LINE('',#12451,#8173);
#7213=LINE('',#12453,#8174);
#7214=LINE('',#12456,#8175);
#7215=LINE('',#12457,#8176);
#7216=LINE('',#12459,#8177);
#7217=LINE('',#12460,#8178);
#7218=LINE('',#12462,#8179);
#7219=LINE('',#12465,#8180);
#7220=LINE('',#12467,#8181);
#7221=LINE('',#12469,#8182);
#7222=LINE('',#12471,#8183);
#7223=LINE('',#12474,#8184);
#7224=LINE('',#12475,#8185);
#7225=LINE('',#12477,#8186);
#7226=LINE('',#12480,#8187);
#7227=LINE('',#12481,#8188);
#7228=LINE('',#12483,#8189);
#7229=LINE('',#12484,#8190);
#7230=LINE('',#12486,#8191);
#7231=LINE('',#12487,#8192);
#7232=LINE('',#12489,#8193);
#7233=LINE('',#12490,#8194);
#7234=LINE('',#12492,#8195);
#7235=LINE('',#12495,#8196);
#7236=LINE('',#12497,#8197);
#7237=LINE('',#12499,#8198);
#7238=LINE('',#12501,#8199);
#7239=LINE('',#12504,#8200);
#7240=LINE('',#12505,#8201);
#7241=LINE('',#12507,#8202);
#7242=LINE('',#12510,#8203);
#7243=LINE('',#12511,#8204);
#7244=LINE('',#12513,#8205);
#7245=LINE('',#12514,#8206);
#7246=LINE('',#12516,#8207);
#7247=LINE('',#12519,#8208);
#7248=LINE('',#12521,#8209);
#7249=LINE('',#12523,#8210);
#7250=LINE('',#12525,#8211);
#7251=LINE('',#12528,#8212);
#7252=LINE('',#12529,#8213);
#7253=LINE('',#12531,#8214);
#7254=LINE('',#12534,#8215);
#7255=LINE('',#12535,#8216);
#7256=LINE('',#12537,#8217);
#7257=LINE('',#12538,#8218);
#7258=LINE('',#12540,#8219);
#7259=LINE('',#12543,#8220);
#7260=LINE('',#12545,#8221);
#7261=LINE('',#12547,#8222);
#7262=LINE('',#12549,#8223);
#7263=LINE('',#12553,#8224);
#7264=LINE('',#12555,#8225);
#7265=LINE('',#12557,#8226);
#7266=LINE('',#12561,#8227);
#7267=LINE('',#12564,#8228);
#7268=LINE('',#12566,#8229);
#7269=LINE('',#12568,#8230);
#7270=LINE('',#12573,#8231);
#7271=LINE('',#12574,#8232);
#7272=LINE('',#12576,#8233);
#7273=LINE('',#12580,#8234);
#7274=LINE('',#12582,#8235);
#7275=LINE('',#12585,#8236);
#7276=LINE('',#12587,#8237);
#7277=LINE('',#12589,#8238);
#7278=LINE('',#12594,#8239);
#7279=LINE('',#12595,#8240);
#7280=LINE('',#12597,#8241);
#7281=LINE('',#12601,#8242);
#7282=LINE('',#12603,#8243);
#7283=LINE('',#12606,#8244);
#7284=LINE('',#12608,#8245);
#7285=LINE('',#12610,#8246);
#7286=LINE('',#12612,#8247);
#7287=LINE('',#12616,#8248);
#7288=LINE('',#12618,#8249);
#7289=LINE('',#12620,#8250);
#7290=LINE('',#12624,#8251);
#7291=LINE('',#12629,#8252);
#7292=LINE('',#12633,#8253);
#7293=LINE('',#12637,#8254);
#7294=LINE('',#12659,#8255);
#7295=LINE('',#12689,#8256);
#7296=LINE('',#12706,#8257);
#7297=LINE('',#12707,#8258);
#7298=LINE('',#12710,#8259);
#7299=LINE('',#12712,#8260);
#7300=LINE('',#12714,#8261);
#7301=LINE('',#12716,#8262);
#7302=LINE('',#12735,#8263);
#7303=LINE('',#12754,#8264);
#7304=LINE('',#12757,#8265);
#7305=LINE('',#12764,#8266);
#7306=LINE('',#12766,#8267);
#7307=LINE('',#12768,#8268);
#7308=LINE('',#12770,#8269);
#7309=LINE('',#12772,#8270);
#7310=LINE('',#12774,#8271);
#7311=LINE('',#12775,#8272);
#7312=LINE('',#12780,#8273);
#7313=LINE('',#12784,#8274);
#7314=LINE('',#12788,#8275);
#7315=LINE('',#12792,#8276);
#7316=LINE('',#12797,#8277);
#7317=LINE('',#12801,#8278);
#7318=LINE('',#12805,#8279);
#7319=LINE('',#12829,#8280);
#7320=LINE('',#12848,#8281);
#7321=LINE('',#12850,#8282);
#7322=LINE('',#12852,#8283);
#7323=LINE('',#12854,#8284);
#7324=LINE('',#12859,#8285);
#7325=LINE('',#12863,#8286);
#7326=LINE('',#12867,#8287);
#7327=LINE('',#12870,#8288);
#7328=LINE('',#12873,#8289);
#7329=LINE('',#12875,#8290);
#7330=LINE('',#12877,#8291);
#7331=LINE('',#12879,#8292);
#7332=LINE('',#12881,#8293);
#7333=LINE('',#12883,#8294);
#7334=LINE('',#12888,#8295);
#7335=LINE('',#12892,#8296);
#7336=LINE('',#12896,#8297);
#7337=LINE('',#12900,#8298);
#7338=LINE('',#12904,#8299);
#7339=LINE('',#12908,#8300);
#7340=LINE('',#12912,#8301);
#7341=LINE('',#12916,#8302);
#7342=LINE('',#12920,#8303);
#7343=LINE('',#12924,#8304);
#7344=LINE('',#12928,#8305);
#7345=LINE('',#12931,#8306);
#7346=LINE('',#12936,#8307);
#7347=LINE('',#12940,#8308);
#7348=LINE('',#12944,#8309);
#7349=LINE('',#12948,#8310);
#7350=LINE('',#12952,#8311);
#7351=LINE('',#12956,#8312);
#7352=LINE('',#12960,#8313);
#7353=LINE('',#12963,#8314);
#7354=LINE('',#12965,#8315);
#7355=LINE('',#12967,#8316);
#7356=LINE('',#12968,#8317);
#7357=LINE('',#12969,#8318);
#7358=LINE('',#12971,#8319);
#7359=LINE('',#12973,#8320);
#7360=LINE('',#12974,#8321);
#7361=LINE('',#12976,#8322);
#7362=LINE('',#12985,#8323);
#7363=LINE('',#12994,#8324);
#7364=LINE('',#13003,#8325);
#7365=LINE('',#13012,#8326);
#7366=LINE('',#13015,#8327);
#7367=LINE('',#13017,#8328);
#7368=LINE('',#13021,#8329);
#7369=LINE('',#13025,#8330);
#7370=LINE('',#13028,#8331);
#7371=LINE('',#13030,#8332);
#7372=LINE('',#13034,#8333);
#7373=LINE('',#13036,#8334);
#7374=LINE('',#13040,#8335);
#7375=LINE('',#13048,#8336);
#7376=LINE('',#13054,#8337);
#7377=LINE('',#13056,#8338);
#7378=LINE('',#13059,#8339);
#7379=LINE('',#13061,#8340);
#7380=LINE('',#13065,#8341);
#7381=LINE('',#13069,#8342);
#7382=LINE('',#13071,#8343);
#7383=LINE('',#13075,#8344);
#7384=LINE('',#13078,#8345);
#7385=LINE('',#13080,#8346);
#7386=LINE('',#13084,#8347);
#7387=LINE('',#13092,#8348);
#7388=LINE('',#13116,#8349);
#7389=LINE('',#13121,#8350);
#7390=LINE('',#13122,#8351);
#7391=LINE('',#13126,#8352);
#7392=LINE('',#13131,#8353);
#7393=LINE('',#13135,#8354);
#7394=LINE('',#13136,#8355);
#7395=LINE('',#13138,#8356);
#7396=LINE('',#13140,#8357);
#7397=LINE('',#13142,#8358);
#7398=LINE('',#13148,#8359);
#7399=LINE('',#13151,#8360);
#7400=LINE('',#13154,#8361);
#7401=LINE('',#13157,#8362);
#7402=LINE('',#13158,#8363);
#7403=LINE('',#13161,#8364);
#7404=LINE('',#13163,#8365);
#7405=LINE('',#13165,#8366);
#7406=LINE('',#13166,#8367);
#7407=LINE('',#13169,#8368);
#7408=LINE('',#13171,#8369);
#7409=LINE('',#13173,#8370);
#7410=LINE('',#13174,#8371);
#7411=LINE('',#13177,#8372);
#7412=LINE('',#13179,#8373);
#7413=LINE('',#13181,#8374);
#7414=LINE('',#13182,#8375);
#7415=LINE('',#13185,#8376);
#7416=LINE('',#13187,#8377);
#7417=LINE('',#13189,#8378);
#7418=LINE('',#13190,#8379);
#7419=LINE('',#13193,#8380);
#7420=LINE('',#13195,#8381);
#7421=LINE('',#13197,#8382);
#7422=LINE('',#13198,#8383);
#7423=LINE('',#13201,#8384);
#7424=LINE('',#13203,#8385);
#7425=LINE('',#13205,#8386);
#7426=LINE('',#13207,#8387);
#7427=LINE('',#13208,#8388);
#7428=LINE('',#13210,#8389);
#7429=LINE('',#13212,#8390);
#7430=LINE('',#13213,#8391);
#7431=LINE('',#13215,#8392);
#7432=LINE('',#13216,#8393);
#7433=LINE('',#13218,#8394);
#7434=LINE('',#13220,#8395);
#7435=LINE('',#13222,#8396);
#7436=LINE('',#13224,#8397);
#7437=LINE('',#13226,#8398);
#7438=LINE('',#13228,#8399);
#7439=LINE('',#13230,#8400);
#7440=LINE('',#13231,#8401);
#7441=LINE('',#13233,#8402);
#7442=LINE('',#13235,#8403);
#7443=LINE('',#13236,#8404);
#7444=LINE('',#13238,#8405);
#7445=LINE('',#13240,#8406);
#7446=LINE('',#13242,#8407);
#7447=LINE('',#13244,#8408);
#7448=LINE('',#13246,#8409);
#7449=LINE('',#13248,#8410);
#7450=LINE('',#13250,#8411);
#7451=LINE('',#13252,#8412);
#7452=LINE('',#13254,#8413);
#7453=LINE('',#13256,#8414);
#7454=LINE('',#13258,#8415);
#7455=LINE('',#13260,#8416);
#7456=LINE('',#13262,#8417);
#7457=LINE('',#13264,#8418);
#7458=LINE('',#13266,#8419);
#7459=LINE('',#13268,#8420);
#7460=LINE('',#13273,#8421);
#7461=LINE('',#13277,#8422);
#7462=LINE('',#13281,#8423);
#7463=LINE('',#13285,#8424);
#7464=LINE('',#13289,#8425);
#7465=LINE('',#13291,#8426);
#7466=LINE('',#13293,#8427);
#7467=LINE('',#13297,#8428);
#7468=LINE('',#13301,#8429);
#7469=LINE('',#13303,#8430);
#7470=LINE('',#13305,#8431);
#7471=LINE('',#13311,#8432);
#7472=LINE('',#13313,#8433);
#7473=LINE('',#13315,#8434);
#7474=LINE('',#13316,#8435);
#7475=LINE('',#13317,#8436);
#7476=LINE('',#13319,#8437);
#7477=LINE('',#13321,#8438);
#7478=LINE('',#13323,#8439);
#7479=LINE('',#13325,#8440);
#7480=LINE('',#13327,#8441);
#7481=LINE('',#13329,#8442);
#7482=LINE('',#13330,#8443);
#7483=LINE('',#13331,#8444);
#7484=LINE('',#13333,#8445);
#7485=LINE('',#13335,#8446);
#7486=LINE('',#13337,#8447);
#7487=LINE('',#13339,#8448);
#7488=LINE('',#13341,#8449);
#7489=LINE('',#13343,#8450);
#7490=LINE('',#13345,#8451);
#7491=LINE('',#13347,#8452);
#7492=LINE('',#13349,#8453);
#7493=LINE('',#13351,#8454);
#7494=LINE('',#13354,#8455);
#7495=LINE('',#13356,#8456);
#7496=LINE('',#13357,#8457);
#7497=LINE('',#13361,#8458);
#7498=LINE('',#13362,#8459);
#7499=LINE('',#13741,#8460);
#7500=LINE('',#13764,#8461);
#7501=LINE('',#13765,#8462);
#7502=LINE('',#13767,#8463);
#7503=LINE('',#13768,#8464);
#7504=LINE('',#13774,#8465);
#7505=LINE('',#13775,#8466);
#7506=LINE('',#13777,#8467);
#7507=LINE('',#13778,#8468);
#7508=LINE('',#13786,#8469);
#7509=LINE('',#13790,#8470);
#7510=LINE('',#13791,#8471);
#7511=LINE('',#13793,#8472);
#7512=LINE('',#13794,#8473);
#7513=LINE('',#13796,#8474);
#7514=LINE('',#13797,#8475);
#7515=LINE('',#13799,#8476);
#7516=LINE('',#13800,#8477);
#7517=LINE('',#13806,#8478);
#7518=LINE('',#13808,#8479);
#7519=LINE('',#13810,#8480);
#7520=LINE('',#13812,#8481);
#7521=LINE('',#13814,#8482);
#7522=LINE('',#13816,#8483);
#7523=LINE('',#13818,#8484);
#7524=LINE('',#13820,#8485);
#7525=LINE('',#13822,#8486);
#7526=LINE('',#13824,#8487);
#7527=LINE('',#13826,#8488);
#7528=LINE('',#13828,#8489);
#7529=LINE('',#13831,#8490);
#7530=LINE('',#13838,#8491);
#7531=LINE('',#13843,#8493);
#7532=LINE('',#13845,#8494);
#7533=LINE('',#13864,#8495);
#7534=LINE('',#13881,#8497);
#7535=LINE('',#13883,#8498);
#7536=LINE('',#13885,#8499);
#7537=LINE('',#13887,#8500);
#7538=LINE('',#13889,#8501);
#7539=LINE('',#13891,#8502);
#7540=LINE('',#13922,#8504);
#7541=LINE('',#13925,#8505);
#7542=LINE('',#13927,#8506);
#7543=LINE('',#13929,#8507);
#7544=LINE('',#13931,#8508);
#7545=LINE('',#13933,#8509);
#7546=LINE('',#13935,#8510);
#7547=LINE('',#13937,#8511);
#7548=LINE('',#13939,#8512);
#7549=LINE('',#13941,#8513);
#7550=LINE('',#13948,#8514);
#7551=LINE('',#13953,#8516);
#7552=LINE('',#13955,#8517);
#7553=LINE('',#13957,#8518);
#7554=LINE('',#13959,#8519);
#7555=LINE('',#13961,#8520);
#7556=LINE('',#13963,#8521);
#7557=LINE('',#13965,#8522);
#7558=LINE('',#13967,#8523);
#7559=LINE('',#13969,#8524);
#7560=LINE('',#13971,#8525);
#7561=LINE('',#13973,#8526);
#7562=LINE('',#13975,#8527);
#7563=LINE('',#13977,#8528);
#7564=LINE('',#13979,#8529);
#7565=LINE('',#13980,#8530);
#7566=LINE('',#13984,#8531);
#7567=LINE('',#13991,#8532);
#7568=LINE('',#13996,#8534);
#7569=LINE('',#13998,#8535);
#7570=LINE('',#14013,#8536);
#7571=LINE('',#14041,#8538);
#7572=LINE('',#14056,#8540);
#7573=LINE('',#14058,#8541);
#7574=LINE('',#14075,#8542);
#7575=LINE('',#14090,#8544);
#7576=LINE('',#14092,#8545);
#7577=LINE('',#14119,#8547);
#7578=LINE('',#14121,#8548);
#7579=LINE('',#14123,#8549);
#7580=LINE('',#14125,#8550);
#7581=LINE('',#14159,#8552);
#7582=LINE('',#14161,#8553);
#7583=LINE('',#14163,#8554);
#7584=LINE('',#14197,#8556);
#7585=LINE('',#14199,#8557);
#7586=LINE('',#14201,#8558);
#7587=LINE('',#14203,#8559);
#7588=LINE('',#14205,#8560);
#7589=LINE('',#14207,#8561);
#7590=LINE('',#14209,#8562);
#7591=LINE('',#14212,#8563);
#7592=LINE('',#14215,#8564);
#7593=LINE('',#14217,#8565);
#7594=LINE('',#14219,#8566);
#7595=LINE('',#14221,#8567);
#7596=LINE('',#14222,#8568);
#7597=LINE('',#14224,#8569);
#7598=LINE('',#14225,#8570);
#7599=LINE('',#14229,#8571);
#7600=LINE('',#14232,#8572);
#7601=LINE('',#14234,#8573);
#7602=LINE('',#14236,#8574);
#7603=LINE('',#14238,#8575);
#7604=LINE('',#14239,#8576);
#7605=LINE('',#14241,#8577);
#7606=LINE('',#14242,#8578);
#7607=LINE('',#14246,#8579);
#7608=LINE('',#14249,#8580);
#7609=LINE('',#14251,#8581);
#7610=LINE('',#14253,#8582);
#7611=LINE('',#14255,#8583);
#7612=LINE('',#14256,#8584);
#7613=LINE('',#14258,#8585);
#7614=LINE('',#14259,#8586);
#7615=LINE('',#14263,#8587);
#7616=LINE('',#14266,#8588);
#7617=LINE('',#14268,#8589);
#7618=LINE('',#14270,#8590);
#7619=LINE('',#14272,#8591);
#7620=LINE('',#14273,#8592);
#7621=LINE('',#14275,#8593);
#7622=LINE('',#14276,#8594);
#7623=LINE('',#14280,#8595);
#7624=LINE('',#14283,#8596);
#7625=LINE('',#14285,#8597);
#7626=LINE('',#14287,#8598);
#7627=LINE('',#14289,#8599);
#7628=LINE('',#14290,#8600);
#7629=LINE('',#14292,#8601);
#7630=LINE('',#14293,#8602);
#7631=LINE('',#14297,#8603);
#7632=LINE('',#14300,#8604);
#7633=LINE('',#14302,#8605);
#7634=LINE('',#14304,#8606);
#7635=LINE('',#14306,#8607);
#7636=LINE('',#14307,#8608);
#7637=LINE('',#14309,#8609);
#7638=LINE('',#14310,#8610);
#7639=LINE('',#14314,#8611);
#7640=LINE('',#14317,#8612);
#7641=LINE('',#14319,#8613);
#7642=LINE('',#14321,#8614);
#7643=LINE('',#14323,#8615);
#7644=LINE('',#14345,#8616);
#7645=LINE('',#14367,#8617);
#7646=LINE('',#14369,#8618);
#7647=LINE('',#14371,#8619);
#7648=LINE('',#14373,#8620);
#7649=LINE('',#14377,#8621);
#7650=LINE('',#14379,#8622);
#7651=LINE('',#14383,#8623);
#7652=LINE('',#14385,#8624);
#7653=LINE('',#14387,#8625);
#7654=LINE('',#14389,#8626);
#7655=LINE('',#14391,#8627);
#7656=LINE('',#14395,#8628);
#7657=LINE('',#14397,#8629);
#7658=LINE('',#14400,#8630);
#7659=LINE('',#14406,#8631);
#7660=LINE('',#14410,#8632);
#7661=LINE('',#14413,#8633);
#7662=LINE('',#14415,#8634);
#7663=LINE('',#14419,#8635);
#7664=LINE('',#14421,#8636);
#7665=LINE('',#14423,#8637);
#7666=LINE('',#14425,#8638);
#7667=LINE('',#14427,#8639);
#7668=LINE('',#14431,#8640);
#7669=LINE('',#14433,#8641);
#7670=LINE('',#14435,#8642);
#7671=LINE('',#14441,#8643);
#7672=LINE('',#14447,#8644);
#7673=LINE('',#14449,#8645);
#7674=LINE('',#14451,#8646);
#7675=LINE('',#14457,#8647);
#7676=LINE('',#14459,#8648);
#7677=LINE('',#14461,#8649);
#7678=LINE('',#14462,#8650);
#7679=LINE('',#14464,#8651);
#7680=LINE('',#14465,#8652);
#7681=LINE('',#14467,#8653);
#7682=LINE('',#14469,#8654);
#7683=LINE('',#14472,#8655);
#7684=LINE('',#14474,#8656);
#7685=LINE('',#14476,#8657);
#7686=LINE('',#14478,#8658);
#7687=LINE('',#14481,#8659);
#7688=LINE('',#14482,#8660);
#7689=LINE('',#14484,#8661);
#7690=LINE('',#14485,#8662);
#7691=LINE('',#14493,#8663);
#7692=LINE('',#14496,#8664);
#7693=LINE('',#14498,#8665);
#7694=LINE('',#14502,#8666);
#7695=LINE('',#14506,#8667);
#7696=LINE('',#14508,#8668);
#7697=LINE('',#14510,#8669);
#7698=LINE('',#14512,#8670);
#7699=LINE('',#14516,#8671);
#7700=LINE('',#14520,#8672);
#7701=LINE('',#14522,#8673);
#7702=LINE('',#14524,#8674);
#7703=LINE('',#14526,#8675);
#7704=LINE('',#14528,#8676);
#7705=LINE('',#14530,#8677);
#7706=LINE('',#14532,#8678);
#7707=LINE('',#14534,#8679);
#7708=LINE('',#14536,#8680);
#7709=LINE('',#14540,#8681);
#7710=LINE('',#14544,#8682);
#7711=LINE('',#14545,#8683);
#7712=LINE('',#14547,#8684);
#7713=LINE('',#14551,#8685);
#7714=LINE('',#14555,#8686);
#7715=LINE('',#14557,#8687);
#7716=LINE('',#14560,#8688);
#7717=LINE('',#14564,#8689);
#7718=LINE('',#14568,#8690);
#7719=LINE('',#14570,#8691);
#7720=LINE('',#14572,#8692);
#7721=LINE('',#14574,#8693);
#7722=LINE('',#14576,#8694);
#7723=LINE('',#14578,#8695);
#7724=LINE('',#14580,#8696);
#7725=LINE('',#14582,#8697);
#7726=LINE('',#14585,#8698);
#7727=LINE('',#14595,#8699);
#7728=LINE('',#14597,#8700);
#7729=LINE('',#14598,#8701);
#7730=LINE('',#14600,#8702);
#7731=LINE('',#14602,#8703);
#7732=LINE('',#14603,#8704);
#7733=LINE('',#14615,#8705);
#7734=LINE('',#14618,#8706);
#7735=LINE('',#14622,#8707);
#7736=LINE('',#14624,#8708);
#7737=LINE('',#14626,#8709);
#7738=LINE('',#14629,#8710);
#7739=LINE('',#14633,#8711);
#7740=LINE('',#14635,#8712);
#7741=LINE('',#14637,#8713);
#7742=LINE('',#14640,#8714);
#7743=LINE('',#14642,#8715);
#7744=LINE('',#14644,#8716);
#7745=LINE('',#14645,#8717);
#7746=LINE('',#14648,#8718);
#7747=LINE('',#14650,#8719);
#7748=LINE('',#14652,#8720);
#7749=LINE('',#14654,#8721);
#7750=LINE('',#14656,#8722);
#7751=LINE('',#14658,#8723);
#7752=LINE('',#14660,#8724);
#7753=LINE('',#14662,#8725);
#7754=LINE('',#14664,#8726);
#7755=LINE('',#14666,#8727);
#7756=LINE('',#14668,#8728);
#7757=LINE('',#14670,#8729);
#7758=LINE('',#14672,#8730);
#7759=LINE('',#14674,#8731);
#7760=LINE('',#14676,#8732);
#7761=LINE('',#14678,#8733);
#7762=LINE('',#14680,#8734);
#7763=LINE('',#14682,#8735);
#7764=LINE('',#14684,#8736);
#7765=LINE('',#14686,#8737);
#7766=LINE('',#14688,#8738);
#7767=LINE('',#14690,#8739);
#7768=LINE('',#14692,#8740);
#7769=LINE('',#14694,#8741);
#7770=LINE('',#14696,#8742);
#7771=LINE('',#14698,#8743);
#7772=LINE('',#14702,#8744);
#7773=LINE('',#14706,#8745);
#7774=LINE('',#14708,#8746);
#7775=LINE('',#14710,#8747);
#7776=LINE('',#14712,#8748);
#7777=LINE('',#14714,#8749);
#7778=LINE('',#14716,#8750);
#7779=LINE('',#14718,#8751);
#7780=LINE('',#14719,#8752);
#7781=LINE('',#14721,#8753);
#7782=LINE('',#14723,#8754);
#7783=LINE('',#14724,#8755);
#7784=LINE('',#14725,#8756);
#7785=LINE('',#14727,#8757);
#7786=LINE('',#14729,#8758);
#7787=LINE('',#14731,#8759);
#7788=LINE('',#14733,#8760);
#7789=LINE('',#14734,#8761);
#7790=LINE('',#14736,#8762);
#7791=LINE('',#14738,#8763);
#7792=LINE('',#14740,#8764);
#7793=LINE('',#14742,#8765);
#7794=LINE('',#14744,#8766);
#7795=LINE('',#14746,#8767);
#7796=LINE('',#14748,#8768);
#7797=LINE('',#14750,#8769);
#7798=LINE('',#14752,#8770);
#7799=LINE('',#14754,#8771);
#7800=LINE('',#14756,#8772);
#7801=LINE('',#14758,#8773);
#7802=LINE('',#14760,#8774);
#7803=LINE('',#14762,#8775);
#7804=LINE('',#14764,#8776);
#7805=LINE('',#14766,#8777);
#7806=LINE('',#14768,#8778);
#7807=LINE('',#14770,#8779);
#7808=LINE('',#14772,#8780);
#7809=LINE('',#14774,#8781);
#7810=LINE('',#14775,#8782);
#7811=LINE('',#14777,#8783);
#7812=LINE('',#14779,#8784);
#7813=LINE('',#14781,#8785);
#7814=LINE('',#14783,#8786);
#7815=LINE('',#14785,#8787);
#7816=LINE('',#14787,#8788);
#7817=LINE('',#14789,#8789);
#7818=LINE('',#14791,#8790);
#7819=LINE('',#14793,#8791);
#7820=LINE('',#14795,#8792);
#7821=LINE('',#14797,#8793);
#7822=LINE('',#14799,#8794);
#7823=LINE('',#14801,#8795);
#7824=LINE('',#14803,#8796);
#7825=LINE('',#14806,#8797);
#7826=LINE('',#14815,#8798);
#7827=LINE('',#14821,#8799);
#7828=LINE('',#14825,#8800);
#7829=LINE('',#14833,#8801);
#7830=LINE('',#14861,#8802);
#7831=LINE('',#14864,#8803);
#7832=LINE('',#14866,#8804);
#7833=LINE('',#14868,#8805);
#7834=LINE('',#14870,#8806);
#7835=LINE('',#14872,#8807);
#7836=LINE('',#14874,#8808);
#7837=LINE('',#14877,#8809);
#7838=LINE('',#14879,#8810);
#7839=LINE('',#14881,#8811);
#7840=LINE('',#14883,#8812);
#7841=LINE('',#14885,#8813);
#7842=LINE('',#14890,#8814);
#7843=LINE('',#14892,#8815);
#7844=LINE('',#14894,#8816);
#7845=LINE('',#14896,#8817);
#7846=LINE('',#14897,#8818);
#7847=LINE('',#14898,#8819);
#7848=LINE('',#14900,#8820);
#7849=LINE('',#14901,#8821);
#7850=LINE('',#14903,#8822);
#7851=LINE('',#14905,#8823);
#7852=LINE('',#14907,#8824);
#7853=LINE('',#14910,#8825);
#7854=LINE('',#14912,#8826);
#7855=LINE('',#14914,#8827);
#7856=LINE('',#14916,#8828);
#7857=LINE('',#14918,#8829);
#7858=LINE('',#14920,#8830);
#7859=LINE('',#14923,#8831);
#7860=LINE('',#14925,#8832);
#7861=LINE('',#14927,#8833);
#7862=LINE('',#14929,#8834);
#7863=LINE('',#14932,#8835);
#7864=LINE('',#14934,#8836);
#7865=LINE('',#14936,#8837);
#7866=LINE('',#14941,#8838);
#7867=LINE('',#14945,#8839);
#7868=LINE('',#14947,#8840);
#7869=LINE('',#14949,#8841);
#7870=LINE('',#14951,#8842);
#7871=LINE('',#14953,#8843);
#7872=LINE('',#14955,#8844);
#7873=LINE('',#14961,#8845);
#7874=LINE('',#14963,#8846);
#7875=LINE('',#14964,#8847);
#7876=LINE('',#14971,#8848);
#7877=LINE('',#14975,#8849);
#7878=LINE('',#14977,#8850);
#7879=LINE('',#14978,#8851);
#7880=LINE('',#14980,#8852);
#7881=LINE('',#14981,#8853);
#7882=LINE('',#14985,#8854);
#7883=LINE('',#14987,#8855);
#7884=LINE('',#14989,#8856);
#7885=LINE('',#14991,#8857);
#7886=LINE('',#14993,#8858);
#7887=LINE('',#14995,#8859);
#7888=LINE('',#14997,#8860);
#7889=LINE('',#14998,#8861);
#7890=LINE('',#15002,#8862);
#7891=LINE('',#15004,#8863);
#7892=LINE('',#15006,#8864);
#7893=LINE('',#15008,#8865);
#7894=LINE('',#15010,#8866);
#7895=LINE('',#15012,#8867);
#7896=LINE('',#15014,#8868);
#7897=LINE('',#15016,#8869);
#7898=LINE('',#15017,#8870);
#7899=LINE('',#15019,#8871);
#7900=LINE('',#15022,#8872);
#7901=LINE('',#15024,#8873);
#7902=LINE('',#15026,#8874);
#7903=LINE('',#15028,#8875);
#7904=LINE('',#15030,#8876);
#7905=LINE('',#15031,#8877);
#7906=LINE('',#15033,#8878);
#7907=LINE('',#15035,#8879);
#7908=LINE('',#15037,#8880);
#7909=LINE('',#15039,#8881);
#7910=LINE('',#15041,#8882);
#7911=LINE('',#15043,#8883);
#7912=LINE('',#15045,#8884);
#7913=LINE('',#15047,#8885);
#7914=LINE('',#15049,#8886);
#7915=LINE('',#15071,#8887);
#7916=LINE('',#15072,#8888);
#7917=LINE('',#15074,#8889);
#7918=LINE('',#15075,#8890);
#7919=LINE('',#15076,#8891);
#7920=LINE('',#15078,#8892);
#7921=LINE('',#15079,#8893);
#7922=LINE('',#15080,#8894);
#7923=LINE('',#15086,#8895);
#7924=LINE('',#15090,#8896);
#7925=LINE('',#15092,#8897);
#7926=LINE('',#15093,#8898);
#7927=LINE('',#15095,#8899);
#7928=LINE('',#15096,#8900);
#7929=LINE('',#15103,#8901);
#7930=LINE('',#15107,#8902);
#7931=LINE('',#15109,#8903);
#7932=LINE('',#15110,#8904);
#7933=LINE('',#15112,#8905);
#7934=LINE('',#15113,#8906);
#7935=LINE('',#15120,#8907);
#7936=LINE('',#15124,#8908);
#7937=LINE('',#15126,#8909);
#7938=LINE('',#15127,#8910);
#7939=LINE('',#15129,#8911);
#7940=LINE('',#15130,#8912);
#7941=LINE('',#15137,#8913);
#7942=LINE('',#15141,#8914);
#7943=LINE('',#15143,#8915);
#7944=LINE('',#15144,#8916);
#7945=LINE('',#15146,#8917);
#7946=LINE('',#15147,#8918);
#7947=LINE('',#15153,#8919);
#7948=LINE('',#15155,#8920);
#7949=LINE('',#15157,#8921);
#7950=LINE('',#15163,#8922);
#7951=LINE('',#15165,#8923);
#7952=LINE('',#15167,#8924);
#7953=LINE('',#15169,#8925);
#7954=LINE('',#15171,#8926);
#7955=LINE('',#15173,#8927);
#7956=LINE('',#15177,#8928);
#7957=LINE('',#15184,#8929);
#7958=LINE('',#15185,#8930);
#7959=LINE('',#15272,#8931);
#7960=LINE('',#15274,#8932);
#7961=LINE('',#15276,#8933);
#7962=LINE('',#15278,#8934);
#7963=LINE('',#15280,#8935);
#7964=LINE('',#15282,#8936);
#7965=LINE('',#15284,#8937);
#7966=LINE('',#15287,#8938);
#7967=LINE('',#15290,#8939);
#7968=LINE('',#15292,#8940);
#7969=LINE('',#15294,#8941);
#7970=LINE('',#15296,#8942);
#7971=LINE('',#15298,#8943);
#7972=LINE('',#15300,#8944);
#7973=LINE('',#15302,#8945);
#7974=LINE('',#15304,#8946);
#7975=LINE('',#15307,#8947);
#7976=LINE('',#15308,#8948);
#7977=LINE('',#15312,#8949);
#7978=LINE('',#15314,#8950);
#7979=LINE('',#15316,#8951);
#7980=LINE('',#15318,#8952);
#7981=LINE('',#15320,#8953);
#7982=LINE('',#15323,#8954);
#7983=LINE('',#15324,#8955);
#7984=LINE('',#15326,#8956);
#7985=LINE('',#15328,#8957);
#7986=LINE('',#15329,#8958);
#7987=LINE('',#15338,#8959);
#7988=LINE('',#15341,#8960);
#7989=LINE('',#15343,#8961);
#7990=LINE('',#15345,#8962);
#7991=LINE('',#15349,#8963);
#7992=LINE('',#15351,#8964);
#7993=LINE('',#15353,#8965);
#7994=LINE('',#15355,#8966);
#7995=LINE('',#15357,#8967);
#7996=LINE('',#15361,#8968);
#7997=LINE('',#15363,#8969);
#7998=LINE('',#15365,#8970);
#7999=LINE('',#15367,#8971);
#8000=LINE('',#15369,#8972);
#8001=LINE('',#15371,#8973);
#8002=LINE('',#15373,#8974);
#8003=LINE('',#15375,#8975);
#8004=LINE('',#15377,#8976);
#8005=LINE('',#15381,#8977);
#8006=LINE('',#15383,#8978);
#8007=LINE('',#15385,#8979);
#8008=LINE('',#15389,#8980);
#8009=LINE('',#15391,#8981);
#8010=LINE('',#15393,#8982);
#8011=LINE('',#15395,#8983);
#8012=LINE('',#15399,#8984);
#8013=LINE('',#15401,#8985);
#8014=LINE('',#15403,#8986);
#8015=LINE('',#15405,#8987);
#8016=LINE('',#15407,#8988);
#8017=LINE('',#15409,#8989);
#8018=LINE('',#15411,#8990);
#8019=LINE('',#15413,#8991);
#8020=LINE('',#15415,#8992);
#8021=LINE('',#15419,#8993);
#8022=LINE('',#15421,#8994);
#8023=LINE('',#15423,#8995);
#8024=LINE('',#15425,#8996);
#8025=LINE('',#15427,#8997);
#8026=LINE('',#15429,#8998);
#8027=LINE('',#15431,#8999);
#8028=LINE('',#15432,#9000);
#8029=LINE('',#15434,#9001);
#8030=LINE('',#15435,#9002);
#8031=LINE('',#15437,#9003);
#8032=LINE('',#15439,#9004);
#8033=LINE('',#15441,#9005);
#8034=LINE('',#15443,#9006);
#8035=LINE('',#15446,#9007);
#8036=LINE('',#15448,#9008);
#8037=LINE('',#15450,#9009);
#8038=LINE('',#15452,#9010);
#8039=LINE('',#15453,#9011);
#8040=LINE('',#15455,#9012);
#8041=LINE('',#15457,#9013);
#8042=LINE('',#15459,#9014);
#8043=LINE('',#15461,#9015);
#8044=LINE('',#15462,#9016);
#8045=LINE('',#15465,#9017);
#8046=LINE('',#15468,#9018);
#8047=LINE('',#15471,#9019);
#8048=LINE('',#15472,#9020);
#8049=LINE('',#15474,#9021);
#8050=LINE('',#15475,#9022);
#8051=VECTOR('',#9751,1.);
#8052=VECTOR('',#9752,1.);
#8053=VECTOR('',#9753,1.);
#8054=VECTOR('',#9754,1.);
#8055=VECTOR('',#9759,1.);
#8056=VECTOR('',#9760,1.);
#8057=VECTOR('',#9761,1.);
#8058=VECTOR('',#9762,1.);
#8059=VECTOR('',#9763,1.);
#8060=VECTOR('',#9766,1.);
#8061=VECTOR('',#9767,1.);
#8062=VECTOR('',#9768,1.);
#8063=VECTOR('',#9769,1.);
#8064=VECTOR('',#9770,1.);
#8065=VECTOR('',#9771,1.);
#8066=VECTOR('',#9772,1.);
#8067=VECTOR('',#9773,1.);
#8068=VECTOR('',#9774,1.);
#8069=VECTOR('',#9777,1.);
#8070=VECTOR('',#9778,1.);
#8071=VECTOR('',#9779,1.);
#8072=VECTOR('',#9784,1.);
#8073=VECTOR('',#9785,1.);
#8074=VECTOR('',#9786,1.);
#8075=VECTOR('',#9787,1.);
#8076=VECTOR('',#9790,1.);
#8077=VECTOR('',#9791,1.);
#8078=VECTOR('',#9792,1.);
#8079=VECTOR('',#9793,1.);
#8080=VECTOR('',#9794,1.);
#8081=VECTOR('',#9795,1.);
#8082=VECTOR('',#9796,1.);
#8083=VECTOR('',#9797,1.);
#8084=VECTOR('',#9798,1.);
#8085=VECTOR('',#9801,1.);
#8086=VECTOR('',#9802,1.);
#8087=VECTOR('',#9803,1.);
#8088=VECTOR('',#9804,1.);
#8089=VECTOR('',#9807,1.);
#8090=VECTOR('',#9810,1.);
#8091=VECTOR('',#9813,1.);
#8092=VECTOR('',#9814,1.);
#8093=VECTOR('',#9817,1.);
#8094=VECTOR('',#9818,1.);
#8095=VECTOR('',#9821,1.);
#8096=VECTOR('',#9824,1.);
#8097=VECTOR('',#9827,1.);
#8098=VECTOR('',#9830,1.);
#8099=VECTOR('',#9831,1.);
#8100=VECTOR('',#9832,1.);
#8101=VECTOR('',#9833,1.);
#8102=VECTOR('',#9836,1.);
#8103=VECTOR('',#9837,1.);
#8104=VECTOR('',#9840,1.);
#8105=VECTOR('',#9843,1.);
#8106=VECTOR('',#9846,1.);
#8107=VECTOR('',#9849,1.);
#8108=VECTOR('',#9850,1.);
#8109=VECTOR('',#9855,1.);
#8110=VECTOR('',#9860,1.);
#8111=VECTOR('',#9865,1.);
#8112=VECTOR('',#9866,1.);
#8113=VECTOR('',#9869,1.);
#8114=VECTOR('',#9870,1.);
#8115=VECTOR('',#9881,1.);
#8116=VECTOR('',#9882,1.);
#8117=VECTOR('',#9883,1.);
#8118=VECTOR('',#9884,1.);
#8119=VECTOR('',#9889,1.);
#8120=VECTOR('',#9890,1.);
#8121=VECTOR('',#9891,1.);
#8122=VECTOR('',#9894,1.);
#8123=VECTOR('',#9895,1.);
#8124=VECTOR('',#9896,1.);
#8125=VECTOR('',#9897,1.);
#8126=VECTOR('',#9898,1.);
#8127=VECTOR('',#9899,1.);
#8128=VECTOR('',#9900,1.);
#8129=VECTOR('',#9903,1.);
#8130=VECTOR('',#9908,1.);
#8131=VECTOR('',#9909,1.);
#8132=VECTOR('',#9912,1.);
#8133=VECTOR('',#9913,1.);
#8134=VECTOR('',#9914,1.);
#8135=VECTOR('',#9915,1.);
#8136=VECTOR('',#9916,1.);
#8137=VECTOR('',#9917,1.);
#8138=VECTOR('',#9918,1.);
#8139=VECTOR('',#9921,1.);
#8140=VECTOR('',#9922,1.);
#8141=VECTOR('',#9925,1.);
#8142=VECTOR('',#9928,1.);
#8143=VECTOR('',#9931,1.);
#8144=VECTOR('',#9934,1.);
#8145=VECTOR('',#9937,1.);
#8146=VECTOR('',#9938,1.);
#8147=VECTOR('',#9941,1.);
#8148=VECTOR('',#9944,1.);
#8149=VECTOR('',#9945,1.);
#8150=VECTOR('',#9946,1.);
#8151=VECTOR('',#9947,1.);
#8152=VECTOR('',#9950,1.);
#8153=VECTOR('',#9951,1.);
#8154=VECTOR('',#9954,1.);
#8155=VECTOR('',#9963,1.);
#8156=VECTOR('',#9964,1.);
#8157=VECTOR('',#9967,1.);
#8158=VECTOR('',#9968,1.);
#8159=VECTOR('',#9975,1.);
#8160=VECTOR('',#9976,1.);
#8161=VECTOR('',#9977,1.);
#8162=VECTOR('',#9978,1.);
#8163=VECTOR('',#9981,1.);
#8164=VECTOR('',#9982,1.);
#8165=VECTOR('',#9983,1.);
#8166=VECTOR('',#9984,1.);
#8167=VECTOR('',#9987,1.);
#8168=VECTOR('',#9988,1.);
#8169=VECTOR('',#9989,1.);
#8170=VECTOR('',#9990,1.);
#8171=VECTOR('',#9993,1.);
#8172=VECTOR('',#9994,1.);
#8173=VECTOR('',#9995,1.);
#8174=VECTOR('',#9998,1.);
#8175=VECTOR('',#9999,1.);
#8176=VECTOR('',#10000,1.);
#8177=VECTOR('',#10003,1.);
#8178=VECTOR('',#10004,1.);
#8179=VECTOR('',#10007,1.);
#8180=VECTOR('',#10008,1.);
#8181=VECTOR('',#10009,1.);
#8182=VECTOR('',#10010,1.);
#8183=VECTOR('',#10013,1.);
#8184=VECTOR('',#10014,1.);
#8185=VECTOR('',#10015,1.);
#8186=VECTOR('',#10018,1.);
#8187=VECTOR('',#10019,1.);
#8188=VECTOR('',#10020,1.);
#8189=VECTOR('',#10023,1.);
#8190=VECTOR('',#10024,1.);
#8191=VECTOR('',#10027,1.);
#8192=VECTOR('',#10028,1.);
#8193=VECTOR('',#10031,1.);
#8194=VECTOR('',#10032,1.);
#8195=VECTOR('',#10035,1.);
#8196=VECTOR('',#10036,1.);
#8197=VECTOR('',#10037,1.);
#8198=VECTOR('',#10038,1.);
#8199=VECTOR('',#10041,1.);
#8200=VECTOR('',#10042,1.);
#8201=VECTOR('',#10043,1.);
#8202=VECTOR('',#10046,1.);
#8203=VECTOR('',#10047,1.);
#8204=VECTOR('',#10048,1.);
#8205=VECTOR('',#10051,1.);
#8206=VECTOR('',#10052,1.);
#8207=VECTOR('',#10055,1.);
#8208=VECTOR('',#10056,1.);
#8209=VECTOR('',#10057,1.);
#8210=VECTOR('',#10058,1.);
#8211=VECTOR('',#10061,1.);
#8212=VECTOR('',#10062,1.);
#8213=VECTOR('',#10063,1.);
#8214=VECTOR('',#10066,1.);
#8215=VECTOR('',#10067,1.);
#8216=VECTOR('',#10068,1.);
#8217=VECTOR('',#10071,1.);
#8218=VECTOR('',#10072,1.);
#8219=VECTOR('',#10075,1.);
#8220=VECTOR('',#10076,1.);
#8221=VECTOR('',#10077,1.);
#8222=VECTOR('',#10078,1.);
#8223=VECTOR('',#10081,1.);
#8224=VECTOR('',#10084,1.);
#8225=VECTOR('',#10087,1.);
#8226=VECTOR('',#10088,1.);
#8227=VECTOR('',#10093,1.);
#8228=VECTOR('',#10094,1.);
#8229=VECTOR('',#10095,1.);
#8230=VECTOR('',#10096,1.);
#8231=VECTOR('',#10101,1.);
#8232=VECTOR('',#10102,1.);
#8233=VECTOR('',#10105,1.);
#8234=VECTOR('',#10108,1.);
#8235=VECTOR('',#10111,1.);
#8236=VECTOR('',#10112,1.);
#8237=VECTOR('',#10113,1.);
#8238=VECTOR('',#10114,1.);
#8239=VECTOR('',#10119,1.);
#8240=VECTOR('',#10120,1.);
#8241=VECTOR('',#10123,1.);
#8242=VECTOR('',#10126,1.);
#8243=VECTOR('',#10129,1.);
#8244=VECTOR('',#10130,1.);
#8245=VECTOR('',#10131,1.);
#8246=VECTOR('',#10132,1.);
#8247=VECTOR('',#10135,1.);
#8248=VECTOR('',#10138,1.);
#8249=VECTOR('',#10141,1.);
#8250=VECTOR('',#10142,1.);
#8251=VECTOR('',#10147,1.);
#8252=VECTOR('',#10150,1.);
#8253=VECTOR('',#10153,1.);
#8254=VECTOR('',#10156,1.);
#8255=VECTOR('',#10159,1.);
#8256=VECTOR('',#10160,1.);
#8257=VECTOR('',#10161,1.);
#8258=VECTOR('',#10162,1.);
#8259=VECTOR('',#10163,1.);
#8260=VECTOR('',#10164,1.);
#8261=VECTOR('',#10165,1.);
#8262=VECTOR('',#10166,1.);
#8263=VECTOR('',#10167,1.);
#8264=VECTOR('',#10170,1.);
#8265=VECTOR('',#10171,1.);
#8266=VECTOR('',#10172,1.);
#8267=VECTOR('',#10173,1.);
#8268=VECTOR('',#10174,1.);
#8269=VECTOR('',#10175,1.);
#8270=VECTOR('',#10176,1.);
#8271=VECTOR('',#10177,1.);
#8272=VECTOR('',#10178,1.);
#8273=VECTOR('',#10181,1.);
#8274=VECTOR('',#10184,1.);
#8275=VECTOR('',#10187,1.);
#8276=VECTOR('',#10192,1.);
#8277=VECTOR('',#10195,1.);
#8278=VECTOR('',#10198,1.);
#8279=VECTOR('',#10201,1.);
#8280=VECTOR('',#10204,1.);
#8281=VECTOR('',#10205,1.);
#8282=VECTOR('',#10206,1.);
#8283=VECTOR('',#10207,1.);
#8284=VECTOR('',#10210,1.);
#8285=VECTOR('',#10213,1.);
#8286=VECTOR('',#10216,1.);
#8287=VECTOR('',#10219,1.);
#8288=VECTOR('',#10222,1.);
#8289=VECTOR('',#10223,1.);
#8290=VECTOR('',#10224,1.);
#8291=VECTOR('',#10225,1.);
#8292=VECTOR('',#10226,1.);
#8293=VECTOR('',#10227,1.);
#8294=VECTOR('',#10230,1.);
#8295=VECTOR('',#10233,1.);
#8296=VECTOR('',#10236,1.);
#8297=VECTOR('',#10239,1.);
#8298=VECTOR('',#10242,1.);
#8299=VECTOR('',#10245,1.);
#8300=VECTOR('',#10248,1.);
#8301=VECTOR('',#10251,1.);
#8302=VECTOR('',#10254,1.);
#8303=VECTOR('',#10257,1.);
#8304=VECTOR('',#10260,1.);
#8305=VECTOR('',#10263,1.);
#8306=VECTOR('',#10266,1.);
#8307=VECTOR('',#10269,1.);
#8308=VECTOR('',#10272,1.);
#8309=VECTOR('',#10275,1.);
#8310=VECTOR('',#10278,1.);
#8311=VECTOR('',#10281,1.);
#8312=VECTOR('',#10284,1.);
#8313=VECTOR('',#10287,1.);
#8314=VECTOR('',#10290,1.);
#8315=VECTOR('',#10291,1.);
#8316=VECTOR('',#10292,1.);
#8317=VECTOR('',#10293,1.);
#8318=VECTOR('',#10294,1.);
#8319=VECTOR('',#10295,1.);
#8320=VECTOR('',#10296,1.);
#8321=VECTOR('',#10297,1.);
#8322=VECTOR('',#10300,1.);
#8323=VECTOR('',#10303,1.);
#8324=VECTOR('',#10306,1.);
#8325=VECTOR('',#10309,1.);
#8326=VECTOR('',#10312,1.);
#8327=VECTOR('',#10313,1.);
#8328=VECTOR('',#10314,1.);
#8329=VECTOR('',#10317,1.);
#8330=VECTOR('',#10322,1.);
#8331=VECTOR('',#10323,1.);
#8332=VECTOR('',#10324,1.);
#8333=VECTOR('',#10327,1.);
#8334=VECTOR('',#10328,1.);
#8335=VECTOR('',#10331,1.);
#8336=VECTOR('',#10340,1.);
#8337=VECTOR('',#10347,1.);
#8338=VECTOR('',#10350,1.);
#8339=VECTOR('',#10351,1.);
#8340=VECTOR('',#10352,1.);
#8341=VECTOR('',#10355,1.);
#8342=VECTOR('',#10358,1.);
#8343=VECTOR('',#10359,1.);
#8344=VECTOR('',#10364,1.);
#8345=VECTOR('',#10365,1.);
#8346=VECTOR('',#10366,1.);
#8347=VECTOR('',#10369,1.);
#8348=VECTOR('',#10378,1.);
#8349=VECTOR('',#10383,1.);
#8350=VECTOR('',#10388,1.);
#8351=VECTOR('',#10389,1.);
#8352=VECTOR('',#10392,1.);
#8353=VECTOR('',#10397,1.);
#8354=VECTOR('',#10400,1.);
#8355=VECTOR('',#10401,1.);
#8356=VECTOR('',#10404,1.);
#8357=VECTOR('',#10405,1.);
#8358=VECTOR('',#10406,1.);
#8359=VECTOR('',#10413,1.);
#8360=VECTOR('',#10416,1.);
#8361=VECTOR('',#10419,1.);
#8362=VECTOR('',#10422,1.);
#8363=VECTOR('',#10423,1.);
#8364=VECTOR('',#10424,1.);
#8365=VECTOR('',#10425,1.);
#8366=VECTOR('',#10426,1.);
#8367=VECTOR('',#10427,1.);
#8368=VECTOR('',#10428,1.);
#8369=VECTOR('',#10429,1.);
#8370=VECTOR('',#10430,1.);
#8371=VECTOR('',#10431,1.);
#8372=VECTOR('',#10432,1.);
#8373=VECTOR('',#10433,1.);
#8374=VECTOR('',#10434,1.);
#8375=VECTOR('',#10435,1.);
#8376=VECTOR('',#10436,1.);
#8377=VECTOR('',#10437,1.);
#8378=VECTOR('',#10438,1.);
#8379=VECTOR('',#10439,1.);
#8380=VECTOR('',#10440,1.);
#8381=VECTOR('',#10441,1.);
#8382=VECTOR('',#10442,1.);
#8383=VECTOR('',#10443,1.);
#8384=VECTOR('',#10444,1.);
#8385=VECTOR('',#10445,1.);
#8386=VECTOR('',#10446,1.);
#8387=VECTOR('',#10449,1.);
#8388=VECTOR('',#10450,1.);
#8389=VECTOR('',#10451,1.);
#8390=VECTOR('',#10452,1.);
#8391=VECTOR('',#10453,1.);
#8392=VECTOR('',#10456,1.);
#8393=VECTOR('',#10457,1.);
#8394=VECTOR('',#10460,1.);
#8395=VECTOR('',#10461,1.);
#8396=VECTOR('',#10462,1.);
#8397=VECTOR('',#10465,1.);
#8398=VECTOR('',#10466,1.);
#8399=VECTOR('',#10467,1.);
#8400=VECTOR('',#10470,1.);
#8401=VECTOR('',#10471,1.);
#8402=VECTOR('',#10472,1.);
#8403=VECTOR('',#10473,1.);
#8404=VECTOR('',#10474,1.);
#8405=VECTOR('',#10477,1.);
#8406=VECTOR('',#10478,1.);
#8407=VECTOR('',#10479,1.);
#8408=VECTOR('',#10482,1.);
#8409=VECTOR('',#10483,1.);
#8410=VECTOR('',#10484,1.);
#8411=VECTOR('',#10487,1.);
#8412=VECTOR('',#10488,1.);
#8413=VECTOR('',#10489,1.);
#8414=VECTOR('',#10492,1.);
#8415=VECTOR('',#10493,1.);
#8416=VECTOR('',#10494,1.);
#8417=VECTOR('',#10497,1.);
#8418=VECTOR('',#10498,1.);
#8419=VECTOR('',#10499,1.);
#8420=VECTOR('',#10502,1.);
#8421=VECTOR('',#10505,1.);
#8422=VECTOR('',#10508,1.);
#8423=VECTOR('',#10511,1.);
#8424=VECTOR('',#10514,1.);
#8425=VECTOR('',#10517,1.);
#8426=VECTOR('',#10518,1.);
#8427=VECTOR('',#10519,1.);
#8428=VECTOR('',#10522,1.);
#8429=VECTOR('',#10525,1.);
#8430=VECTOR('',#10526,1.);
#8431=VECTOR('',#10527,1.);
#8432=VECTOR('',#10534,1.);
#8433=VECTOR('',#10535,1.);
#8434=VECTOR('',#10536,1.);
#8435=VECTOR('',#10537,1.);
#8436=VECTOR('',#10538,1.);
#8437=VECTOR('',#10541,1.);
#8438=VECTOR('',#10542,1.);
#8439=VECTOR('',#10543,1.);
#8440=VECTOR('',#10546,1.);
#8441=VECTOR('',#10547,1.);
#8442=VECTOR('',#10548,1.);
#8443=VECTOR('',#10549,1.);
#8444=VECTOR('',#10550,1.);
#8445=VECTOR('',#10553,1.);
#8446=VECTOR('',#10554,1.);
#8447=VECTOR('',#10555,1.);
#8448=VECTOR('',#10558,1.);
#8449=VECTOR('',#10559,1.);
#8450=VECTOR('',#10560,1.);
#8451=VECTOR('',#10563,1.);
#8452=VECTOR('',#10564,1.);
#8453=VECTOR('',#10565,1.);
#8454=VECTOR('',#10568,1.);
#8455=VECTOR('',#10571,1.);
#8456=VECTOR('',#10574,1.);
#8457=VECTOR('',#10575,1.);
#8458=VECTOR('',#10580,1.);
#8459=VECTOR('',#10581,1.);
#8460=VECTOR('',#10776,1.);
#8461=VECTOR('',#10789,1.);
#8462=VECTOR('',#10790,1.);
#8463=VECTOR('',#10793,1.);
#8464=VECTOR('',#10794,1.);
#8465=VECTOR('',#10805,1.);
#8466=VECTOR('',#10806,1.);
#8467=VECTOR('',#10809,1.);
#8468=VECTOR('',#10810,1.);
#8469=VECTOR('',#10823,1.);
#8470=VECTOR('',#10828,1.);
#8471=VECTOR('',#10829,1.);
#8472=VECTOR('',#10832,1.);
#8473=VECTOR('',#10833,1.);
#8474=VECTOR('',#10836,1.);
#8475=VECTOR('',#10837,1.);
#8476=VECTOR('',#10840,1.);
#8477=VECTOR('',#10841,1.);
#8478=VECTOR('',#10852,1.);
#8479=VECTOR('',#10853,1.);
#8480=VECTOR('',#10854,1.);
#8481=VECTOR('',#10857,1.);
#8482=VECTOR('',#10858,1.);
#8483=VECTOR('',#10861,1.);
#8484=VECTOR('',#10862,1.);
#8485=VECTOR('',#10865,1.);
#8486=VECTOR('',#10866,1.);
#8487=VECTOR('',#10869,1.);
#8488=VECTOR('',#10870,1.);
#8489=VECTOR('',#10873,1.);
#8490=VECTOR('',#10878,1.);
#8491=VECTOR('',#10879,1.);
#8492=VECTOR('',#10880,1.);
#8493=VECTOR('',#10881,1.);
#8494=VECTOR('',#10882,1.);
#8495=VECTOR('',#10885,1.);
#8496=VECTOR('',#10886,1.);
#8497=VECTOR('',#10887,1.);
#8498=VECTOR('',#10888,1.);
#8499=VECTOR('',#10891,1.);
#8500=VECTOR('',#10892,1.);
#8501=VECTOR('',#10895,1.);
#8502=VECTOR('',#10896,1.);
#8503=VECTOR('',#10899,1.);
#8504=VECTOR('',#10902,1.);
#8505=VECTOR('',#10903,1.);
#8506=VECTOR('',#10904,1.);
#8507=VECTOR('',#10905,1.);
#8508=VECTOR('',#10908,1.);
#8509=VECTOR('',#10909,1.);
#8510=VECTOR('',#10910,1.);
#8511=VECTOR('',#10913,1.);
#8512=VECTOR('',#10914,1.);
#8513=VECTOR('',#10915,1.);
#8514=VECTOR('',#10918,1.);
#8515=VECTOR('',#10919,1.);
#8516=VECTOR('',#10920,1.);
#8517=VECTOR('',#10921,1.);
#8518=VECTOR('',#10924,1.);
#8519=VECTOR('',#10925,1.);
#8520=VECTOR('',#10928,1.);
#8521=VECTOR('',#10929,1.);
#8522=VECTOR('',#10932,1.);
#8523=VECTOR('',#10933,1.);
#8524=VECTOR('',#10936,1.);
#8525=VECTOR('',#10937,1.);
#8526=VECTOR('',#10940,1.);
#8527=VECTOR('',#10941,1.);
#8528=VECTOR('',#10944,1.);
#8529=VECTOR('',#10947,1.);
#8530=VECTOR('',#10948,1.);
#8531=VECTOR('',#10955,1.);
#8532=VECTOR('',#10956,1.);
#8533=VECTOR('',#10957,1.);
#8534=VECTOR('',#10958,1.);
#8535=VECTOR('',#10959,1.);
#8536=VECTOR('',#10962,1.);
#8537=VECTOR('',#10963,1.);
#8538=VECTOR('',#10964,1.);
#8539=VECTOR('',#10965,1.);
#8540=VECTOR('',#10966,1.);
#8541=VECTOR('',#10967,1.);
#8542=VECTOR('',#10970,1.);
#8543=VECTOR('',#10971,1.);
#8544=VECTOR('',#10972,1.);
#8545=VECTOR('',#10973,1.);
#8546=VECTOR('',#10976,1.);
#8547=VECTOR('',#10979,1.);
#8548=VECTOR('',#10980,1.);
#8549=VECTOR('',#10981,1.);
#8550=VECTOR('',#10984,1.);
#8551=VECTOR('',#10985,1.);
#8552=VECTOR('',#10986,1.);
#8553=VECTOR('',#10987,1.);
#8554=VECTOR('',#10990,1.);
#8555=VECTOR('',#10991,1.);
#8556=VECTOR('',#10992,1.);
#8557=VECTOR('',#10993,1.);
#8558=VECTOR('',#10996,1.);
#8559=VECTOR('',#10997,1.);
#8560=VECTOR('',#11000,1.);
#8561=VECTOR('',#11001,1.);
#8562=VECTOR('',#11004,1.);
#8563=VECTOR('',#11009,1.);
#8564=VECTOR('',#11010,1.);
#8565=VECTOR('',#11011,1.);
#8566=VECTOR('',#11012,1.);
#8567=VECTOR('',#11015,1.);
#8568=VECTOR('',#11016,1.);
#8569=VECTOR('',#11019,1.);
#8570=VECTOR('',#11020,1.);
#8571=VECTOR('',#11027,1.);
#8572=VECTOR('',#11028,1.);
#8573=VECTOR('',#11029,1.);
#8574=VECTOR('',#11030,1.);
#8575=VECTOR('',#11033,1.);
#8576=VECTOR('',#11034,1.);
#8577=VECTOR('',#11037,1.);
#8578=VECTOR('',#11038,1.);
#8579=VECTOR('',#11045,1.);
#8580=VECTOR('',#11046,1.);
#8581=VECTOR('',#11047,1.);
#8582=VECTOR('',#11048,1.);
#8583=VECTOR('',#11051,1.);
#8584=VECTOR('',#11052,1.);
#8585=VECTOR('',#11055,1.);
#8586=VECTOR('',#11056,1.);
#8587=VECTOR('',#11063,1.);
#8588=VECTOR('',#11064,1.);
#8589=VECTOR('',#11065,1.);
#8590=VECTOR('',#11066,1.);
#8591=VECTOR('',#11069,1.);
#8592=VECTOR('',#11070,1.);
#8593=VECTOR('',#11073,1.);
#8594=VECTOR('',#11074,1.);
#8595=VECTOR('',#11081,1.);
#8596=VECTOR('',#11082,1.);
#8597=VECTOR('',#11083,1.);
#8598=VECTOR('',#11084,1.);
#8599=VECTOR('',#11087,1.);
#8600=VECTOR('',#11088,1.);
#8601=VECTOR('',#11091,1.);
#8602=VECTOR('',#11092,1.);
#8603=VECTOR('',#11099,1.);
#8604=VECTOR('',#11100,1.);
#8605=VECTOR('',#11101,1.);
#8606=VECTOR('',#11102,1.);
#8607=VECTOR('',#11105,1.);
#8608=VECTOR('',#11106,1.);
#8609=VECTOR('',#11109,1.);
#8610=VECTOR('',#11110,1.);
#8611=VECTOR('',#11117,1.);
#8612=VECTOR('',#11118,1.);
#8613=VECTOR('',#11119,1.);
#8614=VECTOR('',#11120,1.);
#8615=VECTOR('',#11121,1.);
#8616=VECTOR('',#11122,1.);
#8617=VECTOR('',#11123,1.);
#8618=VECTOR('',#11124,1.);
#8619=VECTOR('',#11125,1.);
#8620=VECTOR('',#11126,1.);
#8621=VECTOR('',#11131,1.);
#8622=VECTOR('',#11132,1.);
#8623=VECTOR('',#11135,1.);
#8624=VECTOR('',#11136,1.);
#8625=VECTOR('',#11137,1.);
#8626=VECTOR('',#11138,1.);
#8627=VECTOR('',#11139,1.);
#8628=VECTOR('',#11142,1.);
#8629=VECTOR('',#11143,1.);
#8630=VECTOR('',#11146,1.);
#8631=VECTOR('',#11153,1.);
#8632=VECTOR('',#11156,1.);
#8633=VECTOR('',#11159,1.);
#8634=VECTOR('',#11160,1.);
#8635=VECTOR('',#11163,1.);
#8636=VECTOR('',#11164,1.);
#8637=VECTOR('',#11165,1.);
#8638=VECTOR('',#11166,1.);
#8639=VECTOR('',#11167,1.);
#8640=VECTOR('',#11170,1.);
#8641=VECTOR('',#11173,1.);
#8642=VECTOR('',#11176,1.);
#8643=VECTOR('',#11183,1.);
#8644=VECTOR('',#11190,1.);
#8645=VECTOR('',#11193,1.);
#8646=VECTOR('',#11196,1.);
#8647=VECTOR('',#11207,1.);
#8648=VECTOR('',#11210,1.);
#8649=VECTOR('',#11213,1.);
#8650=VECTOR('',#11214,1.);
#8651=VECTOR('',#11217,1.);
#8652=VECTOR('',#11218,1.);
#8653=VECTOR('',#11221,1.);
#8654=VECTOR('',#11224,1.);
#8655=VECTOR('',#11225,1.);
#8656=VECTOR('',#11226,1.);
#8657=VECTOR('',#11227,1.);
#8658=VECTOR('',#11230,1.);
#8659=VECTOR('',#11235,1.);
#8660=VECTOR('',#11236,1.);
#8661=VECTOR('',#11239,1.);
#8662=VECTOR('',#11240,1.);
#8663=VECTOR('',#11255,1.);
#8664=VECTOR('',#11256,1.);
#8665=VECTOR('',#11257,1.);
#8666=VECTOR('',#11260,1.);
#8667=VECTOR('',#11263,1.);
#8668=VECTOR('',#11264,1.);
#8669=VECTOR('',#11265,1.);
#8670=VECTOR('',#11266,1.);
#8671=VECTOR('',#11269,1.);
#8672=VECTOR('',#11272,1.);
#8673=VECTOR('',#11275,1.);
#8674=VECTOR('',#11276,1.);
#8675=VECTOR('',#11277,1.);
#8676=VECTOR('',#11280,1.);
#8677=VECTOR('',#11281,1.);
#8678=VECTOR('',#11282,1.);
#8679=VECTOR('',#11285,1.);
#8680=VECTOR('',#11286,1.);
#8681=VECTOR('',#11289,1.);
#8682=VECTOR('',#11292,1.);
#8683=VECTOR('',#11293,1.);
#8684=VECTOR('',#11294,1.);
#8685=VECTOR('',#11297,1.);
#8686=VECTOR('',#11300,1.);
#8687=VECTOR('',#11303,1.);
#8688=VECTOR('',#11304,1.);
#8689=VECTOR('',#11307,1.);
#8690=VECTOR('',#11310,1.);
#8691=VECTOR('',#11313,1.);
#8692=VECTOR('',#11314,1.);
#8693=VECTOR('',#11315,1.);
#8694=VECTOR('',#11318,1.);
#8695=VECTOR('',#11319,1.);
#8696=VECTOR('',#11320,1.);
#8697=VECTOR('',#11323,1.);
#8698=VECTOR('',#11326,1.);
#8699=VECTOR('',#11343,1.);
#8700=VECTOR('',#11346,1.);
#8701=VECTOR('',#11347,1.);
#8702=VECTOR('',#11350,1.);
#8703=VECTOR('',#11353,1.);
#8704=VECTOR('',#11354,1.);
#8705=VECTOR('',#11377,1.);
#8706=VECTOR('',#11378,1.);
#8707=VECTOR('',#11381,1.);
#8708=VECTOR('',#11382,1.);
#8709=VECTOR('',#11385,1.);
#8710=VECTOR('',#11386,1.);
#8711=VECTOR('',#11389,1.);
#8712=VECTOR('',#11390,1.);
#8713=VECTOR('',#11393,1.);
#8714=VECTOR('',#11394,1.);
#8715=VECTOR('',#11395,1.);
#8716=VECTOR('',#11396,1.);
#8717=VECTOR('',#11397,1.);
#8718=VECTOR('',#11398,1.);
#8719=VECTOR('',#11399,1.);
#8720=VECTOR('',#11400,1.);
#8721=VECTOR('',#11401,1.);
#8722=VECTOR('',#11402,1.);
#8723=VECTOR('',#11403,1.);
#8724=VECTOR('',#11404,1.);
#8725=VECTOR('',#11405,1.);
#8726=VECTOR('',#11406,1.);
#8727=VECTOR('',#11407,1.);
#8728=VECTOR('',#11408,1.);
#8729=VECTOR('',#11409,1.);
#8730=VECTOR('',#11410,1.);
#8731=VECTOR('',#11411,1.);
#8732=VECTOR('',#11412,1.);
#8733=VECTOR('',#11413,1.);
#8734=VECTOR('',#11414,1.);
#8735=VECTOR('',#11415,1.);
#8736=VECTOR('',#11416,1.);
#8737=VECTOR('',#11417,1.);
#8738=VECTOR('',#11418,1.);
#8739=VECTOR('',#11419,1.);
#8740=VECTOR('',#11420,1.);
#8741=VECTOR('',#11421,1.);
#8742=VECTOR('',#11422,1.);
#8743=VECTOR('',#11423,1.);
#8744=VECTOR('',#11426,1.);
#8745=VECTOR('',#11429,1.);
#8746=VECTOR('',#11430,1.);
#8747=VECTOR('',#11431,1.);
#8748=VECTOR('',#11434,1.);
#8749=VECTOR('',#11435,1.);
#8750=VECTOR('',#11436,1.);
#8751=VECTOR('',#11437,1.);
#8752=VECTOR('',#11438,1.);
#8753=VECTOR('',#11439,1.);
#8754=VECTOR('',#11440,1.);
#8755=VECTOR('',#11441,1.);
#8756=VECTOR('',#11442,1.);
#8757=VECTOR('',#11443,1.);
#8758=VECTOR('',#11444,1.);
#8759=VECTOR('',#11445,1.);
#8760=VECTOR('',#11448,1.);
#8761=VECTOR('',#11449,1.);
#8762=VECTOR('',#11450,1.);
#8763=VECTOR('',#11451,1.);
#8764=VECTOR('',#11452,1.);
#8765=VECTOR('',#11453,1.);
#8766=VECTOR('',#11454,1.);
#8767=VECTOR('',#11455,1.);
#8768=VECTOR('',#11456,1.);
#8769=VECTOR('',#11457,1.);
#8770=VECTOR('',#11458,1.);
#8771=VECTOR('',#11459,1.);
#8772=VECTOR('',#11460,1.);
#8773=VECTOR('',#11461,1.);
#8774=VECTOR('',#11462,1.);
#8775=VECTOR('',#11463,1.);
#8776=VECTOR('',#11464,1.);
#8777=VECTOR('',#11465,1.);
#8778=VECTOR('',#11468,1.);
#8779=VECTOR('',#11469,1.);
#8780=VECTOR('',#11470,1.);
#8781=VECTOR('',#11471,1.);
#8782=VECTOR('',#11472,1.);
#8783=VECTOR('',#11473,1.);
#8784=VECTOR('',#11474,1.);
#8785=VECTOR('',#11475,1.);
#8786=VECTOR('',#11476,1.);
#8787=VECTOR('',#11477,1.);
#8788=VECTOR('',#11478,1.);
#8789=VECTOR('',#11479,1.);
#8790=VECTOR('',#11480,1.);
#8791=VECTOR('',#11481,1.);
#8792=VECTOR('',#11482,1.);
#8793=VECTOR('',#11483,1.);
#8794=VECTOR('',#11484,1.);
#8795=VECTOR('',#11485,1.);
#8796=VECTOR('',#11488,1.);
#8797=VECTOR('',#11489,1.);
#8798=VECTOR('',#11500,1.);
#8799=VECTOR('',#11507,1.);
#8800=VECTOR('',#11510,1.);
#8801=VECTOR('',#11519,1.);
#8802=VECTOR('',#11554,1.);
#8803=VECTOR('',#11555,1.);
#8804=VECTOR('',#11556,1.);
#8805=VECTOR('',#11557,1.);
#8806=VECTOR('',#11558,1.);
#8807=VECTOR('',#11559,1.);
#8808=VECTOR('',#11562,1.);
#8809=VECTOR('',#11563,1.);
#8810=VECTOR('',#11564,1.);
#8811=VECTOR('',#11565,1.);
#8812=VECTOR('',#11566,1.);
#8813=VECTOR('',#11567,1.);
#8814=VECTOR('',#11576,1.);
#8815=VECTOR('',#11577,1.);
#8816=VECTOR('',#11578,1.);
#8817=VECTOR('',#11579,1.);
#8818=VECTOR('',#11580,1.);
#8819=VECTOR('',#11581,1.);
#8820=VECTOR('',#11582,1.);
#8821=VECTOR('',#11583,1.);
#8822=VECTOR('',#11584,1.);
#8823=VECTOR('',#11585,1.);
#8824=VECTOR('',#11588,1.);
#8825=VECTOR('',#11589,1.);
#8826=VECTOR('',#11590,1.);
#8827=VECTOR('',#11591,1.);
#8828=VECTOR('',#11592,1.);
#8829=VECTOR('',#11593,1.);
#8830=VECTOR('',#11596,1.);
#8831=VECTOR('',#11597,1.);
#8832=VECTOR('',#11598,1.);
#8833=VECTOR('',#11599,1.);
#8834=VECTOR('',#11602,1.);
#8835=VECTOR('',#11603,1.);
#8836=VECTOR('',#11604,1.);
#8837=VECTOR('',#11605,1.);
#8838=VECTOR('',#11612,1.);
#8839=VECTOR('',#11617,1.);
#8840=VECTOR('',#11618,1.);
#8841=VECTOR('',#11619,1.);
#8842=VECTOR('',#11622,1.);
#8843=VECTOR('',#11623,1.);
#8844=VECTOR('',#11624,1.);
#8845=VECTOR('',#11631,1.);
#8846=VECTOR('',#11634,1.);
#8847=VECTOR('',#11635,1.);
#8848=VECTOR('',#11644,1.);
#8849=VECTOR('',#11647,1.);
#8850=VECTOR('',#11650,1.);
#8851=VECTOR('',#11651,1.);
#8852=VECTOR('',#11654,1.);
#8853=VECTOR('',#11655,1.);
#8854=VECTOR('',#11662,1.);
#8855=VECTOR('',#11663,1.);
#8856=VECTOR('',#11664,1.);
#8857=VECTOR('',#11667,1.);
#8858=VECTOR('',#11668,1.);
#8859=VECTOR('',#11669,1.);
#8860=VECTOR('',#11672,1.);
#8861=VECTOR('',#11673,1.);
#8862=VECTOR('',#11680,1.);
#8863=VECTOR('',#11681,1.);
#8864=VECTOR('',#11682,1.);
#8865=VECTOR('',#11683,1.);
#8866=VECTOR('',#11686,1.);
#8867=VECTOR('',#11687,1.);
#8868=VECTOR('',#11688,1.);
#8869=VECTOR('',#11691,1.);
#8870=VECTOR('',#11692,1.);
#8871=VECTOR('',#11695,1.);
#8872=VECTOR('',#11700,1.);
#8873=VECTOR('',#11701,1.);
#8874=VECTOR('',#11702,1.);
#8875=VECTOR('',#11705,1.);
#8876=VECTOR('',#11708,1.);
#8877=VECTOR('',#11709,1.);
#8878=VECTOR('',#11710,1.);
#8879=VECTOR('',#11711,1.);
#8880=VECTOR('',#11714,1.);
#8881=VECTOR('',#11717,1.);
#8882=VECTOR('',#11718,1.);
#8883=VECTOR('',#11719,1.);
#8884=VECTOR('',#11722,1.);
#8885=VECTOR('',#11723,1.);
#8886=VECTOR('',#11724,1.);
#8887=VECTOR('',#11767,1.);
#8888=VECTOR('',#11768,1.);
#8889=VECTOR('',#11771,1.);
#8890=VECTOR('',#11772,1.);
#8891=VECTOR('',#11773,1.);
#8892=VECTOR('',#11776,1.);
#8893=VECTOR('',#11777,1.);
#8894=VECTOR('',#11778,1.);
#8895=VECTOR('',#11785,1.);
#8896=VECTOR('',#11788,1.);
#8897=VECTOR('',#11791,1.);
#8898=VECTOR('',#11792,1.);
#8899=VECTOR('',#11795,1.);
#8900=VECTOR('',#11796,1.);
#8901=VECTOR('',#11805,1.);
#8902=VECTOR('',#11808,1.);
#8903=VECTOR('',#11811,1.);
#8904=VECTOR('',#11812,1.);
#8905=VECTOR('',#11815,1.);
#8906=VECTOR('',#11816,1.);
#8907=VECTOR('',#11825,1.);
#8908=VECTOR('',#11828,1.);
#8909=VECTOR('',#11831,1.);
#8910=VECTOR('',#11832,1.);
#8911=VECTOR('',#11835,1.);
#8912=VECTOR('',#11836,1.);
#8913=VECTOR('',#11845,1.);
#8914=VECTOR('',#11848,1.);
#8915=VECTOR('',#11851,1.);
#8916=VECTOR('',#11852,1.);
#8917=VECTOR('',#11855,1.);
#8918=VECTOR('',#11856,1.);
#8919=VECTOR('',#11865,1.);
#8920=VECTOR('',#11866,1.);
#8921=VECTOR('',#11869,1.);
#8922=VECTOR('',#11876,1.);
#8923=VECTOR('',#11877,1.);
#8924=VECTOR('',#11878,1.);
#8925=VECTOR('',#11879,1.);
#8926=VECTOR('',#11882,1.);
#8927=VECTOR('',#11883,1.);
#8928=VECTOR('',#11886,1.);
#8929=VECTOR('',#11893,1.);
#8930=VECTOR('',#11894,1.);
#8931=VECTOR('',#11959,1.);
#8932=VECTOR('',#11960,1.);
#8933=VECTOR('',#11963,1.);
#8934=VECTOR('',#11966,1.);
#8935=VECTOR('',#11967,1.);
#8936=VECTOR('',#11970,1.);
#8937=VECTOR('',#11973,1.);
#8938=VECTOR('',#11978,1.);
#8939=VECTOR('',#11983,1.);
#8940=VECTOR('',#11984,1.);
#8941=VECTOR('',#11985,1.);
#8942=VECTOR('',#11988,1.);
#8943=VECTOR('',#11989,1.);
#8944=VECTOR('',#11992,1.);
#8945=VECTOR('',#11993,1.);
#8946=VECTOR('',#11996,1.);
#8947=VECTOR('',#12001,1.);
#8948=VECTOR('',#12002,1.);
#8949=VECTOR('',#12009,1.);
#8950=VECTOR('',#12010,1.);
#8951=VECTOR('',#12013,1.);
#8952=VECTOR('',#12014,1.);
#8953=VECTOR('',#12017,1.);
#8954=VECTOR('',#12018,1.);
#8955=VECTOR('',#12019,1.);
#8956=VECTOR('',#12022,1.);
#8957=VECTOR('',#12025,1.);
#8958=VECTOR('',#12026,1.);
#8959=VECTOR('',#12043,1.);
#8960=VECTOR('',#12044,1.);
#8961=VECTOR('',#12045,1.);
#8962=VECTOR('',#12046,1.);
#8963=VECTOR('',#12051,1.);
#8964=VECTOR('',#12052,1.);
#8965=VECTOR('',#12053,1.);
#8966=VECTOR('',#12054,1.);
#8967=VECTOR('',#12055,1.);
#8968=VECTOR('',#12058,1.);
#8969=VECTOR('',#12059,1.);
#8970=VECTOR('',#12060,1.);
#8971=VECTOR('',#12061,1.);
#8972=VECTOR('',#12062,1.);
#8973=VECTOR('',#12063,1.);
#8974=VECTOR('',#12064,1.);
#8975=VECTOR('',#12065,1.);
#8976=VECTOR('',#12066,1.);
#8977=VECTOR('',#12069,1.);
#8978=VECTOR('',#12070,1.);
#8979=VECTOR('',#12071,1.);
#8980=VECTOR('',#12076,1.);
#8981=VECTOR('',#12077,1.);
#8982=VECTOR('',#12078,1.);
#8983=VECTOR('',#12079,1.);
#8984=VECTOR('',#12082,1.);
#8985=VECTOR('',#12083,1.);
#8986=VECTOR('',#12084,1.);
#8987=VECTOR('',#12085,1.);
#8988=VECTOR('',#12086,1.);
#8989=VECTOR('',#12087,1.);
#8990=VECTOR('',#12088,1.);
#8991=VECTOR('',#12089,1.);
#8992=VECTOR('',#12090,1.);
#8993=VECTOR('',#12093,1.);
#8994=VECTOR('',#12094,1.);
#8995=VECTOR('',#12095,1.);
#8996=VECTOR('',#12096,1.);
#8997=VECTOR('',#12099,1.);
#8998=VECTOR('',#12102,1.);
#8999=VECTOR('',#12105,1.);
#9000=VECTOR('',#12106,1.);
#9001=VECTOR('',#12109,1.);
#9002=VECTOR('',#12110,1.);
#9003=VECTOR('',#12113,1.);
#9004=VECTOR('',#12116,1.);
#9005=VECTOR('',#12119,1.);
#9006=VECTOR('',#12122,1.);
#9007=VECTOR('',#12123,1.);
#9008=VECTOR('',#12124,1.);
#9009=VECTOR('',#12125,1.);
#9010=VECTOR('',#12128,1.);
#9011=VECTOR('',#12129,1.);
#9012=VECTOR('',#12132,1.);
#9013=VECTOR('',#12135,1.);
#9014=VECTOR('',#12138,1.);
#9015=VECTOR('',#12141,1.);
#9016=VECTOR('',#12142,1.);
#9017=VECTOR('',#12147,1.);
#9018=VECTOR('',#12152,1.);
#9019=VECTOR('',#12157,1.);
#9020=VECTOR('',#12158,1.);
#9021=VECTOR('',#12161,1.);
#9022=VECTOR('',#12162,1.);
#9023=AXIS2_PLACEMENT_3D('',#12173,#9749,#9750);
#9024=AXIS2_PLACEMENT_3D('',#12182,#9755,#9756);
#9025=AXIS2_PLACEMENT_3D('',#12183,#9757,#9758);
#9026=AXIS2_PLACEMENT_3D('',#12195,#9764,#9765);
#9027=AXIS2_PLACEMENT_3D('',#12215,#9775,#9776);
#9028=AXIS2_PLACEMENT_3D('',#12222,#9780,#9781);
#9029=AXIS2_PLACEMENT_3D('',#12223,#9782,#9783);
#9030=AXIS2_PLACEMENT_3D('',#12233,#9788,#9789);
#9031=AXIS2_PLACEMENT_3D('',#12253,#9799,#9800);
#9032=AXIS2_PLACEMENT_3D('',#12262,#9805,#9806);
#9033=AXIS2_PLACEMENT_3D('',#12264,#9808,#9809);
#9034=AXIS2_PLACEMENT_3D('',#12266,#9811,#9812);
#9035=AXIS2_PLACEMENT_3D('',#12269,#9815,#9816);
#9036=AXIS2_PLACEMENT_3D('',#12272,#9819,#9820);
#9037=AXIS2_PLACEMENT_3D('',#12274,#9822,#9823);
#9038=AXIS2_PLACEMENT_3D('',#12276,#9825,#9826);
#9039=AXIS2_PLACEMENT_3D('',#12278,#9828,#9829);
#9040=AXIS2_PLACEMENT_3D('',#12287,#9834,#9835);
#9041=AXIS2_PLACEMENT_3D('',#12290,#9838,#9839);
#9042=AXIS2_PLACEMENT_3D('',#12292,#9841,#9842);
#9043=AXIS2_PLACEMENT_3D('',#12294,#9844,#9845);
#9044=AXIS2_PLACEMENT_3D('',#12296,#9847,#9848);
#9045=AXIS2_PLACEMENT_3D('',#12299,#9851,#9852);
#9046=AXIS2_PLACEMENT_3D('',#12300,#9853,#9854);
#9047=AXIS2_PLACEMENT_3D('',#12302,#9856,#9857);
#9048=AXIS2_PLACEMENT_3D('',#12303,#9858,#9859);
#9049=AXIS2_PLACEMENT_3D('',#12305,#9861,#9862);
#9050=AXIS2_PLACEMENT_3D('',#12306,#9863,#9864);
#9051=AXIS2_PLACEMENT_3D('',#12309,#9867,#9868);
#9052=AXIS2_PLACEMENT_3D('',#12312,#9871,#9872);
#9053=AXIS2_PLACEMENT_3D('',#12313,#9873,#9874);
#9054=AXIS2_PLACEMENT_3D('',#12314,#9875,#9876);
#9055=AXIS2_PLACEMENT_3D('',#12315,#9877,#9878);
#9056=AXIS2_PLACEMENT_3D('',#12316,#9879,#9880);
#9057=AXIS2_PLACEMENT_3D('',#12325,#9885,#9886);
#9058=AXIS2_PLACEMENT_3D('',#12326,#9887,#9888);
#9059=AXIS2_PLACEMENT_3D('',#12334,#9892,#9893);
#9060=AXIS2_PLACEMENT_3D('',#12350,#9901,#9902);
#9061=AXIS2_PLACEMENT_3D('',#12353,#9904,#9905);
#9062=AXIS2_PLACEMENT_3D('',#12354,#9906,#9907);
#9063=AXIS2_PLACEMENT_3D('',#12360,#9910,#9911);
#9064=AXIS2_PLACEMENT_3D('',#12376,#9919,#9920);
#9065=AXIS2_PLACEMENT_3D('',#12381,#9923,#9924);
#9066=AXIS2_PLACEMENT_3D('',#12383,#9926,#9927);
#9067=AXIS2_PLACEMENT_3D('',#12385,#9929,#9930);
#9068=AXIS2_PLACEMENT_3D('',#12387,#9932,#9933);
#9069=AXIS2_PLACEMENT_3D('',#12389,#9935,#9936);
#9070=AXIS2_PLACEMENT_3D('',#12392,#9939,#9940);
#9071=AXIS2_PLACEMENT_3D('',#12394,#9942,#9943);
#9072=AXIS2_PLACEMENT_3D('',#12403,#9948,#9949);
#9073=AXIS2_PLACEMENT_3D('',#12406,#9952,#9953);
#9074=AXIS2_PLACEMENT_3D('',#12408,#9955,#9956);
#9075=AXIS2_PLACEMENT_3D('',#12409,#9957,#9958);
#9076=AXIS2_PLACEMENT_3D('',#12410,#9959,#9960);
#9077=AXIS2_PLACEMENT_3D('',#12411,#9961,#9962);
#9078=AXIS2_PLACEMENT_3D('',#12414,#9965,#9966);
#9079=AXIS2_PLACEMENT_3D('',#12417,#9969,#9970);
#9080=AXIS2_PLACEMENT_3D('',#12418,#9971,#9972);
#9081=AXIS2_PLACEMENT_3D('',#12419,#9973,#9974);
#9082=AXIS2_PLACEMENT_3D('',#12428,#9979,#9980);
#9083=AXIS2_PLACEMENT_3D('',#12437,#9985,#9986);
#9084=AXIS2_PLACEMENT_3D('',#12446,#9991,#9992);
#9085=AXIS2_PLACEMENT_3D('',#12452,#9996,#9997);
#9086=AXIS2_PLACEMENT_3D('',#12458,#10001,#10002);
#9087=AXIS2_PLACEMENT_3D('',#12461,#10005,#10006);
#9088=AXIS2_PLACEMENT_3D('',#12470,#10011,#10012);
#9089=AXIS2_PLACEMENT_3D('',#12476,#10016,#10017);
#9090=AXIS2_PLACEMENT_3D('',#12482,#10021,#10022);
#9091=AXIS2_PLACEMENT_3D('',#12485,#10025,#10026);
#9092=AXIS2_PLACEMENT_3D('',#12488,#10029,#10030);
#9093=AXIS2_PLACEMENT_3D('',#12491,#10033,#10034);
#9094=AXIS2_PLACEMENT_3D('',#12500,#10039,#10040);
#9095=AXIS2_PLACEMENT_3D('',#12506,#10044,#10045);
#9096=AXIS2_PLACEMENT_3D('',#12512,#10049,#10050);
#9097=AXIS2_PLACEMENT_3D('',#12515,#10053,#10054);
#9098=AXIS2_PLACEMENT_3D('',#12524,#10059,#10060);
#9099=AXIS2_PLACEMENT_3D('',#12530,#10064,#10065);
#9100=AXIS2_PLACEMENT_3D('',#12536,#10069,#10070);
#9101=AXIS2_PLACEMENT_3D('',#12539,#10073,#10074);
#9102=AXIS2_PLACEMENT_3D('',#12548,#10079,#10080);
#9103=AXIS2_PLACEMENT_3D('',#12551,#10082,#10083);
#9104=AXIS2_PLACEMENT_3D('',#12554,#10085,#10086);
#9105=AXIS2_PLACEMENT_3D('',#12559,#10089,#10090);
#9106=AXIS2_PLACEMENT_3D('',#12560,#10091,#10092);
#9107=AXIS2_PLACEMENT_3D('',#12569,#10097,#10098);
#9108=AXIS2_PLACEMENT_3D('',#12570,#10099,#10100);
#9109=AXIS2_PLACEMENT_3D('',#12575,#10103,#10104);
#9110=AXIS2_PLACEMENT_3D('',#12578,#10106,#10107);
#9111=AXIS2_PLACEMENT_3D('',#12581,#10109,#10110);
#9112=AXIS2_PLACEMENT_3D('',#12590,#10115,#10116);
#9113=AXIS2_PLACEMENT_3D('',#12591,#10117,#10118);
#9114=AXIS2_PLACEMENT_3D('',#12596,#10121,#10122);
#9115=AXIS2_PLACEMENT_3D('',#12599,#10124,#10125);
#9116=AXIS2_PLACEMENT_3D('',#12602,#10127,#10128);
#9117=AXIS2_PLACEMENT_3D('',#12611,#10133,#10134);
#9118=AXIS2_PLACEMENT_3D('',#12614,#10136,#10137);
#9119=AXIS2_PLACEMENT_3D('',#12617,#10139,#10140);
#9120=AXIS2_PLACEMENT_3D('',#12622,#10143,#10144);
#9121=AXIS2_PLACEMENT_3D('',#12623,#10145,#10146);
#9122=AXIS2_PLACEMENT_3D('',#12627,#10148,#10149);
#9123=AXIS2_PLACEMENT_3D('',#12631,#10151,#10152);
#9124=AXIS2_PLACEMENT_3D('',#12635,#10154,#10155);
#9125=AXIS2_PLACEMENT_3D('',#12639,#10157,#10158);
#9126=AXIS2_PLACEMENT_3D('',#12753,#10168,#10169);
#9127=AXIS2_PLACEMENT_3D('',#12778,#10179,#10180);
#9128=AXIS2_PLACEMENT_3D('',#12782,#10182,#10183);
#9129=AXIS2_PLACEMENT_3D('',#12786,#10185,#10186);
#9130=AXIS2_PLACEMENT_3D('',#12790,#10188,#10189);
#9131=AXIS2_PLACEMENT_3D('',#12791,#10190,#10191);
#9132=AXIS2_PLACEMENT_3D('',#12795,#10193,#10194);
#9133=AXIS2_PLACEMENT_3D('',#12799,#10196,#10197);
#9134=AXIS2_PLACEMENT_3D('',#12803,#10199,#10200);
#9135=AXIS2_PLACEMENT_3D('',#12807,#10202,#10203);
#9136=AXIS2_PLACEMENT_3D('',#12853,#10208,#10209);
#9137=AXIS2_PLACEMENT_3D('',#12857,#10211,#10212);
#9138=AXIS2_PLACEMENT_3D('',#12861,#10214,#10215);
#9139=AXIS2_PLACEMENT_3D('',#12865,#10217,#10218);
#9140=AXIS2_PLACEMENT_3D('',#12869,#10220,#10221);
#9141=AXIS2_PLACEMENT_3D('',#12882,#10228,#10229);
#9142=AXIS2_PLACEMENT_3D('',#12886,#10231,#10232);
#9143=AXIS2_PLACEMENT_3D('',#12890,#10234,#10235);
#9144=AXIS2_PLACEMENT_3D('',#12894,#10237,#10238);
#9145=AXIS2_PLACEMENT_3D('',#12898,#10240,#10241);
#9146=AXIS2_PLACEMENT_3D('',#12902,#10243,#10244);
#9147=AXIS2_PLACEMENT_3D('',#12906,#10246,#10247);
#9148=AXIS2_PLACEMENT_3D('',#12910,#10249,#10250);
#9149=AXIS2_PLACEMENT_3D('',#12914,#10252,#10253);
#9150=AXIS2_PLACEMENT_3D('',#12918,#10255,#10256);
#9151=AXIS2_PLACEMENT_3D('',#12922,#10258,#10259);
#9152=AXIS2_PLACEMENT_3D('',#12926,#10261,#10262);
#9153=AXIS2_PLACEMENT_3D('',#12930,#10264,#10265);
#9154=AXIS2_PLACEMENT_3D('',#12934,#10267,#10268);
#9155=AXIS2_PLACEMENT_3D('',#12938,#10270,#10271);
#9156=AXIS2_PLACEMENT_3D('',#12942,#10273,#10274);
#9157=AXIS2_PLACEMENT_3D('',#12946,#10276,#10277);
#9158=AXIS2_PLACEMENT_3D('',#12950,#10279,#10280);
#9159=AXIS2_PLACEMENT_3D('',#12954,#10282,#10283);
#9160=AXIS2_PLACEMENT_3D('',#12958,#10285,#10286);
#9161=AXIS2_PLACEMENT_3D('',#12962,#10288,#10289);
#9162=AXIS2_PLACEMENT_3D('',#12975,#10298,#10299);
#9163=AXIS2_PLACEMENT_3D('',#12984,#10301,#10302);
#9164=AXIS2_PLACEMENT_3D('',#12993,#10304,#10305);
#9165=AXIS2_PLACEMENT_3D('',#13002,#10307,#10308);
#9166=AXIS2_PLACEMENT_3D('',#13011,#10310,#10311);
#9167=AXIS2_PLACEMENT_3D('',#13019,#10315,#10316);
#9168=AXIS2_PLACEMENT_3D('',#13023,#10318,#10319);
#9169=AXIS2_PLACEMENT_3D('',#13024,#10320,#10321);
#9170=AXIS2_PLACEMENT_3D('',#13032,#10325,#10326);
#9171=AXIS2_PLACEMENT_3D('',#13038,#10329,#10330);
#9172=AXIS2_PLACEMENT_3D('',#13042,#10332,#10333);
#9173=AXIS2_PLACEMENT_3D('',#13043,#10334,#10335);
#9174=AXIS2_PLACEMENT_3D('',#13044,#10336,#10337);
#9175=AXIS2_PLACEMENT_3D('',#13046,#10338,#10339);
#9176=AXIS2_PLACEMENT_3D('',#13049,#10341,#10342);
#9177=AXIS2_PLACEMENT_3D('',#13050,#10343,#10344);
#9178=AXIS2_PLACEMENT_3D('',#13052,#10345,#10346);
#9179=AXIS2_PLACEMENT_3D('',#13055,#10348,#10349);
#9180=AXIS2_PLACEMENT_3D('',#13063,#10353,#10354);
#9181=AXIS2_PLACEMENT_3D('',#13067,#10356,#10357);
#9182=AXIS2_PLACEMENT_3D('',#13073,#10360,#10361);
#9183=AXIS2_PLACEMENT_3D('',#13074,#10362,#10363);
#9184=AXIS2_PLACEMENT_3D('',#13082,#10367,#10368);
#9185=AXIS2_PLACEMENT_3D('',#13086,#10370,#10371);
#9186=AXIS2_PLACEMENT_3D('',#13087,#10372,#10373);
#9187=AXIS2_PLACEMENT_3D('',#13088,#10374,#10375);
#9188=AXIS2_PLACEMENT_3D('',#13090,#10376,#10377);
#9189=AXIS2_PLACEMENT_3D('',#13093,#10379,#10380);
#9190=AXIS2_PLACEMENT_3D('',#13094,#10381,#10382);
#9191=AXIS2_PLACEMENT_3D('',#13117,#10384,#10385);
#9192=AXIS2_PLACEMENT_3D('',#13118,#10386,#10387);
#9193=AXIS2_PLACEMENT_3D('',#13124,#10390,#10391);
#9194=AXIS2_PLACEMENT_3D('',#13127,#10393,#10394);
#9195=AXIS2_PLACEMENT_3D('',#13128,#10395,#10396);
#9196=AXIS2_PLACEMENT_3D('',#13133,#10398,#10399);
#9197=AXIS2_PLACEMENT_3D('',#13137,#10402,#10403);
#9198=AXIS2_PLACEMENT_3D('',#13143,#10407,#10408);
#9199=AXIS2_PLACEMENT_3D('',#13144,#10409,#10410);
#9200=AXIS2_PLACEMENT_3D('',#13146,#10411,#10412);
#9201=AXIS2_PLACEMENT_3D('',#13150,#10414,#10415);
#9202=AXIS2_PLACEMENT_3D('',#13152,#10417,#10418);
#9203=AXIS2_PLACEMENT_3D('',#13156,#10420,#10421);
#9204=AXIS2_PLACEMENT_3D('',#13206,#10447,#10448);
#9205=AXIS2_PLACEMENT_3D('',#13214,#10454,#10455);
#9206=AXIS2_PLACEMENT_3D('',#13217,#10458,#10459);
#9207=AXIS2_PLACEMENT_3D('',#13223,#10463,#10464);
#9208=AXIS2_PLACEMENT_3D('',#13229,#10468,#10469);
#9209=AXIS2_PLACEMENT_3D('',#13237,#10475,#10476);
#9210=AXIS2_PLACEMENT_3D('',#13243,#10480,#10481);
#9211=AXIS2_PLACEMENT_3D('',#13249,#10485,#10486);
#9212=AXIS2_PLACEMENT_3D('',#13255,#10490,#10491);
#9213=AXIS2_PLACEMENT_3D('',#13261,#10495,#10496);
#9214=AXIS2_PLACEMENT_3D('',#13267,#10500,#10501);
#9215=AXIS2_PLACEMENT_3D('',#13271,#10503,#10504);
#9216=AXIS2_PLACEMENT_3D('',#13275,#10506,#10507);
#9217=AXIS2_PLACEMENT_3D('',#13279,#10509,#10510);
#9218=AXIS2_PLACEMENT_3D('',#13283,#10512,#10513);
#9219=AXIS2_PLACEMENT_3D('',#13287,#10515,#10516);
#9220=AXIS2_PLACEMENT_3D('',#13295,#10520,#10521);
#9221=AXIS2_PLACEMENT_3D('',#13299,#10523,#10524);
#9222=AXIS2_PLACEMENT_3D('',#13307,#10528,#10529);
#9223=AXIS2_PLACEMENT_3D('',#13308,#10530,#10531);
#9224=AXIS2_PLACEMENT_3D('',#13310,#10532,#10533);
#9225=AXIS2_PLACEMENT_3D('',#13318,#10539,#10540);
#9226=AXIS2_PLACEMENT_3D('',#13324,#10544,#10545);
#9227=AXIS2_PLACEMENT_3D('',#13332,#10551,#10552);
#9228=AXIS2_PLACEMENT_3D('',#13338,#10556,#10557);
#9229=AXIS2_PLACEMENT_3D('',#13344,#10561,#10562);
#9230=AXIS2_PLACEMENT_3D('',#13350,#10566,#10567);
#9231=AXIS2_PLACEMENT_3D('',#13352,#10569,#10570);
#9232=AXIS2_PLACEMENT_3D('',#13355,#10572,#10573);
#9233=AXIS2_PLACEMENT_3D('',#13359,#10576,#10577);
#9234=AXIS2_PLACEMENT_3D('',#13360,#10578,#10579);
#9235=AXIS2_PLACEMENT_3D('',#13363,#10582,#10583);
#9236=AXIS2_PLACEMENT_3D('',#13388,#10584,#10585);
#9237=AXIS2_PLACEMENT_3D('',#13395,#10586,#10587);
#9238=AXIS2_PLACEMENT_3D('',#13444,#10588,#10589);
#9239=AXIS2_PLACEMENT_3D('',#13445,#10590,#10591);
#9240=AXIS2_PLACEMENT_3D('',#13464,#10592,#10593);
#9241=AXIS2_PLACEMENT_3D('',#13465,#10594,#10595);
#9242=AXIS2_PLACEMENT_3D('',#13466,#10596,#10597);
#9243=AXIS2_PLACEMENT_3D('',#13467,#10598,#10599);
#9244=AXIS2_PLACEMENT_3D('',#13468,#10600,#10601);
#9245=AXIS2_PLACEMENT_3D('',#13469,#10602,#10603);
#9246=AXIS2_PLACEMENT_3D('',#13470,#10604,#10605);
#9247=AXIS2_PLACEMENT_3D('',#13471,#10606,#10607);
#9248=AXIS2_PLACEMENT_3D('',#13472,#10608,#10609);
#9249=AXIS2_PLACEMENT_3D('',#13473,#10610,#10611);
#9250=AXIS2_PLACEMENT_3D('',#13474,#10612,#10613);
#9251=AXIS2_PLACEMENT_3D('',#13475,#10614,#10615);
#9252=AXIS2_PLACEMENT_3D('',#13476,#10616,#10617);
#9253=AXIS2_PLACEMENT_3D('',#13477,#10618,#10619);
#9254=AXIS2_PLACEMENT_3D('',#13478,#10620,#10621);
#9255=AXIS2_PLACEMENT_3D('',#13479,#10622,#10623);
#9256=AXIS2_PLACEMENT_3D('',#13490,#10624,#10625);
#9257=AXIS2_PLACEMENT_3D('',#13491,#10626,#10627);
#9258=AXIS2_PLACEMENT_3D('',#13492,#10628,#10629);
#9259=AXIS2_PLACEMENT_3D('',#13509,#10630,#10631);
#9260=AXIS2_PLACEMENT_3D('',#13510,#10632,#10633);
#9261=AXIS2_PLACEMENT_3D('',#13511,#10634,#10635);
#9262=AXIS2_PLACEMENT_3D('',#13512,#10636,#10637);
#9263=AXIS2_PLACEMENT_3D('',#13513,#10638,#10639);
#9264=AXIS2_PLACEMENT_3D('',#13514,#10640,#10641);
#9265=AXIS2_PLACEMENT_3D('',#13515,#10642,#10643);
#9266=AXIS2_PLACEMENT_3D('',#13532,#10644,#10645);
#9267=AXIS2_PLACEMENT_3D('',#13533,#10646,#10647);
#9268=AXIS2_PLACEMENT_3D('',#13550,#10648,#10649);
#9269=AXIS2_PLACEMENT_3D('',#13570,#10650,#10651);
#9270=AXIS2_PLACEMENT_3D('',#13571,#10652,#10653);
#9271=AXIS2_PLACEMENT_3D('',#13582,#10654,#10655);
#9272=AXIS2_PLACEMENT_3D('',#13583,#10656,#10657);
#9273=AXIS2_PLACEMENT_3D('',#13600,#10658,#10659);
#9274=AXIS2_PLACEMENT_3D('',#13601,#10660,#10661);
#9275=AXIS2_PLACEMENT_3D('',#13602,#10662,#10663);
#9276=AXIS2_PLACEMENT_3D('',#13603,#10664,#10665);
#9277=AXIS2_PLACEMENT_3D('',#13604,#10666,#10667);
#9278=AXIS2_PLACEMENT_3D('',#13605,#10668,#10669);
#9279=AXIS2_PLACEMENT_3D('',#13606,#10670,#10671);
#9280=AXIS2_PLACEMENT_3D('',#13623,#10672,#10673);
#9281=AXIS2_PLACEMENT_3D('',#13624,#10674,#10675);
#9282=AXIS2_PLACEMENT_3D('',#13625,#10676,#10677);
#9283=AXIS2_PLACEMENT_3D('',#13642,#10678,#10679);
#9284=AXIS2_PLACEMENT_3D('',#13643,#10680,#10681);
#9285=AXIS2_PLACEMENT_3D('',#13644,#10682,#10683);
#9286=AXIS2_PLACEMENT_3D('',#13645,#10684,#10685);
#9287=AXIS2_PLACEMENT_3D('',#13646,#10686,#10687);
#9288=AXIS2_PLACEMENT_3D('',#13647,#10688,#10689);
#9289=AXIS2_PLACEMENT_3D('',#13648,#10690,#10691);
#9290=AXIS2_PLACEMENT_3D('',#13649,#10692,#10693);
#9291=AXIS2_PLACEMENT_3D('',#13650,#10694,#10695);
#9292=AXIS2_PLACEMENT_3D('',#13651,#10696,#10697);
#9293=AXIS2_PLACEMENT_3D('',#13652,#10698,#10699);
#9294=AXIS2_PLACEMENT_3D('',#13653,#10700,#10701);
#9295=AXIS2_PLACEMENT_3D('',#13654,#10702,#10703);
#9296=AXIS2_PLACEMENT_3D('',#13655,#10704,#10705);
#9297=AXIS2_PLACEMENT_3D('',#13656,#10706,#10707);
#9298=AXIS2_PLACEMENT_3D('',#13657,#10708,#10709);
#9299=AXIS2_PLACEMENT_3D('',#13658,#10710,#10711);
#9300=AXIS2_PLACEMENT_3D('',#13659,#10712,#10713);
#9301=AXIS2_PLACEMENT_3D('',#13660,#10714,#10715);
#9302=AXIS2_PLACEMENT_3D('',#13661,#10716,#10717);
#9303=AXIS2_PLACEMENT_3D('',#13662,#10718,#10719);
#9304=AXIS2_PLACEMENT_3D('',#13664,#10720,#10721);
#9305=AXIS2_PLACEMENT_3D('',#13666,#10722,#10723);
#9306=AXIS2_PLACEMENT_3D('',#13667,#10724,#10725);
#9307=AXIS2_PLACEMENT_3D('',#13668,#10726,#10727);
#9308=AXIS2_PLACEMENT_3D('',#13669,#10728,#10729);
#9309=AXIS2_PLACEMENT_3D('',#13670,#10730,#10731);
#9310=AXIS2_PLACEMENT_3D('',#13671,#10732,#10733);
#9311=AXIS2_PLACEMENT_3D('',#13672,#10734,#10735);
#9312=AXIS2_PLACEMENT_3D('',#13673,#10736,#10737);
#9313=AXIS2_PLACEMENT_3D('',#13674,#10738,#10739);
#9314=AXIS2_PLACEMENT_3D('',#13675,#10740,#10741);
#9315=AXIS2_PLACEMENT_3D('',#13676,#10742,#10743);
#9316=AXIS2_PLACEMENT_3D('',#13677,#10744,#10745);
#9317=AXIS2_PLACEMENT_3D('',#13694,#10746,#10747);
#9318=AXIS2_PLACEMENT_3D('',#13695,#10748,#10749);
#9319=AXIS2_PLACEMENT_3D('',#13696,#10750,#10751);
#9320=AXIS2_PLACEMENT_3D('',#13697,#10752,#10753);
#9321=AXIS2_PLACEMENT_3D('',#13698,#10754,#10755);
#9322=AXIS2_PLACEMENT_3D('',#13699,#10756,#10757);
#9323=AXIS2_PLACEMENT_3D('',#13700,#10758,#10759);
#9324=AXIS2_PLACEMENT_3D('',#13701,#10760,#10761);
#9325=AXIS2_PLACEMENT_3D('',#13702,#10762,#10763);
#9326=AXIS2_PLACEMENT_3D('',#13703,#10764,#10765);
#9327=AXIS2_PLACEMENT_3D('',#13720,#10766,#10767);
#9328=AXIS2_PLACEMENT_3D('',#13737,#10768,#10769);
#9329=AXIS2_PLACEMENT_3D('',#13738,#10770,#10771);
#9330=AXIS2_PLACEMENT_3D('',#13739,#10772,#10773);
#9331=AXIS2_PLACEMENT_3D('',#13740,#10774,#10775);
#9332=AXIS2_PLACEMENT_3D('',#13742,#10777,#10778);
#9333=AXIS2_PLACEMENT_3D('',#13743,#10779,#10780);
#9334=AXIS2_PLACEMENT_3D('',#13744,#10781,#10782);
#9335=AXIS2_PLACEMENT_3D('',#13745,#10783,#10784);
#9336=AXIS2_PLACEMENT_3D('',#13746,#10785,#10786);
#9337=AXIS2_PLACEMENT_3D('',#13747,#10787,#10788);
#9338=AXIS2_PLACEMENT_3D('',#13766,#10791,#10792);
#9339=AXIS2_PLACEMENT_3D('',#13769,#10795,#10796);
#9340=AXIS2_PLACEMENT_3D('',#13770,#10797,#10798);
#9341=AXIS2_PLACEMENT_3D('',#13771,#10799,#10800);
#9342=AXIS2_PLACEMENT_3D('',#13772,#10801,#10802);
#9343=AXIS2_PLACEMENT_3D('',#13773,#10803,#10804);
#9344=AXIS2_PLACEMENT_3D('',#13776,#10807,#10808);
#9345=AXIS2_PLACEMENT_3D('',#13779,#10811,#10812);
#9346=AXIS2_PLACEMENT_3D('',#13780,#10813,#10814);
#9347=AXIS2_PLACEMENT_3D('',#13781,#10815,#10816);
#9348=AXIS2_PLACEMENT_3D('',#13782,#10817,#10818);
#9349=AXIS2_PLACEMENT_3D('',#13783,#10819,#10820);
#9350=AXIS2_PLACEMENT_3D('',#13784,#10821,#10822);
#9351=AXIS2_PLACEMENT_3D('',#13788,#10824,#10825);
#9352=AXIS2_PLACEMENT_3D('',#13789,#10826,#10827);
#9353=AXIS2_PLACEMENT_3D('',#13792,#10830,#10831);
#9354=AXIS2_PLACEMENT_3D('',#13795,#10834,#10835);
#9355=AXIS2_PLACEMENT_3D('',#13798,#10838,#10839);
#9356=AXIS2_PLACEMENT_3D('',#13801,#10842,#10843);
#9357=AXIS2_PLACEMENT_3D('',#13802,#10844,#10845);
#9358=AXIS2_PLACEMENT_3D('',#13803,#10846,#10847);
#9359=AXIS2_PLACEMENT_3D('',#13804,#10848,#10849);
#9360=AXIS2_PLACEMENT_3D('',#13805,#10850,#10851);
#9361=AXIS2_PLACEMENT_3D('',#13811,#10855,#10856);
#9362=AXIS2_PLACEMENT_3D('',#13815,#10859,#10860);
#9363=AXIS2_PLACEMENT_3D('',#13819,#10863,#10864);
#9364=AXIS2_PLACEMENT_3D('',#13823,#10867,#10868);
#9365=AXIS2_PLACEMENT_3D('',#13827,#10871,#10872);
#9366=AXIS2_PLACEMENT_3D('',#13829,#10874,#10875);
#9367=AXIS2_PLACEMENT_3D('',#13830,#10876,#10877);
#9368=AXIS2_PLACEMENT_3D('',#13846,#10883,#10884);
#9369=AXIS2_PLACEMENT_3D('',#13884,#10889,#10890);
#9370=AXIS2_PLACEMENT_3D('',#13888,#10893,#10894);
#9371=AXIS2_PLACEMENT_3D('',#13892,#10897,#10898);
#9372=AXIS2_PLACEMENT_3D('',#13921,#10900,#10901);
#9373=AXIS2_PLACEMENT_3D('',#13930,#10906,#10907);
#9374=AXIS2_PLACEMENT_3D('',#13936,#10911,#10912);
#9375=AXIS2_PLACEMENT_3D('',#13942,#10916,#10917);
#9376=AXIS2_PLACEMENT_3D('',#13956,#10922,#10923);
#9377=AXIS2_PLACEMENT_3D('',#13960,#10926,#10927);
#9378=AXIS2_PLACEMENT_3D('',#13964,#10930,#10931);
#9379=AXIS2_PLACEMENT_3D('',#13968,#10934,#10935);
#9380=AXIS2_PLACEMENT_3D('',#13972,#10938,#10939);
#9381=AXIS2_PLACEMENT_3D('',#13976,#10942,#10943);
#9382=AXIS2_PLACEMENT_3D('',#13978,#10945,#10946);
#9383=AXIS2_PLACEMENT_3D('',#13981,#10949,#10950);
#9384=AXIS2_PLACEMENT_3D('',#13982,#10951,#10952);
#9385=AXIS2_PLACEMENT_3D('',#13983,#10953,#10954);
#9386=AXIS2_PLACEMENT_3D('',#13999,#10960,#10961);
#9387=AXIS2_PLACEMENT_3D('',#14059,#10968,#10969);
#9388=AXIS2_PLACEMENT_3D('',#14093,#10974,#10975);
#9389=AXIS2_PLACEMENT_3D('',#14118,#10977,#10978);
#9390=AXIS2_PLACEMENT_3D('',#14124,#10982,#10983);
#9391=AXIS2_PLACEMENT_3D('',#14162,#10988,#10989);
#9392=AXIS2_PLACEMENT_3D('',#14200,#10994,#10995);
#9393=AXIS2_PLACEMENT_3D('',#14204,#10998,#10999);
#9394=AXIS2_PLACEMENT_3D('',#14208,#11002,#11003);
#9395=AXIS2_PLACEMENT_3D('',#14210,#11005,#11006);
#9396=AXIS2_PLACEMENT_3D('',#14211,#11007,#11008);
#9397=AXIS2_PLACEMENT_3D('',#14220,#11013,#11014);
#9398=AXIS2_PLACEMENT_3D('',#14223,#11017,#11018);
#9399=AXIS2_PLACEMENT_3D('',#14226,#11021,#11022);
#9400=AXIS2_PLACEMENT_3D('',#14227,#11023,#11024);
#9401=AXIS2_PLACEMENT_3D('',#14228,#11025,#11026);
#9402=AXIS2_PLACEMENT_3D('',#14237,#11031,#11032);
#9403=AXIS2_PLACEMENT_3D('',#14240,#11035,#11036);
#9404=AXIS2_PLACEMENT_3D('',#14243,#11039,#11040);
#9405=AXIS2_PLACEMENT_3D('',#14244,#11041,#11042);
#9406=AXIS2_PLACEMENT_3D('',#14245,#11043,#11044);
#9407=AXIS2_PLACEMENT_3D('',#14254,#11049,#11050);
#9408=AXIS2_PLACEMENT_3D('',#14257,#11053,#11054);
#9409=AXIS2_PLACEMENT_3D('',#14260,#11057,#11058);
#9410=AXIS2_PLACEMENT_3D('',#14261,#11059,#11060);
#9411=AXIS2_PLACEMENT_3D('',#14262,#11061,#11062);
#9412=AXIS2_PLACEMENT_3D('',#14271,#11067,#11068);
#9413=AXIS2_PLACEMENT_3D('',#14274,#11071,#11072);
#9414=AXIS2_PLACEMENT_3D('',#14277,#11075,#11076);
#9415=AXIS2_PLACEMENT_3D('',#14278,#11077,#11078);
#9416=AXIS2_PLACEMENT_3D('',#14279,#11079,#11080);
#9417=AXIS2_PLACEMENT_3D('',#14288,#11085,#11086);
#9418=AXIS2_PLACEMENT_3D('',#14291,#11089,#11090);
#9419=AXIS2_PLACEMENT_3D('',#14294,#11093,#11094);
#9420=AXIS2_PLACEMENT_3D('',#14295,#11095,#11096);
#9421=AXIS2_PLACEMENT_3D('',#14296,#11097,#11098);
#9422=AXIS2_PLACEMENT_3D('',#14305,#11103,#11104);
#9423=AXIS2_PLACEMENT_3D('',#14308,#11107,#11108);
#9424=AXIS2_PLACEMENT_3D('',#14311,#11111,#11112);
#9425=AXIS2_PLACEMENT_3D('',#14312,#11113,#11114);
#9426=AXIS2_PLACEMENT_3D('',#14313,#11115,#11116);
#9427=AXIS2_PLACEMENT_3D('',#14374,#11127,#11128);
#9428=AXIS2_PLACEMENT_3D('',#14375,#11129,#11130);
#9429=AXIS2_PLACEMENT_3D('',#14381,#11133,#11134);
#9430=AXIS2_PLACEMENT_3D('',#14393,#11140,#11141);
#9431=AXIS2_PLACEMENT_3D('',#14398,#11144,#11145);
#9432=AXIS2_PLACEMENT_3D('',#14402,#11147,#11148);
#9433=AXIS2_PLACEMENT_3D('',#14403,#11149,#11150);
#9434=AXIS2_PLACEMENT_3D('',#14404,#11151,#11152);
#9435=AXIS2_PLACEMENT_3D('',#14408,#11154,#11155);
#9436=AXIS2_PLACEMENT_3D('',#14412,#11157,#11158);
#9437=AXIS2_PLACEMENT_3D('',#14417,#11161,#11162);
#9438=AXIS2_PLACEMENT_3D('',#14429,#11168,#11169);
#9439=AXIS2_PLACEMENT_3D('',#14432,#11171,#11172);
#9440=AXIS2_PLACEMENT_3D('',#14434,#11174,#11175);
#9441=AXIS2_PLACEMENT_3D('',#14436,#11177,#11178);
#9442=AXIS2_PLACEMENT_3D('',#14437,#11179,#11180);
#9443=AXIS2_PLACEMENT_3D('',#14439,#11181,#11182);
#9444=AXIS2_PLACEMENT_3D('',#14442,#11184,#11185);
#9445=AXIS2_PLACEMENT_3D('',#14443,#11186,#11187);
#9446=AXIS2_PLACEMENT_3D('',#14445,#11188,#11189);
#9447=AXIS2_PLACEMENT_3D('',#14448,#11191,#11192);
#9448=AXIS2_PLACEMENT_3D('',#14450,#11194,#11195);
#9449=AXIS2_PLACEMENT_3D('',#14452,#11197,#11198);
#9450=AXIS2_PLACEMENT_3D('',#14453,#11199,#11200);
#9451=AXIS2_PLACEMENT_3D('',#14454,#11201,#11202);
#9452=AXIS2_PLACEMENT_3D('',#14455,#11203,#11204);
#9453=AXIS2_PLACEMENT_3D('',#14456,#11205,#11206);
#9454=AXIS2_PLACEMENT_3D('',#14458,#11208,#11209);
#9455=AXIS2_PLACEMENT_3D('',#14460,#11211,#11212);
#9456=AXIS2_PLACEMENT_3D('',#14463,#11215,#11216);
#9457=AXIS2_PLACEMENT_3D('',#14466,#11219,#11220);
#9458=AXIS2_PLACEMENT_3D('',#14468,#11222,#11223);
#9459=AXIS2_PLACEMENT_3D('',#14477,#11228,#11229);
#9460=AXIS2_PLACEMENT_3D('',#14479,#11231,#11232);
#9461=AXIS2_PLACEMENT_3D('',#14480,#11233,#11234);
#9462=AXIS2_PLACEMENT_3D('',#14483,#11237,#11238);
#9463=AXIS2_PLACEMENT_3D('',#14486,#11241,#11242);
#9464=AXIS2_PLACEMENT_3D('',#14487,#11243,#11244);
#9465=AXIS2_PLACEMENT_3D('',#14488,#11245,#11246);
#9466=AXIS2_PLACEMENT_3D('',#14489,#11247,#11248);
#9467=AXIS2_PLACEMENT_3D('',#14490,#11249,#11250);
#9468=AXIS2_PLACEMENT_3D('',#14491,#11251,#11252);
#9469=AXIS2_PLACEMENT_3D('',#14492,#11253,#11254);
#9470=AXIS2_PLACEMENT_3D('',#14500,#11258,#11259);
#9471=AXIS2_PLACEMENT_3D('',#14504,#11261,#11262);
#9472=AXIS2_PLACEMENT_3D('',#14514,#11267,#11268);
#9473=AXIS2_PLACEMENT_3D('',#14518,#11270,#11271);
#9474=AXIS2_PLACEMENT_3D('',#14521,#11273,#11274);
#9475=AXIS2_PLACEMENT_3D('',#14527,#11278,#11279);
#9476=AXIS2_PLACEMENT_3D('',#14533,#11283,#11284);
#9477=AXIS2_PLACEMENT_3D('',#14538,#11287,#11288);
#9478=AXIS2_PLACEMENT_3D('',#14542,#11290,#11291);
#9479=AXIS2_PLACEMENT_3D('',#14549,#11295,#11296);
#9480=AXIS2_PLACEMENT_3D('',#14553,#11298,#11299);
#9481=AXIS2_PLACEMENT_3D('',#14556,#11301,#11302);
#9482=AXIS2_PLACEMENT_3D('',#14562,#11305,#11306);
#9483=AXIS2_PLACEMENT_3D('',#14566,#11308,#11309);
#9484=AXIS2_PLACEMENT_3D('',#14569,#11311,#11312);
#9485=AXIS2_PLACEMENT_3D('',#14575,#11316,#11317);
#9486=AXIS2_PLACEMENT_3D('',#14581,#11321,#11322);
#9487=AXIS2_PLACEMENT_3D('',#14583,#11324,#11325);
#9488=AXIS2_PLACEMENT_3D('',#14587,#11327,#11328);
#9489=AXIS2_PLACEMENT_3D('',#14588,#11329,#11330);
#9490=AXIS2_PLACEMENT_3D('',#14589,#11331,#11332);
#9491=AXIS2_PLACEMENT_3D('',#14590,#11333,#11334);
#9492=AXIS2_PLACEMENT_3D('',#14591,#11335,#11336);
#9493=AXIS2_PLACEMENT_3D('',#14592,#11337,#11338);
#9494=AXIS2_PLACEMENT_3D('',#14593,#11339,#11340);
#9495=AXIS2_PLACEMENT_3D('',#14594,#11341,#11342);
#9496=AXIS2_PLACEMENT_3D('',#14596,#11344,#11345);
#9497=AXIS2_PLACEMENT_3D('',#14599,#11348,#11349);
#9498=AXIS2_PLACEMENT_3D('',#14601,#11351,#11352);
#9499=AXIS2_PLACEMENT_3D('',#14604,#11355,#11356);
#9500=AXIS2_PLACEMENT_3D('',#14605,#11357,#11358);
#9501=AXIS2_PLACEMENT_3D('',#14606,#11359,#11360);
#9502=AXIS2_PLACEMENT_3D('',#14607,#11361,#11362);
#9503=AXIS2_PLACEMENT_3D('',#14608,#11363,#11364);
#9504=AXIS2_PLACEMENT_3D('',#14609,#11365,#11366);
#9505=AXIS2_PLACEMENT_3D('',#14610,#11367,#11368);
#9506=AXIS2_PLACEMENT_3D('',#14611,#11369,#11370);
#9507=AXIS2_PLACEMENT_3D('',#14612,#11371,#11372);
#9508=AXIS2_PLACEMENT_3D('',#14613,#11373,#11374);
#9509=AXIS2_PLACEMENT_3D('',#14614,#11375,#11376);
#9510=AXIS2_PLACEMENT_3D('',#14620,#11379,#11380);
#9511=AXIS2_PLACEMENT_3D('',#14625,#11383,#11384);
#9512=AXIS2_PLACEMENT_3D('',#14631,#11387,#11388);
#9513=AXIS2_PLACEMENT_3D('',#14636,#11391,#11392);
#9514=AXIS2_PLACEMENT_3D('',#14700,#11424,#11425);
#9515=AXIS2_PLACEMENT_3D('',#14704,#11427,#11428);
#9516=AXIS2_PLACEMENT_3D('',#14711,#11432,#11433);
#9517=AXIS2_PLACEMENT_3D('',#14732,#11446,#11447);
#9518=AXIS2_PLACEMENT_3D('',#14767,#11466,#11467);
#9519=AXIS2_PLACEMENT_3D('',#14802,#11486,#11487);
#9520=AXIS2_PLACEMENT_3D('',#14807,#11490,#11491);
#9521=AXIS2_PLACEMENT_3D('',#14808,#11492,#11493);
#9522=AXIS2_PLACEMENT_3D('',#14809,#11494,#11495);
#9523=AXIS2_PLACEMENT_3D('',#14811,#11496,#11497);
#9524=AXIS2_PLACEMENT_3D('',#14813,#11498,#11499);
#9525=AXIS2_PLACEMENT_3D('',#14817,#11501,#11502);
#9526=AXIS2_PLACEMENT_3D('',#14819,#11503,#11504);
#9527=AXIS2_PLACEMENT_3D('',#14820,#11505,#11506);
#9528=AXIS2_PLACEMENT_3D('',#14824,#11508,#11509);
#9529=AXIS2_PLACEMENT_3D('',#14826,#11511,#11512);
#9530=AXIS2_PLACEMENT_3D('',#14827,#11513,#11514);
#9531=AXIS2_PLACEMENT_3D('',#14829,#11515,#11516);
#9532=AXIS2_PLACEMENT_3D('',#14831,#11517,#11518);
#9533=AXIS2_PLACEMENT_3D('',#14835,#11520,#11521);
#9534=AXIS2_PLACEMENT_3D('',#14837,#11522,#11523);
#9535=AXIS2_PLACEMENT_3D('',#14838,#11524,#11525);
#9536=AXIS2_PLACEMENT_3D('',#14839,#11526,#11527);
#9537=AXIS2_PLACEMENT_3D('',#14841,#11528,#11529);
#9538=AXIS2_PLACEMENT_3D('',#14843,#11530,#11531);
#9539=AXIS2_PLACEMENT_3D('',#14844,#11532,#11533);
#9540=AXIS2_PLACEMENT_3D('',#14846,#11534,#11535);
#9541=AXIS2_PLACEMENT_3D('',#14847,#11536,#11537);
#9542=AXIS2_PLACEMENT_3D('',#14848,#11538,#11539);
#9543=AXIS2_PLACEMENT_3D('',#14851,#11540,#11541);
#9544=AXIS2_PLACEMENT_3D('',#14852,#11542,#11543);
#9545=AXIS2_PLACEMENT_3D('',#14854,#11544,#11545);
#9546=AXIS2_PLACEMENT_3D('',#14855,#11546,#11547);
#9547=AXIS2_PLACEMENT_3D('',#14856,#11548,#11549);
#9548=AXIS2_PLACEMENT_3D('',#14857,#11550,#11551);
#9549=AXIS2_PLACEMENT_3D('',#14859,#11552,#11553);
#9550=AXIS2_PLACEMENT_3D('',#14873,#11560,#11561);
#9551=AXIS2_PLACEMENT_3D('',#14886,#11568,#11569);
#9552=AXIS2_PLACEMENT_3D('',#14887,#11570,#11571);
#9553=AXIS2_PLACEMENT_3D('',#14888,#11572,#11573);
#9554=AXIS2_PLACEMENT_3D('',#14889,#11574,#11575);
#9555=AXIS2_PLACEMENT_3D('',#14906,#11586,#11587);
#9556=AXIS2_PLACEMENT_3D('',#14919,#11594,#11595);
#9557=AXIS2_PLACEMENT_3D('',#14928,#11600,#11601);
#9558=AXIS2_PLACEMENT_3D('',#14937,#11606,#11607);
#9559=AXIS2_PLACEMENT_3D('',#14938,#11608,#11609);
#9560=AXIS2_PLACEMENT_3D('',#14939,#11610,#11611);
#9561=AXIS2_PLACEMENT_3D('',#14943,#11613,#11614);
#9562=AXIS2_PLACEMENT_3D('',#14944,#11615,#11616);
#9563=AXIS2_PLACEMENT_3D('',#14950,#11620,#11621);
#9564=AXIS2_PLACEMENT_3D('',#14956,#11625,#11626);
#9565=AXIS2_PLACEMENT_3D('',#14957,#11627,#11628);
#9566=AXIS2_PLACEMENT_3D('',#14959,#11629,#11630);
#9567=AXIS2_PLACEMENT_3D('',#14962,#11632,#11633);
#9568=AXIS2_PLACEMENT_3D('',#14965,#11636,#11637);
#9569=AXIS2_PLACEMENT_3D('',#14966,#11638,#11639);
#9570=AXIS2_PLACEMENT_3D('',#14967,#11640,#11641);
#9571=AXIS2_PLACEMENT_3D('',#14968,#11642,#11643);
#9572=AXIS2_PLACEMENT_3D('',#14973,#11645,#11646);
#9573=AXIS2_PLACEMENT_3D('',#14976,#11648,#11649);
#9574=AXIS2_PLACEMENT_3D('',#14979,#11652,#11653);
#9575=AXIS2_PLACEMENT_3D('',#14982,#11656,#11657);
#9576=AXIS2_PLACEMENT_3D('',#14983,#11658,#11659);
#9577=AXIS2_PLACEMENT_3D('',#14984,#11660,#11661);
#9578=AXIS2_PLACEMENT_3D('',#14990,#11665,#11666);
#9579=AXIS2_PLACEMENT_3D('',#14996,#11670,#11671);
#9580=AXIS2_PLACEMENT_3D('',#14999,#11674,#11675);
#9581=AXIS2_PLACEMENT_3D('',#15000,#11676,#11677);
#9582=AXIS2_PLACEMENT_3D('',#15001,#11678,#11679);
#9583=AXIS2_PLACEMENT_3D('',#15009,#11684,#11685);
#9584=AXIS2_PLACEMENT_3D('',#15015,#11689,#11690);
#9585=AXIS2_PLACEMENT_3D('',#15018,#11693,#11694);
#9586=AXIS2_PLACEMENT_3D('',#15020,#11696,#11697);
#9587=AXIS2_PLACEMENT_3D('',#15021,#11698,#11699);
#9588=AXIS2_PLACEMENT_3D('',#15027,#11703,#11704);
#9589=AXIS2_PLACEMENT_3D('',#15029,#11706,#11707);
#9590=AXIS2_PLACEMENT_3D('',#15036,#11712,#11713);
#9591=AXIS2_PLACEMENT_3D('',#15038,#11715,#11716);
#9592=AXIS2_PLACEMENT_3D('',#15044,#11720,#11721);
#9593=AXIS2_PLACEMENT_3D('',#15050,#11725,#11726);
#9594=AXIS2_PLACEMENT_3D('',#15051,#11727,#11728);
#9595=AXIS2_PLACEMENT_3D('',#15052,#11729,#11730);
#9596=AXIS2_PLACEMENT_3D('',#15053,#11731,#11732);
#9597=AXIS2_PLACEMENT_3D('',#15054,#11733,#11734);
#9598=AXIS2_PLACEMENT_3D('',#15055,#11735,#11736);
#9599=AXIS2_PLACEMENT_3D('',#15056,#11737,#11738);
#9600=AXIS2_PLACEMENT_3D('',#15057,#11739,#11740);
#9601=AXIS2_PLACEMENT_3D('',#15058,#11741,#11742);
#9602=AXIS2_PLACEMENT_3D('',#15059,#11743,#11744);
#9603=AXIS2_PLACEMENT_3D('',#15060,#11745,#11746);
#9604=AXIS2_PLACEMENT_3D('',#15061,#11747,#11748);
#9605=AXIS2_PLACEMENT_3D('',#15062,#11749,#11750);
#9606=AXIS2_PLACEMENT_3D('',#15063,#11751,#11752);
#9607=AXIS2_PLACEMENT_3D('',#15064,#11753,#11754);
#9608=AXIS2_PLACEMENT_3D('',#15065,#11755,#11756);
#9609=AXIS2_PLACEMENT_3D('',#15066,#11757,#11758);
#9610=AXIS2_PLACEMENT_3D('',#15067,#11759,#11760);
#9611=AXIS2_PLACEMENT_3D('',#15068,#11761,#11762);
#9612=AXIS2_PLACEMENT_3D('',#15069,#11763,#11764);
#9613=AXIS2_PLACEMENT_3D('',#15070,#11765,#11766);
#9614=AXIS2_PLACEMENT_3D('',#15073,#11769,#11770);
#9615=AXIS2_PLACEMENT_3D('',#15077,#11774,#11775);
#9616=AXIS2_PLACEMENT_3D('',#15081,#11779,#11780);
#9617=AXIS2_PLACEMENT_3D('',#15082,#11781,#11782);
#9618=AXIS2_PLACEMENT_3D('',#15083,#11783,#11784);
#9619=AXIS2_PLACEMENT_3D('',#15088,#11786,#11787);
#9620=AXIS2_PLACEMENT_3D('',#15091,#11789,#11790);
#9621=AXIS2_PLACEMENT_3D('',#15094,#11793,#11794);
#9622=AXIS2_PLACEMENT_3D('',#15097,#11797,#11798);
#9623=AXIS2_PLACEMENT_3D('',#15098,#11799,#11800);
#9624=AXIS2_PLACEMENT_3D('',#15099,#11801,#11802);
#9625=AXIS2_PLACEMENT_3D('',#15100,#11803,#11804);
#9626=AXIS2_PLACEMENT_3D('',#15105,#11806,#11807);
#9627=AXIS2_PLACEMENT_3D('',#15108,#11809,#11810);
#9628=AXIS2_PLACEMENT_3D('',#15111,#11813,#11814);
#9629=AXIS2_PLACEMENT_3D('',#15114,#11817,#11818);
#9630=AXIS2_PLACEMENT_3D('',#15115,#11819,#11820);
#9631=AXIS2_PLACEMENT_3D('',#15116,#11821,#11822);
#9632=AXIS2_PLACEMENT_3D('',#15117,#11823,#11824);
#9633=AXIS2_PLACEMENT_3D('',#15122,#11826,#11827);
#9634=AXIS2_PLACEMENT_3D('',#15125,#11829,#11830);
#9635=AXIS2_PLACEMENT_3D('',#15128,#11833,#11834);
#9636=AXIS2_PLACEMENT_3D('',#15131,#11837,#11838);
#9637=AXIS2_PLACEMENT_3D('',#15132,#11839,#11840);
#9638=AXIS2_PLACEMENT_3D('',#15133,#11841,#11842);
#9639=AXIS2_PLACEMENT_3D('',#15134,#11843,#11844);
#9640=AXIS2_PLACEMENT_3D('',#15139,#11846,#11847);
#9641=AXIS2_PLACEMENT_3D('',#15142,#11849,#11850);
#9642=AXIS2_PLACEMENT_3D('',#15145,#11853,#11854);
#9643=AXIS2_PLACEMENT_3D('',#15148,#11857,#11858);
#9644=AXIS2_PLACEMENT_3D('',#15149,#11859,#11860);
#9645=AXIS2_PLACEMENT_3D('',#15150,#11861,#11862);
#9646=AXIS2_PLACEMENT_3D('',#15151,#11863,#11864);
#9647=AXIS2_PLACEMENT_3D('',#15156,#11867,#11868);
#9648=AXIS2_PLACEMENT_3D('',#15158,#11870,#11871);
#9649=AXIS2_PLACEMENT_3D('',#15159,#11872,#11873);
#9650=AXIS2_PLACEMENT_3D('',#15160,#11874,#11875);
#9651=AXIS2_PLACEMENT_3D('',#15170,#11880,#11881);
#9652=AXIS2_PLACEMENT_3D('',#15175,#11884,#11885);
#9653=AXIS2_PLACEMENT_3D('',#15178,#11887,#11888);
#9654=AXIS2_PLACEMENT_3D('',#15179,#11889,#11890);
#9655=AXIS2_PLACEMENT_3D('',#15181,#11891,#11892);
#9656=AXIS2_PLACEMENT_3D('',#15186,#11895,#11896);
#9657=AXIS2_PLACEMENT_3D('',#15187,#11897,#11898);
#9658=AXIS2_PLACEMENT_3D('',#15189,#11899,#11900);
#9659=AXIS2_PLACEMENT_3D('',#15190,#11901,#11902);
#9660=AXIS2_PLACEMENT_3D('',#15191,#11903,#11904);
#9661=AXIS2_PLACEMENT_3D('',#15193,#11905,#11906);
#9662=AXIS2_PLACEMENT_3D('',#15194,#11907,#11908);
#9663=AXIS2_PLACEMENT_3D('',#15195,#11909,#11910);
#9664=AXIS2_PLACEMENT_3D('',#15197,#11911,#11912);
#9665=AXIS2_PLACEMENT_3D('',#15198,#11913,#11914);
#9666=AXIS2_PLACEMENT_3D('',#15200,#11915,#11916);
#9667=AXIS2_PLACEMENT_3D('',#15201,#11917,#11918);
#9668=AXIS2_PLACEMENT_3D('',#15203,#11919,#11920);
#9669=AXIS2_PLACEMENT_3D('',#15204,#11921,#11922);
#9670=AXIS2_PLACEMENT_3D('',#15205,#11923,#11924);
#9671=AXIS2_PLACEMENT_3D('',#15206,#11925,#11926);
#9672=AXIS2_PLACEMENT_3D('',#15207,#11927,#11928);
#9673=AXIS2_PLACEMENT_3D('',#15208,#11929,#11930);
#9674=AXIS2_PLACEMENT_3D('',#15225,#11931,#11932);
#9675=AXIS2_PLACEMENT_3D('',#15226,#11933,#11934);
#9676=AXIS2_PLACEMENT_3D('',#15227,#11935,#11936);
#9677=AXIS2_PLACEMENT_3D('',#15228,#11937,#11938);
#9678=AXIS2_PLACEMENT_3D('',#15229,#11939,#11940);
#9679=AXIS2_PLACEMENT_3D('',#15246,#11941,#11942);
#9680=AXIS2_PLACEMENT_3D('',#15247,#11943,#11944);
#9681=AXIS2_PLACEMENT_3D('',#15248,#11945,#11946);
#9682=AXIS2_PLACEMENT_3D('',#15249,#11947,#11948);
#9683=AXIS2_PLACEMENT_3D('',#15250,#11949,#11950);
#9684=AXIS2_PLACEMENT_3D('',#15267,#11951,#11952);
#9685=AXIS2_PLACEMENT_3D('',#15268,#11953,#11954);
#9686=AXIS2_PLACEMENT_3D('',#15270,#11955,#11956);
#9687=AXIS2_PLACEMENT_3D('',#15271,#11957,#11958);
#9688=AXIS2_PLACEMENT_3D('',#15275,#11961,#11962);
#9689=AXIS2_PLACEMENT_3D('',#15277,#11964,#11965);
#9690=AXIS2_PLACEMENT_3D('',#15281,#11968,#11969);
#9691=AXIS2_PLACEMENT_3D('',#15283,#11971,#11972);
#9692=AXIS2_PLACEMENT_3D('',#15285,#11974,#11975);
#9693=AXIS2_PLACEMENT_3D('',#15286,#11976,#11977);
#9694=AXIS2_PLACEMENT_3D('',#15288,#11979,#11980);
#9695=AXIS2_PLACEMENT_3D('',#15289,#11981,#11982);
#9696=AXIS2_PLACEMENT_3D('',#15295,#11986,#11987);
#9697=AXIS2_PLACEMENT_3D('',#15299,#11990,#11991);
#9698=AXIS2_PLACEMENT_3D('',#15303,#11994,#11995);
#9699=AXIS2_PLACEMENT_3D('',#15305,#11997,#11998);
#9700=AXIS2_PLACEMENT_3D('',#15306,#11999,#12000);
#9701=AXIS2_PLACEMENT_3D('',#15309,#12003,#12004);
#9702=AXIS2_PLACEMENT_3D('',#15310,#12005,#12006);
#9703=AXIS2_PLACEMENT_3D('',#15311,#12007,#12008);
#9704=AXIS2_PLACEMENT_3D('',#15315,#12011,#12012);
#9705=AXIS2_PLACEMENT_3D('',#15319,#12015,#12016);
#9706=AXIS2_PLACEMENT_3D('',#15325,#12020,#12021);
#9707=AXIS2_PLACEMENT_3D('',#15327,#12023,#12024);
#9708=AXIS2_PLACEMENT_3D('',#15330,#12027,#12028);
#9709=AXIS2_PLACEMENT_3D('',#15331,#12029,#12030);
#9710=AXIS2_PLACEMENT_3D('',#15332,#12031,#12032);
#9711=AXIS2_PLACEMENT_3D('',#15333,#12033,#12034);
#9712=AXIS2_PLACEMENT_3D('',#15334,#12035,#12036);
#9713=AXIS2_PLACEMENT_3D('',#15335,#12037,#12038);
#9714=AXIS2_PLACEMENT_3D('',#15336,#12039,#12040);
#9715=AXIS2_PLACEMENT_3D('',#15337,#12041,#12042);
#9716=AXIS2_PLACEMENT_3D('',#15346,#12047,#12048);
#9717=AXIS2_PLACEMENT_3D('',#15347,#12049,#12050);
#9718=AXIS2_PLACEMENT_3D('',#15359,#12056,#12057);
#9719=AXIS2_PLACEMENT_3D('',#15379,#12067,#12068);
#9720=AXIS2_PLACEMENT_3D('',#15386,#12072,#12073);
#9721=AXIS2_PLACEMENT_3D('',#15387,#12074,#12075);
#9722=AXIS2_PLACEMENT_3D('',#15397,#12080,#12081);
#9723=AXIS2_PLACEMENT_3D('',#15417,#12091,#12092);
#9724=AXIS2_PLACEMENT_3D('',#15426,#12097,#12098);
#9725=AXIS2_PLACEMENT_3D('',#15428,#12100,#12101);
#9726=AXIS2_PLACEMENT_3D('',#15430,#12103,#12104);
#9727=AXIS2_PLACEMENT_3D('',#15433,#12107,#12108);
#9728=AXIS2_PLACEMENT_3D('',#15436,#12111,#12112);
#9729=AXIS2_PLACEMENT_3D('',#15438,#12114,#12115);
#9730=AXIS2_PLACEMENT_3D('',#15440,#12117,#12118);
#9731=AXIS2_PLACEMENT_3D('',#15442,#12120,#12121);
#9732=AXIS2_PLACEMENT_3D('',#15451,#12126,#12127);
#9733=AXIS2_PLACEMENT_3D('',#15454,#12130,#12131);
#9734=AXIS2_PLACEMENT_3D('',#15456,#12133,#12134);
#9735=AXIS2_PLACEMENT_3D('',#15458,#12136,#12137);
#9736=AXIS2_PLACEMENT_3D('',#15460,#12139,#12140);
#9737=AXIS2_PLACEMENT_3D('',#15463,#12143,#12144);
#9738=AXIS2_PLACEMENT_3D('',#15464,#12145,#12146);
#9739=AXIS2_PLACEMENT_3D('',#15466,#12148,#12149);
#9740=AXIS2_PLACEMENT_3D('',#15467,#12150,#12151);
#9741=AXIS2_PLACEMENT_3D('',#15469,#12153,#12154);
#9742=AXIS2_PLACEMENT_3D('',#15470,#12155,#12156);
#9743=AXIS2_PLACEMENT_3D('',#15473,#12159,#12160);
#9744=AXIS2_PLACEMENT_3D('',#15476,#12163,#12164);
#9745=AXIS2_PLACEMENT_3D('',#15477,#12165,#12166);
#9746=AXIS2_PLACEMENT_3D('',#15478,#12167,#12168);
#9747=AXIS2_PLACEMENT_3D('',#15479,#12169,#12170);
#9748=AXIS2_PLACEMENT_3D('',#15480,#12171,#12172);
#9749=DIRECTION('',(0.,0.,1.));
#9750=DIRECTION('',(1.,0.,0.));
#9751=DIRECTION('',(0.,1.,0.));
#9752=DIRECTION('',(-1.,0.,0.));
#9753=DIRECTION('',(0.,1.,0.));
#9754=DIRECTION('',(-1.,0.,0.));
#9755=DIRECTION('',(0.,0.,-1.));
#9756=DIRECTION('',(-1.,0.,0.));
#9757=DIRECTION('',(0.,-1.,0.));
#9758=DIRECTION('',(-0.999999999999999,0.,0.));
#9759=DIRECTION('',(0.,0.,-1.));
#9760=DIRECTION('',(0.,0.,-1.));
#9761=DIRECTION('',(1.,0.,0.));
#9762=DIRECTION('',(-0.124034734589209,0.,-0.992277876713668));
#9763=DIRECTION('',(0.,0.,-1.));
#9764=DIRECTION('',(0.,1.,0.));
#9765=DIRECTION('',(1.,0.,0.));
#9766=DIRECTION('',(-1.,0.,0.));
#9767=DIRECTION('',(0.,0.,-1.));
#9768=DIRECTION('',(0.624695047554424,0.,-0.78086880944303));
#9769=DIRECTION('',(0.,0.,-1.));
#9770=DIRECTION('',(1.,0.,0.));
#9771=DIRECTION('',(0.,0.,-1.));
#9772=DIRECTION('',(-0.624695047554424,0.,-0.78086880944303));
#9773=DIRECTION('',(0.,0.,-1.));
#9774=DIRECTION('',(1.,0.,0.));
#9775=DIRECTION('',(0.,1.,0.));
#9776=DIRECTION('',(0.999999999999994,0.,0.));
#9777=DIRECTION('',(0.,0.,-1.));
#9778=DIRECTION('',(0.124034734589209,0.,-0.992277876713668));
#9779=DIRECTION('',(-1.,0.,0.));
#9780=DIRECTION('',(0.,1.,0.));
#9781=DIRECTION('',(-1.,0.,0.));
#9782=DIRECTION('',(0.,-1.,0.));
#9783=DIRECTION('',(-0.999999999999999,0.,0.));
#9784=DIRECTION('',(0.,0.,-1.));
#9785=DIRECTION('',(-1.,0.,0.));
#9786=DIRECTION('',(0.124034734589209,0.,-0.992277876713668));
#9787=DIRECTION('',(0.,0.,-1.));
#9788=DIRECTION('',(0.,-1.,0.));
#9789=DIRECTION('',(0.999999999999994,0.,0.));
#9790=DIRECTION('',(1.,0.,0.));
#9791=DIRECTION('',(0.,0.,-1.));
#9792=DIRECTION('',(-0.624695047554424,0.,-0.78086880944303));
#9793=DIRECTION('',(0.,0.,-1.));
#9794=DIRECTION('',(-1.,0.,0.));
#9795=DIRECTION('',(0.,0.,-1.));
#9796=DIRECTION('',(0.624695047554424,0.,-0.78086880944303));
#9797=DIRECTION('',(0.,0.,-1.));
#9798=DIRECTION('',(-1.,0.,0.));
#9799=DIRECTION('',(0.,-1.,0.));
#9800=DIRECTION('',(1.,0.,0.));
#9801=DIRECTION('',(0.,0.,-1.));
#9802=DIRECTION('',(-0.124034734589209,0.,-0.992277876713668));
#9803=DIRECTION('',(1.,0.,0.));
#9804=DIRECTION('',(0.,0.,-1.));
#9805=DIRECTION('',(0.,1.,0.));
#9806=DIRECTION('',(-1.,0.,0.));
#9807=DIRECTION('',(0.,-1.,0.));
#9808=DIRECTION('',(1.,0.,0.));
#9809=DIRECTION('',(0.,1.,0.));
#9810=DIRECTION('',(0.,-1.,0.));
#9811=DIRECTION('',(1.,0.,0.));
#9812=DIRECTION('',(0.,1.,0.));
#9813=DIRECTION('',(0.,-1.,0.));
#9814=DIRECTION('',(0.,-1.,0.));
#9815=DIRECTION('',(1.,0.,0.));
#9816=DIRECTION('',(0.,1.,0.));
#9817=DIRECTION('',(0.,1.,0.));
#9818=DIRECTION('',(0.,1.,0.));
#9819=DIRECTION('',(0.,0.,1.));
#9820=DIRECTION('',(0.,-1.,0.));
#9821=DIRECTION('',(0.,1.,0.));
#9822=DIRECTION('',(1.,0.,0.));
#9823=DIRECTION('',(0.,1.,0.));
#9824=DIRECTION('',(0.,1.,0.));
#9825=DIRECTION('',(0.78086880944303,0.,-0.624695047554424));
#9826=DIRECTION('',(-0.624695047554424,0.,-0.78086880944303));
#9827=DIRECTION('',(0.,-1.,0.));
#9828=DIRECTION('',(1.,0.,0.));
#9829=DIRECTION('',(0.,1.,0.));
#9830=DIRECTION('',(0.,-1.,0.));
#9831=DIRECTION('',(1.,0.,0.));
#9832=DIRECTION('',(0.,1.,0.));
#9833=DIRECTION('',(-1.,0.,0.));
#9834=DIRECTION('',(0.,0.,-1.));
#9835=DIRECTION('',(0.,1.,0.));
#9836=DIRECTION('',(0.,1.,0.));
#9837=DIRECTION('',(0.,1.,0.));
#9838=DIRECTION('',(1.,0.,0.));
#9839=DIRECTION('',(0.,1.,0.));
#9840=DIRECTION('',(0.,1.,0.));
#9841=DIRECTION('',(0.78086880944303,0.,0.624695047554424));
#9842=DIRECTION('',(0.624695047554424,0.,-0.78086880944303));
#9843=DIRECTION('',(0.,1.,0.));
#9844=DIRECTION('',(1.,0.,0.));
#9845=DIRECTION('',(0.,1.,0.));
#9846=DIRECTION('',(0.,-1.,0.));
#9847=DIRECTION('',(0.,0.,-1.));
#9848=DIRECTION('',(0.,1.,0.));
#9849=DIRECTION('',(0.,1.,0.));
#9850=DIRECTION('',(0.,-1.,0.));
#9851=DIRECTION('',(1.,0.,0.));
#9852=DIRECTION('',(0.,1.,0.));
#9853=DIRECTION('',(0.,-1.,0.));
#9854=DIRECTION('',(0.999999999999999,0.,0.));
#9855=DIRECTION('',(0.,-1.,0.));
#9856=DIRECTION('',(0.,0.,-1.));
#9857=DIRECTION('',(0.,1.,0.));
#9858=DIRECTION('',(-0.992277876713668,0.,0.124034734589209));
#9859=DIRECTION('',(0.124034734589209,0.,0.992277876713668));
#9860=DIRECTION('',(0.,-1.,0.));
#9861=DIRECTION('',(0.,0.,-1.));
#9862=DIRECTION('',(0.,1.,0.));
#9863=DIRECTION('',(0.992277876713668,0.,0.124034734589209));
#9864=DIRECTION('',(-0.124034734589209,0.,0.992277876713668));
#9865=DIRECTION('',(0.696310623822792,0.174077655955698,0.696310623822791));
#9866=DIRECTION('',(-0.696310623822792,0.174077655955698,-0.696310623822791));
#9867=DIRECTION('',(0.707106781186547,0.,-0.707106781186548));
#9868=DIRECTION('',(-0.707106781186548,0.,-0.707106781186547));
#9869=DIRECTION('',(0.696310623822792,-0.174077655955698,-0.696310623822791));
#9870=DIRECTION('',(-0.696310623822792,-0.174077655955698,0.696310623822791));
#9871=DIRECTION('',(0.707106781186547,0.,0.707106781186548));
#9872=DIRECTION('',(0.707106781186548,0.,-0.707106781186547));
#9873=DIRECTION('',(0.,0.970142500145332,0.242535625036333));
#9874=DIRECTION('',(0.,-0.242535625036333,0.970142500145332));
#9875=DIRECTION('',(0.,0.970142500145332,-0.242535625036333));
#9876=DIRECTION('',(0.,0.242535625036333,0.970142500145332));
#9877=DIRECTION('',(0.,1.,0.));
#9878=DIRECTION('',(-1.,0.,0.));
#9879=DIRECTION('',(0.,1.,0.));
#9880=DIRECTION('',(-0.999999999999994,0.,0.));
#9881=DIRECTION('',(0.,1.,0.));
#9882=DIRECTION('',(1.,0.,0.));
#9883=DIRECTION('',(0.,1.,0.));
#9884=DIRECTION('',(-1.,0.,0.));
#9885=DIRECTION('',(0.,0.,-1.));
#9886=DIRECTION('',(-1.,0.,0.));
#9887=DIRECTION('',(1.,0.,0.));
#9888=DIRECTION('',(0.,-1.,0.));
#9889=DIRECTION('',(0.,-0.0995037190209995,-0.995037190209989));
#9890=DIRECTION('',(0.,0.0995037190209992,-0.995037190209989));
#9891=DIRECTION('',(0.,-1.88556899562696E-016,1.));
#9892=DIRECTION('',(1.,0.,0.));
#9893=DIRECTION('',(0.,-1.,0.));
#9894=DIRECTION('',(0.,-1.,0.));
#9895=DIRECTION('',(0.,-1.52168725962878E-016,1.));
#9896=DIRECTION('',(0.,-0.707106781186547,0.707106781186547));
#9897=DIRECTION('',(0.,-1.,0.));
#9898=DIRECTION('',(0.,-0.707106781186547,-0.707106781186547));
#9899=DIRECTION('',(0.,1.52168725962878E-016,1.));
#9900=DIRECTION('',(0.,1.,0.));
#9901=DIRECTION('',(1.,0.,0.));
#9902=DIRECTION('',(0.,-1.,0.));
#9903=DIRECTION('',(0.,1.88556899562696E-016,1.));
#9904=DIRECTION('',(1.,0.,0.));
#9905=DIRECTION('',(0.,-1.,0.));
#9906=DIRECTION('',(1.,0.,0.));
#9907=DIRECTION('',(0.,-1.,0.));
#9908=DIRECTION('',(0.,-0.0995037190209995,-0.995037190209989));
#9909=DIRECTION('',(0.,1.88556899562696E-016,1.));
#9910=DIRECTION('',(-1.,0.,0.));
#9911=DIRECTION('',(0.,-1.,0.));
#9912=DIRECTION('',(0.,1.,0.));
#9913=DIRECTION('',(0.,1.52168725962878E-016,1.));
#9914=DIRECTION('',(0.,0.707106781186547,0.707106781186547));
#9915=DIRECTION('',(0.,1.,0.));
#9916=DIRECTION('',(0.,0.707106781186547,-0.707106781186547));
#9917=DIRECTION('',(0.,-1.52168725962878E-016,1.));
#9918=DIRECTION('',(0.,-1.,0.));
#9919=DIRECTION('',(-1.,0.,0.));
#9920=DIRECTION('',(0.,-1.,0.));
#9921=DIRECTION('',(0.,-1.88556899562696E-016,1.));
#9922=DIRECTION('',(0.,0.0995037190209992,-0.995037190209989));
#9923=DIRECTION('',(1.,0.,0.));
#9924=DIRECTION('',(0.,-1.,0.));
#9925=DIRECTION('',(1.,0.,0.));
#9926=DIRECTION('',(0.,-0.995037190209989,-0.0995037190209992));
#9927=DIRECTION('',(0.,0.0995037190209992,-0.995037190209989));
#9928=DIRECTION('',(1.,0.,0.));
#9929=DIRECTION('',(0.,0.995037190209989,-0.0995037190209995));
#9930=DIRECTION('',(0.,-0.0995037190209995,-0.995037190209989));
#9931=DIRECTION('',(-1.,0.,0.));
#9932=DIRECTION('',(0.,-1.,1.88556899562696E-016));
#9933=DIRECTION('',(0.,-1.88651178012478E-016,-1.));
#9934=DIRECTION('',(1.,0.,0.));
#9935=DIRECTION('',(0.,-1.,-1.88556899562696E-016));
#9936=DIRECTION('',(0.,1.89084858881472E-016,-1.));
#9937=DIRECTION('',(1.,0.,0.));
#9938=DIRECTION('',(-1.,0.,0.));
#9939=DIRECTION('',(0.,0.,1.));
#9940=DIRECTION('',(-1.,0.,0.));
#9941=DIRECTION('',(-1.,0.,0.));
#9942=DIRECTION('',(0.,-1.,1.52168725962878E-016));
#9943=DIRECTION('',(0.,-1.52221985016965E-016,-1.));
#9944=DIRECTION('',(1.,0.,0.));
#9945=DIRECTION('',(0.,1.,0.));
#9946=DIRECTION('',(-1.,0.,0.));
#9947=DIRECTION('',(0.,-1.,0.));
#9948=DIRECTION('',(0.,0.,-1.));
#9949=DIRECTION('',(1.,0.,0.));
#9950=DIRECTION('',(1.,0.,0.));
#9951=DIRECTION('',(-1.,0.,0.));
#9952=DIRECTION('',(0.,-1.,-1.52168725962878E-016));
#9953=DIRECTION('',(0.,1.52655665885959E-016,-1.));
#9954=DIRECTION('',(-1.,0.,0.));
#9955=DIRECTION('',(0.,0.,-1.));
#9956=DIRECTION('',(1.,0.,0.));
#9957=DIRECTION('',(1.,0.,0.));
#9958=DIRECTION('',(0.,-1.,0.));
#9959=DIRECTION('',(-1.,0.,0.));
#9960=DIRECTION('',(0.,1.,0.));
#9961=DIRECTION('',(-1.,0.,0.));
#9962=DIRECTION('',(0.,1.,0.));
#9963=DIRECTION('',(0.140028008402801,0.700140042014005,-0.700140042014005));
#9964=DIRECTION('',(0.140028008402801,-0.700140042014005,0.700140042014005));
#9965=DIRECTION('',(0.,-0.707106781186547,-0.707106781186547));
#9966=DIRECTION('',(0.,0.707106781186547,-0.707106781186547));
#9967=DIRECTION('',(-0.140028008402801,0.700140042014005,0.700140042014005));
#9968=DIRECTION('',(-0.140028008402801,-0.700140042014005,-0.700140042014005));
#9969=DIRECTION('',(0.,-0.707106781186547,0.707106781186547));
#9970=DIRECTION('',(0.,-0.707106781186547,-0.707106781186547));
#9971=DIRECTION('',(0.98058067569092,0.,-0.196116135138184));
#9972=DIRECTION('',(0.196116135138184,0.,0.98058067569092));
#9973=DIRECTION('',(0.98058067569092,0.,0.196116135138184));
#9974=DIRECTION('',(-0.196116135138184,0.,0.98058067569092));
#9975=DIRECTION('',(0.,0.,-1.));
#9976=DIRECTION('',(0.,-1.,0.));
#9977=DIRECTION('',(0.,0.,-1.));
#9978=DIRECTION('',(0.,1.,0.));
#9979=DIRECTION('',(-1.,0.,0.));
#9980=DIRECTION('',(0.,0.,-1.));
#9981=DIRECTION('',(0.,0.,-1.));
#9982=DIRECTION('',(0.,1.,0.));
#9983=DIRECTION('',(0.,0.,-1.));
#9984=DIRECTION('',(0.,-1.,0.));
#9985=DIRECTION('',(1.,0.,0.));
#9986=DIRECTION('',(0.,0.,1.));
#9987=DIRECTION('',(0.,0.,-1.));
#9988=DIRECTION('',(1.,-3.61400724161835E-016,0.));
#9989=DIRECTION('',(0.,0.,-1.));
#9990=DIRECTION('',(-1.,3.61400724161835E-016,0.));
#9991=DIRECTION('',(-3.61400724161835E-016,-1.,0.));
#9992=DIRECTION('',(-1.,3.60822483003176E-016,0.));
#9993=DIRECTION('',(0.,0.,-1.));
#9994=DIRECTION('',(0.,1.,0.));
#9995=DIRECTION('',(0.,-1.,0.));
#9996=DIRECTION('',(1.,0.,0.));
#9997=DIRECTION('',(0.,0.,1.));
#9998=DIRECTION('',(0.,0.,-1.));
#9999=DIRECTION('',(-1.,0.,0.));
#10000=DIRECTION('',(1.,0.,0.));
#10001=DIRECTION('',(0.,1.,0.));
#10002=DIRECTION('',(0.,0.,-1.));
#10003=DIRECTION('',(0.,-1.,0.));
#10004=DIRECTION('',(0.,1.,0.));
#10005=DIRECTION('',(-1.,0.,0.));
#10006=DIRECTION('',(0.,0.,-1.));
#10007=DIRECTION('',(0.,0.,-1.));
#10008=DIRECTION('',(0.,-1.,0.));
#10009=DIRECTION('',(0.,0.,-1.));
#10010=DIRECTION('',(0.,1.,0.));
#10011=DIRECTION('',(-1.,0.,0.));
#10012=DIRECTION('',(0.,0.,-1.));
#10013=DIRECTION('',(0.,0.,-1.));
#10014=DIRECTION('',(1.,-9.03501810404587E-017,0.));
#10015=DIRECTION('',(-1.,9.03501810404587E-017,0.));
#10016=DIRECTION('',(-9.03501810404587E-017,-1.,0.));
#10017=DIRECTION('',(-1.,9.0205620750794E-017,0.));
#10018=DIRECTION('',(0.,0.,-1.));
#10019=DIRECTION('',(0.,1.,0.));
#10020=DIRECTION('',(0.,-1.,0.));
#10021=DIRECTION('',(1.,0.,0.));
#10022=DIRECTION('',(0.,0.,1.));
#10023=DIRECTION('',(-1.,0.,0.));
#10024=DIRECTION('',(1.,0.,0.));
#10025=DIRECTION('',(0.,1.,0.));
#10026=DIRECTION('',(0.,0.,-1.));
#10027=DIRECTION('',(1.,-1.80700362080917E-016,0.));
#10028=DIRECTION('',(-1.,1.80700362080917E-016,0.));
#10029=DIRECTION('',(-1.80700362080917E-016,-1.,0.));
#10030=DIRECTION('',(-1.,1.80411241501588E-016,0.));
#10031=DIRECTION('',(-1.,0.,0.));
#10032=DIRECTION('',(1.,0.,0.));
#10033=DIRECTION('',(0.,1.,0.));
#10034=DIRECTION('',(0.,0.,-1.));
#10035=DIRECTION('',(0.,0.,-1.));
#10036=DIRECTION('',(0.,-1.,0.));
#10037=DIRECTION('',(0.,0.,-1.));
#10038=DIRECTION('',(0.,1.,0.));
#10039=DIRECTION('',(-1.,0.,0.));
#10040=DIRECTION('',(0.,0.,-1.));
#10041=DIRECTION('',(0.,0.,-1.));
#10042=DIRECTION('',(1.,0.,0.));
#10043=DIRECTION('',(-1.,0.,0.));
#10044=DIRECTION('',(0.,-1.,0.));
#10045=DIRECTION('',(0.,0.,1.));
#10046=DIRECTION('',(0.,0.,-1.));
#10047=DIRECTION('',(0.,1.,0.));
#10048=DIRECTION('',(0.,-1.,0.));
#10049=DIRECTION('',(1.,0.,0.));
#10050=DIRECTION('',(0.,0.,1.));
#10051=DIRECTION('',(-1.,0.,0.));
#10052=DIRECTION('',(1.,0.,0.));
#10053=DIRECTION('',(0.,1.,0.));
#10054=DIRECTION('',(0.,0.,-1.));
#10055=DIRECTION('',(0.,0.,-1.));
#10056=DIRECTION('',(0.,1.,0.));
#10057=DIRECTION('',(0.,0.,-1.));
#10058=DIRECTION('',(0.,-1.,0.));
#10059=DIRECTION('',(1.,0.,0.));
#10060=DIRECTION('',(0.,0.,1.));
#10061=DIRECTION('',(0.,0.,-1.));
#10062=DIRECTION('',(-1.,0.,0.));
#10063=DIRECTION('',(1.,0.,0.));
#10064=DIRECTION('',(0.,1.,0.));
#10065=DIRECTION('',(0.,0.,-1.));
#10066=DIRECTION('',(0.,0.,-1.));
#10067=DIRECTION('',(0.,-1.,0.));
#10068=DIRECTION('',(0.,1.,0.));
#10069=DIRECTION('',(-1.,0.,0.));
#10070=DIRECTION('',(0.,0.,-1.));
#10071=DIRECTION('',(1.,0.,0.));
#10072=DIRECTION('',(-1.,0.,0.));
#10073=DIRECTION('',(0.,-1.,0.));
#10074=DIRECTION('',(0.,0.,1.));
#10075=DIRECTION('',(0.,8.49561336625171E-016,1.));
#10076=DIRECTION('',(1.,0.,0.));
#10077=DIRECTION('',(0.,8.49561336625171E-016,1.));
#10078=DIRECTION('',(-1.,0.,0.));
#10079=DIRECTION('',(0.,-1.,8.49561336625171E-016));
#10080=DIRECTION('',(0.,8.49580822359641E-016,1.));
#10081=DIRECTION('',(0.,-1.,0.));
#10082=DIRECTION('',(1.,0.,0.));
#10083=DIRECTION('',(0.,0.,1.));
#10084=DIRECTION('',(0.,-1.,0.));
#10085=DIRECTION('',(-1.,0.,0.));
#10086=DIRECTION('',(0.,0.,-1.));
#10087=DIRECTION('',(0.,-1.,0.));
#10088=DIRECTION('',(0.,-1.,0.));
#10089=DIRECTION('',(1.,0.,0.));
#10090=DIRECTION('',(0.,0.,1.));
#10091=DIRECTION('',(-1.,0.,0.));
#10092=DIRECTION('',(0.,0.,-1.));
#10093=DIRECTION('',(-1.,0.,0.));
#10094=DIRECTION('',(0.,8.49561336625171E-016,1.));
#10095=DIRECTION('',(1.,0.,0.));
#10096=DIRECTION('',(0.,8.49561336625171E-016,1.));
#10097=DIRECTION('',(0.,1.,-8.49561336625171E-016));
#10098=DIRECTION('',(0.,-8.49580822359641E-016,-1.));
#10099=DIRECTION('',(-1.,0.,0.));
#10100=DIRECTION('',(0.,0.,-1.));
#10101=DIRECTION('',(0.,1.,0.));
#10102=DIRECTION('',(0.,-1.,0.));
#10103=DIRECTION('',(1.,0.,0.));
#10104=DIRECTION('',(0.,0.,1.));
#10105=DIRECTION('',(0.,1.,0.));
#10106=DIRECTION('',(-1.,0.,0.));
#10107=DIRECTION('',(0.,0.,-1.));
#10108=DIRECTION('',(0.,-1.,0.));
#10109=DIRECTION('',(1.,0.,0.));
#10110=DIRECTION('',(0.,0.,1.));
#10111=DIRECTION('',(0.,-8.49561336625171E-016,1.));
#10112=DIRECTION('',(-1.,0.,0.));
#10113=DIRECTION('',(0.,-8.49561336625171E-016,1.));
#10114=DIRECTION('',(-1.,0.,0.));
#10115=DIRECTION('',(0.,1.,8.49561336625171E-016));
#10116=DIRECTION('',(0.,-8.50014503228635E-016,1.));
#10117=DIRECTION('',(1.,0.,0.));
#10118=DIRECTION('',(0.,0.,1.));
#10119=DIRECTION('',(0.,-1.,0.));
#10120=DIRECTION('',(0.,1.,0.));
#10121=DIRECTION('',(-1.,0.,0.));
#10122=DIRECTION('',(0.,0.,-1.));
#10123=DIRECTION('',(0.,-1.,0.));
#10124=DIRECTION('',(1.,0.,0.));
#10125=DIRECTION('',(0.,0.,1.));
#10126=DIRECTION('',(0.,1.,0.));
#10127=DIRECTION('',(-1.,0.,0.));
#10128=DIRECTION('',(0.,0.,-1.));
#10129=DIRECTION('',(1.,0.,0.));
#10130=DIRECTION('',(0.,-8.49561336625171E-016,1.));
#10131=DIRECTION('',(1.,0.,0.));
#10132=DIRECTION('',(0.,-8.49561336625171E-016,1.));
#10133=DIRECTION('',(0.,-1.,-8.49561336625171E-016));
#10134=DIRECTION('',(0.,8.50014503228635E-016,-1.));
#10135=DIRECTION('',(0.,1.,0.));
#10136=DIRECTION('',(-1.,0.,0.));
#10137=DIRECTION('',(0.,0.,-1.));
#10138=DIRECTION('',(0.,1.,0.));
#10139=DIRECTION('',(1.,0.,0.));
#10140=DIRECTION('',(0.,0.,1.));
#10141=DIRECTION('',(0.,1.,0.));
#10142=DIRECTION('',(0.,1.,0.));
#10143=DIRECTION('',(-1.,0.,0.));
#10144=DIRECTION('',(0.,0.,-1.));
#10145=DIRECTION('',(1.,0.,0.));
#10146=DIRECTION('',(0.,0.,1.));
#10147=DIRECTION('',(-9.6373526443156E-016,-1.,0.));
#10148=DIRECTION('',(0.,0.,1.));
#10149=DIRECTION('',(-1.,0.,0.));
#10150=DIRECTION('',(1.,2.16840434497101E-016,0.));
#10151=DIRECTION('',(0.,0.,1.));
#10152=DIRECTION('',(-1.,0.,0.));
#10153=DIRECTION('',(9.6373526443156E-016,1.,0.));
#10154=DIRECTION('',(0.,0.,1.));
#10155=DIRECTION('',(-1.,0.,0.));
#10156=DIRECTION('',(-1.,0.,0.));
#10157=DIRECTION('',(0.,0.,1.));
#10158=DIRECTION('',(-1.,0.,0.));
#10159=DIRECTION('',(0.,-1.,0.));
#10160=DIRECTION('',(0.,1.,0.));
#10161=DIRECTION('',(-1.,0.,0.));
#10162=DIRECTION('',(0.987112565098516,-0.160027447097768,0.));
#10163=DIRECTION('',(0.,-1.,0.));
#10164=DIRECTION('',(-1.,0.,0.));
#10165=DIRECTION('',(0.,1.,0.));
#10166=DIRECTION('',(-0.987621632566081,0.156855063314858,0.));
#10167=DIRECTION('',(0.,-1.,0.));
#10168=DIRECTION('',(0.,0.,-1.));
#10169=DIRECTION('',(1.,0.,0.));
#10170=DIRECTION('',(0.,-1.,0.));
#10171=DIRECTION('',(-0.854339146847321,0.519715905244579,0.));
#10172=DIRECTION('',(0.,1.,0.));
#10173=DIRECTION('',(1.,0.,0.));
#10174=DIRECTION('',(0.,-1.,0.));
#10175=DIRECTION('',(1.,0.,0.));
#10176=DIRECTION('',(0.,-1.,0.));
#10177=DIRECTION('',(-1.,0.,0.));
#10178=DIRECTION('',(0.,-1.,0.));
#10179=DIRECTION('',(0.,0.,1.));
#10180=DIRECTION('',(-1.,0.,0.));
#10181=DIRECTION('',(1.,-2.89120579329468E-015,0.));
#10182=DIRECTION('',(0.,0.,1.));
#10183=DIRECTION('',(-1.,0.,0.));
#10184=DIRECTION('',(0.,1.,0.));
#10185=DIRECTION('',(0.,0.,1.));
#10186=DIRECTION('',(-1.,0.,0.));
#10187=DIRECTION('',(-1.,4.81867632215779E-016,0.));
#10188=DIRECTION('',(0.,0.,1.));
#10189=DIRECTION('',(-1.,0.,0.));
#10190=DIRECTION('',(0.,0.,-1.));
#10191=DIRECTION('',(1.,0.,0.));
#10192=DIRECTION('',(0.,-1.,0.));
#10193=DIRECTION('',(0.,0.,1.));
#10194=DIRECTION('',(1.00000000000001,0.,0.));
#10195=DIRECTION('',(1.,0.,0.));
#10196=DIRECTION('',(0.,0.,1.));
#10197=DIRECTION('',(1.00000000000001,0.,0.));
#10198=DIRECTION('',(0.,1.,0.));
#10199=DIRECTION('',(0.,0.,1.));
#10200=DIRECTION('',(1.00000000000001,0.,0.));
#10201=DIRECTION('',(-1.,0.,0.));
#10202=DIRECTION('',(0.,0.,1.));
#10203=DIRECTION('',(1.00000000000001,0.,0.));
#10204=DIRECTION('',(0.,-1.,0.));
#10205=DIRECTION('',(0.,1.,0.));
#10206=DIRECTION('',(1.,0.,0.));
#10207=DIRECTION('',(0.,-1.,0.));
#10208=DIRECTION('',(0.,0.,1.));
#10209=DIRECTION('',(-1.,0.,0.));
#10210=DIRECTION('',(0.,-1.,0.));
#10211=DIRECTION('',(0.,0.,1.));
#10212=DIRECTION('',(1.00000000000001,0.,0.));
#10213=DIRECTION('',(1.,0.,0.));
#10214=DIRECTION('',(0.,0.,1.));
#10215=DIRECTION('',(1.00000000000001,0.,0.));
#10216=DIRECTION('',(0.,1.,0.));
#10217=DIRECTION('',(0.,0.,1.));
#10218=DIRECTION('',(1.00000000000001,0.,0.));
#10219=DIRECTION('',(-1.,0.,0.));
#10220=DIRECTION('',(0.,0.,1.));
#10221=DIRECTION('',(1.00000000000001,0.,0.));
#10222=DIRECTION('',(0.,-1.,0.));
#10223=DIRECTION('',(-0.723456371936931,0.690370102121937,0.));
#10224=DIRECTION('',(0.,1.,0.));
#10225=DIRECTION('',(1.,0.,0.));
#10226=DIRECTION('',(0.,-1.,0.));
#10227=DIRECTION('',(-1.,0.,0.));
#10228=DIRECTION('',(0.,0.,1.));
#10229=DIRECTION('',(-1.,0.,0.));
#10230=DIRECTION('',(0.,-1.,0.));
#10231=DIRECTION('',(0.,0.,-1.));
#10232=DIRECTION('',(1.,0.,0.));
#10233=DIRECTION('',(-1.,2.71050543121376E-016,0.));
#10234=DIRECTION('',(0.,0.,-1.));
#10235=DIRECTION('',(1.,0.,0.));
#10236=DIRECTION('',(0.,1.,0.));
#10237=DIRECTION('',(0.,0.,-1.));
#10238=DIRECTION('',(1.,0.,0.));
#10239=DIRECTION('',(1.,0.,0.));
#10240=DIRECTION('',(0.,0.,1.));
#10241=DIRECTION('',(1.,0.,0.));
#10242=DIRECTION('',(0.,1.,0.));
#10243=DIRECTION('',(0.,0.,-1.));
#10244=DIRECTION('',(1.,0.,0.));
#10245=DIRECTION('',(0.,-1.,0.));
#10246=DIRECTION('',(0.,0.,-1.));
#10247=DIRECTION('',(1.,0.,0.));
#10248=DIRECTION('',(0.,1.,0.));
#10249=DIRECTION('',(0.,0.,-1.));
#10250=DIRECTION('',(1.,0.,0.));
#10251=DIRECTION('',(0.,-1.,0.));
#10252=DIRECTION('',(0.,0.,-1.));
#10253=DIRECTION('',(1.,0.,0.));
#10254=DIRECTION('',(0.,-1.,0.));
#10255=DIRECTION('',(0.,0.,1.));
#10256=DIRECTION('',(1.,0.,0.));
#10257=DIRECTION('',(1.,0.,0.));
#10258=DIRECTION('',(0.,0.,-1.));
#10259=DIRECTION('',(1.,0.,0.));
#10260=DIRECTION('',(0.,-1.,0.));
#10261=DIRECTION('',(0.,0.,-1.));
#10262=DIRECTION('',(1.,0.,0.));
#10263=DIRECTION('',(-1.,-2.71050543121376E-016,0.));
#10264=DIRECTION('',(0.,0.,-1.));
#10265=DIRECTION('',(1.,0.,0.));
#10266=DIRECTION('',(0.,1.,0.));
#10267=DIRECTION('',(0.,0.,1.));
#10268=DIRECTION('',(1.,0.,0.));
#10269=DIRECTION('',(-1.,0.,0.));
#10270=DIRECTION('',(0.,0.,-1.));
#10271=DIRECTION('',(1.,0.,0.));
#10272=DIRECTION('',(0.,1.,0.));
#10273=DIRECTION('',(0.,0.,-1.));
#10274=DIRECTION('',(1.,0.,0.));
#10275=DIRECTION('',(1.,0.,0.));
#10276=DIRECTION('',(0.,0.,-1.));
#10277=DIRECTION('',(1.,0.,0.));
#10278=DIRECTION('',(0.,-1.,0.));
#10279=DIRECTION('',(0.,0.,-1.));
#10280=DIRECTION('',(1.,0.,0.));
#10281=DIRECTION('',(1.,0.,0.));
#10282=DIRECTION('',(0.,0.,-1.));
#10283=DIRECTION('',(1.,0.,0.));
#10284=DIRECTION('',(0.,-1.,0.));
#10285=DIRECTION('',(0.,0.,-1.));
#10286=DIRECTION('',(1.,0.,0.));
#10287=DIRECTION('',(-1.,0.,0.));
#10288=DIRECTION('',(0.,0.,1.));
#10289=DIRECTION('',(1.,0.,0.));
#10290=DIRECTION('',(-1.,0.,0.));
#10291=DIRECTION('',(0.,-1.,0.));
#10292=DIRECTION('',(1.,0.,0.));
#10293=DIRECTION('',(1.,0.,0.));
#10294=DIRECTION('',(1.,0.,0.));
#10295=DIRECTION('',(0.,1.,0.));
#10296=DIRECTION('',(-1.,0.,0.));
#10297=DIRECTION('',(-1.,0.,0.));
#10298=DIRECTION('',(0.,0.,1.));
#10299=DIRECTION('',(-1.,0.,0.));
#10300=DIRECTION('',(1.,0.,0.));
#10301=DIRECTION('',(1.,0.,0.));
#10302=DIRECTION('',(0.,0.,1.));
#10303=DIRECTION('',(1.,0.,0.));
#10304=DIRECTION('',(1.,0.,0.));
#10305=DIRECTION('',(0.,0.,1.));
#10306=DIRECTION('',(-1.,0.,0.));
#10307=DIRECTION('',(-1.,0.,0.));
#10308=DIRECTION('',(0.,0.,-1.));
#10309=DIRECTION('',(-1.,0.,0.));
#10310=DIRECTION('',(-1.,0.,0.));
#10311=DIRECTION('',(0.,0.,-1.));
#10312=DIRECTION('',(-1.,2.71050543121376E-016,0.));
#10313=DIRECTION('',(0.,-1.,0.));
#10314=DIRECTION('',(1.,0.,0.));
#10315=DIRECTION('',(0.,0.,1.));
#10316=DIRECTION('',(0.999999999999994,0.,0.));
#10317=DIRECTION('',(0.,1.,0.));
#10318=DIRECTION('',(0.,0.,1.));
#10319=DIRECTION('',(0.999999999999994,0.,0.));
#10320=DIRECTION('',(0.,0.,1.));
#10321=DIRECTION('',(-1.,0.,0.));
#10322=DIRECTION('',(1.,0.,0.));
#10323=DIRECTION('',(0.,1.,0.));
#10324=DIRECTION('',(-1.,2.71050543121376E-016,0.));
#10325=DIRECTION('',(0.,0.,-1.));
#10326=DIRECTION('',(1.,0.,0.));
#10327=DIRECTION('',(1.,-4.81867632215779E-016,0.));
#10328=DIRECTION('',(0.,-1.,0.));
#10329=DIRECTION('',(0.,0.,1.));
#10330=DIRECTION('',(1.,0.,0.));
#10331=DIRECTION('',(0.,1.,0.));
#10332=DIRECTION('',(0.,0.,-1.));
#10333=DIRECTION('',(1.,0.,0.));
#10334=DIRECTION('',(0.,0.,1.));
#10335=DIRECTION('',(-1.,0.,0.));
#10336=DIRECTION('',(0.707106781186547,0.,0.707106781186547));
#10337=DIRECTION('',(0.707106781186547,0.,-0.707106781186547));
#10338=DIRECTION('',(1.,0.,0.));
#10339=DIRECTION('',(0.,0.,-1.));
#10340=DIRECTION('',(-1.,0.,0.));
#10341=DIRECTION('',(1.,0.,0.));
#10342=DIRECTION('',(0.,0.,1.));
#10343=DIRECTION('',(-0.707106781186547,1.91661677085422E-016,0.707106781186547));
#10344=DIRECTION('',(-0.707106781186547,1.91661677085422E-016,-0.707106781186547));
#10345=DIRECTION('',(-1.,0.,0.));
#10346=DIRECTION('',(0.,0.,1.));
#10347=DIRECTION('',(1.,-2.71050543121376E-016,0.));
#10348=DIRECTION('',(-1.,2.71050543121376E-016,0.));
#10349=DIRECTION('',(0.,1.,0.));
#10350=DIRECTION('',(1.,2.71050543121376E-016,0.));
#10351=DIRECTION('',(0.,1.,0.));
#10352=DIRECTION('',(-1.,0.,0.));
#10353=DIRECTION('',(0.,0.,-1.));
#10354=DIRECTION('',(1.,0.,0.));
#10355=DIRECTION('',(0.,1.,0.));
#10356=DIRECTION('',(0.,0.,1.));
#10357=DIRECTION('',(1.,0.,0.));
#10358=DIRECTION('',(0.,-1.,0.));
#10359=DIRECTION('',(-1.,2.89120579329468E-015,0.));
#10360=DIRECTION('',(0.,0.,-1.));
#10361=DIRECTION('',(1.,0.,0.));
#10362=DIRECTION('',(0.,0.,1.));
#10363=DIRECTION('',(-1.,0.,0.));
#10364=DIRECTION('',(-1.,0.,0.));
#10365=DIRECTION('',(0.,-1.,0.));
#10366=DIRECTION('',(1.,2.71050543121376E-016,0.));
#10367=DIRECTION('',(0.,0.,1.));
#10368=DIRECTION('',(0.999999999999994,0.,0.));
#10369=DIRECTION('',(0.,1.,0.));
#10370=DIRECTION('',(0.,0.,1.));
#10371=DIRECTION('',(0.999999999999994,0.,0.));
#10372=DIRECTION('',(0.,0.,1.));
#10373=DIRECTION('',(-1.,0.,0.));
#10374=DIRECTION('',(-0.707106781186547,0.,0.707106781186547));
#10375=DIRECTION('',(0.707106781186547,0.,0.707106781186547));
#10376=DIRECTION('',(1.,0.,0.));
#10377=DIRECTION('',(0.,0.,-1.));
#10378=DIRECTION('',(1.,0.,0.));
#10379=DIRECTION('',(1.,0.,0.));
#10380=DIRECTION('',(0.,0.,1.));
#10381=DIRECTION('',(0.707106781186547,1.91661677085422E-016,0.707106781186547));
#10382=DIRECTION('',(-0.707106781186547,-1.91661677085422E-016,0.707106781186547));
#10383=DIRECTION('',(-1.,-2.71050543121376E-016,0.));
#10384=DIRECTION('',(-1.,-2.71050543121376E-016,0.));
#10385=DIRECTION('',(0.,1.,0.));
#10386=DIRECTION('',(1.,0.,0.));
#10387=DIRECTION('',(0.,0.,0.999999999999994));
#10388=DIRECTION('',(0.,0.,-1.));
#10389=DIRECTION('',(0.,0.,1.));
#10390=DIRECTION('',(1.,0.,0.));
#10391=DIRECTION('',(0.,0.,0.999999999999994));
#10392=DIRECTION('',(0.,1.,0.));
#10393=DIRECTION('',(-1.,0.,0.));
#10394=DIRECTION('',(0.,0.,-1.));
#10395=DIRECTION('',(1.,0.,0.));
#10396=DIRECTION('',(0.,0.,0.999999999999994));
#10397=DIRECTION('',(0.,1.,0.));
#10398=DIRECTION('',(1.,0.,0.));
#10399=DIRECTION('',(0.,0.,0.999999999999994));
#10400=DIRECTION('',(0.,0.,-1.));
#10401=DIRECTION('',(0.,0.,1.));
#10402=DIRECTION('',(-1.,0.,0.));
#10403=DIRECTION('',(0.,0.,-1.));
#10404=DIRECTION('',(0.,0.,1.));
#10405=DIRECTION('',(0.,1.,0.));
#10406=DIRECTION('',(0.,0.,-1.));
#10407=DIRECTION('',(1.,0.,0.));
#10408=DIRECTION('',(0.,0.,1.));
#10409=DIRECTION('',(0.,0.,1.));
#10410=DIRECTION('',(0.999999999999998,0.,0.));
#10411=DIRECTION('',(0.,0.,-1.));
#10412=DIRECTION('',(-1.,0.,0.));
#10413=DIRECTION('',(0.,1.,0.));
#10414=DIRECTION('',(0.,0.,-1.));
#10415=DIRECTION('',(-1.,0.,0.));
#10416=DIRECTION('',(1.,0.,0.));
#10417=DIRECTION('',(0.,0.,-1.));
#10418=DIRECTION('',(-1.00000000000001,0.,0.));
#10419=DIRECTION('',(0.,-1.,0.));
#10420=DIRECTION('',(0.,0.,-1.));
#10421=DIRECTION('',(-1.00000000000001,0.,0.));
#10422=DIRECTION('',(-1.,0.,0.));
#10423=DIRECTION('',(1.,0.,0.));
#10424=DIRECTION('',(-1.48266963758701E-016,-1.,0.));
#10425=DIRECTION('',(1.,0.,0.));
#10426=DIRECTION('',(0.,-1.,0.));
#10427=DIRECTION('',(0.,1.,0.));
#10428=DIRECTION('',(-1.,0.,0.));
#10429=DIRECTION('',(0.,-1.,0.));
#10430=DIRECTION('',(-1.,0.,0.));
#10431=DIRECTION('',(1.,0.,0.));
#10432=DIRECTION('',(0.,1.,0.));
#10433=DIRECTION('',(1.,0.,0.));
#10434=DIRECTION('',(0.,1.,0.));
#10435=DIRECTION('',(0.,1.,0.));
#10436=DIRECTION('',(1.,0.,0.));
#10437=DIRECTION('',(0.,-1.,0.));
#10438=DIRECTION('',(1.,0.,0.));
#10439=DIRECTION('',(-1.,0.,0.));
#10440=DIRECTION('',(0.,1.,0.));
#10441=DIRECTION('',(-1.,0.,0.));
#10442=DIRECTION('',(0.,1.,0.));
#10443=DIRECTION('',(-1.,0.,0.));
#10444=DIRECTION('',(-1.48266963758701E-016,-1.,0.));
#10445=DIRECTION('',(-1.,0.,0.));
#10446=DIRECTION('',(0.,-1.,0.));
#10447=DIRECTION('',(0.,0.,1.));
#10448=DIRECTION('',(-1.,0.,0.));
#10449=DIRECTION('',(0.,0.,-1.));
#10450=DIRECTION('',(0.,0.,1.));
#10451=DIRECTION('',(-1.,-2.71050543121376E-016,0.));
#10452=DIRECTION('',(0.,0.,1.));
#10453=DIRECTION('',(0.,0.,-1.));
#10454=DIRECTION('',(2.71050543121376E-016,-1.,0.));
#10455=DIRECTION('',(-1.,-2.70616862252382E-016,0.));
#10456=DIRECTION('',(0.,0.,1.));
#10457=DIRECTION('',(0.,0.,-1.));
#10458=DIRECTION('',(1.,0.,0.));
#10459=DIRECTION('',(0.,0.,1.));
#10460=DIRECTION('',(0.,0.,1.));
#10461=DIRECTION('',(0.,1.,0.));
#10462=DIRECTION('',(0.,0.,-1.));
#10463=DIRECTION('',(1.,0.,0.));
#10464=DIRECTION('',(0.,0.,1.));
#10465=DIRECTION('',(0.,0.,1.));
#10466=DIRECTION('',(0.,-1.,0.));
#10467=DIRECTION('',(0.,0.,-1.));
#10468=DIRECTION('',(1.,0.,0.));
#10469=DIRECTION('',(0.,0.,1.));
#10470=DIRECTION('',(0.,0.,-1.));
#10471=DIRECTION('',(0.,0.,1.));
#10472=DIRECTION('',(1.,0.,0.));
#10473=DIRECTION('',(0.,0.,1.));
#10474=DIRECTION('',(0.,0.,-1.));
#10475=DIRECTION('',(0.,1.,0.));
#10476=DIRECTION('',(0.,0.,-1.));
#10477=DIRECTION('',(0.,0.,1.));
#10478=DIRECTION('',(0.,-1.,0.));
#10479=DIRECTION('',(0.,0.,-1.));
#10480=DIRECTION('',(1.,0.,0.));
#10481=DIRECTION('',(0.,0.,1.));
#10482=DIRECTION('',(0.,0.,1.));
#10483=DIRECTION('',(0.,-1.,0.));
#10484=DIRECTION('',(0.,0.,-1.));
#10485=DIRECTION('',(1.,0.,0.));
#10486=DIRECTION('',(0.,0.,1.));
#10487=DIRECTION('',(0.,0.,1.));
#10488=DIRECTION('',(1.,0.,0.));
#10489=DIRECTION('',(0.,0.,-1.));
#10490=DIRECTION('',(0.,1.,0.));
#10491=DIRECTION('',(0.,0.,-1.));
#10492=DIRECTION('',(0.,0.,1.));
#10493=DIRECTION('',(-1.,0.,0.));
#10494=DIRECTION('',(0.,0.,-1.));
#10495=DIRECTION('',(0.,-1.,0.));
#10496=DIRECTION('',(0.,0.,1.));
#10497=DIRECTION('',(0.,0.,1.));
#10498=DIRECTION('',(0.,1.,0.));
#10499=DIRECTION('',(0.,0.,-1.));
#10500=DIRECTION('',(-1.,0.,0.));
#10501=DIRECTION('',(0.,0.,-1.));
#10502=DIRECTION('',(0.,-1.,0.));
#10503=DIRECTION('',(0.,0.,-1.));
#10504=DIRECTION('',(-1.,0.,0.));
#10505=DIRECTION('',(-1.,0.,0.));
#10506=DIRECTION('',(0.,0.,-1.));
#10507=DIRECTION('',(-1.,0.,0.));
#10508=DIRECTION('',(9.6373526443156E-016,1.,0.));
#10509=DIRECTION('',(0.,0.,-1.));
#10510=DIRECTION('',(-1.,0.,0.));
#10511=DIRECTION('',(1.,2.16840434497101E-016,0.));
#10512=DIRECTION('',(0.,0.,-1.));
#10513=DIRECTION('',(-1.,0.,0.));
#10514=DIRECTION('',(0.,-1.,0.));
#10515=DIRECTION('',(0.,0.,-1.));
#10516=DIRECTION('',(-1.,0.,0.));
#10517=DIRECTION('',(-1.,0.,0.));
#10518=DIRECTION('',(0.,-1.,0.));
#10519=DIRECTION('',(1.,0.,0.));
#10520=DIRECTION('',(0.,0.,1.));
#10521=DIRECTION('',(-1.,0.,0.));
#10522=DIRECTION('',(0.,1.,0.));
#10523=DIRECTION('',(0.,0.,1.));
#10524=DIRECTION('',(-1.,0.,0.));
#10525=DIRECTION('',(-1.,0.,0.));
#10526=DIRECTION('',(0.,-1.,0.));
#10527=DIRECTION('',(1.,0.,0.));
#10528=DIRECTION('',(0.,0.,-1.));
#10529=DIRECTION('',(-1.,0.,0.));
#10530=DIRECTION('',(0.,0.,-1.));
#10531=DIRECTION('',(-1.,0.,0.));
#10532=DIRECTION('',(0.,0.,-1.));
#10533=DIRECTION('',(1.,0.,0.));
#10534=DIRECTION('',(0.,0.,1.));
#10535=DIRECTION('',(1.,-2.71050543121376E-016,0.));
#10536=DIRECTION('',(0.,0.,1.));
#10537=DIRECTION('',(0.,0.,-1.));
#10538=DIRECTION('',(0.,0.,-1.));
#10539=DIRECTION('',(2.71050543121376E-016,1.,0.));
#10540=DIRECTION('',(-1.,2.70616862252382E-016,0.));
#10541=DIRECTION('',(0.,0.,1.));
#10542=DIRECTION('',(0.,-1.,0.));
#10543=DIRECTION('',(0.,0.,-1.));
#10544=DIRECTION('',(1.,0.,0.));
#10545=DIRECTION('',(0.,0.,1.));
#10546=DIRECTION('',(0.,0.,1.));
#10547=DIRECTION('',(-1.,0.,0.));
#10548=DIRECTION('',(0.,0.,1.));
#10549=DIRECTION('',(0.,0.,-1.));
#10550=DIRECTION('',(0.,0.,-1.));
#10551=DIRECTION('',(0.,-1.,0.));
#10552=DIRECTION('',(0.,0.,-1.));
#10553=DIRECTION('',(0.,0.,1.));
#10554=DIRECTION('',(0.,-1.,0.));
#10555=DIRECTION('',(0.,0.,-1.));
#10556=DIRECTION('',(1.,0.,0.));
#10557=DIRECTION('',(0.,0.,1.));
#10558=DIRECTION('',(0.,0.,1.));
#10559=DIRECTION('',(-1.,0.,0.));
#10560=DIRECTION('',(0.,0.,-1.));
#10561=DIRECTION('',(0.,-1.,0.));
#10562=DIRECTION('',(0.,0.,-1.));
#10563=DIRECTION('',(0.,0.,1.));
#10564=DIRECTION('',(1.,0.,0.));
#10565=DIRECTION('',(0.,0.,-1.));
#10566=DIRECTION('',(0.,1.,0.));
#10567=DIRECTION('',(0.,0.,1.));
#10568=DIRECTION('',(0.,0.,-1.));
#10569=DIRECTION('',(-2.89120579329468E-015,-1.,0.));
#10570=DIRECTION('',(-1.,5.78241158658936E-015,0.));
#10571=DIRECTION('',(0.,0.,1.));
#10572=DIRECTION('',(2.89120579329468E-015,1.,0.));
#10573=DIRECTION('',(1.,-2.89178403445334E-015,0.));
#10574=DIRECTION('',(0.,0.,1.));
#10575=DIRECTION('',(0.,0.,-1.));
#10576=DIRECTION('',(4.81867632215779E-016,1.,0.));
#10577=DIRECTION('',(1.,0.,0.));
#10578=DIRECTION('',(-4.81867632215779E-016,-1.,0.));
#10579=DIRECTION('',(-1.,4.82253126321552E-016,0.));
#10580=DIRECTION('',(0.,0.,1.));
#10581=DIRECTION('',(0.,0.,-1.));
#10582=DIRECTION('',(-1.,0.,0.));
#10583=DIRECTION('',(0.,0.,-1.));
#10584=DIRECTION('',(-1.,0.,0.));
#10585=DIRECTION('',(0.,0.,-1.));
#10586=DIRECTION('',(0.,1.,0.));
#10587=DIRECTION('',(0.,0.,-1.));
#10588=DIRECTION('',(0.,-1.,0.));
#10589=DIRECTION('',(0.,0.,1.));
#10590=DIRECTION('',(1.,0.,0.));
#10591=DIRECTION('',(0.,0.,1.));
#10592=DIRECTION('',(0.,0.,-1.));
#10593=DIRECTION('',(1.,0.,0.));
#10594=DIRECTION('',(0.,0.,-1.));
#10595=DIRECTION('',(1.,0.,0.));
#10596=DIRECTION('',(0.,0.,1.));
#10597=DIRECTION('',(1.,0.,0.));
#10598=DIRECTION('',(0.,0.,1.));
#10599=DIRECTION('',(-1.,0.,0.));
#10600=DIRECTION('',(0.,0.,1.));
#10601=DIRECTION('',(1.,0.,0.));
#10602=DIRECTION('',(0.,0.,1.));
#10603=DIRECTION('',(-1.,0.,0.));
#10604=DIRECTION('',(0.,0.,-1.));
#10605=DIRECTION('',(1.,0.,0.));
#10606=DIRECTION('',(0.,0.,1.));
#10607=DIRECTION('',(-1.,0.,0.));
#10608=DIRECTION('',(0.,0.,-1.));
#10609=DIRECTION('',(1.,0.,0.));
#10610=DIRECTION('',(0.,0.,-1.));
#10611=DIRECTION('',(1.,0.,0.));
#10612=DIRECTION('',(0.,0.,-1.));
#10613=DIRECTION('',(1.,0.,0.));
#10614=DIRECTION('',(0.,0.,-1.));
#10615=DIRECTION('',(1.,0.,0.));
#10616=DIRECTION('',(0.,0.,-1.));
#10617=DIRECTION('',(1.,0.,0.));
#10618=DIRECTION('',(0.,0.,-1.));
#10619=DIRECTION('',(1.,0.,0.));
#10620=DIRECTION('',(0.,0.,-1.));
#10621=DIRECTION('',(1.,0.,0.));
#10622=DIRECTION('',(0.,0.,-1.));
#10623=DIRECTION('',(1.,0.,0.));
#10624=DIRECTION('',(0.,-1.,0.));
#10625=DIRECTION('',(0.,0.,-1.));
#10626=DIRECTION('',(0.,1.,0.));
#10627=DIRECTION('',(0.,0.,-1.));
#10628=DIRECTION('',(0.,1.,0.));
#10629=DIRECTION('',(0.,0.,1.));
#10630=DIRECTION('',(0.,1.,0.));
#10631=DIRECTION('',(0.,0.,1.));
#10632=DIRECTION('',(0.,1.,0.));
#10633=DIRECTION('',(0.,0.,-1.));
#10634=DIRECTION('',(0.,0.,1.));
#10635=DIRECTION('',(-1.,0.,0.));
#10636=DIRECTION('',(-0.707106781186547,0.,0.707106781186547));
#10637=DIRECTION('',(0.707106781186547,0.,0.707106781186547));
#10638=DIRECTION('',(1.,0.,0.));
#10639=DIRECTION('',(0.,0.,-1.));
#10640=DIRECTION('',(1.,0.,0.));
#10641=DIRECTION('',(0.,0.,1.));
#10642=DIRECTION('',(0.,1.,0.));
#10643=DIRECTION('',(0.,0.,1.));
#10644=DIRECTION('',(0.,1.,0.));
#10645=DIRECTION('',(0.,0.,1.));
#10646=DIRECTION('',(0.,1.,0.));
#10647=DIRECTION('',(0.,0.,-1.));
#10648=DIRECTION('',(0.707106781186547,-1.91661677085422E-016,0.707106781186547));
#10649=DIRECTION('',(-0.707106781186547,1.91661677085422E-016,0.707106781186547));
#10650=DIRECTION('',(-1.,2.71050543121376E-016,0.));
#10651=DIRECTION('',(0.,1.,0.));
#10652=DIRECTION('',(0.,1.,0.));
#10653=DIRECTION('',(0.,0.,1.));
#10654=DIRECTION('',(0.,1.,0.));
#10655=DIRECTION('',(0.,0.,-1.));
#10656=DIRECTION('',(0.,-1.,0.));
#10657=DIRECTION('',(0.,0.,-1.));
#10658=DIRECTION('',(0.,-1.,0.));
#10659=DIRECTION('',(0.,0.,-1.));
#10660=DIRECTION('',(0.,-1.,0.));
#10661=DIRECTION('',(0.,0.,1.));
#10662=DIRECTION('',(1.,0.,0.));
#10663=DIRECTION('',(0.,0.,-1.));
#10664=DIRECTION('',(0.,0.,1.));
#10665=DIRECTION('',(-1.,0.,0.));
#10666=DIRECTION('',(0.707106781186547,0.,0.707106781186547));
#10667=DIRECTION('',(0.707106781186547,0.,-0.707106781186547));
#10668=DIRECTION('',(1.,0.,0.));
#10669=DIRECTION('',(0.,0.,1.));
#10670=DIRECTION('',(0.,-1.,0.));
#10671=DIRECTION('',(0.,0.,-1.));
#10672=DIRECTION('',(0.,-1.,0.));
#10673=DIRECTION('',(0.,0.,-1.));
#10674=DIRECTION('',(0.,-1.,0.));
#10675=DIRECTION('',(0.,0.,1.));
#10676=DIRECTION('',(-1.,0.,0.));
#10677=DIRECTION('',(0.,0.,1.));
#10678=DIRECTION('',(-0.707106781186547,-1.91661677085422E-016,0.707106781186547));
#10679=DIRECTION('',(-0.707106781186547,-1.91661677085422E-016,-0.707106781186547));
#10680=DIRECTION('',(-1.,-2.71050543121376E-016,0.));
#10681=DIRECTION('',(0.,1.,0.));
#10682=DIRECTION('',(0.,0.,-1.));
#10683=DIRECTION('',(-1.,0.,0.));
#10684=DIRECTION('',(0.,0.,-1.));
#10685=DIRECTION('',(1.,0.,0.));
#10686=DIRECTION('',(0.,-1.,0.));
#10687=DIRECTION('',(0.,0.,-1.));
#10688=DIRECTION('',(0.,1.,0.));
#10689=DIRECTION('',(0.,0.,1.));
#10690=DIRECTION('',(0.,1.,0.));
#10691=DIRECTION('',(0.,0.,-1.));
#10692=DIRECTION('',(0.,0.,-1.));
#10693=DIRECTION('',(-1.,0.,0.));
#10694=DIRECTION('',(0.,0.,-1.));
#10695=DIRECTION('',(1.,0.,0.));
#10696=DIRECTION('',(0.,0.,-1.));
#10697=DIRECTION('',(-1.,0.,0.));
#10698=DIRECTION('',(0.,0.,-1.));
#10699=DIRECTION('',(1.,0.,0.));
#10700=DIRECTION('',(0.,1.,0.));
#10701=DIRECTION('',(0.,0.,1.));
#10702=DIRECTION('',(0.,-1.,0.));
#10703=DIRECTION('',(0.,0.,-1.));
#10704=DIRECTION('',(0.,-1.,0.));
#10705=DIRECTION('',(0.,0.,1.));
#10706=DIRECTION('',(0.,0.,-1.));
#10707=DIRECTION('',(-1.,0.,0.));
#10708=DIRECTION('',(0.,0.,-1.));
#10709=DIRECTION('',(1.,0.,0.));
#10710=DIRECTION('',(0.,0.,-1.));
#10711=DIRECTION('',(1.,0.,0.));
#10712=DIRECTION('',(0.,0.,-1.));
#10713=DIRECTION('',(1.,0.,0.));
#10714=DIRECTION('',(0.,0.,-1.));
#10715=DIRECTION('',(1.,0.,0.));
#10716=DIRECTION('',(0.,0.,-1.));
#10717=DIRECTION('',(1.,0.,0.));
#10718=DIRECTION('',(0.,0.,1.));
#10719=DIRECTION('',(0.999999999999998,0.,0.));
#10720=DIRECTION('',(0.,0.,1.));
#10721=DIRECTION('',(0.999999999999999,0.,0.));
#10722=DIRECTION('',(0.,0.,1.));
#10723=DIRECTION('',(-1.,0.,0.));
#10724=DIRECTION('',(0.,0.,1.));
#10725=DIRECTION('',(-0.999999999999998,0.,0.));
#10726=DIRECTION('',(0.,0.,1.));
#10727=DIRECTION('',(-1.,0.,1.04898321136029E-016));
#10728=DIRECTION('',(0.,0.,-1.));
#10729=DIRECTION('',(-1.,0.,0.));
#10730=DIRECTION('',(0.,0.,-1.));
#10731=DIRECTION('',(1.,0.,0.));
#10732=DIRECTION('',(0.,0.,-1.));
#10733=DIRECTION('',(-1.,0.,0.));
#10734=DIRECTION('',(0.,0.,-1.));
#10735=DIRECTION('',(1.,0.,0.));
#10736=DIRECTION('',(0.,0.,1.));
#10737=DIRECTION('',(-1.,0.,0.));
#10738=DIRECTION('',(0.,0.,1.));
#10739=DIRECTION('',(-1.,0.,0.));
#10740=DIRECTION('',(0.,0.,1.));
#10741=DIRECTION('',(-1.,0.,0.));
#10742=DIRECTION('',(0.,0.,1.));
#10743=DIRECTION('',(-1.,0.,0.));
#10744=DIRECTION('',(1.,0.,0.));
#10745=DIRECTION('',(0.,0.,0.999999999999998));
#10746=DIRECTION('',(1.,0.,0.));
#10747=DIRECTION('',(0.,0.,-0.999999999999998));
#10748=DIRECTION('',(-1.,0.,0.));
#10749=DIRECTION('',(0.,0.,-0.999999999999998));
#10750=DIRECTION('',(0.,1.,0.));
#10751=DIRECTION('',(0.,0.,0.999999999999998));
#10752=DIRECTION('',(0.,0.,-1.));
#10753=DIRECTION('',(1.,0.,0.));
#10754=DIRECTION('',(0.,1.,0.));
#10755=DIRECTION('',(0.,0.,0.999999999999998));
#10756=DIRECTION('',(0.,1.,0.));
#10757=DIRECTION('',(0.,0.,-0.999999999999998));
#10758=DIRECTION('',(-1.,0.,0.));
#10759=DIRECTION('',(0.,0.,0.999999999999998));
#10760=DIRECTION('',(0.,0.,-1.));
#10761=DIRECTION('',(1.,0.,0.));
#10762=DIRECTION('',(-1.,0.,0.));
#10763=DIRECTION('',(0.,0.,0.999999999999998));
#10764=DIRECTION('',(-1.,0.,0.));
#10765=DIRECTION('',(0.,0.,-0.999999999999998));
#10766=DIRECTION('',(1.,0.,0.));
#10767=DIRECTION('',(0.,0.,0.999999999999998));
#10768=DIRECTION('',(1.,0.,0.));
#10769=DIRECTION('',(0.,0.,-0.999999999999998));
#10770=DIRECTION('',(1.,0.,0.));
#10771=DIRECTION('',(0.,0.,0.999999999999998));
#10772=DIRECTION('',(0.,1.,0.));
#10773=DIRECTION('',(0.,0.,0.999999999999998));
#10774=DIRECTION('',(0.,0.,-1.));
#10775=DIRECTION('',(1.,0.,0.));
#10776=DIRECTION('',(0.,-1.,0.));
#10777=DIRECTION('',(0.,1.,0.));
#10778=DIRECTION('',(0.,0.,0.999999999999998));
#10779=DIRECTION('',(0.,-1.,0.));
#10780=DIRECTION('',(0.,0.,0.999999999999998));
#10781=DIRECTION('',(-1.,0.,0.));
#10782=DIRECTION('',(0.,0.,0.999999999999998));
#10783=DIRECTION('',(0.,0.,-1.));
#10784=DIRECTION('',(1.,0.,0.));
#10785=DIRECTION('',(-1.,0.,0.));
#10786=DIRECTION('',(0.,0.,0.999999999999998));
#10787=DIRECTION('',(1.,0.,0.));
#10788=DIRECTION('',(0.,0.,0.999999999999998));
#10789=DIRECTION('',(0.,0.,1.));
#10790=DIRECTION('',(0.,0.,-1.));
#10791=DIRECTION('',(1.,0.,0.));
#10792=DIRECTION('',(0.,0.,1.));
#10793=DIRECTION('',(0.,0.,1.));
#10794=DIRECTION('',(0.,0.,-1.));
#10795=DIRECTION('',(-1.,0.,0.));
#10796=DIRECTION('',(0.,0.,-1.));
#10797=DIRECTION('',(0.,0.,-1.));
#10798=DIRECTION('',(1.00000000000001,0.,0.));
#10799=DIRECTION('',(0.,0.,-1.));
#10800=DIRECTION('',(1.00000000000001,0.,0.));
#10801=DIRECTION('',(0.,0.,-1.));
#10802=DIRECTION('',(1.00000000000001,0.,0.));
#10803=DIRECTION('',(0.,0.,-1.));
#10804=DIRECTION('',(1.00000000000001,0.,0.));
#10805=DIRECTION('',(0.,0.,1.));
#10806=DIRECTION('',(0.,0.,-1.));
#10807=DIRECTION('',(-1.,0.,0.));
#10808=DIRECTION('',(0.,0.,-1.));
#10809=DIRECTION('',(0.,0.,1.));
#10810=DIRECTION('',(0.,0.,-1.));
#10811=DIRECTION('',(1.,0.,0.));
#10812=DIRECTION('',(0.,0.,1.));
#10813=DIRECTION('',(0.,0.,-1.));
#10814=DIRECTION('',(1.00000000000001,0.,0.));
#10815=DIRECTION('',(0.,0.,-1.));
#10816=DIRECTION('',(1.00000000000001,0.,0.));
#10817=DIRECTION('',(0.,0.,-1.));
#10818=DIRECTION('',(1.00000000000001,0.,0.));
#10819=DIRECTION('',(0.,0.,-1.));
#10820=DIRECTION('',(1.00000000000001,0.,0.));
#10821=DIRECTION('',(0.,0.,-1.));
#10822=DIRECTION('',(-1.,0.,0.));
#10823=DIRECTION('',(-9.6373526443156E-016,-1.,0.));
#10824=DIRECTION('',(0.,0.,-1.));
#10825=DIRECTION('',(-1.,0.,0.));
#10826=DIRECTION('',(0.,0.,-1.));
#10827=DIRECTION('',(1.,0.,0.));
#10828=DIRECTION('',(0.,0.,1.));
#10829=DIRECTION('',(0.,0.,-1.));
#10830=DIRECTION('',(1.,-9.6373526443156E-016,0.));
#10831=DIRECTION('',(-9.63638890905116E-016,-1.,0.));
#10832=DIRECTION('',(0.,0.,-1.));
#10833=DIRECTION('',(0.,0.,1.));
#10834=DIRECTION('',(-2.16840434497101E-016,1.,0.));
#10835=DIRECTION('',(1.,2.16840434497101E-016,0.));
#10836=DIRECTION('',(0.,0.,-1.));
#10837=DIRECTION('',(0.,0.,1.));
#10838=DIRECTION('',(-1.,9.6373526443156E-016,0.));
#10839=DIRECTION('',(9.64506252643105E-016,1.,0.));
#10840=DIRECTION('',(0.,0.,-1.));
#10841=DIRECTION('',(0.,0.,1.));
#10842=DIRECTION('',(0.,-1.,0.));
#10843=DIRECTION('',(0.,0.,1.));
#10844=DIRECTION('',(0.,0.,-1.));
#10845=DIRECTION('',(1.,0.,0.));
#10846=DIRECTION('',(0.,0.,-1.));
#10847=DIRECTION('',(1.,0.,0.));
#10848=DIRECTION('',(0.,0.,-1.));
#10849=DIRECTION('',(1.,0.,0.));
#10850=DIRECTION('',(0.,0.,-1.));
#10851=DIRECTION('',(1.,0.,0.));
#10852=DIRECTION('',(0.,0.,-1.));
#10853=DIRECTION('',(-0.723456371936931,0.690370102121937,0.));
#10854=DIRECTION('',(0.,0.,-1.));
#10855=DIRECTION('',(-0.690370102122035,-0.723456371936837,0.));
#10856=DIRECTION('',(-0.723456371936837,0.690370102122035,0.));
#10857=DIRECTION('',(0.,1.,0.));
#10858=DIRECTION('',(0.,0.,-1.));
#10859=DIRECTION('',(-1.,0.,0.));
#10860=DIRECTION('',(0.,0.,-1.));
#10861=DIRECTION('',(1.,0.,0.));
#10862=DIRECTION('',(0.,0.,-1.));
#10863=DIRECTION('',(0.,1.,0.));
#10864=DIRECTION('',(0.,0.,-1.));
#10865=DIRECTION('',(0.,-1.,0.));
#10866=DIRECTION('',(0.,0.,-1.));
#10867=DIRECTION('',(1.,0.,0.));
#10868=DIRECTION('',(0.,0.,1.));
#10869=DIRECTION('',(-1.,0.,0.));
#10870=DIRECTION('',(0.,0.,-1.));
#10871=DIRECTION('',(0.,-1.,0.));
#10872=DIRECTION('',(0.,0.,1.));
#10873=DIRECTION('',(0.,-1.,0.));
#10874=DIRECTION('',(1.,0.,0.));
#10875=DIRECTION('',(0.,0.,1.));
#10876=DIRECTION('',(0.,0.,1.));
#10877=DIRECTION('',(-1.,0.,0.));
#10878=DIRECTION('',(0.,0.,-1.));
#10879=DIRECTION('',(0.,0.,-1.));
#10880=DIRECTION('',(0.,0.,-1.));
#10881=DIRECTION('',(0.,-1.,0.));
#10882=DIRECTION('',(0.,0.,-1.));
#10883=DIRECTION('',(1.,0.,0.));
#10884=DIRECTION('',(0.,0.,1.));
#10885=DIRECTION('',(0.,0.,-1.));
#10886=DIRECTION('',(0.,0.,-1.));
#10887=DIRECTION('',(0.,1.,0.));
#10888=DIRECTION('',(0.,0.,-1.));
#10889=DIRECTION('',(-1.,0.,0.));
#10890=DIRECTION('',(0.,0.,-1.));
#10891=DIRECTION('',(1.,0.,0.));
#10892=DIRECTION('',(0.,0.,-1.));
#10893=DIRECTION('',(-6.44358729566605E-015,1.,0.));
#10894=DIRECTION('',(1.,6.44363035151585E-015,0.));
#10895=DIRECTION('',(0.,-1.,0.));
#10896=DIRECTION('',(0.,0.,-1.));
#10897=DIRECTION('',(1.,0.,0.));
#10898=DIRECTION('',(0.,0.,1.));
#10899=DIRECTION('',(0.,0.,-1.));
#10900=DIRECTION('',(0.,0.,-1.));
#10901=DIRECTION('',(1.,0.,0.));
#10902=DIRECTION('',(0.,1.,0.));
#10903=DIRECTION('',(0.,0.,-1.));
#10904=DIRECTION('',(0.,1.,0.));
#10905=DIRECTION('',(0.,0.,-1.));
#10906=DIRECTION('',(-1.,0.,0.));
#10907=DIRECTION('',(0.,0.,-1.));
#10908=DIRECTION('',(-1.,0.,0.));
#10909=DIRECTION('',(-1.,0.,0.));
#10910=DIRECTION('',(0.,0.,-1.));
#10911=DIRECTION('',(0.,-1.,0.));
#10912=DIRECTION('',(0.,0.,1.));
#10913=DIRECTION('',(0.,0.,-1.));
#10914=DIRECTION('',(-0.854339146847321,0.519715905244579,0.));
#10915=DIRECTION('',(0.,0.,-1.));
#10916=DIRECTION('',(-0.519715905244618,-0.854339146847297,0.));
#10917=DIRECTION('',(-0.854339146847297,0.519715905244618,0.));
#10918=DIRECTION('',(0.,0.,-1.));
#10919=DIRECTION('',(0.,0.,-1.));
#10920=DIRECTION('',(0.,1.,0.));
#10921=DIRECTION('',(0.,0.,-1.));
#10922=DIRECTION('',(-1.,0.,0.));
#10923=DIRECTION('',(0.,0.,-1.));
#10924=DIRECTION('',(1.,0.,0.));
#10925=DIRECTION('',(0.,0.,-1.));
#10926=DIRECTION('',(0.,1.,0.));
#10927=DIRECTION('',(0.,0.,-1.));
#10928=DIRECTION('',(0.,-1.,0.));
#10929=DIRECTION('',(0.,0.,-1.));
#10930=DIRECTION('',(1.,0.,0.));
#10931=DIRECTION('',(0.,0.,1.));
#10932=DIRECTION('',(1.,0.,0.));
#10933=DIRECTION('',(0.,0.,-1.));
#10934=DIRECTION('',(0.,1.,0.));
#10935=DIRECTION('',(0.,0.,-1.));
#10936=DIRECTION('',(0.,-1.,0.));
#10937=DIRECTION('',(0.,0.,-1.));
#10938=DIRECTION('',(1.,0.,0.));
#10939=DIRECTION('',(0.,0.,1.));
#10940=DIRECTION('',(-1.,0.,0.));
#10941=DIRECTION('',(0.,0.,-1.));
#10942=DIRECTION('',(0.,-1.,0.));
#10943=DIRECTION('',(0.,0.,1.));
#10944=DIRECTION('',(0.,-1.,0.));
#10945=DIRECTION('',(1.,0.,0.));
#10946=DIRECTION('',(0.,0.,1.));
#10947=DIRECTION('',(0.852836101613499,-0.52217868951604,0.));
#10948=DIRECTION('',(0.852836101613499,-0.52217868951604,0.));
#10949=DIRECTION('',(0.522178689516024,0.852836101613509,0.));
#10950=DIRECTION('',(0.852836101613509,-0.522178689516024,0.));
#10951=DIRECTION('',(0.,0.,1.));
#10952=DIRECTION('',(-1.,0.,0.));
#10953=DIRECTION('',(0.,0.,-1.));
#10954=DIRECTION('',(1.,0.,0.));
#10955=DIRECTION('',(0.,0.,-1.));
#10956=DIRECTION('',(0.,0.,-1.));
#10957=DIRECTION('',(0.,0.,-1.));
#10958=DIRECTION('',(0.,-1.,0.));
#10959=DIRECTION('',(0.,0.,-1.));
#10960=DIRECTION('',(1.,0.,0.));
#10961=DIRECTION('',(0.,0.,1.));
#10962=DIRECTION('',(0.,0.,-1.));
#10963=DIRECTION('',(0.,0.,-1.));
#10964=DIRECTION('',(0.,0.,-1.));
#10965=DIRECTION('',(0.,0.,-1.));
#10966=DIRECTION('',(0.,1.,0.));
#10967=DIRECTION('',(0.,0.,-1.));
#10968=DIRECTION('',(-1.,7.36502984138005E-015,0.));
#10969=DIRECTION('',(7.36476851725953E-015,1.,0.));
#10970=DIRECTION('',(0.,0.,-1.));
#10971=DIRECTION('',(0.,0.,-1.));
#10972=DIRECTION('',(-1.,0.,0.));
#10973=DIRECTION('',(0.,0.,-1.));
#10974=DIRECTION('',(0.,-1.,0.));
#10975=DIRECTION('',(0.,0.,1.));
#10976=DIRECTION('',(0.,0.,-1.));
#10977=DIRECTION('',(0.,0.,-1.));
#10978=DIRECTION('',(1.,0.,0.));
#10979=DIRECTION('',(0.,0.,-1.));
#10980=DIRECTION('',(0.987112565098516,-0.160027447097768,0.));
#10981=DIRECTION('',(0.,0.,-1.));
#10982=DIRECTION('',(0.160027447097795,0.987112565098511,0.));
#10983=DIRECTION('',(0.987112565098511,-0.160027447097795,0.));
#10984=DIRECTION('',(0.,0.,-1.));
#10985=DIRECTION('',(0.,0.,-1.));
#10986=DIRECTION('',(0.,0.,-1.));
#10987=DIRECTION('',(0.,-1.,0.));
#10988=DIRECTION('',(1.,0.,0.));
#10989=DIRECTION('',(0.,0.,1.));
#10990=DIRECTION('',(0.,0.,-1.));
#10991=DIRECTION('',(0.,0.,-1.));
#10992=DIRECTION('',(0.,0.,-1.));
#10993=DIRECTION('',(-0.987621632566081,0.156855063314858,0.));
#10994=DIRECTION('',(-0.156855063314866,-0.98762163256608,0.));
#10995=DIRECTION('',(-0.98762163256608,0.156855063314866,0.));
#10996=DIRECTION('',(0.,0.,-1.));
#10997=DIRECTION('',(0.,1.,0.));
#10998=DIRECTION('',(-1.,0.,0.));
#10999=DIRECTION('',(0.,0.,-1.));
#11000=DIRECTION('',(0.,0.,-1.));
#11001=DIRECTION('',(-1.,0.,0.));
#11002=DIRECTION('',(-1.30955925092513E-014,-1.,0.));
#11003=DIRECTION('',(-1.,1.30954275201489E-014,0.));
#11004=DIRECTION('',(0.,-1.,0.));
#11005=DIRECTION('',(1.,-3.31187922237453E-015,0.));
#11006=DIRECTION('',(-3.31158711563972E-015,-1.,0.));
#11007=DIRECTION('',(0.,0.,1.));
#11008=DIRECTION('',(-1.,0.,0.));
#11009=DIRECTION('',(0.,-1.,0.));
#11010=DIRECTION('',(1.,0.,0.));
#11011=DIRECTION('',(0.,-1.,0.));
#11012=DIRECTION('',(-1.,0.,0.));
#11013=DIRECTION('',(0.,0.,-1.));
#11014=DIRECTION('',(1.,0.,0.));
#11015=DIRECTION('',(0.,0.,1.));
#11016=DIRECTION('',(0.,0.,1.));
#11017=DIRECTION('',(-1.,0.,0.));
#11018=DIRECTION('',(0.,0.,-1.));
#11019=DIRECTION('',(0.,0.,1.));
#11020=DIRECTION('',(0.,0.,1.));
#11021=DIRECTION('',(1.,0.,0.));
#11022=DIRECTION('',(0.,0.,1.));
#11023=DIRECTION('',(0.,-1.,0.));
#11024=DIRECTION('',(0.,0.,1.));
#11025=DIRECTION('',(0.,-1.,0.));
#11026=DIRECTION('',(0.,0.,1.));
#11027=DIRECTION('',(0.,1.,0.));
#11028=DIRECTION('',(-1.,0.,0.));
#11029=DIRECTION('',(0.,1.,0.));
#11030=DIRECTION('',(1.,0.,0.));
#11031=DIRECTION('',(0.,0.,-1.));
#11032=DIRECTION('',(1.,0.,0.));
#11033=DIRECTION('',(0.,0.,-1.));
#11034=DIRECTION('',(0.,0.,-1.));
#11035=DIRECTION('',(1.,0.,0.));
#11036=DIRECTION('',(0.,0.,1.));
#11037=DIRECTION('',(0.,0.,1.));
#11038=DIRECTION('',(0.,0.,1.));
#11039=DIRECTION('',(1.,0.,0.));
#11040=DIRECTION('',(0.,0.,1.));
#11041=DIRECTION('',(0.,-1.,0.));
#11042=DIRECTION('',(0.,0.,1.));
#11043=DIRECTION('',(0.,-1.,0.));
#11044=DIRECTION('',(0.,0.,1.));
#11045=DIRECTION('',(0.,1.,0.));
#11046=DIRECTION('',(1.,0.,0.));
#11047=DIRECTION('',(0.,-1.,0.));
#11048=DIRECTION('',(-1.,0.,0.));
#11049=DIRECTION('',(0.,0.,-1.));
#11050=DIRECTION('',(1.,0.,0.));
#11051=DIRECTION('',(0.,0.,1.));
#11052=DIRECTION('',(0.,0.,1.));
#11053=DIRECTION('',(1.,0.,0.));
#11054=DIRECTION('',(0.,0.,1.));
#11055=DIRECTION('',(0.,0.,-1.));
#11056=DIRECTION('',(0.,0.,-1.));
#11057=DIRECTION('',(1.,0.,0.));
#11058=DIRECTION('',(0.,0.,1.));
#11059=DIRECTION('',(0.,1.,0.));
#11060=DIRECTION('',(0.,0.,1.));
#11061=DIRECTION('',(0.,1.,0.));
#11062=DIRECTION('',(0.,0.,1.));
#11063=DIRECTION('',(0.,-1.,0.));
#11064=DIRECTION('',(-1.,0.,0.));
#11065=DIRECTION('',(0.,1.,0.));
#11066=DIRECTION('',(1.,0.,0.));
#11067=DIRECTION('',(0.,0.,-1.));
#11068=DIRECTION('',(1.,0.,0.));
#11069=DIRECTION('',(0.,0.,-1.));
#11070=DIRECTION('',(0.,0.,1.));
#11071=DIRECTION('',(1.,0.,0.));
#11072=DIRECTION('',(0.,0.,1.));
#11073=DIRECTION('',(0.,0.,1.));
#11074=DIRECTION('',(0.,0.,1.));
#11075=DIRECTION('',(-1.,0.,0.));
#11076=DIRECTION('',(0.,0.,-1.));
#11077=DIRECTION('',(0.,1.,0.));
#11078=DIRECTION('',(0.,0.,1.));
#11079=DIRECTION('',(0.,1.,0.));
#11080=DIRECTION('',(0.,0.,1.));
#11081=DIRECTION('',(0.,1.,0.));
#11082=DIRECTION('',(1.,0.,0.));
#11083=DIRECTION('',(0.,-1.,0.));
#11084=DIRECTION('',(-1.,0.,0.));
#11085=DIRECTION('',(0.,0.,-1.));
#11086=DIRECTION('',(1.,0.,0.));
#11087=DIRECTION('',(0.,0.,-1.));
#11088=DIRECTION('',(0.,0.,1.));
#11089=DIRECTION('',(-1.,0.,0.));
#11090=DIRECTION('',(0.,0.,-1.));
#11091=DIRECTION('',(0.,0.,1.));
#11092=DIRECTION('',(0.,0.,1.));
#11093=DIRECTION('',(-1.,1.48266963758701E-016,0.));
#11094=DIRECTION('',(1.47451495458029E-016,1.,0.));
#11095=DIRECTION('',(0.,-1.,0.));
#11096=DIRECTION('',(0.,0.,1.));
#11097=DIRECTION('',(0.,-1.,0.));
#11098=DIRECTION('',(0.,0.,1.));
#11099=DIRECTION('',(0.,-1.,0.));
#11100=DIRECTION('',(-1.,0.,0.));
#11101=DIRECTION('',(0.,1.,0.));
#11102=DIRECTION('',(1.,0.,0.));
#11103=DIRECTION('',(0.,0.,-1.));
#11104=DIRECTION('',(1.,0.,0.));
#11105=DIRECTION('',(0.,0.,1.));
#11106=DIRECTION('',(0.,0.,1.));
#11107=DIRECTION('',(-1.,1.48266963758701E-016,0.));
#11108=DIRECTION('',(1.47451495458029E-016,1.,0.));
#11109=DIRECTION('',(0.,0.,1.));
#11110=DIRECTION('',(0.,0.,1.));
#11111=DIRECTION('',(-1.,0.,0.));
#11112=DIRECTION('',(0.,0.,-1.));
#11113=DIRECTION('',(0.,1.,0.));
#11114=DIRECTION('',(0.,0.,1.));
#11115=DIRECTION('',(0.,1.,0.));
#11116=DIRECTION('',(0.,0.,1.));
#11117=DIRECTION('',(-9.6373526443156E-017,-1.,0.));
#11118=DIRECTION('',(-1.,9.6373526443156E-017,-1.17145536458252E-015));
#11119=DIRECTION('',(9.6373526443156E-017,1.,0.));
#11120=DIRECTION('',(-1.,-2.07720100150946E-017,0.));
#11121=DIRECTION('',(9.6373526443156E-017,1.,0.));
#11122=DIRECTION('',(9.6373526443156E-017,1.,0.));
#11123=DIRECTION('',(9.6373526443156E-017,1.,0.));
#11124=DIRECTION('',(1.,-2.13519062901409E-016,0.));
#11125=DIRECTION('',(9.6373526443156E-017,1.,0.));
#11126=DIRECTION('',(1.,-9.6373526443156E-017,1.17145536458252E-015));
#11127=DIRECTION('',(0.,0.,-1.));
#11128=DIRECTION('',(-1.,0.,0.));
#11129=DIRECTION('',(1.,-9.6373526443156E-017,1.17145536458252E-015));
#11130=DIRECTION('',(1.92747052886312E-015,0.,-1.));
#11131=DIRECTION('',(1.15605213013435E-015,-0.0995037190209991,-0.995037190209989));
#11132=DIRECTION('',(1.17145536458252E-015,-9.21833731195406E-017,-1.));
#11133=DIRECTION('',(-1.,9.6373526443156E-017,-1.17145536458252E-015));
#11134=DIRECTION('',(0.,-1.,0.));
#11135=DIRECTION('',(-9.63735264431559E-017,-1.,-9.6373526443156E-017));
#11136=DIRECTION('',(1.17145536458252E-015,2.10500070915314E-016,-1.));
#11137=DIRECTION('',(9.63735264431559E-017,1.,9.6373526443156E-017));
#11138=DIRECTION('',(1.17145536458252E-015,2.0289163461717E-017,-1.));
#11139=DIRECTION('',(9.63735264431559E-017,1.,9.6373526443156E-017));
#11140=DIRECTION('',(-1.,9.6373526443156E-017,-1.17145536458252E-015));
#11141=DIRECTION('',(0.,-1.,0.));
#11142=DIRECTION('',(1.17145536458252E-015,-8.46410971370326E-016,-1.));
#11143=DIRECTION('',(1.17523117872688E-015,0.0995037190209974,-0.995037190209989));
#11144=DIRECTION('',(1.,-9.6373526443156E-017,1.17145536458252E-015));
#11145=DIRECTION('',(0.,-0.999999999999998,0.));
#11146=DIRECTION('',(9.63735264431559E-017,1.,9.6373526443156E-017));
#11147=DIRECTION('',(1.,-9.6373526443156E-017,1.17145536458252E-015));
#11148=DIRECTION('',(0.,-0.999999999999998,0.));
#11149=DIRECTION('',(1.,-9.6373526443156E-017,1.17145536458252E-015));
#11150=DIRECTION('',(9.71445146547012E-017,1.,9.62771529167128E-017));
#11151=DIRECTION('',(1.,-9.6373526443156E-017,1.17145536458252E-015));
#11152=DIRECTION('',(1.92747052886312E-015,0.,-1.));
#11153=DIRECTION('',(1.15605213013435E-015,-0.0995037190209991,-0.995037190209989));
#11154=DIRECTION('',(-1.,9.6373526443156E-017,-1.17145536458252E-015));
#11155=DIRECTION('',(0.,-0.999999999999998,0.));
#11156=DIRECTION('',(9.63735264431559E-017,1.,9.6373526443156E-017));
#11157=DIRECTION('',(-1.,9.6373526443156E-017,-1.17145536458252E-015));
#11158=DIRECTION('',(0.,-0.999999999999998,0.));
#11159=DIRECTION('',(1.17523117872688E-015,0.0995037190209974,-0.995037190209989));
#11160=DIRECTION('',(1.17145536458252E-015,-8.46410971370326E-016,-1.));
#11161=DIRECTION('',(1.,-9.6373526443156E-017,1.17145536458252E-015));
#11162=DIRECTION('',(0.,-1.,0.));
#11163=DIRECTION('',(9.63735264431559E-017,1.,9.6373526443156E-017));
#11164=DIRECTION('',(1.17145536458252E-015,2.0289163461717E-017,-1.));
#11165=DIRECTION('',(-9.63735264431559E-017,-1.,-9.6373526443156E-017));
#11166=DIRECTION('',(1.17145536458252E-015,2.10500070915314E-016,-1.));
#11167=DIRECTION('',(-9.63735264431559E-017,-1.,-9.6373526443156E-017));
#11168=DIRECTION('',(1.,-9.6373526443156E-017,1.17145536458252E-015));
#11169=DIRECTION('',(0.,-1.,0.));
#11170=DIRECTION('',(1.17145536458252E-015,-9.21833731195406E-017,-1.));
#11171=DIRECTION('',(1.,-9.6373526443156E-017,1.17145536458252E-015));
#11172=DIRECTION('',(9.71445146547012E-017,1.,9.62771529167128E-017));
#11173=DIRECTION('',(1.,-9.6373526443156E-017,1.17145536458252E-015));
#11174=DIRECTION('',(-2.12459408405688E-016,-0.995037190209989,0.0995037190209991));
#11175=DIRECTION('',(1.15532583500055E-015,-0.0995037190209991,-0.995037190209989));
#11176=DIRECTION('',(1.,-9.6373526443156E-017,1.17145536458252E-015));
#11177=DIRECTION('',(-2.06689224804335E-017,0.995037190209989,0.0995037190209974));
#11178=DIRECTION('',(1.1744077932363E-015,0.0995037190209974,-0.995037190209989));
#11179=DIRECTION('',(1.,-9.6373526443156E-017,1.17145536458252E-015));
#11180=DIRECTION('',(0.,-1.,0.));
#11181=DIRECTION('',(1.,-9.6373526443156E-017,1.17145536458252E-015));
#11182=DIRECTION('',(0.,-1.,0.));
#11183=DIRECTION('',(-9.63735264431559E-017,-1.,-9.6373526443156E-017));
#11184=DIRECTION('',(1.,-9.6373526443156E-017,1.17145536458252E-015));
#11185=DIRECTION('',(9.71445146547012E-017,1.,9.62771529167128E-017));
#11186=DIRECTION('',(-1.,9.6373526443156E-017,-1.17145536458252E-015));
#11187=DIRECTION('',(0.,1.,0.));
#11188=DIRECTION('',(-1.,9.6373526443156E-017,-1.17145536458252E-015));
#11189=DIRECTION('',(0.,0.999999999999998,0.));
#11190=DIRECTION('',(9.63735264431559E-017,1.,9.6373526443156E-017));
#11191=DIRECTION('',(-1.,9.6373526443156E-017,-1.17145536458252E-015));
#11192=DIRECTION('',(-9.71445146547012E-017,-1.,-9.62771529167128E-017));
#11193=DIRECTION('',(-1.,9.6373526443156E-017,-1.17145536458252E-015));
#11194=DIRECTION('',(-1.,9.6373526443156E-017,-1.17145536458252E-015));
#11195=DIRECTION('',(0.,-0.999999999999998,0.));
#11196=DIRECTION('',(1.,-9.6373526443156E-017,1.17145536458252E-015));
#11197=DIRECTION('',(-1.,9.6373526443156E-017,-1.17145536458252E-015));
#11198=DIRECTION('',(0.,-0.999999999999998,0.));
#11199=DIRECTION('',(-9.63735264431559E-017,-1.,-9.6373526443156E-017));
#11200=DIRECTION('',(-0.999999999999994,0.,0.));
#11201=DIRECTION('',(1.,-9.6373526443156E-017,1.17145536458252E-015));
#11202=DIRECTION('',(0.,1.,0.));
#11203=DIRECTION('',(-9.63735264431559E-017,-1.,-9.6373526443156E-017));
#11204=DIRECTION('',(-0.999999999999994,0.,0.));
#11205=DIRECTION('',(1.,-9.6373526443156E-017,1.17145536458252E-015));
#11206=DIRECTION('',(0.,0.999999999999998,0.));
#11207=DIRECTION('',(1.,-9.6373526443156E-017,1.17145536458252E-015));
#11208=DIRECTION('',(-9.6373526443157E-017,-1.,8.46410971370326E-016));
#11209=DIRECTION('',(1.17093834628434E-015,-8.46545056276682E-016,-1.));
#11210=DIRECTION('',(-1.,9.6373526443156E-017,-1.17145536458252E-015));
#11211=DIRECTION('',(-9.63735264431561E-017,-1.,9.21833731195405E-017));
#11212=DIRECTION('',(1.17093834628434E-015,-9.2374025095765E-017,-1.));
#11213=DIRECTION('',(1.,-9.6373526443156E-017,1.17145536458252E-015));
#11214=DIRECTION('',(1.,-9.6373526443156E-017,1.17145536458252E-015));
#11215=DIRECTION('',(-1.17145536458252E-015,-9.63735264431559E-017,1.));
#11216=DIRECTION('',(-1.,9.62771529167128E-017,-1.17180570802233E-015));
#11217=DIRECTION('',(-1.,9.6373526443156E-017,-1.17145536458252E-015));
#11218=DIRECTION('',(1.,-9.6373526443156E-017,1.17145536458252E-015));
#11219=DIRECTION('',(1.17145536458252E-015,9.63735264431559E-017,-1.));
#11220=DIRECTION('',(1.,-9.71445146547012E-017,1.17180570802233E-015));
#11221=DIRECTION('',(1.,-9.6373526443156E-017,1.17145536458252E-015));
#11222=DIRECTION('',(-9.63735264431559E-017,-1.,-2.02891634617171E-017));
#11223=DIRECTION('',(1.17093834628434E-015,2.08166817117217E-017,-1.));
#11224=DIRECTION('',(1.,-9.6373526443156E-017,1.17145536458252E-015));
#11225=DIRECTION('',(9.63735264431559E-017,1.,9.6373526443156E-017));
#11226=DIRECTION('',(-1.,9.6373526443156E-017,-1.17145536458252E-015));
#11227=DIRECTION('',(-9.63735264431559E-017,-1.,-9.6373526443156E-017));
#11228=DIRECTION('',(1.17145536458252E-015,9.63735264431559E-017,-1.));
#11229=DIRECTION('',(1.,-9.62771529167128E-017,1.17267306976032E-015));
#11230=DIRECTION('',(-1.,9.6373526443156E-017,-1.17145536458252E-015));
#11231=DIRECTION('',(-9.63735264431557E-017,-1.,-2.10500070915314E-016));
#11232=DIRECTION('',(1.17093834628434E-015,2.10335221462188E-016,-1.));
#11233=DIRECTION('',(1.,-9.6373526443156E-017,1.17145536458252E-015));
#11234=DIRECTION('',(0.,1.,0.));
#11235=DIRECTION('',(0.140028008402802,0.700140042014005,-0.700140042014005));
#11236=DIRECTION('',(0.1400280084028,-0.700140042014005,0.700140042014005));
#11237=DIRECTION('',(7.60197658078845E-016,-0.707106781186548,-0.707106781186547));
#11238=DIRECTION('',(8.96852037080009E-016,0.707106781186547,-0.707106781186548));
#11239=DIRECTION('',(-0.140028008402802,0.700140042014005,0.700140042014005));
#11240=DIRECTION('',(-0.1400280084028,-0.700140042014005,-0.700140042014005));
#11241=DIRECTION('',(-8.96490406228478E-016,-0.707106781186548,0.707106781186547));
#11242=DIRECTION('',(7.59808882477842E-016,-0.707106781186547,-0.707106781186548));
#11243=DIRECTION('',(0.98058067569092,-7.56016141426773E-017,-0.196116135138183));
#11244=DIRECTION('',(0.196116135138183,-1.13190706807487E-016,0.98058067569092));
#11245=DIRECTION('',(0.98058067569092,-1.13402421214016E-016,0.196116135138185));
#11246=DIRECTION('',(-0.196116135138185,-7.54604712049911E-017,0.98058067569092));
#11247=DIRECTION('',(1.,-9.6373526443156E-017,1.17145536458252E-015));
#11248=DIRECTION('',(0.,1.,0.));
#11249=DIRECTION('',(1.,-9.6373526443156E-017,1.17145536458252E-015));
#11250=DIRECTION('',(0.,1.,0.));
#11251=DIRECTION('',(1.17145536458252E-015,9.63735264431559E-017,-1.));
#11252=DIRECTION('',(1.,-9.62771529167128E-017,1.17180570802233E-015));
#11253=DIRECTION('',(9.63735264431559E-017,1.,9.6373526443156E-017));
#11254=DIRECTION('',(-0.999999999999994,0.,0.));
#11255=DIRECTION('',(-0.148340452930243,0.,-0.988936352868298));
#11256=DIRECTION('',(1.,0.,0.));
#11257=DIRECTION('',(0.,0.,-1.));
#11258=DIRECTION('',(0.,1.,0.));
#11259=DIRECTION('',(-1.,0.,0.));
#11260=DIRECTION('',(-1.,0.,0.));
#11261=DIRECTION('',(0.,1.,0.));
#11262=DIRECTION('',(-1.00000000000001,0.,0.));
#11263=DIRECTION('',(0.,0.,1.));
#11264=DIRECTION('',(1.,0.,0.));
#11265=DIRECTION('',(-0.148340452930245,0.,0.988936352868297));
#11266=DIRECTION('',(0.,0.,1.));
#11267=DIRECTION('',(0.,-1.,0.));
#11268=DIRECTION('',(-1.00000000000001,0.,0.));
#11269=DIRECTION('',(-1.,0.,-3.85185988877447E-033));
#11270=DIRECTION('',(0.,-1.,0.));
#11271=DIRECTION('',(-1.,0.,0.));
#11272=DIRECTION('',(0.,0.,-1.));
#11273=DIRECTION('',(0.,-1.,0.));
#11274=DIRECTION('',(1.,0.,0.));
#11275=DIRECTION('',(0.,1.,0.));
#11276=DIRECTION('',(0.,1.,0.));
#11277=DIRECTION('',(-0.148340452930243,0.,-0.988936352868298));
#11278=DIRECTION('',(0.988936352868298,0.,-0.148340452930243));
#11279=DIRECTION('',(-0.148340452930243,0.,-0.988936352868298));
#11280=DIRECTION('',(0.,-1.,0.));
#11281=DIRECTION('',(-0.148340452930245,0.,0.988936352868297));
#11282=DIRECTION('',(0.,1.,0.));
#11283=DIRECTION('',(-0.988936352868297,0.,-0.148340452930245));
#11284=DIRECTION('',(-0.148340452930245,0.,0.988936352868297));
#11285=DIRECTION('',(1.,0.,0.));
#11286=DIRECTION('',(0.,0.,-1.));
#11287=DIRECTION('',(0.,1.,0.));
#11288=DIRECTION('',(-1.,0.,0.));
#11289=DIRECTION('',(-1.,0.,-3.85185988877447E-033));
#11290=DIRECTION('',(0.,1.,0.));
#11291=DIRECTION('',(-1.00000000000001,0.,0.));
#11292=DIRECTION('',(0.,0.,1.));
#11293=DIRECTION('',(1.,0.,0.));
#11294=DIRECTION('',(0.,0.,1.));
#11295=DIRECTION('',(0.,-1.,0.));
#11296=DIRECTION('',(-1.00000000000001,0.,0.));
#11297=DIRECTION('',(-1.,0.,0.));
#11298=DIRECTION('',(0.,-1.,0.));
#11299=DIRECTION('',(-1.,0.,0.));
#11300=DIRECTION('',(0.,0.,-1.));
#11301=DIRECTION('',(0.,-1.,0.));
#11302=DIRECTION('',(1.,0.,0.));
#11303=DIRECTION('',(-1.,0.,0.));
#11304=DIRECTION('',(0.,0.,1.));
#11305=DIRECTION('',(0.,-1.,0.));
#11306=DIRECTION('',(1.,0.,0.));
#11307=DIRECTION('',(-1.,0.,0.));
#11308=DIRECTION('',(0.,-1.,0.));
#11309=DIRECTION('',(1.,0.,0.));
#11310=DIRECTION('',(0.,0.,-1.));
#11311=DIRECTION('',(0.,1.,0.));
#11312=DIRECTION('',(-1.,0.,0.));
#11313=DIRECTION('',(0.,1.,0.));
#11314=DIRECTION('',(0.,0.,1.));
#11315=DIRECTION('',(0.,1.,0.));
#11316=DIRECTION('',(1.,0.,0.));
#11317=DIRECTION('',(0.,1.,0.));
#11318=DIRECTION('',(0.,-1.,0.));
#11319=DIRECTION('',(0.,-1.,0.));
#11320=DIRECTION('',(0.,0.,-1.));
#11321=DIRECTION('',(-1.,0.,0.));
#11322=DIRECTION('',(0.,-1.,0.));
#11323=DIRECTION('',(1.,0.,0.));
#11324=DIRECTION('',(0.,1.,0.));
#11325=DIRECTION('',(-1.,0.,0.));
#11326=DIRECTION('',(-1.,0.,0.));
#11327=DIRECTION('',(0.,1.,0.));
#11328=DIRECTION('',(-1.00000000000001,0.,0.));
#11329=DIRECTION('',(0.,-1.,0.));
#11330=DIRECTION('',(1.,0.,0.));
#11331=DIRECTION('',(0.,0.,1.));
#11332=DIRECTION('',(-1.00000000000003,0.,0.));
#11333=DIRECTION('',(0.,0.,1.));
#11334=DIRECTION('',(0.,0.999999999999994,0.));
#11335=DIRECTION('',(0.,0.,1.));
#11336=DIRECTION('',(0.,-0.999999999999994,0.));
#11337=DIRECTION('',(0.,0.,1.));
#11338=DIRECTION('',(-0.999999999999994,0.,0.));
#11339=DIRECTION('',(0.,0.,1.));
#11340=DIRECTION('',(0.,0.999999999999994,0.));
#11341=DIRECTION('',(0.,0.,-1.));
#11342=DIRECTION('',(0.,0.999999999999994,0.));
#11343=DIRECTION('',(0.,1.,0.));
#11344=DIRECTION('',(1.,0.,0.));
#11345=DIRECTION('',(0.,1.,0.));
#11346=DIRECTION('',(0.,-1.,0.));
#11347=DIRECTION('',(0.,1.,0.));
#11348=DIRECTION('',(3.85185988877447E-033,0.,-1.));
#11349=DIRECTION('',(-1.,0.,0.));
#11350=DIRECTION('',(0.,-1.,0.));
#11351=DIRECTION('',(-1.,0.,0.));
#11352=DIRECTION('',(0.,-1.,0.));
#11353=DIRECTION('',(0.,1.,0.));
#11354=DIRECTION('',(0.,-1.,0.));
#11355=DIRECTION('',(0.,0.,1.));
#11356=DIRECTION('',(0.,-1.,0.));
#11357=DIRECTION('',(0.,1.,0.));
#11358=DIRECTION('',(-1.00000000000001,0.,0.));
#11359=DIRECTION('',(0.,1.,0.));
#11360=DIRECTION('',(-1.,0.,0.));
#11361=DIRECTION('',(-1.,0.,0.));
#11362=DIRECTION('',(0.,0.999999999999994,0.));
#11363=DIRECTION('',(0.,1.,0.));
#11364=DIRECTION('',(-1.00000000000001,0.,0.));
#11365=DIRECTION('',(-1.,0.,0.));
#11366=DIRECTION('',(0.,0.999999999999994,0.));
#11367=DIRECTION('',(-1.,0.,0.));
#11368=DIRECTION('',(0.,-0.999999999999994,0.));
#11369=DIRECTION('',(0.,1.,0.));
#11370=DIRECTION('',(-1.,0.,0.));
#11371=DIRECTION('',(0.,1.,0.));
#11372=DIRECTION('',(-1.,0.,0.));
#11373=DIRECTION('',(0.,1.,0.));
#11374=DIRECTION('',(-1.00000000000001,0.,0.));
#11375=DIRECTION('',(0.,0.,-1.));
#11376=DIRECTION('',(-1.,0.,0.));
#11377=DIRECTION('',(-0.707106781186547,0.707106781186547,0.));
#11378=DIRECTION('',(-0.707106781186548,-0.707106781186547,0.));
#11379=DIRECTION('',(0.,0.,1.));
#11380=DIRECTION('',(1.00000000000001,0.,0.));
#11381=DIRECTION('',(-1.,0.,0.));
#11382=DIRECTION('',(0.,1.,0.));
#11383=DIRECTION('',(0.,0.,-1.));
#11384=DIRECTION('',(1.,0.,0.));
#11385=DIRECTION('',(-0.707106781186547,-0.707106781186547,0.));
#11386=DIRECTION('',(-0.707106781186548,0.707106781186547,0.));
#11387=DIRECTION('',(0.,0.,1.));
#11388=DIRECTION('',(1.00000000000001,0.,0.));
#11389=DIRECTION('',(0.,1.,0.));
#11390=DIRECTION('',(-1.,0.,0.));
#11391=DIRECTION('',(0.,0.,-1.));
#11392=DIRECTION('',(1.,0.,0.));
#11393=DIRECTION('',(0.,-1.,0.));
#11394=DIRECTION('',(1.,0.,0.));
#11395=DIRECTION('',(0.,1.,0.));
#11396=DIRECTION('',(1.,0.,0.));
#11397=DIRECTION('',(-0.707106781186547,0.707106781186547,0.));
#11398=DIRECTION('',(0.,1.,0.));
#11399=DIRECTION('',(-1.,-1.27854029774234E-016,0.));
#11400=DIRECTION('',(0.,-1.,0.));
#11401=DIRECTION('',(1.,0.,0.));
#11402=DIRECTION('',(0.,1.,0.));
#11403=DIRECTION('',(1.,0.,0.));
#11404=DIRECTION('',(0.,-1.,0.));
#11405=DIRECTION('',(1.,0.,0.));
#11406=DIRECTION('',(0.,-1.,0.));
#11407=DIRECTION('',(1.,0.,0.));
#11408=DIRECTION('',(0.,-1.,0.));
#11409=DIRECTION('',(-0.707106781186547,0.707106781186548,0.));
#11410=DIRECTION('',(1.,0.,0.));
#11411=DIRECTION('',(0.,1.,0.));
#11412=DIRECTION('',(1.,0.,0.));
#11413=DIRECTION('',(0.,1.,0.));
#11414=DIRECTION('',(1.,0.,0.));
#11415=DIRECTION('',(0.,-1.,0.));
#11416=DIRECTION('',(-0.707106781186547,-0.707106781186547,0.));
#11417=DIRECTION('',(-1.,0.,0.));
#11418=DIRECTION('',(0.,1.,0.));
#11419=DIRECTION('',(-1.,0.,0.));
#11420=DIRECTION('',(0.,-1.,0.));
#11421=DIRECTION('',(-1.,0.,0.));
#11422=DIRECTION('',(0.,1.,0.));
#11423=DIRECTION('',(1.,0.,0.));
#11424=DIRECTION('',(0.,0.,-1.));
#11425=DIRECTION('',(-0.999999999999994,0.,0.));
#11426=DIRECTION('',(0.,-1.,0.));
#11427=DIRECTION('',(0.,0.,-1.));
#11428=DIRECTION('',(-0.999999999999994,0.,0.));
#11429=DIRECTION('',(-1.,0.,0.));
#11430=DIRECTION('',(0.,1.,0.));
#11431=DIRECTION('',(-1.,0.,0.));
#11432=DIRECTION('',(0.,0.,1.));
#11433=DIRECTION('',(1.,0.,0.));
#11434=DIRECTION('',(0.,0.,-1.));
#11435=DIRECTION('',(0.,0.,-1.));
#11436=DIRECTION('',(0.,1.,0.));
#11437=DIRECTION('',(0.,0.,-1.));
#11438=DIRECTION('',(0.,0.,1.));
#11439=DIRECTION('',(0.,-1.,0.));
#11440=DIRECTION('',(0.,0.,1.));
#11441=DIRECTION('',(0.,0.,-1.));
#11442=DIRECTION('',(0.,0.,1.));
#11443=DIRECTION('',(0.,1.,0.));
#11444=DIRECTION('',(0.,0.,-1.));
#11445=DIRECTION('',(0.,-1.,0.));
#11446=DIRECTION('',(1.,0.,0.));
#11447=DIRECTION('',(0.,0.,-1.));
#11448=DIRECTION('',(0.,0.,-1.));
#11449=DIRECTION('',(0.,0.,1.));
#11450=DIRECTION('',(-1.,-1.27854029774234E-016,0.));
#11451=DIRECTION('',(0.,0.,1.));
#11452=DIRECTION('',(-1.,0.,0.));
#11453=DIRECTION('',(0.,0.,1.));
#11454=DIRECTION('',(-1.,-1.27854029774234E-016,0.));
#11455=DIRECTION('',(0.,0.,1.));
#11456=DIRECTION('',(1.,0.,0.));
#11457=DIRECTION('',(0.,0.,1.));
#11458=DIRECTION('',(-1.,-1.27854029774234E-016,0.));
#11459=DIRECTION('',(0.,0.,-1.));
#11460=DIRECTION('',(1.,0.,0.));
#11461=DIRECTION('',(0.,0.,-1.));
#11462=DIRECTION('',(-1.,0.,0.));
#11463=DIRECTION('',(0.,0.,-1.));
#11464=DIRECTION('',(1.,0.,0.));
#11465=DIRECTION('',(0.,0.,-1.));
#11466=DIRECTION('',(-1.27854029774234E-016,1.,0.));
#11467=DIRECTION('',(-1.,-1.28369537222284E-016,0.));
#11468=DIRECTION('',(0.,0.,-1.));
#11469=DIRECTION('',(0.,0.,-1.));
#11470=DIRECTION('',(1.,0.,0.));
#11471=DIRECTION('',(0.,0.,-1.));
#11472=DIRECTION('',(0.,0.,-1.));
#11473=DIRECTION('',(1.,0.,0.));
#11474=DIRECTION('',(0.,0.,1.));
#11475=DIRECTION('',(1.,0.,0.));
#11476=DIRECTION('',(0.,0.,1.));
#11477=DIRECTION('',(1.,0.,0.));
#11478=DIRECTION('',(0.,0.,1.));
#11479=DIRECTION('',(1.,0.,0.));
#11480=DIRECTION('',(0.,0.,1.));
#11481=DIRECTION('',(-1.,0.,0.));
#11482=DIRECTION('',(0.,0.,1.));
#11483=DIRECTION('',(1.,0.,0.));
#11484=DIRECTION('',(0.,0.,-1.));
#11485=DIRECTION('',(-1.,0.,0.));
#11486=DIRECTION('',(0.,-1.,0.));
#11487=DIRECTION('',(0.,0.,1.));
#11488=DIRECTION('',(0.707106781186548,-0.707106781186547,0.));
#11489=DIRECTION('',(-0.707106781186547,-0.707106781186548,0.));
#11490=DIRECTION('',(0.,0.,1.));
#11491=DIRECTION('',(1.,0.,0.));
#11492=DIRECTION('',(0.,0.,-1.));
#11493=DIRECTION('',(-1.,0.,0.));
#11494=DIRECTION('',(-0.499999999999995,-0.499999999999995,-0.707106781186555));
#11495=DIRECTION('',(-0.500000000000005,-0.500000000000005,0.70710678118654));
#11496=DIRECTION('',(-1.14356120708988E-016,0.894427190999916,-0.447213595499958));
#11497=DIRECTION('',(5.7178060354494E-017,-0.447213595499958,-0.894427190999916));
#11498=DIRECTION('',(-0.894427190999916,0.,-0.447213595499958));
#11499=DIRECTION('',(0.447213595499958,0.,-0.894427190999916));
#11500=DIRECTION('',(0.,0.,1.));
#11501=DIRECTION('',(0.,0.,1.));
#11502=DIRECTION('',(1.,0.,0.));
#11503=DIRECTION('',(-0.500000000000001,-0.500000000000002,0.707106781186546));
#11504=DIRECTION('',(0.499999999999999,0.499999999999999,0.707106781186549));
#11505=DIRECTION('',(0.,0.,-1.));
#11506=DIRECTION('',(-1.,0.,0.));
#11507=DIRECTION('',(0.707106781186548,0.707106781186547,0.));
#11508=DIRECTION('',(0.,0.,1.));
#11509=DIRECTION('',(1.,0.,0.));
#11510=DIRECTION('',(-0.707106781186547,0.707106781186548,0.));
#11511=DIRECTION('',(0.,0.,-1.));
#11512=DIRECTION('',(-1.,0.,0.));
#11513=DIRECTION('',(0.499999999999995,-0.499999999999995,0.707106781186555));
#11514=DIRECTION('',(-0.500000000000005,0.500000000000005,0.70710678118654));
#11515=DIRECTION('',(0.500000000000001,-0.500000000000002,-0.707106781186546));
#11516=DIRECTION('',(0.499999999999999,-0.499999999999999,0.707106781186549));
#11517=DIRECTION('',(0.,0.,1.));
#11518=DIRECTION('',(1.,0.,0.));
#11519=DIRECTION('',(0.,0.,-1.));
#11520=DIRECTION('',(-0.894427190999916,0.,-0.447213595499958));
#11521=DIRECTION('',(0.447213595499958,0.,-0.894427190999916));
#11522=DIRECTION('',(0.,-0.894427190999916,-0.447213595499958));
#11523=DIRECTION('',(0.,0.447213595499958,-0.894427190999916));
#11524=DIRECTION('',(0.,0.,-1.));
#11525=DIRECTION('',(-1.,0.,0.));
#11526=DIRECTION('',(-0.499999999999995,0.499999999999995,0.707106781186555));
#11527=DIRECTION('',(0.500000000000005,-0.500000000000005,0.70710678118654));
#11528=DIRECTION('',(-0.500000000000001,0.500000000000002,-0.707106781186546));
#11529=DIRECTION('',(-0.499999999999999,0.499999999999999,0.707106781186549));
#11530=DIRECTION('',(0.,0.,1.));
#11531=DIRECTION('',(1.00000000000001,0.,0.));
#11532=DIRECTION('',(0.894427190999915,0.,-0.447213595499959));
#11533=DIRECTION('',(-0.447213595499959,0.,-0.894427190999915));
#11534=DIRECTION('',(-1.14356120708988E-016,0.894427190999916,-0.447213595499958));
#11535=DIRECTION('',(5.7178060354494E-017,-0.447213595499958,-0.894427190999916));
#11536=DIRECTION('',(0.,0.,-1.));
#11537=DIRECTION('',(-1.00000000000001,0.,0.));
#11538=DIRECTION('',(0.499999999999995,0.499999999999995,-0.707106781186555));
#11539=DIRECTION('',(0.500000000000005,0.500000000000005,0.70710678118654));
#11540=DIRECTION('',(0.,0.,1.));
#11541=DIRECTION('',(1.00000000000001,0.,0.));
#11542=DIRECTION('',(0.,-0.894427190999916,-0.447213595499958));
#11543=DIRECTION('',(0.,0.447213595499958,-0.894427190999916));
#11544=DIRECTION('',(0.894427190999915,0.,-0.447213595499959));
#11545=DIRECTION('',(-0.447213595499959,0.,-0.894427190999915));
#11546=DIRECTION('',(0.500000000000001,0.500000000000002,0.707106781186546));
#11547=DIRECTION('',(-0.499999999999999,-0.499999999999999,0.707106781186549));
#11548=DIRECTION('',(0.,0.,-1.));
#11549=DIRECTION('',(-1.00000000000001,0.,0.));
#11550=DIRECTION('',(0.,0.,1.));
#11551=DIRECTION('',(0.999999999999999,0.,0.));
#11552=DIRECTION('',(0.,0.,-1.));
#11553=DIRECTION('',(-1.,0.,0.));
#11554=DIRECTION('',(0.999999999978792,6.51279940401196E-006,0.));
#11555=DIRECTION('',(0.,1.,0.));
#11556=DIRECTION('',(1.,0.,0.));
#11557=DIRECTION('',(0.,-1.,0.));
#11558=DIRECTION('',(-1.,0.,0.));
#11559=DIRECTION('',(0.,1.,0.));
#11560=DIRECTION('',(0.,0.,-1.));
#11561=DIRECTION('',(-1.,0.,0.));
#11562=DIRECTION('',(0.,0.,-1.));
#11563=DIRECTION('',(0.,-1.,0.));
#11564=DIRECTION('',(0.,0.,-1.));
#11565=DIRECTION('',(0.,-1.,0.));
#11566=DIRECTION('',(0.,0.,1.));
#11567=DIRECTION('',(0.,1.,0.));
#11568=DIRECTION('',(-1.,0.,0.));
#11569=DIRECTION('',(0.,0.,1.));
#11570=DIRECTION('',(0.,-1.,0.));
#11571=DIRECTION('',(0.,0.,-1.));
#11572=DIRECTION('',(0.,1.,0.));
#11573=DIRECTION('',(0.,0.,-1.));
#11574=DIRECTION('',(0.,-1.,0.));
#11575=DIRECTION('',(0.,0.,1.));
#11576=DIRECTION('',(0.,0.,-1.));
#11577=DIRECTION('',(0.,-1.,0.));
#11578=DIRECTION('',(0.,0.,-1.));
#11579=DIRECTION('',(0.,-1.,0.));
#11580=DIRECTION('',(0.,-1.,0.));
#11581=DIRECTION('',(0.,1.,0.));
#11582=DIRECTION('',(0.,0.,-1.));
#11583=DIRECTION('',(1.78893358460108E-015,0.,-1.));
#11584=DIRECTION('',(0.,-1.,0.));
#11585=DIRECTION('',(1.78893358460108E-015,0.,-1.));
#11586=DIRECTION('',(-1.,0.,0.));
#11587=DIRECTION('',(0.,0.,1.));
#11588=DIRECTION('',(0.,0.,1.));
#11589=DIRECTION('',(-1.,0.,0.));
#11590=DIRECTION('',(0.,0.,1.));
#11591=DIRECTION('',(1.,0.,0.));
#11592=DIRECTION('',(0.,0.,-1.));
#11593=DIRECTION('',(-1.,0.,0.));
#11594=DIRECTION('',(0.,1.,0.));
#11595=DIRECTION('',(0.,0.,-1.));
#11596=DIRECTION('',(1.,0.,0.));
#11597=DIRECTION('',(0.,0.,1.));
#11598=DIRECTION('',(-1.,0.,0.));
#11599=DIRECTION('',(0.,0.,-1.));
#11600=DIRECTION('',(0.,-1.,0.));
#11601=DIRECTION('',(0.,0.,1.));
#11602=DIRECTION('',(-1.,0.,0.));
#11603=DIRECTION('',(0.,1.,0.));
#11604=DIRECTION('',(1.,1.27854029774234E-016,0.));
#11605=DIRECTION('',(0.,-1.,0.));
#11606=DIRECTION('',(0.,0.,1.));
#11607=DIRECTION('',(-1.,0.,0.));
#11608=DIRECTION('',(0.,0.,1.));
#11609=DIRECTION('',(-1.,0.,0.));
#11610=DIRECTION('',(0.,0.,1.));
#11611=DIRECTION('',(-1.,0.,0.));
#11612=DIRECTION('',(0.,-1.,0.));
#11613=DIRECTION('',(0.,0.,1.));
#11614=DIRECTION('',(-1.,0.,0.));
#11615=DIRECTION('',(0.,0.,1.));
#11616=DIRECTION('',(1.,0.,0.));
#11617=DIRECTION('',(0.,0.,-1.));
#11618=DIRECTION('',(0.,1.,0.));
#11619=DIRECTION('',(0.,0.,1.));
#11620=DIRECTION('',(1.,0.,0.));
#11621=DIRECTION('',(0.,0.,-1.));
#11622=DIRECTION('',(-1.,0.,0.));
#11623=DIRECTION('',(-1.,0.,0.));
#11624=DIRECTION('',(0.,-1.,0.));
#11625=DIRECTION('',(0.,0.,1.));
#11626=DIRECTION('',(1.,0.,0.));
#11627=DIRECTION('',(0.,1.,0.));
#11628=DIRECTION('',(-1.,0.,0.));
#11629=DIRECTION('',(0.,1.,0.));
#11630=DIRECTION('',(-1.,0.,0.));
#11631=DIRECTION('',(0.,-1.,0.));
#11632=DIRECTION('',(0.,-1.,0.));
#11633=DIRECTION('',(0.,0.,1.));
#11634=DIRECTION('',(-0.123601476740493,0.,-0.992331937885489));
#11635=DIRECTION('',(-0.123601476740493,0.,-0.992331937885489));
#11636=DIRECTION('',(-0.992331937885489,0.,0.123601476740493));
#11637=DIRECTION('',(0.123601476740493,0.,0.992331937885489));
#11638=DIRECTION('',(0.,1.,0.));
#11639=DIRECTION('',(0.,0.,-1.));
#11640=DIRECTION('',(0.,1.,0.));
#11641=DIRECTION('',(0.,0.,-1.));
#11642=DIRECTION('',(0.,1.,0.));
#11643=DIRECTION('',(-1.,0.,0.));
#11644=DIRECTION('',(0.,-1.,0.));
#11645=DIRECTION('',(0.,1.,0.));
#11646=DIRECTION('',(-1.,0.,0.));
#11647=DIRECTION('',(0.,-1.,0.));
#11648=DIRECTION('',(0.,-1.,0.));
#11649=DIRECTION('',(0.,0.,1.));
#11650=DIRECTION('',(0.0749787268263283,0.,-0.997185133525116));
#11651=DIRECTION('',(0.0749787268263283,0.,-0.997185133525116));
#11652=DIRECTION('',(-0.997185133525116,0.,-0.0749787268263283));
#11653=DIRECTION('',(-0.0749787268263283,0.,0.997185133525116));
#11654=DIRECTION('',(1.,0.,0.));
#11655=DIRECTION('',(1.,0.,0.));
#11656=DIRECTION('',(0.,0.,-1.));
#11657=DIRECTION('',(-1.,0.,0.));
#11658=DIRECTION('',(0.,1.,0.));
#11659=DIRECTION('',(0.,0.,-1.));
#11660=DIRECTION('',(0.,1.,0.));
#11661=DIRECTION('',(0.,0.,-1.));
#11662=DIRECTION('',(0.,0.,1.));
#11663=DIRECTION('',(0.,0.,1.));
#11664=DIRECTION('',(1.,0.,0.));
#11665=DIRECTION('',(0.,1.,0.));
#11666=DIRECTION('',(0.,0.,-1.));
#11667=DIRECTION('',(0.,-1.,0.));
#11668=DIRECTION('',(0.,-1.,0.));
#11669=DIRECTION('',(1.,0.,0.));
#11670=DIRECTION('',(0.,0.,1.));
#11671=DIRECTION('',(1.,0.,0.));
#11672=DIRECTION('',(0.,-0.227229615606418,0.973841209741793));
#11673=DIRECTION('',(0.,-0.227229615606418,0.973841209741793));
#11674=DIRECTION('',(0.,0.973841209741793,0.227229615606418));
#11675=DIRECTION('',(0.,0.227229615606418,-0.973841209741793));
#11676=DIRECTION('',(1.,0.,0.));
#11677=DIRECTION('',(0.,0.,-1.));
#11678=DIRECTION('',(1.,0.,0.));
#11679=DIRECTION('',(0.,0.,-1.));
#11680=DIRECTION('',(0.,0.,1.));
#11681=DIRECTION('',(1.,0.,0.));
#11682=DIRECTION('',(0.,0.,1.));
#11683=DIRECTION('',(0.,0.,1.));
#11684=DIRECTION('',(0.,-1.,0.));
#11685=DIRECTION('',(0.,0.,-1.));
#11686=DIRECTION('',(0.,1.,0.));
#11687=DIRECTION('',(1.,0.,0.));
#11688=DIRECTION('',(0.,1.,0.));
#11689=DIRECTION('',(0.,0.,1.));
#11690=DIRECTION('',(1.,0.,0.));
#11691=DIRECTION('',(0.,0.227229615606418,0.973841209741793));
#11692=DIRECTION('',(0.,0.227229615606418,0.973841209741793));
#11693=DIRECTION('',(0.,-0.973841209741793,0.227229615606418));
#11694=DIRECTION('',(0.,-0.227229615606418,-0.973841209741793));
#11695=DIRECTION('',(0.,1.,0.));
#11696=DIRECTION('',(1.,0.,0.));
#11697=DIRECTION('',(0.,0.,-1.));
#11698=DIRECTION('',(1.,0.,0.));
#11699=DIRECTION('',(0.,0.,-1.));
#11700=DIRECTION('',(-0.707106781186547,0.707106781186548,0.));
#11701=DIRECTION('',(-0.499999999999993,0.500000000000005,-0.707106781186549));
#11702=DIRECTION('',(0.500000000000011,-0.499999999999999,-0.707106781186541));
#11703=DIRECTION('',(-0.707106781186548,-0.707106781186547,0.));
#11704=DIRECTION('',(0.707106781186547,-0.707106781186548,0.));
#11705=DIRECTION('',(0.707106781186548,0.707106781186547,0.));
#11706=DIRECTION('',(0.,0.,-1.));
#11707=DIRECTION('',(-1.,0.,0.));
#11708=DIRECTION('',(0.707106781186547,0.707106781186548,0.));
#11709=DIRECTION('',(0.500000000000011,0.499999999999999,-0.707106781186541));
#11710=DIRECTION('',(-0.499999999999993,-0.500000000000005,-0.707106781186549));
#11711=DIRECTION('',(-0.707106781186547,-0.707106781186548,0.));
#11712=DIRECTION('',(-0.707106781186548,0.707106781186547,0.));
#11713=DIRECTION('',(0.707106781186547,0.707106781186548,0.));
#11714=DIRECTION('',(0.707106781186548,-0.707106781186547,0.));
#11715=DIRECTION('',(0.,0.,-1.));
#11716=DIRECTION('',(-1.,0.,0.));
#11717=DIRECTION('',(-0.707106781186548,0.707106781186547,0.));
#11718=DIRECTION('',(-0.707106781186547,-0.707106781186547,0.));
#11719=DIRECTION('',(0.,-1.,0.));
#11720=DIRECTION('',(0.,0.,-1.));
#11721=DIRECTION('',(1.,0.,0.));
#11722=DIRECTION('',(-0.707106781186548,-0.707106781186547,0.));
#11723=DIRECTION('',(-0.707106781186547,0.707106781186547,0.));
#11724=DIRECTION('',(-1.,0.,0.));
#11725=DIRECTION('',(0.,0.,-1.));
#11726=DIRECTION('',(1.,0.,0.));
#11727=DIRECTION('',(0.,0.,-1.));
#11728=DIRECTION('',(1.,0.,0.));
#11729=DIRECTION('',(0.,0.,-1.));
#11730=DIRECTION('',(-1.,0.,0.));
#11731=DIRECTION('',(0.,1.,0.));
#11732=DIRECTION('',(0.,0.,-1.));
#11733=DIRECTION('',(-1.,0.,0.));
#11734=DIRECTION('',(0.,0.,1.));
#11735=DIRECTION('',(0.,0.,-1.));
#11736=DIRECTION('',(-1.,0.,0.));
#11737=DIRECTION('',(0.,0.,-1.));
#11738=DIRECTION('',(1.,0.,0.));
#11739=DIRECTION('',(0.,0.,-1.));
#11740=DIRECTION('',(-1.,0.,0.));
#11741=DIRECTION('',(-1.,-8.67361737988403E-016,0.));
#11742=DIRECTION('',(-8.67361737988404E-016,1.,0.));
#11743=DIRECTION('',(1.,0.,0.));
#11744=DIRECTION('',(0.,0.,-1.));
#11745=DIRECTION('',(0.,1.,0.));
#11746=DIRECTION('',(0.,0.,1.));
#11747=DIRECTION('',(0.,1.,0.));
#11748=DIRECTION('',(0.,0.,-1.));
#11749=DIRECTION('',(0.,0.,-1.));
#11750=DIRECTION('',(1.,0.,0.));
#11751=DIRECTION('',(0.,0.,-1.));
#11752=DIRECTION('',(-1.,0.,0.));
#11753=DIRECTION('',(0.,0.,-1.));
#11754=DIRECTION('',(-1.,0.,0.));
#11755=DIRECTION('',(-1.,0.,0.));
#11756=DIRECTION('',(0.,0.,1.));
#11757=DIRECTION('',(0.,0.,-1.));
#11758=DIRECTION('',(-1.,0.,0.));
#11759=DIRECTION('',(1.,0.,0.));
#11760=DIRECTION('',(0.,0.,1.));
#11761=DIRECTION('',(-1.,0.,0.));
#11762=DIRECTION('',(0.,0.,1.));
#11763=DIRECTION('',(0.,0.,1.));
#11764=DIRECTION('',(-1.,0.,0.));
#11765=DIRECTION('',(0.,0.,-1.));
#11766=DIRECTION('',(-1.,0.,0.));
#11767=DIRECTION('',(-0.408248290463864,0.408248290463863,-0.816496580927725));
#11768=DIRECTION('',(0.408248290463864,0.408248290463863,0.816496580927725));
#11769=DIRECTION('',(-0.894427190999915,0.,0.447213595499959));
#11770=DIRECTION('',(0.447213595499959,0.,0.894427190999915));
#11771=DIRECTION('',(-0.408248290463863,0.408248290463863,0.816496580927726));
#11772=DIRECTION('',(1.,0.,0.));
#11773=DIRECTION('',(-1.,0.,0.));
#11774=DIRECTION('',(1.14356120708988E-016,-0.894427190999916,0.447213595499958));
#11775=DIRECTION('',(0.,0.447213595499958,0.894427190999916));
#11776=DIRECTION('',(-1.,0.,0.));
#11777=DIRECTION('',(1.,0.,0.));
#11778=DIRECTION('',(0.408248290463863,0.408248290463863,-0.816496580927726));
#11779=DIRECTION('',(0.,0.894427190999916,0.447213595499958));
#11780=DIRECTION('',(0.,0.447213595499958,-0.894427190999916));
#11781=DIRECTION('',(0.894427190999916,0.,0.447213595499958));
#11782=DIRECTION('',(0.447213595499958,0.,-0.894427190999916));
#11783=DIRECTION('',(-1.,0.,0.));
#11784=DIRECTION('',(0.,-1.,0.));
#11785=DIRECTION('',(1.,0.,0.));
#11786=DIRECTION('',(-1.,0.,0.));
#11787=DIRECTION('',(0.,-1.,0.));
#11788=DIRECTION('',(1.,0.,0.));
#11789=DIRECTION('',(1.,0.,0.));
#11790=DIRECTION('',(0.,0.,-0.999999999999999));
#11791=DIRECTION('',(0.,-0.999390827019096,0.0348994967025048));
#11792=DIRECTION('',(0.,-0.999390827019096,0.0348994967025048));
#11793=DIRECTION('',(0.,0.0348994967025048,0.999390827019096));
#11794=DIRECTION('',(0.,0.999390827019096,-0.0348994967025048));
#11795=DIRECTION('',(0.,0.556110857931,-0.831108123947328));
#11796=DIRECTION('',(0.,0.556110857931,-0.831108123947328));
#11797=DIRECTION('',(0.,-0.831108123947328,-0.556110857931));
#11798=DIRECTION('',(0.,-0.556110857931,0.831108123947328));
#11799=DIRECTION('',(-1.,0.,0.));
#11800=DIRECTION('',(0.,0.,1.));
#11801=DIRECTION('',(-1.,0.,0.));
#11802=DIRECTION('',(0.,0.,1.));
#11803=DIRECTION('',(-1.,0.,0.));
#11804=DIRECTION('',(0.,-1.,0.));
#11805=DIRECTION('',(-1.,0.,0.));
#11806=DIRECTION('',(-1.,0.,0.));
#11807=DIRECTION('',(0.,-1.,0.));
#11808=DIRECTION('',(-1.,0.,0.));
#11809=DIRECTION('',(-1.,0.,0.));
#11810=DIRECTION('',(0.,0.,-0.999999999999999));
#11811=DIRECTION('',(0.,-0.999390827019096,0.0348994967025048));
#11812=DIRECTION('',(0.,-0.999390827019096,0.0348994967025048));
#11813=DIRECTION('',(0.,0.0348994967025048,0.999390827019096));
#11814=DIRECTION('',(0.,0.999390827019096,-0.0348994967025048));
#11815=DIRECTION('',(0.,0.556110857931,-0.831108123947328));
#11816=DIRECTION('',(0.,0.556110857931,-0.831108123947328));
#11817=DIRECTION('',(0.,-0.831108123947328,-0.556110857931));
#11818=DIRECTION('',(0.,-0.556110857931,0.831108123947328));
#11819=DIRECTION('',(1.,0.,0.));
#11820=DIRECTION('',(0.,0.,1.));
#11821=DIRECTION('',(1.,0.,0.));
#11822=DIRECTION('',(0.,0.,1.));
#11823=DIRECTION('',(1.,0.,0.));
#11824=DIRECTION('',(0.,0.999999999999999,0.));
#11825=DIRECTION('',(1.,0.,0.));
#11826=DIRECTION('',(1.,0.,0.));
#11827=DIRECTION('',(0.,0.999999999999999,0.));
#11828=DIRECTION('',(1.,0.,0.));
#11829=DIRECTION('',(1.,0.,0.));
#11830=DIRECTION('',(0.,0.,-0.999999999999999));
#11831=DIRECTION('',(0.,0.999390827019096,0.0348994967025048));
#11832=DIRECTION('',(0.,0.999390827019096,0.0348994967025048));
#11833=DIRECTION('',(0.,-0.0348994967025048,0.999390827019096));
#11834=DIRECTION('',(0.,-0.999390827019096,-0.0348994967025048));
#11835=DIRECTION('',(0.,-0.556110857931,-0.831108123947328));
#11836=DIRECTION('',(0.,-0.556110857931,-0.831108123947328));
#11837=DIRECTION('',(0.,0.831108123947328,-0.556110857931));
#11838=DIRECTION('',(0.,0.556110857931,0.831108123947328));
#11839=DIRECTION('',(-1.,0.,0.));
#11840=DIRECTION('',(0.,0.,1.));
#11841=DIRECTION('',(-1.,0.,0.));
#11842=DIRECTION('',(0.,0.,1.));
#11843=DIRECTION('',(1.,0.,0.));
#11844=DIRECTION('',(0.,0.999999999999999,0.));
#11845=DIRECTION('',(-1.,0.,0.));
#11846=DIRECTION('',(1.,0.,0.));
#11847=DIRECTION('',(0.,0.999999999999999,0.));
#11848=DIRECTION('',(-1.,0.,0.));
#11849=DIRECTION('',(-1.,0.,0.));
#11850=DIRECTION('',(0.,0.,-0.999999999999999));
#11851=DIRECTION('',(0.,0.999390827019096,0.0348994967025048));
#11852=DIRECTION('',(0.,0.999390827019096,0.0348994967025048));
#11853=DIRECTION('',(0.,-0.0348994967025048,0.999390827019096));
#11854=DIRECTION('',(0.,-0.999390827019096,-0.0348994967025048));
#11855=DIRECTION('',(0.,-0.556110857931,-0.831108123947328));
#11856=DIRECTION('',(0.,-0.556110857931,-0.831108123947328));
#11857=DIRECTION('',(0.,0.831108123947328,-0.556110857931));
#11858=DIRECTION('',(0.,0.556110857931,0.831108123947328));
#11859=DIRECTION('',(1.,0.,0.));
#11860=DIRECTION('',(0.,0.,1.));
#11861=DIRECTION('',(1.,0.,0.));
#11862=DIRECTION('',(0.,0.,1.));
#11863=DIRECTION('',(0.,0.,-1.));
#11864=DIRECTION('',(1.,0.,0.));
#11865=DIRECTION('',(1.,0.,0.));
#11866=DIRECTION('',(0.,1.,0.));
#11867=DIRECTION('',(0.,0.,1.));
#11868=DIRECTION('',(1.,0.,0.));
#11869=DIRECTION('',(0.,0.,-1.));
#11870=DIRECTION('',(0.,1.,0.));
#11871=DIRECTION('',(0.,0.,-1.));
#11872=DIRECTION('',(-1.,0.,0.));
#11873=DIRECTION('',(0.,0.,1.));
#11874=DIRECTION('',(-6.51279940401196E-006,0.999999999978792,0.));
#11875=DIRECTION('',(0.999999999978792,6.51279940568072E-006,0.));
#11876=DIRECTION('',(0.,0.,1.));
#11877=DIRECTION('',(0.999999999978792,6.51279940401196E-006,0.));
#11878=DIRECTION('',(0.,0.,-1.));
#11879=DIRECTION('',(-0.999999999978792,-6.51279940401196E-006,0.));
#11880=DIRECTION('',(-6.51279940401196E-006,0.999999999978792,0.));
#11881=DIRECTION('',(-0.999999999978792,-6.51279940401192E-006,0.));
#11882=DIRECTION('',(0.,-1.,0.));
#11883=DIRECTION('',(0.,0.,-1.));
#11884=DIRECTION('',(-1.,0.,0.));
#11885=DIRECTION('',(0.,0.,0.999999999999994));
#11886=DIRECTION('',(0.,-1.,0.));
#11887=DIRECTION('',(1.,0.,0.));
#11888=DIRECTION('',(0.,0.,-1.));
#11889=DIRECTION('',(0.,0.,-1.));
#11890=DIRECTION('',(-1.,0.,0.));
#11891=DIRECTION('',(0.,0.,-1.));
#11892=DIRECTION('',(-1.,0.,0.));
#11893=DIRECTION('',(1.,0.,0.));
#11894=DIRECTION('',(0.,1.,0.));
#11895=DIRECTION('',(0.,0.,1.));
#11896=DIRECTION('',(1.,0.,0.));
#11897=DIRECTION('',(0.,0.,-1.));
#11898=DIRECTION('',(-1.,0.,0.));
#11899=DIRECTION('',(0.,0.,-1.));
#11900=DIRECTION('',(-1.,0.,0.));
#11901=DIRECTION('',(0.,0.,-1.));
#11902=DIRECTION('',(-1.,0.,0.));
#11903=DIRECTION('',(0.,0.,-1.));
#11904=DIRECTION('',(-1.,0.,0.));
#11905=DIRECTION('',(0.,0.,-1.));
#11906=DIRECTION('',(-1.,0.,0.));
#11907=DIRECTION('',(0.,0.,-1.));
#11908=DIRECTION('',(-1.,0.,0.));
#11909=DIRECTION('',(0.,0.,-1.));
#11910=DIRECTION('',(1.,0.,0.));
#11911=DIRECTION('',(0.,0.,-1.));
#11912=DIRECTION('',(-1.,0.,0.));
#11913=DIRECTION('',(0.,0.,-1.));
#11914=DIRECTION('',(1.,0.,0.));
#11915=DIRECTION('',(0.,0.,-1.));
#11916=DIRECTION('',(-1.,0.,0.));
#11917=DIRECTION('',(0.,0.,-1.));
#11918=DIRECTION('',(1.,0.,0.));
#11919=DIRECTION('',(0.,0.,-1.));
#11920=DIRECTION('',(-1.,0.,0.));
#11921=DIRECTION('',(0.,0.,1.));
#11922=DIRECTION('',(1.,0.,-4.85479833356831E-017));
#11923=DIRECTION('',(0.,-0.707106781186547,-0.707106781186547));
#11924=DIRECTION('',(0.,-0.707106781186547,0.707106781186547));
#11925=DIRECTION('',(0.,0.,-1.));
#11926=DIRECTION('',(1.,0.,0.));
#11927=DIRECTION('',(0.,0.,-1.));
#11928=DIRECTION('',(-1.,0.,0.));
#11929=DIRECTION('',(0.999999999978792,6.51279940406938E-006,7.22801448308336E-016));
#11930=DIRECTION('',(6.51279940405442E-006,-0.99999999997879,0.));
#11931=DIRECTION('',(0.707104478560487,0.70710908380511,0.));
#11932=DIRECTION('',(-0.70710908380511,0.707104478560487,0.));
#11933=DIRECTION('',(0.999999999978792,6.51279940401196E-006,0.));
#11934=DIRECTION('',(-6.51279940278952E-006,0.99999999997879,0.));
#11935=DIRECTION('',(7.2280144832367E-016,1.,0.));
#11936=DIRECTION('',(1.,0.,0.));
#11937=DIRECTION('',(0.,1.,0.));
#11938=DIRECTION('',(0.,0.,-1.00000000000001));
#11939=DIRECTION('',(0.,0.,1.));
#11940=DIRECTION('',(-1.,0.,0.));
#11941=DIRECTION('',(0.707106781186547,0.,-0.707106781186547));
#11942=DIRECTION('',(0.707106781186547,0.,0.707106781186547));
#11943=DIRECTION('',(0.,0.,1.));
#11944=DIRECTION('',(1.,0.,0.));
#11945=DIRECTION('',(0.,1.,0.));
#11946=DIRECTION('',(0.,0.,1.00000000000001));
#11947=DIRECTION('',(0.,-1.,0.));
#11948=DIRECTION('',(0.,0.,1.00000000000001));
#11949=DIRECTION('',(1.,0.,0.));
#11950=DIRECTION('',(0.,0.,1.00000000000001));
#11951=DIRECTION('',(1.,0.,0.));
#11952=DIRECTION('',(0.,0.,-1.00000000000001));
#11953=DIRECTION('',(0.,0.,-1.));
#11954=DIRECTION('',(1.,0.,0.));
#11955=DIRECTION('',(0.,0.,-1.));
#11956=DIRECTION('',(-1.,0.,0.));
#11957=DIRECTION('',(0.,0.,-1.));
#11958=DIRECTION('',(-1.,0.,6.24032427031379E-017));
#11959=DIRECTION('',(-0.707106781186548,0.707106781186547,0.));
#11960=DIRECTION('',(-0.500000000000012,-0.500000000000012,-0.707106781186531));
#11961=DIRECTION('',(0.499999999999995,0.499999999999995,-0.707106781186555));
#11962=DIRECTION('',(-1.94289029309402E-016,-0.816496580927732,-0.577350269189618));
#11963=DIRECTION('',(0.499999999999999,0.499999999999999,-0.707106781186549));
#11964=DIRECTION('',(0.500000000000001,0.500000000000001,0.707106781186546));
#11965=DIRECTION('',(1.66533453693773E-016,0.816496580927725,-0.577350269189627));
#11966=DIRECTION('',(-0.500000000000007,0.500000000000007,-0.707106781186537));
#11967=DIRECTION('',(-0.707106781186548,-0.707106781186547,0.));
#11968=DIRECTION('',(0.499999999999995,-0.499999999999995,-0.707106781186555));
#11969=DIRECTION('',(-1.94289029309402E-016,0.816496580927732,-0.577350269189618));
#11970=DIRECTION('',(0.499999999999996,-0.499999999999996,-0.707106781186554));
#11971=DIRECTION('',(0.500000000000001,-0.500000000000001,0.707106781186546));
#11972=DIRECTION('',(1.66533453693773E-016,-0.816496580927725,-0.577350269189627));
#11973=DIRECTION('',(0.707106781186548,0.707106781186547,0.));
#11974=DIRECTION('',(-0.499999999999995,0.499999999999995,-0.707106781186555));
#11975=DIRECTION('',(1.94289029309402E-016,-0.816496580927732,-0.577350269189618));
#11976=DIRECTION('',(-0.500000000000001,0.500000000000001,0.707106781186546));
#11977=DIRECTION('',(-1.66533453693773E-016,0.816496580927725,-0.577350269189627));
#11978=DIRECTION('',(0.707106781186548,-0.707106781186547,0.));
#11979=DIRECTION('',(-0.499999999999995,-0.499999999999995,-0.707106781186555));
#11980=DIRECTION('',(1.94289029309402E-016,0.816496580927732,-0.577350269189618));
#11981=DIRECTION('',(-0.500000000000001,-0.500000000000001,0.707106781186546));
#11982=DIRECTION('',(-1.66533453693773E-016,-0.816496580927725,-0.577350269189627));
#11983=DIRECTION('',(0.707106781186547,0.,-0.707106781186548));
#11984=DIRECTION('',(0.,-1.,0.));
#11985=DIRECTION('',(0.707106781186547,0.,-0.707106781186548));
#11986=DIRECTION('',(0.707106781186548,0.,0.707106781186547));
#11987=DIRECTION('',(0.707106781186547,0.,-0.707106781186548));
#11988=DIRECTION('',(1.,0.,0.));
#11989=DIRECTION('',(0.,0.,-1.));
#11990=DIRECTION('',(0.,1.,0.));
#11991=DIRECTION('',(0.,0.,-1.));
#11992=DIRECTION('',(0.,1.,0.));
#11993=DIRECTION('',(0.,0.,-1.));
#11994=DIRECTION('',(-1.,0.,0.));
#11995=DIRECTION('',(0.,0.,1.));
#11996=DIRECTION('',(1.,0.,0.));
#11997=DIRECTION('',(0.,1.,0.));
#11998=DIRECTION('',(0.,0.,-1.));
#11999=DIRECTION('',(0.,0.,-1.));
#12000=DIRECTION('',(-1.,0.,0.));
#12001=DIRECTION('',(0.,0.,-1.));
#12002=DIRECTION('',(0.,0.,-1.));
#12003=DIRECTION('',(0.707106781186547,-0.707106781186547,0.));
#12004=DIRECTION('',(0.707106781186547,0.707106781186547,0.));
#12005=DIRECTION('',(1.,0.,0.));
#12006=DIRECTION('',(0.,0.,-1.));
#12007=DIRECTION('',(0.,-1.,0.));
#12008=DIRECTION('',(0.,0.,1.));
#12009=DIRECTION('',(1.,0.,0.));
#12010=DIRECTION('',(0.,0.,-1.));
#12011=DIRECTION('',(0.,1.,0.));
#12012=DIRECTION('',(0.,0.,-1.));
#12013=DIRECTION('',(0.,0.,1.));
#12014=DIRECTION('',(-1.,0.,0.));
#12015=DIRECTION('',(0.,-1.,0.));
#12016=DIRECTION('',(0.,0.,1.));
#12017=DIRECTION('',(0.,1.,0.));
#12018=DIRECTION('',(0.,0.,-1.));
#12019=DIRECTION('',(0.,0.,1.));
#12020=DIRECTION('',(1.,0.,0.));
#12021=DIRECTION('',(0.,0.,-1.));
#12022=DIRECTION('',(0.,-1.,0.));
#12023=DIRECTION('',(0.,0.,1.));
#12024=DIRECTION('',(1.,0.,0.));
#12025=DIRECTION('',(0.,0.,-1.));
#12026=DIRECTION('',(0.,0.,-1.));
#12027=DIRECTION('',(0.707106781186547,0.707106781186547,0.));
#12028=DIRECTION('',(0.707106781186547,-0.707106781186547,0.));
#12029=DIRECTION('',(1.,0.,0.));
#12030=DIRECTION('',(0.,0.,-1.));
#12031=DIRECTION('',(0.,1.,0.));
#12032=DIRECTION('',(0.,0.,1.));
#12033=DIRECTION('',(0.,0.707106781186547,0.707106781186547));
#12034=DIRECTION('',(0.,0.707106781186547,-0.707106781186547));
#12035=DIRECTION('',(0.,0.,-1.));
#12036=DIRECTION('',(-0.999999999999994,0.,0.));
#12037=DIRECTION('',(0.,0.707106781186547,-0.707106781186547));
#12038=DIRECTION('',(0.,0.707106781186547,0.707106781186547));
#12039=DIRECTION('',(0.,1.,0.));
#12040=DIRECTION('',(0.,0.,-1.));
#12041=DIRECTION('',(0.,0.,-1.));
#12042=DIRECTION('',(-0.999999999999994,0.,0.));
#12043=DIRECTION('',(0.,1.,0.));
#12044=DIRECTION('',(-1.,0.,0.));
#12045=DIRECTION('',(0.,1.,0.));
#12046=DIRECTION('',(-1.,0.,0.));
#12047=DIRECTION('',(0.,0.,-1.));
#12048=DIRECTION('',(-1.,0.,0.));
#12049=DIRECTION('',(0.,-1.,0.));
#12050=DIRECTION('',(-0.999999999999999,0.,0.));
#12051=DIRECTION('',(0.,0.,-1.));
#12052=DIRECTION('',(0.,0.,-1.));
#12053=DIRECTION('',(1.,0.,0.));
#12054=DIRECTION('',(-0.124034734589209,0.,-0.992277876713668));
#12055=DIRECTION('',(0.,0.,-1.));
#12056=DIRECTION('',(0.,1.,0.));
#12057=DIRECTION('',(1.,0.,0.));
#12058=DIRECTION('',(-1.,0.,0.));
#12059=DIRECTION('',(0.,0.,-1.));
#12060=DIRECTION('',(0.624695047554424,0.,-0.78086880944303));
#12061=DIRECTION('',(0.,0.,-1.));
#12062=DIRECTION('',(1.,0.,0.));
#12063=DIRECTION('',(0.,0.,-1.));
#12064=DIRECTION('',(-0.624695047554424,0.,-0.78086880944303));
#12065=DIRECTION('',(0.,0.,-1.));
#12066=DIRECTION('',(1.,0.,0.));
#12067=DIRECTION('',(0.,1.,0.));
#12068=DIRECTION('',(0.999999999999994,0.,0.));
#12069=DIRECTION('',(0.,0.,-1.));
#12070=DIRECTION('',(0.124034734589209,0.,-0.992277876713668));
#12071=DIRECTION('',(-1.,0.,0.));
#12072=DIRECTION('',(0.,1.,0.));
#12073=DIRECTION('',(-1.,0.,0.));
#12074=DIRECTION('',(0.,-1.,0.));
#12075=DIRECTION('',(-0.999999999999999,0.,0.));
#12076=DIRECTION('',(0.,0.,-1.));
#12077=DIRECTION('',(-1.,0.,0.));
#12078=DIRECTION('',(0.124034734589209,0.,-0.992277876713668));
#12079=DIRECTION('',(0.,0.,-1.));
#12080=DIRECTION('',(0.,-1.,0.));
#12081=DIRECTION('',(0.999999999999994,0.,0.));
#12082=DIRECTION('',(1.,0.,0.));
#12083=DIRECTION('',(0.,0.,-1.));
#12084=DIRECTION('',(-0.624695047554424,0.,-0.78086880944303));
#12085=DIRECTION('',(0.,0.,-1.));
#12086=DIRECTION('',(-1.,0.,0.));
#12087=DIRECTION('',(0.,0.,-1.));
#12088=DIRECTION('',(0.624695047554424,0.,-0.78086880944303));
#12089=DIRECTION('',(0.,0.,-1.));
#12090=DIRECTION('',(-1.,0.,0.));
#12091=DIRECTION('',(0.,-1.,0.));
#12092=DIRECTION('',(1.,0.,0.));
#12093=DIRECTION('',(0.,0.,-1.));
#12094=DIRECTION('',(-0.124034734589209,0.,-0.992277876713668));
#12095=DIRECTION('',(1.,0.,0.));
#12096=DIRECTION('',(0.,0.,-1.));
#12097=DIRECTION('',(0.,1.,0.));
#12098=DIRECTION('',(-1.,0.,0.));
#12099=DIRECTION('',(0.,-1.,0.));
#12100=DIRECTION('',(1.,0.,0.));
#12101=DIRECTION('',(0.,1.,0.));
#12102=DIRECTION('',(0.,-1.,0.));
#12103=DIRECTION('',(1.,0.,0.));
#12104=DIRECTION('',(0.,1.,0.));
#12105=DIRECTION('',(0.,-1.,0.));
#12106=DIRECTION('',(0.,-1.,0.));
#12107=DIRECTION('',(1.,0.,0.));
#12108=DIRECTION('',(0.,1.,0.));
#12109=DIRECTION('',(0.,1.,0.));
#12110=DIRECTION('',(0.,1.,0.));
#12111=DIRECTION('',(0.,0.,1.));
#12112=DIRECTION('',(0.,-1.,0.));
#12113=DIRECTION('',(0.,1.,0.));
#12114=DIRECTION('',(1.,0.,0.));
#12115=DIRECTION('',(0.,1.,0.));
#12116=DIRECTION('',(0.,1.,0.));
#12117=DIRECTION('',(0.78086880944303,0.,-0.624695047554424));
#12118=DIRECTION('',(-0.624695047554424,0.,-0.78086880944303));
#12119=DIRECTION('',(0.,-1.,0.));
#12120=DIRECTION('',(1.,0.,0.));
#12121=DIRECTION('',(0.,1.,0.));
#12122=DIRECTION('',(0.,-1.,0.));
#12123=DIRECTION('',(1.,0.,0.));
#12124=DIRECTION('',(0.,1.,0.));
#12125=DIRECTION('',(-1.,0.,0.));
#12126=DIRECTION('',(0.,0.,-1.));
#12127=DIRECTION('',(0.,1.,0.));
#12128=DIRECTION('',(0.,1.,0.));
#12129=DIRECTION('',(0.,1.,0.));
#12130=DIRECTION('',(1.,0.,0.));
#12131=DIRECTION('',(0.,1.,0.));
#12132=DIRECTION('',(0.,1.,0.));
#12133=DIRECTION('',(0.78086880944303,0.,0.624695047554424));
#12134=DIRECTION('',(0.624695047554424,0.,-0.78086880944303));
#12135=DIRECTION('',(0.,1.,0.));
#12136=DIRECTION('',(1.,0.,0.));
#12137=DIRECTION('',(0.,1.,0.));
#12138=DIRECTION('',(0.,-1.,0.));
#12139=DIRECTION('',(0.,0.,-1.));
#12140=DIRECTION('',(0.,1.,0.));
#12141=DIRECTION('',(0.,1.,0.));
#12142=DIRECTION('',(0.,-1.,0.));
#12143=DIRECTION('',(1.,0.,0.));
#12144=DIRECTION('',(0.,1.,0.));
#12145=DIRECTION('',(0.,-1.,0.));
#12146=DIRECTION('',(0.999999999999999,0.,0.));
#12147=DIRECTION('',(0.,-1.,0.));
#12148=DIRECTION('',(0.,0.,-1.));
#12149=DIRECTION('',(0.,1.,0.));
#12150=DIRECTION('',(-0.992277876713668,0.,0.124034734589209));
#12151=DIRECTION('',(0.124034734589209,0.,0.992277876713668));
#12152=DIRECTION('',(0.,-1.,0.));
#12153=DIRECTION('',(0.,0.,-1.));
#12154=DIRECTION('',(0.,1.,0.));
#12155=DIRECTION('',(0.992277876713668,0.,0.124034734589209));
#12156=DIRECTION('',(-0.124034734589209,0.,0.992277876713668));
#12157=DIRECTION('',(0.696310623822792,0.174077655955698,0.696310623822791));
#12158=DIRECTION('',(-0.696310623822792,0.174077655955698,-0.696310623822791));
#12159=DIRECTION('',(0.707106781186547,0.,-0.707106781186548));
#12160=DIRECTION('',(-0.707106781186548,0.,-0.707106781186547));
#12161=DIRECTION('',(0.696310623822792,-0.174077655955698,-0.696310623822791));
#12162=DIRECTION('',(-0.696310623822792,-0.174077655955698,0.696310623822791));
#12163=DIRECTION('',(0.707106781186547,0.,0.707106781186548));
#12164=DIRECTION('',(0.707106781186548,0.,-0.707106781186547));
#12165=DIRECTION('',(0.,0.970142500145332,0.242535625036333));
#12166=DIRECTION('',(0.,-0.242535625036333,0.970142500145332));
#12167=DIRECTION('',(0.,0.970142500145332,-0.242535625036333));
#12168=DIRECTION('',(0.,0.242535625036333,0.970142500145332));
#12169=DIRECTION('',(0.,1.,0.));
#12170=DIRECTION('',(-1.,0.,0.));
#12171=DIRECTION('',(0.,1.,0.));
#12172=DIRECTION('',(-0.999999999999994,0.,0.));
#12173=CARTESIAN_POINT('',(0.,0.,0.));
#12174=CARTESIAN_POINT('',(19.,10.95,4.5));
#12175=CARTESIAN_POINT('',(19.,10.95,4.5));
#12176=CARTESIAN_POINT('',(19.,11.75,4.5));
#12177=CARTESIAN_POINT('',(18.4,10.95,4.5));
#12178=CARTESIAN_POINT('',(14.2,10.95,4.5));
#12179=CARTESIAN_POINT('',(14.2,10.95,4.5));
#12180=CARTESIAN_POINT('',(14.2,11.75,4.5));
#12181=CARTESIAN_POINT('',(18.4,11.75,4.5));
#12182=CARTESIAN_POINT('',(6.45,6.85,4.5));
#12183=CARTESIAN_POINT('',(16.6,11.75,13.8716024917757));
#12184=CARTESIAN_POINT('',(15.9,11.75,13.8716024917757));
#12185=CARTESIAN_POINT('',(19.,11.75,5.97160249177573));
#12186=CARTESIAN_POINT('',(19.,11.75,4.67160249177573));
#12187=CARTESIAN_POINT('',(14.2,11.75,5.97160249177573));
#12188=CARTESIAN_POINT('',(14.2,11.75,4.67160249177573));
#12189=CARTESIAN_POINT('',(14.1,11.75,4.67160249177573));
#12190=CARTESIAN_POINT('',(14.1,11.75,4.67160249177573));
#12191=CARTESIAN_POINT('',(14.2,11.75,5.47160249177573));
#12192=CARTESIAN_POINT('',(14.2,11.75,5.47160249177573));
#12193=CARTESIAN_POINT('',(14.2,11.75,5.97160249177573));
#12194=CARTESIAN_POINT('',(14.2,11.75,5.77160249177573));
#12195=CARTESIAN_POINT('',(14.4,11.75,5.77160249177573));
#12196=CARTESIAN_POINT('',(14.4,11.75,5.97160249177573));
#12197=CARTESIAN_POINT('',(15.,11.75,5.97160249177573));
#12198=CARTESIAN_POINT('',(15.,11.75,5.97160249177573));
#12199=CARTESIAN_POINT('',(15.,11.75,7.67160249177573));
#12200=CARTESIAN_POINT('',(15.,11.75,7.67160249177573));
#12201=CARTESIAN_POINT('',(14.2,11.75,8.67160249177573));
#12202=CARTESIAN_POINT('',(14.2,11.75,8.67160249177573));
#12203=CARTESIAN_POINT('',(14.2,11.75,17.0716024917757));
#12204=CARTESIAN_POINT('',(14.2,11.75,16.2716024917757));
#12205=CARTESIAN_POINT('',(18.2,11.75,16.2716024917757));
#12206=CARTESIAN_POINT('',(19.,11.75,16.2716024917757));
#12207=CARTESIAN_POINT('',(19.,11.75,17.0716024917757));
#12208=CARTESIAN_POINT('',(19.,11.75,8.67160249177573));
#12209=CARTESIAN_POINT('',(19.,11.75,8.67160249177573));
#12210=CARTESIAN_POINT('',(18.2,11.75,7.67160249177573));
#12211=CARTESIAN_POINT('',(18.2,11.75,7.67160249177573));
#12212=CARTESIAN_POINT('',(18.2,11.75,5.97160249177573));
#12213=CARTESIAN_POINT('',(18.2,11.75,5.97160249177573));
#12214=CARTESIAN_POINT('',(18.8,11.75,5.97160249177573));
#12215=CARTESIAN_POINT('',(18.8,11.75,5.77160249177573));
#12216=CARTESIAN_POINT('',(19.,11.75,5.77160249177573));
#12217=CARTESIAN_POINT('',(19.,11.75,5.97160249177573));
#12218=CARTESIAN_POINT('',(19.,11.75,5.47160249177573));
#12219=CARTESIAN_POINT('',(19.,11.75,5.47160249177573));
#12220=CARTESIAN_POINT('',(19.1,11.75,4.67160249177573));
#12221=CARTESIAN_POINT('',(19.1,11.75,4.67160249177573));
#12222=CARTESIAN_POINT('',(18.4,11.75,-1.72839750822426));
#12223=CARTESIAN_POINT('',(16.6,10.95,13.8716024917757));
#12224=CARTESIAN_POINT('',(15.9,10.95,13.8716024917757));
#12225=CARTESIAN_POINT('',(19.,10.95,5.97160249177573));
#12226=CARTESIAN_POINT('',(19.,10.95,4.67160249177573));
#12227=CARTESIAN_POINT('',(19.1,10.95,4.67160249177573));
#12228=CARTESIAN_POINT('',(19.1,10.95,4.67160249177573));
#12229=CARTESIAN_POINT('',(19.,10.95,5.47160249177573));
#12230=CARTESIAN_POINT('',(19.,10.95,5.47160249177573));
#12231=CARTESIAN_POINT('',(19.,10.95,5.97160249177573));
#12232=CARTESIAN_POINT('',(19.,10.95,5.77160249177573));
#12233=CARTESIAN_POINT('',(18.8,10.95,5.77160249177573));
#12234=CARTESIAN_POINT('',(18.8,10.95,5.97160249177573));
#12235=CARTESIAN_POINT('',(18.2,10.95,5.97160249177573));
#12236=CARTESIAN_POINT('',(18.2,10.95,5.97160249177573));
#12237=CARTESIAN_POINT('',(18.2,10.95,7.67160249177573));
#12238=CARTESIAN_POINT('',(18.2,10.95,7.67160249177573));
#12239=CARTESIAN_POINT('',(19.,10.95,8.67160249177573));
#12240=CARTESIAN_POINT('',(19.,10.95,8.67160249177573));
#12241=CARTESIAN_POINT('',(19.,10.95,17.0716024917757));
#12242=CARTESIAN_POINT('',(19.,10.95,16.2716024917757));
#12243=CARTESIAN_POINT('',(18.4,10.95,16.2716024917757));
#12244=CARTESIAN_POINT('',(14.2,10.95,16.2716024917757));
#12245=CARTESIAN_POINT('',(14.2,10.95,17.0716024917757));
#12246=CARTESIAN_POINT('',(14.2,10.95,8.67160249177573));
#12247=CARTESIAN_POINT('',(14.2,10.95,8.67160249177573));
#12248=CARTESIAN_POINT('',(15.,10.95,7.67160249177573));
#12249=CARTESIAN_POINT('',(15.,10.95,7.67160249177573));
#12250=CARTESIAN_POINT('',(15.,10.95,5.97160249177573));
#12251=CARTESIAN_POINT('',(15.,10.95,5.97160249177573));
#12252=CARTESIAN_POINT('',(14.4,10.95,5.97160249177573));
#12253=CARTESIAN_POINT('',(14.4,10.95,5.77160249177573));
#12254=CARTESIAN_POINT('',(14.2,10.95,5.77160249177573));
#12255=CARTESIAN_POINT('',(14.2,10.95,5.97160249177573));
#12256=CARTESIAN_POINT('',(14.2,10.95,5.47160249177573));
#12257=CARTESIAN_POINT('',(14.2,10.95,5.47160249177573));
#12258=CARTESIAN_POINT('',(14.1,10.95,4.67160249177573));
#12259=CARTESIAN_POINT('',(14.1,10.95,4.67160249177573));
#12260=CARTESIAN_POINT('',(14.2,10.95,4.67160249177573));
#12261=CARTESIAN_POINT('',(14.2,10.95,5.97160249177573));
#12262=CARTESIAN_POINT('',(18.4,10.95,-1.72839750822426));
#12263=CARTESIAN_POINT('',(19.,11.75,4.67160249177573));
#12264=CARTESIAN_POINT('',(19.,10.95,5.97160249177573));
#12265=CARTESIAN_POINT('',(14.2,11.75,4.67160249177573));
#12266=CARTESIAN_POINT('',(14.2,10.95,5.97160249177573));
#12267=CARTESIAN_POINT('',(19.,10.95,5.77160249177573));
#12268=CARTESIAN_POINT('',(19.,11.75,5.47160249177573));
#12269=CARTESIAN_POINT('',(19.,10.95,5.97160249177573));
#12270=CARTESIAN_POINT('',(18.8,10.95,5.97160249177573));
#12271=CARTESIAN_POINT('',(18.2,10.95,5.97160249177573));
#12272=CARTESIAN_POINT('',(18.2,10.95,5.97160249177573));
#12273=CARTESIAN_POINT('',(18.2,10.95,7.67160249177573));
#12274=CARTESIAN_POINT('',(18.2,10.95,7.67160249177573));
#12275=CARTESIAN_POINT('',(19.,10.95,8.67160249177573));
#12276=CARTESIAN_POINT('',(19.,10.95,8.67160249177573));
#12277=CARTESIAN_POINT('',(19.,10.95,16.2716024917757));
#12278=CARTESIAN_POINT('',(19.,10.95,17.0716024917757));
#12279=CARTESIAN_POINT('',(15.,10.95,17.0716024917757));
#12280=CARTESIAN_POINT('',(15.,11.55,17.0716024917757));
#12281=CARTESIAN_POINT('',(15.,11.15,17.0716024917757));
#12282=CARTESIAN_POINT('',(19.,11.15,17.0716024917757));
#12283=CARTESIAN_POINT('',(18.2,11.15,17.0716024917757));
#12284=CARTESIAN_POINT('',(18.2,11.75,17.0716024917757));
#12285=CARTESIAN_POINT('',(18.2,11.55,17.0716024917757));
#12286=CARTESIAN_POINT('',(15.,11.55,17.0716024917757));
#12287=CARTESIAN_POINT('',(19.,10.95,17.0716024917757));
#12288=CARTESIAN_POINT('',(14.2,10.95,16.2716024917757));
#12289=CARTESIAN_POINT('',(14.2,10.95,8.67160249177573));
#12290=CARTESIAN_POINT('',(14.2,10.95,17.0716024917757));
#12291=CARTESIAN_POINT('',(15.,10.95,7.67160249177573));
#12292=CARTESIAN_POINT('',(14.2,10.95,8.67160249177573));
#12293=CARTESIAN_POINT('',(15.,10.95,5.97160249177573));
#12294=CARTESIAN_POINT('',(15.,10.95,7.67160249177573));
#12295=CARTESIAN_POINT('',(14.4,10.95,5.97160249177573));
#12296=CARTESIAN_POINT('',(15.,10.95,5.97160249177573));
#12297=CARTESIAN_POINT('',(14.2,10.95,5.77160249177573));
#12298=CARTESIAN_POINT('',(14.2,11.75,5.47160249177573));
#12299=CARTESIAN_POINT('',(14.2,10.95,5.97160249177573));
#12300=CARTESIAN_POINT('',(16.6,11.75,13.8716024917757));
#12301=CARTESIAN_POINT('',(14.1,11.75,4.67160249177573));
#12302=CARTESIAN_POINT('',(14.1,11.75,4.67160249177573));
#12303=CARTESIAN_POINT('',(14.2,11.75,5.47160249177573));
#12304=CARTESIAN_POINT('',(19.1,11.75,4.67160249177573));
#12305=CARTESIAN_POINT('',(19.1,11.75,4.67160249177573));
#12306=CARTESIAN_POINT('',(19.,11.75,5.47160249177573));
#12307=CARTESIAN_POINT('',(14.2,10.95,16.2716024917757));
#12308=CARTESIAN_POINT('',(14.2969696969697,11.7257575757576,16.3685721887454));
#12309=CARTESIAN_POINT('',(14.2,10.95,16.2716024917757));
#12310=CARTESIAN_POINT('',(18.2242424242424,11.1439393939394,17.0473600675333));
#12311=CARTESIAN_POINT('',(18.1272727272727,11.5318181818182,17.144329764503));
#12312=CARTESIAN_POINT('',(18.2,10.95,17.0716024917757));
#12313=CARTESIAN_POINT('',(19.,11.55,17.0716024917757));
#12314=CARTESIAN_POINT('',(18.4,10.95,16.2716024917757));
#12315=CARTESIAN_POINT('',(14.4,10.95,5.77160249177573));
#12316=CARTESIAN_POINT('',(18.8,10.95,5.77160249177573));
#12317=CARTESIAN_POINT('',(2.2,3.70000000000001,4.5));
#12318=CARTESIAN_POINT('',(2.2,2.84000000000001,4.5));
#12319=CARTESIAN_POINT('',(2.2,10.86,4.5));
#12320=CARTESIAN_POINT('',(2.2,10.86,4.5));
#12321=CARTESIAN_POINT('',(3.,10.86,4.5));
#12322=CARTESIAN_POINT('',(3.,3.70000000000001,4.5));
#12323=CARTESIAN_POINT('',(3.,2.84000000000001,4.5));
#12324=CARTESIAN_POINT('',(2.2,2.84000000000001,4.5));
#12325=CARTESIAN_POINT('',(6.45,6.85,4.5));
#12326=CARTESIAN_POINT('',(3.,6.85000000000001,12.5));
#12327=CARTESIAN_POINT('',(3.,5.95000000000001,12.5));
#12328=CARTESIAN_POINT('',(3.,2.85000000000001,4.6));
#12329=CARTESIAN_POINT('',(3.,2.85000000000001,4.6));
#12330=CARTESIAN_POINT('',(3.,10.85,4.6));
#12331=CARTESIAN_POINT('',(3.,10.85,4.59999999999998));
#12332=CARTESIAN_POINT('',(3.,10.85,1.));
#12333=CARTESIAN_POINT('',(3.,10.85,5.4));
#12334=CARTESIAN_POINT('',(3.,10.65,5.4));
#12335=CARTESIAN_POINT('',(3.,10.65,5.6));
#12336=CARTESIAN_POINT('',(3.,10.85,5.6));
#12337=CARTESIAN_POINT('',(3.,10.,5.6));
#12338=CARTESIAN_POINT('',(3.,10.,5.6));
#12339=CARTESIAN_POINT('',(3.,10.,15.8));
#12340=CARTESIAN_POINT('',(3.,14.25,11.55));
#12341=CARTESIAN_POINT('',(3.,9.80000000000001,16.));
#12342=CARTESIAN_POINT('',(3.,4.9,16.));
#12343=CARTESIAN_POINT('',(3.,3.90000000000002,16.));
#12344=CARTESIAN_POINT('',(3.,-3.69999999999999,8.4));
#12345=CARTESIAN_POINT('',(3.,3.70000000000001,15.8));
#12346=CARTESIAN_POINT('',(3.,3.70000000000001,5.6));
#12347=CARTESIAN_POINT('',(3.,3.70000000000001,5.6));
#12348=CARTESIAN_POINT('',(3.,2.85000000000001,5.6));
#12349=CARTESIAN_POINT('',(3.,3.05000000000001,5.6));
#12350=CARTESIAN_POINT('',(3.,3.05000000000001,5.4));
#12351=CARTESIAN_POINT('',(3.,2.85000000000001,5.4));
#12352=CARTESIAN_POINT('',(3.,2.85000000000001,1.));
#12353=CARTESIAN_POINT('',(3.,3.70000000000001,1.));
#12354=CARTESIAN_POINT('',(2.2,6.85000000000001,12.5));
#12355=CARTESIAN_POINT('',(2.2,5.95000000000001,12.5));
#12356=CARTESIAN_POINT('',(2.2,2.85000000000001,4.6));
#12357=CARTESIAN_POINT('',(2.2,2.85000000000001,4.60000000000001));
#12358=CARTESIAN_POINT('',(2.2,2.85000000000001,1.));
#12359=CARTESIAN_POINT('',(2.2,2.85000000000001,5.4));
#12360=CARTESIAN_POINT('',(2.2,3.05000000000001,5.4));
#12361=CARTESIAN_POINT('',(2.2,3.05000000000001,5.6));
#12362=CARTESIAN_POINT('',(2.2,2.85000000000001,5.6));
#12363=CARTESIAN_POINT('',(2.2,3.70000000000001,5.6));
#12364=CARTESIAN_POINT('',(2.2,3.70000000000001,5.6));
#12365=CARTESIAN_POINT('',(2.2,3.70000000000001,15.8));
#12366=CARTESIAN_POINT('',(2.2,3.70000000000001,15.8));
#12367=CARTESIAN_POINT('',(2.2,3.90000000000001,16.));
#12368=CARTESIAN_POINT('',(2.2,3.70000000000001,16.));
#12369=CARTESIAN_POINT('',(2.2,9.80000000000001,16.));
#12370=CARTESIAN_POINT('',(2.2,8.80000000000001,17.));
#12371=CARTESIAN_POINT('',(2.2,10.,15.8));
#12372=CARTESIAN_POINT('',(2.2,10.,5.6));
#12373=CARTESIAN_POINT('',(2.2,10.,5.6));
#12374=CARTESIAN_POINT('',(2.2,10.85,5.6));
#12375=CARTESIAN_POINT('',(2.2,10.65,5.6));
#12376=CARTESIAN_POINT('',(2.2,10.65,5.4));
#12377=CARTESIAN_POINT('',(2.2,10.85,5.4));
#12378=CARTESIAN_POINT('',(2.2,10.85,1.));
#12379=CARTESIAN_POINT('',(2.2,10.85,4.6));
#12380=CARTESIAN_POINT('',(2.2,10.85,4.6));
#12381=CARTESIAN_POINT('',(2.2,3.70000000000001,1.));
#12382=CARTESIAN_POINT('',(2.2,10.85,4.6));
#12383=CARTESIAN_POINT('',(2.2,10.85,4.6));
#12384=CARTESIAN_POINT('',(2.2,2.85000000000001,4.6));
#12385=CARTESIAN_POINT('',(2.2,2.85000000000001,4.6));
#12386=CARTESIAN_POINT('',(3.,2.85000000000001,5.4));
#12387=CARTESIAN_POINT('',(3.,2.85000000000001,1.));
#12388=CARTESIAN_POINT('',(3.,10.85,5.4));
#12389=CARTESIAN_POINT('',(3.,10.85,1.));
#12390=CARTESIAN_POINT('',(3.,3.05000000000001,5.6));
#12391=CARTESIAN_POINT('',(3.,3.70000000000001,5.6));
#12392=CARTESIAN_POINT('',(3.,2.85000000000001,5.6));
#12393=CARTESIAN_POINT('',(2.2,3.70000000000001,15.8));
#12394=CARTESIAN_POINT('',(3.,3.70000000000001,5.6));
#12395=CARTESIAN_POINT('',(3.,4.9,17.));
#12396=CARTESIAN_POINT('',(2.4,4.9,17.));
#12397=CARTESIAN_POINT('',(2.8,4.9,17.));
#12398=CARTESIAN_POINT('',(2.8,8.80000000000001,17.));
#12399=CARTESIAN_POINT('',(2.8,8.80000000000001,17.));
#12400=CARTESIAN_POINT('',(3.,8.80000000000001,17.));
#12401=CARTESIAN_POINT('',(2.4,8.80000000000001,17.));
#12402=CARTESIAN_POINT('',(2.4,10.,17.));
#12403=CARTESIAN_POINT('',(3.,10.,17.));
#12404=CARTESIAN_POINT('',(3.,10.,15.8));
#12405=CARTESIAN_POINT('',(3.,10.,5.6));
#12406=CARTESIAN_POINT('',(3.,10.,5.6));
#12407=CARTESIAN_POINT('',(3.,10.65,5.6));
#12408=CARTESIAN_POINT('',(3.,10.85,5.6));
#12409=CARTESIAN_POINT('',(2.2,6.85000000000001,12.5));
#12410=CARTESIAN_POINT('',(3.,10.65,5.4));
#12411=CARTESIAN_POINT('',(3.,3.05000000000001,5.4));
#12412=CARTESIAN_POINT('',(2.80392156862745,8.81960784313725,16.9803921568627));
#12413=CARTESIAN_POINT('',(2.41176470588235,8.74117647058823,17.0588235294118));
#12414=CARTESIAN_POINT('',(3.,8.80000000000001,17.));
#12415=CARTESIAN_POINT('',(3.03921568627451,3.70392156862746,15.8039215686275));
#12416=CARTESIAN_POINT('',(2.17647058823529,3.78235294117648,15.8823529411765));
#12417=CARTESIAN_POINT('',(3.,3.70000000000001,15.8));
#12418=CARTESIAN_POINT('',(2.4,10.,17.));
#12419=CARTESIAN_POINT('',(2.8,10.,17.));
#12420=CARTESIAN_POINT('',(19.,7.25,5.));
#12421=CARTESIAN_POINT('',(19.,7.25,5.));
#12422=CARTESIAN_POINT('',(19.,7.25,4.5));
#12423=CARTESIAN_POINT('',(19.,6.45,4.5));
#12424=CARTESIAN_POINT('',(19.,6.45,4.5));
#12425=CARTESIAN_POINT('',(19.,6.45,5.));
#12426=CARTESIAN_POINT('',(19.,6.45,5.));
#12427=CARTESIAN_POINT('',(19.,6.45,5.));
#12428=CARTESIAN_POINT('',(19.,6.45,5.));
#12429=CARTESIAN_POINT('',(14.2,6.45,5.));
#12430=CARTESIAN_POINT('',(14.2,6.45,5.));
#12431=CARTESIAN_POINT('',(14.2,6.45,4.5));
#12432=CARTESIAN_POINT('',(14.2,7.25,4.5));
#12433=CARTESIAN_POINT('',(14.2,7.25,4.5));
#12434=CARTESIAN_POINT('',(14.2,7.25,5.));
#12435=CARTESIAN_POINT('',(14.2,7.25,5.));
#12436=CARTESIAN_POINT('',(14.2,7.25,5.));
#12437=CARTESIAN_POINT('',(14.2,7.25,5.));
#12438=CARTESIAN_POINT('',(14.2,11.75,5.));
#12439=CARTESIAN_POINT('',(14.2,11.75,5.));
#12440=CARTESIAN_POINT('',(14.2,11.75,4.5));
#12441=CARTESIAN_POINT('',(19.,11.75,4.5));
#12442=CARTESIAN_POINT('',(19.,11.75,4.5));
#12443=CARTESIAN_POINT('',(19.,11.75,5.));
#12444=CARTESIAN_POINT('',(19.,11.75,5.));
#12445=CARTESIAN_POINT('',(19.,11.75,5.));
#12446=CARTESIAN_POINT('',(19.,11.75,5.));
#12447=CARTESIAN_POINT('',(14.2,10.95,5.));
#12448=CARTESIAN_POINT('',(14.2,10.95,5.));
#12449=CARTESIAN_POINT('',(14.2,10.95,4.5));
#12450=CARTESIAN_POINT('',(14.2,11.75,4.5));
#12451=CARTESIAN_POINT('',(14.2,11.75,5.));
#12452=CARTESIAN_POINT('',(14.2,11.75,5.));
#12453=CARTESIAN_POINT('',(19.,10.95,5.));
#12454=CARTESIAN_POINT('',(19.,10.95,5.));
#12455=CARTESIAN_POINT('',(19.,10.95,4.5));
#12456=CARTESIAN_POINT('',(14.2,10.95,4.5));
#12457=CARTESIAN_POINT('',(14.2,10.95,5.));
#12458=CARTESIAN_POINT('',(14.2,10.95,5.));
#12459=CARTESIAN_POINT('',(19.,10.95,4.5));
#12460=CARTESIAN_POINT('',(19.,10.95,5.));
#12461=CARTESIAN_POINT('',(19.,10.95,5.));
#12462=CARTESIAN_POINT('',(19.,2.75,5.));
#12463=CARTESIAN_POINT('',(19.,2.75,5.));
#12464=CARTESIAN_POINT('',(19.,2.75,4.5));
#12465=CARTESIAN_POINT('',(19.,1.95,4.5));
#12466=CARTESIAN_POINT('',(19.,1.95,4.5));
#12467=CARTESIAN_POINT('',(19.,1.95,5.));
#12468=CARTESIAN_POINT('',(19.,1.95,5.));
#12469=CARTESIAN_POINT('',(19.,1.95,5.));
#12470=CARTESIAN_POINT('',(19.,1.95,5.));
#12471=CARTESIAN_POINT('',(14.2,2.75,5.));
#12472=CARTESIAN_POINT('',(14.2,2.75,5.));
#12473=CARTESIAN_POINT('',(14.2,2.75,4.5));
#12474=CARTESIAN_POINT('',(19.,2.75,4.5));
#12475=CARTESIAN_POINT('',(19.,2.75,5.));
#12476=CARTESIAN_POINT('',(19.,2.75,5.));
#12477=CARTESIAN_POINT('',(14.2,1.95,5.));
#12478=CARTESIAN_POINT('',(14.2,1.95,5.));
#12479=CARTESIAN_POINT('',(14.2,1.95,4.5));
#12480=CARTESIAN_POINT('',(14.2,2.75,4.5));
#12481=CARTESIAN_POINT('',(14.2,2.75,5.));
#12482=CARTESIAN_POINT('',(14.2,2.75,5.));
#12483=CARTESIAN_POINT('',(14.2,1.95,4.5));
#12484=CARTESIAN_POINT('',(14.2,1.95,5.));
#12485=CARTESIAN_POINT('',(14.2,1.95,5.));
#12486=CARTESIAN_POINT('',(19.,7.25,4.5));
#12487=CARTESIAN_POINT('',(19.,7.25,5.));
#12488=CARTESIAN_POINT('',(19.,7.25,5.));
#12489=CARTESIAN_POINT('',(14.2,6.45,4.5));
#12490=CARTESIAN_POINT('',(14.2,6.45,5.));
#12491=CARTESIAN_POINT('',(14.2,6.45,5.));
#12492=CARTESIAN_POINT('',(3.,10.85,5.));
#12493=CARTESIAN_POINT('',(3.,10.85,5.));
#12494=CARTESIAN_POINT('',(3.,10.85,4.5));
#12495=CARTESIAN_POINT('',(3.,2.85,4.5));
#12496=CARTESIAN_POINT('',(3.,2.85,4.5));
#12497=CARTESIAN_POINT('',(3.,2.85,5.));
#12498=CARTESIAN_POINT('',(3.,2.85,5.));
#12499=CARTESIAN_POINT('',(3.,2.85,5.));
#12500=CARTESIAN_POINT('',(3.,2.85,5.));
#12501=CARTESIAN_POINT('',(2.2,10.85,5.));
#12502=CARTESIAN_POINT('',(2.2,10.85,5.));
#12503=CARTESIAN_POINT('',(2.2,10.85,4.5));
#12504=CARTESIAN_POINT('',(3.,10.85,4.5));
#12505=CARTESIAN_POINT('',(3.,10.85,5.));
#12506=CARTESIAN_POINT('',(3.,10.85,5.));
#12507=CARTESIAN_POINT('',(2.2,2.85,5.));
#12508=CARTESIAN_POINT('',(2.2,2.85,5.));
#12509=CARTESIAN_POINT('',(2.2,2.85,4.5));
#12510=CARTESIAN_POINT('',(2.2,10.85,4.5));
#12511=CARTESIAN_POINT('',(2.2,10.85,5.));
#12512=CARTESIAN_POINT('',(2.2,10.85,5.));
#12513=CARTESIAN_POINT('',(2.2,2.85,4.5));
#12514=CARTESIAN_POINT('',(2.2,2.85,5.));
#12515=CARTESIAN_POINT('',(2.2,2.85,5.));
#12516=CARTESIAN_POINT('',(10.2,2.85,5.));
#12517=CARTESIAN_POINT('',(10.2,2.85,5.));
#12518=CARTESIAN_POINT('',(10.2,2.85,4.5));
#12519=CARTESIAN_POINT('',(10.2,10.85,4.5));
#12520=CARTESIAN_POINT('',(10.2,10.85,4.5));
#12521=CARTESIAN_POINT('',(10.2,10.85,5.));
#12522=CARTESIAN_POINT('',(10.2,10.85,5.));
#12523=CARTESIAN_POINT('',(10.2,10.85,5.));
#12524=CARTESIAN_POINT('',(10.2,10.85,5.));
#12525=CARTESIAN_POINT('',(11.,2.85,5.));
#12526=CARTESIAN_POINT('',(11.,2.85,5.));
#12527=CARTESIAN_POINT('',(11.,2.85,4.5));
#12528=CARTESIAN_POINT('',(10.2,2.85,4.5));
#12529=CARTESIAN_POINT('',(10.2,2.85,5.));
#12530=CARTESIAN_POINT('',(10.2,2.85,5.));
#12531=CARTESIAN_POINT('',(11.,10.85,5.));
#12532=CARTESIAN_POINT('',(11.,10.85,5.));
#12533=CARTESIAN_POINT('',(11.,10.85,4.5));
#12534=CARTESIAN_POINT('',(11.,2.85,4.5));
#12535=CARTESIAN_POINT('',(11.,2.85,5.));
#12536=CARTESIAN_POINT('',(11.,2.85,5.));
#12537=CARTESIAN_POINT('',(11.,10.85,4.5));
#12538=CARTESIAN_POINT('',(11.,10.85,5.));
#12539=CARTESIAN_POINT('',(11.,10.85,5.));
#12540=CARTESIAN_POINT('',(13.1,0.599999999999999,3.97904753830495));
#12541=CARTESIAN_POINT('',(13.1,0.599999999999999,4.5));
#12542=CARTESIAN_POINT('',(13.1,0.6,5.));
#12543=CARTESIAN_POINT('',(16.6,0.599999999999999,4.5));
#12544=CARTESIAN_POINT('',(16.6,0.599999999999999,4.5));
#12545=CARTESIAN_POINT('',(16.6,0.599999999999999,3.97904753830495));
#12546=CARTESIAN_POINT('',(16.6,0.6,5.));
#12547=CARTESIAN_POINT('',(16.6,0.6,5.));
#12548=CARTESIAN_POINT('',(16.6,0.599999999999999,3.97904753830495));
#12549=CARTESIAN_POINT('',(16.6,0.,4.5));
#12550=CARTESIAN_POINT('',(16.6,0.,4.5));
#12551=CARTESIAN_POINT('',(16.6,0.5,4.5));
#12552=CARTESIAN_POINT('',(16.6,0.5,5.));
#12553=CARTESIAN_POINT('',(16.6,0.6,5.));
#12554=CARTESIAN_POINT('',(16.6,0.,5.));
#12555=CARTESIAN_POINT('',(13.1,0.,4.5));
#12556=CARTESIAN_POINT('',(13.1,0.,4.5));
#12557=CARTESIAN_POINT('',(13.1,0.6,5.));
#12558=CARTESIAN_POINT('',(13.1,0.5,5.));
#12559=CARTESIAN_POINT('',(13.1,0.5,4.5));
#12560=CARTESIAN_POINT('',(13.1,0.,5.));
#12561=CARTESIAN_POINT('',(4.6,0.599999999999999,4.5));
#12562=CARTESIAN_POINT('',(8.1,0.599999999999999,4.5));
#12563=CARTESIAN_POINT('',(4.6,0.599999999999999,4.5));
#12564=CARTESIAN_POINT('',(8.1,0.599999999999999,3.97904753830495));
#12565=CARTESIAN_POINT('',(8.1,0.6,5.));
#12566=CARTESIAN_POINT('',(4.6,0.6,5.));
#12567=CARTESIAN_POINT('',(4.6,0.6,5.));
#12568=CARTESIAN_POINT('',(4.6,0.599999999999999,3.97904753830495));
#12569=CARTESIAN_POINT('',(4.6,0.599999999999999,3.97904753830495));
#12570=CARTESIAN_POINT('',(4.6,0.5,4.5));
#12571=CARTESIAN_POINT('',(4.6,0.,4.5));
#12572=CARTESIAN_POINT('',(4.6,0.5,5.));
#12573=CARTESIAN_POINT('',(4.6,0.,4.5));
#12574=CARTESIAN_POINT('',(4.6,0.6,5.));
#12575=CARTESIAN_POINT('',(4.6,0.,5.));
#12576=CARTESIAN_POINT('',(8.1,0.,4.5));
#12577=CARTESIAN_POINT('',(8.1,0.,4.5));
#12578=CARTESIAN_POINT('',(8.1,0.5,4.5));
#12579=CARTESIAN_POINT('',(8.1,0.5,5.));
#12580=CARTESIAN_POINT('',(8.1,0.6,5.));
#12581=CARTESIAN_POINT('',(8.1,0.,5.));
#12582=CARTESIAN_POINT('',(16.6,13.1,3.97904753830495));
#12583=CARTESIAN_POINT('',(16.6,13.1,4.5));
#12584=CARTESIAN_POINT('',(16.6,13.1,5.));
#12585=CARTESIAN_POINT('',(16.6,13.1,4.5));
#12586=CARTESIAN_POINT('',(13.1,13.1,4.5));
#12587=CARTESIAN_POINT('',(13.1,13.1,3.97904753830495));
#12588=CARTESIAN_POINT('',(13.1,13.1,5.));
#12589=CARTESIAN_POINT('',(16.6,13.1,5.));
#12590=CARTESIAN_POINT('',(16.6,13.1,3.97904753830495));
#12591=CARTESIAN_POINT('',(16.6,13.2,4.5));
#12592=CARTESIAN_POINT('',(16.6,13.7,4.5));
#12593=CARTESIAN_POINT('',(16.6,13.2,5.));
#12594=CARTESIAN_POINT('',(16.6,13.7,4.5));
#12595=CARTESIAN_POINT('',(16.6,13.1,5.));
#12596=CARTESIAN_POINT('',(16.6,13.7,5.));
#12597=CARTESIAN_POINT('',(13.1,13.7,4.5));
#12598=CARTESIAN_POINT('',(13.1,13.7,4.5));
#12599=CARTESIAN_POINT('',(13.1,13.2,4.5));
#12600=CARTESIAN_POINT('',(13.1,13.2,5.));
#12601=CARTESIAN_POINT('',(13.1,13.1,5.));
#12602=CARTESIAN_POINT('',(13.1,13.7,5.));
#12603=CARTESIAN_POINT('',(4.6,13.1,4.5));
#12604=CARTESIAN_POINT('',(4.6,13.1,4.5));
#12605=CARTESIAN_POINT('',(8.1,13.1,4.5));
#12606=CARTESIAN_POINT('',(4.6,13.1,3.97904753830495));
#12607=CARTESIAN_POINT('',(4.6,13.1,5.));
#12608=CARTESIAN_POINT('',(4.6,13.1,5.));
#12609=CARTESIAN_POINT('',(8.1,13.1,5.));
#12610=CARTESIAN_POINT('',(8.1,13.1,3.97904753830495));
#12611=CARTESIAN_POINT('',(4.6,13.1,3.97904753830495));
#12612=CARTESIAN_POINT('',(4.6,13.7,4.5));
#12613=CARTESIAN_POINT('',(4.6,13.7,4.5));
#12614=CARTESIAN_POINT('',(4.6,13.2,4.5));
#12615=CARTESIAN_POINT('',(4.6,13.2,5.));
#12616=CARTESIAN_POINT('',(4.6,13.1,5.));
#12617=CARTESIAN_POINT('',(4.6,13.7,5.));
#12618=CARTESIAN_POINT('',(8.1,13.7,4.5));
#12619=CARTESIAN_POINT('',(8.1,13.7,4.5));
#12620=CARTESIAN_POINT('',(8.1,13.1,5.));
#12621=CARTESIAN_POINT('',(8.1,13.2,5.));
#12622=CARTESIAN_POINT('',(8.1,13.2,4.5));
#12623=CARTESIAN_POINT('',(8.1,13.7,5.));
#12624=CARTESIAN_POINT('',(4.2,7.75,5.7));
#12625=CARTESIAN_POINT('',(4.2,7.45,5.7));
#12626=CARTESIAN_POINT('',(4.2,6.25,5.7));
#12627=CARTESIAN_POINT('',(4.5,6.25,5.7));
#12628=CARTESIAN_POINT('',(4.5,5.95,5.7));
#12629=CARTESIAN_POINT('',(4.2,5.95,5.7));
#12630=CARTESIAN_POINT('',(7.9,5.95,5.7));
#12631=CARTESIAN_POINT('',(7.9,6.25,5.7));
#12632=CARTESIAN_POINT('',(8.2,6.25,5.7));
#12633=CARTESIAN_POINT('',(8.2,5.95,5.7));
#12634=CARTESIAN_POINT('',(8.2,7.45,5.7));
#12635=CARTESIAN_POINT('',(7.9,7.45,5.7));
#12636=CARTESIAN_POINT('',(7.9,7.75,5.7));
#12637=CARTESIAN_POINT('',(8.2,7.75,5.7));
#12638=CARTESIAN_POINT('',(4.5,7.75,5.7));
#12639=CARTESIAN_POINT('',(4.5,7.45,5.7));
#12640=CARTESIAN_POINT('',(5.05950012751849,6.7801718409007,5.7));
#12641=CARTESIAN_POINT('',(5.05950012751849,6.86310241395903,5.7));
#12642=CARTESIAN_POINT('',(5.03771996939556,6.93092667445284,5.7));
#12643=CARTESIAN_POINT('',(4.94917112981383,7.03512940193877,5.7));
#12644=CARTESIAN_POINT('',(4.89311400153022,7.06133422985684,5.7));
#12645=CARTESIAN_POINT('',(4.76207600102015,7.06133422985684,5.7));
#12646=CARTESIAN_POINT('',(4.7085182351441,7.04037036752239,5.7));
#12647=CARTESIAN_POINT('',(4.62155138440593,6.95604744055398,5.7));
#12648=CARTESIAN_POINT('',(4.59961744452946,6.90348867816216,5.7));
#12649=CARTESIAN_POINT('',(4.59961744452946,6.78448793020485,5.7));
#12650=CARTESIAN_POINT('',(4.61818413669982,6.7382441162318,5.7));
#12651=CARTESIAN_POINT('',(4.65496046926804,6.70186564923967,5.7));
#12652=CARTESIAN_POINT('',(5.05950012751849,6.7801718409007,5.7));
#12653=CARTESIAN_POINT('',(4.65496046926804,6.70186564923967,5.7));
#12654=CARTESIAN_POINT('',(4.65496046926804,6.70186564923967,5.7));
#12655=CARTESIAN_POINT('',(4.69209385360877,6.66548718224753,5.7));
#12656=CARTESIAN_POINT('',(4.74815098189238,6.63434968083901,5.7));
#12657=CARTESIAN_POINT('',(4.82384595766386,6.60845314501411,5.7));
#12658=CARTESIAN_POINT('',(4.82384595766386,6.60845314501411,5.7));
#12659=CARTESIAN_POINT('',(4.82384595766386,6.54694887242995,5.7));
#12660=CARTESIAN_POINT('',(4.82384595766386,6.4854445998458,5.7));
#12661=CARTESIAN_POINT('',(4.82384595766386,6.4854445998458,5.7));
#12662=CARTESIAN_POINT('',(4.70816118337159,6.50794992264601,5.7));
#12663=CARTESIAN_POINT('',(4.61925529201734,6.55080252359437,5.7));
#12664=CARTESIAN_POINT('',(4.49571537872992,6.67781886597368,5.7));
#12665=CARTESIAN_POINT('',(4.46500892629431,6.75335042879633,5.7));
#12666=CARTESIAN_POINT('',(4.46500892629432,6.93616764003645,5.7));
#12667=CARTESIAN_POINT('',(4.5,7.01786504472217,5.7));
#12668=CARTESIAN_POINT('',(4.64049360220401,7.1533353768294,5.7));
#12669=CARTESIAN_POINT('',(4.72565672022443,7.18742569595668,5.7));
#12670=CARTESIAN_POINT('',(4.94667176740628,7.18742569595668,5.7));
#12671=CARTESIAN_POINT('',(5.04200459066565,7.13594091640002,5.7));
#12672=CARTESIAN_POINT('',(5.11234378984953,7.03266306519355,5.7));
#12673=CARTESIAN_POINT('',(5.11234378984953,7.03266306519355,5.7));
#12674=CARTESIAN_POINT('',(5.11234378984953,7.03266306519355,5.7));
#12675=CARTESIAN_POINT('',(5.1462637082377,7.10326195452573,5.7));
#12676=CARTESIAN_POINT('',(5.19660800816119,7.15813794710709,5.7));
#12677=CARTESIAN_POINT('',(5.33027924022394,7.23590543721414,5.7));
#12678=CARTESIAN_POINT('',(5.40334098444275,7.25494166435733,5.7));
#12679=CARTESIAN_POINT('',(5.60614639122673,7.25494166435733,5.7));
#12680=CARTESIAN_POINT('',(5.71254781943382,7.21578856852682,5.7));
#12681=CARTESIAN_POINT('',(5.89056153969611,7.05961560784642,5.7));
#12682=CARTESIAN_POINT('',(5.93499107370569,6.96144759167505,5.7));
#12683=CARTESIAN_POINT('',(5.93499107370569,6.73701094785918,5.7));
#12684=CARTESIAN_POINT('',(5.90035705177251,6.65007257758985,5.7));
#12685=CARTESIAN_POINT('',(5.76126081881625,6.51272632540291,5.7));
#12686=CARTESIAN_POINT('',(5.65970415710278,6.46756365844288,5.7));
#12687=CARTESIAN_POINT('',(5.52580974241265,6.44505833564267,5.7));
#12688=CARTESIAN_POINT('',(5.52580974241265,6.44505833564267,5.7));
#12689=CARTESIAN_POINT('',(5.52580974241265,6.50394212543502,5.7));
#12690=CARTESIAN_POINT('',(5.52580974241265,6.56282591522736,5.7));
#12691=CARTESIAN_POINT('',(5.52580974241265,6.56282591522736,5.7));
#12692=CARTESIAN_POINT('',(5.61792909971946,6.58440636174812,5.7));
#12693=CARTESIAN_POINT('',(5.68648304004081,6.61708532362241,5.7));
#12694=CARTESIAN_POINT('',(5.77627954185027,6.70569528724225,5.7));
#12695=CARTESIAN_POINT('',(5.79859729660801,6.76660698880193,5.7));
#12696=CARTESIAN_POINT('',(5.79859729660801,6.92815204561445,5.7));
#12697=CARTESIAN_POINT('',(5.76860494771742,6.99782605866718,5.7));
#12698=CARTESIAN_POINT('',(5.6493100251873,7.10823130532354,5.7));
#12699=CARTESIAN_POINT('',(5.57758224942617,7.13532433221371,5.7));
#12700=CARTESIAN_POINT('',(5.4008416220352,7.13532433221371,5.7));
#12701=CARTESIAN_POINT('',(5.32728895689875,7.10511170708465,5.7));
#12702=CARTESIAN_POINT('',(5.21905690649092,6.98399342080986,5.7));
#12703=CARTESIAN_POINT('',(5.19089517980107,6.89578137583332,5.7));
#12704=CARTESIAN_POINT('',(5.18839581739352,6.7801718409007,5.7));
#12705=CARTESIAN_POINT('',(5.18839581739352,6.7801718409007,5.7));
#12706=CARTESIAN_POINT('',(5.12394797245601,6.7801718409007,5.7));
#12707=CARTESIAN_POINT('',(6.84705432287682,6.63450382688559,5.7));
#12708=CARTESIAN_POINT('',(6.5,6.69076713388613,5.7));
#12709=CARTESIAN_POINT('',(7.19410864575364,6.57824051988504,5.7));
#12710=CARTESIAN_POINT('',(6.5,6.95266126702017,5.7));
#12711=CARTESIAN_POINT('',(6.5,7.2145554001542,5.7));
#12712=CARTESIAN_POINT('',(6.56623310380005,7.2145554001542,5.7));
#12713=CARTESIAN_POINT('',(6.6324662076001,7.2145554001542,5.7));
#12714=CARTESIAN_POINT('',(6.6324662076001,6.99905922703979,5.7));
#12715=CARTESIAN_POINT('',(6.6324662076001,6.78356305392538,5.7));
#12716=CARTESIAN_POINT('',(6.82366743177761,6.75319628274975,5.7));
#12717=CARTESIAN_POINT('',(7.01486865595512,6.72282951157411,5.7));
#12718=CARTESIAN_POINT('',(7.56080081611834,6.45523197471673,5.7));
#12719=CARTESIAN_POINT('',(7.67648559041061,6.46879682681549,5.7));
#12720=CARTESIAN_POINT('',(7.76771023216464,6.50966965895309,5.7));
#12721=CARTESIAN_POINT('',(7.90178525886254,6.64513990409939,5.7));
#12722=CARTESIAN_POINT('',(7.93499107370569,6.72745389297142,5.7));
#12723=CARTESIAN_POINT('',(7.93499107370569,6.95065736841467,5.7));
#12724=CARTESIAN_POINT('',(7.88771737622422,7.05252695757342,5.7));
#12725=CARTESIAN_POINT('',(7.69969395562357,7.20623151363905,5.7));
#12726=CARTESIAN_POINT('',(7.58365212955879,7.24476802528326,5.7));
#12727=CARTESIAN_POINT('',(7.31300688599847,7.24476802528326,5.7));
#12728=CARTESIAN_POINT('',(7.20360628236671,7.20948952172486,5.7));
#12729=CARTESIAN_POINT('',(7.03057893394542,7.06811665590621,5.7));
#12730=CARTESIAN_POINT('',(6.98737566947207,6.97994511726427,5.7));
#12731=CARTESIAN_POINT('',(6.98737566947207,6.8273405311532,5.7));
#12732=CARTESIAN_POINT('',(6.99665901555726,6.776780627876,5.7));
#12733=CARTESIAN_POINT('',(7.01486865595512,6.72282951157411,5.7));
#12734=CARTESIAN_POINT('',(7.56080081611834,6.45523197471673,5.7));
#12735=CARTESIAN_POINT('',(7.56080081611834,6.51673624730089,5.7));
#12736=CARTESIAN_POINT('',(7.56080081611834,6.57824051988504,5.7));
#12737=CARTESIAN_POINT('',(7.19410864575364,6.57824051988504,5.7));
#12738=CARTESIAN_POINT('',(7.14483550114767,6.67689398969422,5.7));
#12739=CARTESIAN_POINT('',(7.12019892884469,6.76444894414986,5.7));
#12740=CARTESIAN_POINT('',(7.12019892884469,6.92722716933499,5.7));
#12741=CARTESIAN_POINT('',(7.15033829862735,6.99549203070209,5.7));
#12742=CARTESIAN_POINT('',(7.27123182861515,7.0967878205695,5.7));
#12743=CARTESIAN_POINT('',(7.34835501147667,7.12175948011495,5.7));
#12744=CARTESIAN_POINT('',(7.54437643458302,7.12175948011495,5.7));
#12745=CARTESIAN_POINT('',(7.63027394883309,7.09290715484714,5.7));
#12746=CARTESIAN_POINT('',(7.76824789594491,6.97747878051904,5.7));
#12747=CARTESIAN_POINT('',(7.80252486610559,6.90872964374577,5.7));
#12748=CARTESIAN_POINT('',(7.80252486610559,6.76845674136085,5.7));
#12749=CARTESIAN_POINT('',(7.78177226387538,6.71516155815906,5.7));
#12750=CARTESIAN_POINT('',(7.69862280030605,6.62294287339232,5.7));
#12751=CARTESIAN_POINT('',(7.63863810252487,6.59273024826327,5.7));
#12752=CARTESIAN_POINT('',(7.56080081611834,6.57824051988504,5.7));
#12753=CARTESIAN_POINT('',(4.2,7.75,5.7));
#12754=CARTESIAN_POINT('',(13.1243687834736,6.7169719618042,5.7));
#12755=CARTESIAN_POINT('',(13.1243687834736,7.00645823727548,5.7));
#12756=CARTESIAN_POINT('',(13.1243687834736,6.42748568633291,5.7));
#12757=CARTESIAN_POINT('',(12.569688854884,6.76491138228959,5.7));
#12758=CARTESIAN_POINT('',(12.0150089262943,7.10233707824628,5.7));
#12759=CARTESIAN_POINT('',(12.0150089262943,7.10233707824628,5.7));
#12760=CARTESIAN_POINT('',(12.3399260392757,7.1260755694191,5.7));
#12761=CARTESIAN_POINT('',(12.6648431522571,7.1260755694191,5.7));
#12762=CARTESIAN_POINT('',(12.9897602652385,7.1260755694191,5.7));
#12763=CARTESIAN_POINT('',(12.9897602652385,7.1260755694191,5.7));
#12764=CARTESIAN_POINT('',(12.9897602652385,7.1992949415431,5.7));
#12765=CARTESIAN_POINT('',(12.9897602652385,7.2725143136671,5.7));
#12766=CARTESIAN_POINT('',(13.057064524356,7.2725143136671,5.7));
#12767=CARTESIAN_POINT('',(13.1243687834736,7.2725143136671,5.7));
#12768=CARTESIAN_POINT('',(13.1243687834736,7.1992949415431,5.7));
#12769=CARTESIAN_POINT('',(13.1243687834736,7.1260755694191,5.7));
#12770=CARTESIAN_POINT('',(13.2871843917368,7.1260755694191,5.7));
#12771=CARTESIAN_POINT('',(13.45,7.1260755694191,5.7));
#12772=CARTESIAN_POINT('',(13.45,7.06626690334729,5.7));
#12773=CARTESIAN_POINT('',(13.45,7.00645823727548,5.7));
#12774=CARTESIAN_POINT('',(13.2871843917368,7.00645823727548,5.7));
#12775=CARTESIAN_POINT('',(13.6,8.65,5.7));
#12776=CARTESIAN_POINT('',(13.6,8.15,5.7));
#12777=CARTESIAN_POINT('',(13.6,5.55,5.7));
#12778=CARTESIAN_POINT('',(13.1,8.15,5.7));
#12779=CARTESIAN_POINT('',(13.1,8.65,5.7));
#12780=CARTESIAN_POINT('',(11.8,8.65,5.7));
#12781=CARTESIAN_POINT('',(12.3,8.65,5.7));
#12782=CARTESIAN_POINT('',(12.3,8.15,5.7));
#12783=CARTESIAN_POINT('',(11.8,8.15,5.7));
#12784=CARTESIAN_POINT('',(11.8,5.05,5.7));
#12785=CARTESIAN_POINT('',(11.8,5.55,5.7));
#12786=CARTESIAN_POINT('',(12.3,5.55,5.7));
#12787=CARTESIAN_POINT('',(12.3,5.05,5.7));
#12788=CARTESIAN_POINT('',(13.6,5.05,5.7));
#12789=CARTESIAN_POINT('',(13.1,5.05,5.7));
#12790=CARTESIAN_POINT('',(13.1,5.55,5.7));
#12791=CARTESIAN_POINT('',(11.8,5.05,5.7));
#12792=CARTESIAN_POINT('',(15.6,5.45,5.7));
#12793=CARTESIAN_POINT('',(15.6,5.15,5.7));
#12794=CARTESIAN_POINT('',(15.6,4.05,5.7));
#12795=CARTESIAN_POINT('',(15.9,4.05,5.7));
#12796=CARTESIAN_POINT('',(15.9,3.75,5.7));
#12797=CARTESIAN_POINT('',(15.6,3.75,5.7));
#12798=CARTESIAN_POINT('',(17.3,3.75,5.7));
#12799=CARTESIAN_POINT('',(17.3,4.05,5.7));
#12800=CARTESIAN_POINT('',(17.6,4.05,5.7));
#12801=CARTESIAN_POINT('',(17.6,3.75,5.7));
#12802=CARTESIAN_POINT('',(17.6,5.15,5.7));
#12803=CARTESIAN_POINT('',(17.3,5.15,5.7));
#12804=CARTESIAN_POINT('',(17.3,5.45,5.7));
#12805=CARTESIAN_POINT('',(17.6,5.45,5.7));
#12806=CARTESIAN_POINT('',(15.9,5.45,5.7));
#12807=CARTESIAN_POINT('',(15.9,5.15,5.7));
#12808=CARTESIAN_POINT('',(17.25,4.18920078587275,5.7));
#12809=CARTESIAN_POINT('',(17.0576681118762,4.34293577632538,5.7));
#12810=CARTESIAN_POINT('',(16.8653362237524,4.496670766778,5.7));
#12811=CARTESIAN_POINT('',(16.5717384473321,4.73134974692633,5.7));
#12812=CARTESIAN_POINT('',(16.4916220351951,4.78913719914978,5.7));
#12813=CARTESIAN_POINT('',(16.3745090538128,4.85881121220251,5.7));
#12814=CARTESIAN_POINT('',(16.3088115276715,4.87607556941911,5.7));
#12815=CARTESIAN_POINT('',(16.1581356796736,4.87607556941911,5.7));
#12816=CARTESIAN_POINT('',(16.0906528946697,4.85048732568736,5.7));
#12817=CARTESIAN_POINT('',(15.9760345204666,4.74844798378615,5.7));
#12818=CARTESIAN_POINT('',(15.9474751338944,4.68647593212961,5.7));
#12819=CARTESIAN_POINT('',(15.9474751338944,4.53479622229801,5.7));
#12820=CARTESIAN_POINT('',(15.9771104310125,4.47067146692204,5.7));
#12821=CARTESIAN_POINT('',(16.0363810252487,4.42072814783115,5.7));
#12822=CARTESIAN_POINT('',(17.25,4.18920078587275,5.7));
#12823=CARTESIAN_POINT('',(16.0363810252487,4.42072814783115,5.7));
#12824=CARTESIAN_POINT('',(16.0363810252487,4.42072814783115,5.7));
#12825=CARTESIAN_POINT('',(16.0952945677123,4.37078482874026,5.7));
#12826=CARTESIAN_POINT('',(16.179558786024,4.34180537198381,5.7));
#12827=CARTESIAN_POINT('',(16.2888166284111,4.33378977756182,5.7));
#12828=CARTESIAN_POINT('',(16.2888166284111,4.33378977756182,5.7));
#12829=CARTESIAN_POINT('',(16.2888166284111,4.27583086404893,5.7));
#12830=CARTESIAN_POINT('',(16.2888166284111,4.21787195053604,5.7));
#12831=CARTESIAN_POINT('',(16.2888166284111,4.21787195053604,5.7));
#12832=CARTESIAN_POINT('',(16.1456388676358,4.22342120821281,5.7));
#12833=CARTESIAN_POINT('',(16.0310252486611,4.26442405660224,5.7));
#12834=CARTESIAN_POINT('',(15.858059093702,4.41685527164989,5.7));
#12835=CARTESIAN_POINT('',(15.8150089262943,4.51013285484571,5.7));
#12836=CARTESIAN_POINT('',(15.8150089262943,4.72686219633274,5.7));
#12837=CARTESIAN_POINT('',(15.8557128283601,4.81565031916099,5.7));
#12838=CARTESIAN_POINT('',(16.0181686912498,4.95839262401079,5.7));
#12839=CARTESIAN_POINT('',(16.1170747258352,4.99384314900381,5.7));
#12840=CARTESIAN_POINT('',(16.3213083397093,4.99384314900381,5.7));
#12841=CARTESIAN_POINT('',(16.4020020402958,4.97411245504197,5.7));
#12842=CARTESIAN_POINT('',(16.5499692228053,4.8938763932382,5.7));
#12843=CARTESIAN_POINT('',(16.6376562101505,4.83383955265706,5.7));
#12844=CARTESIAN_POINT('',(16.8647362128087,4.65295851742176,5.7));
#12845=CARTESIAN_POINT('',(16.9899472923574,4.55226610757671,5.7));
#12846=CARTESIAN_POINT('',(17.1153914817649,4.45186564923967,5.7));
#12847=CARTESIAN_POINT('',(17.1153914817649,4.45186564923967,5.7));
#12848=CARTESIAN_POINT('',(17.1153914817649,4.73133243168347,5.7));
#12849=CARTESIAN_POINT('',(17.1153914817649,5.01079921412726,5.7));
#12850=CARTESIAN_POINT('',(17.1826957408824,5.01079921412726,5.7));
#12851=CARTESIAN_POINT('',(17.25,5.01079921412726,5.7));
#12852=CARTESIAN_POINT('',(17.25,4.60000000000001,5.7));
#12853=CARTESIAN_POINT('',(17.6,3.75,5.7));
#12854=CARTESIAN_POINT('',(15.6,9.95,5.7));
#12855=CARTESIAN_POINT('',(15.6,9.65,5.7));
#12856=CARTESIAN_POINT('',(15.6,8.55,5.7));
#12857=CARTESIAN_POINT('',(15.9,8.55,5.7));
#12858=CARTESIAN_POINT('',(15.9,8.25,5.7));
#12859=CARTESIAN_POINT('',(15.6,8.25,5.7));
#12860=CARTESIAN_POINT('',(17.3,8.25,5.7));
#12861=CARTESIAN_POINT('',(17.3,8.55,5.7));
#12862=CARTESIAN_POINT('',(17.6,8.55,5.7));
#12863=CARTESIAN_POINT('',(17.6,8.25,5.7));
#12864=CARTESIAN_POINT('',(17.6,9.65,5.7));
#12865=CARTESIAN_POINT('',(17.3,9.65,5.7));
#12866=CARTESIAN_POINT('',(17.3,9.95,5.7));
#12867=CARTESIAN_POINT('',(17.6,9.95,5.7));
#12868=CARTESIAN_POINT('',(15.9,9.95,5.7));
#12869=CARTESIAN_POINT('',(15.9,9.65,5.7));
#12870=CARTESIAN_POINT('',(16.0363937770977,8.88282899770467,5.7));
#12871=CARTESIAN_POINT('',(16.0363937770977,9.05397028819179,5.7));
#12872=CARTESIAN_POINT('',(16.0363937770977,8.71168770721755,5.7));
#12873=CARTESIAN_POINT('',(15.9681968885488,8.77676570602737,5.7));
#12874=CARTESIAN_POINT('',(15.9,8.8418437048372,5.7));
#12875=CARTESIAN_POINT('',(15.9,9.05507799880983,5.7));
#12876=CARTESIAN_POINT('',(15.9,9.26831229278246,5.7));
#12877=CARTESIAN_POINT('',(16.6,9.26831229278246,5.7));
#12878=CARTESIAN_POINT('',(17.3,9.26831229278246,5.7));
#12879=CARTESIAN_POINT('',(17.3,9.16114129048712,5.7));
#12880=CARTESIAN_POINT('',(17.3,9.05397028819179,5.7));
#12881=CARTESIAN_POINT('',(16.6681968885488,9.05397028819179,5.7));
#12882=CARTESIAN_POINT('',(15.6,9.95,5.7));
#12883=CARTESIAN_POINT('',(13.6,8.25,5.));
#12884=CARTESIAN_POINT('',(13.6,8.15,5.));
#12885=CARTESIAN_POINT('',(13.6,5.55,5.));
#12886=CARTESIAN_POINT('',(13.1,5.55,5.));
#12887=CARTESIAN_POINT('',(13.5898979485566,5.45,5.));
#12888=CARTESIAN_POINT('',(20.,5.45,5.));
#12889=CARTESIAN_POINT('',(19.5,5.45,5.));
#12890=CARTESIAN_POINT('',(19.5,4.95,5.));
#12891=CARTESIAN_POINT('',(20.,4.95,5.));
#12892=CARTESIAN_POINT('',(20.,3.75,5.));
#12893=CARTESIAN_POINT('',(20.,4.25,5.));
#12894=CARTESIAN_POINT('',(19.5,4.25,5.));
#12895=CARTESIAN_POINT('',(19.5,3.75,5.));
#12896=CARTESIAN_POINT('',(13.2,3.75,5.));
#12897=CARTESIAN_POINT('',(13.7,3.75,5.));
#12898=CARTESIAN_POINT('',(13.7,3.25,5.));
#12899=CARTESIAN_POINT('',(13.2,3.25,5.));
#12900=CARTESIAN_POINT('',(13.2,1.2,5.));
#12901=CARTESIAN_POINT('',(13.2,1.7,5.));
#12902=CARTESIAN_POINT('',(12.7,1.7,5.));
#12903=CARTESIAN_POINT('',(12.2,1.7,5.));
#12904=CARTESIAN_POINT('',(12.2,12.5,5.));
#12905=CARTESIAN_POINT('',(12.2,5.06010205144336,5.));
#12906=CARTESIAN_POINT('',(12.3,5.55,5.));
#12907=CARTESIAN_POINT('',(11.8,5.55,5.));
#12908=CARTESIAN_POINT('',(11.8,5.05,5.));
#12909=CARTESIAN_POINT('',(11.8,8.15,5.));
#12910=CARTESIAN_POINT('',(12.3,8.15,5.));
#12911=CARTESIAN_POINT('',(12.2,8.63989794855664,5.));
#12912=CARTESIAN_POINT('',(12.2,12.5,5.));
#12913=CARTESIAN_POINT('',(12.2,12.,5.));
#12914=CARTESIAN_POINT('',(12.7,12.,5.));
#12915=CARTESIAN_POINT('',(13.2,12.,5.));
#12916=CARTESIAN_POINT('',(13.2,12.5,5.));
#12917=CARTESIAN_POINT('',(13.2,10.45,5.));
#12918=CARTESIAN_POINT('',(13.7,10.45,5.));
#12919=CARTESIAN_POINT('',(13.7,9.95,5.));
#12920=CARTESIAN_POINT('',(13.2,9.95,5.));
#12921=CARTESIAN_POINT('',(19.5,9.95,5.));
#12922=CARTESIAN_POINT('',(19.5,9.45,5.));
#12923=CARTESIAN_POINT('',(20.,9.45,5.));
#12924=CARTESIAN_POINT('',(20.,9.95,5.));
#12925=CARTESIAN_POINT('',(20.,8.75,5.));
#12926=CARTESIAN_POINT('',(19.5,8.75,5.));
#12927=CARTESIAN_POINT('',(19.5,8.25,5.));
#12928=CARTESIAN_POINT('',(20.,8.25,5.));
#12929=CARTESIAN_POINT('',(13.5898979485566,8.25,5.));
#12930=CARTESIAN_POINT('',(13.1,8.15,5.));
#12931=CARTESIAN_POINT('',(4.2,6.85,5.));
#12932=CARTESIAN_POINT('',(4.2,2.15,5.));
#12933=CARTESIAN_POINT('',(4.2,11.55,5.));
#12934=CARTESIAN_POINT('',(3.7,11.55,5.));
#12935=CARTESIAN_POINT('',(3.7,12.05,5.));
#12936=CARTESIAN_POINT('',(4.2,12.05,5.));
#12937=CARTESIAN_POINT('',(1.35,12.05,5.));
#12938=CARTESIAN_POINT('',(1.35,12.2,5.));
#12939=CARTESIAN_POINT('',(1.2,12.2,5.));
#12940=CARTESIAN_POINT('',(1.2,12.05,5.));
#12941=CARTESIAN_POINT('',(1.2,12.35,5.));
#12942=CARTESIAN_POINT('',(1.35,12.35,5.));
#12943=CARTESIAN_POINT('',(1.35,12.5,5.));
#12944=CARTESIAN_POINT('',(1.2,12.5,5.));
#12945=CARTESIAN_POINT('',(8.5,12.5,5.));
#12946=CARTESIAN_POINT('',(8.5,12.,5.));
#12947=CARTESIAN_POINT('',(9.,12.,5.));
#12948=CARTESIAN_POINT('',(9.,12.5,5.));
#12949=CARTESIAN_POINT('',(9.,1.7,5.));
#12950=CARTESIAN_POINT('',(8.5,1.7,5.));
#12951=CARTESIAN_POINT('',(8.5,1.2,5.));
#12952=CARTESIAN_POINT('',(1.2,1.2,5.));
#12953=CARTESIAN_POINT('',(1.35,1.2,5.));
#12954=CARTESIAN_POINT('',(1.35,1.35,5.));
#12955=CARTESIAN_POINT('',(1.2,1.35,5.));
#12956=CARTESIAN_POINT('',(1.2,1.65,5.));
#12957=CARTESIAN_POINT('',(1.2,1.5,5.));
#12958=CARTESIAN_POINT('',(1.35,1.5,5.));
#12959=CARTESIAN_POINT('',(1.35,1.65,5.));
#12960=CARTESIAN_POINT('',(4.2,1.65,5.));
#12961=CARTESIAN_POINT('',(3.7,1.65,5.));
#12962=CARTESIAN_POINT('',(3.7,2.15,5.));
#12963=CARTESIAN_POINT('',(10.6,13.2,5.));
#12964=CARTESIAN_POINT('',(0.5,13.2,5.));
#12965=CARTESIAN_POINT('',(0.5,6.85,5.));
#12966=CARTESIAN_POINT('',(0.5,0.5,5.));
#12967=CARTESIAN_POINT('',(10.6,0.5,5.));
#12968=CARTESIAN_POINT('',(10.6,0.5,5.));
#12969=CARTESIAN_POINT('',(10.6,0.5,5.));
#12970=CARTESIAN_POINT('',(20.7,0.5,5.));
#12971=CARTESIAN_POINT('',(20.7,6.85,5.));
#12972=CARTESIAN_POINT('',(20.7,13.2,5.));
#12973=CARTESIAN_POINT('',(10.6,13.2,5.));
#12974=CARTESIAN_POINT('',(10.6,13.2,5.));
#12975=CARTESIAN_POINT('',(10.6,6.85,5.));
#12976=CARTESIAN_POINT('',(10.6,13.7,4.5));
#12977=CARTESIAN_POINT('',(0.3,13.7,4.5));
#12978=CARTESIAN_POINT('',(0.3,13.7,4.5));
#12979=CARTESIAN_POINT('',(0.3,13.7,4.62371139269922));
#12980=CARTESIAN_POINT('',(0.333387498091231,13.6165389211752,4.79056786001131));
#12981=CARTESIAN_POINT('',(0.38376978943415,13.4905678600113,4.91653892117524));
#12982=CARTESIAN_POINT('',(0.430910241513253,13.3727243962169,5.));
#12983=CARTESIAN_POINT('',(0.5,13.2,5.));
#12984=CARTESIAN_POINT('',(10.6,13.2,4.5));
#12985=CARTESIAN_POINT('',(10.6,13.7,4.5));
#12986=CARTESIAN_POINT('',(20.9,13.7,4.5));
#12987=CARTESIAN_POINT('',(20.9,13.7,4.5));
#12988=CARTESIAN_POINT('',(20.8999999983592,13.7,4.63126716412724));
#12989=CARTESIAN_POINT('',(20.8784452778775,13.6461131946938,4.76099358649271));
#12990=CARTESIAN_POINT('',(20.8043974345971,13.4609935864927,4.94611319469383));
#12991=CARTESIAN_POINT('',(20.7525068656529,13.3312671641317,5.));
#12992=CARTESIAN_POINT('',(20.7,13.2,5.));
#12993=CARTESIAN_POINT('',(10.6,13.2,4.5));
#12994=CARTESIAN_POINT('',(10.6,0.,4.5));
#12995=CARTESIAN_POINT('',(0.3,0.,4.5));
#12996=CARTESIAN_POINT('',(0.5,0.5,5.));
#12997=CARTESIAN_POINT('',(0.430931178461504,0.327327946153756,5.));
#12998=CARTESIAN_POINT('',(0.397631072937817,0.244065810639997,4.95117259182654));
#12999=CARTESIAN_POINT('',(0.319526214587565,0.0488274081734567,4.75593418936));
#13000=CARTESIAN_POINT('',(0.300000000000002,-1.18584612615602E-017,4.62374498946703));
#13001=CARTESIAN_POINT('',(0.300000000000002,1.22695572505024E-032,4.5));
#13002=CARTESIAN_POINT('',(10.6,0.5,4.5));
#13003=CARTESIAN_POINT('',(10.6,0.,4.5));
#13004=CARTESIAN_POINT('',(20.9,0.,4.5));
#13005=CARTESIAN_POINT('',(20.7,0.500000000000001,5.));
#13006=CARTESIAN_POINT('',(20.7525068657115,0.368732835930134,5.));
#13007=CARTESIAN_POINT('',(20.8043974347231,0.239006413606411,4.94611319474401));
#13008=CARTESIAN_POINT('',(20.878445278134,0.0538868053726585,4.76099358660815));
#13009=CARTESIAN_POINT('',(20.8999999986819,4.5736911925673E-016,4.63126716423261));
#13010=CARTESIAN_POINT('',(20.9000000003238,3.25435453430002E-016,4.5));
#13011=CARTESIAN_POINT('',(10.6,0.5,4.5));
#13012=CARTESIAN_POINT('',(13.6,5.15,5.6));
#13013=CARTESIAN_POINT('',(19.5,5.15,5.6));
#13014=CARTESIAN_POINT('',(17.6,5.15,5.6));
#13015=CARTESIAN_POINT('',(17.6,8.25,5.6));
#13016=CARTESIAN_POINT('',(17.6,4.05,5.6));
#13017=CARTESIAN_POINT('',(13.6,4.05,5.6));
#13018=CARTESIAN_POINT('',(19.5,4.05,5.6));
#13019=CARTESIAN_POINT('',(19.5,4.25,5.6));
#13020=CARTESIAN_POINT('',(19.7,4.25,5.6));
#13021=CARTESIAN_POINT('',(19.7,8.25,5.6));
#13022=CARTESIAN_POINT('',(19.7,4.95,5.6));
#13023=CARTESIAN_POINT('',(19.5,4.95,5.6));
#13024=CARTESIAN_POINT('',(13.6,8.25,5.6));
#13025=CARTESIAN_POINT('',(13.6,4.05,5.6));
#13026=CARTESIAN_POINT('',(13.7,4.05,5.6));
#13027=CARTESIAN_POINT('',(15.6,4.05,5.6));
#13028=CARTESIAN_POINT('',(15.6,8.25,5.6));
#13029=CARTESIAN_POINT('',(15.6,5.15,5.6));
#13030=CARTESIAN_POINT('',(13.6,5.15,5.6));
#13031=CARTESIAN_POINT('',(13.4,5.15,5.6));
#13032=CARTESIAN_POINT('',(13.1,5.55,5.6));
#13033=CARTESIAN_POINT('',(13.1,5.05,5.6));
#13034=CARTESIAN_POINT('',(13.6,5.05,5.6));
#13035=CARTESIAN_POINT('',(12.5,5.05,5.6));
#13036=CARTESIAN_POINT('',(12.5,1.7,5.6));
#13037=CARTESIAN_POINT('',(12.5,1.7,5.6));
#13038=CARTESIAN_POINT('',(12.7,1.7,5.6));
#13039=CARTESIAN_POINT('',(12.9,1.7,5.6));
#13040=CARTESIAN_POINT('',(12.9,8.25,5.6));
#13041=CARTESIAN_POINT('',(12.9,3.25,5.6));
#13042=CARTESIAN_POINT('',(13.7,3.25,5.6));
#13043=CARTESIAN_POINT('',(13.6,8.25,5.6));
#13044=CARTESIAN_POINT('',(15.9,4.05,5.3));
#13045=CARTESIAN_POINT('',(15.9,3.75,5.3));
#13046=CARTESIAN_POINT('',(13.7,4.05,5.3));
#13047=CARTESIAN_POINT('',(13.7,3.75,5.3));
#13048=CARTESIAN_POINT('',(13.2,3.75,5.3));
#13049=CARTESIAN_POINT('',(13.6,4.05,5.3));
#13050=CARTESIAN_POINT('',(17.3,5.15,5.3));
#13051=CARTESIAN_POINT('',(17.3,5.45,5.3));
#13052=CARTESIAN_POINT('',(19.5,5.15,5.3));
#13053=CARTESIAN_POINT('',(19.5,5.45,5.3));
#13054=CARTESIAN_POINT('',(20.,5.45,5.3));
#13055=CARTESIAN_POINT('',(13.6,5.15,5.3));
#13056=CARTESIAN_POINT('',(13.6,8.55,5.6));
#13057=CARTESIAN_POINT('',(13.4,8.55,5.6));
#13058=CARTESIAN_POINT('',(15.6,8.55,5.6));
#13059=CARTESIAN_POINT('',(15.6,8.25,5.6));
#13060=CARTESIAN_POINT('',(15.6,9.65,5.6));
#13061=CARTESIAN_POINT('',(13.6,9.65,5.6));
#13062=CARTESIAN_POINT('',(13.7,9.65,5.6));
#13063=CARTESIAN_POINT('',(13.7,10.45,5.6));
#13064=CARTESIAN_POINT('',(12.9,10.45,5.6));
#13065=CARTESIAN_POINT('',(12.9,8.25,5.6));
#13066=CARTESIAN_POINT('',(12.9,12.,5.6));
#13067=CARTESIAN_POINT('',(12.7,12.,5.6));
#13068=CARTESIAN_POINT('',(12.5,12.,5.6));
#13069=CARTESIAN_POINT('',(12.5,8.65,5.6));
#13070=CARTESIAN_POINT('',(12.5,8.65,5.6));
#13071=CARTESIAN_POINT('',(13.6,8.65,5.6));
#13072=CARTESIAN_POINT('',(13.1,8.65,5.6));
#13073=CARTESIAN_POINT('',(13.1,8.15,5.6));
#13074=CARTESIAN_POINT('',(13.6,8.25,5.6));
#13075=CARTESIAN_POINT('',(13.6,9.65,5.6));
#13076=CARTESIAN_POINT('',(19.5,9.65,5.6));
#13077=CARTESIAN_POINT('',(17.6,9.65,5.6));
#13078=CARTESIAN_POINT('',(17.6,8.25,5.6));
#13079=CARTESIAN_POINT('',(17.6,8.55,5.6));
#13080=CARTESIAN_POINT('',(13.6,8.55,5.6));
#13081=CARTESIAN_POINT('',(19.5,8.55,5.6));
#13082=CARTESIAN_POINT('',(19.5,8.75,5.6));
#13083=CARTESIAN_POINT('',(19.7,8.75,5.6));
#13084=CARTESIAN_POINT('',(19.7,8.25,5.6));
#13085=CARTESIAN_POINT('',(19.7,9.45,5.6));
#13086=CARTESIAN_POINT('',(19.5,9.45,5.6));
#13087=CARTESIAN_POINT('',(13.6,8.25,5.6));
#13088=CARTESIAN_POINT('',(17.3,9.65,5.3));
#13089=CARTESIAN_POINT('',(17.3,9.95,5.3));
#13090=CARTESIAN_POINT('',(19.5,9.65,5.3));
#13091=CARTESIAN_POINT('',(19.5,9.95,5.3));
#13092=CARTESIAN_POINT('',(13.2,9.95,5.3));
#13093=CARTESIAN_POINT('',(13.2,9.65,5.3));
#13094=CARTESIAN_POINT('',(15.9,8.55,5.3));
#13095=CARTESIAN_POINT('',(15.9,8.25,5.3));
#13096=CARTESIAN_POINT('',(13.4,8.55,5.6));
#13097=CARTESIAN_POINT('',(13.4322028253288,8.52584788100337,5.6));
#13098=CARTESIAN_POINT('',(13.4618892091997,8.49724587145273,5.59701431258697));
#13099=CARTESIAN_POINT('',(13.4867859328976,8.46685429161131,5.58824779474706));
#13100=CARTESIAN_POINT('',(13.5071139009193,8.44203981920764,5.58109000577558));
#13101=CARTESIAN_POINT('',(13.5246746599,8.41547982159796,5.569802444934));
#13102=CARTESIAN_POINT('',(13.5385014663947,8.39024251074636,5.55392428916386));
#13103=CARTESIAN_POINT('',(13.552371464858,8.36492636396545,5.53799653345127));
#13104=CARTESIAN_POINT('',(13.5628804316833,8.34031763499693,5.51694486908196));
#13105=CARTESIAN_POINT('',(13.5703105819494,8.3197290679478,5.49228961971935));
#13106=CARTESIAN_POINT('',(13.5772508423582,8.30049796068252,5.46925995747947));
#13107=CARTESIAN_POINT('',(13.5817934902245,8.28423791469972,5.44251379254634));
#13108=CARTESIAN_POINT('',(13.5847432351254,8.27257241125216,5.41416625158758));
#13109=CARTESIAN_POINT('',(13.5877659283414,8.26061841546001,5.38511766514107));
#13110=CARTESIAN_POINT('',(13.5892500138723,8.2531508020298,5.35363001433497));
#13111=CARTESIAN_POINT('',(13.589729900418,8.25081976312499,5.32216271335848));
#13112=CARTESIAN_POINT('',(13.5898423224764,8.25027367531658,5.3147909318789));
#13113=CARTESIAN_POINT('',(13.5898979485566,8.25,5.30739283523396));
#13114=CARTESIAN_POINT('',(13.5898979485566,8.25,5.3));
#13115=CARTESIAN_POINT('',(13.5898979485566,8.25,5.3));
#13116=CARTESIAN_POINT('',(20.,8.25,5.3));
#13117=CARTESIAN_POINT('',(20.,8.55,5.3));
#13118=CARTESIAN_POINT('',(1.2,1.45,5.4));
#13119=CARTESIAN_POINT('',(1.2,1.5,5.4));
#13120=CARTESIAN_POINT('',(1.2,1.45,5.45));
#13121=CARTESIAN_POINT('',(1.2,1.5,5.6));
#13122=CARTESIAN_POINT('',(1.2,1.35,5.6));
#13123=CARTESIAN_POINT('',(1.2,1.35,5.4));
#13124=CARTESIAN_POINT('',(1.2,1.4,5.4));
#13125=CARTESIAN_POINT('',(1.2,1.4,5.45));
#13126=CARTESIAN_POINT('',(1.2,1.65,5.45));
#13127=CARTESIAN_POINT('',(1.2,1.65,5.6));
#13128=CARTESIAN_POINT('',(1.2,12.25,5.4));
#13129=CARTESIAN_POINT('',(1.2,12.25,5.45));
#13130=CARTESIAN_POINT('',(1.2,12.2,5.4));
#13131=CARTESIAN_POINT('',(1.2,12.5,5.45));
#13132=CARTESIAN_POINT('',(1.2,12.3,5.45));
#13133=CARTESIAN_POINT('',(1.2,12.3,5.4));
#13134=CARTESIAN_POINT('',(1.2,12.35,5.4));
#13135=CARTESIAN_POINT('',(1.2,12.35,5.6));
#13136=CARTESIAN_POINT('',(1.2,12.2,5.6));
#13137=CARTESIAN_POINT('',(1.2,12.05,5.6));
#13138=CARTESIAN_POINT('',(12.2,1.7,5.6));
#13139=CARTESIAN_POINT('',(12.2,1.7,5.3));
#13140=CARTESIAN_POINT('',(12.2,5.05,5.3));
#13141=CARTESIAN_POINT('',(12.2,5.06010205144336,5.3));
#13142=CARTESIAN_POINT('',(12.2,5.06010205144336,5.3));
#13143=CARTESIAN_POINT('',(12.2,12.5,5.6));
#13144=CARTESIAN_POINT('',(6.7,9.85,4.5));
#13145=CARTESIAN_POINT('',(6.9,9.85,4.5));
#13146=CARTESIAN_POINT('',(0.3,0.3,4.5));
#13147=CARTESIAN_POINT('',(0.,0.3,4.5));
#13148=CARTESIAN_POINT('',(0.,6.85,4.5));
#13149=CARTESIAN_POINT('',(0.,13.4,4.5));
#13150=CARTESIAN_POINT('',(0.3,13.4,4.5));
#13151=CARTESIAN_POINT('',(10.6,13.7,4.5));
#13152=CARTESIAN_POINT('',(20.9,13.4,4.5));
#13153=CARTESIAN_POINT('',(21.2,13.4,4.5));
#13154=CARTESIAN_POINT('',(21.2,6.85,4.5));
#13155=CARTESIAN_POINT('',(21.2,0.3,4.5));
#13156=CARTESIAN_POINT('',(20.9,0.3,4.5));
#13157=CARTESIAN_POINT('',(10.6,0.,4.5));
#13158=CARTESIAN_POINT('',(12.5,5.05,4.5));
#13159=CARTESIAN_POINT('',(12.5,5.05,4.5));
#13160=CARTESIAN_POINT('',(13.5,5.05,4.5));
#13161=CARTESIAN_POINT('',(12.5,1.,4.5));
#13162=CARTESIAN_POINT('',(12.5,4.15,4.5));
#13163=CARTESIAN_POINT('',(12.5,4.15,4.5));
#13164=CARTESIAN_POINT('',(13.5,4.15,4.5));
#13165=CARTESIAN_POINT('',(13.5,4.15,4.5));
#13166=CARTESIAN_POINT('',(15.,7.85,4.5));
#13167=CARTESIAN_POINT('',(15.,8.65,4.5));
#13168=CARTESIAN_POINT('',(15.,9.55,4.5));
#13169=CARTESIAN_POINT('',(12.5,8.65,4.5));
#13170=CARTESIAN_POINT('',(16.1,8.65000000000001,4.5));
#13171=CARTESIAN_POINT('',(16.1,9.55,4.5));
#13172=CARTESIAN_POINT('',(16.1,9.55,4.5));
#13173=CARTESIAN_POINT('',(12.5,9.55,4.5));
#13174=CARTESIAN_POINT('',(12.5,4.15,4.5));
#13175=CARTESIAN_POINT('',(17.1,4.15,4.5));
#13176=CARTESIAN_POINT('',(19.,4.15,4.5));
#13177=CARTESIAN_POINT('',(19.,4.15,4.5));
#13178=CARTESIAN_POINT('',(19.,5.05,4.5));
#13179=CARTESIAN_POINT('',(12.5,5.05,4.5));
#13180=CARTESIAN_POINT('',(17.1,5.05,4.5));
#13181=CARTESIAN_POINT('',(17.1,4.15,4.5));
#13182=CARTESIAN_POINT('',(15.,5.85,4.5));
#13183=CARTESIAN_POINT('',(15.,4.15,4.5));
#13184=CARTESIAN_POINT('',(15.,5.05,4.5));
#13185=CARTESIAN_POINT('',(12.5,4.15,4.5));
#13186=CARTESIAN_POINT('',(16.1,4.15,4.5));
#13187=CARTESIAN_POINT('',(16.1,5.05,4.5));
#13188=CARTESIAN_POINT('',(16.1,5.05,4.5));
#13189=CARTESIAN_POINT('',(12.5,5.05,4.5));
#13190=CARTESIAN_POINT('',(12.5,8.65,4.5));
#13191=CARTESIAN_POINT('',(19.,8.65,4.5));
#13192=CARTESIAN_POINT('',(17.1,8.65,4.5));
#13193=CARTESIAN_POINT('',(19.,9.55,4.5));
#13194=CARTESIAN_POINT('',(19.,9.55,4.5));
#13195=CARTESIAN_POINT('',(12.5,9.55,4.5));
#13196=CARTESIAN_POINT('',(17.1,9.55,4.5));
#13197=CARTESIAN_POINT('',(17.1,8.65000000000001,4.5));
#13198=CARTESIAN_POINT('',(12.5,9.55,4.5));
#13199=CARTESIAN_POINT('',(13.5,9.55,4.5));
#13200=CARTESIAN_POINT('',(12.5,9.55,4.5));
#13201=CARTESIAN_POINT('',(12.5,1.,4.5));
#13202=CARTESIAN_POINT('',(12.5,8.65,4.5));
#13203=CARTESIAN_POINT('',(12.5,8.65,4.5));
#13204=CARTESIAN_POINT('',(13.5,8.65,4.5));
#13205=CARTESIAN_POINT('',(13.5,9.55,4.5));
#13206=CARTESIAN_POINT('',(4.2,10.85,4.5));
#13207=CARTESIAN_POINT('',(13.5898979485566,8.25,5.3));
#13208=CARTESIAN_POINT('',(19.5,8.25,5.6));
#13209=CARTESIAN_POINT('',(19.5,8.25,5.3));
#13210=CARTESIAN_POINT('',(20.,8.25,5.3));
#13211=CARTESIAN_POINT('',(17.3,8.25,5.3));
#13212=CARTESIAN_POINT('',(17.3,8.25,5.7));
#13213=CARTESIAN_POINT('',(15.9,8.25,5.7));
#13214=CARTESIAN_POINT('',(20.,8.25,5.6));
#13215=CARTESIAN_POINT('',(13.6,8.15,5.6));
#13216=CARTESIAN_POINT('',(13.6,5.55,5.6));
#13217=CARTESIAN_POINT('',(13.6,8.25,5.6));
#13218=CARTESIAN_POINT('',(12.2,8.63989794855664,5.));
#13219=CARTESIAN_POINT('',(12.2,8.63989794855664,5.3));
#13220=CARTESIAN_POINT('',(12.2,12.,5.3));
#13221=CARTESIAN_POINT('',(12.2,12.,5.3));
#13222=CARTESIAN_POINT('',(12.2,12.,5.));
#13223=CARTESIAN_POINT('',(12.2,12.5,5.6));
#13224=CARTESIAN_POINT('',(13.2,12.,5.6));
#13225=CARTESIAN_POINT('',(13.2,12.,5.3));
#13226=CARTESIAN_POINT('',(13.2,12.5,5.3));
#13227=CARTESIAN_POINT('',(13.2,10.45,5.3));
#13228=CARTESIAN_POINT('',(13.2,10.45,5.));
#13229=CARTESIAN_POINT('',(13.2,12.5,5.6));
#13230=CARTESIAN_POINT('',(19.5,9.95,5.6));
#13231=CARTESIAN_POINT('',(13.7,9.95,5.6));
#13232=CARTESIAN_POINT('',(13.7,9.95,5.3));
#13233=CARTESIAN_POINT('',(13.2,9.95,5.3));
#13234=CARTESIAN_POINT('',(15.9,9.95,5.3));
#13235=CARTESIAN_POINT('',(15.9,9.95,5.7));
#13236=CARTESIAN_POINT('',(17.3,9.95,5.7));
#13237=CARTESIAN_POINT('',(13.2,9.95,5.6));
#13238=CARTESIAN_POINT('',(20.,9.45,5.6));
#13239=CARTESIAN_POINT('',(20.,9.45,5.3));
#13240=CARTESIAN_POINT('',(20.,9.95,5.3));
#13241=CARTESIAN_POINT('',(20.,8.75,5.3));
#13242=CARTESIAN_POINT('',(20.,8.75,5.6));
#13243=CARTESIAN_POINT('',(20.,9.95,5.6));
#13244=CARTESIAN_POINT('',(9.,12.,5.6));
#13245=CARTESIAN_POINT('',(9.,12.,5.4));
#13246=CARTESIAN_POINT('',(9.,1.7,5.4));
#13247=CARTESIAN_POINT('',(9.,1.7,5.4));
#13248=CARTESIAN_POINT('',(9.,1.7,5.6));
#13249=CARTESIAN_POINT('',(9.,12.5,5.6));
#13250=CARTESIAN_POINT('',(1.35,12.5,5.6));
#13251=CARTESIAN_POINT('',(1.35,12.5,5.4));
#13252=CARTESIAN_POINT('',(8.5,12.5,5.4));
#13253=CARTESIAN_POINT('',(8.5,12.5,5.4));
#13254=CARTESIAN_POINT('',(8.5,12.5,5.6));
#13255=CARTESIAN_POINT('',(1.2,12.5,5.6));
#13256=CARTESIAN_POINT('',(3.7,12.05,5.6));
#13257=CARTESIAN_POINT('',(3.7,12.05,5.4));
#13258=CARTESIAN_POINT('',(1.35,12.05,5.4));
#13259=CARTESIAN_POINT('',(1.35,12.05,5.4));
#13260=CARTESIAN_POINT('',(1.35,12.05,5.6));
#13261=CARTESIAN_POINT('',(4.2,12.05,5.6));
#13262=CARTESIAN_POINT('',(4.2,2.15,5.6));
#13263=CARTESIAN_POINT('',(4.2,2.15,5.4));
#13264=CARTESIAN_POINT('',(4.2,11.55,5.4));
#13265=CARTESIAN_POINT('',(4.2,11.55,5.4));
#13266=CARTESIAN_POINT('',(4.2,11.55,5.));
#13267=CARTESIAN_POINT('',(4.2,6.85,5.6));
#13268=CARTESIAN_POINT('',(4.4,2.15,5.6));
#13269=CARTESIAN_POINT('',(4.4,11.55,5.6));
#13270=CARTESIAN_POINT('',(4.4,7.73284271247461,5.6));
#13271=CARTESIAN_POINT('',(4.5,7.45,5.6));
#13272=CARTESIAN_POINT('',(4.5,7.75,5.6));
#13273=CARTESIAN_POINT('',(8.2,7.75,5.6));
#13274=CARTESIAN_POINT('',(7.9,7.75,5.6));
#13275=CARTESIAN_POINT('',(7.9,7.45,5.6));
#13276=CARTESIAN_POINT('',(8.2,7.45,5.6));
#13277=CARTESIAN_POINT('',(8.2,5.95,5.6));
#13278=CARTESIAN_POINT('',(8.2,6.25,5.6));
#13279=CARTESIAN_POINT('',(7.9,6.25,5.6));
#13280=CARTESIAN_POINT('',(7.9,5.95,5.6));
#13281=CARTESIAN_POINT('',(4.2,5.95,5.6));
#13282=CARTESIAN_POINT('',(4.5,5.95,5.6));
#13283=CARTESIAN_POINT('',(4.5,6.25,5.6));
#13284=CARTESIAN_POINT('',(4.39999999999991,5.96715728752541,5.6));
#13285=CARTESIAN_POINT('',(4.4,2.15,5.6));
#13286=CARTESIAN_POINT('',(4.4,2.15,5.6));
#13287=CARTESIAN_POINT('',(3.7,2.15,5.6));
#13288=CARTESIAN_POINT('',(3.7,1.45,5.6));
#13289=CARTESIAN_POINT('',(1.35,1.45,5.6));
#13290=CARTESIAN_POINT('',(1.35,1.45,5.6));
#13291=CARTESIAN_POINT('',(1.35,1.2,5.6));
#13292=CARTESIAN_POINT('',(1.35,1.4,5.6));
#13293=CARTESIAN_POINT('',(8.5,1.4,5.6));
#13294=CARTESIAN_POINT('',(8.5,1.4,5.6));
#13295=CARTESIAN_POINT('',(8.5,1.7,5.6));
#13296=CARTESIAN_POINT('',(8.8,1.7,5.6));
#13297=CARTESIAN_POINT('',(8.8,12.,5.6));
#13298=CARTESIAN_POINT('',(8.8,12.,5.6));
#13299=CARTESIAN_POINT('',(8.5,12.,5.6));
#13300=CARTESIAN_POINT('',(8.5,12.3,5.6));
#13301=CARTESIAN_POINT('',(1.35,12.3,5.6));
#13302=CARTESIAN_POINT('',(1.35,12.3,5.6));
#13303=CARTESIAN_POINT('',(1.35,12.05,5.6));
#13304=CARTESIAN_POINT('',(1.35,12.25,5.6));
#13305=CARTESIAN_POINT('',(3.7,12.25,5.6));
#13306=CARTESIAN_POINT('',(3.7,12.25,5.6));
#13307=CARTESIAN_POINT('',(3.7,11.55,5.6));
#13308=CARTESIAN_POINT('',(6.7,9.85,5.6));
#13309=CARTESIAN_POINT('',(5.7,9.85,5.6));
#13310=CARTESIAN_POINT('',(9.,6.85,5.6));
#13311=CARTESIAN_POINT('',(13.5898979485566,5.45,5.));
#13312=CARTESIAN_POINT('',(13.5898979485566,5.45,5.3));
#13313=CARTESIAN_POINT('',(20.,5.45,5.3));
#13314=CARTESIAN_POINT('',(15.9,5.45,5.3));
#13315=CARTESIAN_POINT('',(15.9,5.45,5.7));
#13316=CARTESIAN_POINT('',(17.3,5.45,5.7));
#13317=CARTESIAN_POINT('',(19.5,5.45,5.6));
#13318=CARTESIAN_POINT('',(20.,5.45,5.6));
#13319=CARTESIAN_POINT('',(13.2,3.25,5.6));
#13320=CARTESIAN_POINT('',(13.2,3.25,5.3));
#13321=CARTESIAN_POINT('',(13.2,1.2,5.3));
#13322=CARTESIAN_POINT('',(13.2,1.7,5.3));
#13323=CARTESIAN_POINT('',(13.2,1.7,5.6));
#13324=CARTESIAN_POINT('',(13.2,1.2,5.6));
#13325=CARTESIAN_POINT('',(19.5,3.75,5.6));
#13326=CARTESIAN_POINT('',(19.5,3.75,5.3));
#13327=CARTESIAN_POINT('',(13.2,3.75,5.3));
#13328=CARTESIAN_POINT('',(17.3,3.75,5.3));
#13329=CARTESIAN_POINT('',(17.3,3.75,5.7));
#13330=CARTESIAN_POINT('',(15.9,3.75,5.7));
#13331=CARTESIAN_POINT('',(13.7,3.75,5.));
#13332=CARTESIAN_POINT('',(13.2,3.75,5.6));
#13333=CARTESIAN_POINT('',(20.,4.95,5.6));
#13334=CARTESIAN_POINT('',(20.,4.95,5.3));
#13335=CARTESIAN_POINT('',(20.,3.75,5.3));
#13336=CARTESIAN_POINT('',(20.,4.25,5.3));
#13337=CARTESIAN_POINT('',(20.,4.25,5.6));
#13338=CARTESIAN_POINT('',(20.,3.75,5.6));
#13339=CARTESIAN_POINT('',(8.5,1.2,5.6));
#13340=CARTESIAN_POINT('',(8.5,1.2,5.4));
#13341=CARTESIAN_POINT('',(1.35,1.2,5.4));
#13342=CARTESIAN_POINT('',(1.35,1.2,5.4));
#13343=CARTESIAN_POINT('',(1.35,1.2,5.6));
#13344=CARTESIAN_POINT('',(1.2,1.2,5.6));
#13345=CARTESIAN_POINT('',(1.35,1.65,5.6));
#13346=CARTESIAN_POINT('',(1.35,1.65,5.4));
#13347=CARTESIAN_POINT('',(3.7,1.65,5.4));
#13348=CARTESIAN_POINT('',(3.7,1.65,5.4));
#13349=CARTESIAN_POINT('',(3.7,1.65,5.));
#13350=CARTESIAN_POINT('',(4.2,1.65,5.6));
#13351=CARTESIAN_POINT('',(13.1,8.65,5.7));
#13352=CARTESIAN_POINT('',(12.5,8.65,5.3));
#13353=CARTESIAN_POINT('',(12.3,8.65,5.52360679774998));
#13354=CARTESIAN_POINT('',(12.3,8.65,5.7));
#13355=CARTESIAN_POINT('',(11.8,8.65,5.7));
#13356=CARTESIAN_POINT('',(13.1,5.05,5.7));
#13357=CARTESIAN_POINT('',(12.3,5.05,5.7));
#13358=CARTESIAN_POINT('',(12.3,5.05,5.52360679774998));
#13359=CARTESIAN_POINT('',(12.5,5.05,5.3));
#13360=CARTESIAN_POINT('',(13.6,5.05,5.7));
#13361=CARTESIAN_POINT('',(11.8,5.55,5.7));
#13362=CARTESIAN_POINT('',(11.8,8.15,5.7));
#13363=CARTESIAN_POINT('',(11.8,5.05,5.7));
#13364=CARTESIAN_POINT('',(0.,0.300000000000001,4.5));
#13365=CARTESIAN_POINT('',(1.90582413132218E-017,0.300000000000001,4.62371139269726));
#13366=CARTESIAN_POINT('',(0.0834610788269245,0.333387498092456,4.79056786001347));
#13367=CARTESIAN_POINT('',(0.209432139986527,0.383769789432925,4.91653892117307));
#13368=CARTESIAN_POINT('',(0.327275603780071,0.430910241512029,5.));
#13369=CARTESIAN_POINT('',(0.5,0.5,5.));
#13370=CARTESIAN_POINT('',(0.3,3.25260651745651E-016,4.5));
#13371=CARTESIAN_POINT('',(3.25260651745651E-016,3.25260651745651E-016,
4.5));
#13372=CARTESIAN_POINT('',(3.25260651745651E-016,0.3,4.5));
#13373=CARTESIAN_POINT('',(0.300000001640821,3.25260651745651E-016,4.63126716412724));
#13374=CARTESIAN_POINT('',(1.22637979768828E-007,1.22637979768828E-007,
4.72920990837423));
#13375=CARTESIAN_POINT('',(3.25260651745651E-016,0.300000001640821,4.63126716412724));
#13376=CARTESIAN_POINT('',(0.321554722122465,0.053886805306166,4.76099358649271));
#13377=CARTESIAN_POINT('',(0.10898726503958,0.108987265039579,4.85665673422239));
#13378=CARTESIAN_POINT('',(0.053886805306166,0.321554722122465,4.76099358649271));
#13379=CARTESIAN_POINT('',(0.395602565402915,0.239006413507285,4.94611319469383));
#13380=CARTESIAN_POINT('',(0.307963531914635,0.307963531914636,4.98101887006153));
#13381=CARTESIAN_POINT('',(0.239006413507285,0.395602565402915,4.94611319469383));
#13382=CARTESIAN_POINT('',(0.447493134347287,0.368732835868209,5.));
#13383=CARTESIAN_POINT('',(0.409157081488567,0.409157081488567,5.00000000205552));
#13384=CARTESIAN_POINT('',(0.368732835868209,0.447493134347287,5.));
#13385=CARTESIAN_POINT('',(0.500000000000001,0.500000000000001,5.));
#13386=CARTESIAN_POINT('',(0.500000000000001,0.500000000000001,5.));
#13387=CARTESIAN_POINT('',(0.500000000000001,0.500000000000001,5.));
#13388=CARTESIAN_POINT('',(10.6,0.5,4.5));
#13389=CARTESIAN_POINT('',(3.25260651745651E-016,13.4,4.5));
#13390=CARTESIAN_POINT('',(3.25260651745651E-016,13.3999999983591,4.63126716412724));
#13391=CARTESIAN_POINT('',(0.053886805306166,13.3784452778775,4.76099358649271));
#13392=CARTESIAN_POINT('',(0.239006413507285,13.3043974345971,4.94611319469383));
#13393=CARTESIAN_POINT('',(0.368732835868189,13.2525068656527,5.));
#13394=CARTESIAN_POINT('',(0.500000000000001,13.2,5.));
#13395=CARTESIAN_POINT('',(0.5,6.85,4.5));
#13396=CARTESIAN_POINT('',(20.7,0.5,5.));
#13397=CARTESIAN_POINT('',(20.8726720538464,0.430931178461437,5.));
#13398=CARTESIAN_POINT('',(20.9559341893599,0.397631072937818,4.95117259182663));
#13399=CARTESIAN_POINT('',(21.1511725918266,0.319526214587564,4.75593418935992));
#13400=CARTESIAN_POINT('',(21.2,0.3,4.62374498946692));
#13401=CARTESIAN_POINT('',(21.2,0.3,4.5));
#13402=CARTESIAN_POINT('',(21.2,0.3,4.5));
#13403=CARTESIAN_POINT('',(21.2,3.25260651745651E-016,4.5));
#13404=CARTESIAN_POINT('',(20.9,3.25260651745651E-016,4.5));
#13405=CARTESIAN_POINT('',(21.2,0.300000001640821,4.63126716412726));
#13406=CARTESIAN_POINT('',(21.1999998773621,1.22637979768802E-007,4.7292099083742));
#13407=CARTESIAN_POINT('',(20.8999999983592,3.25260651745651E-016,4.63126716412724));
#13408=CARTESIAN_POINT('',(21.1461131946939,0.321554722122465,4.76099358649269));
#13409=CARTESIAN_POINT('',(21.0910127349605,0.108987265039593,4.85665673422242));
#13410=CARTESIAN_POINT('',(20.8784452778775,0.053886805306166,4.76099358649271));
#13411=CARTESIAN_POINT('',(20.9609935864927,0.395602565402915,4.94611319469386));
#13412=CARTESIAN_POINT('',(20.8920364680853,0.307963531914624,4.9810188700615));
#13413=CARTESIAN_POINT('',(20.8043974345971,0.239006413507285,4.94611319469383));
#13414=CARTESIAN_POINT('',(20.8312671641319,0.447493134347415,5.));
#13415=CARTESIAN_POINT('',(20.7908429185137,0.409157081486573,5.00000000191894));
#13416=CARTESIAN_POINT('',(20.7525068656528,0.368732835868255,5.));
#13417=CARTESIAN_POINT('',(20.7,0.500000000000001,5.));
#13418=CARTESIAN_POINT('',(20.7,0.500000000000001,5.));
#13419=CARTESIAN_POINT('',(20.7,0.500000000000001,5.));
#13420=CARTESIAN_POINT('',(3.25260651745651E-016,13.4,4.5));
#13421=CARTESIAN_POINT('',(3.25260651745651E-016,13.7,4.5));
#13422=CARTESIAN_POINT('',(0.3,13.7,4.5));
#13423=CARTESIAN_POINT('',(3.25260651745651E-016,13.3999999983591,4.63126716412724));
#13424=CARTESIAN_POINT('',(1.22637930069104E-007,13.6999998773619,4.7292099083742));
#13425=CARTESIAN_POINT('',(0.300000001640821,13.7,4.63126716412724));
#13426=CARTESIAN_POINT('',(0.053886805306166,13.3784452778775,4.76099358649271));
#13427=CARTESIAN_POINT('',(0.108987265039579,13.5910127349604,4.85665673422242));
#13428=CARTESIAN_POINT('',(0.321554722122465,13.6461131946938,4.76099358649271));
#13429=CARTESIAN_POINT('',(0.239006413507285,13.3043974345971,4.94611319469383));
#13430=CARTESIAN_POINT('',(0.307963531914636,13.3920364680854,4.9810188700615));
#13431=CARTESIAN_POINT('',(0.395602565402915,13.4609935864927,4.94611319469383));
#13432=CARTESIAN_POINT('',(0.368732835868189,13.2525068656527,5.));
#13433=CARTESIAN_POINT('',(0.409157081487435,13.2908429185103,5.00000000205552));
#13434=CARTESIAN_POINT('',(0.447493134347196,13.3312671641318,5.));
#13435=CARTESIAN_POINT('',(0.500000000000001,13.2,5.));
#13436=CARTESIAN_POINT('',(0.500000000000001,13.2,5.));
#13437=CARTESIAN_POINT('',(0.500000000000001,13.2,5.));
#13438=CARTESIAN_POINT('',(20.7,13.2,5.));
#13439=CARTESIAN_POINT('',(20.831267164069,13.2525068657122,5.));
#13440=CARTESIAN_POINT('',(20.9609935863919,13.3043974347252,4.94611319474489));
#13441=CARTESIAN_POINT('',(21.1461131946263,13.3784452781384,4.76099358661009));
#13442=CARTESIAN_POINT('',(21.2,13.3999999986873,4.63126716423442));
#13443=CARTESIAN_POINT('',(21.2,13.4000000003294,4.5));
#13444=CARTESIAN_POINT('',(20.7,6.85,4.5));
#13445=CARTESIAN_POINT('',(10.6,13.2,4.5));
#13446=CARTESIAN_POINT('',(20.9,13.7,4.5));
#13447=CARTESIAN_POINT('',(21.2,13.7,4.5));
#13448=CARTESIAN_POINT('',(21.2,13.4,4.5));
#13449=CARTESIAN_POINT('',(20.8999999983592,13.7,4.63126716412724));
#13450=CARTESIAN_POINT('',(21.1999998773621,13.6999998773619,4.72920990837418));
#13451=CARTESIAN_POINT('',(21.2,13.3999999983591,4.63126716412726));
#13452=CARTESIAN_POINT('',(20.8784452778775,13.6461131946938,4.76099358649271));
#13453=CARTESIAN_POINT('',(21.0910127349605,13.5910127349604,4.85665673422245));
#13454=CARTESIAN_POINT('',(21.1461131946939,13.3784452778775,4.76099358649269));
#13455=CARTESIAN_POINT('',(20.8043974345971,13.4609935864927,4.94611319469383));
#13456=CARTESIAN_POINT('',(20.8920364680853,13.3920364680854,4.98101887006147));
#13457=CARTESIAN_POINT('',(20.9609935864927,13.3043974345971,4.94611319469386));
#13458=CARTESIAN_POINT('',(20.7525068656529,13.3312671641317,5.));
#13459=CARTESIAN_POINT('',(20.7908429185148,13.2908429185123,5.00000000191894));
#13460=CARTESIAN_POINT('',(20.8312671641319,13.2525068656525,5.));
#13461=CARTESIAN_POINT('',(20.7,13.2,5.));
#13462=CARTESIAN_POINT('',(20.7,13.2,5.));
#13463=CARTESIAN_POINT('',(20.7,13.2,5.));
#13464=CARTESIAN_POINT('',(12.7,1.7,5.3));
#13465=CARTESIAN_POINT('',(12.7,1.7,5.6));
#13466=CARTESIAN_POINT('',(13.7,3.25,5.3));
#13467=CARTESIAN_POINT('',(13.7,3.25,5.6));
#13468=CARTESIAN_POINT('',(13.7,10.45,5.3));
#13469=CARTESIAN_POINT('',(13.7,10.45,5.6));
#13470=CARTESIAN_POINT('',(12.7,12.,5.3));
#13471=CARTESIAN_POINT('',(12.7,12.,5.6));
#13472=CARTESIAN_POINT('',(19.5,8.75,5.3));
#13473=CARTESIAN_POINT('',(19.5,8.75,5.6));
#13474=CARTESIAN_POINT('',(19.5,9.45,5.3));
#13475=CARTESIAN_POINT('',(19.5,9.45,5.6));
#13476=CARTESIAN_POINT('',(19.5,4.95,5.3));
#13477=CARTESIAN_POINT('',(19.5,4.95,5.6));
#13478=CARTESIAN_POINT('',(19.5,4.25,5.3));
#13479=CARTESIAN_POINT('',(19.5,4.25,5.6));
#13480=CARTESIAN_POINT('',(12.3,5.05,5.52360679774998));
#13481=CARTESIAN_POINT('',(12.2751233540703,5.05,5.50135644920957));
#13482=CARTESIAN_POINT('',(12.2537399629105,5.05187868124138,5.47454453269346));
#13483=CARTESIAN_POINT('',(12.2375933387747,5.05390987851529,5.44540544743783));
#13484=CARTESIAN_POINT('',(12.2214599623295,5.05593940926914,5.41629026969267));
#13485=CARTESIAN_POINT('',(12.2100835691099,5.05811729874591,5.38401984713081));
#13486=CARTESIAN_POINT('',(12.2043976616844,5.05922490598178,5.35117868288995));
#13487=CARTESIAN_POINT('',(12.2014778370921,5.05979368394525,5.33431410318175));
#13488=CARTESIAN_POINT('',(12.2,5.06010205144336,5.31712492139415));
#13489=CARTESIAN_POINT('',(12.2,5.06010205144336,5.3));
#13490=CARTESIAN_POINT('',(12.5,1.7,5.3));
#13491=CARTESIAN_POINT('',(12.5,8.25,5.3));
#13492=CARTESIAN_POINT('',(12.9,1.7,5.3));
#13493=CARTESIAN_POINT('',(12.5,1.7,5.6));
#13494=CARTESIAN_POINT('',(12.5,1.3,5.6));
#13495=CARTESIAN_POINT('',(12.9,1.3,5.6));
#13496=CARTESIAN_POINT('',(12.9,1.7,5.6));
#13497=CARTESIAN_POINT('',(12.3242640687119,1.7,5.6));
#13498=CARTESIAN_POINT('',(12.3242640687119,0.948528137423858,5.6));
#13499=CARTESIAN_POINT('',(13.0757359312881,0.948528137423857,5.6));
#13500=CARTESIAN_POINT('',(13.0757359312881,1.7,5.6));
#13501=CARTESIAN_POINT('',(12.2,1.7,5.47573593128807));
#13502=CARTESIAN_POINT('',(12.2,0.700000000000003,5.47573593128807));
#13503=CARTESIAN_POINT('',(13.2,0.700000000000003,5.47573593128807));
#13504=CARTESIAN_POINT('',(13.2,1.7,5.47573593128807));
#13505=CARTESIAN_POINT('',(12.2,1.7,5.3));
#13506=CARTESIAN_POINT('',(12.2,0.700000000000006,5.3));
#13507=CARTESIAN_POINT('',(13.2,0.700000000000006,5.3));
#13508=CARTESIAN_POINT('',(13.2,1.7,5.3));
#13509=CARTESIAN_POINT('',(12.9,3.25,5.3));
#13510=CARTESIAN_POINT('',(12.9,8.25,5.3));
#13511=CARTESIAN_POINT('',(13.7,3.25,5.3));
#13512=CARTESIAN_POINT('',(17.3,4.05,5.3));
#13513=CARTESIAN_POINT('',(19.5,4.05,5.3));
#13514=CARTESIAN_POINT('',(13.6,4.05,5.3));
#13515=CARTESIAN_POINT('',(19.7,4.25,5.3));
#13516=CARTESIAN_POINT('',(19.5,4.05000000000001,5.6));
#13517=CARTESIAN_POINT('',(19.6171572875254,4.05000000000001,5.6));
#13518=CARTESIAN_POINT('',(19.7,4.13284271247462,5.6));
#13519=CARTESIAN_POINT('',(19.7,4.25,5.6));
#13520=CARTESIAN_POINT('',(19.5,3.87426406871193,5.6));
#13521=CARTESIAN_POINT('',(19.7201010126777,3.87426406871193,5.6));
#13522=CARTESIAN_POINT('',(19.8757359312881,4.02989898732233,5.6));
#13523=CARTESIAN_POINT('',(19.8757359312881,4.25,5.6));
#13524=CARTESIAN_POINT('',(19.5,3.75,5.47573593128807));
#13525=CARTESIAN_POINT('',(19.7928932188134,3.75,5.47573593128807));
#13526=CARTESIAN_POINT('',(20.,3.95710678118654,5.47573593128807));
#13527=CARTESIAN_POINT('',(20.,4.24999999999999,5.47573593128807));
#13528=CARTESIAN_POINT('',(19.5,3.75,5.3));
#13529=CARTESIAN_POINT('',(19.7928932188134,3.75,5.3));
#13530=CARTESIAN_POINT('',(20.,3.95710678118655,5.3));
#13531=CARTESIAN_POINT('',(20.,4.25,5.3));
#13532=CARTESIAN_POINT('',(19.7,4.95,5.3));
#13533=CARTESIAN_POINT('',(19.7,8.25,5.3));
#13534=CARTESIAN_POINT('',(19.7,4.95,5.6));
#13535=CARTESIAN_POINT('',(19.7,5.06715728752538,5.6));
#13536=CARTESIAN_POINT('',(19.6171572875254,5.14999999999999,5.6));
#13537=CARTESIAN_POINT('',(19.5,5.14999999999999,5.6));
#13538=CARTESIAN_POINT('',(19.8757359312881,4.95,5.6));
#13539=CARTESIAN_POINT('',(19.8757359312881,5.17010101267766,5.6));
#13540=CARTESIAN_POINT('',(19.7201010126777,5.32573593128806,5.6));
#13541=CARTESIAN_POINT('',(19.5,5.32573593128806,5.6));
#13542=CARTESIAN_POINT('',(20.,4.95,5.47573593128807));
#13543=CARTESIAN_POINT('',(20.,5.24289321881345,5.47573593128807));
#13544=CARTESIAN_POINT('',(19.7928932188134,5.44999999999999,5.47573593128807));
#13545=CARTESIAN_POINT('',(19.5,5.44999999999999,5.47573593128807));
#13546=CARTESIAN_POINT('',(20.,4.95,5.3));
#13547=CARTESIAN_POINT('',(20.,5.24289321881345,5.3));
#13548=CARTESIAN_POINT('',(19.7928932188134,5.44999999999999,5.3));
#13549=CARTESIAN_POINT('',(19.5,5.44999999999999,5.3));
#13550=CARTESIAN_POINT('',(15.9,5.15,5.3));
#13551=CARTESIAN_POINT('',(13.5898979485566,5.45,5.3));
#13552=CARTESIAN_POINT('',(13.5898979485566,5.45,5.33254033645151));
#13553=CARTESIAN_POINT('',(13.588870568848,5.44454811546753,5.3655296203239));
#13554=CARTESIAN_POINT('',(13.5863906432225,5.43413739953885,5.39625974331619));
#13555=CARTESIAN_POINT('',(13.5839089292234,5.42371917602671,5.42701202702872));
#13556=CARTESIAN_POINT('',(13.5798490036155,5.40800874747909,5.45636025056473));
#13557=CARTESIAN_POINT('',(13.5732642100224,5.38868977865045,5.48173384265953));
#13558=CARTESIAN_POINT('',(13.5668217598629,5.36978842782573,5.50655893400479));
#13559=CARTESIAN_POINT('',(13.5576857760497,5.34689496666901,5.52824811267868));
#13560=CARTESIAN_POINT('',(13.5454292452849,5.32285954247446,5.54519294152875));
#13561=CARTESIAN_POINT('',(13.5335943532049,5.29965096437857,5.56155484887455));
#13562=CARTESIAN_POINT('',(13.5185271970108,5.27484670631175,5.57394769215793));
#13563=CARTESIAN_POINT('',(13.5008530162881,5.25114073657864,5.58243680957752));
#13564=CARTESIAN_POINT('',(13.4823444399399,5.2263156112958,5.59132669705543));
#13565=CARTESIAN_POINT('',(13.4606095833769,5.20215849274028,5.59623176151687));
#13566=CARTESIAN_POINT('',(13.4368583845274,5.18050517084319,5.59844502768823));
#13567=CARTESIAN_POINT('',(13.4250944663269,5.16978032662884,5.59954125370868));
#13568=CARTESIAN_POINT('',(13.4127652971158,5.15957397283687,5.6));
#13569=CARTESIAN_POINT('',(13.4,5.15,5.6));
#13570=CARTESIAN_POINT('',(13.6,5.15,5.3));
#13571=CARTESIAN_POINT('',(12.5,12.,5.3));
#13572=CARTESIAN_POINT('',(12.2,8.63989794855664,5.3));
#13573=CARTESIAN_POINT('',(12.2,8.63989794855664,5.33338237739653));
#13574=CARTESIAN_POINT('',(12.2057341681468,8.64115947094794,5.36722031447269));
#13575=CARTESIAN_POINT('',(12.2166995824229,8.64301221123972,5.39869586313842));
#13576=CARTESIAN_POINT('',(12.2276586726782,8.64486388301116,5.43015325909055));
#13577=CARTESIAN_POINT('',(12.2441343878851,8.64730215913222,5.46013668233274));
#13578=CARTESIAN_POINT('',(12.2648291813935,8.64876147958573,5.48626509623637));
#13579=CARTESIAN_POINT('',(12.2754386151804,8.64950961769685,5.49966014060607));
#13580=CARTESIAN_POINT('',(12.2872514268864,8.65,5.51220412731075));
#13581=CARTESIAN_POINT('',(12.3,8.65,5.52360679774998));
#13582=CARTESIAN_POINT('',(12.5,8.25,5.3));
#13583=CARTESIAN_POINT('',(12.9,12.,5.3));
#13584=CARTESIAN_POINT('',(12.9,12.,5.6));
#13585=CARTESIAN_POINT('',(12.9,12.4,5.6));
#13586=CARTESIAN_POINT('',(12.5,12.4,5.6));
#13587=CARTESIAN_POINT('',(12.5,12.,5.6));
#13588=CARTESIAN_POINT('',(13.0757359312881,12.,5.6));
#13589=CARTESIAN_POINT('',(13.0757359312881,12.7514718625761,5.6));
#13590=CARTESIAN_POINT('',(12.3242640687119,12.7514718625761,5.6));
#13591=CARTESIAN_POINT('',(12.3242640687119,12.,5.6));
#13592=CARTESIAN_POINT('',(13.2,12.,5.47573593128807));
#13593=CARTESIAN_POINT('',(13.2,13.,5.47573593128807));
#13594=CARTESIAN_POINT('',(12.2,13.,5.47573593128807));
#13595=CARTESIAN_POINT('',(12.2,12.,5.47573593128807));
#13596=CARTESIAN_POINT('',(13.2,12.,5.3));
#13597=CARTESIAN_POINT('',(13.2,13.,5.3));
#13598=CARTESIAN_POINT('',(12.2,13.,5.3));
#13599=CARTESIAN_POINT('',(12.2,12.,5.3));
#13600=CARTESIAN_POINT('',(12.9,10.45,5.3));
#13601=CARTESIAN_POINT('',(12.9,12.5,5.3));
#13602=CARTESIAN_POINT('',(13.7,9.65,5.3));
#13603=CARTESIAN_POINT('',(13.7,10.45,5.3));
#13604=CARTESIAN_POINT('',(15.9,9.65,5.3));
#13605=CARTESIAN_POINT('',(13.2,9.65,5.3));
#13606=CARTESIAN_POINT('',(19.7,9.45,5.3));
#13607=CARTESIAN_POINT('',(19.7,9.45,5.6));
#13608=CARTESIAN_POINT('',(19.7,9.56715728752538,5.6));
#13609=CARTESIAN_POINT('',(19.6171572875254,9.65,5.6));
#13610=CARTESIAN_POINT('',(19.5,9.64999999999999,5.6));
#13611=CARTESIAN_POINT('',(19.8757359312881,9.45,5.6));
#13612=CARTESIAN_POINT('',(19.8757359312881,9.67010101267766,5.6));
#13613=CARTESIAN_POINT('',(19.7201010126777,9.82573593128807,5.6));
#13614=CARTESIAN_POINT('',(19.5,9.82573593128806,5.6));
#13615=CARTESIAN_POINT('',(20.,9.45,5.47573593128807));
#13616=CARTESIAN_POINT('',(20.,9.74289321881345,5.47573593128807));
#13617=CARTESIAN_POINT('',(19.7928932188134,9.95,5.47573593128807));
#13618=CARTESIAN_POINT('',(19.5,9.95,5.47573593128807));
#13619=CARTESIAN_POINT('',(20.,9.45,5.3));
#13620=CARTESIAN_POINT('',(20.,9.74289321881345,5.3));
#13621=CARTESIAN_POINT('',(19.7928932188134,9.95,5.3));
#13622=CARTESIAN_POINT('',(19.5,9.95,5.3));
#13623=CARTESIAN_POINT('',(19.7,8.75,5.3));
#13624=CARTESIAN_POINT('',(19.7,9.95,5.3));
#13625=CARTESIAN_POINT('',(19.5,8.55,5.3));
#13626=CARTESIAN_POINT('',(19.5,8.55000000000001,5.6));
#13627=CARTESIAN_POINT('',(19.6171572875254,8.55000000000001,5.6));
#13628=CARTESIAN_POINT('',(19.7,8.63284271247463,5.6));
#13629=CARTESIAN_POINT('',(19.7,8.75,5.6));
#13630=CARTESIAN_POINT('',(19.5,8.37426406871193,5.60000000000001));
#13631=CARTESIAN_POINT('',(19.7201010126777,8.37426406871193,5.60000000000001));
#13632=CARTESIAN_POINT('',(19.8757359312881,8.52989898732234,5.60000000000001));
#13633=CARTESIAN_POINT('',(19.8757359312881,8.75,5.60000000000001));
#13634=CARTESIAN_POINT('',(19.5,8.25,5.47573593128808));
#13635=CARTESIAN_POINT('',(19.7928932188135,8.25,5.47573593128807));
#13636=CARTESIAN_POINT('',(20.,8.45710678118654,5.47573593128807));
#13637=CARTESIAN_POINT('',(20.,8.75,5.47573593128808));
#13638=CARTESIAN_POINT('',(19.5,8.25,5.3));
#13639=CARTESIAN_POINT('',(19.7928932188135,8.25,5.3));
#13640=CARTESIAN_POINT('',(20.,8.45710678118654,5.3));
#13641=CARTESIAN_POINT('',(20.,8.75,5.3));
#13642=CARTESIAN_POINT('',(17.3,8.55,5.3));
#13643=CARTESIAN_POINT('',(20.,8.55,5.3));
#13644=CARTESIAN_POINT('',(1.35,1.35,5.4));
#13645=CARTESIAN_POINT('',(1.35,1.35,5.6));
#13646=CARTESIAN_POINT('',(1.35,1.45,5.45));
#13647=CARTESIAN_POINT('',(1.35,1.4,5.45));
#13648=CARTESIAN_POINT('',(1.35,6.85,5.45));
#13649=CARTESIAN_POINT('',(1.35,1.5,5.4));
#13650=CARTESIAN_POINT('',(1.35,1.5,5.6));
#13651=CARTESIAN_POINT('',(1.35,12.35,5.4));
#13652=CARTESIAN_POINT('',(1.35,12.35,5.6));
#13653=CARTESIAN_POINT('',(1.35,12.25,5.45));
#13654=CARTESIAN_POINT('',(1.35,12.3,5.45));
#13655=CARTESIAN_POINT('',(1.35,12.05,5.45));
#13656=CARTESIAN_POINT('',(1.35,12.2,5.4));
#13657=CARTESIAN_POINT('',(1.35,12.2,5.6));
#13658=CARTESIAN_POINT('',(12.3,5.55,5.7));
#13659=CARTESIAN_POINT('',(12.3,8.15,5.7));
#13660=CARTESIAN_POINT('',(13.1,8.15,5.7));
#13661=CARTESIAN_POINT('',(13.1,5.55,5.6));
#13662=CARTESIAN_POINT('',(6.7,9.85,5.1));
#13663=CARTESIAN_POINT('',(6.9,9.85,5.1));
#13664=CARTESIAN_POINT('',(6.7,9.85,5.1));
#13665=CARTESIAN_POINT('',(7.2,9.85,5.1));
#13666=CARTESIAN_POINT('',(6.7,9.85,5.1));
#13667=CARTESIAN_POINT('',(6.7,9.85,3.6));
#13668=CARTESIAN_POINT('',(6.7,9.85,5.1));
#13669=CARTESIAN_POINT('',(8.5,1.7,5.4));
#13670=CARTESIAN_POINT('',(8.5,1.7,5.6));
#13671=CARTESIAN_POINT('',(8.5,12.,5.4));
#13672=CARTESIAN_POINT('',(8.5,12.,5.6));
#13673=CARTESIAN_POINT('',(3.7,2.15,5.4));
#13674=CARTESIAN_POINT('',(3.7,2.15,5.6));
#13675=CARTESIAN_POINT('',(3.7,11.55,5.4));
#13676=CARTESIAN_POINT('',(3.7,11.55,5.6));
#13677=CARTESIAN_POINT('',(1.35,1.4,5.4));
#13678=CARTESIAN_POINT('',(1.2,1.35,5.4));
#13679=CARTESIAN_POINT('',(1.2,1.35,5.42928932188134));
#13680=CARTESIAN_POINT('',(1.2,1.37071067811866,5.45));
#13681=CARTESIAN_POINT('',(1.2,1.4,5.45));
#13682=CARTESIAN_POINT('',(1.2,1.26213203435597,5.4));
#13683=CARTESIAN_POINT('',(1.2,1.26213203435597,5.48076118445749));
#13684=CARTESIAN_POINT('',(1.2,1.31923881554251,5.53786796564404));
#13685=CARTESIAN_POINT('',(1.2,1.4,5.53786796564404));
#13686=CARTESIAN_POINT('',(1.26213203435596,1.2,5.4));
#13687=CARTESIAN_POINT('',(1.26213203435596,1.2,5.51715728752538));
#13688=CARTESIAN_POINT('',(1.26213203435596,1.28284271247462,5.6));
#13689=CARTESIAN_POINT('',(1.26213203435596,1.4,5.6));
#13690=CARTESIAN_POINT('',(1.35,1.2,5.4));
#13691=CARTESIAN_POINT('',(1.35,1.2,5.51715728752538));
#13692=CARTESIAN_POINT('',(1.35,1.28284271247462,5.6));
#13693=CARTESIAN_POINT('',(1.35,1.4,5.6));
#13694=CARTESIAN_POINT('',(8.5,1.4,5.4));
#13695=CARTESIAN_POINT('',(9.,1.4,5.4));
#13696=CARTESIAN_POINT('',(8.8,1.7,5.4));
#13697=CARTESIAN_POINT('',(8.5,1.7,5.4));
#13698=CARTESIAN_POINT('',(8.8,12.,5.4));
#13699=CARTESIAN_POINT('',(8.8,12.5,5.4));
#13700=CARTESIAN_POINT('',(8.5,12.3,5.4));
#13701=CARTESIAN_POINT('',(8.5,12.,5.4));
#13702=CARTESIAN_POINT('',(1.35,12.3,5.4));
#13703=CARTESIAN_POINT('',(1.2,12.3,5.4));
#13704=CARTESIAN_POINT('',(1.2,12.3,5.45));
#13705=CARTESIAN_POINT('',(1.2,12.3292893218813,5.45));
#13706=CARTESIAN_POINT('',(1.2,12.35,5.42928932188134));
#13707=CARTESIAN_POINT('',(1.2,12.35,5.4));
#13708=CARTESIAN_POINT('',(1.2,12.3,5.53786796564404));
#13709=CARTESIAN_POINT('',(1.2,12.3807611844575,5.53786796564404));
#13710=CARTESIAN_POINT('',(1.2,12.437867965644,5.48076118445749));
#13711=CARTESIAN_POINT('',(1.2,12.437867965644,5.4));
#13712=CARTESIAN_POINT('',(1.26213203435596,12.3,5.6));
#13713=CARTESIAN_POINT('',(1.26213203435596,12.4171572875254,5.6));
#13714=CARTESIAN_POINT('',(1.26213203435596,12.5,5.51715728752538));
#13715=CARTESIAN_POINT('',(1.26213203435596,12.5,5.4));
#13716=CARTESIAN_POINT('',(1.35,12.3,5.6));
#13717=CARTESIAN_POINT('',(1.35,12.4171572875254,5.6));
#13718=CARTESIAN_POINT('',(1.35,12.5,5.51715728752538));
#13719=CARTESIAN_POINT('',(1.35,12.5,5.4));
#13720=CARTESIAN_POINT('',(1.35,1.45,5.4));
#13721=CARTESIAN_POINT('',(1.2,1.45,5.45));
#13722=CARTESIAN_POINT('',(1.2,1.47928932188134,5.45));
#13723=CARTESIAN_POINT('',(1.2,1.5,5.42928932188134));
#13724=CARTESIAN_POINT('',(1.2,1.5,5.4));
#13725=CARTESIAN_POINT('',(1.2,1.45,5.53786796564404));
#13726=CARTESIAN_POINT('',(1.2,1.53076118445749,5.53786796564403));
#13727=CARTESIAN_POINT('',(1.2,1.58786796564403,5.48076118445749));
#13728=CARTESIAN_POINT('',(1.2,1.58786796564403,5.4));
#13729=CARTESIAN_POINT('',(1.26213203435596,1.45,5.6));
#13730=CARTESIAN_POINT('',(1.26213203435596,1.56715728752538,5.6));
#13731=CARTESIAN_POINT('',(1.26213203435596,1.65,5.51715728752538));
#13732=CARTESIAN_POINT('',(1.26213203435596,1.65,5.4));
#13733=CARTESIAN_POINT('',(1.35,1.45,5.6));
#13734=CARTESIAN_POINT('',(1.35,1.56715728752538,5.6));
#13735=CARTESIAN_POINT('',(1.35,1.65,5.51715728752538));
#13736=CARTESIAN_POINT('',(1.35,1.65,5.4));
#13737=CARTESIAN_POINT('',(3.7,1.45,5.4));
#13738=CARTESIAN_POINT('',(9.,1.45,5.4));
#13739=CARTESIAN_POINT('',(4.4,2.15,5.4));
#13740=CARTESIAN_POINT('',(3.7,2.15,5.4));
#13741=CARTESIAN_POINT('',(4.4,2.15,5.6));
#13742=CARTESIAN_POINT('',(4.4,11.55,5.4));
#13743=CARTESIAN_POINT('',(4.4,6.85,5.4));
#13744=CARTESIAN_POINT('',(3.7,12.25,5.4));
#13745=CARTESIAN_POINT('',(3.7,11.55,5.4));
#13746=CARTESIAN_POINT('',(1.35,12.25,5.4));
#13747=CARTESIAN_POINT('',(4.2,12.25,5.4));
#13748=CARTESIAN_POINT('',(1.2,12.2,5.4));
#13749=CARTESIAN_POINT('',(1.2,12.2,5.42928932188134));
#13750=CARTESIAN_POINT('',(1.2,12.2207106781187,5.45));
#13751=CARTESIAN_POINT('',(1.2,12.25,5.45));
#13752=CARTESIAN_POINT('',(1.2,12.112132034356,5.4));
#13753=CARTESIAN_POINT('',(1.2,12.112132034356,5.48076118445749));
#13754=CARTESIAN_POINT('',(1.2,12.1692388155425,5.53786796564404));
#13755=CARTESIAN_POINT('',(1.2,12.25,5.53786796564404));
#13756=CARTESIAN_POINT('',(1.26213203435596,12.05,5.39999999999999));
#13757=CARTESIAN_POINT('',(1.26213203435596,12.05,5.51715728752538));
#13758=CARTESIAN_POINT('',(1.26213203435596,12.1328427124746,5.60000000000001));
#13759=CARTESIAN_POINT('',(1.26213203435596,12.25,5.60000000000001));
#13760=CARTESIAN_POINT('',(1.35,12.05,5.39999999999999));
#13761=CARTESIAN_POINT('',(1.35,12.05,5.51715728752538));
#13762=CARTESIAN_POINT('',(1.35,12.1328427124746,5.60000000000001));
#13763=CARTESIAN_POINT('',(1.35,12.25,5.60000000000001));
#13764=CARTESIAN_POINT('',(15.6,8.55,5.7));
#13765=CARTESIAN_POINT('',(15.6,9.65,5.7));
#13766=CARTESIAN_POINT('',(15.6,9.95,5.7));
#13767=CARTESIAN_POINT('',(17.6,9.65,5.7));
#13768=CARTESIAN_POINT('',(17.6,8.55,5.7));
#13769=CARTESIAN_POINT('',(17.6,8.25,5.7));
#13770=CARTESIAN_POINT('',(17.3,9.65,5.7));
#13771=CARTESIAN_POINT('',(15.9,9.65,5.7));
#13772=CARTESIAN_POINT('',(15.9,8.55,5.7));
#13773=CARTESIAN_POINT('',(17.3,8.55,5.7));
#13774=CARTESIAN_POINT('',(17.6,5.15,5.7));
#13775=CARTESIAN_POINT('',(17.6,4.05,5.7));
#13776=CARTESIAN_POINT('',(17.6,3.75,5.7));
#13777=CARTESIAN_POINT('',(15.6,4.05,5.7));
#13778=CARTESIAN_POINT('',(15.6,5.15,5.7));
#13779=CARTESIAN_POINT('',(15.6,5.45,5.7));
#13780=CARTESIAN_POINT('',(15.9,4.05,5.7));
#13781=CARTESIAN_POINT('',(17.3,4.05,5.7));
#13782=CARTESIAN_POINT('',(17.3,5.15,5.7));
#13783=CARTESIAN_POINT('',(15.9,5.15,5.7));
#13784=CARTESIAN_POINT('',(4.5,6.25,5.6));
#13785=CARTESIAN_POINT('',(4.2,6.25,5.6));
#13786=CARTESIAN_POINT('',(4.2,7.75,5.6));
#13787=CARTESIAN_POINT('',(4.2,7.45,5.6));
#13788=CARTESIAN_POINT('',(4.5,7.45,5.6));
#13789=CARTESIAN_POINT('',(4.2,7.75,5.6));
#13790=CARTESIAN_POINT('',(4.2,6.25,5.7));
#13791=CARTESIAN_POINT('',(4.2,7.45,5.7));
#13792=CARTESIAN_POINT('',(4.2,7.75,5.7));
#13793=CARTESIAN_POINT('',(4.5,5.95,5.7));
#13794=CARTESIAN_POINT('',(7.9,5.95,5.7));
#13795=CARTESIAN_POINT('',(4.2,5.95,5.7));
#13796=CARTESIAN_POINT('',(8.2,6.25,5.7));
#13797=CARTESIAN_POINT('',(8.2,7.45,5.7));
#13798=CARTESIAN_POINT('',(8.2,5.95,5.7));
#13799=CARTESIAN_POINT('',(7.9,7.75,5.7));
#13800=CARTESIAN_POINT('',(4.5,7.75,5.7));
#13801=CARTESIAN_POINT('',(8.2,7.75,5.7));
#13802=CARTESIAN_POINT('',(7.9,7.45,5.7));
#13803=CARTESIAN_POINT('',(4.5,7.45,5.7));
#13804=CARTESIAN_POINT('',(4.5,6.25,5.7));
#13805=CARTESIAN_POINT('',(7.9,6.25,5.7));
#13806=CARTESIAN_POINT('',(16.0363937770977,8.71168770721755,5.85));
#13807=CARTESIAN_POINT('',(16.0363937770977,8.71168770721755,5.85));
#13808=CARTESIAN_POINT('',(15.9681968885488,8.77676570602737,5.85));
#13809=CARTESIAN_POINT('',(15.9,8.8418437048372,5.85));
#13810=CARTESIAN_POINT('',(15.9,8.8418437048372,5.85));
#13811=CARTESIAN_POINT('',(16.0363937770977,8.71168770721755,5.85));
#13812=CARTESIAN_POINT('',(15.9,9.05507799880983,5.85));
#13813=CARTESIAN_POINT('',(15.9,9.26831229278246,5.85));
#13814=CARTESIAN_POINT('',(15.9,9.26831229278246,5.85));
#13815=CARTESIAN_POINT('',(15.9,8.8418437048372,5.85));
#13816=CARTESIAN_POINT('',(16.6,9.26831229278246,5.85));
#13817=CARTESIAN_POINT('',(17.3,9.26831229278246,5.85));
#13818=CARTESIAN_POINT('',(17.3,9.26831229278246,5.85));
#13819=CARTESIAN_POINT('',(15.9,9.26831229278246,5.85));
#13820=CARTESIAN_POINT('',(17.3,9.16114129048712,5.85));
#13821=CARTESIAN_POINT('',(17.3,9.05397028819179,5.85));
#13822=CARTESIAN_POINT('',(17.3,9.05397028819179,5.85));
#13823=CARTESIAN_POINT('',(17.3,9.26831229278246,5.85));
#13824=CARTESIAN_POINT('',(16.6681968885488,9.05397028819179,5.85));
#13825=CARTESIAN_POINT('',(16.0363937770977,9.05397028819179,5.85));
#13826=CARTESIAN_POINT('',(16.0363937770977,9.05397028819179,5.85));
#13827=CARTESIAN_POINT('',(17.3,9.05397028819179,5.85));
#13828=CARTESIAN_POINT('',(16.0363937770977,8.88282899770467,5.85));
#13829=CARTESIAN_POINT('',(16.0363937770977,9.05397028819179,5.85));
#13830=CARTESIAN_POINT('',(15.9681968885488,8.77676570602737,5.85));
#13831=CARTESIAN_POINT('',(16.0363810252487,4.42072814783115,5.8));
#13832=CARTESIAN_POINT('',(16.0363810252487,4.42072814783115,5.8));
#13833=CARTESIAN_POINT('',(16.0363810252487,4.42072814783115,5.8));
#13834=CARTESIAN_POINT('',(16.0952945677123,4.37078482874026,5.8));
#13835=CARTESIAN_POINT('',(16.179558786024,4.34180537198381,5.8));
#13836=CARTESIAN_POINT('',(16.2888166284111,4.33378977756182,5.8));
#13837=CARTESIAN_POINT('',(16.2888166284111,4.33378977756182,5.8));
#13838=CARTESIAN_POINT('',(16.2888166284111,4.33378977756182,5.8));
#13839=CARTESIAN_POINT('',(16.0363810252487,4.42072814783115,5.8));
#13840=CARTESIAN_POINT('',(16.0952945677123,4.37078482874026,5.8));
#13841=CARTESIAN_POINT('',(16.179558786024,4.34180537198381,5.8));
#13842=CARTESIAN_POINT('',(16.2888166284111,4.33378977756182,5.8));
#13843=CARTESIAN_POINT('',(16.2888166284111,4.27583086404893,5.8));
#13844=CARTESIAN_POINT('',(16.2888166284111,4.21787195053604,5.8));
#13845=CARTESIAN_POINT('',(16.2888166284111,4.21787195053604,5.8));
#13846=CARTESIAN_POINT('',(16.2888166284111,4.33378977756182,5.8));
#13847=CARTESIAN_POINT('',(16.2888166284111,4.21787195053604,5.8));
#13848=CARTESIAN_POINT('',(16.1456388676358,4.22342120821281,5.8));
#13849=CARTESIAN_POINT('',(16.0310252486611,4.26442405660224,5.8));
#13850=CARTESIAN_POINT('',(15.858059093702,4.41685527164989,5.8));
#13851=CARTESIAN_POINT('',(15.8150089262943,4.51013285484571,5.8));
#13852=CARTESIAN_POINT('',(15.8150089262943,4.72686219633274,5.8));
#13853=CARTESIAN_POINT('',(15.8557128283601,4.81565031916099,5.8));
#13854=CARTESIAN_POINT('',(16.0181686912498,4.95839262401079,5.8));
#13855=CARTESIAN_POINT('',(16.1170747258352,4.99384314900381,5.8));
#13856=CARTESIAN_POINT('',(16.3213083397093,4.99384314900381,5.8));
#13857=CARTESIAN_POINT('',(16.4020020402958,4.97411245504197,5.8));
#13858=CARTESIAN_POINT('',(16.5499692228053,4.8938763932382,5.8));
#13859=CARTESIAN_POINT('',(16.6376562101505,4.83383955265706,5.8));
#13860=CARTESIAN_POINT('',(16.8647362128087,4.65295851742176,5.8));
#13861=CARTESIAN_POINT('',(16.9899472923574,4.55226610757671,5.8));
#13862=CARTESIAN_POINT('',(17.1153914817649,4.45186564923967,5.8));
#13863=CARTESIAN_POINT('',(17.1153914817649,4.45186564923967,5.8));
#13864=CARTESIAN_POINT('',(17.1153914817649,4.45186564923967,5.8));
#13865=CARTESIAN_POINT('',(16.2888166284111,4.21787195053604,5.8));
#13866=CARTESIAN_POINT('',(16.1456388676358,4.22342120821281,5.8));
#13867=CARTESIAN_POINT('',(16.0310252486611,4.26442405660224,5.8));
#13868=CARTESIAN_POINT('',(15.858059093702,4.41685527164989,5.8));
#13869=CARTESIAN_POINT('',(15.8150089262943,4.51013285484571,5.8));
#13870=CARTESIAN_POINT('',(15.8150089262943,4.72686219633274,5.8));
#13871=CARTESIAN_POINT('',(15.8557128283601,4.81565031916099,5.8));
#13872=CARTESIAN_POINT('',(16.0181686912498,4.95839262401079,5.8));
#13873=CARTESIAN_POINT('',(16.1170747258352,4.99384314900381,5.8));
#13874=CARTESIAN_POINT('',(16.3213083397093,4.99384314900381,5.8));
#13875=CARTESIAN_POINT('',(16.4020020402958,4.97411245504197,5.8));
#13876=CARTESIAN_POINT('',(16.5499692228053,4.8938763932382,5.8));
#13877=CARTESIAN_POINT('',(16.6376562101505,4.83383955265706,5.8));
#13878=CARTESIAN_POINT('',(16.8647362128087,4.65295851742176,5.8));
#13879=CARTESIAN_POINT('',(16.9899472923574,4.55226610757671,5.8));
#13880=CARTESIAN_POINT('',(17.1153914817649,4.45186564923967,5.8));
#13881=CARTESIAN_POINT('',(17.1153914817649,4.73133243168347,5.8));
#13882=CARTESIAN_POINT('',(17.1153914817649,5.01079921412726,5.8));
#13883=CARTESIAN_POINT('',(17.1153914817649,5.01079921412726,5.8));
#13884=CARTESIAN_POINT('',(17.1153914817649,4.45186564923967,5.8));
#13885=CARTESIAN_POINT('',(17.1826957408824,5.01079921412726,5.8));
#13886=CARTESIAN_POINT('',(17.25,5.01079921412726,5.8));
#13887=CARTESIAN_POINT('',(17.25,5.01079921412726,5.8));
#13888=CARTESIAN_POINT('',(17.1153914817649,5.01079921412726,5.8));
#13889=CARTESIAN_POINT('',(17.25,4.60000000000001,5.8));
#13890=CARTESIAN_POINT('',(17.25,4.18920078587275,5.8));
#13891=CARTESIAN_POINT('',(17.25,4.18920078587275,5.8));
#13892=CARTESIAN_POINT('',(17.25,5.01079921412726,5.8));
#13893=CARTESIAN_POINT('',(17.25,4.18920078587275,5.8));
#13894=CARTESIAN_POINT('',(17.0576681118762,4.34293577632538,5.8));
#13895=CARTESIAN_POINT('',(16.8653362237524,4.496670766778,5.8));
#13896=CARTESIAN_POINT('',(16.5717384473321,4.73134974692633,5.8));
#13897=CARTESIAN_POINT('',(16.4916220351951,4.78913719914978,5.8));
#13898=CARTESIAN_POINT('',(16.3745090538128,4.85881121220251,5.8));
#13899=CARTESIAN_POINT('',(16.3088115276715,4.87607556941911,5.8));
#13900=CARTESIAN_POINT('',(16.1581356796736,4.87607556941911,5.8));
#13901=CARTESIAN_POINT('',(16.0906528946697,4.85048732568736,5.8));
#13902=CARTESIAN_POINT('',(15.9760345204666,4.74844798378615,5.8));
#13903=CARTESIAN_POINT('',(15.9474751338944,4.68647593212961,5.8));
#13904=CARTESIAN_POINT('',(15.9474751338944,4.53479622229801,5.8));
#13905=CARTESIAN_POINT('',(15.9771104310125,4.47067146692204,5.8));
#13906=CARTESIAN_POINT('',(16.0363810252487,4.42072814783115,5.8));
#13907=CARTESIAN_POINT('',(17.25,4.18920078587275,5.8));
#13908=CARTESIAN_POINT('',(17.0576681118762,4.34293577632538,5.8));
#13909=CARTESIAN_POINT('',(16.8653362237524,4.496670766778,5.8));
#13910=CARTESIAN_POINT('',(16.5717384473321,4.73134974692633,5.8));
#13911=CARTESIAN_POINT('',(16.4916220351951,4.78913719914978,5.8));
#13912=CARTESIAN_POINT('',(16.3745090538128,4.85881121220251,5.8));
#13913=CARTESIAN_POINT('',(16.3088115276715,4.87607556941911,5.8));
#13914=CARTESIAN_POINT('',(16.1581356796736,4.87607556941911,5.8));
#13915=CARTESIAN_POINT('',(16.0906528946697,4.85048732568736,5.8));
#13916=CARTESIAN_POINT('',(15.9760345204666,4.74844798378615,5.8));
#13917=CARTESIAN_POINT('',(15.9474751338944,4.68647593212961,5.8));
#13918=CARTESIAN_POINT('',(15.9474751338944,4.53479622229801,5.8));
#13919=CARTESIAN_POINT('',(15.9771104310125,4.47067146692204,5.8));
#13920=CARTESIAN_POINT('',(16.0363810252487,4.42072814783115,5.8));
#13921=CARTESIAN_POINT('',(16.1437197143586,4.36153606594565,5.8));
#13922=CARTESIAN_POINT('',(12.9897602652385,6.82795711533951,5.7));
#13923=CARTESIAN_POINT('',(12.9897602652385,6.64945599340354,5.7));
#13924=CARTESIAN_POINT('',(12.9897602652385,7.00645823727548,5.7));
#13925=CARTESIAN_POINT('',(12.9897602652385,6.64945599340354,5.85));
#13926=CARTESIAN_POINT('',(12.9897602652385,6.64945599340354,5.85));
#13927=CARTESIAN_POINT('',(12.9897602652385,6.82795711533951,5.85));
#13928=CARTESIAN_POINT('',(12.9897602652385,7.00645823727548,5.85));
#13929=CARTESIAN_POINT('',(12.9897602652385,7.00645823727548,5.85));
#13930=CARTESIAN_POINT('',(12.9897602652385,6.64945599340354,5.85));
#13931=CARTESIAN_POINT('',(12.6982274929865,7.00645823727548,5.7));
#13932=CARTESIAN_POINT('',(12.4066947207345,7.00645823727548,5.7));
#13933=CARTESIAN_POINT('',(12.6982274929865,7.00645823727548,5.85));
#13934=CARTESIAN_POINT('',(12.4066947207345,7.00645823727548,5.85));
#13935=CARTESIAN_POINT('',(12.4066947207345,7.00645823727548,5.85));
#13936=CARTESIAN_POINT('',(12.9897602652385,7.00645823727548,5.85));
#13937=CARTESIAN_POINT('',(13.1243687834736,6.42748568633291,5.85));
#13938=CARTESIAN_POINT('',(13.1243687834736,6.42748568633291,5.85));
#13939=CARTESIAN_POINT('',(12.569688854884,6.76491138228959,5.85));
#13940=CARTESIAN_POINT('',(12.0150089262943,7.10233707824628,5.85));
#13941=CARTESIAN_POINT('',(12.0150089262943,7.10233707824628,5.85));
#13942=CARTESIAN_POINT('',(13.1243687834736,6.42748568633291,5.85));
#13943=CARTESIAN_POINT('',(12.0150089262943,7.10233707824628,5.85));
#13944=CARTESIAN_POINT('',(12.3399260392757,7.1260755694191,5.85));
#13945=CARTESIAN_POINT('',(12.6648431522571,7.1260755694191,5.85));
#13946=CARTESIAN_POINT('',(12.9897602652385,7.1260755694191,5.85));
#13947=CARTESIAN_POINT('',(12.9897602652385,7.1260755694191,5.85));
#13948=CARTESIAN_POINT('',(12.9897602652385,7.1260755694191,5.85));
#13949=CARTESIAN_POINT('',(12.0150089262943,7.10233707824628,5.85));
#13950=CARTESIAN_POINT('',(12.3399260392757,7.1260755694191,5.85));
#13951=CARTESIAN_POINT('',(12.6648431522571,7.1260755694191,5.85));
#13952=CARTESIAN_POINT('',(12.9897602652385,7.1260755694191,5.85));
#13953=CARTESIAN_POINT('',(12.9897602652385,7.1992949415431,5.85));
#13954=CARTESIAN_POINT('',(12.9897602652385,7.2725143136671,5.85));
#13955=CARTESIAN_POINT('',(12.9897602652385,7.2725143136671,5.85));
#13956=CARTESIAN_POINT('',(12.9897602652385,7.1260755694191,5.85));
#13957=CARTESIAN_POINT('',(13.057064524356,7.2725143136671,5.85));
#13958=CARTESIAN_POINT('',(13.1243687834736,7.2725143136671,5.85));
#13959=CARTESIAN_POINT('',(13.1243687834736,7.2725143136671,5.85));
#13960=CARTESIAN_POINT('',(12.9897602652385,7.2725143136671,5.85));
#13961=CARTESIAN_POINT('',(13.1243687834736,7.1992949415431,5.85));
#13962=CARTESIAN_POINT('',(13.1243687834736,7.1260755694191,5.85));
#13963=CARTESIAN_POINT('',(13.1243687834736,7.1260755694191,5.85));
#13964=CARTESIAN_POINT('',(13.1243687834736,7.2725143136671,5.85));
#13965=CARTESIAN_POINT('',(13.2871843917368,7.1260755694191,5.85));
#13966=CARTESIAN_POINT('',(13.45,7.1260755694191,5.85));
#13967=CARTESIAN_POINT('',(13.45,7.1260755694191,5.85));
#13968=CARTESIAN_POINT('',(13.1243687834736,7.1260755694191,5.85));
#13969=CARTESIAN_POINT('',(13.45,7.06626690334729,5.85));
#13970=CARTESIAN_POINT('',(13.45,7.00645823727548,5.85));
#13971=CARTESIAN_POINT('',(13.45,7.00645823727548,5.85));
#13972=CARTESIAN_POINT('',(13.45,7.1260755694191,5.85));
#13973=CARTESIAN_POINT('',(13.2871843917368,7.00645823727548,5.85));
#13974=CARTESIAN_POINT('',(13.1243687834736,7.00645823727548,5.85));
#13975=CARTESIAN_POINT('',(13.1243687834736,7.00645823727548,5.85));
#13976=CARTESIAN_POINT('',(13.45,7.00645823727548,5.85));
#13977=CARTESIAN_POINT('',(13.1243687834736,6.7169719618042,5.85));
#13978=CARTESIAN_POINT('',(13.1243687834736,7.00645823727548,5.85));
#13979=CARTESIAN_POINT('',(12.6982274929865,6.82795711533951,5.7));
#13980=CARTESIAN_POINT('',(12.6982274929865,6.82795711533951,5.85));
#13981=CARTESIAN_POINT('',(12.4066947207345,7.00645823727548,5.85));
#13982=CARTESIAN_POINT('',(12.5023845957664,7.1231082580225,5.85));
#13983=CARTESIAN_POINT('',(11.8,5.05,5.7));
#13984=CARTESIAN_POINT('',(4.65496046926804,6.70186564923967,5.85));
#13985=CARTESIAN_POINT('',(4.65496046926804,6.70186564923967,5.85));
#13986=CARTESIAN_POINT('',(4.65496046926804,6.70186564923967,5.85));
#13987=CARTESIAN_POINT('',(4.69209385360877,6.66548718224753,5.85));
#13988=CARTESIAN_POINT('',(4.74815098189238,6.63434968083901,5.85));
#13989=CARTESIAN_POINT('',(4.82384595766386,6.60845314501411,5.85));
#13990=CARTESIAN_POINT('',(4.82384595766386,6.60845314501411,5.85));
#13991=CARTESIAN_POINT('',(4.82384595766386,6.60845314501411,5.85));
#13992=CARTESIAN_POINT('',(4.65496046926804,6.70186564923967,5.85));
#13993=CARTESIAN_POINT('',(4.69209385360877,6.66548718224753,5.85));
#13994=CARTESIAN_POINT('',(4.74815098189238,6.63434968083901,5.85));
#13995=CARTESIAN_POINT('',(4.82384595766386,6.60845314501411,5.85));
#13996=CARTESIAN_POINT('',(4.82384595766386,6.54694887242995,5.85));
#13997=CARTESIAN_POINT('',(4.82384595766386,6.4854445998458,5.85));
#13998=CARTESIAN_POINT('',(4.82384595766386,6.4854445998458,5.85));
#13999=CARTESIAN_POINT('',(4.82384595766386,6.60845314501411,5.85));
#14000=CARTESIAN_POINT('',(4.82384595766386,6.4854445998458,5.85));
#14001=CARTESIAN_POINT('',(4.70816118337159,6.50794992264601,5.85));
#14002=CARTESIAN_POINT('',(4.61925529201734,6.55080252359437,5.85));
#14003=CARTESIAN_POINT('',(4.49571537872992,6.67781886597368,5.85));
#14004=CARTESIAN_POINT('',(4.46500892629431,6.75335042879633,5.85));
#14005=CARTESIAN_POINT('',(4.46500892629432,6.93616764003645,5.85));
#14006=CARTESIAN_POINT('',(4.5,7.01786504472217,5.85));
#14007=CARTESIAN_POINT('',(4.64049360220401,7.1533353768294,5.85));
#14008=CARTESIAN_POINT('',(4.72565672022443,7.18742569595668,5.85));
#14009=CARTESIAN_POINT('',(4.94667176740628,7.18742569595668,5.85));
#14010=CARTESIAN_POINT('',(5.04200459066565,7.13594091640002,5.85));
#14011=CARTESIAN_POINT('',(5.11234378984953,7.03266306519355,5.85));
#14012=CARTESIAN_POINT('',(5.11234378984953,7.03266306519355,5.85));
#14013=CARTESIAN_POINT('',(5.11234378984953,7.03266306519355,5.85));
#14014=CARTESIAN_POINT('',(4.82384595766386,6.4854445998458,5.85));
#14015=CARTESIAN_POINT('',(4.70816118337159,6.50794992264601,5.85));
#14016=CARTESIAN_POINT('',(4.61925529201734,6.55080252359437,5.85));
#14017=CARTESIAN_POINT('',(4.49571537872992,6.67781886597368,5.85));
#14018=CARTESIAN_POINT('',(4.46500892629431,6.75335042879633,5.85));
#14019=CARTESIAN_POINT('',(4.46500892629432,6.93616764003645,5.85));
#14020=CARTESIAN_POINT('',(4.5,7.01786504472217,5.85));
#14021=CARTESIAN_POINT('',(4.64049360220401,7.1533353768294,5.85));
#14022=CARTESIAN_POINT('',(4.72565672022443,7.18742569595668,5.85));
#14023=CARTESIAN_POINT('',(4.94667176740628,7.18742569595668,5.85));
#14024=CARTESIAN_POINT('',(5.04200459066565,7.13594091640002,5.85));
#14025=CARTESIAN_POINT('',(5.11234378984953,7.03266306519355,5.85));
#14026=CARTESIAN_POINT('',(5.11234378984953,7.03266306519355,5.85));
#14027=CARTESIAN_POINT('',(5.1462637082377,7.10326195452573,5.85));
#14028=CARTESIAN_POINT('',(5.19660800816119,7.15813794710709,5.85));
#14029=CARTESIAN_POINT('',(5.33027924022394,7.23590543721414,5.85));
#14030=CARTESIAN_POINT('',(5.40334098444275,7.25494166435733,5.85));
#14031=CARTESIAN_POINT('',(5.60614639122673,7.25494166435733,5.85));
#14032=CARTESIAN_POINT('',(5.71254781943382,7.21578856852682,5.85));
#14033=CARTESIAN_POINT('',(5.89056153969611,7.05961560784642,5.85));
#14034=CARTESIAN_POINT('',(5.93499107370569,6.96144759167505,5.85));
#14035=CARTESIAN_POINT('',(5.93499107370569,6.73701094785918,5.85));
#14036=CARTESIAN_POINT('',(5.90035705177251,6.65007257758985,5.85));
#14037=CARTESIAN_POINT('',(5.76126081881625,6.51272632540291,5.85));
#14038=CARTESIAN_POINT('',(5.65970415710278,6.46756365844288,5.85));
#14039=CARTESIAN_POINT('',(5.52580974241265,6.44505833564267,5.85));
#14040=CARTESIAN_POINT('',(5.52580974241265,6.44505833564267,5.85));
#14041=CARTESIAN_POINT('',(5.52580974241265,6.44505833564267,5.85));
#14042=CARTESIAN_POINT('',(5.11234378984953,7.03266306519355,5.85));
#14043=CARTESIAN_POINT('',(5.1462637082377,7.10326195452573,5.85));
#14044=CARTESIAN_POINT('',(5.19660800816119,7.15813794710709,5.85));
#14045=CARTESIAN_POINT('',(5.33027924022394,7.23590543721414,5.85));
#14046=CARTESIAN_POINT('',(5.40334098444275,7.25494166435733,5.85));
#14047=CARTESIAN_POINT('',(5.60614639122673,7.25494166435733,5.85));
#14048=CARTESIAN_POINT('',(5.71254781943382,7.21578856852682,5.85));
#14049=CARTESIAN_POINT('',(5.89056153969611,7.05961560784642,5.85));
#14050=CARTESIAN_POINT('',(5.93499107370569,6.96144759167505,5.85));
#14051=CARTESIAN_POINT('',(5.93499107370569,6.73701094785918,5.85));
#14052=CARTESIAN_POINT('',(5.90035705177251,6.65007257758985,5.85));
#14053=CARTESIAN_POINT('',(5.76126081881625,6.51272632540291,5.85));
#14054=CARTESIAN_POINT('',(5.65970415710278,6.46756365844288,5.85));
#14055=CARTESIAN_POINT('',(5.52580974241265,6.44505833564267,5.85));
#14056=CARTESIAN_POINT('',(5.52580974241265,6.50394212543502,5.85));
#14057=CARTESIAN_POINT('',(5.52580974241265,6.56282591522736,5.85));
#14058=CARTESIAN_POINT('',(5.52580974241265,6.56282591522736,5.85));
#14059=CARTESIAN_POINT('',(5.52580974241265,6.44505833564267,5.85));
#14060=CARTESIAN_POINT('',(5.52580974241265,6.56282591522736,5.85));
#14061=CARTESIAN_POINT('',(5.61792909971946,6.58440636174812,5.85));
#14062=CARTESIAN_POINT('',(5.68648304004081,6.61708532362241,5.85));
#14063=CARTESIAN_POINT('',(5.77627954185027,6.70569528724225,5.85));
#14064=CARTESIAN_POINT('',(5.79859729660801,6.76660698880193,5.85));
#14065=CARTESIAN_POINT('',(5.79859729660801,6.92815204561445,5.85));
#14066=CARTESIAN_POINT('',(5.76860494771742,6.99782605866718,5.85));
#14067=CARTESIAN_POINT('',(5.6493100251873,7.10823130532354,5.85));
#14068=CARTESIAN_POINT('',(5.57758224942617,7.13532433221371,5.85));
#14069=CARTESIAN_POINT('',(5.4008416220352,7.13532433221371,5.85));
#14070=CARTESIAN_POINT('',(5.32728895689875,7.10511170708465,5.85));
#14071=CARTESIAN_POINT('',(5.21905690649092,6.98399342080986,5.85));
#14072=CARTESIAN_POINT('',(5.19089517980107,6.89578137583332,5.85));
#14073=CARTESIAN_POINT('',(5.18839581739352,6.7801718409007,5.85));
#14074=CARTESIAN_POINT('',(5.18839581739352,6.7801718409007,5.85));
#14075=CARTESIAN_POINT('',(5.18839581739352,6.7801718409007,5.85));
#14076=CARTESIAN_POINT('',(5.52580974241265,6.56282591522736,5.85));
#14077=CARTESIAN_POINT('',(5.61792909971946,6.58440636174812,5.85));
#14078=CARTESIAN_POINT('',(5.68648304004081,6.61708532362241,5.85));
#14079=CARTESIAN_POINT('',(5.77627954185027,6.70569528724225,5.85));
#14080=CARTESIAN_POINT('',(5.79859729660801,6.76660698880193,5.85));
#14081=CARTESIAN_POINT('',(5.79859729660801,6.92815204561445,5.85));
#14082=CARTESIAN_POINT('',(5.76860494771742,6.99782605866718,5.85));
#14083=CARTESIAN_POINT('',(5.6493100251873,7.10823130532354,5.85));
#14084=CARTESIAN_POINT('',(5.57758224942617,7.13532433221371,5.85));
#14085=CARTESIAN_POINT('',(5.4008416220352,7.13532433221371,5.85));
#14086=CARTESIAN_POINT('',(5.32728895689875,7.10511170708465,5.85));
#14087=CARTESIAN_POINT('',(5.21905690649092,6.98399342080986,5.85));
#14088=CARTESIAN_POINT('',(5.19089517980107,6.89578137583332,5.85));
#14089=CARTESIAN_POINT('',(5.18839581739352,6.7801718409007,5.85));
#14090=CARTESIAN_POINT('',(5.12394797245601,6.7801718409007,5.85));
#14091=CARTESIAN_POINT('',(5.05950012751849,6.7801718409007,5.85));
#14092=CARTESIAN_POINT('',(5.05950012751849,6.7801718409007,5.85));
#14093=CARTESIAN_POINT('',(5.18839581739352,6.7801718409007,5.85));
#14094=CARTESIAN_POINT('',(5.05950012751849,6.7801718409007,5.85));
#14095=CARTESIAN_POINT('',(5.05950012751849,6.86310241395903,5.85));
#14096=CARTESIAN_POINT('',(5.03771996939556,6.93092667445284,5.85));
#14097=CARTESIAN_POINT('',(4.94917112981383,7.03512940193877,5.85));
#14098=CARTESIAN_POINT('',(4.89311400153022,7.06133422985684,5.85));
#14099=CARTESIAN_POINT('',(4.76207600102015,7.06133422985684,5.85));
#14100=CARTESIAN_POINT('',(4.7085182351441,7.04037036752239,5.85));
#14101=CARTESIAN_POINT('',(4.62155138440593,6.95604744055398,5.85));
#14102=CARTESIAN_POINT('',(4.59961744452946,6.90348867816216,5.85));
#14103=CARTESIAN_POINT('',(4.59961744452946,6.78448793020485,5.85));
#14104=CARTESIAN_POINT('',(4.61818413669982,6.7382441162318,5.85));
#14105=CARTESIAN_POINT('',(4.65496046926804,6.70186564923967,5.85));
#14106=CARTESIAN_POINT('',(5.05950012751849,6.7801718409007,5.85));
#14107=CARTESIAN_POINT('',(5.05950012751849,6.86310241395903,5.85));
#14108=CARTESIAN_POINT('',(5.03771996939556,6.93092667445284,5.85));
#14109=CARTESIAN_POINT('',(4.94917112981383,7.03512940193877,5.85));
#14110=CARTESIAN_POINT('',(4.89311400153022,7.06133422985684,5.85));
#14111=CARTESIAN_POINT('',(4.76207600102015,7.06133422985684,5.85));
#14112=CARTESIAN_POINT('',(4.7085182351441,7.04037036752239,5.85));
#14113=CARTESIAN_POINT('',(4.62155138440593,6.95604744055398,5.85));
#14114=CARTESIAN_POINT('',(4.59961744452946,6.90348867816216,5.85));
#14115=CARTESIAN_POINT('',(4.59961744452946,6.78448793020485,5.85));
#14116=CARTESIAN_POINT('',(4.61818413669982,6.7382441162318,5.85));
#14117=CARTESIAN_POINT('',(4.65496046926804,6.70186564923967,5.85));
#14118=CARTESIAN_POINT('',(4.72494261667942,6.65122867293918,5.85));
#14119=CARTESIAN_POINT('',(7.19410864575364,6.57824051988504,5.85));
#14120=CARTESIAN_POINT('',(7.19410864575364,6.57824051988504,5.85));
#14121=CARTESIAN_POINT('',(6.84705432287682,6.63450382688559,5.85));
#14122=CARTESIAN_POINT('',(6.5,6.69076713388613,5.85));
#14123=CARTESIAN_POINT('',(6.5,6.69076713388613,5.85));
#14124=CARTESIAN_POINT('',(6.5,6.69076713388613,5.85));
#14125=CARTESIAN_POINT('',(7.56080081611834,6.57824051988504,5.85));
#14126=CARTESIAN_POINT('',(7.56080081611834,6.57824051988504,5.85));
#14127=CARTESIAN_POINT('',(7.19410864575364,6.57824051988504,5.85));
#14128=CARTESIAN_POINT('',(7.14483550114767,6.67689398969422,5.85));
#14129=CARTESIAN_POINT('',(7.12019892884469,6.76444894414986,5.85));
#14130=CARTESIAN_POINT('',(7.12019892884469,6.92722716933499,5.85));
#14131=CARTESIAN_POINT('',(7.15033829862735,6.99549203070209,5.85));
#14132=CARTESIAN_POINT('',(7.27123182861515,7.0967878205695,5.85));
#14133=CARTESIAN_POINT('',(7.34835501147667,7.12175948011495,5.85));
#14134=CARTESIAN_POINT('',(7.54437643458302,7.12175948011495,5.85));
#14135=CARTESIAN_POINT('',(7.63027394883309,7.09290715484714,5.85));
#14136=CARTESIAN_POINT('',(7.76824789594491,6.97747878051904,5.85));
#14137=CARTESIAN_POINT('',(7.80252486610559,6.90872964374577,5.85));
#14138=CARTESIAN_POINT('',(7.80252486610559,6.76845674136085,5.85));
#14139=CARTESIAN_POINT('',(7.78177226387538,6.71516155815906,5.85));
#14140=CARTESIAN_POINT('',(7.69862280030605,6.62294287339232,5.85));
#14141=CARTESIAN_POINT('',(7.63863810252487,6.59273024826327,5.85));
#14142=CARTESIAN_POINT('',(7.56080081611834,6.57824051988504,5.85));
#14143=CARTESIAN_POINT('',(7.19410864575364,6.57824051988504,5.85));
#14144=CARTESIAN_POINT('',(7.14483550114767,6.67689398969422,5.85));
#14145=CARTESIAN_POINT('',(7.12019892884469,6.76444894414986,5.85));
#14146=CARTESIAN_POINT('',(7.12019892884469,6.92722716933499,5.85));
#14147=CARTESIAN_POINT('',(7.15033829862735,6.99549203070209,5.85));
#14148=CARTESIAN_POINT('',(7.27123182861515,7.0967878205695,5.85));
#14149=CARTESIAN_POINT('',(7.34835501147667,7.12175948011495,5.85));
#14150=CARTESIAN_POINT('',(7.54437643458302,7.12175948011495,5.85));
#14151=CARTESIAN_POINT('',(7.63027394883309,7.09290715484714,5.85));
#14152=CARTESIAN_POINT('',(7.76824789594491,6.97747878051904,5.85));
#14153=CARTESIAN_POINT('',(7.80252486610559,6.90872964374577,5.85));
#14154=CARTESIAN_POINT('',(7.80252486610559,6.76845674136085,5.85));
#14155=CARTESIAN_POINT('',(7.78177226387538,6.71516155815906,5.85));
#14156=CARTESIAN_POINT('',(7.69862280030605,6.62294287339232,5.85));
#14157=CARTESIAN_POINT('',(7.63863810252487,6.59273024826327,5.85));
#14158=CARTESIAN_POINT('',(7.56080081611834,6.57824051988504,5.85));
#14159=CARTESIAN_POINT('',(7.56080081611834,6.45523197471673,5.85));
#14160=CARTESIAN_POINT('',(7.56080081611834,6.45523197471673,5.85));
#14161=CARTESIAN_POINT('',(7.56080081611834,6.51673624730089,5.85));
#14162=CARTESIAN_POINT('',(7.56080081611834,6.57824051988504,5.85));
#14163=CARTESIAN_POINT('',(7.01486865595512,6.72282951157411,5.85));
#14164=CARTESIAN_POINT('',(7.01486865595512,6.72282951157411,5.85));
#14165=CARTESIAN_POINT('',(7.56080081611834,6.45523197471673,5.85));
#14166=CARTESIAN_POINT('',(7.67648559041061,6.46879682681549,5.85));
#14167=CARTESIAN_POINT('',(7.76771023216464,6.50966965895309,5.85));
#14168=CARTESIAN_POINT('',(7.90178525886254,6.64513990409939,5.85));
#14169=CARTESIAN_POINT('',(7.93499107370569,6.72745389297142,5.85));
#14170=CARTESIAN_POINT('',(7.93499107370569,6.95065736841467,5.85));
#14171=CARTESIAN_POINT('',(7.88771737622422,7.05252695757342,5.85));
#14172=CARTESIAN_POINT('',(7.69969395562357,7.20623151363905,5.85));
#14173=CARTESIAN_POINT('',(7.58365212955879,7.24476802528326,5.85));
#14174=CARTESIAN_POINT('',(7.31300688599847,7.24476802528326,5.85));
#14175=CARTESIAN_POINT('',(7.20360628236671,7.20948952172486,5.85));
#14176=CARTESIAN_POINT('',(7.03057893394542,7.06811665590621,5.85));
#14177=CARTESIAN_POINT('',(6.98737566947207,6.97994511726427,5.85));
#14178=CARTESIAN_POINT('',(6.98737566947207,6.8273405311532,5.85));
#14179=CARTESIAN_POINT('',(6.99665901555726,6.776780627876,5.85));
#14180=CARTESIAN_POINT('',(7.01486865595512,6.72282951157411,5.85));
#14181=CARTESIAN_POINT('',(7.56080081611834,6.45523197471673,5.85));
#14182=CARTESIAN_POINT('',(7.67648559041061,6.46879682681549,5.85));
#14183=CARTESIAN_POINT('',(7.76771023216464,6.50966965895309,5.85));
#14184=CARTESIAN_POINT('',(7.90178525886254,6.64513990409939,5.85));
#14185=CARTESIAN_POINT('',(7.93499107370569,6.72745389297142,5.85));
#14186=CARTESIAN_POINT('',(7.93499107370569,6.95065736841467,5.85));
#14187=CARTESIAN_POINT('',(7.88771737622422,7.05252695757342,5.85));
#14188=CARTESIAN_POINT('',(7.69969395562357,7.20623151363905,5.85));
#14189=CARTESIAN_POINT('',(7.58365212955879,7.24476802528326,5.85));
#14190=CARTESIAN_POINT('',(7.31300688599847,7.24476802528326,5.85));
#14191=CARTESIAN_POINT('',(7.20360628236671,7.20948952172486,5.85));
#14192=CARTESIAN_POINT('',(7.03057893394542,7.06811665590621,5.85));
#14193=CARTESIAN_POINT('',(6.98737566947207,6.97994511726427,5.85));
#14194=CARTESIAN_POINT('',(6.98737566947207,6.8273405311532,5.85));
#14195=CARTESIAN_POINT('',(6.99665901555726,6.776780627876,5.85));
#14196=CARTESIAN_POINT('',(7.01486865595512,6.72282951157411,5.85));
#14197=CARTESIAN_POINT('',(6.6324662076001,6.78356305392538,5.85));
#14198=CARTESIAN_POINT('',(6.6324662076001,6.78356305392538,5.85));
#14199=CARTESIAN_POINT('',(6.82366743177761,6.75319628274975,5.85));
#14200=CARTESIAN_POINT('',(7.01486865595512,6.72282951157411,5.85));
#14201=CARTESIAN_POINT('',(6.6324662076001,7.2145554001542,5.85));
#14202=CARTESIAN_POINT('',(6.6324662076001,7.2145554001542,5.85));
#14203=CARTESIAN_POINT('',(6.6324662076001,6.99905922703979,5.85));
#14204=CARTESIAN_POINT('',(6.6324662076001,6.78356305392538,5.85));
#14205=CARTESIAN_POINT('',(6.5,7.2145554001542,5.85));
#14206=CARTESIAN_POINT('',(6.5,7.2145554001542,5.85));
#14207=CARTESIAN_POINT('',(6.56623310380005,7.2145554001542,5.85));
#14208=CARTESIAN_POINT('',(6.6324662076001,7.2145554001542,5.85));
#14209=CARTESIAN_POINT('',(6.5,6.95266126702017,5.85));
#14210=CARTESIAN_POINT('',(6.5,7.2145554001542,5.85));
#14211=CARTESIAN_POINT('',(7.56595171060578,7.10544541255989,5.85));
#14212=CARTESIAN_POINT('',(16.1,5.05,5.));
#14213=CARTESIAN_POINT('',(16.1,5.05,5.));
#14214=CARTESIAN_POINT('',(16.1,4.15,5.));
#14215=CARTESIAN_POINT('',(12.5,4.15,5.));
#14216=CARTESIAN_POINT('',(15.,4.15,5.));
#14217=CARTESIAN_POINT('',(15.,5.85,5.));
#14218=CARTESIAN_POINT('',(15.,5.05,5.));
#14219=CARTESIAN_POINT('',(19.,5.05,5.));
#14220=CARTESIAN_POINT('',(19.,4.15,5.));
#14221=CARTESIAN_POINT('',(16.1,5.05,2.2));
#14222=CARTESIAN_POINT('',(16.1,4.15,2.2));
#14223=CARTESIAN_POINT('',(16.1,5.05,2.2));
#14224=CARTESIAN_POINT('',(15.,4.15,-0.2));
#14225=CARTESIAN_POINT('',(15.,5.05,2.2));
#14226=CARTESIAN_POINT('',(15.,5.85,-0.2));
#14227=CARTESIAN_POINT('',(12.5,4.15,1.));
#14228=CARTESIAN_POINT('',(12.5,5.05,2.2));
#14229=CARTESIAN_POINT('',(17.1,4.15,5.));
#14230=CARTESIAN_POINT('',(17.1,4.15,5.));
#14231=CARTESIAN_POINT('',(17.1,5.05,5.));
#14232=CARTESIAN_POINT('',(19.,5.05,5.));
#14233=CARTESIAN_POINT('',(19.,5.05,5.));
#14234=CARTESIAN_POINT('',(19.,4.15,5.));
#14235=CARTESIAN_POINT('',(19.,4.15,5.));
#14236=CARTESIAN_POINT('',(12.5,4.15,5.));
#14237=CARTESIAN_POINT('',(19.,4.15,5.));
#14238=CARTESIAN_POINT('',(19.,4.15,5.));
#14239=CARTESIAN_POINT('',(19.,5.05,5.));
#14240=CARTESIAN_POINT('',(19.,4.15,5.));
#14241=CARTESIAN_POINT('',(17.1,4.15,2.2));
#14242=CARTESIAN_POINT('',(17.1,5.05,2.2));
#14243=CARTESIAN_POINT('',(17.1,4.15,2.2));
#14244=CARTESIAN_POINT('',(12.5,4.15,1.));
#14245=CARTESIAN_POINT('',(12.5,5.05,2.2));
#14246=CARTESIAN_POINT('',(17.1,8.65000000000001,5.));
#14247=CARTESIAN_POINT('',(17.1,8.65000000000001,5.));
#14248=CARTESIAN_POINT('',(17.1,9.55,5.));
#14249=CARTESIAN_POINT('',(12.5,9.55,5.));
#14250=CARTESIAN_POINT('',(19.,9.55,5.));
#14251=CARTESIAN_POINT('',(19.,9.55,5.));
#14252=CARTESIAN_POINT('',(19.,8.65000000000001,5.));
#14253=CARTESIAN_POINT('',(19.,8.65000000000001,5.));
#14254=CARTESIAN_POINT('',(19.,9.55,5.));
#14255=CARTESIAN_POINT('',(17.1,8.65000000000001,2.2));
#14256=CARTESIAN_POINT('',(17.1,9.55,2.2));
#14257=CARTESIAN_POINT('',(17.1,8.65000000000001,2.2));
#14258=CARTESIAN_POINT('',(19.,8.65000000000001,5.));
#14259=CARTESIAN_POINT('',(19.,9.55,5.));
#14260=CARTESIAN_POINT('',(19.,9.55,5.));
#14261=CARTESIAN_POINT('',(12.5,9.55,1.));
#14262=CARTESIAN_POINT('',(12.5,8.65,2.2));
#14263=CARTESIAN_POINT('',(16.1,9.55,5.));
#14264=CARTESIAN_POINT('',(16.1,9.55,5.));
#14265=CARTESIAN_POINT('',(16.1,8.65000000000001,5.));
#14266=CARTESIAN_POINT('',(19.,8.65000000000001,5.));
#14267=CARTESIAN_POINT('',(15.,8.65000000000001,5.));
#14268=CARTESIAN_POINT('',(15.,7.85,5.));
#14269=CARTESIAN_POINT('',(15.,9.55,5.));
#14270=CARTESIAN_POINT('',(12.5,9.55,5.));
#14271=CARTESIAN_POINT('',(19.,9.55,5.));
#14272=CARTESIAN_POINT('',(15.,8.65,2.2));
#14273=CARTESIAN_POINT('',(15.,9.55,-0.2));
#14274=CARTESIAN_POINT('',(15.,7.85,-0.2));
#14275=CARTESIAN_POINT('',(16.1,9.55,2.2));
#14276=CARTESIAN_POINT('',(16.1,8.65000000000001,2.2));
#14277=CARTESIAN_POINT('',(16.1,9.55,2.2));
#14278=CARTESIAN_POINT('',(12.5,9.55,1.));
#14279=CARTESIAN_POINT('',(12.5,8.65,2.2));
#14280=CARTESIAN_POINT('',(13.5,4.15,5.));
#14281=CARTESIAN_POINT('',(13.5,4.15,5.));
#14282=CARTESIAN_POINT('',(13.5,5.05,5.));
#14283=CARTESIAN_POINT('',(12.5,4.15,5.));
#14284=CARTESIAN_POINT('',(12.5,4.15,5.));
#14285=CARTESIAN_POINT('',(12.5,5.05,5.));
#14286=CARTESIAN_POINT('',(12.5,5.05,5.));
#14287=CARTESIAN_POINT('',(19.,5.05,5.));
#14288=CARTESIAN_POINT('',(19.,4.15,5.));
#14289=CARTESIAN_POINT('',(13.5,5.05,2.2));
#14290=CARTESIAN_POINT('',(13.5,4.15,-0.2));
#14291=CARTESIAN_POINT('',(13.5,4.15,-0.2));
#14292=CARTESIAN_POINT('',(12.5,5.05,2.2));
#14293=CARTESIAN_POINT('',(12.5,4.15,1.));
#14294=CARTESIAN_POINT('',(12.5,1.,2.5));
#14295=CARTESIAN_POINT('',(12.5,4.15,1.));
#14296=CARTESIAN_POINT('',(12.5,5.05,2.2));
#14297=CARTESIAN_POINT('',(13.5,9.55,5.));
#14298=CARTESIAN_POINT('',(13.5,9.55,5.));
#14299=CARTESIAN_POINT('',(13.5,8.65000000000001,5.));
#14300=CARTESIAN_POINT('',(19.,8.65000000000001,5.));
#14301=CARTESIAN_POINT('',(12.5,8.65000000000001,5.));
#14302=CARTESIAN_POINT('',(12.5,8.65000000000001,5.));
#14303=CARTESIAN_POINT('',(12.5,9.55,5.));
#14304=CARTESIAN_POINT('',(12.5,9.55,5.));
#14305=CARTESIAN_POINT('',(19.,9.55,5.));
#14306=CARTESIAN_POINT('',(12.5,9.55,1.));
#14307=CARTESIAN_POINT('',(12.5,8.65,2.2));
#14308=CARTESIAN_POINT('',(12.5,1.,2.5));
#14309=CARTESIAN_POINT('',(13.5,9.55,-0.2));
#14310=CARTESIAN_POINT('',(13.5,8.65,2.2));
#14311=CARTESIAN_POINT('',(13.5,9.55,-0.2));
#14312=CARTESIAN_POINT('',(12.5,9.55,1.));
#14313=CARTESIAN_POINT('',(12.5,8.65,2.2));
#14314=CARTESIAN_POINT('',(10.25,5.6,4.5));
#14315=CARTESIAN_POINT('',(10.25,8.07320508075689,4.5));
#14316=CARTESIAN_POINT('',(10.25,5.62679491924311,4.5));
#14317=CARTESIAN_POINT('',(10.2,8.07320508075689,4.5));
#14318=CARTESIAN_POINT('',(10.2,8.07320508075689,4.5));
#14319=CARTESIAN_POINT('',(10.2,2.35,4.5));
#14320=CARTESIAN_POINT('',(10.2,10.91,4.5));
#14321=CARTESIAN_POINT('',(10.2,10.91,4.5));
#14322=CARTESIAN_POINT('',(11.,10.91,4.5));
#14323=CARTESIAN_POINT('',(11.,2.35,4.5));
#14324=CARTESIAN_POINT('',(11.,8.07320508075689,4.5));
#14325=CARTESIAN_POINT('',(11.05,8.01180339887499,4.5));
#14326=CARTESIAN_POINT('',(11.05,8.01290103664365,4.5));
#14327=CARTESIAN_POINT('',(11.0499799146459,8.01399887283377,4.5));
#14328=CARTESIAN_POINT('',(11.0499389650935,8.01509574648435,4.5));
#14329=CARTESIAN_POINT('',(11.0496583702434,8.02261175286777,4.5));
#14330=CARTESIAN_POINT('',(11.0483728888026,8.03019354864301,4.5));
#14331=CARTESIAN_POINT('',(11.0458903903233,8.03729328714001,4.5));
#14332=CARTESIAN_POINT('',(11.0433902890073,8.04444336828122,4.5));
#14333=CARTESIAN_POINT('',(11.0395689522999,8.0513090970576,4.5));
#14334=CARTESIAN_POINT('',(11.0345590047104,8.0569901702015,4.5));
#14335=CARTESIAN_POINT('',(11.030942025866,8.06109167446036,4.5));
#14336=CARTESIAN_POINT('',(11.026614886126,8.06467767141477,4.5));
#14337=CARTESIAN_POINT('',(11.0218560920519,8.06737187855362,4.5));
#14338=CARTESIAN_POINT('',(11.0170808739276,8.07007538422327,4.5));
#14339=CARTESIAN_POINT('',(11.0117249091993,8.07194920865115,4.5));
#14340=CARTESIAN_POINT('',(11.0062955756452,8.07274544241007,4.5));
#14341=CARTESIAN_POINT('',(11.0042137332731,8.07305075302708,4.5));
#14342=CARTESIAN_POINT('',(11.0021041107944,8.07320508075689,4.5));
#14343=CARTESIAN_POINT('',(11.,8.07320508075689,4.5));
#14344=CARTESIAN_POINT('',(11.05,8.01180339887499,4.5));
#14345=CARTESIAN_POINT('',(11.05,8.1,4.5));
#14346=CARTESIAN_POINT('',(11.05,5.68819660111688,4.4999999999909));
#14347=CARTESIAN_POINT('',(11.,5.62679491924311,4.5));
#14348=CARTESIAN_POINT('',(11.0029359437498,5.62679491924311,4.5));
#14349=CARTESIAN_POINT('',(11.005886662958,5.62709714477277,4.5));
#14350=CARTESIAN_POINT('',(11.0087623374155,5.62768897423854,4.5));
#14351=CARTESIAN_POINT('',(11.013520147857,5.6286681575409,4.5));
#14352=CARTESIAN_POINT('',(11.018166991394,5.63047381985863,4.5));
#14353=CARTESIAN_POINT('',(11.0223637681095,5.63291976044194,4.5));
#14354=CARTESIAN_POINT('',(11.0267123784985,5.63545419182884,4.5));
#14355=CARTESIAN_POINT('',(11.0306862003761,5.63873215306229,4.5));
#14356=CARTESIAN_POINT('',(11.034067622883,5.64246038811391,4.5));
#14357=CARTESIAN_POINT('',(11.0377740719701,5.64654698580331,4.5));
#14358=CARTESIAN_POINT('',(11.0408579129085,5.65126254658898,4.5));
#14359=CARTESIAN_POINT('',(11.0432329557319,5.65624222701024,4.5));
#14360=CARTESIAN_POINT('',(11.0459649918793,5.66197040453191,4.5));
#14361=CARTESIAN_POINT('',(11.047824708708,5.66816664399889,4.5));
#14362=CARTESIAN_POINT('',(11.0488791158182,5.67442477989361,4.5));
#14363=CARTESIAN_POINT('',(11.0496443401498,5.67896655300129,4.5));
#14364=CARTESIAN_POINT('',(11.05,5.68359081440455,4.4999999999909));
#14365=CARTESIAN_POINT('',(11.05,5.68819660111688,4.4999999999909));
#14366=CARTESIAN_POINT('',(11.,5.62679491924311,4.5));
#14367=CARTESIAN_POINT('',(11.,2.35,4.5));
#14368=CARTESIAN_POINT('',(11.,2.79,4.5));
#14369=CARTESIAN_POINT('',(10.2,2.79,4.5));
#14370=CARTESIAN_POINT('',(10.2,2.79,4.5));
#14371=CARTESIAN_POINT('',(10.2,2.35,4.5));
#14372=CARTESIAN_POINT('',(10.2,5.62679491924311,4.5));
#14373=CARTESIAN_POINT('',(10.2,5.62679491924311,4.5));
#14374=CARTESIAN_POINT('',(6.45,6.85,4.5));
#14375=CARTESIAN_POINT('',(10.2,6.85,12.5));
#14376=CARTESIAN_POINT('',(10.2,6.85,11.6));
#14377=CARTESIAN_POINT('',(10.2,2.85,5.1));
#14378=CARTESIAN_POINT('',(10.2,2.85,5.1));
#14379=CARTESIAN_POINT('',(10.2,2.85,5.6));
#14380=CARTESIAN_POINT('',(10.2,2.85,5.4));
#14381=CARTESIAN_POINT('',(10.2,3.05,5.4));
#14382=CARTESIAN_POINT('',(10.2,3.05,5.6));
#14383=CARTESIAN_POINT('',(10.2,3.7,5.6));
#14384=CARTESIAN_POINT('',(10.2,3.7,5.6));
#14385=CARTESIAN_POINT('',(10.2,3.7,17.));
#14386=CARTESIAN_POINT('',(10.2,3.7,16.));
#14387=CARTESIAN_POINT('',(10.2,2.35,16.));
#14388=CARTESIAN_POINT('',(10.2,10.,16.));
#14389=CARTESIAN_POINT('',(10.2,10.,17.));
#14390=CARTESIAN_POINT('',(10.2,10.,5.6));
#14391=CARTESIAN_POINT('',(10.2,10.,5.6));
#14392=CARTESIAN_POINT('',(10.2,10.65,5.6));
#14393=CARTESIAN_POINT('',(10.2,10.65,5.4));
#14394=CARTESIAN_POINT('',(10.2,10.85,5.4));
#14395=CARTESIAN_POINT('',(10.2,10.85,5.6));
#14396=CARTESIAN_POINT('',(10.2,10.85,5.1));
#14397=CARTESIAN_POINT('',(10.2,10.85,5.09999999999999));
#14398=CARTESIAN_POINT('',(10.2,7.9,4.4));
#14399=CARTESIAN_POINT('',(10.2,7.9,4.6));
#14400=CARTESIAN_POINT('',(10.2,5.6,4.6));
#14401=CARTESIAN_POINT('',(10.2,5.8,4.6));
#14402=CARTESIAN_POINT('',(10.2,5.8,4.4));
#14403=CARTESIAN_POINT('',(10.2,2.35,5.6));
#14404=CARTESIAN_POINT('',(11.,6.85,12.5));
#14405=CARTESIAN_POINT('',(11.,6.85,11.6));
#14406=CARTESIAN_POINT('',(11.,2.85,5.1));
#14407=CARTESIAN_POINT('',(11.,2.85,5.1));
#14408=CARTESIAN_POINT('',(11.,5.8,4.4));
#14409=CARTESIAN_POINT('',(11.,5.8,4.6));
#14410=CARTESIAN_POINT('',(11.,5.6,4.6));
#14411=CARTESIAN_POINT('',(11.,7.9,4.6));
#14412=CARTESIAN_POINT('',(11.,7.9,4.4));
#14413=CARTESIAN_POINT('',(11.,10.85,5.09999999999999));
#14414=CARTESIAN_POINT('',(11.,10.85,5.1));
#14415=CARTESIAN_POINT('',(11.,10.85,5.6));
#14416=CARTESIAN_POINT('',(11.,10.85,5.4));
#14417=CARTESIAN_POINT('',(11.,10.65,5.4));
#14418=CARTESIAN_POINT('',(11.,10.65,5.6));
#14419=CARTESIAN_POINT('',(11.,10.,5.6));
#14420=CARTESIAN_POINT('',(11.,10.,5.6));
#14421=CARTESIAN_POINT('',(11.,10.,17.));
#14422=CARTESIAN_POINT('',(11.,10.,16.));
#14423=CARTESIAN_POINT('',(11.,4.7,16.));
#14424=CARTESIAN_POINT('',(11.,3.7,16.));
#14425=CARTESIAN_POINT('',(11.,3.7,17.));
#14426=CARTESIAN_POINT('',(11.,3.7,5.6));
#14427=CARTESIAN_POINT('',(11.,3.7,5.6));
#14428=CARTESIAN_POINT('',(11.,3.05,5.6));
#14429=CARTESIAN_POINT('',(11.,3.05,5.4));
#14430=CARTESIAN_POINT('',(11.,2.85,5.4));
#14431=CARTESIAN_POINT('',(11.,2.85,5.6));
#14432=CARTESIAN_POINT('',(11.,2.35,5.6));
#14433=CARTESIAN_POINT('',(10.2,2.85,5.1));
#14434=CARTESIAN_POINT('',(10.2,2.85,5.1));
#14435=CARTESIAN_POINT('',(10.2,10.85,5.09999999999999));
#14436=CARTESIAN_POINT('',(10.2,10.85,5.09999999999999));
#14437=CARTESIAN_POINT('',(11.05,5.8,4.4));
#14438=CARTESIAN_POINT('',(11.05,5.8,4.55));
#14439=CARTESIAN_POINT('',(11.05,7.9,4.4));
#14440=CARTESIAN_POINT('',(11.05,7.9,4.55));
#14441=CARTESIAN_POINT('',(11.05,8.1,4.55));
#14442=CARTESIAN_POINT('',(11.05,8.1,2.6));
#14443=CARTESIAN_POINT('',(10.25,7.9,4.4));
#14444=CARTESIAN_POINT('',(10.25,7.9,4.6));
#14445=CARTESIAN_POINT('',(10.25,5.8,4.4));
#14446=CARTESIAN_POINT('',(10.25,5.8,4.6));
#14447=CARTESIAN_POINT('',(10.25,5.6,4.6));
#14448=CARTESIAN_POINT('',(10.25,5.6,4.6));
#14449=CARTESIAN_POINT('',(10.2,5.8,4.6));
#14450=CARTESIAN_POINT('',(10.2,5.8,4.4));
#14451=CARTESIAN_POINT('',(10.25,7.9,4.6));
#14452=CARTESIAN_POINT('',(10.2,7.9,4.4));
#14453=CARTESIAN_POINT('',(11.,7.9,4.55));
#14454=CARTESIAN_POINT('',(11.,7.9,4.4));
#14455=CARTESIAN_POINT('',(11.,5.8,4.55));
#14456=CARTESIAN_POINT('',(11.,5.8,4.4));
#14457=CARTESIAN_POINT('',(10.2,10.85,5.4));
#14458=CARTESIAN_POINT('',(10.2,10.85,5.6));
#14459=CARTESIAN_POINT('',(10.2,2.85,5.4));
#14460=CARTESIAN_POINT('',(10.2,2.85,5.6));
#14461=CARTESIAN_POINT('',(10.2,3.05,5.6));
#14462=CARTESIAN_POINT('',(10.2,3.7,5.6));
#14463=CARTESIAN_POINT('',(10.2,3.7,5.6));
#14464=CARTESIAN_POINT('',(10.2,10.65,5.6));
#14465=CARTESIAN_POINT('',(10.2,10.,5.6));
#14466=CARTESIAN_POINT('',(10.2,10.,5.6));
#14467=CARTESIAN_POINT('',(10.2,10.,16.));
#14468=CARTESIAN_POINT('',(10.2,10.,17.));
#14469=CARTESIAN_POINT('',(11.,4.7,17.));
#14470=CARTESIAN_POINT('',(10.4,4.7,17.));
#14471=CARTESIAN_POINT('',(10.8,4.7,17.));
#14472=CARTESIAN_POINT('',(10.8,9.,17.));
#14473=CARTESIAN_POINT('',(10.8,9.,17.));
#14474=CARTESIAN_POINT('',(10.2,9.,17.));
#14475=CARTESIAN_POINT('',(10.4,9.,17.));
#14476=CARTESIAN_POINT('',(10.4,3.7,17.));
#14477=CARTESIAN_POINT('',(10.2,3.7,17.));
#14478=CARTESIAN_POINT('',(10.2,3.7,16.));
#14479=CARTESIAN_POINT('',(10.2,3.7,17.));
#14480=CARTESIAN_POINT('',(10.2,6.85,12.5));
#14481=CARTESIAN_POINT('',(10.9843137254902,9.92156862745098,16.078431372549));
#14482=CARTESIAN_POINT('',(10.2,10.,16.));
#14483=CARTESIAN_POINT('',(10.2,10.,16.));
#14484=CARTESIAN_POINT('',(10.7882352941176,4.75882352941176,17.0588235294118));
#14485=CARTESIAN_POINT('',(10.3960784313725,4.68039215686274,16.9803921568627));
#14486=CARTESIAN_POINT('',(10.2,4.7,17.));
#14487=CARTESIAN_POINT('',(10.2,2.35,16.));
#14488=CARTESIAN_POINT('',(10.8,3.7,17.));
#14489=CARTESIAN_POINT('',(10.2,10.65,5.4));
#14490=CARTESIAN_POINT('',(10.2,3.05,5.4));
#14491=CARTESIAN_POINT('',(10.2,5.6,4.6));
#14492=CARTESIAN_POINT('',(11.,5.6,4.55));
#14493=CARTESIAN_POINT('',(14.2,6.45,5.1));
#14494=CARTESIAN_POINT('',(14.2,6.45,5.1));
#14495=CARTESIAN_POINT('',(14.11,6.45,4.5));
#14496=CARTESIAN_POINT('',(18.2,6.45,4.5));
#14497=CARTESIAN_POINT('',(15.35,6.45,4.5));
#14498=CARTESIAN_POINT('',(15.35,6.45,5.3));
#14499=CARTESIAN_POINT('',(15.35,6.45,5.));
#14500=CARTESIAN_POINT('',(15.65,6.45,5.));
#14501=CARTESIAN_POINT('',(15.65,6.45,5.3));
#14502=CARTESIAN_POINT('',(17.8499997459,6.45,5.3));
#14503=CARTESIAN_POINT('',(17.5499997459,6.45,5.3));
#14504=CARTESIAN_POINT('',(17.5499997459,6.45,5.));
#14505=CARTESIAN_POINT('',(17.8499997459,6.45,5.));
#14506=CARTESIAN_POINT('',(17.8499997459,6.45,3.8));
#14507=CARTESIAN_POINT('',(17.8499997459,6.45,4.5));
#14508=CARTESIAN_POINT('',(18.2,6.45,4.5));
#14509=CARTESIAN_POINT('',(19.09,6.45,4.5));
#14510=CARTESIAN_POINT('',(19.15,6.45,4.1));
#14511=CARTESIAN_POINT('',(19.,6.45,5.1));
#14512=CARTESIAN_POINT('',(19.,6.45,5.1));
#14513=CARTESIAN_POINT('',(19.,6.45,5.3));
#14514=CARTESIAN_POINT('',(18.7,6.45,5.3));
#14515=CARTESIAN_POINT('',(18.7,6.45,5.6));
#14516=CARTESIAN_POINT('',(19.,6.45,5.6));
#14517=CARTESIAN_POINT('',(14.5,6.45,5.6));
#14518=CARTESIAN_POINT('',(14.5,6.45,5.3));
#14519=CARTESIAN_POINT('',(14.2,6.45,5.3));
#14520=CARTESIAN_POINT('',(14.2,6.45,5.6));
#14521=CARTESIAN_POINT('',(18.2,6.45,2.5));
#14522=CARTESIAN_POINT('',(14.11,6.45,4.5));
#14523=CARTESIAN_POINT('',(14.11,7.25,4.5));
#14524=CARTESIAN_POINT('',(14.2,6.45,5.1));
#14525=CARTESIAN_POINT('',(14.2,7.25,5.1));
#14526=CARTESIAN_POINT('',(14.2,7.25,5.1));
#14527=CARTESIAN_POINT('',(14.2,6.45,5.1));
#14528=CARTESIAN_POINT('',(19.09,6.45,4.5));
#14529=CARTESIAN_POINT('',(19.09,7.25,4.5));
#14530=CARTESIAN_POINT('',(19.15,7.25,4.1));
#14531=CARTESIAN_POINT('',(19.,7.25,5.1));
#14532=CARTESIAN_POINT('',(19.,6.45,5.1));
#14533=CARTESIAN_POINT('',(19.15,6.45,4.1));
#14534=CARTESIAN_POINT('',(18.2,7.25,4.5));
#14535=CARTESIAN_POINT('',(15.35,7.25,4.5));
#14536=CARTESIAN_POINT('',(14.2,7.25,5.6));
#14537=CARTESIAN_POINT('',(14.2,7.25,5.3));
#14538=CARTESIAN_POINT('',(14.5,7.25,5.3));
#14539=CARTESIAN_POINT('',(14.5,7.25,5.6));
#14540=CARTESIAN_POINT('',(19.,7.25,5.6));
#14541=CARTESIAN_POINT('',(18.7,7.25,5.6));
#14542=CARTESIAN_POINT('',(18.7,7.25,5.3));
#14543=CARTESIAN_POINT('',(19.,7.25,5.3));
#14544=CARTESIAN_POINT('',(19.,7.25,5.1));
#14545=CARTESIAN_POINT('',(18.2,7.25,4.5));
#14546=CARTESIAN_POINT('',(17.8499997459,7.25,4.5));
#14547=CARTESIAN_POINT('',(17.8499997459,7.25,3.8));
#14548=CARTESIAN_POINT('',(17.8499997459,7.25,5.));
#14549=CARTESIAN_POINT('',(17.5499997459,7.25,5.));
#14550=CARTESIAN_POINT('',(17.5499997459,7.25,5.3));
#14551=CARTESIAN_POINT('',(17.8499997459,7.25,5.3));
#14552=CARTESIAN_POINT('',(15.65,7.25,5.3));
#14553=CARTESIAN_POINT('',(15.65,7.25,5.));
#14554=CARTESIAN_POINT('',(15.35,7.25,5.));
#14555=CARTESIAN_POINT('',(15.35,7.25,5.3));
#14556=CARTESIAN_POINT('',(18.2,7.25,2.5));
#14557=CARTESIAN_POINT('',(15.35,6.4,4.5));
#14558=CARTESIAN_POINT('',(17.7999997459,6.4,4.5));
#14559=CARTESIAN_POINT('',(15.4,6.4,4.5));
#14560=CARTESIAN_POINT('',(17.7999997459,6.4,5.3));
#14561=CARTESIAN_POINT('',(17.7999997459,6.4,5.));
#14562=CARTESIAN_POINT('',(17.5499997459,6.4,5.));
#14563=CARTESIAN_POINT('',(17.5499997459,6.4,5.25));
#14564=CARTESIAN_POINT('',(15.35,6.4,5.25));
#14565=CARTESIAN_POINT('',(15.65,6.4,5.25));
#14566=CARTESIAN_POINT('',(15.65,6.4,5.));
#14567=CARTESIAN_POINT('',(15.4,6.4,5.));
#14568=CARTESIAN_POINT('',(15.4,6.4,5.3));
#14569=CARTESIAN_POINT('',(15.35,6.4,5.3));
#14570=CARTESIAN_POINT('',(17.8499997459,7.25,4.5));
#14571=CARTESIAN_POINT('',(17.8499997459,7.2,4.5));
#14572=CARTESIAN_POINT('',(17.8499997459,7.2,3.8));
#14573=CARTESIAN_POINT('',(17.8499997459,7.2,5.));
#14574=CARTESIAN_POINT('',(17.8499997459,7.25,5.));
#14575=CARTESIAN_POINT('',(17.8499997459,7.25,3.8));
#14576=CARTESIAN_POINT('',(15.35,7.25,4.5));
#14577=CARTESIAN_POINT('',(15.35,7.2,4.5));
#14578=CARTESIAN_POINT('',(15.35,7.2,5.));
#14579=CARTESIAN_POINT('',(15.35,7.2,5.));
#14580=CARTESIAN_POINT('',(15.35,7.2,5.3));
#14581=CARTESIAN_POINT('',(15.35,7.25,5.3));
#14582=CARTESIAN_POINT('',(17.8499997459,7.2,4.5));
#14583=CARTESIAN_POINT('',(15.65,7.2,5.));
#14584=CARTESIAN_POINT('',(15.65,7.2,5.3));
#14585=CARTESIAN_POINT('',(17.8499997459,7.2,5.3));
#14586=CARTESIAN_POINT('',(17.5499997459,7.2,5.3));
#14587=CARTESIAN_POINT('',(17.5499997459,7.2,5.));
#14588=CARTESIAN_POINT('',(17.8499997459,7.2,5.3));
#14589=CARTESIAN_POINT('',(17.7999997459,6.45,4.5));
#14590=CARTESIAN_POINT('',(17.7999997459,6.45,5.));
#14591=CARTESIAN_POINT('',(17.7999997459,6.45,5.3));
#14592=CARTESIAN_POINT('',(15.4,6.45,4.5));
#14593=CARTESIAN_POINT('',(15.4,6.45,5.));
#14594=CARTESIAN_POINT('',(15.4,6.45,5.3));
#14595=CARTESIAN_POINT('',(14.2,6.45,5.3));
#14596=CARTESIAN_POINT('',(14.2,6.45,5.6));
#14597=CARTESIAN_POINT('',(14.5,6.45,5.6));
#14598=CARTESIAN_POINT('',(18.7,6.45,5.6));
#14599=CARTESIAN_POINT('',(19.,6.45,5.6));
#14600=CARTESIAN_POINT('',(19.,6.45,5.3));
#14601=CARTESIAN_POINT('',(19.,6.45,5.1));
#14602=CARTESIAN_POINT('',(15.65,7.25,5.3));
#14603=CARTESIAN_POINT('',(17.5499997459,7.2,5.3));
#14604=CARTESIAN_POINT('',(17.8499997459,7.25,5.3));
#14605=CARTESIAN_POINT('',(17.5499997459,7.25,5.));
#14606=CARTESIAN_POINT('',(15.65,7.25,5.));
#14607=CARTESIAN_POINT('',(17.5499997459,6.45,5.25));
#14608=CARTESIAN_POINT('',(17.5499997459,6.45,5.));
#14609=CARTESIAN_POINT('',(15.65,6.45,5.25));
#14610=CARTESIAN_POINT('',(15.35,6.45,5.25));
#14611=CARTESIAN_POINT('',(15.65,6.45,5.));
#14612=CARTESIAN_POINT('',(14.5,6.45,5.3));
#14613=CARTESIAN_POINT('',(18.7,6.45,5.3));
#14614=CARTESIAN_POINT('',(6.45,6.85,4.5));
#14615=CARTESIAN_POINT('',(20.7,12.2,0.));
#14616=CARTESIAN_POINT('',(20.1292893218813,12.7707106781187,0.));
#14617=CARTESIAN_POINT('',(20.,12.9,0.));
#14618=CARTESIAN_POINT('',(68.1585177198224,60.7999390760597,8.67361737988404E-016));
#14619=CARTESIAN_POINT('',(21.0292893218813,13.6707106781187,8.67361737988404E-016));
#14620=CARTESIAN_POINT('',(20.9,13.4,0.));
#14621=CARTESIAN_POINT('',(20.9,13.7,0.));
#14622=CARTESIAN_POINT('',(21.2,13.7,0.));
#14623=CARTESIAN_POINT('',(20.,13.7,0.));
#14624=CARTESIAN_POINT('',(20.,12.9,0.));
#14625=CARTESIAN_POINT('',(21.2,13.7,0.));
#14626=CARTESIAN_POINT('',(20.7,1.5,0.));
#14627=CARTESIAN_POINT('',(20.7,1.5,0.));
#14628=CARTESIAN_POINT('',(20.2707106781187,1.07071067811865,0.));
#14629=CARTESIAN_POINT('',(68.2999390760597,-46.9585177198224,8.67361737988404E-016));
#14630=CARTESIAN_POINT('',(21.1707106781187,0.170710678118647,8.67361737988404E-016));
#14631=CARTESIAN_POINT('',(20.9,0.300000000000005,0.));
#14632=CARTESIAN_POINT('',(21.2,0.300000000000005,0.));
#14633=CARTESIAN_POINT('',(21.2,5.20417042793042E-015,0.));
#14634=CARTESIAN_POINT('',(21.2,1.5,0.));
#14635=CARTESIAN_POINT('',(21.2,1.5,0.));
#14636=CARTESIAN_POINT('',(21.2,5.20417042793042E-015,0.));
#14637=CARTESIAN_POINT('',(12.2035399067728,7.85000000000001,-18.4));
#14638=CARTESIAN_POINT('',(12.2035399067728,7.85000000000001,-18.4));
#14639=CARTESIAN_POINT('',(12.2035399067728,5.85000000000001,-18.4));
#14640=CARTESIAN_POINT('',(8.00353990677281,5.85000000000001,-18.4));
#14641=CARTESIAN_POINT('',(8.00353990677281,5.85000000000001,-18.4));
#14642=CARTESIAN_POINT('',(8.00353990677281,5.85000000000001,-18.4));
#14643=CARTESIAN_POINT('',(8.00353990677281,7.85000000000001,-18.4));
#14644=CARTESIAN_POINT('',(8.00353990677281,7.85000000000001,-18.4));
#14645=CARTESIAN_POINT('',(20.7,12.2,-18.4));
#14646=CARTESIAN_POINT('',(20.7,12.2,-18.4));
#14647=CARTESIAN_POINT('',(20.,12.9,-18.4));
#14648=CARTESIAN_POINT('',(20.,12.9,-18.4));
#14649=CARTESIAN_POINT('',(20.,13.7,-18.4));
#14650=CARTESIAN_POINT('',(21.2,13.7,-18.4));
#14651=CARTESIAN_POINT('',(4.2,13.7,-18.4));
#14652=CARTESIAN_POINT('',(4.2,13.7,-18.4));
#14653=CARTESIAN_POINT('',(4.2,12.7,-18.4));
#14654=CARTESIAN_POINT('',(3.2,12.7,-18.4));
#14655=CARTESIAN_POINT('',(3.2,12.7,-18.4));
#14656=CARTESIAN_POINT('',(3.2,8.,-18.4));
#14657=CARTESIAN_POINT('',(3.2,8.,-18.4));
#14658=CARTESIAN_POINT('',(0.,8.,-18.4));
#14659=CARTESIAN_POINT('',(0.,8.,-18.4));
#14660=CARTESIAN_POINT('',(0.,13.7,-18.4));
#14661=CARTESIAN_POINT('',(7.15573433840433E-015,7.35000000000001,-18.4));
#14662=CARTESIAN_POINT('',(7.15573433840433E-015,7.35000000000001,-18.4));
#14663=CARTESIAN_POINT('',(1.2,7.35000000000001,-18.4));
#14664=CARTESIAN_POINT('',(1.2,7.35000000000001,-18.4));
#14665=CARTESIAN_POINT('',(1.2,6.35000000000001,-18.4));
#14666=CARTESIAN_POINT('',(7.15573433840433E-015,6.35000000000001,-18.4));
#14667=CARTESIAN_POINT('',(0.,6.35000000000001,-18.4));
#14668=CARTESIAN_POINT('',(0.,13.7,-18.4));
#14669=CARTESIAN_POINT('',(0.,1.00000000000001,-18.4));
#14670=CARTESIAN_POINT('',(1.,5.20417042793042E-015,-18.4));
#14671=CARTESIAN_POINT('',(1.,5.20417042793042E-015,-18.4));
#14672=CARTESIAN_POINT('',(0.,5.20417042793042E-015,-18.4));
#14673=CARTESIAN_POINT('',(3.2,5.20417042793042E-015,-18.4));
#14674=CARTESIAN_POINT('',(3.2,5.20417042793042E-015,-18.4));
#14675=CARTESIAN_POINT('',(3.2,1.00000000000001,-18.4));
#14676=CARTESIAN_POINT('',(3.2,1.00000000000001,-18.4));
#14677=CARTESIAN_POINT('',(4.2,1.00000000000001,-18.4));
#14678=CARTESIAN_POINT('',(4.2,5.20417042793042E-015,-18.4));
#14679=CARTESIAN_POINT('',(4.2,5.20417042793042E-015,-18.4));
#14680=CARTESIAN_POINT('',(0.,5.20417042793042E-015,-18.4));
#14681=CARTESIAN_POINT('',(20.,5.20417042793042E-015,-18.4));
#14682=CARTESIAN_POINT('',(20.,0.799999999999992,-18.4));
#14683=CARTESIAN_POINT('',(20.,0.8,-18.4));
#14684=CARTESIAN_POINT('',(20.7,1.5,-18.4));
#14685=CARTESIAN_POINT('',(20.7,1.5,-18.4));
#14686=CARTESIAN_POINT('',(21.2,1.5,-18.4));
#14687=CARTESIAN_POINT('',(21.2,1.5,-18.4));
#14688=CARTESIAN_POINT('',(21.2,5.20417042793042E-015,-18.4));
#14689=CARTESIAN_POINT('',(21.2,6.35000000000001,-18.4));
#14690=CARTESIAN_POINT('',(21.2,6.35000000000001,-18.4));
#14691=CARTESIAN_POINT('',(17.6,6.35000000000001,-18.4));
#14692=CARTESIAN_POINT('',(17.6,7.35000000000001,-18.4));
#14693=CARTESIAN_POINT('',(17.6,7.35000000000001,-18.4));
#14694=CARTESIAN_POINT('',(21.2,7.35000000000001,-18.4));
#14695=CARTESIAN_POINT('',(21.2,7.35000000000001,-18.4));
#14696=CARTESIAN_POINT('',(21.2,5.20417042793042E-015,-18.4));
#14697=CARTESIAN_POINT('',(21.2,9.25000000000001,-18.4));
#14698=CARTESIAN_POINT('',(20.4,9.25000000000001,-18.4));
#14699=CARTESIAN_POINT('',(20.5,9.25000000000001,-18.4));
#14700=CARTESIAN_POINT('',(20.5,9.35000000000001,-18.4));
#14701=CARTESIAN_POINT('',(20.4,9.35000000000001,-18.4));
#14702=CARTESIAN_POINT('',(20.4,9.85000000000001,-18.4));
#14703=CARTESIAN_POINT('',(20.4,9.75000000000001,-18.4));
#14704=CARTESIAN_POINT('',(20.5,9.75000000000001,-18.4));
#14705=CARTESIAN_POINT('',(20.5,9.85000000000001,-18.4));
#14706=CARTESIAN_POINT('',(21.2,9.85000000000001,-18.4));
#14707=CARTESIAN_POINT('',(21.2,9.85000000000001,-18.4));
#14708=CARTESIAN_POINT('',(21.2,5.20417042793042E-015,-18.4));
#14709=CARTESIAN_POINT('',(21.2,12.2,-18.4));
#14710=CARTESIAN_POINT('',(21.2,12.2,-18.4));
#14711=CARTESIAN_POINT('',(0.,13.7,-18.4));
#14712=CARTESIAN_POINT('',(21.2,12.2,0.));
#14713=CARTESIAN_POINT('',(21.2,12.2,0.));
#14714=CARTESIAN_POINT('',(21.2,9.85000000000001,0.));
#14715=CARTESIAN_POINT('',(21.2,9.85000000000001,0.));
#14716=CARTESIAN_POINT('',(21.2,5.20417042793042E-015,0.));
#14717=CARTESIAN_POINT('',(21.2,9.25000000000001,0.));
#14718=CARTESIAN_POINT('',(21.2,9.25000000000001,0.));
#14719=CARTESIAN_POINT('',(21.2,7.35000000000001,-18.4));
#14720=CARTESIAN_POINT('',(21.2,7.35000000000001,-14.4));
#14721=CARTESIAN_POINT('',(21.2,7.35000000000001,-14.4));
#14722=CARTESIAN_POINT('',(21.2,6.35000000000001,-14.4));
#14723=CARTESIAN_POINT('',(21.2,6.35000000000001,-18.4));
#14724=CARTESIAN_POINT('',(21.2,1.5,0.));
#14725=CARTESIAN_POINT('',(21.2,0.300000000000005,5.));
#14726=CARTESIAN_POINT('',(21.2,0.300000000000005,5.));
#14727=CARTESIAN_POINT('',(21.2,13.7,5.));
#14728=CARTESIAN_POINT('',(21.2,13.4,5.));
#14729=CARTESIAN_POINT('',(21.2,13.4,0.));
#14730=CARTESIAN_POINT('',(21.2,13.4,0.));
#14731=CARTESIAN_POINT('',(21.2,13.7,0.));
#14732=CARTESIAN_POINT('',(21.2,5.20417042793042E-015,-18.4));
#14733=CARTESIAN_POINT('',(20.,13.7,0.));
#14734=CARTESIAN_POINT('',(20.9,13.7,5.));
#14735=CARTESIAN_POINT('',(20.9,13.7,5.));
#14736=CARTESIAN_POINT('',(0.,13.7,5.));
#14737=CARTESIAN_POINT('',(16.6,13.7,5.));
#14738=CARTESIAN_POINT('',(16.6,13.7,4.00243817719529));
#14739=CARTESIAN_POINT('',(16.6,13.7,4.00243817719529));
#14740=CARTESIAN_POINT('',(16.6,13.7,4.00243817719529));
#14741=CARTESIAN_POINT('',(13.1,13.7,4.00243817719529));
#14742=CARTESIAN_POINT('',(13.1,13.7,4.00243817719529));
#14743=CARTESIAN_POINT('',(13.1,13.7,5.));
#14744=CARTESIAN_POINT('',(0.,13.7,5.));
#14745=CARTESIAN_POINT('',(8.1,13.7,5.));
#14746=CARTESIAN_POINT('',(8.1,13.7,4.00243817719529));
#14747=CARTESIAN_POINT('',(8.1,13.7,4.00243817719529));
#14748=CARTESIAN_POINT('',(4.6,13.7,4.00243817719529));
#14749=CARTESIAN_POINT('',(4.6,13.7,4.00243817719529));
#14750=CARTESIAN_POINT('',(4.6,13.7,4.00243817719529));
#14751=CARTESIAN_POINT('',(4.6,13.7,5.));
#14752=CARTESIAN_POINT('',(0.,13.7,5.));
#14753=CARTESIAN_POINT('',(0.3,13.7,5.));
#14754=CARTESIAN_POINT('',(0.3,13.7,0.));
#14755=CARTESIAN_POINT('',(0.3,13.7,0.));
#14756=CARTESIAN_POINT('',(0.,13.7,0.));
#14757=CARTESIAN_POINT('',(0.999999999999999,13.7,0.));
#14758=CARTESIAN_POINT('',(1.,13.7,0.));
#14759=CARTESIAN_POINT('',(1.,13.7,-17.4));
#14760=CARTESIAN_POINT('',(3.2,13.7,-17.4));
#14761=CARTESIAN_POINT('',(3.2,13.7,-17.4));
#14762=CARTESIAN_POINT('',(3.2,13.7,-15.7));
#14763=CARTESIAN_POINT('',(3.2,13.7,-15.7));
#14764=CARTESIAN_POINT('',(3.2,13.7,-15.7));
#14765=CARTESIAN_POINT('',(4.2,13.7,-15.7));
#14766=CARTESIAN_POINT('',(4.2,13.7,-15.7));
#14767=CARTESIAN_POINT('',(21.2,13.7,-18.4));
#14768=CARTESIAN_POINT('',(20.,5.20417042793042E-015,0.));
#14769=CARTESIAN_POINT('',(20.,5.20417042793042E-015,0.));
#14770=CARTESIAN_POINT('',(4.2,5.20417042793042E-015,-15.7));
#14771=CARTESIAN_POINT('',(4.2,5.20417042793042E-015,-15.7));
#14772=CARTESIAN_POINT('',(3.2,5.20417042793042E-015,-15.7));
#14773=CARTESIAN_POINT('',(3.2,5.20417042793042E-015,-15.7));
#14774=CARTESIAN_POINT('',(3.2,5.20417042793042E-015,-15.7));
#14775=CARTESIAN_POINT('',(1.,5.20417042793042E-015,0.));
#14776=CARTESIAN_POINT('',(1.,5.20417042793042E-015,0.));
#14777=CARTESIAN_POINT('',(0.,5.20417042793042E-015,0.));
#14778=CARTESIAN_POINT('',(0.3,5.20417042793042E-015,0.));
#14779=CARTESIAN_POINT('',(0.3,5.20417042793042E-015,5.));
#14780=CARTESIAN_POINT('',(0.3,5.20417042793042E-015,5.));
#14781=CARTESIAN_POINT('',(21.2,5.20417042793042E-015,5.));
#14782=CARTESIAN_POINT('',(4.6,5.20417042793042E-015,5.));
#14783=CARTESIAN_POINT('',(4.6,5.20417042793042E-015,4.00243817719529));
#14784=CARTESIAN_POINT('',(4.6,5.20417042793042E-015,4.00243817719529));
#14785=CARTESIAN_POINT('',(4.6,5.20417042793042E-015,4.00243817719529));
#14786=CARTESIAN_POINT('',(8.1,5.20417042793042E-015,4.00243817719529));
#14787=CARTESIAN_POINT('',(8.1,5.20417042793042E-015,4.00243817719529));
#14788=CARTESIAN_POINT('',(8.1,5.20417042793042E-015,5.));
#14789=CARTESIAN_POINT('',(21.2,5.20417042793042E-015,5.));
#14790=CARTESIAN_POINT('',(13.1,5.20417042793042E-015,5.));
#14791=CARTESIAN_POINT('',(13.1,5.20417042793042E-015,4.00243817719529));
#14792=CARTESIAN_POINT('',(13.1,5.20417042793042E-015,4.00243817719529));
#14793=CARTESIAN_POINT('',(16.6,5.20417042793042E-015,4.00243817719529));
#14794=CARTESIAN_POINT('',(16.6,5.20417042793042E-015,4.00243817719529));
#14795=CARTESIAN_POINT('',(16.6,5.20417042793042E-015,4.00243817719529));
#14796=CARTESIAN_POINT('',(16.6,5.20417042793042E-015,5.));
#14797=CARTESIAN_POINT('',(21.2,5.20417042793042E-015,5.));
#14798=CARTESIAN_POINT('',(20.9,5.20417042793042E-015,5.));
#14799=CARTESIAN_POINT('',(20.9,5.20417042793042E-015,0.));
#14800=CARTESIAN_POINT('',(20.9,5.20417042793042E-015,0.));
#14801=CARTESIAN_POINT('',(21.2,5.20417042793042E-015,0.));
#14802=CARTESIAN_POINT('',(0.,5.20417042793042E-015,-18.4));
#14803=CARTESIAN_POINT('',(-46.9585177198224,60.7999390760597,8.67361737988404E-016));
#14804=CARTESIAN_POINT('',(0.170710678118658,13.6707106781187,8.67361737988404E-016));
#14805=CARTESIAN_POINT('',(0.570710678118652,13.2707106781187,8.67361737988404E-016));
#14806=CARTESIAN_POINT('',(1.,13.7,0.));
#14807=CARTESIAN_POINT('',(0.3,13.4,0.));
#14808=CARTESIAN_POINT('',(0.,13.7,0.));
#14809=CARTESIAN_POINT('',(0.3,13.4,0.0999999999999994));
#14810=CARTESIAN_POINT('',(0.0878679656440229,13.612132034356,0.1));
#14811=CARTESIAN_POINT('',(0.3,13.4,4.4));
#14812=CARTESIAN_POINT('',(0.0878679656440357,13.612132034356,4.82426406871193));
#14813=CARTESIAN_POINT('',(0.3,13.4,4.4));
#14814=CARTESIAN_POINT('',(0.,13.4,5.));
#14815=CARTESIAN_POINT('',(0.,13.4,5.));
#14816=CARTESIAN_POINT('',(0.,13.4,0.));
#14817=CARTESIAN_POINT('',(0.3,13.4,0.));
#14818=CARTESIAN_POINT('',(0.0292893218813431,13.5292893218813,8.67361737988404E-016));
#14819=CARTESIAN_POINT('',(0.3,13.4,0.100000000000003));
#14820=CARTESIAN_POINT('',(0.3,13.4,-18.4));
#14821=CARTESIAN_POINT('',(-46.9585177198224,-47.0999390760597,8.67361737988404E-016));
#14822=CARTESIAN_POINT('',(0.170710678118658,0.0292893218813428,8.67361737988404E-016));
#14823=CARTESIAN_POINT('',(0.570710678118652,0.429289321881347,8.67361737988404E-016));
#14824=CARTESIAN_POINT('',(0.3,0.300000000000005,0.));
#14825=CARTESIAN_POINT('',(1.,5.20417042793042E-015,0.));
#14826=CARTESIAN_POINT('',(0.,5.20417042793042E-015,0.));
#14827=CARTESIAN_POINT('',(0.3,0.300000000000005,0.0999999999999994));
#14828=CARTESIAN_POINT('',(0.0878679656440318,0.0878679656440302,0.1));
#14829=CARTESIAN_POINT('',(0.3,0.300000000000005,0.100000000000003));
#14830=CARTESIAN_POINT('',(0.0292893218813442,0.170710678118663,0.));
#14831=CARTESIAN_POINT('',(0.3,0.300000000000005,0.));
#14832=CARTESIAN_POINT('',(0.,0.300000000000005,0.));
#14833=CARTESIAN_POINT('',(0.,0.300000000000005,0.));
#14834=CARTESIAN_POINT('',(0.,0.300000000000005,5.));
#14835=CARTESIAN_POINT('',(0.3,0.300000000000005,4.4));
#14836=CARTESIAN_POINT('',(0.0878679656440363,0.0878679656440406,4.82426406871193));
#14837=CARTESIAN_POINT('',(0.3,0.300000000000005,4.4));
#14838=CARTESIAN_POINT('',(0.3,0.300000000000005,-18.4));
#14839=CARTESIAN_POINT('',(20.9,13.4,0.0999999999999994));
#14840=CARTESIAN_POINT('',(21.112132034356,13.612132034356,0.1));
#14841=CARTESIAN_POINT('',(20.9,13.4,0.100000000000003));
#14842=CARTESIAN_POINT('',(21.1707106781186,13.5292893218813,0.));
#14843=CARTESIAN_POINT('',(20.9,13.4,0.));
#14844=CARTESIAN_POINT('',(20.9,13.4,4.4));
#14845=CARTESIAN_POINT('',(21.112132034356,13.612132034356,4.82426406871193));
#14846=CARTESIAN_POINT('',(20.9,13.4,4.4));
#14847=CARTESIAN_POINT('',(20.9,13.4,-18.4));
#14848=CARTESIAN_POINT('',(20.9,0.300000000000005,0.0999999999999994));
#14849=CARTESIAN_POINT('',(21.112132034356,0.0878679656440284,0.1));
#14850=CARTESIAN_POINT('',(21.0292893218813,0.0292893218813428,8.67361737988404E-016));
#14851=CARTESIAN_POINT('',(20.9,0.300000000000005,0.));
#14852=CARTESIAN_POINT('',(20.9,0.300000000000005,4.4));
#14853=CARTESIAN_POINT('',(21.112132034356,0.0878679656440406,4.82426406871193));
#14854=CARTESIAN_POINT('',(20.9,0.300000000000005,4.4));
#14855=CARTESIAN_POINT('',(20.9,0.300000000000005,0.100000000000003));
#14856=CARTESIAN_POINT('',(20.9,0.300000000000005,-18.4));
#14857=CARTESIAN_POINT('',(10.6,6.85000000000001,-19.2));
#14858=CARTESIAN_POINT('',(11.85,6.85000000000001,-19.2));
#14859=CARTESIAN_POINT('',(0.999999999999999,9.70000000000001,-19.2));
#14860=CARTESIAN_POINT('',(0.0999999999999991,9.70000000000001,-19.2));
#14861=CARTESIAN_POINT('',(10.5999729715431,11.0000521022128,-19.2));
#14862=CARTESIAN_POINT('',(-0.3,10.9999794846845,-19.2));
#14863=CARTESIAN_POINT('',(2.9,11.0000019538335,-19.2));
#14864=CARTESIAN_POINT('',(2.9,14.,-19.2));
#14865=CARTESIAN_POINT('',(2.9,14.,-19.2));
#14866=CARTESIAN_POINT('',(10.6,14.,-19.2));
#14867=CARTESIAN_POINT('',(21.5,14.,-19.2));
#14868=CARTESIAN_POINT('',(21.5,6.85000000000001,-19.2));
#14869=CARTESIAN_POINT('',(21.5,-0.299999999999995,-19.2));
#14870=CARTESIAN_POINT('',(10.6,-0.299999999999995,-19.2));
#14871=CARTESIAN_POINT('',(-0.300000000000001,-0.299999999999995,-19.2));
#14872=CARTESIAN_POINT('',(-0.3,6.85000000000001,-19.2));
#14873=CARTESIAN_POINT('',(10.6,6.85000000000001,-19.2));
#14874=CARTESIAN_POINT('',(-0.800000000000001,14.,5.8));
#14875=CARTESIAN_POINT('',(-0.800000000000001,14.,5.8));
#14876=CARTESIAN_POINT('',(-0.800000000000001,14.,-17.9));
#14877=CARTESIAN_POINT('',(-0.800000000000001,10.9999798103155,-17.9));
#14878=CARTESIAN_POINT('',(-0.800000000000001,10.9999798103155,-17.9));
#14879=CARTESIAN_POINT('',(-0.800000000000001,10.9999798103155,5.8));
#14880=CARTESIAN_POINT('',(-0.79999999999841,10.9999788333918,-18.7));
#14881=CARTESIAN_POINT('',(-0.800000000000001,6.85000000000001,-18.7));
#14882=CARTESIAN_POINT('',(-0.800000000000001,-0.299999999999995,-18.7));
#14883=CARTESIAN_POINT('',(-0.800000000000001,-0.299999999999995,5.8));
#14884=CARTESIAN_POINT('',(-0.800000000000001,-0.299999999999995,5.8));
#14885=CARTESIAN_POINT('',(-0.800000000000001,6.85000000000001,5.8));
#14886=CARTESIAN_POINT('',(-0.800000000000001,6.85000000000001,5.8));
#14887=CARTESIAN_POINT('',(-0.300000000000001,10.999977856468,-18.7));
#14888=CARTESIAN_POINT('',(-0.300000000000001,-0.299999999999995,-18.7));
#14889=CARTESIAN_POINT('',(-0.300000000000001,6.85000000000001,-18.7));
#14890=CARTESIAN_POINT('',(0.,8.,-17.4));
#14891=CARTESIAN_POINT('',(0.,8.,-17.4));
#14892=CARTESIAN_POINT('',(0.,13.7,-17.4));
#14893=CARTESIAN_POINT('',(1.0842021724855E-016,12.7,-17.4));
#14894=CARTESIAN_POINT('',(0.,12.7,0.));
#14895=CARTESIAN_POINT('',(0.,12.7,0.));
#14896=CARTESIAN_POINT('',(0.,13.7,0.));
#14897=CARTESIAN_POINT('',(0.,5.20417042793042E-015,5.));
#14898=CARTESIAN_POINT('',(0.,5.20417042793042E-015,0.));
#14899=CARTESIAN_POINT('',(0.,1.00000000000001,0.));
#14900=CARTESIAN_POINT('',(0.,1.00000000000001,0.));
#14901=CARTESIAN_POINT('',(0.,6.35000000000001,-14.4));
#14902=CARTESIAN_POINT('',(0.,6.35000000000001,-14.4));
#14903=CARTESIAN_POINT('',(0.,7.35000000000001,-14.4));
#14904=CARTESIAN_POINT('',(0.,7.35000000000001,-14.4));
#14905=CARTESIAN_POINT('',(0.,7.35000000000001,-14.4));
#14906=CARTESIAN_POINT('',(0.,13.7,-18.4));
#14907=CARTESIAN_POINT('',(2.9,14.5,-18.2));
#14908=CARTESIAN_POINT('',(2.9,14.5,-18.7));
#14909=CARTESIAN_POINT('',(2.9,14.5,-17.9));
#14910=CARTESIAN_POINT('',(-0.3,14.5,-17.9));
#14911=CARTESIAN_POINT('',(-0.3,14.5,-17.9));
#14912=CARTESIAN_POINT('',(-0.3,14.5,5.8));
#14913=CARTESIAN_POINT('',(-0.3,14.5,5.8));
#14914=CARTESIAN_POINT('',(10.6,14.5,5.8));
#14915=CARTESIAN_POINT('',(21.5,14.5,5.8));
#14916=CARTESIAN_POINT('',(21.5,14.5,5.8));
#14917=CARTESIAN_POINT('',(21.5,14.5,-18.7));
#14918=CARTESIAN_POINT('',(10.6,14.5,-18.7));
#14919=CARTESIAN_POINT('',(10.6,14.5,5.8));
#14920=CARTESIAN_POINT('',(10.6,-0.799999999999995,-18.7));
#14921=CARTESIAN_POINT('',(-0.3,-0.799999999999995,-18.7));
#14922=CARTESIAN_POINT('',(21.5,-0.799999999999995,-18.7));
#14923=CARTESIAN_POINT('',(21.5,-0.799999999999995,5.8));
#14924=CARTESIAN_POINT('',(21.5,-0.799999999999995,5.8));
#14925=CARTESIAN_POINT('',(10.6,-0.799999999999995,5.8));
#14926=CARTESIAN_POINT('',(-0.3,-0.799999999999995,5.8));
#14927=CARTESIAN_POINT('',(-0.3,-0.799999999999995,5.8));
#14928=CARTESIAN_POINT('',(10.6,-0.799999999999995,5.8));
#14929=CARTESIAN_POINT('',(0.,-0.399999999999994,5.8));
#14930=CARTESIAN_POINT('',(21.6,-0.399999999999994,5.8));
#14931=CARTESIAN_POINT('',(-0.4,-0.399999999999994,5.8));
#14932=CARTESIAN_POINT('',(-0.4,13.7,5.8));
#14933=CARTESIAN_POINT('',(-0.4,14.1,5.8));
#14934=CARTESIAN_POINT('',(21.2,14.1,5.8));
#14935=CARTESIAN_POINT('',(21.6,14.1,5.8));
#14936=CARTESIAN_POINT('',(21.6,5.20417042793042E-015,5.8));
#14937=CARTESIAN_POINT('',(-0.300000000000001,14.,5.8));
#14938=CARTESIAN_POINT('',(-0.3,-0.299999999999995,5.8));
#14939=CARTESIAN_POINT('',(21.5,-0.299999999999995,5.8));
#14940=CARTESIAN_POINT('',(22.,-0.299999999999995,5.8));
#14941=CARTESIAN_POINT('',(22.,6.85000000000001,5.8));
#14942=CARTESIAN_POINT('',(22.,14.,5.8));
#14943=CARTESIAN_POINT('',(21.5,14.,5.8));
#14944=CARTESIAN_POINT('',(10.6,6.85000000000001,5.8));
#14945=CARTESIAN_POINT('',(22.,-0.299999999999995,5.8));
#14946=CARTESIAN_POINT('',(22.,-0.299999999999995,-18.7));
#14947=CARTESIAN_POINT('',(22.,6.85000000000001,-18.7));
#14948=CARTESIAN_POINT('',(22.,14.,-18.7));
#14949=CARTESIAN_POINT('',(22.,14.,5.8));
#14950=CARTESIAN_POINT('',(22.,6.85000000000001,5.8));
#14951=CARTESIAN_POINT('',(21.2,6.35000000000001,-14.4));
#14952=CARTESIAN_POINT('',(18.5398117031071,6.35000000000001,-14.4));
#14953=CARTESIAN_POINT('',(21.2,7.35000000000001,-14.4));
#14954=CARTESIAN_POINT('',(18.5398117031071,7.35000000000001,-14.4));
#14955=CARTESIAN_POINT('',(18.5398117031071,7.35000000000001,-14.4));
#14956=CARTESIAN_POINT('',(21.2,7.35000000000001,-14.4));
#14957=CARTESIAN_POINT('',(18.5398117031071,6.35000000000001,-14.9));
#14958=CARTESIAN_POINT('',(18.0436457341643,6.35000000000001,-14.8381992616298));
#14959=CARTESIAN_POINT('',(18.5398117031071,7.35000000000001,-14.9));
#14960=CARTESIAN_POINT('',(18.0436457341643,7.35000000000001,-14.8381992616298));
#14961=CARTESIAN_POINT('',(18.0436457341643,7.35000000000001,-14.8381992616298));
#14962=CARTESIAN_POINT('',(18.5398117031071,7.35000000000001,-14.9));
#14963=CARTESIAN_POINT('',(18.0436457341643,6.35000000000001,-14.8381992616298));
#14964=CARTESIAN_POINT('',(18.0436457341643,7.35000000000001,-14.8381992616298));
#14965=CARTESIAN_POINT('',(18.0436457341643,7.35000000000001,-14.8381992616298));
#14966=CARTESIAN_POINT('',(18.5398117031071,7.35000000000001,-14.9));
#14967=CARTESIAN_POINT('',(18.5398117031071,6.35000000000001,-14.9));
#14968=CARTESIAN_POINT('',(0.435422271893559,6.35000000000001,-14.9));
#14969=CARTESIAN_POINT('',(0.435422271893559,6.35000000000001,-14.4));
#14970=CARTESIAN_POINT('',(0.934014838656118,6.35000000000001,-14.8625106365868));
#14971=CARTESIAN_POINT('',(0.934014838656118,7.35000000000001,-14.8625106365868));
#14972=CARTESIAN_POINT('',(0.934014838656118,7.35000000000001,-14.8625106365868));
#14973=CARTESIAN_POINT('',(0.435422271893559,7.35000000000001,-14.9));
#14974=CARTESIAN_POINT('',(0.435422271893559,7.35000000000001,-14.4));
#14975=CARTESIAN_POINT('',(0.435422271893559,7.35000000000001,-14.4));
#14976=CARTESIAN_POINT('',(0.435422271893559,7.35000000000001,-14.9));
#14977=CARTESIAN_POINT('',(0.934014838656118,6.35000000000001,-14.8625106365868));
#14978=CARTESIAN_POINT('',(0.934014838656118,7.35000000000001,-14.8625106365868));
#14979=CARTESIAN_POINT('',(0.934014838656118,7.35000000000001,-14.8625106365868));
#14980=CARTESIAN_POINT('',(0.,6.35000000000001,-14.4));
#14981=CARTESIAN_POINT('',(0.,7.35000000000001,-14.4));
#14982=CARTESIAN_POINT('',(0.,7.35000000000001,-14.4));
#14983=CARTESIAN_POINT('',(0.435422271893559,7.35000000000001,-14.9));
#14984=CARTESIAN_POINT('',(0.435422271893559,6.35000000000001,-14.9));
#14985=CARTESIAN_POINT('',(4.2,1.00000000000001,-18.4));
#14986=CARTESIAN_POINT('',(4.2,1.00000000000001,-17.2));
#14987=CARTESIAN_POINT('',(3.2,1.00000000000001,-18.4));
#14988=CARTESIAN_POINT('',(3.2,1.00000000000001,-17.2));
#14989=CARTESIAN_POINT('',(3.2,1.00000000000001,-17.2));
#14990=CARTESIAN_POINT('',(3.2,1.00000000000001,-18.4));
#14991=CARTESIAN_POINT('',(4.2,1.00000000000001,-17.2));
#14992=CARTESIAN_POINT('',(4.2,0.350000000000005,-17.2));
#14993=CARTESIAN_POINT('',(3.2,1.00000000000001,-17.2));
#14994=CARTESIAN_POINT('',(3.2,0.350000000000005,-17.2));
#14995=CARTESIAN_POINT('',(3.2,0.350000000000005,-17.2));
#14996=CARTESIAN_POINT('',(3.2,1.00000000000001,-17.2));
#14997=CARTESIAN_POINT('',(4.2,0.350000000000005,-17.2));
#14998=CARTESIAN_POINT('',(3.2,0.350000000000005,-17.2));
#14999=CARTESIAN_POINT('',(3.2,0.350000000000005,-17.2));
#15000=CARTESIAN_POINT('',(3.2,1.00000000000001,-17.2));
#15001=CARTESIAN_POINT('',(4.2,1.00000000000001,-17.2));
#15002=CARTESIAN_POINT('',(4.2,12.7,-18.4));
#15003=CARTESIAN_POINT('',(4.2,12.7,-17.2));
#15004=CARTESIAN_POINT('',(3.2,12.7,-17.2));
#15005=CARTESIAN_POINT('',(3.2,12.7,-17.2));
#15006=CARTESIAN_POINT('',(3.2,12.7,-18.4));
#15007=CARTESIAN_POINT('',(3.2,12.7,-17.4));
#15008=CARTESIAN_POINT('',(3.2,12.7,-18.4));
#15009=CARTESIAN_POINT('',(3.2,12.7,-18.4));
#15010=CARTESIAN_POINT('',(4.2,12.7,-17.2));
#15011=CARTESIAN_POINT('',(4.2,13.35,-17.2));
#15012=CARTESIAN_POINT('',(3.2,13.35,-17.2));
#15013=CARTESIAN_POINT('',(3.2,13.35,-17.2));
#15014=CARTESIAN_POINT('',(3.2,12.7,-17.2));
#15015=CARTESIAN_POINT('',(3.2,12.7,-17.2));
#15016=CARTESIAN_POINT('',(4.2,13.35,-17.2));
#15017=CARTESIAN_POINT('',(3.2,13.35,-17.2));
#15018=CARTESIAN_POINT('',(3.2,13.35,-17.2));
#15019=CARTESIAN_POINT('',(3.2,8.,-17.4));
#15020=CARTESIAN_POINT('',(3.2,12.7,-17.2));
#15021=CARTESIAN_POINT('',(4.2,12.7,-17.2));
#15022=CARTESIAN_POINT('',(1.,5.20417042793042E-015,0.));
#15023=CARTESIAN_POINT('',(0.429289321881342,0.570710678118657,8.67361737988404E-016));
#15024=CARTESIAN_POINT('',(0.499999999999995,0.500000000000002,0.1));
#15025=CARTESIAN_POINT('',(0.499999999999995,0.500000000000002,0.1));
#15026=CARTESIAN_POINT('',(0.499999999999995,0.500000000000002,0.1));
#15027=CARTESIAN_POINT('',(1.,5.20417042793042E-015,0.));
#15028=CARTESIAN_POINT('',(-47.0999390760597,-46.9585177198224,8.67361737988404E-016));
#15029=CARTESIAN_POINT('',(0.,5.20417042793042E-015,0.));
#15030=CARTESIAN_POINT('',(1.,13.7,-17.4));
#15031=CARTESIAN_POINT('',(0.499999999999995,13.2,0.1));
#15032=CARTESIAN_POINT('',(0.499999999999995,13.2,0.1));
#15033=CARTESIAN_POINT('',(0.499999999999995,13.2,0.1));
#15034=CARTESIAN_POINT('',(0.429289321881342,13.1292893218814,8.67361737988404E-016));
#15035=CARTESIAN_POINT('',(1.,13.7,0.));
#15036=CARTESIAN_POINT('',(1.,13.7,0.));
#15037=CARTESIAN_POINT('',(-47.0999390760597,60.6585177198224,8.67361737988404E-016));
#15038=CARTESIAN_POINT('',(0.,13.7,0.));
#15039=CARTESIAN_POINT('',(68.1585177198224,-47.0999390760597,8.67361737988404E-016));
#15040=CARTESIAN_POINT('',(20.1292893218813,0.929289321881348,0.));
#15041=CARTESIAN_POINT('',(20.7,1.5,0.));
#15042=CARTESIAN_POINT('',(20.,0.799999999999999,0.));
#15043=CARTESIAN_POINT('',(20.,0.799999999999992,0.));
#15044=CARTESIAN_POINT('',(21.2,5.20417042793042E-015,0.));
#15045=CARTESIAN_POINT('',(68.2999390760597,60.6585177198224,8.67361737988404E-016));
#15046=CARTESIAN_POINT('',(20.2707106781187,12.6292893218814,0.));
#15047=CARTESIAN_POINT('',(20.7,12.2,0.));
#15048=CARTESIAN_POINT('',(20.7,12.2,0.));
#15049=CARTESIAN_POINT('',(21.2,12.2,0.));
#15050=CARTESIAN_POINT('',(21.2,13.7,0.));
#15051=CARTESIAN_POINT('',(21.5,-0.299999999999995,-18.7));
#15052=CARTESIAN_POINT('',(21.5,-0.299999999999995,5.8));
#15053=CARTESIAN_POINT('',(21.5,-0.299999999999995,-18.7));
#15054=CARTESIAN_POINT('',(21.5,-0.299999999999995,-18.7));
#15055=CARTESIAN_POINT('',(21.5,-0.299999999999995,-18.7));
#15056=CARTESIAN_POINT('',(-0.3,-0.299999999999995,-18.7));
#15057=CARTESIAN_POINT('',(-0.3,-0.299999999999995,5.8));
#15058=CARTESIAN_POINT('',(-0.300000000000001,-0.299999999999995,-18.7));
#15059=CARTESIAN_POINT('',(10.6,-0.299999999999995,-18.7));
#15060=CARTESIAN_POINT('',(21.5,14.,-18.7));
#15061=CARTESIAN_POINT('',(21.5,6.85000000000001,-18.7));
#15062=CARTESIAN_POINT('',(21.5,14.,-18.7));
#15063=CARTESIAN_POINT('',(21.5,14.,5.8));
#15064=CARTESIAN_POINT('',(-0.300000000000001,-0.299999999999995,-18.7));
#15065=CARTESIAN_POINT('',(21.5,14.,-18.7));
#15066=CARTESIAN_POINT('',(21.5,14.,-18.7));
#15067=CARTESIAN_POINT('',(2.9,14.,-18.7));
#15068=CARTESIAN_POINT('',(10.6,14.,-18.7));
#15069=CARTESIAN_POINT('',(-0.300000000000001,14.,-17.9));
#15070=CARTESIAN_POINT('',(-0.300000000000001,14.,5.8));
#15071=CARTESIAN_POINT('',(17.6666666666666,3.53333333333335,-2.06666666666668));
#15072=CARTESIAN_POINT('',(18.9166666666667,11.4166666666667,0.433333333333336));
#15073=CARTESIAN_POINT('',(21.2,5.20417042793042E-015,5.));
#15074=CARTESIAN_POINT('',(0.,13.7,5.));
#15075=CARTESIAN_POINT('',(4.6,13.7,5.));
#15076=CARTESIAN_POINT('',(16.6,13.7,5.));
#15077=CARTESIAN_POINT('',(21.2,13.7,5.));
#15078=CARTESIAN_POINT('',(16.6,5.20417042793042E-015,5.));
#15079=CARTESIAN_POINT('',(4.6,5.20417042793042E-015,5.));
#15080=CARTESIAN_POINT('',(2.28333333333333,2.28333333333334,0.433333333333337));
#15081=CARTESIAN_POINT('',(0.,5.20417042793042E-015,5.));
#15082=CARTESIAN_POINT('',(0.,13.7,5.));
#15083=CARTESIAN_POINT('',(8.1,0.300055718194131,4.19202615732848));
#15084=CARTESIAN_POINT('',(8.1,0.466231035139809,4.30321734342195));
#15085=CARTESIAN_POINT('',(8.1,0.29307776339056,3.99220367617677));
#15086=CARTESIAN_POINT('',(4.6,0.29307776339056,3.99220367617677));
#15087=CARTESIAN_POINT('',(4.6,0.29307776339056,3.99220367617677));
#15088=CARTESIAN_POINT('',(4.6,0.300055718194131,4.19202615732848));
#15089=CARTESIAN_POINT('',(4.6,0.466231035139809,4.30321734342195));
#15090=CARTESIAN_POINT('',(4.6,0.466231035139809,4.30321734342195));
#15091=CARTESIAN_POINT('',(4.6,0.300055718194131,4.19202615732848));
#15092=CARTESIAN_POINT('',(8.1,0.29307776339056,3.99220367617677));
#15093=CARTESIAN_POINT('',(4.6,0.29307776339056,3.99220367617677));
#15094=CARTESIAN_POINT('',(4.6,0.29307776339056,3.99220367617677));
#15095=CARTESIAN_POINT('',(8.1,5.20417042793042E-015,5.));
#15096=CARTESIAN_POINT('',(4.6,5.20417042793042E-015,5.));
#15097=CARTESIAN_POINT('',(4.6,5.20417042793042E-015,5.));
#15098=CARTESIAN_POINT('',(4.6,0.300055718194131,4.19202615732848));
#15099=CARTESIAN_POINT('',(8.1,0.300055718194131,4.19202615732848));
#15100=CARTESIAN_POINT('',(13.1,0.300055718194131,4.19202615732848));
#15101=CARTESIAN_POINT('',(13.1,0.466231035139809,4.30321734342195));
#15102=CARTESIAN_POINT('',(13.1,0.29307776339056,3.99220367617677));
#15103=CARTESIAN_POINT('',(16.6,0.466231035139809,4.30321734342195));
#15104=CARTESIAN_POINT('',(16.6,0.466231035139809,4.30321734342195));
#15105=CARTESIAN_POINT('',(16.6,0.300055718194131,4.19202615732848));
#15106=CARTESIAN_POINT('',(16.6,0.29307776339056,3.99220367617677));
#15107=CARTESIAN_POINT('',(16.6,0.29307776339056,3.99220367617677));
#15108=CARTESIAN_POINT('',(16.6,0.300055718194131,4.19202615732848));
#15109=CARTESIAN_POINT('',(13.1,0.29307776339056,3.99220367617677));
#15110=CARTESIAN_POINT('',(16.6,0.29307776339056,3.99220367617677));
#15111=CARTESIAN_POINT('',(16.6,0.29307776339056,3.99220367617677));
#15112=CARTESIAN_POINT('',(13.1,5.20417042793042E-015,5.));
#15113=CARTESIAN_POINT('',(16.6,5.20417042793042E-015,5.));
#15114=CARTESIAN_POINT('',(16.6,5.20417042793042E-015,5.));
#15115=CARTESIAN_POINT('',(16.6,0.300055718194131,4.19202615732848));
#15116=CARTESIAN_POINT('',(13.1,0.300055718194131,4.19202615732848));
#15117=CARTESIAN_POINT('',(8.1,13.3999442818059,4.19202615732848));
#15118=CARTESIAN_POINT('',(8.1,13.2337689648602,4.30321734342195));
#15119=CARTESIAN_POINT('',(8.1,13.4069222366095,3.99220367617677));
#15120=CARTESIAN_POINT('',(4.6,13.2337689648602,4.30321734342195));
#15121=CARTESIAN_POINT('',(4.6,13.2337689648602,4.30321734342195));
#15122=CARTESIAN_POINT('',(4.6,13.3999442818059,4.19202615732848));
#15123=CARTESIAN_POINT('',(4.6,13.4069222366095,3.99220367617677));
#15124=CARTESIAN_POINT('',(4.6,13.4069222366095,3.99220367617677));
#15125=CARTESIAN_POINT('',(4.6,13.3999442818059,4.19202615732848));
#15126=CARTESIAN_POINT('',(8.1,13.4069222366095,3.99220367617677));
#15127=CARTESIAN_POINT('',(4.6,13.4069222366095,3.99220367617677));
#15128=CARTESIAN_POINT('',(4.6,13.4069222366095,3.99220367617677));
#15129=CARTESIAN_POINT('',(8.1,13.7,5.));
#15130=CARTESIAN_POINT('',(4.6,13.7,5.));
#15131=CARTESIAN_POINT('',(4.6,13.7,5.));
#15132=CARTESIAN_POINT('',(4.6,13.3999442818059,4.19202615732848));
#15133=CARTESIAN_POINT('',(8.1,13.3999442818059,4.19202615732848));
#15134=CARTESIAN_POINT('',(13.1,13.3999442818059,4.19202615732848));
#15135=CARTESIAN_POINT('',(13.1,13.2337689648602,4.30321734342195));
#15136=CARTESIAN_POINT('',(13.1,13.4069222366095,3.99220367617677));
#15137=CARTESIAN_POINT('',(16.6,13.4069222366095,3.99220367617677));
#15138=CARTESIAN_POINT('',(16.6,13.4069222366095,3.99220367617677));
#15139=CARTESIAN_POINT('',(16.6,13.3999442818059,4.19202615732848));
#15140=CARTESIAN_POINT('',(16.6,13.2337689648602,4.30321734342195));
#15141=CARTESIAN_POINT('',(16.6,13.2337689648602,4.30321734342195));
#15142=CARTESIAN_POINT('',(16.6,13.3999442818059,4.19202615732848));
#15143=CARTESIAN_POINT('',(13.1,13.4069222366095,3.99220367617677));
#15144=CARTESIAN_POINT('',(16.6,13.4069222366095,3.99220367617677));
#15145=CARTESIAN_POINT('',(16.6,13.4069222366095,3.99220367617677));
#15146=CARTESIAN_POINT('',(13.1,13.7,5.));
#15147=CARTESIAN_POINT('',(16.6,13.7,5.));
#15148=CARTESIAN_POINT('',(16.6,13.7,5.));
#15149=CARTESIAN_POINT('',(16.6,13.3999442818059,4.19202615732848));
#15150=CARTESIAN_POINT('',(13.1,13.3999442818059,4.19202615732848));
#15151=CARTESIAN_POINT('',(0.999999999999999,12.7,-17.4));
#15152=CARTESIAN_POINT('',(1.5,12.7,-17.4));
#15153=CARTESIAN_POINT('',(0.,8.,-17.4));
#15154=CARTESIAN_POINT('',(3.2,8.,-17.4));
#15155=CARTESIAN_POINT('',(3.2,8.,-17.4));
#15156=CARTESIAN_POINT('',(0.,13.7,-17.4));
#15157=CARTESIAN_POINT('',(3.2,8.,-17.4));
#15158=CARTESIAN_POINT('',(0.,8.,-17.4));
#15159=CARTESIAN_POINT('',(3.2,8.,-17.4));
#15160=CARTESIAN_POINT('',(-0.300001953839822,11.299981112869,-18.7));
#15161=CARTESIAN_POINT('',(-0.300001953839822,11.299981112869,-18.9));
#15162=CARTESIAN_POINT('',(-0.50000195383558,11.2999798103091,-18.7));
#15163=CARTESIAN_POINT('',(-0.500001953839822,11.2999798103091,-18.2));
#15164=CARTESIAN_POINT('',(-0.500001953839822,11.2999798103091,-18.2));
#15165=CARTESIAN_POINT('',(-0.800000000000001,11.299977856482,-18.2));
#15166=CARTESIAN_POINT('',(2.6,11.3,-18.2));
#15167=CARTESIAN_POINT('',(2.6,11.3,-18.2));
#15168=CARTESIAN_POINT('',(2.6,11.3,-18.9));
#15169=CARTESIAN_POINT('',(-0.800000000000001,11.299977856482,-18.9));
#15170=CARTESIAN_POINT('',(-0.800000000000001,11.299977856482,-18.2));
#15171=CARTESIAN_POINT('',(2.6,14.5,-18.2));
#15172=CARTESIAN_POINT('',(2.6,14.2,-18.2));
#15173=CARTESIAN_POINT('',(2.6,14.2,-18.7));
#15174=CARTESIAN_POINT('',(2.6,14.2,-18.7));
#15175=CARTESIAN_POINT('',(2.6,14.,-18.7));
#15176=CARTESIAN_POINT('',(2.6,14.,-18.9));
#15177=CARTESIAN_POINT('',(2.6,11.3,-18.9));
#15178=CARTESIAN_POINT('',(2.6,14.5,-18.2));
#15179=CARTESIAN_POINT('',(1.,12.7,-18.2));
#15180=CARTESIAN_POINT('',(0.25,12.7,-18.2));
#15181=CARTESIAN_POINT('',(-0.300000000000001,14.,-18.2));
#15182=CARTESIAN_POINT('',(-0.500000000000001,14.,-18.2));
#15183=CARTESIAN_POINT('',(-0.3,14.2,-18.2));
#15184=CARTESIAN_POINT('',(2.9,14.2,-18.2));
#15185=CARTESIAN_POINT('',(-0.500000000000001,14.,-18.2));
#15186=CARTESIAN_POINT('',(-0.800000000000001,11.299977856482,-18.2));
#15187=CARTESIAN_POINT('',(1.,12.7,-19.2));
#15188=CARTESIAN_POINT('',(0.25,12.7,-19.2));
#15189=CARTESIAN_POINT('',(1.,12.7,-18.2));
#15190=CARTESIAN_POINT('',(1.,12.7,-19.2));
#15191=CARTESIAN_POINT('',(0.999999999999999,9.70000000000001,-18.6));
#15192=CARTESIAN_POINT('',(0.0999999999999991,9.70000000000001,-18.6));
#15193=CARTESIAN_POINT('',(0.999999999999999,9.70000000000001,-18.6));
#15194=CARTESIAN_POINT('',(0.999999999999999,9.70000000000001,-18.6));
#15195=CARTESIAN_POINT('',(0.999999999999999,12.7,-17.7));
#15196=CARTESIAN_POINT('',(1.5,12.7,-17.7));
#15197=CARTESIAN_POINT('',(0.999999999999999,12.7,-17.4));
#15198=CARTESIAN_POINT('',(0.999999999999999,12.7,-18.6));
#15199=CARTESIAN_POINT('',(1.2,12.7,-18.6));
#15200=CARTESIAN_POINT('',(0.999999999999999,12.7,-18.6));
#15201=CARTESIAN_POINT('',(0.999999999999999,12.7,-18.));
#15202=CARTESIAN_POINT('',(1.2,12.7,-18.));
#15203=CARTESIAN_POINT('',(0.999999999999999,12.7,-18.));
#15204=CARTESIAN_POINT('',(0.999999999999999,12.7,-17.7));
#15205=CARTESIAN_POINT('',(-0.500000000000001,10.9999798103155,-17.9));
#15206=CARTESIAN_POINT('',(-0.500000000000001,10.9999798103155,-18.7));
#15207=CARTESIAN_POINT('',(-0.500000000000001,10.9999798103155,5.8));
#15208=CARTESIAN_POINT('',(-0.3,10.9999811128677,-18.9));
#15209=CARTESIAN_POINT('',(-0.300001953839815,11.299981112869,-18.9));
#15210=CARTESIAN_POINT('',(-0.417159241362711,11.2999803498471,-18.9));
#15211=CARTESIAN_POINT('',(-0.500001953835573,11.2999798103091,-18.8171572875254));
#15212=CARTESIAN_POINT('',(-0.500001953835573,11.2999798103091,-18.7));
#15213=CARTESIAN_POINT('',(-0.300001953839815,11.299981112869,-19.0770531560864));
#15214=CARTESIAN_POINT('',(-0.520874578934991,11.2999796743699,-19.0770531560864));
#15215=CARTESIAN_POINT('',(-0.677055109918265,11.2999786571975,-18.9208726250999));
#15216=CARTESIAN_POINT('',(-0.677055109918265,11.2999786571975,-18.7));
#15217=CARTESIAN_POINT('',(-0.300001134630108,11.1741965362729,-19.2016567690759));
#15218=CARTESIAN_POINT('',(-0.593864866292274,11.1741946223973,-19.2016567690759));
#15219=CARTESIAN_POINT('',(-0.801657903695376,11.174193269083,-18.9938637316684));
#15220=CARTESIAN_POINT('',(-0.801657903695376,11.174193269083,-18.7));
#15221=CARTESIAN_POINT('',(-0.299999981569733,10.9971512573446,-19.1999866528992));
#15222=CARTESIAN_POINT('',(-0.592885381826344,10.9971493498407,-19.1999866528992));
#15223=CARTESIAN_POINT('',(-0.799986634458332,10.9971480010318,-18.9928854002628));
#15224=CARTESIAN_POINT('',(-0.799986634458332,10.9971480010318,-18.7));
#15225=CARTESIAN_POINT('',(2.9,11.0000019538335,-18.9));
#15226=CARTESIAN_POINT('',(10.5999729715431,11.0000521022128,-18.9));
#15227=CARTESIAN_POINT('',(2.9,14.,-18.9));
#15228=CARTESIAN_POINT('',(2.9,14.5,-18.9));
#15229=CARTESIAN_POINT('',(2.9,14.2,-18.7));
#15230=CARTESIAN_POINT('',(2.9,14.,-19.2));
#15231=CARTESIAN_POINT('',(2.9,14.2928932188135,-19.2));
#15232=CARTESIAN_POINT('',(2.9,14.5,-18.9928932188135));
#15233=CARTESIAN_POINT('',(2.9,14.5,-18.7));
#15234=CARTESIAN_POINT('',(2.72426406871193,14.,-19.2));
#15235=CARTESIAN_POINT('',(2.72426406871193,14.2928932188135,-19.2));
#15236=CARTESIAN_POINT('',(2.72426406871193,14.5,-18.9928932188135));
#15237=CARTESIAN_POINT('',(2.72426406871193,14.5,-18.7));
#15238=CARTESIAN_POINT('',(2.6,14.,-19.0757359312881));
#15239=CARTESIAN_POINT('',(2.6,14.2201010126777,-19.0757359312881));
#15240=CARTESIAN_POINT('',(2.6,14.3757359312881,-18.9201010126777));
#15241=CARTESIAN_POINT('',(2.6,14.3757359312881,-18.7));
#15242=CARTESIAN_POINT('',(2.6,14.,-18.9));
#15243=CARTESIAN_POINT('',(2.6,14.1171572875254,-18.9));
#15244=CARTESIAN_POINT('',(2.6,14.2,-18.8171572875254));
#15245=CARTESIAN_POINT('',(2.6,14.2,-18.7));
#15246=CARTESIAN_POINT('',(2.9,14.2,-17.9));
#15247=CARTESIAN_POINT('',(2.9,14.2,-18.2));
#15248=CARTESIAN_POINT('',(-0.500000000000001,14.,-17.9));
#15249=CARTESIAN_POINT('',(-0.500000000000001,11.299977856482,-17.9));
#15250=CARTESIAN_POINT('',(-0.3,14.2,-17.9));
#15251=CARTESIAN_POINT('',(-0.3,14.5,-17.9));
#15252=CARTESIAN_POINT('',(-0.592893218813452,14.5,-17.9));
#15253=CARTESIAN_POINT('',(-0.799999999999999,14.2928932188135,-17.9));
#15254=CARTESIAN_POINT('',(-0.799999999999999,14.,-17.9));
#15255=CARTESIAN_POINT('',(-0.3,14.5,-18.0757359312881));
#15256=CARTESIAN_POINT('',(-0.592893218813451,14.5,-18.0757359312881));
#15257=CARTESIAN_POINT('',(-0.799999999999997,14.2928932188134,-18.0757359312881));
#15258=CARTESIAN_POINT('',(-0.799999999999997,14.,-18.0757359312881));
#15259=CARTESIAN_POINT('',(-0.299999999999999,14.3757359312881,-18.2));
#15260=CARTESIAN_POINT('',(-0.520101012677665,14.3757359312881,-18.2));
#15261=CARTESIAN_POINT('',(-0.675735931288068,14.2201010126777,-18.2));
#15262=CARTESIAN_POINT('',(-0.675735931288068,14.,-18.2));
#15263=CARTESIAN_POINT('',(-0.299999999999998,14.2,-18.2));
#15264=CARTESIAN_POINT('',(-0.417157287525378,14.2,-18.2));
#15265=CARTESIAN_POINT('',(-0.499999999999995,14.1171572875254,-18.2));
#15266=CARTESIAN_POINT('',(-0.499999999999995,14.,-18.2));
#15267=CARTESIAN_POINT('',(10.6,14.2,-17.9));
#15268=CARTESIAN_POINT('',(10.6,6.85000000000001,-18.7));
#15269=CARTESIAN_POINT('',(11.35,6.85000000000001,-18.7));
#15270=CARTESIAN_POINT('',(10.6,6.85000000000001,-18.7));
#15271=CARTESIAN_POINT('',(10.6,6.85000000000001,-18.7));
#15272=CARTESIAN_POINT('',(68.2292283979411,-47.029228397941,0.1));
#15273=CARTESIAN_POINT('',(20.2,1.,0.1));
#15274=CARTESIAN_POINT('',(20.2,0.999999999999994,0.0999999999999907));
#15275=CARTESIAN_POINT('',(68.2292283979411,-47.029228397941,0.1));
#15276=CARTESIAN_POINT('',(23.5630465325174,4.36304653251745,-4.65606601717801));
#15277=CARTESIAN_POINT('',(68.2292283979411,-47.029228397941,0.1));
#15278=CARTESIAN_POINT('',(16.9869534674826,15.9130465325175,-4.44393398282188));
#15279=CARTESIAN_POINT('',(20.2,12.7,0.1));
#15280=CARTESIAN_POINT('',(68.2292283979411,60.729228397941,0.1));
#15281=CARTESIAN_POINT('',(68.2292283979411,60.729228397941,0.1));
#15282=CARTESIAN_POINT('',(20.2,12.7,0.100000000000007));
#15283=CARTESIAN_POINT('',(68.2292283979411,60.729228397941,0.1));
#15284=CARTESIAN_POINT('',(-47.0292283979411,-47.029228397941,0.1));
#15285=CARTESIAN_POINT('',(-47.0292283979411,-47.029228397941,0.1));
#15286=CARTESIAN_POINT('',(-47.0292283979411,-47.029228397941,0.1));
#15287=CARTESIAN_POINT('',(-47.0292283979411,60.729228397941,0.1));
#15288=CARTESIAN_POINT('',(-47.0292283979411,60.729228397941,0.1));
#15289=CARTESIAN_POINT('',(-47.0292283979411,60.729228397941,0.1));
#15290=CARTESIAN_POINT('',(9.50353990677281,7.85000000000001,-15.7));
#15291=CARTESIAN_POINT('',(11.0035399067728,7.85000000000001,-17.2));
#15292=CARTESIAN_POINT('',(11.0035399067728,7.85000000000001,-17.2));
#15293=CARTESIAN_POINT('',(11.0035399067728,5.85000000000001,-17.2));
#15294=CARTESIAN_POINT('',(9.50353990677281,5.85000000000001,-15.7));
#15295=CARTESIAN_POINT('',(11.0035399067728,7.85000000000001,-17.2));
#15296=CARTESIAN_POINT('',(8.00353990677281,5.85000000000001,-17.2));
#15297=CARTESIAN_POINT('',(8.00353990677281,5.85000000000001,-17.2));
#15298=CARTESIAN_POINT('',(8.00353990677281,5.85000000000001,-17.2));
#15299=CARTESIAN_POINT('',(8.00353990677281,5.85000000000001,-17.2));
#15300=CARTESIAN_POINT('',(8.00353990677281,5.85000000000001,-17.2));
#15301=CARTESIAN_POINT('',(8.00353990677281,7.85000000000001,-17.2));
#15302=CARTESIAN_POINT('',(8.00353990677281,7.85000000000001,-17.2));
#15303=CARTESIAN_POINT('',(8.00353990677281,5.85000000000001,-17.2));
#15304=CARTESIAN_POINT('',(8.00353990677281,7.85000000000001,-17.2));
#15305=CARTESIAN_POINT('',(8.00353990677281,7.85000000000001,-17.2));
#15306=CARTESIAN_POINT('',(11.0035399067728,7.85000000000001,-17.2));
#15307=CARTESIAN_POINT('',(20.,0.799999999999999,0.));
#15308=CARTESIAN_POINT('',(20.7,1.5,0.));
#15309=CARTESIAN_POINT('',(20.7,1.5,0.));
#15310=CARTESIAN_POINT('',(20.,0.799999999999992,0.));
#15311=CARTESIAN_POINT('',(21.2,1.5,0.));
#15312=CARTESIAN_POINT('',(20.4,9.25000000000001,0.));
#15313=CARTESIAN_POINT('',(20.5,9.25000000000001,0.));
#15314=CARTESIAN_POINT('',(20.5,9.25000000000001,0.));
#15315=CARTESIAN_POINT('',(20.4,9.25000000000001,0.));
#15316=CARTESIAN_POINT('',(20.5,9.85000000000001,0.));
#15317=CARTESIAN_POINT('',(20.5,9.85000000000001,0.));
#15318=CARTESIAN_POINT('',(21.2,9.85000000000001,0.));
#15319=CARTESIAN_POINT('',(21.2,9.85000000000001,0.));
#15320=CARTESIAN_POINT('',(20.4,9.85000000000001,-0.1));
#15321=CARTESIAN_POINT('',(20.4,9.35000000000001,-0.1));
#15322=CARTESIAN_POINT('',(20.4,9.75000000000001,-0.1));
#15323=CARTESIAN_POINT('',(20.4,9.75000000000001,0.));
#15324=CARTESIAN_POINT('',(20.4,9.35000000000001,0.));
#15325=CARTESIAN_POINT('',(20.4,9.85000000000001,0.));
#15326=CARTESIAN_POINT('',(20.5,9.25000000000001,0.));
#15327=CARTESIAN_POINT('',(20.8,8.87500000000001,0.));
#15328=CARTESIAN_POINT('',(20.7,12.2,0.));
#15329=CARTESIAN_POINT('',(20.,12.9,0.));
#15330=CARTESIAN_POINT('',(20.7,12.2,0.));
#15331=CARTESIAN_POINT('',(20.,12.9,0.));
#15332=CARTESIAN_POINT('',(21.2,12.2,0.));
#15333=CARTESIAN_POINT('',(20.5,9.35000000000001,-0.1));
#15334=CARTESIAN_POINT('',(20.5,9.35000000000001,0.));
#15335=CARTESIAN_POINT('',(20.5,9.75000000000001,-0.1));
#15336=CARTESIAN_POINT('',(20.5,8.87500000000001,-0.1));
#15337=CARTESIAN_POINT('',(20.5,9.75000000000001,0.));
#15338=CARTESIAN_POINT('',(19.,1.95000000000001,4.5));
#15339=CARTESIAN_POINT('',(19.,1.95000000000001,4.5));
#15340=CARTESIAN_POINT('',(19.,2.75000000000001,4.5));
#15341=CARTESIAN_POINT('',(18.4,1.95000000000001,4.5));
#15342=CARTESIAN_POINT('',(14.2,1.95000000000001,4.5));
#15343=CARTESIAN_POINT('',(14.2,1.95000000000001,4.5));
#15344=CARTESIAN_POINT('',(14.2,2.75000000000001,4.5));
#15345=CARTESIAN_POINT('',(18.4,2.75000000000001,4.5));
#15346=CARTESIAN_POINT('',(6.45,6.85,4.5));
#15347=CARTESIAN_POINT('',(16.6,2.75,13.8716024917757));
#15348=CARTESIAN_POINT('',(15.9,2.75,13.8716024917757));
#15349=CARTESIAN_POINT('',(19.,2.75000000000001,5.97160249177573));
#15350=CARTESIAN_POINT('',(19.,2.75000000000001,4.67160249177573));
#15351=CARTESIAN_POINT('',(14.2,2.75000000000001,5.97160249177573));
#15352=CARTESIAN_POINT('',(14.2,2.75,4.67160249177573));
#15353=CARTESIAN_POINT('',(14.1,2.75,4.67160249177573));
#15354=CARTESIAN_POINT('',(14.1,2.75,4.67160249177573));
#15355=CARTESIAN_POINT('',(14.2,2.75,5.47160249177573));
#15356=CARTESIAN_POINT('',(14.2,2.75000000000001,5.47160249177573));
#15357=CARTESIAN_POINT('',(14.2,2.75000000000001,5.97160249177573));
#15358=CARTESIAN_POINT('',(14.2,2.75000000000001,5.77160249177573));
#15359=CARTESIAN_POINT('',(14.4,2.75000000000001,5.77160249177573));
#15360=CARTESIAN_POINT('',(14.4,2.75000000000001,5.97160249177573));
#15361=CARTESIAN_POINT('',(15.,2.75000000000001,5.97160249177573));
#15362=CARTESIAN_POINT('',(15.,2.75000000000001,5.97160249177573));
#15363=CARTESIAN_POINT('',(15.,2.75000000000001,7.67160249177573));
#15364=CARTESIAN_POINT('',(15.,2.75000000000001,7.67160249177573));
#15365=CARTESIAN_POINT('',(14.2,2.75000000000001,8.67160249177573));
#15366=CARTESIAN_POINT('',(14.2,2.75000000000001,8.67160249177573));
#15367=CARTESIAN_POINT('',(14.2,2.75000000000001,17.0716024917757));
#15368=CARTESIAN_POINT('',(14.2,2.75000000000001,16.2716024917757));
#15369=CARTESIAN_POINT('',(18.2,2.75000000000001,16.2716024917757));
#15370=CARTESIAN_POINT('',(19.,2.75000000000001,16.2716024917757));
#15371=CARTESIAN_POINT('',(19.,2.75000000000001,17.0716024917757));
#15372=CARTESIAN_POINT('',(19.,2.75000000000001,8.67160249177573));
#15373=CARTESIAN_POINT('',(19.,2.75000000000001,8.67160249177573));
#15374=CARTESIAN_POINT('',(18.2,2.75000000000001,7.67160249177573));
#15375=CARTESIAN_POINT('',(18.2,2.75000000000001,7.67160249177573));
#15376=CARTESIAN_POINT('',(18.2,2.75000000000001,5.97160249177573));
#15377=CARTESIAN_POINT('',(18.2,2.75000000000001,5.97160249177573));
#15378=CARTESIAN_POINT('',(18.8,2.75000000000001,5.97160249177573));
#15379=CARTESIAN_POINT('',(18.8,2.75000000000001,5.77160249177573));
#15380=CARTESIAN_POINT('',(19.,2.75000000000001,5.77160249177573));
#15381=CARTESIAN_POINT('',(19.,2.75000000000001,5.97160249177573));
#15382=CARTESIAN_POINT('',(19.,2.75,5.47160249177573));
#15383=CARTESIAN_POINT('',(19.,2.75,5.47160249177573));
#15384=CARTESIAN_POINT('',(19.1,2.75,4.67160249177573));
#15385=CARTESIAN_POINT('',(19.1,2.75,4.67160249177573));
#15386=CARTESIAN_POINT('',(18.4,2.75000000000001,-1.72839750822426));
#15387=CARTESIAN_POINT('',(16.6,1.95000000000001,13.8716024917757));
#15388=CARTESIAN_POINT('',(15.9,1.95000000000001,13.8716024917757));
#15389=CARTESIAN_POINT('',(19.,1.95000000000001,5.97160249177573));
#15390=CARTESIAN_POINT('',(19.,1.95000000000001,4.67160249177573));
#15391=CARTESIAN_POINT('',(19.1,1.95000000000001,4.67160249177573));
#15392=CARTESIAN_POINT('',(19.1,1.95000000000001,4.67160249177573));
#15393=CARTESIAN_POINT('',(19.,1.95000000000001,5.47160249177573));
#15394=CARTESIAN_POINT('',(19.,1.95000000000001,5.47160249177573));
#15395=CARTESIAN_POINT('',(19.,1.95000000000001,5.97160249177573));
#15396=CARTESIAN_POINT('',(19.,1.95000000000001,5.77160249177573));
#15397=CARTESIAN_POINT('',(18.8,1.95000000000001,5.77160249177573));
#15398=CARTESIAN_POINT('',(18.8,1.95000000000001,5.97160249177573));
#15399=CARTESIAN_POINT('',(18.2,1.95000000000001,5.97160249177573));
#15400=CARTESIAN_POINT('',(18.2,1.95000000000001,5.97160249177573));
#15401=CARTESIAN_POINT('',(18.2,1.95000000000001,7.67160249177573));
#15402=CARTESIAN_POINT('',(18.2,1.95000000000001,7.67160249177573));
#15403=CARTESIAN_POINT('',(19.,1.95000000000001,8.67160249177573));
#15404=CARTESIAN_POINT('',(19.,1.95000000000001,8.67160249177573));
#15405=CARTESIAN_POINT('',(19.,1.95000000000001,17.0716024917757));
#15406=CARTESIAN_POINT('',(19.,1.95000000000001,16.2716024917757));
#15407=CARTESIAN_POINT('',(18.4,1.95000000000001,16.2716024917757));
#15408=CARTESIAN_POINT('',(14.2,1.95000000000001,16.2716024917757));
#15409=CARTESIAN_POINT('',(14.2,1.95000000000001,17.0716024917757));
#15410=CARTESIAN_POINT('',(14.2,1.95000000000001,8.67160249177573));
#15411=CARTESIAN_POINT('',(14.2,1.95000000000001,8.67160249177573));
#15412=CARTESIAN_POINT('',(15.,1.95000000000001,7.67160249177573));
#15413=CARTESIAN_POINT('',(15.,1.95000000000001,7.67160249177573));
#15414=CARTESIAN_POINT('',(15.,1.95000000000001,5.97160249177573));
#15415=CARTESIAN_POINT('',(15.,1.95000000000001,5.97160249177573));
#15416=CARTESIAN_POINT('',(14.4,1.95000000000001,5.97160249177573));
#15417=CARTESIAN_POINT('',(14.4,1.95000000000001,5.77160249177573));
#15418=CARTESIAN_POINT('',(14.2,1.95000000000001,5.77160249177573));
#15419=CARTESIAN_POINT('',(14.2,1.95000000000001,5.97160249177573));
#15420=CARTESIAN_POINT('',(14.2,1.95000000000001,5.47160249177573));
#15421=CARTESIAN_POINT('',(14.2,1.95000000000001,5.47160249177573));
#15422=CARTESIAN_POINT('',(14.1,1.95000000000001,4.67160249177573));
#15423=CARTESIAN_POINT('',(14.1,1.95000000000001,4.67160249177573));
#15424=CARTESIAN_POINT('',(14.2,1.95000000000001,4.67160249177573));
#15425=CARTESIAN_POINT('',(14.2,1.95000000000001,5.97160249177573));
#15426=CARTESIAN_POINT('',(18.4,1.95000000000001,-1.72839750822426));
#15427=CARTESIAN_POINT('',(19.,2.75,4.67160249177573));
#15428=CARTESIAN_POINT('',(19.,1.95000000000001,5.97160249177573));
#15429=CARTESIAN_POINT('',(14.2,2.75,4.67160249177573));
#15430=CARTESIAN_POINT('',(14.2,1.95000000000001,5.97160249177573));
#15431=CARTESIAN_POINT('',(19.,1.95000000000001,5.77160249177573));
#15432=CARTESIAN_POINT('',(19.,2.75,5.47160249177573));
#15433=CARTESIAN_POINT('',(19.,1.95000000000001,5.97160249177573));
#15434=CARTESIAN_POINT('',(18.8,1.95000000000001,5.97160249177573));
#15435=CARTESIAN_POINT('',(18.2,1.95000000000001,5.97160249177573));
#15436=CARTESIAN_POINT('',(18.2,1.95000000000001,5.97160249177573));
#15437=CARTESIAN_POINT('',(18.2,1.95000000000001,7.67160249177573));
#15438=CARTESIAN_POINT('',(18.2,1.95000000000001,7.67160249177573));
#15439=CARTESIAN_POINT('',(19.,1.95000000000001,8.67160249177573));
#15440=CARTESIAN_POINT('',(19.,1.95000000000001,8.67160249177573));
#15441=CARTESIAN_POINT('',(19.,1.95000000000001,16.2716024917757));
#15442=CARTESIAN_POINT('',(19.,1.95000000000001,17.0716024917757));
#15443=CARTESIAN_POINT('',(15.,1.95000000000001,17.0716024917757));
#15444=CARTESIAN_POINT('',(15.,2.55000000000001,17.0716024917757));
#15445=CARTESIAN_POINT('',(15.,2.15000000000001,17.0716024917757));
#15446=CARTESIAN_POINT('',(19.,2.15000000000001,17.0716024917757));
#15447=CARTESIAN_POINT('',(18.2,2.15000000000001,17.0716024917757));
#15448=CARTESIAN_POINT('',(18.2,2.75000000000001,17.0716024917757));
#15449=CARTESIAN_POINT('',(18.2,2.55000000000001,17.0716024917757));
#15450=CARTESIAN_POINT('',(15.,2.55000000000001,17.0716024917757));
#15451=CARTESIAN_POINT('',(19.,1.95000000000001,17.0716024917757));
#15452=CARTESIAN_POINT('',(14.2,1.95000000000001,16.2716024917757));
#15453=CARTESIAN_POINT('',(14.2,1.95000000000001,8.67160249177573));
#15454=CARTESIAN_POINT('',(14.2,1.95000000000001,17.0716024917757));
#15455=CARTESIAN_POINT('',(15.,1.95000000000001,7.67160249177573));
#15456=CARTESIAN_POINT('',(14.2,1.95000000000001,8.67160249177573));
#15457=CARTESIAN_POINT('',(15.,1.95000000000001,5.97160249177573));
#15458=CARTESIAN_POINT('',(15.,1.95000000000001,7.67160249177573));
#15459=CARTESIAN_POINT('',(14.4,1.95000000000001,5.97160249177573));
#15460=CARTESIAN_POINT('',(15.,1.95000000000001,5.97160249177573));
#15461=CARTESIAN_POINT('',(14.2,1.95000000000001,5.77160249177573));
#15462=CARTESIAN_POINT('',(14.2,2.75,5.47160249177573));
#15463=CARTESIAN_POINT('',(14.2,1.95000000000001,5.97160249177573));
#15464=CARTESIAN_POINT('',(16.6,2.75,13.8716024917757));
#15465=CARTESIAN_POINT('',(14.1,2.75,4.67160249177573));
#15466=CARTESIAN_POINT('',(14.1,2.75,4.67160249177573));
#15467=CARTESIAN_POINT('',(14.2,2.75,5.47160249177573));
#15468=CARTESIAN_POINT('',(19.1,2.75,4.67160249177573));
#15469=CARTESIAN_POINT('',(19.1,2.75,4.67160249177573));
#15470=CARTESIAN_POINT('',(19.,2.75,5.47160249177573));
#15471=CARTESIAN_POINT('',(14.2,1.95000000000001,16.2716024917757));
#15472=CARTESIAN_POINT('',(14.2969696969697,2.72575757575758,16.3685721887454));
#15473=CARTESIAN_POINT('',(14.2,1.95000000000001,16.2716024917757));
#15474=CARTESIAN_POINT('',(18.2242424242424,2.1439393939394,17.0473600675333));
#15475=CARTESIAN_POINT('',(18.1272727272727,2.53181818181819,17.144329764503));
#15476=CARTESIAN_POINT('',(18.2,1.95000000000001,17.0716024917757));
#15477=CARTESIAN_POINT('',(19.,2.55000000000001,17.0716024917757));
#15478=CARTESIAN_POINT('',(18.4,1.95000000000001,16.2716024917757));
#15479=CARTESIAN_POINT('',(14.4,1.95000000000001,5.77160249177573));
#15480=CARTESIAN_POINT('',(18.8,1.95000000000001,5.77160249177573));
#15481=(
GEOMETRIC_REPRESENTATION_CONTEXT(3)
GLOBAL_UNCERTAINTY_ASSIGNED_CONTEXT((#15482))
GLOBAL_UNIT_ASSIGNED_CONTEXT((#15488,#15484,#15483))
REPRESENTATION_CONTEXT('HFV6_1__stp','TOP_LEVEL_ASSEMBLY_PART')
);
#15482=UNCERTAINTY_MEASURE_WITH_UNIT(LENGTH_MEASURE(0.0508),#15488,
'DISTANCE_ACCURACY_VALUE','Maximum Tolerance applied to model');
#15483=(
NAMED_UNIT(*)
SI_UNIT($,.STERADIAN.)
SOLID_ANGLE_UNIT()
);
#15484=(
CONVERSION_BASED_UNIT('DEGREE',#15486)
NAMED_UNIT(#15485)
PLANE_ANGLE_UNIT()
);
#15485=DIMENSIONAL_EXPONENTS(0.,0.,0.,0.,0.,0.,0.);
#15486=PLANE_ANGLE_MEASURE_WITH_UNIT(PLANE_ANGLE_MEASURE(0.0174532925),
#15487);
#15487=(
NAMED_UNIT(*)
PLANE_ANGLE_UNIT()
SI_UNIT($,.RADIAN.)
);
#15488=(
LENGTH_UNIT()
NAMED_UNIT(*)
SI_UNIT(.MILLI.,.METRE.)
);
ENDSEC;
END-ISO-10303-21;
