ISO-10303-21;
HEADER;
FILE_DESCRIPTION (( 'STEP AP214' ),
    '1' );
FILE_NAME ('零件4.STEP',
    '2021-07-09T07:15:01',
    ( '' ),
    ( '' ),
    'SwSTEP 2.0',
    'SolidWorks 2017',
    '' );
FILE_SCHEMA (( 'AUTOMOTIVE_DESIGN' ));
ENDSEC;

DATA;
#1 = DIRECTION ( 'NONE',  ( 0.0000000000000000000, 0.0000000000000000000, 1.000000000000000000 ) ) ;
#2 = EDGE_CURVE ( 'NONE', #1111, #1257, #1913, .T. ) ;
#3 = ORIENTED_EDGE ( 'NONE', *, *, #4524, .T. ) ;
#4 = ORIENTED_EDGE ( 'NONE', *, *, #468, .T. ) ;
#5 = EDGE_LOOP ( 'NONE', ( #4526, #4921, #9701, #9806 ) ) ;
#6 = CARTESIAN_POINT ( 'NONE',  ( 5.850392180554097300, 0.5096826248458024000, 0.1000000000000000100 ) ) ;
#7 = DIRECTION ( 'NONE',  ( -0.0000000000000000000, -0.0000000000000000000, -1.000000000000000000 ) ) ;
#8 = LINE ( 'NONE', #4383, #4336 ) ;
#9 = AXIS2_PLACEMENT_3D ( 'NONE', #8467, #3597, #9296 ) ;
#10 = DIRECTION ( 'NONE',  ( -0.0000000000000000000, -0.0000000000000000000, -1.000000000000000000 ) ) ;
#11 = ORIENTED_EDGE ( 'NONE', *, *, #9951, .T. ) ;
#12 = LINE ( 'NONE', #6215, #4340 ) ;
#13 = CARTESIAN_POINT ( 'NONE',  ( 5.664169081836867300, 0.01968262484601956300, 0.1000000000000000100 ) ) ;
#14 = DIRECTION ( 'NONE',  ( 0.0000000000000000000, 0.0000000000000000000, 1.000000000000000000 ) ) ;
#15 = DIRECTION ( 'NONE',  ( -0.0000000000000000000, -0.0000000000000000000, -1.000000000000000000 ) ) ;
#16 = ORIENTED_EDGE ( 'NONE', *, *, #10091, .T. ) ;
#17 = CARTESIAN_POINT ( 'NONE',  ( 4.879675921659395700, 0.3846826248462763000, -0.1000000000000000100 ) ) ;
#18 = EDGE_CURVE ( 'NONE', #3179, #8827, #6208, .T. ) ;
#19 = EDGE_CURVE ( 'NONE', #2888, #486, #8134, .T. ) ;
#20 = EDGE_LOOP ( 'NONE', ( #8028, #9814, #4828, #8899 ) ) ;
#21 = FACE_OUTER_BOUND ( 'NONE', #8546, .T. ) ;
#22 = CARTESIAN_POINT ( 'NONE',  ( 4.954675921659327500, 0.3846826248461626700, -0.1000000000000000100 ) ) ;
#23 = CARTESIAN_POINT ( 'NONE',  ( 5.829675921660304500, 0.7846826248455151000, -0.1000000000000000100 ) ) ;
#24 = ORIENTED_EDGE ( 'NONE', *, *, #482, .T. ) ;
#25 = DIRECTION ( 'NONE',  ( 0.0000000000000000000, -1.000000000000000000, 0.0000000000000000000 ) ) ;
#26 = VECTOR ( 'NONE', #4933, 1000.000000000000000 ) ;
#27 = CARTESIAN_POINT ( 'NONE',  ( 4.879675921658599900, 0.2096826248464360200, 0.0000000000000000000 ) ) ;
#28 = DIRECTION ( 'NONE',  ( 0.0000000000000000000, 0.0000000000000000000, 1.000000000000000000 ) ) ;
#29 = ORIENTED_EDGE ( 'NONE', *, *, #1154, .T. ) ;
#30 = ORIENTED_EDGE ( 'NONE', *, *, #5973, .F. ) ;
#31 = ORIENTED_EDGE ( 'NONE', *, *, #4579, .F. ) ;
#32 = CIRCLE ( 'NONE', #9265, 0.07500000000021551900 ) ;
#33 = CARTESIAN_POINT ( 'NONE',  ( 5.040567649154480600, 0.09968262484573889300, 0.1000000000000000100 ) ) ;
#34 = VECTOR ( 'NONE', #7332, 1000.000000000000100 ) ;
#35 = CARTESIAN_POINT ( 'NONE',  ( 4.754675921659555500, 1.009682624845826200, 0.1000000000000000100 ) ) ;
#36 = CARTESIAN_POINT ( 'NONE',  ( 5.014431958356886400, 0.09230803588812726300, 0.0000000000000000000 ) ) ;
#37 = VECTOR ( 'NONE', #4163, 1000.000000000000000 ) ;
#38 = VERTEX_POINT ( 'NONE', #7039 ) ;
#39 = DIRECTION ( 'NONE',  ( -1.000000000000000000, 0.0000000000000000000, 0.0000000000000000000 ) ) ;
#40 = PRESENTATION_LAYER_ASSIGNMENT (  '', '', ( #10081 ) ) ;
#41 = ORIENTED_EDGE ( 'NONE', *, *, #1570, .T. ) ;
#42 = CIRCLE ( 'NONE', #732, 0.08000000000000021000 ) ;
#43 = CARTESIAN_POINT ( 'NONE',  ( 4.754675921659438300, 1.159682624845901600, 0.1000000000000000100 ) ) ;
#44 = LINE ( 'NONE', #5940, #6530 ) ;
#45 = CARTESIAN_POINT ( 'NONE',  ( 6.004675921659058200, -0.2903173751547012400, 0.1000000000000000100 ) ) ;
#46 = EDGE_CURVE ( 'NONE', #3523, #1412, #4061, .T. ) ;
#47 = CARTESIAN_POINT ( 'NONE',  ( 6.104675921659724800, 0.7096826248452988700, -0.1000000000000000100 ) ) ;
#48 = CARTESIAN_POINT ( 'NONE',  ( 5.331678376745405700, -0.09620668375610630400, 0.1000000000000000100 ) ) ;
#49 = VECTOR ( 'NONE', #8370, 1000.000000000000000 ) ;
#50 = CARTESIAN_POINT ( 'NONE',  ( 6.104675921659724800, -0.04031737515492882200, -0.1000000000000000100 ) ) ;
#51 = ORIENTED_EDGE ( 'NONE', *, *, #1800, .F. ) ;
#52 = LINE ( 'NONE', #2988, #1976 ) ;
#53 = ADVANCED_FACE ( 'NONE', ( #10061 ), #1399, .F. ) ;
#54 = CARTESIAN_POINT ( 'NONE',  ( 6.004675921659058200, 1.459682624846193600, 0.1000000000000000100 ) ) ;
#55 = DIRECTION ( 'NONE',  ( -1.000000000000000000, 0.0000000000000000000, 0.0000000000000000000 ) ) ;
#56 = DIRECTION ( 'NONE',  ( -0.0000000000000000000, -1.000000000000000000, -0.0000000000000000000 ) ) ;
#57 = VECTOR ( 'NONE', #9363, 1000.000000000000000 ) ;
#58 = ORIENTED_EDGE ( 'NONE', *, *, #4967, .F. ) ;
#59 = VECTOR ( 'NONE', #8947, 1000.000000000000000 ) ;
#60 = EDGE_CURVE ( 'NONE', #2042, #9187, #3554, .T. ) ;
#61 = EDGE_CURVE ( 'NONE', #2510, #6345, #5697, .T. ) ;
#62 = DIRECTION ( 'NONE',  ( 1.000000000000000000, 0.0000000000000000000, 0.0000000000000000000 ) ) ;
#63 = CARTESIAN_POINT ( 'NONE',  ( 6.004675921659058200, 1.459682624846193600, 0.1000000000000000100 ) ) ;
#64 = FACE_OUTER_BOUND ( 'NONE', #9642, .T. ) ;
#65 = DIRECTION ( 'NONE',  ( 0.0000000000000000000, 0.0000000000000000000, 1.000000000000000000 ) ) ;
#66 = ORIENTED_EDGE ( 'NONE', *, *, #9495, .T. ) ;
#67 = AXIS2_PLACEMENT_3D ( 'NONE', #2162, #7832, #2974 ) ;
#68 = LINE ( 'NONE', #9096, #4141 ) ;
#69 = CARTESIAN_POINT ( 'NONE',  ( 5.829675921660816900, 0.2096826248452990100, -0.1000000000000000100 ) ) ;
#70 = LINE ( 'NONE', #6805, #4142 ) ;
#71 = ORIENTED_EDGE ( 'NONE', *, *, #8500, .F. ) ;
#72 = CARTESIAN_POINT ( 'NONE',  ( 4.604675921659691100, -0.04031737515379171100, 0.1000000000000000500 ) ) ;
#73 = CARTESIAN_POINT ( 'NONE',  ( 4.604675921659691100, 0.7096826248464361800, 0.1000000000000000500 ) ) ;
#74 = EDGE_CURVE ( 'NONE', #10215, #6481, #7868, .T. ) ;
#75 = EDGE_CURVE ( 'NONE', #9190, #5346, #5440, .T. ) ;
#76 = DIRECTION ( 'NONE',  ( 1.000000000000000000, 0.0000000000000000000, 0.0000000000000000000 ) ) ;
#77 = ORIENTED_EDGE ( 'NONE', *, *, #9507, .T. ) ;
#78 = VECTOR ( 'NONE', #2976, 1000.000000000000000 ) ;
#79 = CARTESIAN_POINT ( 'NONE',  ( 5.154675921659472400, 0.6496826248457289200, 0.0000000000000000000 ) ) ;
#80 = LINE ( 'NONE', #2059, #2267 ) ;
#81 =( NAMED_UNIT ( * ) SI_UNIT ( $, .STERADIAN. ) SOLID_ANGLE_UNIT ( ) );
#82 = ORIENTED_EDGE ( 'NONE', *, *, #6045, .F. ) ;
#83 = CARTESIAN_POINT ( 'NONE',  ( 5.054675921659471000, 0.2496826248458502400, 0.1000000000000000100 ) ) ;
#84 = ORIENTED_EDGE ( 'NONE', *, *, #2218, .T. ) ;
#85 = DIRECTION ( 'NONE',  ( 1.000000000000000000, 0.0000000000000000000, 0.0000000000000000000 ) ) ;
#86 = DIRECTION ( 'NONE',  ( -0.7164239184887111200, 0.6976652270374957800, -0.0000000000000000000 ) ) ;
#87 = AXIS2_PLACEMENT_3D ( 'NONE', #8376, #2660, #2934 ) ;
#88 = LINE ( 'NONE', #2174, #8237 ) ;
#89 = DIRECTION ( 'NONE',  ( 0.0000000000000000000, 0.0000000000000000000, 1.000000000000000000 ) ) ;
#90 = DIRECTION ( 'NONE',  ( 0.0000000000000000000, 1.000000000000000000, -0.0000000000000000000 ) ) ;
#91 = ORIENTED_EDGE ( 'NONE', *, *, #947, .T. ) ;
#92 = EDGE_CURVE ( 'NONE', #7765, #2630, #9811, .T. ) ;
#93 = VERTEX_POINT ( 'NONE', #3160 ) ;
#94 = EDGE_LOOP ( 'NONE', ( #306, #934, #3842, #4472, #4846, #10034 ) ) ;
#95 = EDGE_LOOP ( 'NONE', ( #9488, #8847, #8891, #8008 ) ) ;
#96 = CARTESIAN_POINT ( 'NONE',  ( 6.104675921659724800, -0.4153173751542453800, 0.7499999999999998900 ) ) ;
#97 = LINE ( 'NONE', #2553, #2285 ) ;
#98 = CARTESIAN_POINT ( 'NONE',  ( 5.004675921659327300, 1.209682624845298500, -0.1000000000000000100 ) ) ;
#99 = CARTESIAN_POINT ( 'NONE',  ( 4.855129844622552100, 1.357019186297195400, 0.7449999999999998800 ) ) ;
#100 = ADVANCED_FACE ( 'NONE', ( #5181 ), #875, .T. ) ;
#101 = FACE_OUTER_BOUND ( 'NONE', #8496, .T. ) ;
#102 = DIRECTION ( 'NONE',  ( -0.0000000000000000000, -0.0000000000000000000, -1.000000000000000000 ) ) ;
#103 = EDGE_LOOP ( 'NONE', ( #5478, #6637, #8193, #3457 ) ) ;
#104 = VERTEX_POINT ( 'NONE', #10497 ) ;
#105 = ORIENTED_EDGE ( 'NONE', *, *, #7934, .T. ) ;
#106 = EDGE_CURVE ( 'NONE', #3096, #4097, #7362, .T. ) ;
#107 = CARTESIAN_POINT ( 'NONE',  ( 4.704675921660040700, 1.209682624845298500, 0.0000000000000000000 ) ) ;
#108 = AXIS2_PLACEMENT_3D ( 'NONE', #6084, #6905, #2070 ) ;
#109 = EDGE_CURVE ( 'NONE', #9950, #3014, #3048, .T. ) ;
#110 = CARTESIAN_POINT ( 'NONE',  ( 5.606983613967200200, 0.8346826248458012500, 0.1000000000000000100 ) ) ;
#111 = CARTESIAN_POINT ( 'NONE',  ( 5.054675921659471000, 0.6996826248457589400, 0.0000000000000000000 ) ) ;
#112 = CARTESIAN_POINT ( 'NONE',  ( 5.054675921659471000, 0.2496826248458502400, 0.1000000000000000100 ) ) ;
#113 = VECTOR ( 'NONE', #1247, 1000.000000000000000 ) ;
#114 = LINE ( 'NONE', #2270, #6835 ) ;
#115 = AXIS2_PLACEMENT_3D ( 'NONE', #271, #5189, #344 ) ;
#116 = ORIENTED_EDGE ( 'NONE', *, *, #251, .F. ) ;
#117 = DIRECTION ( 'NONE',  ( 0.9625661542539215600, 0.2710468569912137800, -0.0000000000000000000 ) ) ;
#118 = VERTEX_POINT ( 'NONE', #9718 ) ;
#119 = EDGE_LOOP ( 'NONE', ( #8043, #9607, #2577, #4160, #7869, #4188, #253, #3711, #9630, #3640, #8112, #8797, #2419, #5099, #8831, #8174, #7471, #629 ) ) ;
#120 = PLANE ( 'NONE',  #4388 ) ;
#121 = DIRECTION ( 'NONE',  ( -0.0000000000000000000, -0.0000000000000000000, -1.000000000000000000 ) ) ;
#122 = CARTESIAN_POINT ( 'NONE',  ( 5.829675921659729800, 0.6596826248457794400, 0.1000000000000000100 ) ) ;
#123 = VECTOR ( 'NONE', #4749, 1000.000000000000000 ) ;
#124 = CIRCLE ( 'NONE', #5957, 0.04999999999999883000 ) ;
#125 = ORIENTED_EDGE ( 'NONE', *, *, #2143, .T. ) ;
#126 = DIRECTION ( 'NONE',  ( 0.5052931799762572200, 0.8629477401728807800, -0.0000000000000000000 ) ) ;
#127 = FACE_OUTER_BOUND ( 'NONE', #3331, .T. ) ;
#128 = EDGE_LOOP ( 'NONE', ( #5379, #4747, #8490, #10188 ) ) ;
#129 = ORIENTED_EDGE ( 'NONE', *, *, #9521, .F. ) ;
#130 = VERTEX_POINT ( 'NONE', #4769 ) ;
#131 = ORIENTED_EDGE ( 'NONE', *, *, #3783, .T. ) ;
#132 = CARTESIAN_POINT ( 'NONE',  ( 6.104675921659724800, 1.209682624846421200, 0.1000000000000000100 ) ) ;
#133 = EDGE_CURVE ( 'NONE', #2510, #5339, #4934, .T. ) ;
#134 = AXIS2_PLACEMENT_3D ( 'NONE', #2732, #4335, #10052 ) ;
#135 = EDGE_CURVE ( 'NONE', #5176, #598, #3307, .T. ) ;
#136 = DIRECTION ( 'NONE',  ( 0.0000000000000000000, 0.0000000000000000000, 1.000000000000000000 ) ) ;
#137 = LINE ( 'NONE', #3869, #6099 ) ;
#138 = VERTEX_POINT ( 'NONE', #1604 ) ;
#139 = LINE ( 'NONE', #7827, #2833 ) ;
#140 = ORIENTED_EDGE ( 'NONE', *, *, #4146, .F. ) ;
#141 = ORIENTED_EDGE ( 'NONE', *, *, #6043, .F. ) ;
#142 = VERTEX_POINT ( 'NONE', #8888 ) ;
#143 = ORIENTED_EDGE ( 'NONE', *, *, #5770, .F. ) ;
#144 = EDGE_LOOP ( 'NONE', ( #4948, #8423, #8079, #4023, #4409, #773 ) ) ;
#145 = DIRECTION ( 'NONE',  ( 1.000000000000000000, 0.0000000000000000000, 0.0000000000000000000 ) ) ;
#146 = ORIENTED_EDGE ( 'NONE', *, *, #2109, .T. ) ;
#147 = DIRECTION ( 'NONE',  ( -0.0000000000000000000, -0.0000000000000000000, -1.000000000000000000 ) ) ;
#148 = VECTOR ( 'NONE', #703, 1000.000000000000000 ) ;
#149 = EDGE_CURVE ( 'NONE', #2581, #232, #628, .T. ) ;
#150 = PLANE ( 'NONE',  #2075 ) ;
#151 = ORIENTED_EDGE ( 'NONE', *, *, #2399, .F. ) ;
#152 = SURFACE_STYLE_USAGE ( .BOTH. , #5017 ) ;
#153 = LINE ( 'NONE', #5217, #4478 ) ;
#154 = VECTOR ( 'NONE', #6055, 1000.000000000000000 ) ;
#155 = CARTESIAN_POINT ( 'NONE',  ( 4.704675921660040700, 1.209682624845298500, 0.1000000000000000100 ) ) ;
#156 = CARTESIAN_POINT ( 'NONE',  ( 5.659509715401691600, 0.6146826248458012700, 0.1000000000000000100 ) ) ;
#157 = ORIENTED_EDGE ( 'NONE', *, *, #5321, .F. ) ;
#158 = AXIS2_PLACEMENT_3D ( 'NONE', #3506, #9202, #4304 ) ;
#159 = ORIENTED_EDGE ( 'NONE', *, *, #3153, .F. ) ;
#160 = EDGE_LOOP ( 'NONE', ( #8915, #1755, #6457, #404 ) ) ;
#161 = LINE ( 'NONE', #8273, #8578 ) ;
#162 = DIRECTION ( 'NONE',  ( 9.540979117872226000E-015, 1.000000000000000000, 0.0000000000000000000 ) ) ;
#163 = CYLINDRICAL_SURFACE ( 'NONE', #4772, 0.07500000000000214800 ) ;
#164 = EDGE_CURVE ( 'NONE', #10176, #7542, #1144, .T. ) ;
#165 = FACE_OUTER_BOUND ( 'NONE', #5900, .T. ) ;
#166 = EDGE_CURVE ( 'NONE', #7881, #5578, #4679, .T. ) ;
#167 = ORIENTED_EDGE ( 'NONE', *, *, #6406, .F. ) ;
#168 = ADVANCED_FACE ( 'NONE', ( #2537 ), #7305, .F. ) ;
#169 = DIRECTION ( 'NONE',  ( 1.000000000000000000, 0.0000000000000000000, 0.0000000000000000000 ) ) ;
#170 = VERTEX_POINT ( 'NONE', #1642 ) ;
#171 = FACE_OUTER_BOUND ( 'NONE', #3349, .T. ) ;
#172 = DIRECTION ( 'NONE',  ( -1.000000000000000000, 0.0000000000000000000, 0.0000000000000000000 ) ) ;
#173 = CARTESIAN_POINT ( 'NONE',  ( 5.954675921659633900, 0.6596826248457791100, 0.1000000000000000100 ) ) ;
#174 = FACE_OUTER_BOUND ( 'NONE', #7129, .T. ) ;
#175 = ORIENTED_EDGE ( 'NONE', *, *, #6935, .F. ) ;
#176 = AXIS2_PLACEMENT_3D ( 'NONE', #7349, #6053, #10317 ) ;
#177 = VERTEX_POINT ( 'NONE', #9789 ) ;
#178 = LINE ( 'NONE', #4688, #2103 ) ;
#179 = DIRECTION ( 'NONE',  ( -0.0000000000000000000, -0.0000000000000000000, -1.000000000000000000 ) ) ;
#180 = CARTESIAN_POINT ( 'NONE',  ( 5.829675921660304500, -0.2153173751544850400, -0.1000000000000000100 ) ) ;
#181 = FACE_OUTER_BOUND ( 'NONE', #95, .T. ) ;
#182 = CARTESIAN_POINT ( 'NONE',  ( 6.104675921659724800, 0.7096826248452986500, -0.1000000000000000100 ) ) ;
#183 = DIRECTION ( 'NONE',  ( -1.000000000000000000, 2.408418309332321600E-015, -0.0000000000000000000 ) ) ;
#184 = DIRECTION ( 'NONE',  ( 1.000000000000000000, 0.0000000000000000000, 0.0000000000000000000 ) ) ;
#185 = ORIENTED_EDGE ( 'NONE', *, *, #715, .F. ) ;
#186 = CARTESIAN_POINT ( 'NONE',  ( 6.004675921660304300, 1.209682624846421200, 0.1000000000000000100 ) ) ;
#187 = CARTESIAN_POINT ( 'NONE',  ( 4.954675921659530900, -0.3153173751544004500, 0.1000000000000000100 ) ) ;
#188 = VECTOR ( 'NONE', #5490, 1000.000000000000000 ) ;
#189 = VERTEX_POINT ( 'NONE', #4848 ) ;
#190 = FACE_OUTER_BOUND ( 'NONE', #6604, .T. ) ;
#191 = DIRECTION ( 'NONE',  ( -0.7071067811865460200, -0.7071067811865489100, 0.0000000000000000000 ) ) ;
#192 = CARTESIAN_POINT ( 'NONE',  ( 5.489675921659711300, 1.034682624845928400, 0.1000000000000000100 ) ) ;
#193 = DIRECTION ( 'NONE',  ( 0.0000000000000000000, 0.0000000000000000000, 1.000000000000000000 ) ) ;
#194 = CARTESIAN_POINT ( 'NONE',  ( 5.054675921659471900, 0.4496826248457602700, 0.1000000000000000100 ) ) ;
#195 = EDGE_CURVE ( 'NONE', #1055, #10502, #9031, .T. ) ;
#196 = ORIENTED_EDGE ( 'NONE', *, *, #2776, .F. ) ;
#197 = FACE_OUTER_BOUND ( 'NONE', #6720, .T. ) ;
#198 = AXIS2_PLACEMENT_3D ( 'NONE', #1479, #7136, #2291 ) ;
#199 = ORIENTED_EDGE ( 'NONE', *, *, #10131, .T. ) ;
#200 = PLANE ( 'NONE',  #7286 ) ;
#201 = LINE ( 'NONE', #5282, #8353 ) ;
#202 = ORIENTED_EDGE ( 'NONE', *, *, #843, .F. ) ;
#203 = CARTESIAN_POINT ( 'NONE',  ( 4.954675921659530000, 1.484682624845893300, 0.0000000000000000000 ) ) ;
#204 = ADVANCED_FACE ( 'NONE', ( #101 ), #6330, .F. ) ;
#205 = CARTESIAN_POINT ( 'NONE',  ( 6.004675921659153200, 0.7096826248452987600, 0.1000000000000000100 ) ) ;
#206 = VERTEX_POINT ( 'NONE', #2484 ) ;
#207 = EDGE_CURVE ( 'NONE', #3940, #7470, #8514, .T. ) ;
#208 = FACE_OUTER_BOUND ( 'NONE', #1634, .T. ) ;
#209 = EDGE_CURVE ( 'NONE', #4879, #6820, #4427, .T. ) ;
#210 = CIRCLE ( 'NONE', #9839, 0.07499999999993189900 ) ;
#211 = VERTEX_POINT ( 'NONE', #43 ) ;
#212 = DIRECTION ( 'NONE',  ( 0.0000000000000000000, 0.0000000000000000000, 1.000000000000000000 ) ) ;
#213 = CARTESIAN_POINT ( 'NONE',  ( 5.558906690890459900, 1.034682624845926400, 0.0000000000000000000 ) ) ;
#214 = ADVANCED_FACE ( 'NONE', ( #8249 ), #3926, .T. ) ;
#215 = PRODUCT_DEFINITION_CONTEXT ( 'detailed design', #6321, 'design' ) ;
#216 = CARTESIAN_POINT ( 'NONE',  ( 5.104675921659470800, 0.3996826248457591200, 0.0000000000000000000 ) ) ;
#217 = AXIS2_PLACEMENT_3D ( 'NONE', #9704, #759, #6434 ) ;
#218 = CARTESIAN_POINT ( 'NONE',  ( 5.219675921659555400, 0.9846826248460804900, 0.1000000000000000100 ) ) ;
#219 = CARTESIAN_POINT ( 'NONE',  ( 5.829675921660020200, 0.3846826248451393200, -0.1000000000000000100 ) ) ;
#220 = VECTOR ( 'NONE', #1783, 1000.000000000000000 ) ;
#221 = ORIENTED_EDGE ( 'NONE', *, *, #8623, .F. ) ;
#222 = EDGE_CURVE ( 'NONE', #4844, #6227, #6067, .T. ) ;
#223 = EDGE_CURVE ( 'NONE', #2707, #6535, #2028, .T. ) ;
#224 = DIRECTION ( 'NONE',  ( -1.182766006352519600E-015, -1.000000000000000000, 0.0000000000000000000 ) ) ;
#225 = CARTESIAN_POINT ( 'NONE',  ( 5.354675921659711500, 0.2446826248459104400, 0.1000000000000000100 ) ) ;
#226 = CARTESIAN_POINT ( 'NONE',  ( 5.304675921659710800, 0.6646826248458013200, 0.0000000000000000000 ) ) ;
#227 = DIRECTION ( 'NONE',  ( 0.7071067811865505700, 0.7071067811865444600, -0.0000000000000000000 ) ) ;
#228 = DIRECTION ( 'NONE',  ( 0.0000000000000000000, 0.0000000000000000000, 1.000000000000000000 ) ) ;
#229 = VECTOR ( 'NONE', #5101, 1000.000000000000000 ) ;
#230 = VERTEX_POINT ( 'NONE', #9858 ) ;
#231 = DIRECTION ( 'NONE',  ( 1.000000000000000000, 0.0000000000000000000, 0.0000000000000000000 ) ) ;
#232 = VERTEX_POINT ( 'NONE', #73 ) ;
#233 = ORIENTED_EDGE ( 'NONE', *, *, #1112, .F. ) ;
#234 = CARTESIAN_POINT ( 'NONE',  ( 5.829675921660816900, -0.2903173751547010200, 0.0000000000000000000 ) ) ;
#235 = AXIS2_PLACEMENT_3D ( 'NONE', #4240, #5718, #1978 ) ;
#236 = DIRECTION ( 'NONE',  ( -0.0000000000000000000, -0.0000000000000000000, -1.000000000000000000 ) ) ;
#237 = DIRECTION ( 'NONE',  ( -1.000000000000000000, 3.942553354495353700E-016, -0.0000000000000000000 ) ) ;
#238 = FACE_OUTER_BOUND ( 'NONE', #5635, .T. ) ;
#239 = ORIENTED_EDGE ( 'NONE', *, *, #9023, .F. ) ;
#240 = PLANE ( 'NONE',  #2046 ) ;
#241 = CARTESIAN_POINT ( 'NONE',  ( 5.829675921660816900, -0.2903173751547010200, 0.0000000000000000000 ) ) ;
#242 = VERTEX_POINT ( 'NONE', #2512 ) ;
#243 = ORIENTED_EDGE ( 'NONE', *, *, #9983, .F. ) ;
#244 = ORIENTED_EDGE ( 'NONE', *, *, #4871, .T. ) ;
#245 = AXIS2_PLACEMENT_3D ( 'NONE', #9254, #5164, #315 ) ;
#246 = LINE ( 'NONE', #7663, #6475 ) ;
#247 = CARTESIAN_POINT ( 'NONE',  ( 6.004675921659153200, 0.7096826248452987600, 0.0000000000000000000 ) ) ;
#248 = DIRECTION ( 'NONE',  ( 1.000000000000000000, 0.0000000000000000000, -0.0000000000000000000 ) ) ;
#249 = VECTOR ( 'NONE', #89, 1000.000000000000000 ) ;
#250 = ORIENTED_EDGE ( 'NONE', *, *, #2131, .F. ) ;
#251 = EDGE_CURVE ( 'NONE', #7147, #3834, #10437, .T. ) ;
#252 = VERTEX_POINT ( 'NONE', #5761 ) ;
#253 = ORIENTED_EDGE ( 'NONE', *, *, #7692, .T. ) ;
#254 = CARTESIAN_POINT ( 'NONE',  ( 4.879675921659395700, -0.1153173751537237000, -0.1000000000000000100 ) ) ;
#255 = CARTESIAN_POINT ( 'NONE',  ( 4.604675921659691100, 0.2096826248464359900, -0.1000000000000000100 ) ) ;
#256 = ADVANCED_FACE ( 'NONE', ( #5811 ), #8224, .F. ) ;
#257 = CARTESIAN_POINT ( 'NONE',  ( 4.704675921658918000, 0.7096826248464361800, 0.0000000000000000000 ) ) ;
#258 = PRESENTATION_LAYER_ASSIGNMENT (  '', '', ( #1365 ) ) ;
#259 = DIRECTION ( 'NONE',  ( -0.7071067811865409100, 0.7071067811865542300, 0.0000000000000000000 ) ) ;
#260 = COLOUR_RGB ( '',0.7921568627450980000, 0.8196078431372548800, 0.9333333333333333500 ) ;
#261 = DIRECTION ( 'NONE',  ( -0.7071067811865474600, 0.7071067811865474600, 0.0000000000000000000 ) ) ;
#262 = VERTEX_POINT ( 'NONE', #2546 ) ;
#263 = DIRECTION ( 'NONE',  ( 0.0000000000000000000, 1.000000000000000000, 0.0000000000000000000 ) ) ;
#264 = ORIENTED_EDGE ( 'NONE', *, *, #9804, .T. ) ;
#265 = ORIENTED_EDGE ( 'NONE', *, *, #4119, .F. ) ;
#266 = ORIENTED_EDGE ( 'NONE', *, *, #2222, .F. ) ;
#267 = ORIENTED_EDGE ( 'NONE', *, *, #2962, .T. ) ;
#268 = DIRECTION ( 'NONE',  ( -0.0000000000000000000, -0.0000000000000000000, -1.000000000000000000 ) ) ;
#269 = ADVANCED_FACE ( 'NONE', ( #9924 ), #9883, .T. ) ;
#270 = VECTOR ( 'NONE', #3579, 1000.000000000000000 ) ;
#271 = CARTESIAN_POINT ( 'NONE',  ( 4.954675921659327500, 0.3846826248461626700, -0.1000000000000000100 ) ) ;
#272 = DIRECTION ( 'NONE',  ( 1.000000000000000000, 0.0000000000000000000, 0.0000000000000000000 ) ) ;
#273 = ORIENTED_EDGE ( 'NONE', *, *, #2084, .F. ) ;
#274 = CARTESIAN_POINT ( 'NONE',  ( 5.054675921659471000, 0.2496826248458502400, 0.1000000000000000100 ) ) ;
#275 = EDGE_CURVE ( 'NONE', #867, #10316, #1524, .T. ) ;
#276 = FACE_OUTER_BOUND ( 'NONE', #6851, .T. ) ;
#277 = FACE_OUTER_BOUND ( 'NONE', #6109, .T. ) ;
#278 = EDGE_CURVE ( 'NONE', #2626, #9074, #7995, .T. ) ;
#279 = CARTESIAN_POINT ( 'NONE',  ( 4.604675921659691100, 0.2096826248464359600, -0.1000000000000000100 ) ) ;
#280 = CARTESIAN_POINT ( 'NONE',  ( 4.729675921659755000, -0.3153173751544010000, 0.1000000000000000100 ) ) ;
#281 = ORIENTED_EDGE ( 'NONE', *, *, #6273, .T. ) ;
#282 = PLANE ( 'NONE',  #6830 ) ;
#283 = CARTESIAN_POINT ( 'NONE',  ( 4.604675921659691100, 0.9596826248462082500, 0.1000000000000000100 ) ) ;
#284 = DIRECTION ( 'NONE',  ( 0.0000000000000000000, 0.0000000000000000000, 1.000000000000000000 ) ) ;
#285 = ORIENTED_EDGE ( 'NONE', *, *, #5353, .F. ) ;
#286 = LINE ( 'NONE', #7690, #8691 ) ;
#287 = AXIS2_PLACEMENT_3D ( 'NONE', #9828, #9001, #3303 ) ;
#288 = DIRECTION ( 'NONE',  ( 0.7071067811865444600, -0.7071067811865505700, 0.0000000000000000000 ) ) ;
#289 = LINE ( 'NONE', #4123, #26 ) ;
#290 = CARTESIAN_POINT ( 'NONE',  ( 5.148821372569150500, 1.034682624846080100, 0.0000000000000000000 ) ) ;
#291 = CYLINDRICAL_SURFACE ( 'NONE', #2149, 0.04999999999999969700 ) ;
#292 = ORIENTED_EDGE ( 'NONE', *, *, #4455, .F. ) ;
#293 = EDGE_CURVE ( 'NONE', #3527, #1257, #7730, .T. ) ;
#294 = CARTESIAN_POINT ( 'NONE',  ( 4.604675921659691100, 1.459682624844767000, 0.1000000000000000500 ) ) ;
#295 = EDGE_CURVE ( 'NONE', #3092, #6019, #3424, .T. ) ;
#296 = EDGE_LOOP ( 'NONE', ( #3796, #2065, #3707, #4872, #6397, #7893, #3182, #4695, #9504, #8726, #5028, #3720, #4782, #3034, #9713 ) ) ;
#297 = VECTOR ( 'NONE', #3939, 1000.000000000000100 ) ;
#298 = CARTESIAN_POINT ( 'NONE',  ( 5.680225974296362800, 0.4646826248459103300, 0.0000000000000000000 ) ) ;
#299 = CARTESIAN_POINT ( 'NONE',  ( 4.935129844622552200, 1.357019186297195400, 0.7499999999999998900 ) ) ;
#300 = CIRCLE ( 'NONE', #7701, 0.04999999999999969700 ) ;
#301 = LINE ( 'NONE', #6610, #8708 ) ;
#302 = ORIENTED_EDGE ( 'NONE', *, *, #2672, .F. ) ;
#303 =( LENGTH_UNIT ( ) NAMED_UNIT ( * ) SI_UNIT ( .MILLI., .METRE. ) );
#304 = ORIENTED_EDGE ( 'NONE', *, *, #9196, .F. ) ;
#305 = PLANE ( 'NONE',  #948 ) ;
#306 = ORIENTED_EDGE ( 'NONE', *, *, #7214, .T. ) ;
#307 = VECTOR ( 'NONE', #1727, 1000.000000000000100 ) ;
#308 = CARTESIAN_POINT ( 'NONE',  ( 5.704854054024949900, 0.2446826248459102700, 0.0000000000000000000 ) ) ;
#309 = AXIS2_PLACEMENT_3D ( 'NONE', #6810, #4408, #1159 ) ;
#310 = EDGE_CURVE ( 'NONE', #10361, #8427, #3669, .T. ) ;
#311 = CARTESIAN_POINT ( 'NONE',  ( 5.154675921659544400, -0.01619039102726995200, 0.1000000000000000100 ) ) ;
#312 = VECTOR ( 'NONE', #9206, 1000.000000000000000 ) ;
#313 = CARTESIAN_POINT ( 'NONE',  ( 5.829675921660816900, -0.2903173751547010200, -0.1000000000000000100 ) ) ;
#314 = DIRECTION ( 'NONE',  ( -0.6557845842852039200, 0.7549480637857695100, -0.0000000000000000000 ) ) ;
#315 = DIRECTION ( 'NONE',  ( 0.0000000000000000000, 0.0000000000000000000, 1.000000000000000000 ) ) ;
#316 = CIRCLE ( 'NONE', #5489, 0.07500000000021639400 ) ;
#317 = ORIENTED_EDGE ( 'NONE', *, *, #9307, .F. ) ;
#318 = LINE ( 'NONE', #2951, #4638 ) ;
#319 = CARTESIAN_POINT ( 'NONE',  ( 4.729675921659755000, -0.3153173751544010000, 0.0000000000000000000 ) ) ;
#320 = CARTESIAN_POINT ( 'NONE',  ( 5.829675921660020200, -0.1153173751548607200, -0.1000000000000000100 ) ) ;
#321 = AXIS2_PLACEMENT_3D ( 'NONE', #8117, #3143, #6277 ) ;
#322 = ORIENTED_EDGE ( 'NONE', *, *, #2816, .F. ) ;
#323 = CARTESIAN_POINT ( 'NONE',  ( 6.004675921659183400, 0.2096826248452988400, 0.1000000000000000100 ) ) ;
#324 = CARTESIAN_POINT ( 'NONE',  ( 5.154675921659472400, 0.6496826248457289200, 0.1000000000000000100 ) ) ;
#325 = LINE ( 'NONE', #5236, #6282 ) ;
#326 = ADVANCED_FACE ( 'NONE', ( #9679 ), #5059, .T. ) ;
#327 = DIRECTION ( 'NONE',  ( 1.000000000000000000, 0.0000000000000000000, 0.0000000000000000000 ) ) ;
#328 = ORIENTED_EDGE ( 'NONE', *, *, #5570, .T. ) ;
#329 = VECTOR ( 'NONE', #10552, 1000.000000000000100 ) ;
#330 = AXIS2_PLACEMENT_3D ( 'NONE', #4171, #9896, #4996 ) ;
#331 = CARTESIAN_POINT ( 'NONE',  ( 5.439675921659716800, 1.034682624845923800, 0.1000000000000000100 ) ) ;
#332 = DIRECTION ( 'NONE',  ( -1.000000000000000000, -4.928191693119192100E-017, 0.0000000000000000000 ) ) ;
#333 = VECTOR ( 'NONE', #644, 1000.000000000000000 ) ;
#334 = PLANE ( 'NONE',  #5050 ) ;
#336 = ORIENTED_EDGE ( 'NONE', *, *, #3876, .T. ) ;
#335 = CARTESIAN_POINT ( 'NONE',  ( 6.104675921659724800, 1.459682624846193800, -0.1000000000000000100 ) ) ;
#337 = VECTOR ( 'NONE', #8367, 1000.000000000000000 ) ;
#338 = ORIENTED_EDGE ( 'NONE', *, *, #133, .F. ) ;
#339 = EDGE_CURVE ( 'NONE', #1235, #3456, #9419, .T. ) ;
#340 = AXIS2_PLACEMENT_3D ( 'NONE', #5680, #837, #6506 ) ;
#341 = EDGE_CURVE ( 'NONE', #4850, #7266, #1000, .T. ) ;
#342 = DIRECTION ( 'NONE',  ( 1.000000000000000000, 0.0000000000000000000, 0.0000000000000000000 ) ) ;
#343 = MANIFOLD_SOLID_BREP ( '相交1[1]', #2052 ) ;
#344 = DIRECTION ( 'NONE',  ( -0.0000000000000000000, 0.0000000000000000000, -1.000000000000000000 ) ) ;
#345 = DIRECTION ( 'NONE',  ( -0.7071067811865475700, -0.7071067811865475700, 0.0000000000000000000 ) ) ;
#346 = CARTESIAN_POINT ( 'NONE',  ( 4.704675921658918000, 0.7096826248464360700, 0.1000000000000000100 ) ) ;
#347 = ORIENTED_EDGE ( 'NONE', *, *, #10576, .T. ) ;
#348 = LINE ( 'NONE', #7833, #4405 ) ;
#349 = LINE ( 'NONE', #6860, #4406 ) ;
#350 = CARTESIAN_POINT ( 'NONE',  ( 5.754675921660088500, 1.384682624846375700, -0.1000000000000000100 ) ) ;
#351 = VERTEX_POINT ( 'NONE', #5865 ) ;
#352 = DIRECTION ( 'NONE',  ( -0.9625661542539215600, -0.2710468569912136700, 0.0000000000000000000 ) ) ;
#353 = ORIENTED_EDGE ( 'NONE', *, *, #2710, .F. ) ;
#354 = DIRECTION ( 'NONE',  ( -0.0000000000000000000, -1.000000000000000000, -0.0000000000000000000 ) ) ;
#355 = CARTESIAN_POINT ( 'NONE',  ( 6.004675921659153200, 0.7096826248452987600, 0.1000000000000000100 ) ) ;
#356 = EDGE_CURVE ( 'NONE', #3523, #1183, #7408, .T. ) ;
#357 = EDGE_CURVE ( 'NONE', #6630, #1017, #923, .T. ) ;
#358 = VECTOR ( 'NONE', #8615, 1000.000000000000000 ) ;
#359 = DIRECTION ( 'NONE',  ( 0.0000000000000000000, 0.0000000000000000000, 1.000000000000000000 ) ) ;
#360 = ORIENTED_EDGE ( 'NONE', *, *, #10235, .T. ) ;
#361 = ORIENTED_EDGE ( 'NONE', *, *, #5371, .F. ) ;
#362 = AXIS2_PLACEMENT_3D ( 'NONE', #8890, #4006, #9722 ) ;
#363 = ORIENTED_EDGE ( 'NONE', *, *, #9092, .T. ) ;
#364 = ORIENTED_EDGE ( 'NONE', *, *, #1983, .F. ) ;
#365 = CARTESIAN_POINT ( 'NONE',  ( 5.304675921659710800, 0.4146826248459104000, 0.1000000000000000100 ) ) ;
#366 = EDGE_CURVE ( 'NONE', #2994, #3714, #9600, .T. ) ;
#367 = EDGE_CURVE ( 'NONE', #3776, #4776, #7139, .T. ) ;
#368 = DIRECTION ( 'NONE',  ( -0.0000000000000000000, -0.0000000000000000000, -1.000000000000000000 ) ) ;
#369 = VECTOR ( 'NONE', #10533, 1000.000000000000000 ) ;
#370 = DIRECTION ( 'NONE',  ( -1.000000000000000000, 3.942553354495353700E-016, -0.0000000000000000000 ) ) ;
#371 = ORIENTED_EDGE ( 'NONE', *, *, #357, .T. ) ;
#372 = ORIENTED_EDGE ( 'NONE', *, *, #8243, .T. ) ;
#373 = VERTEX_POINT ( 'NONE', #257 ) ;
#374 = ADVANCED_FACE ( 'NONE', ( #2842 ), #1054, .F. ) ;
#375 = VECTOR ( 'NONE', #385, 1000.000000000000000 ) ;
#376 = DIRECTION ( 'NONE',  ( -0.0000000000000000000, -0.0000000000000000000, -1.000000000000000000 ) ) ;
#377 = DIRECTION ( 'NONE',  ( 0.0000000000000000000, -0.0000000000000000000, 1.000000000000000000 ) ) ;
#378 = VECTOR ( 'NONE', #6188, 1000.000000000000000 ) ;
#379 = ORIENTED_EDGE ( 'NONE', *, *, #6609, .F. ) ;
#380 = VERTEX_POINT ( 'NONE', #5934 ) ;
#381 = EDGE_LOOP ( 'NONE', ( #3190, #5116, #8280, #10018 ) ) ;
#382 = DIRECTION ( 'NONE',  ( 1.000000000000000000, -0.0000000000000000000, -0.0000000000000000000 ) ) ;
#383 = AXIS2_PLACEMENT_3D ( 'NONE', #6438, #3634, #4407 ) ;
#384 = CARTESIAN_POINT ( 'NONE',  ( 5.004675921659327300, 1.309682624845297700, -0.1000000000000000100 ) ) ;
#385 = DIRECTION ( 'NONE',  ( -1.000000000000000000, 0.0000000000000000000, 0.0000000000000000000 ) ) ;
#386 = VECTOR ( 'NONE', #8710, 1000.000000000000000 ) ;
#387 = CARTESIAN_POINT ( 'NONE',  ( 5.040567649154480600, 0.04968262484573889700, 0.1000000000000000100 ) ) ;
#388 = DIRECTION ( 'NONE',  ( -0.9625661542539195600, -0.2710468569912210000, 0.0000000000000000000 ) ) ;
#389 = VECTOR ( 'NONE', #5279, 1000.000000000000000 ) ;
#390 = ORIENTED_EDGE ( 'NONE', *, *, #2874, .T. ) ;
#391 = VECTOR ( 'NONE', #8045, 1000.000000000000000 ) ;
#392 = AXIS2_PLACEMENT_3D ( 'NONE', #4591, #5400, #551 ) ;
#393 = VERTEX_POINT ( 'NONE', #3536 ) ;
#394 = ORIENTED_EDGE ( 'NONE', *, *, #2469, .F. ) ;
#395 = ORIENTED_EDGE ( 'NONE', *, *, #7978, .F. ) ;
#396 = VERTEX_POINT ( 'NONE', #2739 ) ;
#397 = CARTESIAN_POINT ( 'NONE',  ( 4.879675921658599900, 0.2096826248464360400, -0.1000000000000000100 ) ) ;
#398 = LINE ( 'NONE', #3126, #8325 ) ;
#399 = DIRECTION ( 'NONE',  ( -0.0000000000000000000, -0.0000000000000000000, -1.000000000000000000 ) ) ;
#400 = LINE ( 'NONE', #9591, #905 ) ;
#401 = ORIENTED_EDGE ( 'NONE', *, *, #6978, .F. ) ;
#402 = DIRECTION ( 'NONE',  ( -1.000000000000000000, 0.0000000000000000000, 0.0000000000000000000 ) ) ;
#403 = LINE ( 'NONE', #6754, #4463 ) ;
#404 = ORIENTED_EDGE ( 'NONE', *, *, #10251, .T. ) ;
#405 = VERTEX_POINT ( 'NONE', #9237 ) ;
#406 = ORIENTED_EDGE ( 'NONE', *, *, #3384, .T. ) ;
#407 = EDGE_CURVE ( 'NONE', #1403, #4191, #3097, .T. ) ;
#408 = AXIS2_PLACEMENT_3D ( 'NONE', #5939, #5124, #6755 ) ;
#409 = ORIENTED_EDGE ( 'NONE', *, *, #3766, .T. ) ;
#410 = ORIENTED_EDGE ( 'NONE', *, *, #3078, .T. ) ;
#411 = ORIENTED_EDGE ( 'NONE', *, *, #3442, .T. ) ;
#412 = VECTOR ( 'NONE', #9726, 1000.000000000000000 ) ;
#413 = CARTESIAN_POINT ( 'NONE',  ( 5.754675921659735800, 1.484682624845741000, 0.1000000000000000100 ) ) ;
#414 = VERTEX_POINT ( 'NONE', #299 ) ;
#415 = LINE ( 'NONE', #6000, #8571 ) ;
#416 = LINE ( 'NONE', #397, #154 ) ;
#417 = CARTESIAN_POINT ( 'NONE',  ( 5.829675921660816900, -0.2903173751547012400, -0.1000000000000000100 ) ) ;
#418 = ORIENTED_EDGE ( 'NONE', *, *, #7736, .F. ) ;
#419 = ORIENTED_EDGE ( 'NONE', *, *, #9136, .F. ) ;
#420 = DIRECTION ( 'NONE',  ( 1.000000000000000000, 0.0000000000000000000, -0.0000000000000000000 ) ) ;
#421 = CARTESIAN_POINT ( 'NONE',  ( 5.104675921659470800, 0.2996826248458500100, 0.0000000000000000000 ) ) ;
#422 = ORIENTED_EDGE ( 'NONE', *, *, #3139, .F. ) ;
#423 = FACE_OUTER_BOUND ( 'NONE', #1927, .T. ) ;
#424 = EDGE_CURVE ( 'NONE', #6566, #4090, #4726, .T. ) ;
#425 = EDGE_CURVE ( 'NONE', #7041, #1459, #6880, .T. ) ;
#426 = CARTESIAN_POINT ( 'NONE',  ( 5.104675921659471700, 0.4496826248457596000, 0.1000000000000000100 ) ) ;
#427 = FACE_OUTER_BOUND ( 'NONE', #2612, .T. ) ;
#428 = PLANE ( 'NONE',  #108 ) ;
#429 = LINE ( 'NONE', #6066, #2353 ) ;
#430 = VERTEX_POINT ( 'NONE', #3567 ) ;
#431 = CARTESIAN_POINT ( 'NONE',  ( 5.331678376745405700, -0.09620668375610630400, 0.0000000000000000000 ) ) ;
#432 = CARTESIAN_POINT ( 'NONE',  ( 5.829675921659729800, 1.009682624845805500, 0.1000000000000000100 ) ) ;
#433 = AXIS2_PLACEMENT_3D ( 'NONE', #2542, #3364, #9051 ) ;
#434 = EDGE_LOOP ( 'NONE', ( #3722, #5312, #3072, #9442 ) ) ;
#435 = VECTOR ( 'NONE', #10146, 1000.000000000000000 ) ;
#436 = DIRECTION ( 'NONE',  ( -1.000000000000000000, 0.0000000000000000000, 0.0000000000000000000 ) ) ;
#437 = ORIENTED_EDGE ( 'NONE', *, *, #5104, .T. ) ;
#438 = VECTOR ( 'NONE', #10245, 1000.000000000000000 ) ;
#439 = ADVANCED_FACE ( 'NONE', ( #6626 ), #9269, .T. ) ;
#440 = EDGE_CURVE ( 'NONE', #6111, #5749, #2340, .T. ) ;
#441 = CARTESIAN_POINT ( 'NONE',  ( 5.742751042523171800, 0.2344037053588794400, 0.1000000000000000100 ) ) ;
#442 = EDGE_CURVE ( 'NONE', #9847, #5533, #415, .T. ) ;
#443 = CARTESIAN_POINT ( 'NONE',  ( 5.829675921659729800, 0.6596826248457794400, 0.0000000000000000000 ) ) ;
#444 = VERTEX_POINT ( 'NONE', #8475 ) ;
#445 = PLANE ( 'NONE',  #2496 ) ;
#446 = VECTOR ( 'NONE', #6283, 1000.000000000000100 ) ;
#447 = DIRECTION ( 'NONE',  ( 1.000000000000000000, 2.409338161081291000E-015, 0.0000000000000000000 ) ) ;
#448 = FACE_OUTER_BOUND ( 'NONE', #1077, .T. ) ;
#449 = CARTESIAN_POINT ( 'NONE',  ( 5.850392180554097300, 0.5096826248458024000, 0.1000000000000000100 ) ) ;
#450 = ADVANCED_FACE ( 'NONE', ( #4216 ), #10484, .T. ) ;
#451 = ORIENTED_EDGE ( 'NONE', *, *, #2294, .T. ) ;
#452 = DIRECTION ( 'NONE',  ( 1.000000000000000000, -2.668805347655082700E-015, -0.0000000000000000000 ) ) ;
#453 =( GEOMETRIC_REPRESENTATION_CONTEXT ( 3 ) GLOBAL_UNCERTAINTY_ASSIGNED_CONTEXT ( ( #599 ) ) GLOBAL_UNIT_ASSIGNED_CONTEXT ( ( #6503, #9119, #7938 ) ) REPRESENTATION_CONTEXT ( 'NONE', 'WORKASPACE' ) );
#454 = LINE ( 'NONE', #7912, #2624 ) ;
#455 = SURFACE_SIDE_STYLE ('',( #3334 ) ) ;
#456 = EDGE_LOOP ( 'NONE', ( #7895, #8339, #9006, #5322, #2263, #6956, #5350, #4713, #1838, #9620, #523, #2290, #10073, #2705, #3503, #6037 ) ) ;
#457 = CARTESIAN_POINT ( 'NONE',  ( 4.704675921658628500, 1.459682624844767000, 0.0000000000000000000 ) ) ;
#458 = CARTESIAN_POINT ( 'NONE',  ( 4.879675921658599900, 0.2096826248464360200, 0.0000000000000000000 ) ) ;
#459 = LINE ( 'NONE', #241, #2380 ) ;
#460 = CARTESIAN_POINT ( 'NONE',  ( 5.829675921659729800, 0.6596826248457794400, 0.0000000000000000000 ) ) ;
#461 = DIRECTION ( 'NONE',  ( 0.0000000000000000000, -1.000000000000000000, 0.0000000000000000000 ) ) ;
#462 = EDGE_LOOP ( 'NONE', ( #5442, #3710, #41, #2859 ) ) ;
#463 = CARTESIAN_POINT ( 'NONE',  ( 6.004675921660304300, 1.209682624846421200, 0.1000000000000000100 ) ) ;
#464 = FACE_OUTER_BOUND ( 'NONE', #8822, .T. ) ;
#465 = CARTESIAN_POINT ( 'NONE',  ( 4.754675921659630200, 0.009682624845666794300, 0.0000000000000000000 ) ) ;
#466 = ORIENTED_EDGE ( 'NONE', *, *, #2903, .F. ) ;
#467 = VECTOR ( 'NONE', #7743, 1000.000000000000000 ) ;
#468 = EDGE_CURVE ( 'NONE', #9945, #2030, #153, .T. ) ;
#469 = AXIS2_PLACEMENT_3D ( 'NONE', #9727, #777, #6447 ) ;
#470 = EDGE_CURVE ( 'NONE', #8885, #4357, #6380, .T. ) ;
#471 = ORIENTED_EDGE ( 'NONE', *, *, #4019, .F. ) ;
#472 = DIRECTION ( 'NONE',  ( 0.0000000000000000000, 0.0000000000000000000, 1.000000000000000000 ) ) ;
#473 = CARTESIAN_POINT ( 'NONE',  ( 4.754675921659630200, 0.009682624845666794300, 0.0000000000000000000 ) ) ;
#474 = AXIS2_PLACEMENT_3D ( 'NONE', #7164, #3934, #9649 ) ;
#475 = VERTEX_POINT ( 'NONE', #8511 ) ;
#476 = DIRECTION ( 'NONE',  ( -1.000000000000000000, 2.409338161081319400E-015, 0.0000000000000000000 ) ) ;
#477 = VECTOR ( 'NONE', #3968, 1000.000000000000000 ) ;
#478 = LINE ( 'NONE', #1600, #6440 ) ;
#479 = DIRECTION ( 'NONE',  ( 3.942553354495353700E-016, 1.000000000000000000, -0.0000000000000000000 ) ) ;
#480 = ORIENTED_EDGE ( 'NONE', *, *, #8519, .T. ) ;
#481 = CARTESIAN_POINT ( 'NONE',  ( 6.004675921660369100, -0.04031737515492882200, 0.0000000000000000000 ) ) ;
#482 = EDGE_CURVE ( 'NONE', #2938, #9732, #1827, .T. ) ;
#483 = AXIS2_PLACEMENT_3D ( 'NONE', #4652, #6278, #1437 ) ;
#484 = EDGE_CURVE ( 'NONE', #7580, #8017, #2078, .T. ) ;
#485 = LINE ( 'NONE', #4173, #8634 ) ;
#486 = VERTEX_POINT ( 'NONE', #10155 ) ;
#487 = DIRECTION ( 'NONE',  ( -0.8525082208477698900, -0.5227138159518743800, -0.0000000000000000000 ) ) ;
#488 = ADVANCED_FACE ( 'NONE', ( #3717 ), #1230, .F. ) ;
#489 = ORIENTED_EDGE ( 'NONE', *, *, #1462, .F. ) ;
#490 = CARTESIAN_POINT ( 'NONE',  ( 5.154675921659472400, 0.7207828955904754800, 0.1000000000000000100 ) ) ;
#491 = DIRECTION ( 'NONE',  ( 0.0000000000000000000, 0.0000000000000000000, 1.000000000000000000 ) ) ;
#492 = FACE_OUTER_BOUND ( 'NONE', #4124, .T. ) ;
#493 = ORIENTED_EDGE ( 'NONE', *, *, #2203, .F. ) ;
#494 = PLANE ( 'NONE',  #9978 ) ;
#495 = ORIENTED_EDGE ( 'NONE', *, *, #9150, .F. ) ;
#496 = EDGE_CURVE ( 'NONE', #9302, #8218, #3975, .T. ) ;
#497 = VERTEX_POINT ( 'NONE', #2869 ) ;
#498 = ADVANCED_FACE ( 'NONE', ( #9970 ), #445, .T. ) ;
#499 = PLANE ( 'NONE',  #2178 ) ;
#500 = VECTOR ( 'NONE', #7119, 1000.000000000000000 ) ;
#501 = VERTEX_POINT ( 'NONE', #9381 ) ;
#502 = AXIS2_PLACEMENT_3D ( 'NONE', #2125, #2932, #1344 ) ;
#503 = ORIENTED_EDGE ( 'NONE', *, *, #2774, .F. ) ;
#504 = ORIENTED_EDGE ( 'NONE', *, *, #1820, .F. ) ;
#505 = ORIENTED_EDGE ( 'NONE', *, *, #209, .F. ) ;
#506 = DIRECTION ( 'NONE',  ( -1.000000000000000000, 1.724867092591717200E-016, -0.0000000000000000000 ) ) ;
#507 = AXIS2_PLACEMENT_3D ( 'NONE', #2415, #8123, #3265 ) ;
#508 = DIRECTION ( 'NONE',  ( -1.000000000000000000, 0.0000000000000000000, 0.0000000000000000000 ) ) ;
#509 = EDGE_CURVE ( 'NONE', #9528, #9053, #8040, .T. ) ;
#510 =( NAMED_UNIT ( * ) SI_UNIT ( $, .STERADIAN. ) SOLID_ANGLE_UNIT ( ) );
#511 = VECTOR ( 'NONE', #5191, 1000.000000000000000 ) ;
#512 = LINE ( 'NONE', #956, #4572 ) ;
#513 = ORIENTED_EDGE ( 'NONE', *, *, #2610, .T. ) ;
#514 = ORIENTED_EDGE ( 'NONE', *, *, #9584, .T. ) ;
#515 = ORIENTED_EDGE ( 'NONE', *, *, #2816, .T. ) ;
#516 = DIRECTION ( 'NONE',  ( 0.0000000000000000000, -1.000000000000000000, 0.0000000000000000000 ) ) ;
#517 = CARTESIAN_POINT ( 'NONE',  ( 5.664169081836870000, 0.09468262484602119100, 0.0000000000000000000 ) ) ;
#518 = VECTOR ( 'NONE', #2182, 1000.000000000000000 ) ;
#519 = CARTESIAN_POINT ( 'NONE',  ( 5.154675921659469800, 0.3996826248457591200, 0.0000000000000000000 ) ) ;
#520 = LINE ( 'NONE', #10587, #9448 ) ;
#521 =( GEOMETRIC_REPRESENTATION_CONTEXT ( 3 ) GLOBAL_UNCERTAINTY_ASSIGNED_CONTEXT ( ( #5539 ) ) GLOBAL_UNIT_ASSIGNED_CONTEXT ( ( #2117, #4334, #3880 ) ) REPRESENTATION_CONTEXT ( 'NONE', 'WORKASPACE' ) );
#522 = ORIENTED_EDGE ( 'NONE', *, *, #1174, .F. ) ;
#523 = ORIENTED_EDGE ( 'NONE', *, *, #4647, .T. ) ;
#524 = DIRECTION ( 'NONE',  ( 1.000000000000000000, 0.0000000000000000000, 0.0000000000000000000 ) ) ;
#525 = ORIENTED_EDGE ( 'NONE', *, *, #10466, .F. ) ;
#526 = ORIENTED_EDGE ( 'NONE', *, *, #6659, .T. ) ;
#527 = ORIENTED_EDGE ( 'NONE', *, *, #5747, .T. ) ;
#528 = CARTESIAN_POINT ( 'NONE',  ( 5.558906690890459900, 0.9846826248459265000, 0.0000000000000000000 ) ) ;
#529 = DIRECTION ( 'NONE',  ( -0.0000000000000000000, 1.000000000000000000, -0.0000000000000000000 ) ) ;
#530 = DIRECTION ( 'NONE',  ( 0.8629477401728888900, -0.5052931799762432300, 0.0000000000000000000 ) ) ;
#531 = CARTESIAN_POINT ( 'NONE',  ( 5.040567649154480600, 0.04968262484573889700, 0.0000000000000000000 ) ) ;
#532 = VERTEX_POINT ( 'NONE', #2899 ) ;
#533 = VECTOR ( 'NONE', #1134, 1000.000000000000000 ) ;
#534 = AXIS2_PLACEMENT_3D ( 'NONE', #5314, #472, #6135 ) ;
#535 = VERTEX_POINT ( 'NONE', #8558 ) ;
#536 = VECTOR ( 'NONE', #5506, 1000.000000000000000 ) ;
#537 = LINE ( 'NONE', #7087, #6743 ) ;
#538 = CARTESIAN_POINT ( 'NONE',  ( 5.870360893847723600, 0.1596826248457505200, 0.1000000000000000100 ) ) ;
#539 = VERTEX_POINT ( 'NONE', #4520 ) ;
#540 = ADVANCED_FACE ( 'NONE', ( #3467 ), #8594, .F. ) ;
#541 = DIRECTION ( 'NONE',  ( -2.249719507909152500E-015, -1.000000000000000000, 0.0000000000000000000 ) ) ;
#542 = DIRECTION ( 'NONE',  ( 0.0000000000000000000, 0.0000000000000000000, -1.000000000000000000 ) ) ;
#543 = EDGE_LOOP ( 'NONE', ( #8244, #2318, #10280, #8559 ) ) ;
#544 = VECTOR ( 'NONE', #6818, 1000.000000000000100 ) ;
#545 = DIRECTION ( 'NONE',  ( 0.0000000000000000000, 0.0000000000000000000, 1.000000000000000000 ) ) ;
#546 = CARTESIAN_POINT ( 'NONE',  ( 5.304675921659710800, 0.7846826248458012000, 0.0000000000000000000 ) ) ;
#547 = EDGE_CURVE ( 'NONE', #954, #8390, #5612, .T. ) ;
#548 = LINE ( 'NONE', #4091, #2727 ) ;
#549 = EDGE_CURVE ( 'NONE', #5233, #5615, #5862, .T. ) ;
#550 = VECTOR ( 'NONE', #8736, 1000.000000000000000 ) ;
#551 = DIRECTION ( 'NONE',  ( 0.0000000000000000000, 0.0000000000000000000, 1.000000000000000000 ) ) ;
#552 = ORIENTED_EDGE ( 'NONE', *, *, #9709, .T. ) ;
#553 = AXIS2_PLACEMENT_3D ( 'NONE', #9841, #4928, #55 ) ;
#554 = CARTESIAN_POINT ( 'NONE',  ( 6.004675921659058200, -0.2903173751547012400, 0.1000000000000000100 ) ) ;
#555 = CARTESIAN_POINT ( 'NONE',  ( 5.829675921660304500, -0.2153173751544850400, 0.0000000000000000000 ) ) ;
#556 = ADVANCED_FACE ( 'NONE', ( #9724 ), #9451, .F. ) ;
#557 = ORIENTED_EDGE ( 'NONE', *, *, #976, .F. ) ;
#558 = CARTESIAN_POINT ( 'NONE',  ( 5.829675921660816900, -0.2903173751547010200, 0.0000000000000000000 ) ) ;
#559 = LINE ( 'NONE', #8786, #7018 ) ;
#560 = DIRECTION ( 'NONE',  ( 0.0000000000000000000, 0.0000000000000000000, 1.000000000000000000 ) ) ;
#561 = LINE ( 'NONE', #8991, #2217 ) ;
#562 = CARTESIAN_POINT ( 'NONE',  ( 6.104675921659724800, 1.459682624846193800, -0.1000000000000000100 ) ) ;
#563 = CYLINDRICAL_SURFACE ( 'NONE', #7444, 0.07499999999993189900 ) ;
#564 = ORIENTED_EDGE ( 'NONE', *, *, #779, .T. ) ;
#565 = CARTESIAN_POINT ( 'NONE',  ( 4.879675921659111500, -0.2153173751533484500, 0.0000000000000000000 ) ) ;
#566 = EDGE_CURVE ( 'NONE', #10179, #6873, #1310, .T. ) ;
#567 = EDGE_CURVE ( 'NONE', #1017, #6820, #1051, .T. ) ;
#568 = ORIENTED_EDGE ( 'NONE', *, *, #6075, .T. ) ;
#569 = VERTEX_POINT ( 'NONE', #1341 ) ;
#570 = CARTESIAN_POINT ( 'NONE',  ( 5.657241345925927900, 0.8540125217529861400, 0.0000000000000000000 ) ) ;
#571 = LINE ( 'NONE', #4122, #307 ) ;
#572 = FACE_OUTER_BOUND ( 'NONE', #4563, .T. ) ;
#573 = PLANE ( 'NONE',  #2136 ) ;
#574 = AXIS2_PLACEMENT_3D ( 'NONE', #10048, #2766, #8439 ) ;
#575 = CARTESIAN_POINT ( 'NONE',  ( 5.489675921659714900, 0.9846826248459260600, 0.1000000000000000100 ) ) ;
#576 = VECTOR ( 'NONE', #1843, 1000.000000000000000 ) ;
#577 = EDGE_CURVE ( 'NONE', #4368, #4970, #9461, .T. ) ;
#578 = CARTESIAN_POINT ( 'NONE',  ( 5.354675921659712400, -0.05180946618659731900, 0.0000000000000000000 ) ) ;
#579 = CARTESIAN_POINT ( 'NONE',  ( 4.704675921659895000, 0.4596826248462082000, 0.1000000000000000100 ) ) ;
#580 = ORIENTED_EDGE ( 'NONE', *, *, #3220, .T. ) ;
#581 = EDGE_CURVE ( 'NONE', #10096, #3152, #7275, .T. ) ;
#582 = VECTOR ( 'NONE', #4541, 1000.000000000000000 ) ;
#583 = DIRECTION ( 'NONE',  ( -0.0000000000000000000, -0.0000000000000000000, -1.000000000000000000 ) ) ;
#584 = VECTOR ( 'NONE', #7630, 1000.000000000000000 ) ;
#585 = DIRECTION ( 'NONE',  ( 0.8525082208477700000, 0.5227138159518741600, 0.0000000000000000000 ) ) ;
#586 = CARTESIAN_POINT ( 'NONE',  ( 5.104675921659473500, 0.7207828955904757000, 0.1000000000000000100 ) ) ;
#587 = CARTESIAN_POINT ( 'NONE',  ( 4.917175921659649300, 0.6596826248457984300, 0.1000000000000000100 ) ) ;
#588 = ORIENTED_EDGE ( 'NONE', *, *, #744, .F. ) ;
#589 = FACE_OUTER_BOUND ( 'NONE', #8662, .T. ) ;
#590 = CARTESIAN_POINT ( 'NONE',  ( 5.754675921659735800, -0.3153173751542484600, 0.1000000000000000100 ) ) ;
#591 = AXIS2_PLACEMENT_3D ( 'NONE', #4241, #2662, #10279 ) ;
#592 = CARTESIAN_POINT ( 'NONE',  ( 4.604675921659691100, 1.459682624844767000, -0.1000000000000000100 ) ) ;
#593 = ADVANCED_FACE ( 'NONE', ( #3221 ), #2150, .T. ) ;
#594 = VECTOR ( 'NONE', #7090, 1000.000000000000000 ) ;
#595 = VERTEX_POINT ( 'NONE', #546 ) ;
#596 = MECHANICAL_DESIGN_GEOMETRIC_PRESENTATION_REPRESENTATION (  '', ( #10081 ), #1148 ) ;
#597 = CIRCLE ( 'NONE', #8520, 0.07499999999999953900 ) ;
#598 = VERTEX_POINT ( 'NONE', #5424 ) ;
#599 = UNCERTAINTY_MEASURE_WITH_UNIT (LENGTH_MEASURE( 1.000000000000000100E-005 ), #6503, 'distance_accuracy_value', 'NONE');
#600 = CARTESIAN_POINT ( 'NONE',  ( 5.040567649154480600, 0.09968262484573889300, 0.0000000000000000000 ) ) ;
#601 = DIRECTION ( 'NONE',  ( 1.000000000000000000, 0.0000000000000000000, -0.0000000000000000000 ) ) ;
#602 = CARTESIAN_POINT ( 'NONE',  ( 5.870360893847723600, 0.1596826248457505200, 0.1000000000000000100 ) ) ;
#603 = ADVANCED_FACE ( 'NONE', ( #4855 ), #6247, .F. ) ;
#604 = EDGE_CURVE ( 'NONE', #230, #3246, #2958, .T. ) ;
#605 = ORIENTED_EDGE ( 'NONE', *, *, #4500, .T. ) ;
#606 = CARTESIAN_POINT ( 'NONE',  ( 5.754675921659735800, -0.3153173751542484600, 0.0000000000000000000 ) ) ;
#607 = LINE ( 'NONE', #7662, #7072 ) ;
#608 = CARTESIAN_POINT ( 'NONE',  ( 5.829675921659729800, 0.6596826248457794400, 0.0000000000000000000 ) ) ;
#609 = EDGE_LOOP ( 'NONE', ( #1709, #7399, #9024, #6209 ) ) ;
#610 = DIRECTION ( 'NONE',  ( -1.000000000000000000, 2.032879073400547300E-016, -0.0000000000000000000 ) ) ;
#611 = PLANE ( 'NONE',  #483 ) ;
#612 = CARTESIAN_POINT ( 'NONE',  ( 6.104675921659724800, -0.04031737515492882200, 0.1000000000000000500 ) ) ;
#613 = AXIS2_PLACEMENT_3D ( 'NONE', #8087, #3233, #8922 ) ;
#614 = ORIENTED_EDGE ( 'NONE', *, *, #7167, .F. ) ;
#615 = DIRECTION ( 'NONE',  ( 0.7071067811865505700, 0.7071067811865444600, -0.0000000000000000000 ) ) ;
#616 = LINE ( 'NONE', #465, #9020 ) ;
#617 = ORIENTED_EDGE ( 'NONE', *, *, #2, .T. ) ;
#618 = DIRECTION ( 'NONE',  ( 1.000000000000000000, 0.0000000000000000000, -0.0000000000000000000 ) ) ;
#619 = DIRECTION ( 'NONE',  ( 1.000000000000000000, -1.734723475978141600E-015, 0.0000000000000000000 ) ) ;
#620 = CARTESIAN_POINT ( 'NONE',  ( 5.269675921659555200, 1.034682624846080100, 0.0000000000000000000 ) ) ;
#621 = VERTEX_POINT ( 'NONE', #3032 ) ;
#622 = ORIENTED_EDGE ( 'NONE', *, *, #7284, .F. ) ;
#623 = VERTEX_POINT ( 'NONE', #8730 ) ;
#624 = EDGE_CURVE ( 'NONE', #3836, #10165, #6997, .T. ) ;
#625 = DIRECTION ( 'NONE',  ( -0.0000000000000000000, -0.0000000000000000000, -1.000000000000000000 ) ) ;
#626 = EDGE_CURVE ( 'NONE', #501, #8239, #9199, .T. ) ;
#627 = CARTESIAN_POINT ( 'NONE',  ( 4.879675921659111500, 0.7846826248466516300, 0.0000000000000000000 ) ) ;
#628 = LINE ( 'NONE', #7270, #6825 ) ;
#629 = ORIENTED_EDGE ( 'NONE', *, *, #10091, .F. ) ;
#630 = VERTEX_POINT ( 'NONE', #8763 ) ;
#631 = AXIS2_PLACEMENT_3D ( 'NONE', #8633, #9463, #4559 ) ;
#632 = ORIENTED_EDGE ( 'NONE', *, *, #5371, .T. ) ;
#633 = CARTESIAN_POINT ( 'NONE',  ( 5.754675921659735800, 1.484682624845741000, 0.0000000000000000000 ) ) ;
#634 = EDGE_CURVE ( 'NONE', #687, #2805, #6742, .T. ) ;
#635 = LINE ( 'NONE', #1991, #9298 ) ;
#636 = EDGE_CURVE ( 'NONE', #4716, #3977, #5094, .T. ) ;
#637 = FACE_OUTER_BOUND ( 'NONE', #3292, .T. ) ;
#638 = ORIENTED_EDGE ( 'NONE', *, *, #9346, .F. ) ;
#639 = ORIENTED_EDGE ( 'NONE', *, *, #4433, .T. ) ;
#640 = ORIENTED_EDGE ( 'NONE', *, *, #5604, .F. ) ;
#641 = ADVANCED_FACE ( 'NONE', ( #276 ), #3074, .T. ) ;
#642 = CARTESIAN_POINT ( 'NONE',  ( 4.729675921659755000, -0.3153173751544010000, 0.1000000000000000100 ) ) ;
#643 = LINE ( 'NONE', #6189, #6842 ) ;
#644 = DIRECTION ( 'NONE',  ( 0.0000000000000000000, 1.000000000000000000, 0.0000000000000000000 ) ) ;
#645 = FACE_OUTER_BOUND ( 'NONE', #5015, .T. ) ;
#646 = ORIENTED_EDGE ( 'NONE', *, *, #4965, .F. ) ;
#647 = CARTESIAN_POINT ( 'NONE',  ( 5.742751042523171800, 0.2344037053588794400, 0.1000000000000000100 ) ) ;
#648 = FACE_OUTER_BOUND ( 'NONE', #4576, .T. ) ;
#649 = VERTEX_POINT ( 'NONE', #651 ) ;
#650 = ORIENTED_EDGE ( 'NONE', *, *, #7451, .F. ) ;
#651 = CARTESIAN_POINT ( 'NONE',  ( 4.729675921659755000, 1.484682624845893300, 0.1000000000000000100 ) ) ;
#652 = ORIENTED_EDGE ( 'NONE', *, *, #960, .T. ) ;
#653 = AXIS2_PLACEMENT_3D ( 'NONE', #10407, #4628, #1450 ) ;
#654 = EDGE_CURVE ( 'NONE', #6056, #8443, #8685, .T. ) ;
#655 = PRODUCT_CONTEXT ( 'NONE', #7099, 'mechanical' ) ;
#656 = DIRECTION ( 'NONE',  ( 1.000000000000000000, 0.0000000000000000000, 0.0000000000000000000 ) ) ;
#657 = ADVANCED_FACE ( 'NONE', ( #6499 ), #8428, .T. ) ;
#658 = LINE ( 'NONE', #787, #4712 ) ;
#659 = EDGE_LOOP ( 'NONE', ( #4486, #7627, #8253, #264 ) ) ;
#660 = FACE_OUTER_BOUND ( 'NONE', #4562, .T. ) ;
#661 = DIRECTION ( 'NONE',  ( -0.0000000000000000000, -0.0000000000000000000, -1.000000000000000000 ) ) ;
#662 = ORIENTED_EDGE ( 'NONE', *, *, #2045, .F. ) ;
#663 = ORIENTED_EDGE ( 'NONE', *, *, #3110, .F. ) ;
#664 = DIRECTION ( 'NONE',  ( -0.0000000000000000000, -0.0000000000000000000, -1.000000000000000000 ) ) ;
#665 = ORIENTED_EDGE ( 'NONE', *, *, #3666, .F. ) ;
#666 = VERTEX_POINT ( 'NONE', #7474 ) ;
#667 = CARTESIAN_POINT ( 'NONE',  ( 4.704675921658918000, 0.2096826248464359600, 0.1000000000000000100 ) ) ;
#668 = ORIENTED_EDGE ( 'NONE', *, *, #1030, .F. ) ;
#669 = VECTOR ( 'NONE', #7078, 1000.000000000000000 ) ;
#670 = EDGE_CURVE ( 'NONE', #9956, #4716, #2454, .T. ) ;
#671 = AXIS2_PLACEMENT_3D ( 'NONE', #3795, #9511, #4606 ) ;
#672 = EDGE_CURVE ( 'NONE', #3106, #8656, #12, .T. ) ;
#673 = DIRECTION ( 'NONE',  ( 0.0000000000000000000, 0.0000000000000000000, 1.000000000000000000 ) ) ;
#674 = EDGE_LOOP ( 'NONE', ( #6448, #4959, #2920, #1314 ) ) ;
#675 = VECTOR ( 'NONE', #4300, 1000.000000000000000 ) ;
#676 = LINE ( 'NONE', #3558, #4727 ) ;
#677 = CARTESIAN_POINT ( 'NONE',  ( 5.354675921659712400, 0.04468262484602120900, 0.1000000000000000100 ) ) ;
#678 = DIRECTION ( 'NONE',  ( 1.000000000000000000, 0.0000000000000000000, 0.0000000000000000000 ) ) ;
#679 = ORIENTED_EDGE ( 'NONE', *, *, #1404, .T. ) ;
#680 = PLANE ( 'NONE',  #4839 ) ;
#681 = ORIENTED_EDGE ( 'NONE', *, *, #3395, .T. ) ;
#682 = CYLINDRICAL_SURFACE ( 'NONE', #3601, 0.04999999999999969700 ) ;
#683 = DIRECTION ( 'NONE',  ( -0.0000000000000000000, -0.0000000000000000000, -1.000000000000000000 ) ) ;
#684 = VECTOR ( 'NONE', #9160, 1000.000000000000000 ) ;
#685 = CARTESIAN_POINT ( 'NONE',  ( 4.604675921659691100, 1.209682624845298500, -0.1000000000000000100 ) ) ;
#686 = FACE_OUTER_BOUND ( 'NONE', #3730, .T. ) ;
#687 = VERTEX_POINT ( 'NONE', #3476 ) ;
#688 = ORIENTED_EDGE ( 'NONE', *, *, #4367, .F. ) ;
#689 = LINE ( 'NONE', #7676, #6897 ) ;
#690 = EDGE_CURVE ( 'NONE', #4974, #6784, #2195, .T. ) ;
#691 = EDGE_CURVE ( 'NONE', #9732, #10361, #4087, .T. ) ;
#692 = DIRECTION ( 'NONE',  ( -1.000000000000000000, 0.0000000000000000000, -0.0000000000000000000 ) ) ;
#693 = VECTOR ( 'NONE', #1273, 1000.000000000000200 ) ;
#694 = CARTESIAN_POINT ( 'NONE',  ( 5.829675921660020200, 0.8846826248451392600, -0.1000000000000000100 ) ) ;
#695 = VECTOR ( 'NONE', #1303, 1000.000000000000000 ) ;
#696 = ADVANCED_FACE ( 'NONE', ( #3843 ), #6668, .F. ) ;
#697 = DIRECTION ( 'NONE',  ( 1.000000000000000000, 0.0000000000000000000, 0.0000000000000000000 ) ) ;
#698 = VECTOR ( 'NONE', #7203, 1000.000000000000000 ) ;
#699 = EDGE_CURVE ( 'NONE', #8974, #7689, #1942, .T. ) ;
#700 = DIRECTION ( 'NONE',  ( 0.0000000000000000000, 0.0000000000000000000, 1.000000000000000000 ) ) ;
#701 = ORIENTED_EDGE ( 'NONE', *, *, #5443, .T. ) ;
#702 = CARTESIAN_POINT ( 'NONE',  ( 6.004675921660369100, -0.04031737515492882200, 0.1000000000000000100 ) ) ;
#703 = DIRECTION ( 'NONE',  ( -1.000000000000000000, -0.0000000000000000000, -0.0000000000000000000 ) ) ;
#704 = CARTESIAN_POINT ( 'NONE',  ( 5.354675921659711500, 0.2446826248459104400, 0.1000000000000000100 ) ) ;
#705 = FACE_OUTER_BOUND ( 'NONE', #8360, .T. ) ;
#706 = ORIENTED_EDGE ( 'NONE', *, *, #5524, .T. ) ;
#707 = AXIS2_PLACEMENT_3D ( 'NONE', #9992, #224, #5902 ) ;
#708 = CYLINDRICAL_SURFACE ( 'NONE', #1657, 0.05000000000000056500 ) ;
#709 = ADVANCED_FACE ( 'NONE', ( #1692 ), #6286, .F. ) ;
#710 = ORIENTED_EDGE ( 'NONE', *, *, #2650, .T. ) ;
#711 = EDGE_CURVE ( 'NONE', #7041, #8027, #10093, .T. ) ;
#712 = CARTESIAN_POINT ( 'NONE',  ( 6.004675921659058200, -0.2903173751547012400, 0.1000000000000000100 ) ) ;
#713 = DIRECTION ( 'NONE',  ( 1.000000000000000000, -3.942553354508385700E-016, 0.0000000000000000000 ) ) ;
#714 = LINE ( 'NONE', #1655, #6920 ) ;
#715 = EDGE_CURVE ( 'NONE', #1290, #4637, #5979, .T. ) ;
#716 = EDGE_LOOP ( 'NONE', ( #3509, #5525, #10548, #4693 ) ) ;
#717 = CARTESIAN_POINT ( 'NONE',  ( 5.754675921659735800, -0.3153173751542484600, 0.1000000000000000100 ) ) ;
#718 = VECTOR ( 'NONE', #5250, 1000.000000000000000 ) ;
#719 = EDGE_LOOP ( 'NONE', ( #4674, #2947, #880, #7917 ) ) ;
#720 = CARTESIAN_POINT ( 'NONE',  ( 4.954675921659327500, -0.1153173751538373000, -0.1000000000000000100 ) ) ;
#721 = DIRECTION ( 'NONE',  ( -0.0000000000000000000, -0.0000000000000000000, -1.000000000000000000 ) ) ;
#722 = CARTESIAN_POINT ( 'NONE',  ( 5.354675921659710600, 0.8346826248458012500, 0.1000000000000000100 ) ) ;
#723 = DIRECTION ( 'NONE',  ( -0.0000000000000000000, -0.0000000000000000000, -1.000000000000000000 ) ) ;
#724 = DIRECTION ( 'NONE',  ( 0.7071067811865460200, -0.7071067811865490200, 0.0000000000000000000 ) ) ;
#725 = ORIENTED_EDGE ( 'NONE', *, *, #2410, .T. ) ;
#726 = VECTOR ( 'NONE', #10453, 1000.000000000000000 ) ;
#727 = CARTESIAN_POINT ( 'NONE',  ( 5.104675921659470800, 0.3996826248457591200, 0.1000000000000000100 ) ) ;
#728 = LINE ( 'NONE', #9639, #6938 ) ;
#729 = VERTEX_POINT ( 'NONE', #36 ) ;
#730 = CARTESIAN_POINT ( 'NONE',  ( 5.304675921659710800, 0.7846826248458012000, 0.1000000000000000100 ) ) ;
#731 = DIRECTION ( 'NONE',  ( 0.0000000000000000000, 0.0000000000000000000, 1.000000000000000000 ) ) ;
#732 = AXIS2_PLACEMENT_3D ( 'NONE', #4183, #9906, #5007 ) ;
#733 = PLANE ( 'NONE',  #2790 ) ;
#734 = CARTESIAN_POINT ( 'NONE',  ( 5.829675921660304500, 0.7846826248455151000, 0.0000000000000000000 ) ) ;
#735 = VECTOR ( 'NONE', #6557, 999.9999999999998900 ) ;
#736 = CARTESIAN_POINT ( 'NONE',  ( 5.829675921659729800, 1.009682624845805500, 0.0000000000000000000 ) ) ;
#737 = VERTEX_POINT ( 'NONE', #7101 ) ;
#738 = CARTESIAN_POINT ( 'NONE',  ( 0.0000000000000000000, 0.0000000000000000000, -0.1000000000000000100 ) ) ;
#739 = ORIENTED_EDGE ( 'NONE', *, *, #4766, .T. ) ;
#740 = VERTEX_POINT ( 'NONE', #9271 ) ;
#741 = DIRECTION ( 'NONE',  ( -0.0000000000000000000, -0.0000000000000000000, -1.000000000000000000 ) ) ;
#742 = DIRECTION ( 'NONE',  ( -1.000000000000000000, 0.0000000000000000000, 0.0000000000000000000 ) ) ;
#743 = CARTESIAN_POINT ( 'NONE',  ( 4.754675921659554700, 0.5096826248458685700, 0.1000000000000000100 ) ) ;
#744 = EDGE_CURVE ( 'NONE', #3761, #9131, #1432, .T. ) ;
#745 = AXIS2_PLACEMENT_3D ( 'NONE', #23, #5700, #851 ) ;
#746 = ADVANCED_FACE ( 'NONE', ( #9845 ), #1173, .F. ) ;
#747 = CYLINDRICAL_SURFACE ( 'NONE', #408, 0.2500000000000002200 ) ;
#748 = CARTESIAN_POINT ( 'NONE',  ( 5.829675921659729800, 0.009682624845806009400, 0.1000000000000000100 ) ) ;
#749 = DIRECTION ( 'NONE',  ( -0.6701030927830382600, 0.7422680412375349800, 0.0000000000000000000 ) ) ;
#750 = SURFACE_STYLE_USAGE ( .BOTH. , #5606 ) ;
#751 = EDGE_LOOP ( 'NONE', ( #5601, #6279, #4705, #2158 ) ) ;
#752 = AXIS2_PLACEMENT_3D ( 'NONE', #7928, #3070, #6246 ) ;
#753 = VECTOR ( 'NONE', #1011, 1000.000000000000000 ) ;
#754 = VERTEX_POINT ( 'NONE', #5540 ) ;
#755 = CARTESIAN_POINT ( 'NONE',  ( 4.954675921659327500, 0.3846826248461626700, 0.0000000000000000000 ) ) ;
#756 = ORIENTED_EDGE ( 'NONE', *, *, #6191, .F. ) ;
#757 = CARTESIAN_POINT ( 'NONE',  ( 5.004675921659327300, 1.309682624845297700, 0.0000000000000000000 ) ) ;
#758 = VECTOR ( 'NONE', #10360, 1000.000000000000000 ) ;
#759 = DIRECTION ( 'NONE',  ( 0.0000000000000000000, 0.0000000000000000000, 1.000000000000000000 ) ) ;
#760 = ADVANCED_FACE ( 'NONE', ( #7904 ), #5008, .F. ) ;
#761 = VERTEX_POINT ( 'NONE', #1060 ) ;
#762 = CARTESIAN_POINT ( 'NONE',  ( 4.704675921660172100, -0.04031737515379178000, 0.1000000000000000100 ) ) ;
#763 = EDGE_LOOP ( 'NONE', ( #9416, #1305, #4964, #10499 ) ) ;
#764 = VERTEX_POINT ( 'NONE', #7971 ) ;
#765 = EDGE_CURVE ( 'NONE', #7515, #3999, #3339, .T. ) ;
#766 = DIRECTION ( 'NONE',  ( 0.7071067811865430200, 0.7071067811865521200, 0.0000000000000000000 ) ) ;
#767 = EDGE_CURVE ( 'NONE', #1290, #7081, #5735, .T. ) ;
#768 = DIRECTION ( 'NONE',  ( 0.0000000000000000000, -1.000000000000000000, 0.0000000000000000000 ) ) ;
#769 = VECTOR ( 'NONE', #5598, 1000.000000000000000 ) ;
#770 = LINE ( 'NONE', #7351, #2692 ) ;
#771 = AXIS2_PLACEMENT_3D ( 'NONE', #10555, #8114, #3257 ) ;
#772 = DIRECTION ( 'NONE',  ( -0.0000000000000000000, -0.0000000000000000000, -1.000000000000000000 ) ) ;
#773 = ORIENTED_EDGE ( 'NONE', *, *, #2864, .T. ) ;
#774 = ORIENTED_EDGE ( 'NONE', *, *, #2944, .T. ) ;
#775 = ORIENTED_EDGE ( 'NONE', *, *, #914, .T. ) ;
#776 = CARTESIAN_POINT ( 'NONE',  ( 5.754675921660088500, 1.384682624846375700, 0.0000000000000000000 ) ) ;
#777 = DIRECTION ( 'NONE',  ( 0.7071067811865398000, -0.7071067811865552300, 0.0000000000000000000 ) ) ;
#778 = DIRECTION ( 'NONE',  ( -0.0000000000000000000, -0.0000000000000000000, -1.000000000000000000 ) ) ;
#779 = EDGE_CURVE ( 'NONE', #1526, #2317, #9590, .T. ) ;
#780 = EDGE_CURVE ( 'NONE', #1488, #1111, #3084, .T. ) ;
#781 = LINE ( 'NONE', #5461, #4835 ) ;
#782 = DIRECTION ( 'NONE',  ( -1.000000000000000000, 0.0000000000000000000, 0.0000000000000000000 ) ) ;
#783 = LINE ( 'NONE', #8311, #7262 ) ;
#784 = ORIENTED_EDGE ( 'NONE', *, *, #10575, .F. ) ;
#785 = ORIENTED_EDGE ( 'NONE', *, *, #442, .F. ) ;
#786 = ORIENTED_EDGE ( 'NONE', *, *, #2625, .F. ) ;
#787 = CARTESIAN_POINT ( 'NONE',  ( 5.304675921659710800, 0.4146826248459104000, 0.0000000000000000000 ) ) ;
#788 = ORIENTED_EDGE ( 'NONE', *, *, #4765, .F. ) ;
#789 = CARTESIAN_POINT ( 'NONE',  ( 5.354675921659713300, 0.09468262484602194000, 0.1000000000000000100 ) ) ;
#790 = CARTESIAN_POINT ( 'NONE',  ( 5.040567649154480600, 0.04968262484573889700, 0.0000000000000000000 ) ) ;
#791 = CARTESIAN_POINT ( 'NONE',  ( 4.754675921659630200, 0.009682624845666794300, 0.1000000000000000100 ) ) ;
#792 = ORIENTED_EDGE ( 'NONE', *, *, #5388, .T. ) ;
#793 = VECTOR ( 'NONE', #8198, 1000.000000000000000 ) ;
#794 = VERTEX_POINT ( 'NONE', #7579 ) ;
#795 = VECTOR ( 'NONE', #615, 1000.000000000000000 ) ;
#796 = LINE ( 'NONE', #608, #4856 ) ;
#797 = VERTEX_POINT ( 'NONE', #10196 ) ;
#798 = DIRECTION ( 'NONE',  ( -0.7071067811865490200, 0.7071067811865460200, 0.0000000000000000000 ) ) ;
#799 = EDGE_LOOP ( 'NONE', ( #5785, #4305, #1243, #5943, #4202, #5845, #7012, #8586, #10084, #5310, #6838, #835, #317, #7200, #4870 ) ) ;
#800 = CARTESIAN_POINT ( 'NONE',  ( 6.004675921659153200, 0.7096826248452987600, 0.0000000000000000000 ) ) ;
#801 = ORIENTED_EDGE ( 'NONE', *, *, #2799, .F. ) ;
#802 = CARTESIAN_POINT ( 'NONE',  ( 5.754675921660088500, -0.1153173751549743100, -0.1000000000000000100 ) ) ;
#803 = VECTOR ( 'NONE', #9279, 1000.000000000000000 ) ;
#804 = CARTESIAN_POINT ( 'NONE',  ( 6.004675921659058200, 1.459682624846193600, 0.0000000000000000000 ) ) ;
#805 = DIRECTION ( 'NONE',  ( 0.0000000000000000000, 0.0000000000000000000, 1.000000000000000000 ) ) ;
#806 = LINE ( 'NONE', #35, #2463 ) ;
#807 = DIRECTION ( 'NONE',  ( -1.000000000000000000, 0.0000000000000000000, 0.0000000000000000000 ) ) ;
#808 = DIRECTION ( 'NONE',  ( 0.0000000000000000000, 0.0000000000000000000, 1.000000000000000000 ) ) ;
#809 = VECTOR ( 'NONE', #5402, 1000.000000000000000 ) ;
#810 = ORIENTED_EDGE ( 'NONE', *, *, #7717, .T. ) ;
#811 = DIRECTION ( 'NONE',  ( 0.7071067811865483500, -0.7071067811865468000, 0.0000000000000000000 ) ) ;
#812 = ORIENTED_EDGE ( 'NONE', *, *, #5524, .F. ) ;
#813 = EDGE_CURVE ( 'NONE', #3913, #9094, #5479, .T. ) ;
#814 = LINE ( 'NONE', #6274, #9214 ) ;
#815 = PLANE ( 'NONE',  #4269 ) ;
#816 = CARTESIAN_POINT ( 'NONE',  ( 5.829675921660304500, 0.7846826248455151000, 0.0000000000000000000 ) ) ;
#817 = VECTOR ( 'NONE', #3997, 1000.000000000000000 ) ;
#818 = CARTESIAN_POINT ( 'NONE',  ( 4.704675921658918000, 0.2096826248464359600, 0.1000000000000000100 ) ) ;
#819 = VECTOR ( 'NONE', #4916, 1000.000000000000000 ) ;
#820 = VERTEX_POINT ( 'NONE', #10556 ) ;
#821 = ADVANCED_FACE ( 'NONE', ( #660 ), #5041, .F. ) ;
#822 = AXIS2_PLACEMENT_3D ( 'NONE', #5230, #6039, #1210 ) ;
#823 = DIRECTION ( 'NONE',  ( -0.0000000000000000000, -1.000000000000000000, -0.0000000000000000000 ) ) ;
#824 = ORIENTED_EDGE ( 'NONE', *, *, #7819, .T. ) ;
#825 = VECTOR ( 'NONE', #5715, 1000.000000000000000 ) ;
#826 = DIRECTION ( 'NONE',  ( -0.0000000000000000000, -0.0000000000000000000, -1.000000000000000000 ) ) ;
#827 = DIRECTION ( 'NONE',  ( 0.6557845842852039200, -0.7549480637857695100, 0.0000000000000000000 ) ) ;
#828 = CYLINDRICAL_SURFACE ( 'NONE', #3016, 0.07500000000021551900 ) ;
#829 = EDGE_CURVE ( 'NONE', #2325, #6069, #9320, .T. ) ;
#830 = EDGE_CURVE ( 'NONE', #2179, #6299, #9063, .T. ) ;
#831 = LINE ( 'NONE', #4983, #2759 ) ;
#832 = DIRECTION ( 'NONE',  ( 1.000000000000000000, 0.0000000000000000000, 0.0000000000000000000 ) ) ;
#834 = EDGE_LOOP ( 'NONE', ( #8528, #8668, #9476, #9608 ) ) ;
#833 = DIRECTION ( 'NONE',  ( -0.0000000000000000000, -0.0000000000000000000, -1.000000000000000000 ) ) ;
#835 = ORIENTED_EDGE ( 'NONE', *, *, #3705, .F. ) ;
#836 = VECTOR ( 'NONE', #5272, 1000.000000000000000 ) ;
#837 = DIRECTION ( 'NONE',  ( 0.0000000000000000000, 0.0000000000000000000, 1.000000000000000000 ) ) ;
#838 = ORIENTED_EDGE ( 'NONE', *, *, #7853, .F. ) ;
#839 = DIRECTION ( 'NONE',  ( -1.000000000000000000, -2.168404344971021900E-015, -0.0000000000000000000 ) ) ;
#840 = FACE_OUTER_BOUND ( 'NONE', #8591, .T. ) ;
#841 = EDGE_CURVE ( 'NONE', #9035, #7511, #7124, .T. ) ;
#842 = ORIENTED_EDGE ( 'NONE', *, *, #10131, .F. ) ;
#843 = EDGE_CURVE ( 'NONE', #10151, #3263, #4715, .T. ) ;
#844 = CIRCLE ( 'NONE', #1304, 0.04999999999999969700 ) ;
#845 = CARTESIAN_POINT ( 'NONE',  ( 5.754675921660088500, -0.1153173751549743100, -0.1000000000000000100 ) ) ;
#846 = DIRECTION ( 'NONE',  ( -1.000000000000000000, 0.0000000000000000000, 0.0000000000000000000 ) ) ;
#847 = DIRECTION ( 'NONE',  ( -0.0000000000000000000, -0.0000000000000000000, -1.000000000000000000 ) ) ;
#848 = FACE_OUTER_BOUND ( 'NONE', #2796, .T. ) ;
#849 = ORIENTED_EDGE ( 'NONE', *, *, #1710, .T. ) ;
#850 = DIRECTION ( 'NONE',  ( -0.0000000000000000000, 1.000000000000000000, -0.0000000000000000000 ) ) ;
#851 = DIRECTION ( 'NONE',  ( 1.000000000000000000, 0.0000000000000000000, 0.0000000000000000000 ) ) ;
#852 = COLOUR_RGB ( '',0.0000000000000000000, 0.0000000000000000000, 0.0000000000000000000 ) ;
#853 = FACE_OUTER_BOUND ( 'NONE', #4180, .T. ) ;
#854 = EDGE_LOOP ( 'NONE', ( #5737, #5362, #6878, #3744 ) ) ;
#855 = AXIS2_PLACEMENT_3D ( 'NONE', #3635, #6889, #2044 ) ;
#856 = DIRECTION ( 'NONE',  ( 1.000000000000000000, -1.734723475978141600E-015, 0.0000000000000000000 ) ) ;
#857 = EDGE_CURVE ( 'NONE', #7457, #4139, #403, .T. ) ;
#858 = ORIENTED_EDGE ( 'NONE', *, *, #4167, .T. ) ;
#859 = CIRCLE ( 'NONE', #8380, 0.2500000000000002200 ) ;
#860 = VERTEX_POINT ( 'NONE', #3039 ) ;
#861 = DIRECTION ( 'NONE',  ( 0.6557845842851962600, 0.7549480637857761700, 0.0000000000000000000 ) ) ;
#862 = ADVANCED_FACE ( 'NONE', ( #2326 ), #8876, .T. ) ;
#863 = CARTESIAN_POINT ( 'NONE',  ( 6.104675921659724800, -0.04031737515492882200, -0.1000000000000000100 ) ) ;
#864 = CARTESIAN_POINT ( 'NONE',  ( 5.489675921659714000, 1.103366499252744100, 0.0000000000000000000 ) ) ;
#865 = CARTESIAN_POINT ( 'NONE',  ( 4.954675921659327500, 0.3846826248462763000, -0.1000000000000000100 ) ) ;
#866 = LINE ( 'NONE', #7729, #3295 ) ;
#867 = VERTEX_POINT ( 'NONE', #5224 ) ;
#868 = ORIENTED_EDGE ( 'NONE', *, *, #4035, .F. ) ;
#869 = ORIENTED_EDGE ( 'NONE', *, *, #567, .T. ) ;
#870 = AXIS2_PLACEMENT_3D ( 'NONE', #5633, #6451, #1615 ) ;
#871 = CARTESIAN_POINT ( 'NONE',  ( 4.604675921659691100, -0.4153173751542453800, 0.7499999999999998900 ) ) ;
#872 = DIRECTION ( 'NONE',  ( 1.000000000000000000, 1.262831698822006900E-014, -0.0000000000000000000 ) ) ;
#873 = CARTESIAN_POINT ( 'NONE',  ( 5.304675921659710800, 0.7846826248458012000, 0.0000000000000000000 ) ) ;
#874 = VECTOR ( 'NONE', #6550, 1000.000000000000000 ) ;
#875 = CYLINDRICAL_SURFACE ( 'NONE', #9454, 0.04999999999999969700 ) ;
#877 = ORIENTED_EDGE ( 'NONE', *, *, #1852, .F. ) ;
#876 = CARTESIAN_POINT ( 'NONE',  ( 4.729675921659755000, 1.484682624845893300, 0.1000000000000000100 ) ) ;
#878 = DIRECTION ( 'NONE',  ( 1.000000000000000000, 0.0000000000000000000, -0.0000000000000000000 ) ) ;
#879 = ORIENTED_EDGE ( 'NONE', *, *, #4647, .F. ) ;
#880 = ORIENTED_EDGE ( 'NONE', *, *, #672, .T. ) ;
#881 = EDGE_CURVE ( 'NONE', #10054, #252, #139, .T. ) ;
#882 = AXIS2_PLACEMENT_3D ( 'NONE', #1633, #8118, #3261 ) ;
#883 = EDGE_CURVE ( 'NONE', #1817, #10584, #8554, .T. ) ;
#884 = CARTESIAN_POINT ( 'NONE',  ( 5.154675921659472400, 0.7207828955904754800, 0.1000000000000000100 ) ) ;
#885 = CARTESIAN_POINT ( 'NONE',  ( 5.754675921660088500, 0.3846826248450256900, -0.1000000000000000100 ) ) ;
#886 = LINE ( 'NONE', #3589, #9564 ) ;
#887 = VECTOR ( 'NONE', #10539, 1000.000000000000100 ) ;
#888 = EDGE_LOOP ( 'NONE', ( #6559, #5065, #2004, #493, #2952, #6612 ) ) ;
#889 = ORIENTED_EDGE ( 'NONE', *, *, #1502, .F. ) ;
#890 = ORIENTED_EDGE ( 'NONE', *, *, #9011, .F. ) ;
#891 = CARTESIAN_POINT ( 'NONE',  ( 6.104675921659724800, 0.7096826248452986500, 0.1000000000000000500 ) ) ;
#892 = VECTOR ( 'NONE', #1382, 1000.000000000000000 ) ;
#893 = LINE ( 'NONE', #9781, #9308 ) ;
#894 = CARTESIAN_POINT ( 'NONE',  ( 6.104675921659724800, 0.4596826248450710500, 0.1000000000000000100 ) ) ;
#895 = EDGE_CURVE ( 'NONE', #2347, #1556, #6614, .T. ) ;
#896 = FACE_OUTER_BOUND ( 'NONE', #4874, .T. ) ;
#897 = DIRECTION ( 'NONE',  ( 0.0000000000000000000, 0.0000000000000000000, 1.000000000000000000 ) ) ;
#898 = EDGE_CURVE ( 'NONE', #430, #6466, #2063, .T. ) ;
#899 = ORIENTED_EDGE ( 'NONE', *, *, #8873, .F. ) ;
#900 = ORIENTED_EDGE ( 'NONE', *, *, #10293, .T. ) ;
#901 = ORIENTED_EDGE ( 'NONE', *, *, #8851, .F. ) ;
#902 = CARTESIAN_POINT ( 'NONE',  ( 4.604675921659691100, 1.584682624845752000, -0.1000000000000000100 ) ) ;
#903 = DIRECTION ( 'NONE',  ( 0.8525082208477700000, 0.5227138159518741600, 0.0000000000000000000 ) ) ;
#904 = AXIS2_PLACEMENT_3D ( 'NONE', #7197, #2356, #8015 ) ;
#905 = VECTOR ( 'NONE', #10476, 1000.000000000000000 ) ;
#906 = ORIENTED_EDGE ( 'NONE', *, *, #8050, .T. ) ;
#907 = DIRECTION ( 'NONE',  ( 0.0000000000000000000, -1.000000000000000000, 0.0000000000000000000 ) ) ;
#908 = VECTOR ( 'NONE', #1092, 1000.000000000000100 ) ;
#909 = DIRECTION ( 'NONE',  ( -1.000000000000000000, -4.928191693119192100E-017, 0.0000000000000000000 ) ) ;
#910 = VERTEX_POINT ( 'NONE', #1728 ) ;
#911 = ORIENTED_EDGE ( 'NONE', *, *, #2133, .T. ) ;
#912 = ORIENTED_EDGE ( 'NONE', *, *, #6685, .F. ) ;
#913 = VERTEX_POINT ( 'NONE', #5825 ) ;
#914 = EDGE_CURVE ( 'NONE', #189, #1069, #3963, .T. ) ;
#915 = EDGE_CURVE ( 'NONE', #535, #3229, #6364, .T. ) ;
#916 = ADVANCED_FACE ( 'NONE', ( #6101 ), #1557, .F. ) ;
#917 = VERTEX_POINT ( 'NONE', #6068 ) ;
#918 = FACE_OUTER_BOUND ( 'NONE', #6512, .T. ) ;
#919 = CARTESIAN_POINT ( 'NONE',  ( 5.829675921660304500, 0.7846826248455151000, -0.1000000000000000100 ) ) ;
#920 = CARTESIAN_POINT ( 'NONE',  ( 4.754675921659554700, 0.5096826248458685700, 0.0000000000000000000 ) ) ;
#921 = ORIENTED_EDGE ( 'NONE', *, *, #8829, .F. ) ;
#922 = CARTESIAN_POINT ( 'NONE',  ( 6.004675921660364700, 0.4596826248450711100, 0.0000000000000000000 ) ) ;
#923 = LINE ( 'NONE', #7507, #9335 ) ;
#924 = LINE ( 'NONE', #4333, #4982 ) ;
#925 = CARTESIAN_POINT ( 'NONE',  ( 5.829675921660816900, 0.7096826248452989800, -0.1000000000000000100 ) ) ;
#926 = ORIENTED_EDGE ( 'NONE', *, *, #10029, .F. ) ;
#927 = EDGE_LOOP ( 'NONE', ( #5324, #4452, #4256, #2246 ) ) ;
#928 = ORIENTED_EDGE ( 'NONE', *, *, #9231, .F. ) ;
#929 = FACE_OUTER_BOUND ( 'NONE', #7206, .T. ) ;
#930 = AXIS2_PLACEMENT_3D ( 'NONE', #7555, #8639, #6723 ) ;
#931 = CARTESIAN_POINT ( 'NONE',  ( 5.954675921659633900, 1.009682624845805500, 0.0000000000000000000 ) ) ;
#932 = LINE ( 'NONE', #587, #8834 ) ;
#933 = LINE ( 'NONE', #1946, #9349 ) ;
#934 = ORIENTED_EDGE ( 'NONE', *, *, #624, .F. ) ;
#935 = MANIFOLD_SOLID_BREP ( '相交1[6]', #1325 ) ;
#936 = CARTESIAN_POINT ( 'NONE',  ( 5.040567649154480600, 0.09968262484573889300, 0.1000000000000000100 ) ) ;
#937 = AXIS2_PLACEMENT_3D ( 'NONE', #2228, #7897, #3035 ) ;
#938 = ORIENTED_EDGE ( 'NONE', *, *, #5664, .F. ) ;
#939 = LINE ( 'NONE', #323, #4999 ) ;
#940 = DIRECTION ( 'NONE',  ( -0.0000000000000000000, -0.0000000000000000000, -1.000000000000000000 ) ) ;
#941 = DIRECTION ( 'NONE',  ( 1.000000000000000000, 0.0000000000000000000, 0.0000000000000000000 ) ) ;
#942 = DIRECTION ( 'NONE',  ( 0.0000000000000000000, -0.0000000000000000000, 1.000000000000000000 ) ) ;
#943 = VECTOR ( 'NONE', #7686, 1000.000000000000000 ) ;
#944 = DIRECTION ( 'NONE',  ( -1.000000000000000000, 0.0000000000000000000, 0.0000000000000000000 ) ) ;
#945 = DIRECTION ( 'NONE',  ( 1.000000000000000000, 1.262831698822006900E-014, -0.0000000000000000000 ) ) ;
#946 = VECTOR ( 'NONE', #9455, 1000.000000000000000 ) ;
#947 = EDGE_CURVE ( 'NONE', #598, #9680, #5081, .T. ) ;
#948 = AXIS2_PLACEMENT_3D ( 'NONE', #9244, #1130, #5207 ) ;
#949 = DIRECTION ( 'NONE',  ( -0.5052931799762432300, -0.8629477401728888900, 0.0000000000000000000 ) ) ;
#950 = FACE_OUTER_BOUND ( 'NONE', #4701, .T. ) ;
#951 = AXIS2_PLACEMENT_3D ( 'NONE', #254, #10019, #1880 ) ;
#952 = CARTESIAN_POINT ( 'NONE',  ( 4.937028862835632900, 0.4790943895518071600, 0.1000000000000000100 ) ) ;
#953 = CARTESIAN_POINT ( 'NONE',  ( 5.304675921659710800, 0.6646826248458013200, 0.1000000000000000100 ) ) ;
#954 = VERTEX_POINT ( 'NONE', #5475 ) ;
#955 = CARTESIAN_POINT ( 'NONE',  ( 4.917175921659649300, 0.6596826248457984300, 0.1000000000000000100 ) ) ;
#956 = CARTESIAN_POINT ( 'NONE',  ( 4.704675921660172100, -0.04031737515379178000, 0.1000000000000000100 ) ) ;
#957 = VECTOR ( 'NONE', #8640, 999.9999999999998900 ) ;
#958 = VERTEX_POINT ( 'NONE', #7713 ) ;
#959 = CIRCLE ( 'NONE', #10579, 0.04999999999999883000 ) ;
#960 = EDGE_CURVE ( 'NONE', #4465, #7470, #9185, .T. ) ;
#961 = EDGE_CURVE ( 'NONE', #10202, #5553, #783, .T. ) ;
#962 = DIRECTION ( 'NONE',  ( -0.0000000000000000000, -0.0000000000000000000, -1.000000000000000000 ) ) ;
#963 = ORIENTED_EDGE ( 'NONE', *, *, #2691, .T. ) ;
#964 = CARTESIAN_POINT ( 'NONE',  ( 4.879675921659534200, 0.009682624845666513300, 0.1000000000000000100 ) ) ;
#965 = CARTESIAN_POINT ( 'NONE',  ( 5.489675921659711300, 1.034682624845928400, 0.1000000000000000100 ) ) ;
#966 = VECTOR ( 'NONE', #4083, 1000.000000000000100 ) ;
#967 = ADVANCED_FACE ( 'NONE', ( #4838 ), #7446, .F. ) ;
#968 = CARTESIAN_POINT ( 'NONE',  ( 5.829675921659729800, 0.6596826248457794400, 0.1000000000000000100 ) ) ;
#969 = VERTEX_POINT ( 'NONE', #1887 ) ;
#970 = VECTOR ( 'NONE', #1972, 1000.000000000000000 ) ;
#971 = DIRECTION ( 'NONE',  ( -0.7071067811865474600, 0.7071067811865474600, 0.0000000000000000000 ) ) ;
#972 = ORIENTED_EDGE ( 'NONE', *, *, #4497, .F. ) ;
#973 =( NAMED_UNIT ( * ) PLANE_ANGLE_UNIT ( ) SI_UNIT ( $, .RADIAN. ) );
#974 = DIRECTION ( 'NONE',  ( -0.7071067811865444600, 0.7071067811865505700, 0.0000000000000000000 ) ) ;
#975 = DIRECTION ( 'NONE',  ( 0.0000000000000000000, -1.000000000000000000, 0.0000000000000000000 ) ) ;
#976 = EDGE_CURVE ( 'NONE', #7696, #5109, #2945, .T. ) ;
#977 = EDGE_CURVE ( 'NONE', #9085, #2671, #520, .T. ) ;
#979 = ORIENTED_EDGE ( 'NONE', *, *, #3733, .T. ) ;
#978 = SURFACE_SIDE_STYLE ('',( #10211 ) ) ;
#980 = LINE ( 'NONE', #9641, #5544 ) ;
#981 = LINE ( 'NONE', #9500, #9396 ) ;
#982 = DIRECTION ( 'NONE',  ( 0.0000000000000000000, 0.0000000000000000000, 1.000000000000000000 ) ) ;
#983 = ORIENTED_EDGE ( 'NONE', *, *, #5243, .T. ) ;
#984 = CARTESIAN_POINT ( 'NONE',  ( 5.104675921659473500, 0.7207828955904757000, 0.1000000000000000100 ) ) ;
#985 = CARTESIAN_POINT ( 'NONE',  ( 4.754675921659438300, 1.159682624845901600, 0.1000000000000000100 ) ) ;
#986 = CARTESIAN_POINT ( 'NONE',  ( 5.439675921659715900, 1.103366499252742500, 0.1000000000000000100 ) ) ;
#987 = DIRECTION ( 'NONE',  ( 0.0000000000000000000, 0.0000000000000000000, 1.000000000000000000 ) ) ;
#988 = AXIS2_PLACEMENT_3D ( 'NONE', #555, #8986, #10411 ) ;
#989 = CIRCLE ( 'NONE', #745, 0.07500000000021639400 ) ;
#990 = DIRECTION ( 'NONE',  ( 1.000000000000000000, 0.0000000000000000000, 0.0000000000000000000 ) ) ;
#991 = ORIENTED_EDGE ( 'NONE', *, *, #2082, .T. ) ;
#992 = MANIFOLD_SOLID_BREP ( '相交1[9]', #4762 ) ;
#993 = VERTEX_POINT ( 'NONE', #1513 ) ;
#994 = ORIENTED_EDGE ( 'NONE', *, *, #7574, .T. ) ;
#995 = CARTESIAN_POINT ( 'NONE',  ( 5.829675921660816900, 0.7096826248452988700, -0.1000000000000000100 ) ) ;
#996 = VECTOR ( 'NONE', #4310, 1000.000000000000000 ) ;
#997 = DIRECTION ( 'NONE',  ( 1.000000000000000000, 0.0000000000000000000, 0.0000000000000000000 ) ) ;
#998 = CARTESIAN_POINT ( 'NONE',  ( 4.879675921659459600, 1.009682624845825900, 0.0000000000000000000 ) ) ;
#999 = ORIENTED_EDGE ( 'NONE', *, *, #5796, .F. ) ;
#1000 = LINE ( 'NONE', #187, #753 ) ;
#1001 = CARTESIAN_POINT ( 'NONE',  ( 5.154675921659544400, -0.01619039102726995200, 0.0000000000000000000 ) ) ;
#1002 = ORIENTED_EDGE ( 'NONE', *, *, #3812, .T. ) ;
#1003 = ORIENTED_EDGE ( 'NONE', *, *, #2540, .F. ) ;
#1004 = EDGE_LOOP ( 'NONE', ( #9227, #141, #8137, #1027 ) ) ;
#1005 = EDGE_CURVE ( 'NONE', #10352, #1716, #5969, .T. ) ;
#1006 = DIRECTION ( 'NONE',  ( 0.0000000000000000000, -0.0000000000000000000, -1.000000000000000000 ) ) ;
#1007 = AXIS2_PLACEMENT_3D ( 'NONE', #816, #6483, #1646 ) ;
#1008 = EDGE_CURVE ( 'NONE', #7549, #4321, #8152, .T. ) ;
#1009 = CARTESIAN_POINT ( 'NONE',  ( 4.704675921658628500, 1.459682624844767000, 0.1000000000000000100 ) ) ;
#1010 = ADVANCED_FACE ( 'NONE', ( #10336 ), #9941, .F. ) ;
#1011 = DIRECTION ( 'NONE',  ( 0.5767910276949441700, 0.8168917372397704900, 0.0000000000000000000 ) ) ;
#1012 = VECTOR ( 'NONE', #7876, 1000.000000000000000 ) ;
#1013 = AXIS2_PLACEMENT_3D ( 'NONE', #734, #6415, #1575 ) ;
#1014 = DIRECTION ( 'NONE',  ( 0.0000000000000000000, 0.0000000000000000000, 1.000000000000000000 ) ) ;
#1015 = VERTEX_POINT ( 'NONE', #3784 ) ;
#1016 = DIRECTION ( 'NONE',  ( 0.7105680696062410800, 0.7036284662064633500, -0.0000000000000000000 ) ) ;
#1017 = VERTEX_POINT ( 'NONE', #1630 ) ;
#1018 = EDGE_LOOP ( 'NONE', ( #1328, #6849, #4295, #1539 ) ) ;
#1019 = DIRECTION ( 'NONE',  ( 0.0000000000000000000, 0.0000000000000000000, 1.000000000000000000 ) ) ;
#1020 = CARTESIAN_POINT ( 'NONE',  ( 5.829675921659906600, 0.9596826248450711600, -0.1000000000000000100 ) ) ;
#1021 = ADVANCED_FACE ( 'NONE', ( #1419 ), #6812, .F. ) ;
#1022 = LINE ( 'NONE', #9212, #5329 ) ;
#1023 = DIRECTION ( 'NONE',  ( 0.0000000000000000000, 0.0000000000000000000, 1.000000000000000000 ) ) ;
#1024 = DIRECTION ( 'NONE',  ( 1.000000000000000000, 0.0000000000000000000, -0.0000000000000000000 ) ) ;
#1025 = LINE ( 'NONE', #10435, #2935 ) ;
#1026 = VERTEX_POINT ( 'NONE', #9810 ) ;
#1027 = ORIENTED_EDGE ( 'NONE', *, *, #1030, .T. ) ;
#1028 = ORIENTED_EDGE ( 'NONE', *, *, #10575, .T. ) ;
#1029 = DIRECTION ( 'NONE',  ( 1.000000000000000000, 0.0000000000000000000, -0.0000000000000000000 ) ) ;
#1030 = EDGE_CURVE ( 'NONE', #8769, #6663, #10080, .T. ) ;
#1031 = AXIS2_PLACEMENT_3D ( 'NONE', #4721, #10436, #5532 ) ;
#1032 = EDGE_CURVE ( 'NONE', #3716, #6734, #7891, .T. ) ;
#1033 = CARTESIAN_POINT ( 'NONE',  ( 5.829675921660304500, 1.384682624845977400, -0.1000000000000000100 ) ) ;
#1034 = CARTESIAN_POINT ( 'NONE',  ( 4.604675921659691100, 1.584682624845752000, 0.7499999999999998900 ) ) ;
#1035 = CARTESIAN_POINT ( 'NONE',  ( 4.954675921659529100, 1.159682624845901600, 0.1000000000000000100 ) ) ;
#1036 = LINE ( 'NONE', #2401, #518 ) ;
#1037 = AXIS2_PLACEMENT_3D ( 'NONE', #8645, #7014, #2175 ) ;
#1038 = EDGE_LOOP ( 'NONE', ( #7976, #1102, #5270, #3332 ) ) ;
#1039 = ORIENTED_EDGE ( 'NONE', *, *, #195, .F. ) ;
#1041 = VERTEX_POINT ( 'NONE', #2192 ) ;
#1040 = PLANE ( 'NONE',  #4543 ) ;
#1042 = ORIENTED_EDGE ( 'NONE', *, *, #6607, .T. ) ;
#1043 = DIRECTION ( 'NONE',  ( -1.000000000000000000, 0.0000000000000000000, 0.0000000000000000000 ) ) ;
#1044 = VERTEX_POINT ( 'NONE', #5123 ) ;
#1045 = DIRECTION ( 'NONE',  ( 1.000000000000000000, 0.0000000000000000000, 0.0000000000000000000 ) ) ;
#1046 = DIRECTION ( 'NONE',  ( 1.000000000000000000, 0.0000000000000000000, 0.0000000000000000000 ) ) ;
#1047 = LINE ( 'NONE', #6577, #5090 ) ;
#1048 = EDGE_CURVE ( 'NONE', #4776, #9157, #3831, .T. ) ;
#1049 = ORIENTED_EDGE ( 'NONE', *, *, #2750, .T. ) ;
#1050 = CARTESIAN_POINT ( 'NONE',  ( 5.139559183011347600, 0.7566040915149113700, 0.1000000000000000100 ) ) ;
#1051 = CIRCLE ( 'NONE', #4115, 0.07500000000021639400 ) ;
#1052 = FACE_OUTER_BOUND ( 'NONE', #3974, .T. ) ;
#1053 = CARTESIAN_POINT ( 'NONE',  ( 4.604675921659691100, 0.4596826248462081400, -0.1000000000000000100 ) ) ;
#1054 = PLANE ( 'NONE',  #8139 ) ;
#1055 = VERTEX_POINT ( 'NONE', #1164 ) ;
#1056 = AXIS2_PLACEMENT_3D ( 'NONE', #2156, #4592, #10302 ) ;
#1057 = CARTESIAN_POINT ( 'NONE',  ( 4.954675921659530000, 1.484682624845893300, 0.0000000000000000000 ) ) ;
#1058 = ORIENTED_EDGE ( 'NONE', *, *, #4986, .F. ) ;
#1059 = LINE ( 'NONE', #10068, #7281 ) ;
#1060 = CARTESIAN_POINT ( 'NONE',  ( 5.018646509894665500, 0.6055649777869399600, 0.0000000000000000000 ) ) ;
#1061 = DIRECTION ( 'NONE',  ( -0.0000000000000000000, -0.0000000000000000000, -1.000000000000000000 ) ) ;
#1062 = CYLINDRICAL_SURFACE ( 'NONE', #217, 0.07500000000021551900 ) ;
#1063 = CARTESIAN_POINT ( 'NONE',  ( 5.558906690890459900, 0.9846826248459265000, 0.1000000000000000100 ) ) ;
#1064 = LINE ( 'NONE', #554, #809 ) ;
#1065 = EDGE_CURVE ( 'NONE', #9953, #3170, #5466, .T. ) ;
#1066 = ORIENTED_EDGE ( 'NONE', *, *, #9901, .F. ) ;
#1067 = CARTESIAN_POINT ( 'NONE',  ( 4.604675921659691100, 1.584682624845752000, 0.7499999999999998900 ) ) ;
#1068 = DIRECTION ( 'NONE',  ( 0.7071067811865460200, 0.7071067811865489100, -0.0000000000000000000 ) ) ;
#1069 = VERTEX_POINT ( 'NONE', #998 ) ;
#1070 = VECTOR ( 'NONE', #8684, 1000.000000000000000 ) ;
#1071 = CARTESIAN_POINT ( 'NONE',  ( 4.879675921658599900, -0.2903173751535639800, -0.1000000000000000100 ) ) ;
#1072 = ADVANCED_FACE ( 'NONE', ( #7637 ), #5202, .F. ) ;
#1073 = CARTESIAN_POINT ( 'NONE',  ( 0.0000000000000000000, 0.0000000000000000000, -0.1000000000000000100 ) ) ;
#1074 = LINE ( 'NONE', #3155, #7295 ) ;
#1075 = CARTESIAN_POINT ( 'NONE',  ( 4.604675921659691100, -0.04031737515379176000, -0.1000000000000000100 ) ) ;
#1076 = FACE_OUTER_BOUND ( 'NONE', #9022, .T. ) ;
#1077 = EDGE_LOOP ( 'NONE', ( #2851, #2331, #7985, #1145, #4302, #4074 ) ) ;
#1078 = DIRECTION ( 'NONE',  ( -0.0000000000000000000, -0.0000000000000000000, -1.000000000000000000 ) ) ;
#1079 = ORIENTED_EDGE ( 'NONE', *, *, #2355, .F. ) ;
#1080 = VECTOR ( 'NONE', #798, 1000.000000000000100 ) ;
#1081 = CARTESIAN_POINT ( 'NONE',  ( 5.054675921659471000, 0.6996826248457589400, 0.0000000000000000000 ) ) ;
#1082 = FACE_OUTER_BOUND ( 'NONE', #119, .T. ) ;
#1083 = ADVANCED_FACE ( 'NONE', ( #5721 ), #1773, .F. ) ;
#1084 = CARTESIAN_POINT ( 'NONE',  ( 6.104675921659724800, -0.04031737515492882200, -0.1000000000000000100 ) ) ;
#1085 = AXIS2_PLACEMENT_3D ( 'NONE', #9370, #1252, #436 ) ;
#1086 = CARTESIAN_POINT ( 'NONE',  ( 4.604675921659691100, 0.4596826248462081400, -0.1000000000000000100 ) ) ;
#1087 = CARTESIAN_POINT ( 'NONE',  ( 5.606983613967200200, 0.8346826248458012500, 0.1000000000000000100 ) ) ;
#1088 = ORIENTED_EDGE ( 'NONE', *, *, #6351, .T. ) ;
#1089 = ORIENTED_EDGE ( 'NONE', *, *, #7313, .T. ) ;
#1090 = VECTOR ( 'NONE', #388, 1000.000000000000100 ) ;
#1091 = DIRECTION ( 'NONE',  ( 1.000000000000000000, 0.0000000000000000000, 0.0000000000000000000 ) ) ;
#1092 = DIRECTION ( 'NONE',  ( -0.6557845842851961500, -0.7549480637857761700, 0.0000000000000000000 ) ) ;
#1093 = CARTESIAN_POINT ( 'NONE',  ( 4.954675921659327500, -0.1153173751538373000, 0.0000000000000000000 ) ) ;
#1094 = ORIENTED_EDGE ( 'NONE', *, *, #9080, .T. ) ;
#1095 = EDGE_CURVE ( 'NONE', #10151, #7881, #7384, .T. ) ;
#1096 = AXIS2_PLACEMENT_3D ( 'NONE', #5190, #345, #6015 ) ;
#1097 = PLANE ( 'NONE',  #6264 ) ;
#1098 = EDGE_CURVE ( 'NONE', #396, #8711, #3071, .T. ) ;
#1099 = VECTOR ( 'NONE', #237, 1000.000000000000000 ) ;
#1100 = DIRECTION ( 'NONE',  ( 0.0000000000000000000, 0.0000000000000000000, 1.000000000000000000 ) ) ;
#1101 = AXIS2_PLACEMENT_3D ( 'NONE', #8105, #5671, #3252 ) ;
#1102 = ORIENTED_EDGE ( 'NONE', *, *, #5016, .F. ) ;
#1103 = CARTESIAN_POINT ( 'NONE',  ( 4.754675921659630200, 0.009682624845666794300, 0.0000000000000000000 ) ) ;
#1104 = CARTESIAN_POINT ( 'NONE',  ( 5.954675921659633900, 0.1596826248457502400, 0.1000000000000000100 ) ) ;
#1105 = CIRCLE ( 'NONE', #198, 0.04999999999999969700 ) ;
#1106 = CARTESIAN_POINT ( 'NONE',  ( 4.604675921659691100, 1.584682624845752000, -0.1000000000000000100 ) ) ;
#1107 = DIRECTION ( 'NONE',  ( 1.000000000000000000, 0.0000000000000000000, -0.0000000000000000000 ) ) ;
#1108 = LINE ( 'NONE', #4580, #3013 ) ;
#1109 = CARTESIAN_POINT ( 'NONE',  ( 5.489675921659714900, 0.9846826248459260600, 0.1000000000000000100 ) ) ;
#1110 = CARTESIAN_POINT ( 'NONE',  ( 5.979675921659509900, -0.3153173751542490100, 0.1000000000000000100 ) ) ;
#1111 = VERTEX_POINT ( 'NONE', #6183 ) ;
#1112 = EDGE_CURVE ( 'NONE', #3481, #9326, #4958, .T. ) ;
#1113 = LINE ( 'NONE', #186, #2255 ) ;
#1114 = EDGE_CURVE ( 'NONE', #8962, #6294, #7113, .T. ) ;
#1115 = VECTOR ( 'NONE', #1762, 1000.000000000000000 ) ;
#1116 = ORIENTED_EDGE ( 'NONE', *, *, #9374, .F. ) ;
#1117 = DIRECTION ( 'NONE',  ( 1.000000000000000000, 0.0000000000000000000, 0.0000000000000000000 ) ) ;
#1118 = DIRECTION ( 'NONE',  ( -0.0000000000000000000, -0.0000000000000000000, -1.000000000000000000 ) ) ;
#1119 = CARTESIAN_POINT ( 'NONE',  ( 5.754675921660088500, -0.2153173751548833300, 0.0000000000000000000 ) ) ;
#1120 = AXIS2_PLACEMENT_3D ( 'NONE', #5208, #359, #6025 ) ;
#1121 = ORIENTED_EDGE ( 'NONE', *, *, #1765, .T. ) ;
#1122 = CARTESIAN_POINT ( 'NONE',  ( 5.154675921659469800, 0.2996826248458500100, 0.1000000000000000100 ) ) ;
#1123 = ADVANCED_FACE ( 'NONE', ( #648 ), #3227, .T. ) ;
#1124 = LINE ( 'NONE', #3544, #1645 ) ;
#1125 = DIRECTION ( 'NONE',  ( 0.0000000000000000000, 0.0000000000000000000, 1.000000000000000000 ) ) ;
#1126 = ORIENTED_EDGE ( 'NONE', *, *, #8382, .T. ) ;
#1127 = EDGE_CURVE ( 'NONE', #9950, #7696, #6847, .T. ) ;
#1128 = EDGE_CURVE ( 'NONE', #6019, #917, #4703, .T. ) ;
#1129 = CARTESIAN_POINT ( 'NONE',  ( 4.954675921659327500, -0.1153173751538373000, -0.1000000000000000100 ) ) ;
#1130 = DIRECTION ( 'NONE',  ( 0.0000000000000000000, 0.0000000000000000000, 1.000000000000000000 ) ) ;
#1131 = DIRECTION ( 'NONE',  ( 1.000000000000000000, -2.409338161081319000E-015, -0.0000000000000000000 ) ) ;
#1132 = LINE ( 'NONE', #7698, #3033 ) ;
#1133 = ORIENTED_EDGE ( 'NONE', *, *, #7154, .T. ) ;
#1134 = DIRECTION ( 'NONE',  ( -0.0000000000000000000, -0.0000000000000000000, -1.000000000000000000 ) ) ;
#1135 = ADVANCED_FACE ( 'NONE', ( #896 ), #7795, .T. ) ;
#1136 = DIRECTION ( 'NONE',  ( 1.000000000000000000, -1.182766006352519400E-015, 0.0000000000000000000 ) ) ;
#1137 = CARTESIAN_POINT ( 'NONE',  ( 5.606983613967200200, 0.8346826248458012500, 0.1000000000000000100 ) ) ;
#1138 = ORIENTED_EDGE ( 'NONE', *, *, #3559, .F. ) ;
#1139 = ORIENTED_EDGE ( 'NONE', *, *, #624, .T. ) ;
#1140 = CARTESIAN_POINT ( 'NONE',  ( 5.269675921659555200, 1.103366499252897800, 0.1000000000000000100 ) ) ;
#1141 = VECTOR ( 'NONE', #4920, 1000.000000000000000 ) ;
#1142 = CARTESIAN_POINT ( 'NONE',  ( 5.829675921660020200, 0.3846826248451393200, -0.1000000000000000100 ) ) ;
#1143 = CARTESIAN_POINT ( 'NONE',  ( 5.754675921660088500, 0.8846826248450256900, 0.0000000000000000000 ) ) ;
#1144 = CIRCLE ( 'NONE', #8347, 0.04999999999999969700 ) ;
#1145 = ORIENTED_EDGE ( 'NONE', *, *, #9709, .F. ) ;
#1146 = ORIENTED_EDGE ( 'NONE', *, *, #2343, .T. ) ;
#1147 = ORIENTED_EDGE ( 'NONE', *, *, #10326, .T. ) ;
#1148 =( GEOMETRIC_REPRESENTATION_CONTEXT ( 3 ) GLOBAL_UNCERTAINTY_ASSIGNED_CONTEXT ( ( #9142 ) ) GLOBAL_UNIT_ASSIGNED_CONTEXT ( ( #9684, #4775, #10504 ) ) REPRESENTATION_CONTEXT ( 'NONE', 'WORKASPACE' ) );
#1149 = VECTOR ( 'NONE', #8432, 1000.000000000000000 ) ;
#1150 = CARTESIAN_POINT ( 'NONE',  ( 5.754675921659735800, -0.3153173751542484600, 0.1000000000000000100 ) ) ;
#1151 = DIRECTION ( 'NONE',  ( -0.0000000000000000000, -0.0000000000000000000, -1.000000000000000000 ) ) ;
#1152 = LINE ( 'NONE', #7475, #9567 ) ;
#1153 = VERTEX_POINT ( 'NONE', #3390 ) ;
#1154 = EDGE_CURVE ( 'NONE', #8683, #7913, #8796, .T. ) ;
#1155 = ORIENTED_EDGE ( 'NONE', *, *, #6552, .F. ) ;
#1156 = ORIENTED_EDGE ( 'NONE', *, *, #7707, .T. ) ;
#1157 = CARTESIAN_POINT ( 'NONE',  ( 5.354675921659710600, 0.8346826248458012500, 0.1000000000000000100 ) ) ;
#1158 = ORIENTED_EDGE ( 'NONE', *, *, #9890, .T. ) ;
#1159 = DIRECTION ( 'NONE',  ( -1.000000000000000000, 0.0000000000000000000, 0.0000000000000000000 ) ) ;
#1160 = FACE_OUTER_BOUND ( 'NONE', #6710, .T. ) ;
#1161 = AXIS2_PLACEMENT_3D ( 'NONE', #5580, #4001, #9716 ) ;
#1162 = DIRECTION ( 'NONE',  ( 0.0000000000000000000, 0.0000000000000000000, 1.000000000000000000 ) ) ;
#1163 = LINE ( 'NONE', #2286, #3325 ) ;
#1164 = CARTESIAN_POINT ( 'NONE',  ( 5.104675921659471700, 0.4496826248457596000, 0.0000000000000000000 ) ) ;
#1165 = VECTOR ( 'NONE', #3958, 1000.000000000000000 ) ;
#1166 = ORIENTED_EDGE ( 'NONE', *, *, #3236, .T. ) ;
#1167 = ORIENTED_EDGE ( 'NONE', *, *, #5570, .F. ) ;
#1168 = ORIENTED_EDGE ( 'NONE', *, *, #9852, .T. ) ;
#1169 = CARTESIAN_POINT ( 'NONE',  ( 5.331678376745405700, -0.09620668375610630400, 0.1000000000000000100 ) ) ;
#1170 = LINE ( 'NONE', #274, #9587 ) ;
#1171 = ORIENTED_EDGE ( 'NONE', *, *, #2452, .F. ) ;
#1172 = EDGE_CURVE ( 'NONE', #5905, #7797, #6601, .T. ) ;
#1173 = CYLINDRICAL_SURFACE ( 'NONE', #4454, 0.04999999999999796300 ) ;
#1174 = EDGE_CURVE ( 'NONE', #1391, #351, #2561, .T. ) ;
#1175 = DIRECTION ( 'NONE',  ( 1.000000000000000000, 0.0000000000000000000, 0.0000000000000000000 ) ) ;
#1176 = DIRECTION ( 'NONE',  ( 0.0000000000000000000, 0.0000000000000000000, 1.000000000000000000 ) ) ;
#1177 = ORIENTED_EDGE ( 'NONE', *, *, #6715, .T. ) ;
#1178 = ORIENTED_EDGE ( 'NONE', *, *, #1005, .F. ) ;
#1179 = VERTEX_POINT ( 'NONE', #620 ) ;
#1180 = CARTESIAN_POINT ( 'NONE',  ( 6.104675921659724800, 0.9596826248450711600, 0.0000000000000000000 ) ) ;
#1181 = DIRECTION ( 'NONE',  ( -0.7071067811865474600, 0.7071067811865474600, 0.0000000000000000000 ) ) ;
#1182 = CARTESIAN_POINT ( 'NONE',  ( 5.979675921659509900, 1.484682624845741400, 0.1000000000000000100 ) ) ;
#1183 = VERTEX_POINT ( 'NONE', #4834 ) ;
#1184 = LINE ( 'NONE', #3793, #3093 ) ;
#1185 = AXIS2_PLACEMENT_3D ( 'NONE', #9501, #4598, #10309 ) ;
#1186 = ORIENTED_EDGE ( 'NONE', *, *, #1786, .F. ) ;
#1187 = DIRECTION ( 'NONE',  ( 1.000000000000000000, -1.734723475975746300E-015, 0.0000000000000000000 ) ) ;
#1188 = CYLINDRICAL_SURFACE ( 'NONE', #8963, 0.04999999999999969700 ) ;
#1189 = CARTESIAN_POINT ( 'NONE',  ( 5.829675921660020200, 0.8846826248451392600, -0.1000000000000000100 ) ) ;
#1190 = ORIENTED_EDGE ( 'NONE', *, *, #5162, .T. ) ;
#1191 = ADVANCED_FACE ( 'NONE', ( #127 ), #8276, .F. ) ;
#1192 = EDGE_CURVE ( 'NONE', #7228, #630, #8540, .T. ) ;
#1193 = DIRECTION ( 'NONE',  ( -0.0000000000000000000, -0.0000000000000000000, -1.000000000000000000 ) ) ;
#1194 = EDGE_CURVE ( 'NONE', #3456, #4290, #10457, .T. ) ;
#1195 = ORIENTED_EDGE ( 'NONE', *, *, #2278, .T. ) ;
#1196 = ORIENTED_EDGE ( 'NONE', *, *, #5054, .F. ) ;
#1197 = LINE ( 'NONE', #22, #5234 ) ;
#1198 = CARTESIAN_POINT ( 'NONE',  ( 5.954675921659633900, 0.1596826248457502400, 0.0000000000000000000 ) ) ;
#1199 = ORIENTED_EDGE ( 'NONE', *, *, #3370, .F. ) ;
#1200 = CIRCLE ( 'NONE', #1527, 0.07500000000000041400 ) ;
#1201 = LINE ( 'NONE', #6786, #5502 ) ;
#1202 = ORIENTED_EDGE ( 'NONE', *, *, #4924, .F. ) ;
#1203 = CARTESIAN_POINT ( 'NONE',  ( 5.148821372569150500, 0.9846826248460804900, 0.1000000000000000100 ) ) ;
#1204 = DIRECTION ( 'NONE',  ( 1.000000000000000000, 2.409338161081291000E-015, 0.0000000000000000000 ) ) ;
#1205 = VERTEX_POINT ( 'NONE', #4011 ) ;
#1206 = VECTOR ( 'NONE', #2726, 1000.000000000000000 ) ;
#1207 = PLANE ( 'NONE',  #9018 ) ;
#1208 = AXIS2_PLACEMENT_3D ( 'NONE', #1848, #1307, #5678 ) ;
#1209 = EDGE_CURVE ( 'NONE', #4637, #5543, #1801, .T. ) ;
#1210 = DIRECTION ( 'NONE',  ( -1.000000000000000000, -4.928191693119192100E-017, 0.0000000000000000000 ) ) ;
#1211 = LINE ( 'NONE', #3644, #943 ) ;
#1212 = DIRECTION ( 'NONE',  ( 1.000000000000000000, -0.0000000000000000000, -0.0000000000000000000 ) ) ;
#1213 = DIRECTION ( 'NONE',  ( 0.0000000000000000000, 0.0000000000000000000, 1.000000000000000000 ) ) ;
#1214 = CARTESIAN_POINT ( 'NONE',  ( 5.004675921659327300, 1.309682624845297700, -0.1000000000000000100 ) ) ;
#1215 = LINE ( 'NONE', #7791, #946 ) ;
#1216 = PLANE ( 'NONE',  #9619 ) ;
#1217 = LINE ( 'NONE', #7984, #7176 ) ;
#1218 = DIRECTION ( 'NONE',  ( 1.000000000000000000, 0.0000000000000000000, 0.0000000000000000000 ) ) ;
#1219 = CARTESIAN_POINT ( 'NONE',  ( 5.154675921659472400, 0.6496826248457289200, 0.0000000000000000000 ) ) ;
#1220 = EDGE_CURVE ( 'NONE', #5454, #3995, #6088, .T. ) ;
#1221 = AXIS2_PLACEMENT_3D ( 'NONE', #3729, #9434, #4539 ) ;
#1222 = EDGE_LOOP ( 'NONE', ( #10362, #7652, #868, #243 ) ) ;
#1223 = EDGE_CURVE ( 'NONE', #3096, #1041, #10198, .T. ) ;
#1224 = CARTESIAN_POINT ( 'NONE',  ( 4.604675921659691100, 0.4596826248462081400, 0.1000000000000000100 ) ) ;
#1225 = LINE ( 'NONE', #9397, #9633 ) ;
#1226 = SURFACE_STYLE_USAGE ( .BOTH. , #6059 ) ;
#1227 = ORIENTED_EDGE ( 'NONE', *, *, #6609, .T. ) ;
#1228 = VECTOR ( 'NONE', #5639, 1000.000000000000000 ) ;
#1229 = CARTESIAN_POINT ( 'NONE',  ( 6.004675921660368200, 0.9596826248450711600, 0.1000000000000000100 ) ) ;
#1230 = PLANE ( 'NONE',  #855 ) ;
#1231 = ORIENTED_EDGE ( 'NONE', *, *, #1319, .T. ) ;
#1232 = CARTESIAN_POINT ( 'NONE',  ( 5.702066070335085600, 0.08440370535898600300, 0.1000000000000000100 ) ) ;
#1233 = ORIENTED_EDGE ( 'NONE', *, *, #10432, .F. ) ;
#1234 = CIRCLE ( 'NONE', #2048, 0.07499999999993189900 ) ;
#1235 = VERTEX_POINT ( 'NONE', #3586 ) ;
#1236 = EDGE_CURVE ( 'NONE', #7377, #1815, #9946, .T. ) ;
#1237 = AXIS2_PLACEMENT_3D ( 'NONE', #2828, #8506, #3630 ) ;
#1238 = CARTESIAN_POINT ( 'NONE',  ( 5.829675921659729800, 0.6596826248457794400, 0.0000000000000000000 ) ) ;
#1239 = EDGE_CURVE ( 'NONE', #5086, #10492, #5837, .T. ) ;
#1240 = FILL_AREA_STYLE_COLOUR ( '', #5473 ) ;
#1241 = ADVANCED_FACE ( 'NONE', ( #1287 ), #9932, .T. ) ;
#1242 = DIRECTION ( 'NONE',  ( 1.000000000000000000, 0.0000000000000000000, 0.0000000000000000000 ) ) ;
#1243 = ORIENTED_EDGE ( 'NONE', *, *, #1519, .F. ) ;
#1244 = VECTOR ( 'NONE', #9613, 1000.000000000000000 ) ;
#1245 = VECTOR ( 'NONE', #9569, 1000.000000000000000 ) ;
#1246 = ORIENTED_EDGE ( 'NONE', *, *, #9973, .T. ) ;
#1247 = DIRECTION ( 'NONE',  ( -0.0000000000000000000, -0.0000000000000000000, -1.000000000000000000 ) ) ;
#1248 = CARTESIAN_POINT ( 'NONE',  ( 6.104675921659724800, -0.4153173751542453800, 0.7499999999999998900 ) ) ;
#1249 = DIRECTION ( 'NONE',  ( -0.0000000000000000000, -0.0000000000000000000, -1.000000000000000000 ) ) ;
#1250 = EDGE_CURVE ( 'NONE', #5397, #7143, #5585, .T. ) ;
#1251 = ADVANCED_FACE ( 'NONE', ( #9700 ), #9544, .T. ) ;
#1252 = DIRECTION ( 'NONE',  ( -0.0000000000000000000, -0.0000000000000000000, -1.000000000000000000 ) ) ;
#1253 = VECTOR ( 'NONE', #3248, 1000.000000000000000 ) ;
#1254 = CARTESIAN_POINT ( 'NONE',  ( 5.154675921659544400, 0.04968262484573977200, 0.1000000000000000100 ) ) ;
#1255 = ORIENTED_EDGE ( 'NONE', *, *, #7717, .F. ) ;
#1256 = DIRECTION ( 'NONE',  ( -1.000000000000000000, -2.409338161081291000E-015, 0.0000000000000000000 ) ) ;
#1257 = VERTEX_POINT ( 'NONE', #1541 ) ;
#1258 = ORIENTED_EDGE ( 'NONE', *, *, #9508, .F. ) ;
#1259 = DIRECTION ( 'NONE',  ( 0.0000000000000000000, 0.0000000000000000000, 1.000000000000000000 ) ) ;
#1260 = DIRECTION ( 'NONE',  ( -0.0000000000000000000, -0.0000000000000000000, -1.000000000000000000 ) ) ;
#1261 = DIRECTION ( 'NONE',  ( 1.000000000000000000, 0.0000000000000000000, -0.0000000000000000000 ) ) ;
#1262 = EDGE_CURVE ( 'NONE', #9344, #1044, #4189, .T. ) ;
#1263 = LINE ( 'NONE', #3507, #996 ) ;
#1264 = ORIENTED_EDGE ( 'NONE', *, *, #9997, .T. ) ;
#1265 = PLANE ( 'NONE',  #8779 ) ;
#1266 = EDGE_CURVE ( 'NONE', #2805, #1488, #5332, .T. ) ;
#1267 = DIRECTION ( 'NONE',  ( 0.0000000000000000000, 0.0000000000000000000, 1.000000000000000000 ) ) ;
#1268 = VECTOR ( 'NONE', #9914, 1000.000000000000000 ) ;
#1269 = CARTESIAN_POINT ( 'NONE',  ( 5.054675921659471000, 0.6996826248457589400, 0.1000000000000000100 ) ) ;
#1270 = ORIENTED_EDGE ( 'NONE', *, *, #9166, .F. ) ;
#1271 = ORIENTED_EDGE ( 'NONE', *, *, #3832, .T. ) ;
#1272 = ORIENTED_EDGE ( 'NONE', *, *, #3113, .T. ) ;
#1273 = DIRECTION ( 'NONE',  ( 0.9625661542539215600, 0.2710468569912137800, -0.0000000000000000000 ) ) ;
#1274 =( LENGTH_UNIT ( ) NAMED_UNIT ( * ) SI_UNIT ( .MILLI., .METRE. ) );
#1275 = PLANE ( 'NONE',  #7666 ) ;
#1276 = LINE ( 'NONE', #2985, #7488 ) ;
#1277 = DIRECTION ( 'NONE',  ( 1.000000000000000000, 0.0000000000000000000, -0.0000000000000000000 ) ) ;
#1278 = CARTESIAN_POINT ( 'NONE',  ( 5.954675921659633900, 0.1596826248457502400, 0.1000000000000000100 ) ) ;
#1279 = ORIENTED_EDGE ( 'NONE', *, *, #7493, .F. ) ;
#1280 = ORIENTED_EDGE ( 'NONE', *, *, #10536, .T. ) ;
#1281 = ORIENTED_EDGE ( 'NONE', *, *, #8068, .T. ) ;
#1282 = FILL_AREA_STYLE ('',( #7592 ) ) ;
#1283 = DIRECTION ( 'NONE',  ( -0.0000000000000000000, -0.0000000000000000000, -1.000000000000000000 ) ) ;
#1284 = DIRECTION ( 'NONE',  ( 0.7071067811865460200, 0.7071067811865489100, -0.0000000000000000000 ) ) ;
#1285 = DIRECTION ( 'NONE',  ( -0.0000000000000000000, -0.0000000000000000000, -1.000000000000000000 ) ) ;
#1286 = CIRCLE ( 'NONE', #9817, 0.04999999999999969700 ) ;
#1287 = FACE_OUTER_BOUND ( 'NONE', #3403, .T. ) ;
#1288 = AXIS2_PLACEMENT_3D ( 'NONE', #2534, #3357, #9043 ) ;
#1289 = EDGE_LOOP ( 'NONE', ( #3697, #1138, #4817, #7787 ) ) ;
#1290 = VERTEX_POINT ( 'NONE', #279 ) ;
#1291 = ORIENTED_EDGE ( 'NONE', *, *, #6749, .F. ) ;
#1292 = ADVANCED_FACE ( 'NONE', ( #7499 ), #3652, .F. ) ;
#1293 = DIRECTION ( 'NONE',  ( 1.000000000000000000, -1.182766006352519400E-015, 0.0000000000000000000 ) ) ;
#1294 = CYLINDRICAL_SURFACE ( 'NONE', #3998, 0.04999999999999796300 ) ;
#1295 = ORIENTED_EDGE ( 'NONE', *, *, #5512, .F. ) ;
#1296 = CARTESIAN_POINT ( 'NONE',  ( 5.257423324848843100, 1.136155728467158200, 0.0000000000000000000 ) ) ;
#1297 = ORIENTED_EDGE ( 'NONE', *, *, #3907, .F. ) ;
#1298 = VERTEX_POINT ( 'NONE', #3486 ) ;
#1299 = ORIENTED_EDGE ( 'NONE', *, *, #366, .F. ) ;
#1300 = EDGE_CURVE ( 'NONE', #6230, #1523, #1025, .T. ) ;
#1301 = AXIS2_PLACEMENT_3D ( 'NONE', #9768, #1649, #7318 ) ;
#1302 = VERTEX_POINT ( 'NONE', #2676 ) ;
#1303 = DIRECTION ( 'NONE',  ( 0.0000000000000000000, 1.000000000000000000, 0.0000000000000000000 ) ) ;
#1304 = AXIS2_PLACEMENT_3D ( 'NONE', #7177, #2337, #7998 ) ;
#1305 = ORIENTED_EDGE ( 'NONE', *, *, #10576, .F. ) ;
#1306 = VECTOR ( 'NONE', #1678, 1000.000000000000000 ) ;
#1307 = DIRECTION ( 'NONE',  ( 0.0000000000000000000, 0.0000000000000000000, 1.000000000000000000 ) ) ;
#1308 = ADVANCED_FACE ( 'NONE', ( #5073 ), #6974, .T. ) ;
#1309 = VERTEX_POINT ( 'NONE', #3619 ) ;
#1310 = LINE ( 'NONE', #6176, #5356 ) ;
#1311 = LINE ( 'NONE', #538, #3222 ) ;
#1312 = DIRECTION ( 'NONE',  ( -0.7071067811865455700, 0.7071067811865493500, 0.0000000000000000000 ) ) ;
#1313 = CARTESIAN_POINT ( 'NONE',  ( 5.954675921659633900, 1.009682624845805500, 0.0000000000000000000 ) ) ;
#1314 = ORIENTED_EDGE ( 'NONE', *, *, #5867, .T. ) ;
#1315 = CARTESIAN_POINT ( 'NONE',  ( 5.659509715401691600, 0.6896826248458012300, 0.1000000000000000100 ) ) ;
#1316 = ORIENTED_EDGE ( 'NONE', *, *, #3199, .T. ) ;
#1317 = FACE_OUTER_BOUND ( 'NONE', #10297, .T. ) ;
#1318 = EDGE_CURVE ( 'NONE', #5276, #4321, #9174, .T. ) ;
#1319 = EDGE_CURVE ( 'NONE', #5467, #1625, #770, .T. ) ;
#1320 = CARTESIAN_POINT ( 'NONE',  ( 5.145520508521533600, -0.04502994241201670200, 0.0000000000000000000 ) ) ;
#1321 = CARTESIAN_POINT ( 'NONE',  ( 5.104675921659545400, -0.01619039102726961900, 0.1000000000000000100 ) ) ;
#1322 = LINE ( 'NONE', #3187, #9736 ) ;
#1323 = CARTESIAN_POINT ( 'NONE',  ( 5.829675921659729800, 0.6596826248457794400, 0.1000000000000000100 ) ) ;
#1324 = CARTESIAN_POINT ( 'NONE',  ( 5.304675921659710800, 0.6646826248458013200, 0.1000000000000000100 ) ) ;
#1325 = CLOSED_SHELL ( 'NONE', ( #6442, #6761, #9478, #2368, #2261, #10312, #2428, #2477, #1308, #5595, #7848, #4531, #9030, #6276, #6597, #821, #967, #1021, #450, #3109 ) ) ;
#1326 = CARTESIAN_POINT ( 'NONE',  ( 4.754675921659554700, 0.6596826248457988700, 0.1000000000000000100 ) ) ;
#1327 = AXIS2_PLACEMENT_3D ( 'NONE', #6596, #1760, #7433 ) ;
#1328 = ORIENTED_EDGE ( 'NONE', *, *, #7311, .T. ) ;
#1329 = FACE_OUTER_BOUND ( 'NONE', #2855, .T. ) ;
#1330 = DIRECTION ( 'NONE',  ( 1.000000000000000000, 0.0000000000000000000, -0.0000000000000000000 ) ) ;
#1331 = CARTESIAN_POINT ( 'NONE',  ( 4.879675921659509400, 0.9596826248462082500, -0.1000000000000000100 ) ) ;
#1332 = LINE ( 'NONE', #10382, #3242 ) ;
#1333 = EDGE_CURVE ( 'NONE', #3941, #4842, #9438, .T. ) ;
#1334 = DIRECTION ( 'NONE',  ( -1.182766006352519600E-015, -1.000000000000000000, 0.0000000000000000000 ) ) ;
#1335 = CARTESIAN_POINT ( 'NONE',  ( 5.104675921659472600, 0.5996826248457300900, 0.0000000000000000000 ) ) ;
#1336 = LINE ( 'NONE', #1674, #9487 ) ;
#1337 = EDGE_CURVE ( 'NONE', #5456, #2257, #512, .T. ) ;
#1338 = ORIENTED_EDGE ( 'NONE', *, *, #7427, .T. ) ;
#1339 = CARTESIAN_POINT ( 'NONE',  ( 4.604675921659691100, 0.2096826248464359900, -0.1000000000000000100 ) ) ;
#1340 = ORIENTED_EDGE ( 'NONE', *, *, #3548, .F. ) ;
#1341 = CARTESIAN_POINT ( 'NONE',  ( 4.604675921659691100, -0.2903173751535640400, 0.1000000000000000500 ) ) ;
#1342 = VECTOR ( 'NONE', #1552, 1000.000000000000000 ) ;
#1343 = VECTOR ( 'NONE', #6551, 1000.000000000000000 ) ;
#1344 = DIRECTION ( 'NONE',  ( 1.000000000000000000, 0.0000000000000000000, 0.0000000000000000000 ) ) ;
#1345 = CARTESIAN_POINT ( 'NONE',  ( 5.954675921659633900, 0.5096826248458022900, 0.0000000000000000000 ) ) ;
#1346 = AXIS2_PLACEMENT_3D ( 'NONE', #1597, #9606, #2505 ) ;
#1347 = CARTESIAN_POINT ( 'NONE',  ( 4.604675921659691100, 0.9596826248462082500, -0.1000000000000000100 ) ) ;
#1348 = ADVANCED_FACE ( 'NONE', ( #6719 ), #6477, .T. ) ;
#1349 = ORIENTED_EDGE ( 'NONE', *, *, #6525, .T. ) ;
#1350 = ORIENTED_EDGE ( 'NONE', *, *, #5912, .F. ) ;
#1351 = CIRCLE ( 'NONE', #3816, 0.07499999999993189900 ) ;
#1352 = DIRECTION ( 'NONE',  ( -0.7071067811865444600, 0.7071067811865505700, 0.0000000000000000000 ) ) ;
#1353 = AXIS2_PLACEMENT_3D ( 'NONE', #2067, #7725, #2883 ) ;
#1354 = CARTESIAN_POINT ( 'NONE',  ( 4.879675921659459600, 1.009682624845825900, 0.1000000000000000100 ) ) ;
#1355 = LINE ( 'NONE', #173, #9772 ) ;
#1356 = DIRECTION ( 'NONE',  ( 1.000000000000000000, 0.0000000000000000000, 0.0000000000000000000 ) ) ;
#1357 = ORIENTED_EDGE ( 'NONE', *, *, #6092, .F. ) ;
#1358 = LINE ( 'NONE', #5465, #7575 ) ;
#1359 = ADVANCED_FACE ( 'NONE', ( #2436 ), #7247, .F. ) ;
#1360 = EDGE_CURVE ( 'NONE', #7831, #3977, #4318, .T. ) ;
#1361 = DIRECTION ( 'NONE',  ( 1.000000000000000000, 0.0000000000000000000, -0.0000000000000000000 ) ) ;
#1362 = DIRECTION ( 'NONE',  ( 0.8629477401728806700, -0.5052931799762572200, -0.0000000000000000000 ) ) ;
#1363 = CARTESIAN_POINT ( 'NONE',  ( 5.829675921659729800, 0.6596826248457794400, 0.0000000000000000000 ) ) ;
#1364 = FACE_OUTER_BOUND ( 'NONE', #8398, .T. ) ;
#1365 = STYLED_ITEM ( 'NONE', ( #9843 ), #7085 ) ;
#1366 = ORIENTED_EDGE ( 'NONE', *, *, #6999, .F. ) ;
#1367 = CARTESIAN_POINT ( 'NONE',  ( 4.923997467671501500, 0.2128096800578838100, 0.0000000000000000000 ) ) ;
#1368 = VECTOR ( 'NONE', #5786, 1000.000000000000000 ) ;
#1369 = CIRCLE ( 'NONE', #3077, 0.07499999999993189900 ) ;
#1370 = DIRECTION ( 'NONE',  ( 0.0000000000000000000, 0.0000000000000000000, 1.000000000000000000 ) ) ;
#1371 = EDGE_LOOP ( 'NONE', ( #2187, #9304, #4956, #2029 ) ) ;
#1372 = CARTESIAN_POINT ( 'NONE',  ( 4.754675921659554700, 0.5096826248458685700, 0.1000000000000000100 ) ) ;
#1373 = DIRECTION ( 'NONE',  ( 0.7071067811865541200, 0.7071067811865409100, -0.0000000000000000000 ) ) ;
#1374 = DIRECTION ( 'NONE',  ( 1.000000000000000000, -1.182766006352519400E-015, 0.0000000000000000000 ) ) ;
#1375 = VERTEX_POINT ( 'NONE', #1320 ) ;
#1376 = EDGE_CURVE ( 'NONE', #6666, #5875, #10581, .T. ) ;
#1377 = AXIS2_PLACEMENT_3D ( 'NONE', #885, #2529, #8210 ) ;
#1378 = EDGE_CURVE ( 'NONE', #2581, #8936, #2177, .T. ) ;
#1379 = VECTOR ( 'NONE', #1068, 1000.000000000000100 ) ;
#1380 = EDGE_LOOP ( 'NONE', ( #7740, #4664, #999, #3462 ) ) ;
#1381 = CARTESIAN_POINT ( 'NONE',  ( 5.354675921659710600, 0.6146826248458012700, 0.0000000000000000000 ) ) ;
#1382 = DIRECTION ( 'NONE',  ( 0.0000000000000000000, 0.0000000000000000000, 1.000000000000000000 ) ) ;
#1383 = EDGE_LOOP ( 'NONE', ( #8906, #10413, #2926, #4397 ) ) ;
#1384 = AXIS2_PLACEMENT_3D ( 'NONE', #8313, #3441, #9138 ) ;
#1385 = CARTESIAN_POINT ( 'NONE',  ( 4.704675921660172100, -0.04031737515379178000, 0.1000000000000000100 ) ) ;
#1386 = DIRECTION ( 'NONE',  ( -0.0000000000000000000, -0.0000000000000000000, -1.000000000000000000 ) ) ;
#1387 = FACE_OUTER_BOUND ( 'NONE', #9764, .T. ) ;
#1388 = VERTEX_POINT ( 'NONE', #4867 ) ;
#1389 = CARTESIAN_POINT ( 'NONE',  ( 5.664169081836867300, 0.01968262484601956300, 0.1000000000000000100 ) ) ;
#1390 = EDGE_CURVE ( 'NONE', #10176, #5417, #1919, .T. ) ;
#1391 = VERTEX_POINT ( 'NONE', #10136 ) ;
#1392 = EDGE_CURVE ( 'NONE', #3598, #797, #4069, .T. ) ;
#1393 = VERTEX_POINT ( 'NONE', #8979 ) ;
#1394 = DIRECTION ( 'NONE',  ( 1.000000000000000000, -0.0000000000000000000, 0.0000000000000000000 ) ) ;
#1395 = ADVANCED_FACE ( 'NONE', ( #5963 ), #1422, .T. ) ;
#1396 = VECTOR ( 'NONE', #8968, 1000.000000000000000 ) ;
#1397 = DIRECTION ( 'NONE',  ( 1.000000000000000000, -1.182766006352519400E-015, 0.0000000000000000000 ) ) ;
#1398 = CARTESIAN_POINT ( 'NONE',  ( 5.354675921659710600, 0.2946826248459104000, 0.0000000000000000000 ) ) ;
#1399 = CYLINDRICAL_SURFACE ( 'NONE', #7790, 0.07499999999993189900 ) ;
#1400 = ORIENTED_EDGE ( 'NONE', *, *, #9233, .T. ) ;
#1401 = ORIENTED_EDGE ( 'NONE', *, *, #8231, .T. ) ;
#1402 = CARTESIAN_POINT ( 'NONE',  ( 4.954675921659327500, -0.1153173751537237000, -0.1000000000000000100 ) ) ;
#1403 = VERTEX_POINT ( 'NONE', #6767 ) ;
#1404 = EDGE_CURVE ( 'NONE', #2257, #2167, #8660, .T. ) ;
#1405 = FILL_AREA_STYLE_COLOUR ( '', #8695 ) ;
#1406 = VECTOR ( 'NONE', #3552, 1000.000000000000000 ) ;
#1407 = DIRECTION ( 'NONE',  ( -0.0000000000000000000, -0.0000000000000000000, -1.000000000000000000 ) ) ;
#1408 = VECTOR ( 'NONE', #8418, 1000.000000000000100 ) ;
#1409 = ADVANCED_FACE ( 'NONE', ( #8145 ), #2241, .T. ) ;
#1410 = ORIENTED_EDGE ( 'NONE', *, *, #2343, .F. ) ;
#1411 = CARTESIAN_POINT ( 'NONE',  ( 5.004675921659327300, 1.309682624845297700, 0.0000000000000000000 ) ) ;
#1412 = VERTEX_POINT ( 'NONE', #10321 ) ;
#1413 = ORIENTED_EDGE ( 'NONE', *, *, #6952, .F. ) ;
#1414 = DIRECTION ( 'NONE',  ( -1.000000000000000000, -4.928191693119192100E-017, 0.0000000000000000000 ) ) ;
#1415 = CARTESIAN_POINT ( 'NONE',  ( 4.604675921659691100, 1.209682624845298500, 0.1000000000000000100 ) ) ;
#1416 = DIRECTION ( 'NONE',  ( 1.000000000000000000, 0.0000000000000000000, 0.0000000000000000000 ) ) ;
#1417 = VECTOR ( 'NONE', #2445, 1000.000000000000000 ) ;
#1418 = LINE ( 'NONE', #2219, #5201 ) ;
#1419 = FACE_OUTER_BOUND ( 'NONE', #1687, .T. ) ;
#1420 = AXIS2_PLACEMENT_3D ( 'NONE', #10224, #9371, #3137 ) ;
#1421 = ORIENTED_EDGE ( 'NONE', *, *, #2774, .T. ) ;
#1422 = PLANE ( 'NONE',  #10076 ) ;
#1423 = ORIENTED_EDGE ( 'NONE', *, *, #1883, .F. ) ;
#1424 = DIRECTION ( 'NONE',  ( 0.0000000000000000000, 0.0000000000000000000, 1.000000000000000000 ) ) ;
#1425 = EDGE_LOOP ( 'NONE', ( #7600, #2880, #5670, #8264 ) ) ;
#1426 = DIRECTION ( 'NONE',  ( -0.0000000000000000000, 1.000000000000000000, -0.0000000000000000000 ) ) ;
#1427 = CARTESIAN_POINT ( 'NONE',  ( 6.104675921659724800, 0.7096826248452988700, -0.1000000000000000100 ) ) ;
#1428 = DIRECTION ( 'NONE',  ( -0.8629477401728807800, 0.5052931799762572200, 0.0000000000000000000 ) ) ;
#1429 = CYLINDRICAL_SURFACE ( 'NONE', #1912, 0.07499999999999953900 ) ;
#1430 = ORIENTED_EDGE ( 'NONE', *, *, #10589, .T. ) ;
#1431 = CARTESIAN_POINT ( 'NONE',  ( 5.104675921659470800, 0.3996826248457591200, 0.0000000000000000000 ) ) ;
#1432 = LINE ( 'NONE', #7495, #7648 ) ;
#1433 = DIRECTION ( 'NONE',  ( 0.9625661542539215600, 0.2710468569912137800, -0.0000000000000000000 ) ) ;
#1434 = ORIENTED_EDGE ( 'NONE', *, *, #9585, .F. ) ;
#1435 = ORIENTED_EDGE ( 'NONE', *, *, #8204, .F. ) ;
#1436 = CARTESIAN_POINT ( 'NONE',  ( 4.754675921659554700, 0.1596826248457989800, 0.0000000000000000000 ) ) ;
#1437 = DIRECTION ( 'NONE',  ( 0.0000000000000000000, 0.0000000000000000000, -1.000000000000000000 ) ) ;
#1438 = ORIENTED_EDGE ( 'NONE', *, *, #2009, .F. ) ;
#1439 = VECTOR ( 'NONE', #2984, 1000.000000000000000 ) ;
#1440 = DIRECTION ( 'NONE',  ( 0.0000000000000000000, 0.0000000000000000000, 1.000000000000000000 ) ) ;
#1441 = DIRECTION ( 'NONE',  ( 0.0000000000000000000, 0.0000000000000000000, 1.000000000000000000 ) ) ;
#1442 = VERTEX_POINT ( 'NONE', #7875 ) ;
#1443 = EDGE_CURVE ( 'NONE', #7999, #10249, #6216, .T. ) ;
#1444 = LINE ( 'NONE', #2647, #9857 ) ;
#1445 = EDGE_CURVE ( 'NONE', #8917, #9680, #3820, .T. ) ;
#1446 = EDGE_LOOP ( 'NONE', ( #4798, #788, #411, #10346 ) ) ;
#1447 = DIRECTION ( 'NONE',  ( 1.000000000000000000, 0.0000000000000000000, 0.0000000000000000000 ) ) ;
#1448 = EDGE_LOOP ( 'NONE', ( #1264, #7070, #5708, #983 ) ) ;
#1449 = CARTESIAN_POINT ( 'NONE',  ( 5.954675921659633900, 0.5096826248458022900, 0.1000000000000000100 ) ) ;
#1450 = DIRECTION ( 'NONE',  ( -1.000000000000000000, 0.0000000000000000000, 0.0000000000000000000 ) ) ;
#1451 = ORIENTED_EDGE ( 'NONE', *, *, #4157, .T. ) ;
#1452 = CARTESIAN_POINT ( 'NONE',  ( 5.829675921659729800, 0.009682624845806009400, 0.1000000000000000100 ) ) ;
#1453 = CYLINDRICAL_SURFACE ( 'NONE', #1971, 0.04999999999999969700 ) ;
#1454 = CARTESIAN_POINT ( 'NONE',  ( 5.154675921659469800, 0.3996826248457591200, 0.1000000000000000100 ) ) ;
#1455 = CARTESIAN_POINT ( 'NONE',  ( 4.704675921659936800, 0.9596826248462082500, 0.1000000000000000100 ) ) ;
#1456 = FACE_OUTER_BOUND ( 'NONE', #9226, .T. ) ;
#1457 = ADVANCED_FACE ( 'NONE', ( #3563 ), #1774, .T. ) ;
#1458 = LINE ( 'NONE', #6751, #5753 ) ;
#1459 = VERTEX_POINT ( 'NONE', #8612 ) ;
#1460 = DIRECTION ( 'NONE',  ( 0.0000000000000000000, 0.0000000000000000000, 1.000000000000000000 ) ) ;
#1461 = EDGE_CURVE ( 'NONE', #3296, #9938, #9821, .T. ) ;
#1462 = EDGE_CURVE ( 'NONE', #9571, #9698, #7880, .T. ) ;
#1463 = ORIENTED_EDGE ( 'NONE', *, *, #3736, .F. ) ;
#1464 = DIRECTION ( 'NONE',  ( -0.0000000000000000000, -0.0000000000000000000, -1.000000000000000000 ) ) ;
#1465 = LINE ( 'NONE', #10046, #9621 ) ;
#1466 = CARTESIAN_POINT ( 'NONE',  ( 5.680225974296363700, 0.5396826248459102300, 0.1000000000000000100 ) ) ;
#1467 = DIRECTION ( 'NONE',  ( -0.8525082208477700000, -0.5227138159518741600, 0.0000000000000000000 ) ) ;
#1468 = VECTOR ( 'NONE', #1982, 1000.000000000000000 ) ;
#1469 = DIRECTION ( 'NONE',  ( 0.0000000000000000000, -1.000000000000000000, 0.0000000000000000000 ) ) ;
#1470 = AXIS2_PLACEMENT_3D ( 'NONE', #5626, #772, #6444 ) ;
#1471 = ADVANCED_FACE ( 'NONE', ( #7625 ), #5192, .F. ) ;
#1472 = CARTESIAN_POINT ( 'NONE',  ( 5.704854054024949900, 0.2446826248459102700, 0.1000000000000000100 ) ) ;
#1473 = CARTESIAN_POINT ( 'NONE',  ( 4.879675921659534200, 0.009682624845666513300, 0.1000000000000000100 ) ) ;
#1474 = VECTOR ( 'NONE', #447, 1000.000000000000000 ) ;
#1475 = EDGE_CURVE ( 'NONE', #4882, #38, #1152, .T. ) ;
#1476 = CARTESIAN_POINT ( 'NONE',  ( 5.954675921659633900, 1.159682624845749900, 0.1000000000000000100 ) ) ;
#1477 = EDGE_CURVE ( 'NONE', #8188, #1015, #3317, .T. ) ;
#1478 = VECTOR ( 'NONE', #8752, 1000.000000000000000 ) ;
#1479 = CARTESIAN_POINT ( 'NONE',  ( 5.354675921659710600, 0.7846826248458012000, 0.0000000000000000000 ) ) ;
#1480 = DIRECTION ( 'NONE',  ( 0.0000000000000000000, 0.0000000000000000000, 1.000000000000000000 ) ) ;
#1481 = VECTOR ( 'NONE', #4536, 1000.000000000000000 ) ;
#1482 = APPLICATION_PROTOCOL_DEFINITION ( 'draft international standard', 'automotive_design', 1998, #6321 ) ;
#1483 = CARTESIAN_POINT ( 'NONE',  ( 5.154675921659469800, 0.3996826248457591200, 0.1000000000000000100 ) ) ;
#1485 = VERTEX_POINT ( 'NONE', #8165 ) ;
#1484 = DIRECTION ( 'NONE',  ( -0.0000000000000000000, -0.0000000000000000000, -1.000000000000000000 ) ) ;
#1486 = FACE_OUTER_BOUND ( 'NONE', #7323, .T. ) ;
#1487 = DIRECTION ( 'NONE',  ( -0.8168917372397704900, 0.5767910276949441700, 0.0000000000000000000 ) ) ;
#1488 = VERTEX_POINT ( 'NONE', #226 ) ;
#1489 = ORIENTED_EDGE ( 'NONE', *, *, #9402, .F. ) ;
#1490 = VECTOR ( 'NONE', #5999, 1000.000000000000000 ) ;
#1491 = FACE_OUTER_BOUND ( 'NONE', #144, .T. ) ;
#1492 = DIRECTION ( 'NONE',  ( 0.0000000000000000000, 0.0000000000000000000, 1.000000000000000000 ) ) ;
#1493 = VERTEX_POINT ( 'NONE', #7751 ) ;
#1494 = DIRECTION ( 'NONE',  ( 1.000000000000000000, 0.0000000000000000000, 0.0000000000000000000 ) ) ;
#1495 = DIRECTION ( 'NONE',  ( -0.7071067811865490200, 0.7071067811865460200, 0.0000000000000000000 ) ) ;
#1496 = DIRECTION ( 'NONE',  ( -0.0000000000000000000, -1.000000000000000000, -0.0000000000000000000 ) ) ;
#1497 = ORIENTED_EDGE ( 'NONE', *, *, #6642, .F. ) ;
#1498 = CARTESIAN_POINT ( 'NONE',  ( 5.054675921659471900, 0.4496826248457602700, 0.1000000000000000100 ) ) ;
#1499 = LINE ( 'NONE', #1455, #7709 ) ;
#1500 = VECTOR ( 'NONE', #9534, 1000.000000000000000 ) ;
#1501 = ORIENTED_EDGE ( 'NONE', *, *, #9731, .T. ) ;
#1502 = EDGE_CURVE ( 'NONE', #10474, #1545, #7373, .T. ) ;
#1503 = ADVANCED_FACE ( 'NONE', ( #2811 ), #6008, .F. ) ;
#1504 = CARTESIAN_POINT ( 'NONE',  ( 5.004675921659327300, 1.309682624845297700, -0.1000000000000000100 ) ) ;
#1505 = DIRECTION ( 'NONE',  ( 0.0000000000000000000, -1.000000000000000000, 0.0000000000000000000 ) ) ;
#1506 = DIRECTION ( 'NONE',  ( -0.0000000000000000000, -0.0000000000000000000, -1.000000000000000000 ) ) ;
#1507 = CARTESIAN_POINT ( 'NONE',  ( 5.829675921659729800, 1.009682624845805500, 0.1000000000000000100 ) ) ;
#1508 = AXIS2_PLACEMENT_3D ( 'NONE', #1086, #4339, #10055 ) ;
#1509 = CARTESIAN_POINT ( 'NONE',  ( 4.754675921659438300, 1.159682624845901600, 0.0000000000000000000 ) ) ;
#1510 = VECTOR ( 'NONE', #10545, 999.9999999999998900 ) ;
#1511 = ORIENTED_EDGE ( 'NONE', *, *, #976, .T. ) ;
#1512 = DIRECTION ( 'NONE',  ( 0.0000000000000000000, -1.000000000000000000, 0.0000000000000000000 ) ) ;
#1513 = CARTESIAN_POINT ( 'NONE',  ( 4.704675921659936800, 0.9596826248462082500, 0.0000000000000000000 ) ) ;
#1514 = ORIENTED_EDGE ( 'NONE', *, *, #3395, .F. ) ;
#1515 = ORIENTED_EDGE ( 'NONE', *, *, #3443, .F. ) ;
#1516 = ADVANCED_FACE ( 'NONE', ( #637 ), #120, .F. ) ;
#1517 = EDGE_CURVE ( 'NONE', #3999, #3436, #9039, .T. ) ;
#1518 = DIRECTION ( 'NONE',  ( 1.000000000000000000, 0.0000000000000000000, 0.0000000000000000000 ) ) ;
#1519 = EDGE_CURVE ( 'NONE', #9728, #4231, #4944, .T. ) ;
#1520 = CARTESIAN_POINT ( 'NONE',  ( 4.704675921658918000, 0.7096826248464360700, 0.1000000000000000100 ) ) ;
#1521 = VECTOR ( 'NONE', #9134, 1000.000000000000000 ) ;
#1522 = DIRECTION ( 'NONE',  ( -1.000000000000000000, 0.0000000000000000000, 0.0000000000000000000 ) ) ;
#1523 = VERTEX_POINT ( 'NONE', #4600 ) ;
#1524 = CIRCLE ( 'NONE', #3251, 0.07499999999993189900 ) ;
#1525 = EDGE_LOOP ( 'NONE', ( #4717, #9509, #6798, #9407 ) ) ;
#1526 = VERTEX_POINT ( 'NONE', #10385 ) ;
#1527 = AXIS2_PLACEMENT_3D ( 'NONE', #9948, #5043, #184 ) ;
#1528 = ORIENTED_EDGE ( 'NONE', *, *, #7919, .F. ) ;
#1529 = CARTESIAN_POINT ( 'NONE',  ( 5.439675921659716800, 1.034682624845923800, 0.1000000000000000100 ) ) ;
#1530 = CARTESIAN_POINT ( 'NONE',  ( 4.604675921659691100, 0.2096826248464359600, 0.1000000000000000500 ) ) ;
#1531 = CARTESIAN_POINT ( 'NONE',  ( 5.354675921659710600, 0.8346826248458012500, 0.1000000000000000100 ) ) ;
#1532 = CARTESIAN_POINT ( 'NONE',  ( 4.604675921659691100, 0.7096826248464361800, -0.1000000000000000100 ) ) ;
#1533 = EDGE_CURVE ( 'NONE', #3102, #7457, #7102, .T. ) ;
#1534 = VECTOR ( 'NONE', #6194, 1000.000000000000000 ) ;
#1535 = EDGE_CURVE ( 'NONE', #3714, #3338, #2548, .T. ) ;
#1536 = LINE ( 'NONE', #7188, #3680 ) ;
#1537 = ORIENTED_EDGE ( 'NONE', *, *, #10029, .T. ) ;
#1539 = ORIENTED_EDGE ( 'NONE', *, *, #293, .T. ) ;
#1538 = CARTESIAN_POINT ( 'NONE',  ( 5.439675921659715900, 1.103366499252742500, 0.0000000000000000000 ) ) ;
#1540 = EDGE_LOOP ( 'NONE', ( #8860, #7335, #3681, #4917 ) ) ;
#1541 = CARTESIAN_POINT ( 'NONE',  ( 5.659509715401691600, 0.6146826248458012700, 0.0000000000000000000 ) ) ;
#1542 = CARTESIAN_POINT ( 'NONE',  ( 4.754675921659630200, 0.009682624845666794300, 0.1000000000000000100 ) ) ;
#1543 = CARTESIAN_POINT ( 'NONE',  ( 5.042175921659434400, 0.6496826248457302500, 0.0000000000000000000 ) ) ;
#1544 = VECTOR ( 'NONE', #4821, 1000.000000000000000 ) ;
#1545 = VERTEX_POINT ( 'NONE', #562 ) ;
#1546 = DIRECTION ( 'NONE',  ( 0.0000000000000000000, 0.0000000000000000000, 1.000000000000000000 ) ) ;
#1547 = VECTOR ( 'NONE', #3686, 1000.000000000000000 ) ;
#1548 = ORIENTED_EDGE ( 'NONE', *, *, #2764, .T. ) ;
#1549 = ORIENTED_EDGE ( 'NONE', *, *, #424, .F. ) ;
#1550 = ORIENTED_EDGE ( 'NONE', *, *, #7311, .F. ) ;
#1551 = ORIENTED_EDGE ( 'NONE', *, *, #7356, .T. ) ;
#1552 = DIRECTION ( 'NONE',  ( 1.000000000000000000, 0.0000000000000000000, 0.0000000000000000000 ) ) ;
#1553 = DIRECTION ( 'NONE',  ( 1.000000000000000000, 0.0000000000000000000, 0.0000000000000000000 ) ) ;
#1554 = LINE ( 'NONE', #1219, #5338 ) ;
#1555 = DIRECTION ( 'NONE',  ( 0.7071067811865475700, 0.7071067811865475700, -0.0000000000000000000 ) ) ;
#1556 = VERTEX_POINT ( 'NONE', #6930 ) ;
#1557 = CYLINDRICAL_SURFACE ( 'NONE', #9931, 0.04999999999999883000 ) ;
#1558 = DIRECTION ( 'NONE',  ( 1.000000000000000000, 0.0000000000000000000, 0.0000000000000000000 ) ) ;
#1559 = ORIENTED_EDGE ( 'NONE', *, *, #4378, .F. ) ;
#1560 = ORIENTED_EDGE ( 'NONE', *, *, #7370, .F. ) ;
#1561 = ORIENTED_EDGE ( 'NONE', *, *, #4811, .T. ) ;
#1562 = DIRECTION ( 'NONE',  ( 0.0000000000000000000, 0.0000000000000000000, 1.000000000000000000 ) ) ;
#1563 = ORIENTED_EDGE ( 'NONE', *, *, #4313, .T. ) ;
#1564 = ADVANCED_FACE ( 'NONE', ( #4437 ), #8526, .T. ) ;
#1565 = CARTESIAN_POINT ( 'NONE',  ( 5.754675921660088500, -0.1153173751549743100, 0.0000000000000000000 ) ) ;
#1566 = ORIENTED_EDGE ( 'NONE', *, *, #2413, .F. ) ;
#1567 = FACE_OUTER_BOUND ( 'NONE', #4220, .T. ) ;
#1568 = EDGE_CURVE ( 'NONE', #8800, #6107, #114, .T. ) ;
#1569 = AXIS2_PLACEMENT_3D ( 'NONE', #2422, #1609, #8826 ) ;
#1570 = EDGE_CURVE ( 'NONE', #1817, #10197, #2298, .T. ) ;
#1571 = DIRECTION ( 'NONE',  ( 0.5227138159518744900, -0.8525082208477698900, 0.0000000000000000000 ) ) ;
#1572 = ORIENTED_EDGE ( 'NONE', *, *, #7370, .T. ) ;
#1573 = VECTOR ( 'NONE', #2088, 1000.000000000000000 ) ;
#1574 = LINE ( 'NONE', #9554, #5095 ) ;
#1575 = DIRECTION ( 'NONE',  ( 1.000000000000000000, 0.0000000000000000000, 0.0000000000000000000 ) ) ;
#1576 = CARTESIAN_POINT ( 'NONE',  ( 4.604675921659691100, 1.584682624845752000, -0.1000000000000000100 ) ) ;
#1577 = ORIENTED_EDGE ( 'NONE', *, *, #6443, .F. ) ;
#1578 = ORIENTED_EDGE ( 'NONE', *, *, #3705, .T. ) ;
#1579 = DIRECTION ( 'NONE',  ( -0.0000000000000000000, -0.0000000000000000000, -1.000000000000000000 ) ) ;
#1580 = ADVANCED_FACE ( 'NONE', ( #2039 ), #5438, .T. ) ;
#1581 = ORIENTED_EDGE ( 'NONE', *, *, #9423, .F. ) ;
#1582 = VECTOR ( 'NONE', #6686, 1000.000000000000000 ) ;
#1583 = CARTESIAN_POINT ( 'NONE',  ( 4.923997467671501500, 0.2128096800578838100, 0.1000000000000000100 ) ) ;
#1584 = VECTOR ( 'NONE', #7182, 999.9999999999998900 ) ;
#1585 = CARTESIAN_POINT ( 'NONE',  ( 4.604675921659691100, -0.04031737515379176000, 0.1000000000000000100 ) ) ;
#1586 = CARTESIAN_POINT ( 'NONE',  ( 5.104675921659546300, 0.09968262484573875400, 0.0000000000000000000 ) ) ;
#1587 =( NAMED_UNIT ( * ) PLANE_ANGLE_UNIT ( ) SI_UNIT ( $, .RADIAN. ) );
#1588 = ORIENTED_EDGE ( 'NONE', *, *, #6131, .T. ) ;
#1589 = ORIENTED_EDGE ( 'NONE', *, *, #1819, .T. ) ;
#1590 = VECTOR ( 'NONE', #7812, 1000.000000000000000 ) ;
#1591 = EDGE_CURVE ( 'NONE', #6241, #2167, #6588, .T. ) ;
#1592 = ORIENTED_EDGE ( 'NONE', *, *, #8379, .F. ) ;
#1593 = AXIS2_PLACEMENT_3D ( 'NONE', #10367, #7132, #2287 ) ;
#1594 = EDGE_CURVE ( 'NONE', #10165, #8491, #8262, .T. ) ;
#1595 = DIRECTION ( 'NONE',  ( 0.0000000000000000000, 0.0000000000000000000, 1.000000000000000000 ) ) ;
#1596 = VECTOR ( 'NONE', #3044, 1000.000000000000000 ) ;
#1597 = CARTESIAN_POINT ( 'NONE',  ( 5.354675921659711500, 0.2446826248459104400, 0.1000000000000000100 ) ) ;
#1598 = LINE ( 'NONE', #1529, #9990 ) ;
#1599 = ORIENTED_EDGE ( 'NONE', *, *, #7450, .F. ) ;
#1600 = CARTESIAN_POINT ( 'NONE',  ( 4.704675921658918000, -0.2903173751535640400, 0.1000000000000000100 ) ) ;
#1601 = CARTESIAN_POINT ( 'NONE',  ( 6.104675921659724800, 1.209682624846421200, 0.1000000000000000500 ) ) ;
#1602 = ORIENTED_EDGE ( 'NONE', *, *, #7477, .T. ) ;
#1603 = LINE ( 'NONE', #8042, #9995 ) ;
#1604 = CARTESIAN_POINT ( 'NONE',  ( 4.704675921658918000, -0.2903173751535640400, 0.1000000000000000100 ) ) ;
#1605 = FACE_OUTER_BOUND ( 'NONE', #9146, .T. ) ;
#1606 = EDGE_CURVE ( 'NONE', #4414, #3246, #6080, .T. ) ;
#1607 = CARTESIAN_POINT ( 'NONE',  ( 4.754675921659438300, 1.159682624845901600, 0.1000000000000000100 ) ) ;
#1608 = CARTESIAN_POINT ( 'NONE',  ( 5.042175921659434400, 0.5996826248457302100, 0.1000000000000000100 ) ) ;
#1609 = DIRECTION ( 'NONE',  ( 0.0000000000000000000, 0.0000000000000000000, 1.000000000000000000 ) ) ;
#1610 = CIRCLE ( 'NONE', #3329, 0.07499999999999953900 ) ;
#1611 = PLANE ( 'NONE',  #8119 ) ;
#1612 = ORIENTED_EDGE ( 'NONE', *, *, #5032, .F. ) ;
#1613 =( GEOMETRIC_REPRESENTATION_CONTEXT ( 3 ) GLOBAL_UNCERTAINTY_ASSIGNED_CONTEXT ( ( #9807 ) ) GLOBAL_UNIT_ASSIGNED_CONTEXT ( ( #3002, #10378, #5472 ) ) REPRESENTATION_CONTEXT ( 'NONE', 'WORKASPACE' ) );
#1614 = LINE ( 'NONE', #1182, #9765 ) ;
#1615 = DIRECTION ( 'NONE',  ( 1.000000000000000000, -1.084202172489809600E-015, 0.0000000000000000000 ) ) ;
#1616 = CARTESIAN_POINT ( 'NONE',  ( 5.304675921659713500, 0.04468262484602203400, 0.1000000000000000100 ) ) ;
#1617 = ORIENTED_EDGE ( 'NONE', *, *, #19, .T. ) ;
#1618 = ORIENTED_EDGE ( 'NONE', *, *, #2399, .T. ) ;
#1619 = AXIS2_PLACEMENT_3D ( 'NONE', #4885, #7, #1671 ) ;
#1620 = DIRECTION ( 'NONE',  ( 1.000000000000000000, 0.0000000000000000000, 0.0000000000000000000 ) ) ;
#1621 = DIRECTION ( 'NONE',  ( -1.000000000000000000, -1.577021341803359200E-015, -0.0000000000000000000 ) ) ;
#1622 = DIRECTION ( 'NONE',  ( -2.249719507909152500E-015, -1.000000000000000000, 0.0000000000000000000 ) ) ;
#1623 = LINE ( 'NONE', #3452, #8089 ) ;
#1624 = EDGE_CURVE ( 'NONE', #7561, #3940, #3937, .T. ) ;
#1625 = VERTEX_POINT ( 'NONE', #9466 ) ;
#1626 = CARTESIAN_POINT ( 'NONE',  ( 5.754675921660088500, 1.284682624846466700, 0.0000000000000000000 ) ) ;
#1627 = CIRCLE ( 'NONE', #6922, 0.07500000000021551900 ) ;
#1628 = ORIENTED_EDGE ( 'NONE', *, *, #5159, .T. ) ;
#1629 = CARTESIAN_POINT ( 'NONE',  ( 5.680225974296362800, 0.4646826248459103300, 0.1000000000000000100 ) ) ;
#1630 = CARTESIAN_POINT ( 'NONE',  ( 5.829675921660816900, 1.459682624846193600, 0.0000000000000000000 ) ) ;
#1631 = LINE ( 'NONE', #6950, #9780 ) ;
#1632 = ADVANCED_FACE ( 'NONE', ( #10185 ), #1275, .F. ) ;
#1633 = CARTESIAN_POINT ( 'NONE',  ( 5.829675921659729800, 0.6596826248457794400, 0.1000000000000000100 ) ) ;
#1634 = EDGE_LOOP ( 'NONE', ( #7397, #8344, #7330, #3660, #1931, #2031, #4728, #6253, #1435, #5173, #4564, #1199, #1291, #2575 ) ) ;
#1635 = VECTOR ( 'NONE', #5728, 1000.000000000000000 ) ;
#1636 = DIRECTION ( 'NONE',  ( 0.9625661542539195600, 0.2710468569912210000, 0.0000000000000000000 ) ) ;
#1637 = CARTESIAN_POINT ( 'NONE',  ( 4.879675921659459600, 0.5096826248458689000, 0.0000000000000000000 ) ) ;
#1638 = FACE_OUTER_BOUND ( 'NONE', #7340, .T. ) ;
#1639 = ORIENTED_EDGE ( 'NONE', *, *, #5914, .F. ) ;
#1640 = DIRECTION ( 'NONE',  ( -1.000000000000000000, -2.891205793297582800E-015, 0.0000000000000000000 ) ) ;
#1641 = DIRECTION ( 'NONE',  ( -0.0000000000000000000, -0.0000000000000000000, -1.000000000000000000 ) ) ;
#1642 = CARTESIAN_POINT ( 'NONE',  ( 4.604675921659691100, 0.4596826248462080900, 0.1000000000000000500 ) ) ;
#1643 = CARTESIAN_POINT ( 'NONE',  ( 5.754675921660088500, 0.8846826248450256900, -0.1000000000000000100 ) ) ;
#1644 = ORIENTED_EDGE ( 'NONE', *, *, #295, .T. ) ;
#1645 = VECTOR ( 'NONE', #8426, 1000.000000000000000 ) ;
#1646 = DIRECTION ( 'NONE',  ( 1.000000000000000000, 0.0000000000000000000, 0.0000000000000000000 ) ) ;
#1647 = VERTEX_POINT ( 'NONE', #612 ) ;
#1648 = CARTESIAN_POINT ( 'NONE',  ( 4.954675921659530000, 1.484682624845893300, 0.1000000000000000100 ) ) ;
#1649 = DIRECTION ( 'NONE',  ( 0.7105680696062410800, 0.7036284662064633500, -0.0000000000000000000 ) ) ;
#1650 = EDGE_CURVE ( 'NONE', #867, #9074, #5822, .T. ) ;
#1651 = AXIS2_PLACEMENT_3D ( 'NONE', #421, #6079, #1242 ) ;
#1652 = EDGE_CURVE ( 'NONE', #1776, #9035, #1536, .T. ) ;
#1653 = LINE ( 'NONE', #5199, #3540 ) ;
#1654 = CARTESIAN_POINT ( 'NONE',  ( 5.104675921659470800, 0.3996826248457591200, 0.1000000000000000100 ) ) ;
#1655 = CARTESIAN_POINT ( 'NONE',  ( 4.954675921659529100, 1.159682624845901600, 0.1000000000000000100 ) ) ;
#1656 = ORIENTED_EDGE ( 'NONE', *, *, #10178, .T. ) ;
#1657 = AXIS2_PLACEMENT_3D ( 'NONE', #1654, #3283, #4082 ) ;
#1658 = EDGE_LOOP ( 'NONE', ( #6418, #7063, #5575, #347 ) ) ;
#1659 = CLOSED_SHELL ( 'NONE', ( #100, #3676, #3942, #4677, #9368, #5854, #9688, #8487, #4907, #6014, #2849, #6449, #4861, #3752, #8429, #6391, #760, #5960, #374 ) ) ;
#1660 = CIRCLE ( 'NONE', #1007, 0.07500000000021639400 ) ;
#1661 = CARTESIAN_POINT ( 'NONE',  ( 5.219675921659555400, 1.103366499252897800, 0.1000000000000000100 ) ) ;
#1662 = VECTOR ( 'NONE', #3012, 1000.000000000000000 ) ;
#1663 = CARTESIAN_POINT ( 'NONE',  ( 4.604675921659691100, 1.584682624845752000, 0.7499999999999998900 ) ) ;
#1664 = ORIENTED_EDGE ( 'NONE', *, *, #7759, .F. ) ;
#1665 = VERTEX_POINT ( 'NONE', #10551 ) ;
#1666 = EDGE_CURVE ( 'NONE', #9411, #9281, #7739, .T. ) ;
#1667 = DIRECTION ( 'NONE',  ( -0.0000000000000000000, -0.0000000000000000000, -1.000000000000000000 ) ) ;
#1668 = EDGE_CURVE ( 'NONE', #9326, #9066, #9155, .T. ) ;
#1669 = DIRECTION ( 'NONE',  ( -0.0000000000000000000, -0.0000000000000000000, -1.000000000000000000 ) ) ;
#1670 = CARTESIAN_POINT ( 'NONE',  ( 5.257423324848843100, 1.136155728467158200, 0.1000000000000000100 ) ) ;
#1671 = DIRECTION ( 'NONE',  ( -1.000000000000000000, 0.0000000000000000000, 0.0000000000000000000 ) ) ;
#1672 = LINE ( 'NONE', #10006, #3560 ) ;
#1673 = VECTOR ( 'NONE', #610, 1000.000000000000000 ) ;
#1674 = CARTESIAN_POINT ( 'NONE',  ( 5.304675921659713500, -0.05180946618659623000, 0.1000000000000000100 ) ) ;
#1675 = ORIENTED_EDGE ( 'NONE', *, *, #7216, .T. ) ;
#1676 = VERTEX_POINT ( 'NONE', #9264 ) ;
#1677 = ORIENTED_EDGE ( 'NONE', *, *, #1868, .F. ) ;
#1678 = DIRECTION ( 'NONE',  ( -0.0000000000000000000, -1.000000000000000000, -0.0000000000000000000 ) ) ;
#1679 = CARTESIAN_POINT ( 'NONE',  ( 5.354675921659710600, 0.4146826248459104000, 0.1000000000000000100 ) ) ;
#1680 = EDGE_CURVE ( 'NONE', #2347, #1041, #3568, .T. ) ;
#1681 = EDGE_CURVE ( 'NONE', #3263, #5578, #7632, .T. ) ;
#1682 = ADVANCED_FACE ( 'NONE', ( #1160 ), #9710, .T. ) ;
#1683 = DIRECTION ( 'NONE',  ( 1.316717819115048600E-014, 1.000000000000000000, 0.0000000000000000000 ) ) ;
#1684 = CARTESIAN_POINT ( 'NONE',  ( 5.113292969088838000, 0.9995012015357573900, 0.1000000000000000100 ) ) ;
#1685 = VECTOR ( 'NONE', #9748, 1000.000000000000000 ) ;
#1686 = ORIENTED_EDGE ( 'NONE', *, *, #3783, .F. ) ;
#1687 = EDGE_LOOP ( 'NONE', ( #6721, #2661, #8604, #9261 ) ) ;
#1688 = VERTEX_POINT ( 'NONE', #2798 ) ;
#1689 = CARTESIAN_POINT ( 'NONE',  ( 6.004675921659058200, -0.2903173751547012400, 0.0000000000000000000 ) ) ;
#1690 = LINE ( 'NONE', #9357, #10089 ) ;
#1691 = ORIENTED_EDGE ( 'NONE', *, *, #1390, .F. ) ;
#1692 = FACE_OUTER_BOUND ( 'NONE', #1720, .T. ) ;
#1693 = AXIS2_PLACEMENT_3D ( 'NONE', #3673, #7808, #7202 ) ;
#1694 = ORIENTED_EDGE ( 'NONE', *, *, #7693, .F. ) ;
#1695 = DIRECTION ( 'NONE',  ( -0.7422680412375330900, -0.6701030927830402600, 0.0000000000000000000 ) ) ;
#1696 = ORIENTED_EDGE ( 'NONE', *, *, #5986, .T. ) ;
#1697 = DIRECTION ( 'NONE',  ( -0.0000000000000000000, -0.0000000000000000000, -1.000000000000000000 ) ) ;
#1698 = DIRECTION ( 'NONE',  ( -1.000000000000000000, 0.0000000000000000000, 0.0000000000000000000 ) ) ;
#1699 = EDGE_LOOP ( 'NONE', ( #617, #7265, #9562, #1707 ) ) ;
#1700 = DIRECTION ( 'NONE',  ( -0.7071067811865495700, 0.7071067811865455700, 0.0000000000000000000 ) ) ;
#1701 = VECTOR ( 'NONE', #7807, 1000.000000000000200 ) ;
#1702 = PLANE ( 'NONE',  #383 ) ;
#1703 = ORIENTED_EDGE ( 'NONE', *, *, #10432, .T. ) ;
#1704 = FACE_OUTER_BOUND ( 'NONE', #7651, .T. ) ;
#1705 = CARTESIAN_POINT ( 'NONE',  ( 5.954675921659633900, 0.1596826248457502400, 0.1000000000000000100 ) ) ;
#1706 = PRESENTATION_STYLE_ASSIGNMENT (( #3080 ) ) ;
#1707 = ORIENTED_EDGE ( 'NONE', *, *, #4662, .T. ) ;
#1708 = CARTESIAN_POINT ( 'NONE',  ( 4.879675921659395700, 0.8846826248462763600, -0.1000000000000000100 ) ) ;
#1709 = ORIENTED_EDGE ( 'NONE', *, *, #9493, .T. ) ;
#1710 = EDGE_CURVE ( 'NONE', #5806, #3545, #5716, .T. ) ;
#1711 = LINE ( 'NONE', #6421, #10105 ) ;
#1712 = CARTESIAN_POINT ( 'NONE',  ( 5.954675921659633900, 0.009682624845806115200, 0.1000000000000000100 ) ) ;
#1713 = CIRCLE ( 'NONE', #9367, 0.04999999999999969700 ) ;
#1714 = CARTESIAN_POINT ( 'NONE',  ( 5.829675921660816900, 0.2096826248452990100, -0.1000000000000000100 ) ) ;
#1715 = FACE_OUTER_BOUND ( 'NONE', #3198, .T. ) ;
#1716 = VERTEX_POINT ( 'NONE', #4095 ) ;
#1717 = AXIS2_PLACEMENT_3D ( 'NONE', #4845, #10559, #5651 ) ;
#1718 = CARTESIAN_POINT ( 'NONE',  ( 6.104675921659724800, 1.459682624846193800, 0.1000000000000000500 ) ) ;
#1719 = CARTESIAN_POINT ( 'NONE',  ( 4.704675921659895000, 0.4596826248462082000, 0.1000000000000000100 ) ) ;
#1720 = EDGE_LOOP ( 'NONE', ( #901, #710, #2769, #3407, #8146, #10429 ) ) ;
#1721 = LINE ( 'NONE', #3458, #9875 ) ;
#1722 = DIRECTION ( 'NONE',  ( -1.000000000000000000, 0.0000000000000000000, 0.0000000000000000000 ) ) ;
#1723 = FACE_OUTER_BOUND ( 'NONE', #5505, .T. ) ;
#1724 = EDGE_CURVE ( 'NONE', #2532, #7885, #3323, .T. ) ;
#1725 = EDGE_CURVE ( 'NONE', #1944, #232, #7380, .T. ) ;
#1726 = VECTOR ( 'NONE', #2737, 1000.000000000000000 ) ;
#1727 = DIRECTION ( 'NONE',  ( 0.7071067811865490200, -0.7071067811865460200, 0.0000000000000000000 ) ) ;
#1729 = ORIENTED_EDGE ( 'NONE', *, *, #7301, .T. ) ;
#1728 = CARTESIAN_POINT ( 'NONE',  ( 4.937028862835632900, 0.4790943895518071600, 0.0000000000000000000 ) ) ;
#1730 = VECTOR ( 'NONE', #7878, 1000.000000000000000 ) ;
#1731 = ADVANCED_FACE ( 'NONE', ( #9577 ), #1702, .T. ) ;
#1732 = CARTESIAN_POINT ( 'NONE',  ( 6.004675921660369100, -0.04031737515492882200, 0.0000000000000000000 ) ) ;
#1733 = DIRECTION ( 'NONE',  ( -0.0000000000000000000, 1.000000000000000000, -0.0000000000000000000 ) ) ;
#1734 = VECTOR ( 'NONE', #3019, 1000.000000000000000 ) ;
#1735 = EDGE_CURVE ( 'NONE', #1026, #8452, #9306, .T. ) ;
#1736 = VERTEX_POINT ( 'NONE', #4985 ) ;
#1737 = EDGE_CURVE ( 'NONE', #2446, #6563, #4953, .T. ) ;
#1738 = FACE_OUTER_BOUND ( 'NONE', #7161, .T. ) ;
#1739 = CARTESIAN_POINT ( 'NONE',  ( 5.702066070335085600, 0.08440370535898600300, 0.1000000000000000100 ) ) ;
#1740 = CARTESIAN_POINT ( 'NONE',  ( 5.304675921659710800, 0.2946826248459107900, 0.1000000000000000100 ) ) ;
#1741 = CARTESIAN_POINT ( 'NONE',  ( 4.604675921659691100, 0.4596826248462081400, -0.1000000000000000100 ) ) ;
#1742 = CARTESIAN_POINT ( 'NONE',  ( 5.829675921659906600, 0.9596826248450711600, -0.1000000000000000100 ) ) ;
#1743 = ORIENTED_EDGE ( 'NONE', *, *, #6527, .F. ) ;
#1744 = CARTESIAN_POINT ( 'NONE',  ( 5.704854054024949900, 0.1696826248459104600, 0.0000000000000000000 ) ) ;
#1745 = SURFACE_STYLE_FILL_AREA ( #10516 ) ;
#1746 = EDGE_LOOP ( 'NONE', ( #3966, #8880, #9277, #5340, #3312, #1954, #5627, #4960, #8646, #8007, #1158, #7944, #6431, #8289 ) ) ;
#1747 = CARTESIAN_POINT ( 'NONE',  ( 5.754675921660088500, 0.2846826248451166400, -0.1000000000000000100 ) ) ;
#1748 = DIRECTION ( 'NONE',  ( -1.000000000000000000, 0.0000000000000000000, 0.0000000000000000000 ) ) ;
#1749 = FACE_OUTER_BOUND ( 'NONE', #2835, .T. ) ;
#1750 = LINE ( 'NONE', #6028, #4396 ) ;
#1751 = ORIENTED_EDGE ( 'NONE', *, *, #3702, .F. ) ;
#1752 = CARTESIAN_POINT ( 'NONE',  ( 4.879675921659459600, 0.5096826248458689000, 0.1000000000000000100 ) ) ;
#1753 = AXIS2_PLACEMENT_3D ( 'NONE', #225, #8701, #2230 ) ;
#1754 = EDGE_CURVE ( 'NONE', #3672, #4681, #7110, .T. ) ;
#1755 = ORIENTED_EDGE ( 'NONE', *, *, #5713, .F. ) ;
#1756 = LINE ( 'NONE', #2234, #7974 ) ;
#1757 = VECTOR ( 'NONE', #5296, 1000.000000000000000 ) ;
#1758 = EDGE_LOOP ( 'NONE', ( #8241, #143, #5984, #7521 ) ) ;
#1759 = DIRECTION ( 'NONE',  ( 0.0000000000000000000, 0.0000000000000000000, -1.000000000000000000 ) ) ;
#1760 = DIRECTION ( 'NONE',  ( 0.0000000000000000000, 0.0000000000000000000, 1.000000000000000000 ) ) ;
#1761 = CARTESIAN_POINT ( 'NONE',  ( 4.604675921659691100, 1.584682624845752000, -0.1000000000000000100 ) ) ;
#1762 = DIRECTION ( 'NONE',  ( -1.000000000000000000, 5.421010862462208400E-016, 0.0000000000000000000 ) ) ;
#1763 = EDGE_CURVE ( 'NONE', #5182, #5839, #643, .T. ) ;
#1764 = DIRECTION ( 'NONE',  ( 0.0000000000000000000, 0.0000000000000000000, 1.000000000000000000 ) ) ;
#1765 = EDGE_CURVE ( 'NONE', #6187, #3296, #5198, .T. ) ;
#1766 = CARTESIAN_POINT ( 'NONE',  ( 5.139559183011347600, 0.7566040915149113700, 0.0000000000000000000 ) ) ;
#1767 = FACE_OUTER_BOUND ( 'NONE', #6618, .T. ) ;
#1768 = ORIENTED_EDGE ( 'NONE', *, *, #19, .F. ) ;
#1769 = VERTEX_POINT ( 'NONE', #3211 ) ;
#1770 = EDGE_LOOP ( 'NONE', ( #2100, #921, #7784, #8167 ) ) ;
#1771 = AXIS2_PLACEMENT_3D ( 'NONE', #10168, #420, #6078 ) ;
#1772 = DIRECTION ( 'NONE',  ( -1.000000000000000000, -0.0000000000000000000, -0.0000000000000000000 ) ) ;
#1773 = PLANE ( 'NONE',  #9744 ) ;
#1774 = PLANE ( 'NONE',  #1693 ) ;
#1775 = CARTESIAN_POINT ( 'NONE',  ( 5.145520508521533600, -0.04502994241201670200, 0.1000000000000000100 ) ) ;
#1776 = VERTEX_POINT ( 'NONE', #3067 ) ;
#1777 = DIRECTION ( 'NONE',  ( 1.000000000000000000, 0.0000000000000000000, 0.0000000000000000000 ) ) ;
#1778 = FACE_OUTER_BOUND ( 'NONE', #5603, .T. ) ;
#1779 = ADVANCED_FACE ( 'NONE', ( #9044 ), #6934, .F. ) ;
#1780 = VECTOR ( 'NONE', #903, 999.9999999999998900 ) ;
#1782 = ORIENTED_EDGE ( 'NONE', *, *, #6607, .F. ) ;
#1781 = CARTESIAN_POINT ( 'NONE',  ( 5.954675921659633900, 1.009682624845805500, 0.1000000000000000100 ) ) ;
#1783 = DIRECTION ( 'NONE',  ( 0.7071067811865505700, 0.7071067811865444600, -0.0000000000000000000 ) ) ;
#1784 = ORIENTED_EDGE ( 'NONE', *, *, #10118, .T. ) ;
#1785 = ORIENTED_EDGE ( 'NONE', *, *, #10402, .T. ) ;
#1786 = EDGE_CURVE ( 'NONE', #9698, #444, #2556, .T. ) ;
#1787 = AXIS2_PLACEMENT_3D ( 'NONE', #5995, #9299, #4401 ) ;
#1788 = EDGE_CURVE ( 'NONE', #3353, #2630, #8791, .T. ) ;
#1789 = DIRECTION ( 'NONE',  ( -0.0000000000000000000, 1.000000000000000000, -0.0000000000000000000 ) ) ;
#1790 = CIRCLE ( 'NONE', #671, 0.04999999999999969700 ) ;
#1791 = VECTOR ( 'NONE', #4530, 1000.000000000000000 ) ;
#1792 = VERTEX_POINT ( 'NONE', #519 ) ;
#1793 = ORIENTED_EDGE ( 'NONE', *, *, #6794, .F. ) ;
#1794 = ORIENTED_EDGE ( 'NONE', *, *, #8873, .T. ) ;
#1795 = ORIENTED_EDGE ( 'NONE', *, *, #1724, .T. ) ;
#1796 = SURFACE_STYLE_FILL_AREA ( #1282 ) ;
#1797 = VECTOR ( 'NONE', #4400, 1000.000000000000000 ) ;
#1798 = DIRECTION ( 'NONE',  ( -1.000000000000000000, 2.602085213967212400E-015, 0.0000000000000000000 ) ) ;
#1799 = ORIENTED_EDGE ( 'NONE', *, *, #4262, .T. ) ;
#1800 = EDGE_CURVE ( 'NONE', #3322, #10474, #6595, .T. ) ;
#1801 = CIRCLE ( 'NONE', #1896, 0.07500000000021551900 ) ;
#1802 = CARTESIAN_POINT ( 'NONE',  ( 4.729675921659755000, 1.484682624845893300, 0.1000000000000000100 ) ) ;
#1803 = EDGE_LOOP ( 'NONE', ( #2780, #7489, #4403, #9154 ) ) ;
#1804 = ORIENTED_EDGE ( 'NONE', *, *, #6642, .T. ) ;
#1805 = VERTEX_POINT ( 'NONE', #5801 ) ;
#1806 = ORIENTED_EDGE ( 'NONE', *, *, #881, .F. ) ;
#1807 = DIRECTION ( 'NONE',  ( -0.0000000000000000000, -0.0000000000000000000, -1.000000000000000000 ) ) ;
#1808 = DIRECTION ( 'NONE',  ( -0.0000000000000000000, 1.000000000000000000, -0.0000000000000000000 ) ) ;
#1809 = DIRECTION ( 'NONE',  ( 0.0000000000000000000, 0.0000000000000000000, 1.000000000000000000 ) ) ;
#1810 = LINE ( 'NONE', #8355, #10208 ) ;
#1811 = ORIENTED_EDGE ( 'NONE', *, *, #10324, .T. ) ;
#1812 = CARTESIAN_POINT ( 'NONE',  ( 4.879675921658599900, 0.2096826248464360200, -0.1000000000000000100 ) ) ;
#1813 = VECTOR ( 'NONE', #3610, 1000.000000000000000 ) ;
#1814 = VERTEX_POINT ( 'NONE', #7388 ) ;
#1815 = VERTEX_POINT ( 'NONE', #8900 ) ;
#1816 = ORIENTED_EDGE ( 'NONE', *, *, #9390, .F. ) ;
#1817 = VERTEX_POINT ( 'NONE', #1752 ) ;
#1818 = DIRECTION ( 'NONE',  ( 1.000000000000000000, 0.0000000000000000000, 0.0000000000000000000 ) ) ;
#1819 = EDGE_CURVE ( 'NONE', #2313, #7093, #2308, .T. ) ;
#1820 = EDGE_CURVE ( 'NONE', #262, #2254, #8534, .T. ) ;
#1821 = ORIENTED_EDGE ( 'NONE', *, *, #7556, .T. ) ;
#1822 = LINE ( 'NONE', #79, #3218 ) ;
#1823 = DIRECTION ( 'NONE',  ( 0.0000000000000000000, 1.000000000000000000, 0.0000000000000000000 ) ) ;
#1824 = PLANE ( 'NONE',  #6179 ) ;
#1825 = ORIENTED_EDGE ( 'NONE', *, *, #6780, .F. ) ;
#1826 = SURFACE_SIDE_STYLE ('',( #1796 ) ) ;
#1827 = LINE ( 'NONE', #7681, #10225 ) ;
#1828 = VECTOR ( 'NONE', #8589, 1000.000000000000000 ) ;
#1829 = ORIENTED_EDGE ( 'NONE', *, *, #1533, .T. ) ;
#1830 = EDGE_LOOP ( 'NONE', ( #2657, #4428, #125, #1156, #266, #4248 ) ) ;
#1831 = ORIENTED_EDGE ( 'NONE', *, *, #7088, .T. ) ;
#1832 = FACE_OUTER_BOUND ( 'NONE', #10475, .T. ) ;
#1833 = AXIS2_PLACEMENT_3D ( 'NONE', #6658, #10284, #3485 ) ;
#1834 = LINE ( 'NONE', #3918, #1584 ) ;
#1835 = CARTESIAN_POINT ( 'NONE',  ( 5.558906690890459900, 0.9846826248459265000, 0.0000000000000000000 ) ) ;
#1836 = CARTESIAN_POINT ( 'NONE',  ( 5.354675921659710600, 0.4646826248459103900, 0.1000000000000000100 ) ) ;
#1837 = FACE_OUTER_BOUND ( 'NONE', #10064, .T. ) ;
#1838 = ORIENTED_EDGE ( 'NONE', *, *, #6115, .T. ) ;
#1839 = ADVANCED_FACE ( 'NONE', ( #10455 ), #3945, .T. ) ;
#1840 = MANIFOLD_SOLID_BREP ( '相交1[2]', #10252 ) ;
#1841 = ORIENTED_EDGE ( 'NONE', *, *, #1737, .T. ) ;
#1842 = VECTOR ( 'NONE', #4513, 1000.000000000000000 ) ;
#1843 = DIRECTION ( 'NONE',  ( 0.0000000000000000000, 0.0000000000000000000, 1.000000000000000000 ) ) ;
#1844 = FILL_AREA_STYLE_COLOUR ( '', #7229 ) ;
#1845 = LINE ( 'NONE', #5436, #5880 ) ;
#1846 = LINE ( 'NONE', #4774, #5882 ) ;
#1847 = ORIENTED_EDGE ( 'NONE', *, *, #7287, .T. ) ;
#1848 = CARTESIAN_POINT ( 'NONE',  ( 4.879675921659111500, 0.2846826248466515800, -0.1000000000000000100 ) ) ;
#1849 = DIRECTION ( 'NONE',  ( 2.168404344971021900E-015, -1.000000000000000000, 0.0000000000000000000 ) ) ;
#1850 = EDGE_LOOP ( 'NONE', ( #5920, #6319, #4585, #8778 ) ) ;
#1851 = VECTOR ( 'NONE', #7142, 1000.000000000000000 ) ;
#1852 = EDGE_CURVE ( 'NONE', #2626, #9015, #8270, .T. ) ;
#1853 = AXIS2_PLACEMENT_3D ( 'NONE', #7348, #2494, #8173 ) ;
#1854 = PLANE ( 'NONE',  #4639 ) ;
#1855 = VECTOR ( 'NONE', #4892, 1000.000000000000000 ) ;
#1856 = AXIS2_PLACEMENT_3D ( 'NONE', #6313, #3914, #9629 ) ;
#1857 = DIRECTION ( 'NONE',  ( -0.8525082208477698900, -0.5227138159518743800, -0.0000000000000000000 ) ) ;
#1858 = CARTESIAN_POINT ( 'NONE',  ( 5.742751042523171800, 0.2344037053588794400, 0.1000000000000000100 ) ) ;
#1859 = DIRECTION ( 'NONE',  ( 1.000000000000000000, -4.644217066735656000E-016, 0.0000000000000000000 ) ) ;
#1860 = ORIENTED_EDGE ( 'NONE', *, *, #3972, .T. ) ;
#1861 = CARTESIAN_POINT ( 'NONE',  ( 5.829675921659729800, 0.6596826248457794400, 0.1000000000000000100 ) ) ;
#1862 = DIRECTION ( 'NONE',  ( -0.0000000000000000000, -0.0000000000000000000, -1.000000000000000000 ) ) ;
#1863 = LINE ( 'NONE', #4740, #3755 ) ;
#1864 = DIRECTION ( 'NONE',  ( -0.0000000000000000000, 0.0000000000000000000, 1.000000000000000000 ) ) ;
#1865 = VERTEX_POINT ( 'NONE', #6224 ) ;
#1866 = LINE ( 'NONE', #1110, #3759 ) ;
#1867 = EDGE_CURVE ( 'NONE', #8675, #7816, #1170, .T. ) ;
#1868 = EDGE_CURVE ( 'NONE', #2146, #2019, #3336, .T. ) ;
#1869 = ORIENTED_EDGE ( 'NONE', *, *, #7792, .T. ) ;
#1870 = CARTESIAN_POINT ( 'NONE',  ( 4.879675921659509400, 0.4596826248462082000, -0.1000000000000000100 ) ) ;
#1871 = ORIENTED_EDGE ( 'NONE', *, *, #2864, .F. ) ;
#1872 = CARTESIAN_POINT ( 'NONE',  ( 5.354675921659710600, 0.6146826248458012700, 0.1000000000000000100 ) ) ;
#1873 = FACE_OUTER_BOUND ( 'NONE', #3845, .T. ) ;
#1874 = CARTESIAN_POINT ( 'NONE',  ( 5.679838229676033000, 0.6174901632767579900, 0.1000000000000000100 ) ) ;
#1875 = VERTEX_POINT ( 'NONE', #6792 ) ;
#1876 = AXIS2_PLACEMENT_3D ( 'NONE', #3359, #9045, #4153 ) ;
#1877 = FACE_OUTER_BOUND ( 'NONE', #3962, .T. ) ;
#1878 = CARTESIAN_POINT ( 'NONE',  ( 6.104675921659724800, 0.9596826248450711600, 0.0000000000000000000 ) ) ;
#1879 = ORIENTED_EDGE ( 'NONE', *, *, #715, .T. ) ;
#1880 = DIRECTION ( 'NONE',  ( 1.000000000000000000, 0.0000000000000000000, 0.0000000000000000000 ) ) ;
#1881 = ADVANCED_FACE ( 'NONE', ( #7393 ), #9318, .T. ) ;
#1882 = DIRECTION ( 'NONE',  ( 0.0000000000000000000, 0.0000000000000000000, 1.000000000000000000 ) ) ;
#1883 = EDGE_CURVE ( 'NONE', #7218, #5023, #2047, .T. ) ;
#1884 = CYLINDRICAL_SURFACE ( 'NONE', #5569, 0.08000000000000021000 ) ;
#1885 = EDGE_CURVE ( 'NONE', #10096, #3834, #5213, .T. ) ;
#1886 = CARTESIAN_POINT ( 'NONE',  ( 4.604675921659691100, -0.4153173751542453800, -0.1000000000000000100 ) ) ;
#1888 = ORIENTED_EDGE ( 'NONE', *, *, #4294, .T. ) ;
#1887 = CARTESIAN_POINT ( 'NONE',  ( 5.679838229676033000, 0.6174901632767579900, 0.0000000000000000000 ) ) ;
#1889 = VECTOR ( 'NONE', #1669, 1000.000000000000000 ) ;
#1890 = LINE ( 'NONE', #2478, #5038 ) ;
#1891 = CARTESIAN_POINT ( 'NONE',  ( 5.354675921659711500, 0.2446826248459105500, 0.0000000000000000000 ) ) ;
#1892 = VERTEX_POINT ( 'NONE', #3138 ) ;
#1893 = DIRECTION ( 'NONE',  ( -1.000000000000000000, 0.0000000000000000000, 0.0000000000000000000 ) ) ;
#1894 = ADVANCED_FACE ( 'NONE', ( #2830 ), #9178, .F. ) ;
#1895 = DIRECTION ( 'NONE',  ( 0.0000000000000000000, 0.0000000000000000000, 1.000000000000000000 ) ) ;
#1896 = AXIS2_PLACEMENT_3D ( 'NONE', #3982, #1213, #2607 ) ;
#1897 = VECTOR ( 'NONE', #5836, 1000.000000000000000 ) ;
#1898 = CARTESIAN_POINT ( 'NONE',  ( 4.704675921658918000, -0.2903173751535640400, 0.1000000000000000100 ) ) ;
#1899 = DIRECTION ( 'NONE',  ( -1.000000000000000000, 0.0000000000000000000, 0.0000000000000000000 ) ) ;
#1900 = VERTEX_POINT ( 'NONE', #203 ) ;
#1901 = DIRECTION ( 'NONE',  ( 0.0000000000000000000, 1.000000000000000000, 0.0000000000000000000 ) ) ;
#1902 = AXIS2_PLACEMENT_3D ( 'NONE', #8495, #3620, #9323 ) ;
#1903 = DIRECTION ( 'NONE',  ( 1.000000000000000000, 0.0000000000000000000, 0.0000000000000000000 ) ) ;
#1904 = FACE_OUTER_BOUND ( 'NONE', #128, .T. ) ;
#1905 = ORIENTED_EDGE ( 'NONE', *, *, #46, .F. ) ;
#1906 = VERTEX_POINT ( 'NONE', #5602 ) ;
#1907 = VERTEX_POINT ( 'NONE', #3280 ) ;
#1908 = EDGE_CURVE ( 'NONE', #4357, #6346, #658, .T. ) ;
#1909 = DIRECTION ( 'NONE',  ( 0.0000000000000000000, -0.0000000000000000000, 1.000000000000000000 ) ) ;
#1910 = VECTOR ( 'NONE', #2393, 1000.000000000000000 ) ;
#1911 = ORIENTED_EDGE ( 'NONE', *, *, #2860, .F. ) ;
#1912 = AXIS2_PLACEMENT_3D ( 'NONE', #4456, #5261, #6856 ) ;
#1913 = LINE ( 'NONE', #1381, #10314 ) ;
#1914 = DIRECTION ( 'NONE',  ( -0.0000000000000000000, 1.000000000000000000, -0.0000000000000000000 ) ) ;
#1915 = ORIENTED_EDGE ( 'NONE', *, *, #7906, .F. ) ;
#1916 = ORIENTED_EDGE ( 'NONE', *, *, #5445, .F. ) ;
#1917 = DIRECTION ( 'NONE',  ( -1.000000000000000000, -2.602085213967194600E-015, -0.0000000000000000000 ) ) ;
#1918 = VECTOR ( 'NONE', #9317, 1000.000000000000000 ) ;
#1919 = LINE ( 'NONE', #490, #10327 ) ;
#1920 = ORIENTED_EDGE ( 'NONE', *, *, #9390, .T. ) ;
#1921 = EDGE_LOOP ( 'NONE', ( #7414, #5866, #7487, #5203 ) ) ;
#1922 = EDGE_LOOP ( 'NONE', ( #9535, #8677, #8295, #7646, #2601, #10371 ) ) ;
#1923 = EDGE_CURVE ( 'NONE', #4481, #5245, #9061, .T. ) ;
#1924 = AXIS2_PLACEMENT_3D ( 'NONE', #7456, #2608, #8282 ) ;
#1925 = ADVANCED_FACE ( 'NONE', ( #2568 ), #6560, .F. ) ;
#1926 = EDGE_CURVE ( 'NONE', #3555, #5710, #400, .T. ) ;
#1927 = EDGE_LOOP ( 'NONE', ( #9034, #6219, #8422, #10266 ) ) ;
#1928 = CARTESIAN_POINT ( 'NONE',  ( 5.104675921659471700, 0.4496826248457596000, 0.1000000000000000100 ) ) ;
#1929 = DIRECTION ( 'NONE',  ( -0.0000000000000000000, -0.0000000000000000000, -1.000000000000000000 ) ) ;
#1930 = AXIS2_PLACEMENT_3D ( 'NONE', #8232, #949, #6621 ) ;
#1931 = ORIENTED_EDGE ( 'NONE', *, *, #2112, .F. ) ;
#1932 = ORIENTED_EDGE ( 'NONE', *, *, #5229, .T. ) ;
#1934 = EDGE_LOOP ( 'NONE', ( #6334, #9082, #31, #5588 ) ) ;
#1933 = CARTESIAN_POINT ( 'NONE',  ( 5.154675921659544400, 0.04968262484573977200, 0.0000000000000000000 ) ) ;
#1935 = PLANE ( 'NONE',  #574 ) ;
#1936 = ADVANCED_FACE ( 'NONE', ( #8805 ), #3175, .T. ) ;
#1937 = EDGE_CURVE ( 'NONE', #1987, #6995, #6611, .T. ) ;
#1938 = FACE_OUTER_BOUND ( 'NONE', #9815, .T. ) ;
#1939 = EDGE_CURVE ( 'NONE', #7239, #4040, #7121, .T. ) ;
#1940 = EDGE_LOOP ( 'NONE', ( #2927, #2606, #1806, #3087 ) ) ;
#1941 = CARTESIAN_POINT ( 'NONE',  ( 5.829675921660816900, -0.2903173751547012400, -0.1000000000000000100 ) ) ;
#1942 = CIRCLE ( 'NONE', #1208, 0.07500000000021551900 ) ;
#1943 = DIRECTION ( 'NONE',  ( -0.0000000000000000000, -0.0000000000000000000, -1.000000000000000000 ) ) ;
#1944 = VERTEX_POINT ( 'NONE', #10398 ) ;
#1945 = ORIENTED_EDGE ( 'NONE', *, *, #2815, .F. ) ;
#1946 = CARTESIAN_POINT ( 'NONE',  ( 5.829675921659729800, 0.6596826248457794400, 0.1000000000000000100 ) ) ;
#1947 = VERTEX_POINT ( 'NONE', #234 ) ;
#1948 = LINE ( 'NONE', #2881, #5985 ) ;
#1949 = VERTEX_POINT ( 'NONE', #6876 ) ;
#1950 = CYLINDRICAL_SURFACE ( 'NONE', #3499, 0.07499999999993189900 ) ;
#1951 = PLANE ( 'NONE',  #7365 ) ;
#1952 = EDGE_CURVE ( 'NONE', #9836, #5245, #8551, .T. ) ;
#1953 = CARTESIAN_POINT ( 'NONE',  ( 5.154675921659544400, -0.01619039102726995200, 0.0000000000000000000 ) ) ;
#1954 = ORIENTED_EDGE ( 'NONE', *, *, #1652, .T. ) ;
#1955 = CARTESIAN_POINT ( 'NONE',  ( 5.154675921659469800, 0.2996826248458500100, 0.0000000000000000000 ) ) ;
#1956 = CARTESIAN_POINT ( 'NONE',  ( 4.923997467671501500, 0.2128096800578838100, 0.0000000000000000000 ) ) ;
#1957 = VERTEX_POINT ( 'NONE', #955 ) ;
#1958 = LINE ( 'NONE', #3174, #6254 ) ;
#1959 = CARTESIAN_POINT ( 'NONE',  ( 4.754675921659554700, 0.6596826248457988700, 0.1000000000000000100 ) ) ;
#1960 = CYLINDRICAL_SURFACE ( 'NONE', #9909, 0.2499999999999985000 ) ;
#1961 = CARTESIAN_POINT ( 'NONE',  ( 5.771983613967414300, 1.159682624845749900, 0.1000000000000000100 ) ) ;
#1962 = CYLINDRICAL_SURFACE ( 'NONE', #8550, 0.04999999999999969700 ) ;
#1963 = ORIENTED_EDGE ( 'NONE', *, *, #10161, .F. ) ;
#1964 = DIRECTION ( 'NONE',  ( -0.7071067811865493500, -0.7071067811865456900, 0.0000000000000000000 ) ) ;
#1965 = CARTESIAN_POINT ( 'NONE',  ( 4.879675921659509400, 0.4596826248462082000, -0.1000000000000000100 ) ) ;
#1966 = AXIS2_PLACEMENT_3D ( 'NONE', #7604, #8033, #1045 ) ;
#1967 = ORIENTED_EDGE ( 'NONE', *, *, #8563, .T. ) ;
#1968 = VECTOR ( 'NONE', #3387, 1000.000000000000000 ) ;
#1969 = VECTOR ( 'NONE', #7619, 1000.000000000000000 ) ;
#1970 = CARTESIAN_POINT ( 'NONE',  ( 5.439675921659716800, 1.034682624845923800, 0.0000000000000000000 ) ) ;
#1971 = AXIS2_PLACEMENT_3D ( 'NONE', #8100, #7282, #782 ) ;
#1972 = DIRECTION ( 'NONE',  ( -1.000000000000000000, -0.0000000000000000000, -0.0000000000000000000 ) ) ;
#1973 = CARTESIAN_POINT ( 'NONE',  ( 5.979675921659509900, -0.3153173751542490100, 0.0000000000000000000 ) ) ;
#1974 = VECTOR ( 'NONE', #5079, 1000.000000000000000 ) ;
#1975 = ORIENTED_EDGE ( 'NONE', *, *, #9361, .F. ) ;
#1976 = VECTOR ( 'NONE', #9514, 1000.000000000000000 ) ;
#1977 = CARTESIAN_POINT ( 'NONE',  ( 4.917175921659649300, 0.6596826248457984300, 0.1000000000000000100 ) ) ;
#1978 = DIRECTION ( 'NONE',  ( -1.000000000000000000, 3.942553354495353700E-016, 0.0000000000000000000 ) ) ;
#1979 = VERTEX_POINT ( 'NONE', #7763 ) ;
#1980 = EDGE_CURVE ( 'NONE', #8069, #5066, #4198, .T. ) ;
#1981 = AXIS2_PLACEMENT_3D ( 'NONE', #4936, #65, #5757 ) ;
#1982 = DIRECTION ( 'NONE',  ( -0.0000000000000000000, -0.0000000000000000000, -1.000000000000000000 ) ) ;
#1983 = EDGE_CURVE ( 'NONE', #764, #486, #2324, .T. ) ;
#1984 = CIRCLE ( 'NONE', #1353, 0.07500000000000041400 ) ;
#1985 = PLANE ( 'NONE',  #10298 ) ;
#1986 = ADVANCED_FACE ( 'NONE', ( #4461 ), #9471, .T. ) ;
#1987 = VERTEX_POINT ( 'NONE', #2032 ) ;
#1988 = CARTESIAN_POINT ( 'NONE',  ( 5.754675921659735800, 1.484682624845741000, 0.0000000000000000000 ) ) ;
#1989 = LINE ( 'NONE', #3142, #3889 ) ;
#1990 = PLANE ( 'NONE',  #1902 ) ;
#1991 = CARTESIAN_POINT ( 'NONE',  ( 4.604675921659691100, 0.9596826248462082500, 0.1000000000000000100 ) ) ;
#1992 = VECTOR ( 'NONE', #8076, 1000.000000000000000 ) ;
#1993 = DIRECTION ( 'NONE',  ( -1.000000000000000000, -2.891205793297582800E-015, 0.0000000000000000000 ) ) ;
#1994 = ORIENTED_EDGE ( 'NONE', *, *, #7076, .T. ) ;
#1995 = EDGE_CURVE ( 'NONE', #1716, #666, #137, .T. ) ;
#1996 = FACE_OUTER_BOUND ( 'NONE', #6679, .T. ) ;
#1997 = EDGE_CURVE ( 'NONE', #5710, #4465, #8284, .T. ) ;
#1998 = LINE ( 'NONE', #8442, #10406 ) ;
#1999 = VERTEX_POINT ( 'NONE', #4819 ) ;
#2000 = DIRECTION ( 'NONE',  ( 1.000000000000000000, 0.0000000000000000000, -0.0000000000000000000 ) ) ;
#2001 = DIRECTION ( 'NONE',  ( 1.000000000000000000, -2.710505431234725100E-016, -0.0000000000000000000 ) ) ;
#2002 = CARTESIAN_POINT ( 'NONE',  ( 5.304675921659710800, 0.2946826248459107900, 0.1000000000000000100 ) ) ;
#2003 = AXIS2_PLACEMENT_3D ( 'NONE', #2420, #8092, #3238 ) ;
#2004 = ORIENTED_EDGE ( 'NONE', *, *, #8242, .T. ) ;
#2005 = CARTESIAN_POINT ( 'NONE',  ( 4.879675921659395700, -0.1153173751537237000, 0.0000000000000000000 ) ) ;
#2006 = VECTOR ( 'NONE', #7865, 1000.000000000000000 ) ;
#2007 = VECTOR ( 'NONE', #4503, 1000.000000000000000 ) ;
#2008 = EDGE_LOOP ( 'NONE', ( #3591, #7274, #6262, #3495 ) ) ;
#2009 = EDGE_CURVE ( 'NONE', #8448, #9945, #10468, .T. ) ;
#2010 = EDGE_CURVE ( 'NONE', #8811, #4736, #1810, .T. ) ;
#2011 = CARTESIAN_POINT ( 'NONE',  ( 5.954675921659633900, 0.009682624845806115200, 0.1000000000000000100 ) ) ;
#2012 = EDGE_LOOP ( 'NONE', ( #2937, #8762, #9112, #5413 ) ) ;
#2013 = CARTESIAN_POINT ( 'NONE',  ( 5.154675921659472400, 0.6496826248457289200, 0.1000000000000000100 ) ) ;
#2014 = VECTOR ( 'NONE', #7013, 1000.000000000000000 ) ;
#2015 = ORIENTED_EDGE ( 'NONE', *, *, #356, .F. ) ;
#2016 = CARTESIAN_POINT ( 'NONE',  ( 4.704675921658918000, -0.2903173751535640400, 0.0000000000000000000 ) ) ;
#2017 = CARTESIAN_POINT ( 'NONE',  ( 5.754675921660088500, 1.284682624846466700, -0.1000000000000000100 ) ) ;
#2018 = ORIENTED_EDGE ( 'NONE', *, *, #6891, .T. ) ;
#2019 = VERTEX_POINT ( 'NONE', #8937 ) ;
#2020 = CARTESIAN_POINT ( 'NONE',  ( 5.054675921659471900, 0.4496826248457602700, 0.0000000000000000000 ) ) ;
#2021 = CARTESIAN_POINT ( 'NONE',  ( 5.664169081836867300, 0.01968262484601956300, 0.1000000000000000100 ) ) ;
#2022 = ORIENTED_EDGE ( 'NONE', *, *, #8938, .T. ) ;
#2023 = DIRECTION ( 'NONE',  ( -0.7071067811865490200, 0.7071067811865460200, 0.0000000000000000000 ) ) ;
#2024 = VECTOR ( 'NONE', #3406, 1000.000000000000000 ) ;
#2025 = CARTESIAN_POINT ( 'NONE',  ( 5.850392180554097300, 0.5096826248458024000, 0.1000000000000000100 ) ) ;
#2026 = DIRECTION ( 'NONE',  ( -0.0000000000000000000, -0.0000000000000000000, -1.000000000000000000 ) ) ;
#2027 = DIRECTION ( 'NONE',  ( 1.000000000000000000, -1.084202172489809600E-015, 0.0000000000000000000 ) ) ;
#2028 = LINE ( 'NONE', #7369, #10175 ) ;
#2029 = ORIENTED_EDGE ( 'NONE', *, *, #1952, .T. ) ;
#2030 = VERTEX_POINT ( 'NONE', #8492 ) ;
#2031 = ORIENTED_EDGE ( 'NONE', *, *, #8127, .F. ) ;
#2032 = CARTESIAN_POINT ( 'NONE',  ( 5.145520508521533600, -0.04502994241201670200, 0.1000000000000000100 ) ) ;
#2033 = DIRECTION ( 'NONE',  ( 0.0000000000000000000, -1.000000000000000000, 0.0000000000000000000 ) ) ;
#2034 = CARTESIAN_POINT ( 'NONE',  ( 5.679838229676033000, 0.6174901632767579900, 0.0000000000000000000 ) ) ;
#2035 = ADVANCED_FACE ( 'NONE', ( #3960 ), #9141, .T. ) ;
#2036 = VECTOR ( 'NONE', #10217, 1000.000000000000000 ) ;
#2037 = DIRECTION ( 'NONE',  ( 0.0000000000000000000, 0.0000000000000000000, 1.000000000000000000 ) ) ;
#2038 =( NAMED_UNIT ( * ) PLANE_ANGLE_UNIT ( ) SI_UNIT ( $, .RADIAN. ) );
#2039 = FACE_OUTER_BOUND ( 'NONE', #160, .T. ) ;
#2040 = ORIENTED_EDGE ( 'NONE', *, *, #10118, .F. ) ;
#2041 = ORIENTED_EDGE ( 'NONE', *, *, #3502, .F. ) ;
#2042 = VERTEX_POINT ( 'NONE', #4897 ) ;
#2043 = CARTESIAN_POINT ( 'NONE',  ( 4.604675921659691100, 0.9596826248462082500, -0.1000000000000000100 ) ) ;
#2044 = DIRECTION ( 'NONE',  ( -0.0000000000000000000, 0.0000000000000000000, -1.000000000000000000 ) ) ;
#2045 = EDGE_CURVE ( 'NONE', #7708, #393, #3706, .T. ) ;
#2046 = AXIS2_PLACEMENT_3D ( 'NONE', #6726, #1901, #7563 ) ;
#2047 = LINE ( 'NONE', #4322, #3081 ) ;
#2048 = AXIS2_PLACEMENT_3D ( 'NONE', #2005, #7680, #2832 ) ;
#2049 = LINE ( 'NONE', #5720, #8272 ) ;
#2050 = VECTOR ( 'NONE', #4116, 1000.000000000000000 ) ;
#2051 = ADVANCED_FACE ( 'NONE', ( #9955 ), #1294, .F. ) ;
#2052 = CLOSED_SHELL ( 'NONE', ( #5422, #3274, #9627, #9091, #6976, #6169, #9236, #6857, #4002, #5647, #8650, #5541, #3695, #7570, #2035, #7422, #2861, #5908, #3061, #7518, #168, #2893 ) ) ;
#2053 = ORIENTED_EDGE ( 'NONE', *, *, #961, .F. ) ;
#2054 = EDGE_LOOP ( 'NONE', ( #131, #4423, #3438, #4052 ) ) ;
#2055 = ORIENTED_EDGE ( 'NONE', *, *, #5427, .F. ) ;
#2056 = CARTESIAN_POINT ( 'NONE',  ( 5.829675921659906600, 1.209682624846421200, -0.1000000000000000100 ) ) ;
#2057 = CARTESIAN_POINT ( 'NONE',  ( 4.604675921659691100, 0.4596826248462080900, -0.1000000000000000100 ) ) ;
#2058 = CARTESIAN_POINT ( 'NONE',  ( 5.354675921659710600, 0.8346826248458012500, 0.0000000000000000000 ) ) ;
#2059 = CARTESIAN_POINT ( 'NONE',  ( 4.704675921660040700, 1.209682624845298500, 0.1000000000000000100 ) ) ;
#2060 = VECTOR ( 'NONE', #5158, 1000.000000000000000 ) ;
#2061 = ORIENTED_EDGE ( 'NONE', *, *, #4283, .F. ) ;
#2062 = EDGE_CURVE ( 'NONE', #737, #3353, #5844, .T. ) ;
#2063 = CIRCLE ( 'NONE', #7714, 0.08000000000000021000 ) ;
#2064 = EDGE_CURVE ( 'NONE', #8626, #1375, #3453, .T. ) ;
#2065 = ORIENTED_EDGE ( 'NONE', *, *, #636, .F. ) ;
#2066 = ORIENTED_EDGE ( 'NONE', *, *, #9521, .T. ) ;
#2067 = CARTESIAN_POINT ( 'NONE',  ( 5.664169081836867300, 0.01968262484601956300, 0.1000000000000000100 ) ) ;
#2068 = ORIENTED_EDGE ( 'NONE', *, *, #5867, .F. ) ;
#2069 = VERTEX_POINT ( 'NONE', #2020 ) ;
#2070 = DIRECTION ( 'NONE',  ( -1.316717819115048800E-014, -1.000000000000000000, 0.0000000000000000000 ) ) ;
#2071 = DIRECTION ( 'NONE',  ( -0.0000000000000000000, 1.000000000000000000, -0.0000000000000000000 ) ) ;
#2072 = CARTESIAN_POINT ( 'NONE',  ( 5.754675921659735800, 1.484682624845741000, 0.0000000000000000000 ) ) ;
#2073 = ORIENTED_EDGE ( 'NONE', *, *, #3562, .F. ) ;
#2074 = VECTOR ( 'NONE', #5591, 1000.000000000000000 ) ;
#2075 = AXIS2_PLACEMENT_3D ( 'NONE', #5013, #5817, #971 ) ;
#2076 = DIRECTION ( 'NONE',  ( 1.000000000000000000, 2.602085213967194600E-015, 0.0000000000000000000 ) ) ;
#2077 = ORIENTED_EDGE ( 'NONE', *, *, #9916, .T. ) ;
#2078 = LINE ( 'NONE', #4442, #8302 ) ;
#2079 = VECTOR ( 'NONE', #3627, 1000.000000000000000 ) ;
#2080 = DIRECTION ( 'NONE',  ( -0.0000000000000000000, -0.0000000000000000000, -1.000000000000000000 ) ) ;
#2081 = ORIENTED_EDGE ( 'NONE', *, *, #6180, .F. ) ;
#2082 = EDGE_CURVE ( 'NONE', #6294, #7539, #5596, .T. ) ;
#2083 = DIRECTION ( 'NONE',  ( 1.000000000000000000, 0.0000000000000000000, 0.0000000000000000000 ) ) ;
#2084 = EDGE_CURVE ( 'NONE', #6535, #5493, #7510, .T. ) ;
#2085 = ORIENTED_EDGE ( 'NONE', *, *, #440, .F. ) ;
#2086 = VECTOR ( 'NONE', #3408, 1000.000000000000000 ) ;
#2087 = CARTESIAN_POINT ( 'NONE',  ( 5.040567649154480600, 0.09968262484573889300, 0.1000000000000000100 ) ) ;
#2088 = DIRECTION ( 'NONE',  ( 0.0000000000000000000, 0.0000000000000000000, 1.000000000000000000 ) ) ;
#2089 = CIRCLE ( 'NONE', #3161, 0.07500000000021639400 ) ;
#2090 = LINE ( 'NONE', #9418, #6127 ) ;
#2091 = DIRECTION ( 'NONE',  ( -0.0000000000000000000, -0.0000000000000000000, -1.000000000000000000 ) ) ;
#2092 = ORIENTED_EDGE ( 'NONE', *, *, #7617, .F. ) ;
#2093 = CARTESIAN_POINT ( 'NONE',  ( 5.754675921660088500, 0.7846826248451167500, -0.1000000000000000100 ) ) ;
#2094 = ORIENTED_EDGE ( 'NONE', *, *, #2540, .T. ) ;
#2095 = LINE ( 'NONE', #3698, #1842 ) ;
#2096 = STYLED_ITEM ( 'NONE', ( #2702 ), #992 ) ;
#2097 =( NAMED_UNIT ( * ) SI_UNIT ( $, .STERADIAN. ) SOLID_ANGLE_UNIT ( ) );
#2098 = VECTOR ( 'NONE', #516, 1000.000000000000000 ) ;
#2099 = ADVANCED_FACE ( 'NONE', ( #3203 ), #5703, .T. ) ;
#2100 = ORIENTED_EDGE ( 'NONE', *, *, #3981, .T. ) ;
#2101 = ORIENTED_EDGE ( 'NONE', *, *, #7571, .F. ) ;
#2102 = CARTESIAN_POINT ( 'NONE',  ( 6.104675921659724800, 0.4596826248450710000, 0.1000000000000000500 ) ) ;
#2103 = VECTOR ( 'NONE', #5508, 1000.000000000000000 ) ;
#2104 = CARTESIAN_POINT ( 'NONE',  ( 5.304675921659710800, 0.4146826248459104000, 0.1000000000000000100 ) ) ;
#2105 = DIRECTION ( 'NONE',  ( -0.0000000000000000000, -0.0000000000000000000, -1.000000000000000000 ) ) ;
#2106 = VECTOR ( 'NONE', #3243, 1000.000000000000000 ) ;
#2107 = CARTESIAN_POINT ( 'NONE',  ( 5.592411845529611900, 0.9975692227840496900, 0.0000000000000000000 ) ) ;
#2108 = DIRECTION ( 'NONE',  ( -0.7071067811865409100, 0.7071067811865542300, 0.0000000000000000000 ) ) ;
#2110 = ADVANCED_FACE ( 'NONE', ( #9445 ), #6042, .F. ) ;
#2109 = EDGE_CURVE ( 'NONE', #1665, #5417, #1554, .T. ) ;
#2111 = ORIENTED_EDGE ( 'NONE', *, *, #898, .T. ) ;
#2112 = EDGE_CURVE ( 'NONE', #405, #10393, #5080, .T. ) ;
#2113 = DIRECTION ( 'NONE',  ( 0.0000000000000000000, 0.0000000000000000000, 1.000000000000000000 ) ) ;
#2114 = CARTESIAN_POINT ( 'NONE',  ( 5.451928518470427100, 1.136155728467002700, 0.0000000000000000000 ) ) ;
#2115 = CARTESIAN_POINT ( 'NONE',  ( 6.004675921660369100, -0.04031737515492882200, 0.1000000000000000100 ) ) ;
#2116 = CYLINDRICAL_SURFACE ( 'NONE', #8992, 0.04999999999999969700 ) ;
#2117 =( LENGTH_UNIT ( ) NAMED_UNIT ( * ) SI_UNIT ( .MILLI., .METRE. ) );
#2118 = EDGE_LOOP ( 'NONE', ( #6866, #7302, #5754, #6740, #5222, #9962, #5298, #5193, #480, #4131, #6159, #4193, #2928, #3626, #5885, #8709 ) ) ;
#2119 = LINE ( 'NONE', #5953, #4014 ) ;
#2120 = AXIS2_PLACEMENT_3D ( 'NONE', #4857, #10566, #5659 ) ;
#2121 = CARTESIAN_POINT ( 'NONE',  ( 5.954675921659633900, 0.5096826248458022900, 0.0000000000000000000 ) ) ;
#2122 = VERTEX_POINT ( 'NONE', #9116 ) ;
#2123 = EDGE_LOOP ( 'NONE', ( #7269, #4723, #4085, #9617 ) ) ;
#2124 = FACE_OUTER_BOUND ( 'NONE', #5195, .T. ) ;
#2125 = CARTESIAN_POINT ( 'NONE',  ( 4.855129844622552100, 1.357019186297195400, 0.7449999999999998800 ) ) ;
#2127 = ORIENTED_EDGE ( 'NONE', *, *, #295, .F. ) ;
#2126 = DIRECTION ( 'NONE',  ( 0.0000000000000000000, 0.0000000000000000000, 1.000000000000000000 ) ) ;
#2128 = FACE_OUTER_BOUND ( 'NONE', #7106, .T. ) ;
#2129 = CARTESIAN_POINT ( 'NONE',  ( 0.0000000000000000000, 0.0000000000000000000, -0.1000000000000000100 ) ) ;
#2130 = ORIENTED_EDGE ( 'NONE', *, *, #6829, .F. ) ;
#2131 = EDGE_CURVE ( 'NONE', #9836, #9763, #2942, .T. ) ;
#2132 = CARTESIAN_POINT ( 'NONE',  ( 5.979675921659509900, -0.3153173751542490100, 0.0000000000000000000 ) ) ;
#2133 = EDGE_CURVE ( 'NONE', #9054, #913, #781, .T. ) ;
#2134 = CARTESIAN_POINT ( 'NONE',  ( 6.104675921659724800, 0.4596826248450710000, 0.1000000000000000500 ) ) ;
#2135 = ORIENTED_EDGE ( 'NONE', *, *, #9076, .T. ) ;
#2136 = AXIS2_PLACEMENT_3D ( 'NONE', #8717, #9549, #4644 ) ;
#2137 = LINE ( 'NONE', #7336, #6437 ) ;
#2138 = LINE ( 'NONE', #802, #8629 ) ;
#2139 = ORIENTED_EDGE ( 'NONE', *, *, #470, .F. ) ;
#2140 = DIRECTION ( 'NONE',  ( -0.0000000000000000000, -0.0000000000000000000, -1.000000000000000000 ) ) ;
#2141 = DIRECTION ( 'NONE',  ( 1.000000000000000000, -3.942553354508385700E-016, -0.0000000000000000000 ) ) ;
#2142 = DIRECTION ( 'NONE',  ( -0.8879443513902010000, 0.4599508982861489300, 0.0000000000000000000 ) ) ;
#2143 = EDGE_CURVE ( 'NONE', #8252, #8527, #1036, .T. ) ;
#2144 = LINE ( 'NONE', #8274, #6186 ) ;
#2145 = CARTESIAN_POINT ( 'NONE',  ( 4.704675921658918000, -0.2903173751535640400, 0.1000000000000000100 ) ) ;
#2146 = VERTEX_POINT ( 'NONE', #5679 ) ;
#2147 = ADVANCED_FACE ( 'NONE', ( #6728 ), #7497, .F. ) ;
#2148 = DIRECTION ( 'NONE',  ( -0.0000000000000000000, -0.0000000000000000000, -1.000000000000000000 ) ) ;
#2149 = AXIS2_PLACEMENT_3D ( 'NONE', #586, #6213, #6251 ) ;
#2150 = PLANE ( 'NONE',  #7389 ) ;
#2151 = AXIS2_PLACEMENT_3D ( 'NONE', #8995, #6543, #8158 ) ;
#2152 = VECTOR ( 'NONE', #5137, 1000.000000000000000 ) ;
#2153 = VERTEX_POINT ( 'NONE', #5211 ) ;
#2154 = CARTESIAN_POINT ( 'NONE',  ( 5.754675921660088500, 0.7846826248451167500, -0.1000000000000000100 ) ) ;
#2155 = EDGE_CURVE ( 'NONE', #7040, #3858, #6984, .T. ) ;
#2156 = CARTESIAN_POINT ( 'NONE',  ( 4.954675921659327500, 0.8846826248461626700, -0.1000000000000000100 ) ) ;
#2157 = CARTESIAN_POINT ( 'NONE',  ( 5.354675921659710600, 0.6646826248458013200, 0.1000000000000000100 ) ) ;
#2158 = ORIENTED_EDGE ( 'NONE', *, *, #5445, .T. ) ;
#2159 = EDGE_LOOP ( 'NONE', ( #3050, #6480, #4588, #10525 ) ) ;
#2160 = ADVANCED_FACE ( 'NONE', ( #4582 ), #2582, .F. ) ;
#2161 = MANIFOLD_SOLID_BREP ( '相交1[3]', #3587 ) ;
#2162 = CARTESIAN_POINT ( 'NONE',  ( 5.040567649154480600, 0.04968262484573889700, 0.1000000000000000100 ) ) ;
#2163 = DIRECTION ( 'NONE',  ( -1.000000000000000000, 3.942553354495353700E-016, 0.0000000000000000000 ) ) ;
#2164 = VECTOR ( 'NONE', #2361, 1000.000000000000000 ) ;
#2165 = ORIENTED_EDGE ( 'NONE', *, *, #3477, .F. ) ;
#2166 = ORIENTED_EDGE ( 'NONE', *, *, #8808, .T. ) ;
#2167 = VERTEX_POINT ( 'NONE', #8189 ) ;
#2168 = ORIENTED_EDGE ( 'NONE', *, *, #109, .T. ) ;
#2169 = DIRECTION ( 'NONE',  ( 1.971276677254192800E-016, -1.000000000000000000, 0.0000000000000000000 ) ) ;
#2170 = AXIS2_PLACEMENT_3D ( 'NONE', #5359, #4228, #6913 ) ;
#2171 = CARTESIAN_POINT ( 'NONE',  ( 5.829675921660304500, 0.2846826248455150400, 0.0000000000000000000 ) ) ;
#2172 = DIRECTION ( 'NONE',  ( -0.6976652270374957800, -0.7164239184887111200, 0.0000000000000000000 ) ) ;
#2173 = CARTESIAN_POINT ( 'NONE',  ( 5.657241345925927900, 0.8540125217529861400, 0.1000000000000000100 ) ) ;
#2174 = CARTESIAN_POINT ( 'NONE',  ( 5.154675921659469800, 0.3996826248457591200, 0.0000000000000000000 ) ) ;
#2175 = DIRECTION ( 'NONE',  ( -1.000000000000000000, -6.264279218807324600E-015, 0.0000000000000000000 ) ) ;
#2176 = VECTOR ( 'NONE', #1895, 1000.000000000000000 ) ;
#2177 = LINE ( 'NONE', #7526, #4826 ) ;
#2178 = AXIS2_PLACEMENT_3D ( 'NONE', #6909, #6168, #1330 ) ;
#2179 = VERTEX_POINT ( 'NONE', #7174 ) ;
#2180 = ORIENTED_EDGE ( 'NONE', *, *, #135, .F. ) ;
#2181 = ORIENTED_EDGE ( 'NONE', *, *, #4685, .F. ) ;
#2182 = DIRECTION ( 'NONE',  ( 1.000000000000000000, -1.084202172489809400E-015, 0.0000000000000000000 ) ) ;
#2183 = ORIENTED_EDGE ( 'NONE', *, *, #5226, .T. ) ;
#2184 = EDGE_LOOP ( 'NONE', ( #1357, #8230, #2437, #6821 ) ) ;
#2185 = CARTESIAN_POINT ( 'NONE',  ( 5.754675921660088500, -0.1153173751549743100, -0.1000000000000000100 ) ) ;
#2186 = ORIENTED_EDGE ( 'NONE', *, *, #3933, .F. ) ;
#2187 = ORIENTED_EDGE ( 'NONE', *, *, #1923, .F. ) ;
#2188 = EDGE_CURVE ( 'NONE', #1205, #4040, #2699, .T. ) ;
#2189 = AXIS2_PLACEMENT_3D ( 'NONE', #6819, #5232, #377 ) ;
#2190 = EDGE_CURVE ( 'NONE', #189, #6566, #8931, .T. ) ;
#2191 = LINE ( 'NONE', #9315, #4084 ) ;
#2192 = CARTESIAN_POINT ( 'NONE',  ( 5.829675921659906600, 0.9596826248450711600, 0.0000000000000000000 ) ) ;
#2193 = CARTESIAN_POINT ( 'NONE',  ( 5.042175921659434400, 0.5996826248457302100, 0.1000000000000000100 ) ) ;
#2194 = ORIENTED_EDGE ( 'NONE', *, *, #5846, .F. ) ;
#2195 = CIRCLE ( 'NONE', #87, 0.07499999999993189900 ) ;
#2196 = DIRECTION ( 'NONE',  ( -0.0000000000000000000, -0.0000000000000000000, -1.000000000000000000 ) ) ;
#2197 = CARTESIAN_POINT ( 'NONE',  ( 5.979675921659509900, 1.484682624845741400, 0.1000000000000000100 ) ) ;
#2198 = ORIENTED_EDGE ( 'NONE', *, *, #4237, .T. ) ;
#2199 = ADVANCED_FACE ( 'NONE', ( #7889 ), #8954, .F. ) ;
#2200 = VERTEX_POINT ( 'NONE', #5319 ) ;
#2201 = ORIENTED_EDGE ( 'NONE', *, *, #3502, .T. ) ;
#2202 = VECTOR ( 'NONE', #3678, 1000.000000000000000 ) ;
#2203 = EDGE_CURVE ( 'NONE', #6908, #8039, #8670, .T. ) ;
#2204 = EDGE_CURVE ( 'NONE', #9190, #5089, #9830, .T. ) ;
#2205 = DIRECTION ( 'NONE',  ( 0.7071067811865468000, 0.7071067811865483500, 0.0000000000000000000 ) ) ;
#2206 = LINE ( 'NONE', #7462, #5744 ) ;
#2207 = DIRECTION ( 'NONE',  ( -1.000000000000000000, 1.316717819115048800E-014, 0.0000000000000000000 ) ) ;
#2208 = CARTESIAN_POINT ( 'NONE',  ( 4.604675921659691100, 1.584682624845752000, 0.7499999999999998900 ) ) ;
#2209 = ORIENTED_EDGE ( 'NONE', *, *, #75, .T. ) ;
#2210 = CARTESIAN_POINT ( 'NONE',  ( 5.040567649154480600, 0.04968262484573889700, 0.0000000000000000000 ) ) ;
#2211 = DIRECTION ( 'NONE',  ( 0.5052931799762572200, 0.8629477401728807800, -0.0000000000000000000 ) ) ;
#2212 = AXIS2_PLACEMENT_3D ( 'NONE', #9337, #4432, #10147 ) ;
#2213 = ADVANCED_FACE ( 'NONE', ( #5464 ), #3944, .T. ) ;
#2214 = ORIENTED_EDGE ( 'NONE', *, *, #1337, .T. ) ;
#2215 = LINE ( 'NONE', #7169, #8445 ) ;
#2216 = CARTESIAN_POINT ( 'NONE',  ( 5.054675921659321800, -0.0003173751541496500200, 0.0000000000000000000 ) ) ;
#2217 = VECTOR ( 'NONE', #3293, 1000.000000000000000 ) ;
#2218 = EDGE_CURVE ( 'NONE', #3882, #7929, #1163, .T. ) ;
#2219 = CARTESIAN_POINT ( 'NONE',  ( 6.004675921659183400, 0.2096826248452988400, 0.1000000000000000100 ) ) ;
#2220 = DIRECTION ( 'NONE',  ( -1.000000000000000000, 0.0000000000000000000, 0.0000000000000000000 ) ) ;
#2221 = LINE ( 'NONE', #4197, #10368 ) ;
#2222 = EDGE_CURVE ( 'NONE', #2730, #8620, #1418, .T. ) ;
#2223 = ORIENTED_EDGE ( 'NONE', *, *, #9196, .T. ) ;
#2224 = CARTESIAN_POINT ( 'NONE',  ( 4.879675921659395700, 0.8846826248462763600, -0.1000000000000000100 ) ) ;
#2225 = ORIENTED_EDGE ( 'NONE', *, *, #4378, .T. ) ;
#2226 = DIRECTION ( 'NONE',  ( -0.7071067811865505700, -0.7071067811865444600, 0.0000000000000000000 ) ) ;
#2227 = VECTOR ( 'NONE', #5777, 1000.000000000000000 ) ;
#2228 = CARTESIAN_POINT ( 'NONE',  ( 4.855129844622552100, 1.357019186297195400, 0.7449999999999998800 ) ) ;
#2229 = FACE_OUTER_BOUND ( 'NONE', #2426, .T. ) ;
#2230 = DIRECTION ( 'NONE',  ( -1.000000000000000000, 4.644217066735657000E-016, 0.0000000000000000000 ) ) ;
#2231 = DIRECTION ( 'NONE',  ( 0.6701030927830402600, -0.7422680412375332000, 0.0000000000000000000 ) ) ;
#2232 = CARTESIAN_POINT ( 'NONE',  ( 4.954675921659327500, 0.8846826248461626700, 0.0000000000000000000 ) ) ;
#2233 = FACE_OUTER_BOUND ( 'NONE', #6005, .T. ) ;
#2234 = CARTESIAN_POINT ( 'NONE',  ( 5.269675921659555200, 1.103366499252897800, 0.0000000000000000000 ) ) ;
#2235 = VERTEX_POINT ( 'NONE', #4374 ) ;
#2236 = FACE_OUTER_BOUND ( 'NONE', #4214, .T. ) ;
#2237 = AXIS2_PLACEMENT_3D ( 'NONE', #111, #5787, #941 ) ;
#2238 = DIRECTION ( 'NONE',  ( 0.0000000000000000000, 0.0000000000000000000, 1.000000000000000000 ) ) ;
#2239 = DIRECTION ( 'NONE',  ( 0.0000000000000000000, 1.000000000000000000, 0.0000000000000000000 ) ) ;
#2240 = CARTESIAN_POINT ( 'NONE',  ( 5.104675921659470800, 0.6496826248457312500, 0.0000000000000000000 ) ) ;
#2241 = PLANE ( 'NONE',  #591 ) ;
#2242 = DIRECTION ( 'NONE',  ( 0.0000000000000000000, 0.0000000000000000000, 1.000000000000000000 ) ) ;
#2243 = FACE_OUTER_BOUND ( 'NONE', #2524, .T. ) ;
#2244 = CARTESIAN_POINT ( 'NONE',  ( 4.729675921659755000, 1.484682624845893300, 0.1000000000000000100 ) ) ;
#2245 = CARTESIAN_POINT ( 'NONE',  ( 6.004675921660304300, 1.209682624846421200, 0.1000000000000000100 ) ) ;
#2246 = ORIENTED_EDGE ( 'NONE', *, *, #9437, .T. ) ;
#2247 = VECTOR ( 'NONE', #8107, 1000.000000000000000 ) ;
#2248 = EDGE_CURVE ( 'NONE', #9203, #1017, #893, .T. ) ;
#2249 = DIRECTION ( 'NONE',  ( 1.000000000000000000, 0.0000000000000000000, 0.0000000000000000000 ) ) ;
#2250 = PLANE ( 'NONE',  #9301 ) ;
#2251 = ADVANCED_FACE ( 'NONE', ( #7381 ), #7643, .F. ) ;
#2252 = CARTESIAN_POINT ( 'NONE',  ( 5.754675921660088500, 0.8846826248450256900, -0.1000000000000000100 ) ) ;
#2253 = VECTOR ( 'NONE', #7962, 1000.000000000000000 ) ;
#2254 = VERTEX_POINT ( 'NONE', #4836 ) ;
#2255 = VECTOR ( 'NONE', #5861, 1000.000000000000000 ) ;
#2256 = FACE_OUTER_BOUND ( 'NONE', #5556, .T. ) ;
#2257 = VERTEX_POINT ( 'NONE', #762 ) ;
#2258 = FILL_AREA_STYLE ('',( #1405 ) ) ;
#2259 = CARTESIAN_POINT ( 'NONE',  ( 4.704675921658918000, 0.7096826248464360700, 0.1000000000000000100 ) ) ;
#2260 = DIRECTION ( 'NONE',  ( 1.000000000000000000, 0.0000000000000000000, 0.0000000000000000000 ) ) ;
#2261 = ADVANCED_FACE ( 'NONE', ( #645 ), #5071, .F. ) ;
#2262 = DIRECTION ( 'NONE',  ( -0.0000000000000000000, -0.0000000000000000000, -1.000000000000000000 ) ) ;
#2263 = ORIENTED_EDGE ( 'NONE', *, *, #4045, .T. ) ;
#2264 = EDGE_CURVE ( 'NONE', #1736, #4974, #7111, .T. ) ;
#2265 = LINE ( 'NONE', #9502, #6306 ) ;
#2266 = EDGE_CURVE ( 'NONE', #7000, #6953, #2820, .T. ) ;
#2267 = VECTOR ( 'NONE', #6901, 1000.000000000000100 ) ;
#2268 = ORIENTED_EDGE ( 'NONE', *, *, #6592, .F. ) ;
#2269 = DIRECTION ( 'NONE',  ( -0.7071067811865552300, -0.7071067811865398000, -0.0000000000000000000 ) ) ;
#2270 = CARTESIAN_POINT ( 'NONE',  ( 5.954675921659633900, 0.009682624845806115200, 0.0000000000000000000 ) ) ;
#2271 = DIRECTION ( 'NONE',  ( 1.000000000000000000, 0.0000000000000000000, 0.0000000000000000000 ) ) ;
#2272 = CARTESIAN_POINT ( 'NONE',  ( 5.040567649154480600, 0.04968262484573889700, 0.1000000000000000100 ) ) ;
#2273 = DIRECTION ( 'NONE',  ( 1.000000000000000000, 0.0000000000000000000, 0.0000000000000000000 ) ) ;
#2274 = CARTESIAN_POINT ( 'NONE',  ( 4.879675921659111500, -0.2153173751533484500, -0.1000000000000000100 ) ) ;
#2275 = CIRCLE ( 'NONE', #5831, 0.05000000000000056500 ) ;
#2276 = CARTESIAN_POINT ( 'NONE',  ( 6.104675921659724800, 0.2096826248452987000, 0.1000000000000000100 ) ) ;
#2277 = EDGE_LOOP ( 'NONE', ( #2330, #8170, #9723, #2476 ) ) ;
#2278 = EDGE_CURVE ( 'NONE', #5456, #532, #3069, .T. ) ;
#2279 = ORIENTED_EDGE ( 'NONE', *, *, #10043, .T. ) ;
#2280 = EDGE_CURVE ( 'NONE', #630, #9975, #9578, .T. ) ;
#2281 = ORIENTED_EDGE ( 'NONE', *, *, #10310, .F. ) ;
#2282 = DIRECTION ( 'NONE',  ( 2.668805347655082700E-015, 1.000000000000000000, -0.0000000000000000000 ) ) ;
#2283 = DIRECTION ( 'NONE',  ( 0.5227138159518744900, -0.8525082208477698900, 0.0000000000000000000 ) ) ;
#2284 = DIRECTION ( 'NONE',  ( -0.0000000000000000000, -0.0000000000000000000, -1.000000000000000000 ) ) ;
#2285 = VECTOR ( 'NONE', #909, 1000.000000000000000 ) ;
#2286 = CARTESIAN_POINT ( 'NONE',  ( 5.754675921660088500, 1.284682624846466700, -0.1000000000000000100 ) ) ;
#2287 = DIRECTION ( 'NONE',  ( 1.000000000000000000, 0.0000000000000000000, -0.0000000000000000000 ) ) ;
#2288 = VECTOR ( 'NONE', #839, 1000.000000000000000 ) ;
#2289 = VERTEX_POINT ( 'NONE', #8047 ) ;
#2290 = ORIENTED_EDGE ( 'NONE', *, *, #4035, .T. ) ;
#2291 = DIRECTION ( 'NONE',  ( 1.000000000000000000, 0.0000000000000000000, 0.0000000000000000000 ) ) ;
#2292 = EDGE_LOOP ( 'NONE', ( #5726, #1612, #8482, #2681 ) ) ;
#2293 = CARTESIAN_POINT ( 'NONE',  ( 5.680225974296363700, 0.5396826248459102300, 0.0000000000000000000 ) ) ;
#2294 = EDGE_CURVE ( 'NONE', #4394, #9117, #6598, .T. ) ;
#2295 = VECTOR ( 'NONE', #10172, 1000.000000000000000 ) ;
#2296 = DIRECTION ( 'NONE',  ( 0.0000000000000000000, 0.0000000000000000000, 1.000000000000000000 ) ) ;
#2297 = SURFACE_STYLE_USAGE ( .BOTH. , #978 ) ;
#2298 = LINE ( 'NONE', #10167, #4178 ) ;
#2299 = ORIENTED_EDGE ( 'NONE', *, *, #2764, .F. ) ;
#2300 = CARTESIAN_POINT ( 'NONE',  ( 5.354675921659710600, 0.8346826248458012500, 0.1000000000000000100 ) ) ;
#2301 = ORIENTED_EDGE ( 'NONE', *, *, #634, .F. ) ;
#2302 = ORIENTED_EDGE ( 'NONE', *, *, #1223, .F. ) ;
#2303 = CARTESIAN_POINT ( 'NONE',  ( 5.754675921659735800, 1.484682624845741000, 0.1000000000000000100 ) ) ;
#2304 = CARTESIAN_POINT ( 'NONE',  ( 6.104675921659724800, 1.209682624846421200, 0.1000000000000000100 ) ) ;
#2305 = ADVANCED_FACE ( 'NONE', ( #2309 ), #2372, .T. ) ;
#2306 = UNCERTAINTY_MEASURE_WITH_UNIT (LENGTH_MEASURE( 1.000000000000000100E-005 ), #8767, 'distance_accuracy_value', 'NONE');
#2307 = DIRECTION ( 'NONE',  ( -0.0000000000000000000, -0.0000000000000000000, -1.000000000000000000 ) ) ;
#2308 = LINE ( 'NONE', #9837, #4184 ) ;
#2309 = FACE_OUTER_BOUND ( 'NONE', #6521, .T. ) ;
#2310 = ORIENTED_EDGE ( 'NONE', *, *, #3428, .T. ) ;
#2311 = VECTOR ( 'NONE', #5573, 1000.000000000000000 ) ;
#2312 = EDGE_CURVE ( 'NONE', #4453, #7394, #6844, .T. ) ;
#2313 = VERTEX_POINT ( 'NONE', #5561 ) ;
#2314 = ORIENTED_EDGE ( 'NONE', *, *, #2190, .F. ) ;
#2315 = EDGE_CURVE ( 'NONE', #2254, #3400, #124, .T. ) ;
#2316 = CARTESIAN_POINT ( 'NONE',  ( 4.879675921658599900, 0.7096826248464360700, -0.1000000000000000100 ) ) ;
#2317 = VERTEX_POINT ( 'NONE', #7993 ) ;
#2318 = ORIENTED_EDGE ( 'NONE', *, *, #7492, .F. ) ;
#2319 = CARTESIAN_POINT ( 'NONE',  ( 4.704675921659895000, 0.4596826248462082000, 0.1000000000000000100 ) ) ;
#2320 = DIRECTION ( 'NONE',  ( -0.0000000000000000000, -0.0000000000000000000, -1.000000000000000000 ) ) ;
#2321 = DIRECTION ( 'NONE',  ( -0.7071067811865490200, 0.7071067811865460200, 0.0000000000000000000 ) ) ;
#2322 = ADVANCED_FACE ( 'NONE', ( #6352 ), #9594, .F. ) ;
#2323 = AXIS2_PLACEMENT_3D ( 'NONE', #5347, #491, #6160 ) ;
#2324 = LINE ( 'NONE', #8541, #6861 ) ;
#2325 = VERTEX_POINT ( 'NONE', #10527 ) ;
#2326 = FACE_OUTER_BOUND ( 'NONE', #296, .T. ) ;
#2327 = ORIENTED_EDGE ( 'NONE', *, *, #9104, .T. ) ;
#2328 = EDGE_LOOP ( 'NONE', ( #1039, #3611, #6394, #9319 ) ) ;
#2329 = ORIENTED_EDGE ( 'NONE', *, *, #5352, .T. ) ;
#2330 = ORIENTED_EDGE ( 'NONE', *, *, #2650, .F. ) ;
#2331 = ORIENTED_EDGE ( 'NONE', *, *, #366, .T. ) ;
#2332 = DIRECTION ( 'NONE',  ( -0.7071067811865468000, -0.7071067811865483500, -0.0000000000000000000 ) ) ;
#2333 = CARTESIAN_POINT ( 'NONE',  ( 4.917175921659649300, 0.6596826248457984300, 0.1000000000000000100 ) ) ;
#2334 = DIRECTION ( 'NONE',  ( 0.7422680412375330900, 0.6701030927830401400, 0.0000000000000000000 ) ) ;
#2335 = EDGE_LOOP ( 'NONE', ( #6100, #1066, #2604, #8421 ) ) ;
#2336 = LINE ( 'NONE', #1531, #148 ) ;
#2337 = DIRECTION ( 'NONE',  ( 0.0000000000000000000, 0.0000000000000000000, 1.000000000000000000 ) ) ;
#2338 = EDGE_LOOP ( 'NONE', ( #10082, #6083, #1168, #963, #9515, #3654, #8408, #8508, #2576, #8434, #1572, #564, #10512, #6567 ) ) ;
#2339 = EDGE_CURVE ( 'NONE', #569, #5084, #4186, .T. ) ;
#2340 = LINE ( 'NONE', #1973, #9077 ) ;
#2341 = LINE ( 'NONE', #8503, #2079 ) ;
#2342 = STYLED_ITEM ( 'NONE', ( #10445 ), #4415 ) ;
#2343 = EDGE_CURVE ( 'NONE', #8443, #3716, #2049, .T. ) ;
#2344 = DIRECTION ( 'NONE',  ( -0.0000000000000000000, 1.000000000000000000, -0.0000000000000000000 ) ) ;
#2345 = ORIENTED_EDGE ( 'NONE', *, *, #3849, .F. ) ;
#2346 = CARTESIAN_POINT ( 'NONE',  ( 5.219675921659555400, 1.103366499252897800, 0.0000000000000000000 ) ) ;
#2347 = VERTEX_POINT ( 'NONE', #8689 ) ;
#2348 = CARTESIAN_POINT ( 'NONE',  ( 4.879675921659509400, -0.04031737515379180800, -0.1000000000000000100 ) ) ;
#2349 = LINE ( 'NONE', #952, #6387 ) ;
#2350 = DIRECTION ( 'NONE',  ( 0.6557845842851962600, 0.7549480637857761700, 0.0000000000000000000 ) ) ;
#2351 = VECTOR ( 'NONE', #7937, 1000.000000000000000 ) ;
#2352 = DIRECTION ( 'NONE',  ( -0.0000000000000000000, -0.0000000000000000000, -1.000000000000000000 ) ) ;
#2353 = VECTOR ( 'NONE', #6895, 1000.000000000000000 ) ;
#2354 = ORIENTED_EDGE ( 'NONE', *, *, #5162, .F. ) ;
#2355 = EDGE_CURVE ( 'NONE', #393, #10098, #3946, .T. ) ;
#2356 = DIRECTION ( 'NONE',  ( -0.6976652270374957800, -0.7164239184887111200, 0.0000000000000000000 ) ) ;
#2357 = VERTEX_POINT ( 'NONE', #9375 ) ;
#2358 = CARTESIAN_POINT ( 'NONE',  ( 4.879675921659509400, 0.4596826248462082000, 0.0000000000000000000 ) ) ;
#2359 = VECTOR ( 'NONE', #2033, 1000.000000000000000 ) ;
#2360 = DIRECTION ( 'NONE',  ( 0.0000000000000000000, 0.0000000000000000000, 1.000000000000000000 ) ) ;
#2361 = DIRECTION ( 'NONE',  ( -0.0000000000000000000, -0.0000000000000000000, -1.000000000000000000 ) ) ;
#2362 = LINE ( 'NONE', #3786, #2098 ) ;
#2363 = AXIS2_PLACEMENT_3D ( 'NONE', #10022, #259, #5937 ) ;
#2364 = ORIENTED_EDGE ( 'NONE', *, *, #547, .F. ) ;
#2365 = DIRECTION ( 'NONE',  ( 0.0000000000000000000, 0.0000000000000000000, 1.000000000000000000 ) ) ;
#2366 = EDGE_LOOP ( 'NONE', ( #146, #1691, #7159, #6523 ) ) ;
#2367 = LINE ( 'NONE', #6320, #1851 ) ;
#2368 = ADVANCED_FACE ( 'NONE', ( #10195 ), #8250, .F. ) ;
#2369 = EDGE_CURVE ( 'NONE', #130, #7147, #8011, .T. ) ;
#2370 = DIRECTION ( 'NONE',  ( -1.734723475978141600E-015, -1.000000000000000000, 0.0000000000000000000 ) ) ;
#2371 = DIRECTION ( 'NONE',  ( -0.7071067811865505700, -0.7071067811865444600, 0.0000000000000000000 ) ) ;
#2372 = PLANE ( 'NONE',  #6509 ) ;
#2373 = DIRECTION ( 'NONE',  ( -1.000000000000000000, 0.0000000000000000000, 0.0000000000000000000 ) ) ;
#2374 = EDGE_CURVE ( 'NONE', #8452, #1665, #8793, .T. ) ;
#2375 = VECTOR ( 'NONE', #7345, 1000.000000000000000 ) ;
#2376 = EDGE_LOOP ( 'NONE', ( #1799, #5077, #8560, #1094 ) ) ;
#2377 = FACE_OUTER_BOUND ( 'NONE', #716, .T. ) ;
#2378 = DIRECTION ( 'NONE',  ( 0.0000000000000000000, -0.0000000000000000000, 1.000000000000000000 ) ) ;
#2379 = ORIENTED_EDGE ( 'NONE', *, *, #7339, .F. ) ;
#2380 = VECTOR ( 'NONE', #9183, 1000.000000000000000 ) ;
#2381 = ADVANCED_FACE ( 'NONE', ( #10456 ), #6982, .T. ) ;
#2382 = AXIS2_PLACEMENT_3D ( 'NONE', #565, #8175, #4670 ) ;
#2383 = ORIENTED_EDGE ( 'NONE', *, *, #9791, .F. ) ;
#2384 = CARTESIAN_POINT ( 'NONE',  ( 5.829675921660020200, 0.8846826248451392600, -0.1000000000000000100 ) ) ;
#2385 = LINE ( 'NONE', #925, #6427 ) ;
#2386 = CLOSED_SHELL ( 'NONE', ( #10532, #2322, #1292, #3629, #10221, #1516, #2991, #4060, #7245, #7796, #10262, #8877, #10478, #5058, #1251, #6118, #10430, #7130, #9893, #6745, #556, #10491, #8661, #3228, #9179, #2794, #9533, #6504, #3213, #269, #10278, #9467, #8070, #3159, #214, #6926, #2099, #8830, #2305, #1779, #7622, #6965, #53, #5155, #10160, #1241, #1471, #4155, #1072, #5209, #4649, #1395, #1682, #5045, #2753, #5390, #5377, #7258, #7464, #1731, #9638, #6328, #5948, #2521, #5275, #10205, #657, #7942, #3377, #4299, #1191, #3860, #7074, #4112, #4249, #1936, #4594, #540, #4734, #8758, #5316, #8004, #8271, #2251, #8331, #7735, #9408, #6342, #10420, #5798, #2738, #7679, #10380, #3046, #6555, #204, #1135, #7034, #6404, #4692, #3909, #3896, #256, #7361, #7989, #6655, #6877, #8547, #8771, #1457, #916, #8371, #1986, #1409, #8707, #8989, #9999, #6057, #4799, #4258, #6690, #4373, #3006, #8116, #746, #8385, #8619, #3741, #2381, #7190, #9139, #2051, #6912, #7957, #862, #5262, #5483, #9675, #2905, #4744, #5010, #5145, #10148, #9586, #9576, #5755, #5897, #3580, #6236, #9520, #10036, #2580, #3120, #4494, #1580, #7316, #4415, #7085 ) ) ;
#2387 = LINE ( 'NONE', #6916, #467 ) ;
#2388 = AXIS2_PLACEMENT_3D ( 'NONE', #5068, #212, #5887 ) ;
#2389 = PLANE ( 'NONE',  #4711 ) ;
#2390 = DIRECTION ( 'NONE',  ( 1.000000000000000000, 0.0000000000000000000, 0.0000000000000000000 ) ) ;
#2391 = ORIENTED_EDGE ( 'NONE', *, *, #5012, .T. ) ;
#2392 = DIRECTION ( 'NONE',  ( 0.0000000000000000000, 0.0000000000000000000, 1.000000000000000000 ) ) ;
#2393 = DIRECTION ( 'NONE',  ( -0.0000000000000000000, 1.000000000000000000, -0.0000000000000000000 ) ) ;
#2394 = ORIENTED_EDGE ( 'NONE', *, *, #1266, .T. ) ;
#2395 = CARTESIAN_POINT ( 'NONE',  ( 5.954675921659633900, 0.1596826248457502400, 0.1000000000000000100 ) ) ;
#2396 = CIRCLE ( 'NONE', #613, 0.04999999999999969700 ) ;
#2397 = CIRCLE ( 'NONE', #8732, 0.04999999999999969700 ) ;
#2398 = ORIENTED_EDGE ( 'NONE', *, *, #7654, .F. ) ;
#2399 = EDGE_CURVE ( 'NONE', #9250, #7239, #5833, .T. ) ;
#2400 = CARTESIAN_POINT ( 'NONE',  ( 6.104675921659724800, 0.7096826248452986500, 0.1000000000000000500 ) ) ;
#2401 = CARTESIAN_POINT ( 'NONE',  ( 5.829675921660816900, 0.2096826248452990100, -0.1000000000000000100 ) ) ;
#2402 = AXIS2_PLACEMENT_3D ( 'NONE', #6396, #1546, #7213 ) ;
#2403 = FACE_OUTER_BOUND ( 'NONE', #2453, .T. ) ;
#2404 = EDGE_LOOP ( 'NONE', ( #9410, #4680, #6087, #3566, #6990 ) ) ;
#2405 = CARTESIAN_POINT ( 'NONE',  ( 5.104675921659545400, -0.01619039102726961900, 0.1000000000000000100 ) ) ;
#2406 = CARTESIAN_POINT ( 'NONE',  ( 5.014431958356886400, 0.09230803588812726300, 0.1000000000000000100 ) ) ;
#2407 = DIRECTION ( 'NONE',  ( -0.7036284662064633500, 0.7105680696062410800, 0.0000000000000000000 ) ) ;
#2408 = DIRECTION ( 'NONE',  ( 0.0000000000000000000, 1.000000000000000000, -0.0000000000000000000 ) ) ;
#2409 = DIRECTION ( 'NONE',  ( 0.0000000000000000000, 0.0000000000000000000, 1.000000000000000000 ) ) ;
#2410 = EDGE_CURVE ( 'NONE', #6789, #8894, #7747, .T. ) ;
#2411 = ORIENTED_EDGE ( 'NONE', *, *, #7707, .F. ) ;
#2412 = CARTESIAN_POINT ( 'NONE',  ( 5.657241345925927900, 0.8540125217529861400, 0.1000000000000000100 ) ) ;
#2413 = EDGE_CURVE ( 'NONE', #5805, #6248, #9943, .T. ) ;
#2414 = LINE ( 'NONE', #3492, #229 ) ;
#2415 = CARTESIAN_POINT ( 'NONE',  ( 4.754675921659554700, 0.1596826248457989800, 0.1000000000000000100 ) ) ;
#2416 = ORIENTED_EDGE ( 'NONE', *, *, #10107, .F. ) ;
#2417 = ORIENTED_EDGE ( 'NONE', *, *, #5568, .F. ) ;
#2418 = AXIS2_PLACEMENT_3D ( 'NONE', #1661, #6502, #4057 ) ;
#2419 = ORIENTED_EDGE ( 'NONE', *, *, #2500, .T. ) ;
#2420 = CARTESIAN_POINT ( 'NONE',  ( 5.829675921660304500, 0.2846826248455150400, 0.0000000000000000000 ) ) ;
#2421 = DIRECTION ( 'NONE',  ( -0.0000000000000000000, -0.0000000000000000000, -1.000000000000000000 ) ) ;
#2422 = CARTESIAN_POINT ( 'NONE',  ( 5.829675921660304500, 1.384682624845977400, -0.1000000000000000100 ) ) ;
#2423 = DIRECTION ( 'NONE',  ( 1.000000000000000000, -2.114005981832989100E-015, 0.0000000000000000000 ) ) ;
#2424 = EDGE_CURVE ( 'NONE', #5039, #1388, #1286, .T. ) ;
#2425 = VECTOR ( 'NONE', #7982, 1000.000000000000000 ) ;
#2426 = EDGE_LOOP ( 'NONE', ( #7355, #5482, #5102, #6625, #5632, #3426, #2572, #8529, #7642, #7448, #5403, #10156, #6479, #4419, #6868, #6505 ) ) ;
#2427 = EDGE_CURVE ( 'NONE', #242, #3745, #5582, .T. ) ;
#2428 = ADVANCED_FACE ( 'NONE', ( #7496 ), #7251, .T. ) ;
#2429 = ORIENTED_EDGE ( 'NONE', *, *, #8810, .T. ) ;
#2431 = ORIENTED_EDGE ( 'NONE', *, *, #1502, .T. ) ;
#2430 = CARTESIAN_POINT ( 'NONE',  ( 5.829675921659729800, 0.009682624845806009400, 0.1000000000000000100 ) ) ;
#2432 = CARTESIAN_POINT ( 'NONE',  ( 5.558906690890459900, 0.9846826248459265000, 0.0000000000000000000 ) ) ;
#2433 = VERTEX_POINT ( 'NONE', #1472 ) ;
#2434 = CARTESIAN_POINT ( 'NONE',  ( 4.954675921659327500, -0.1153173751538373000, 0.0000000000000000000 ) ) ;
#2435 = LINE ( 'NONE', #7590, #8924 ) ;
#2436 = FACE_OUTER_BOUND ( 'NONE', #5674, .T. ) ;
#2437 = ORIENTED_EDGE ( 'NONE', *, *, #813, .T. ) ;
#2438 = ORIENTED_EDGE ( 'NONE', *, *, #3199, .F. ) ;
#2439 = VERTEX_POINT ( 'NONE', #4935 ) ;
#2440 = AXIS2_PLACEMENT_3D ( 'NONE', #2157, #6613, #172 ) ;
#2441 = DIRECTION ( 'NONE',  ( 0.0000000000000000000, -1.000000000000000000, 0.0000000000000000000 ) ) ;
#2442 = PLANE ( 'NONE',  #771 ) ;
#2443 = CARTESIAN_POINT ( 'NONE',  ( 5.040567649154480600, 0.04968262484573889700, 0.1000000000000000100 ) ) ;
#2444 = VECTOR ( 'NONE', #7022, 1000.000000000000100 ) ;
#2445 = DIRECTION ( 'NONE',  ( -1.000000000000000000, 0.0000000000000000000, 0.0000000000000000000 ) ) ;
#2446 = VERTEX_POINT ( 'NONE', #6949 ) ;
#2447 = ORIENTED_EDGE ( 'NONE', *, *, #10193, .F. ) ;
#2448 = ORIENTED_EDGE ( 'NONE', *, *, #5460, .T. ) ;
#2449 = CARTESIAN_POINT ( 'NONE',  ( 5.771983613967414300, 1.159682624845749900, 0.0000000000000000000 ) ) ;
#2450 = ORIENTED_EDGE ( 'NONE', *, *, #7822, .F. ) ;
#2451 = CYLINDRICAL_SURFACE ( 'NONE', #9766, 0.05000000000000056500 ) ;
#2452 = EDGE_CURVE ( 'NONE', #2679, #10098, #1022, .T. ) ;
#2453 = EDGE_LOOP ( 'NONE', ( #265, #8409, #2804, #5342 ) ) ;
#2454 = LINE ( 'NONE', #6649, #6239 ) ;
#2455 = DIRECTION ( 'NONE',  ( 0.8823529411758149800, -0.4705882352953469900, 0.0000000000000000000 ) ) ;
#2456 = ORIENTED_EDGE ( 'NONE', *, *, #6996, .T. ) ;
#2457 = DIRECTION ( 'NONE',  ( -1.000000000000000000, 0.0000000000000000000, 0.0000000000000000000 ) ) ;
#2458 = MECHANICAL_DESIGN_GEOMETRIC_PRESENTATION_REPRESENTATION (  '', ( #1365 ), #2996 ) ;
#2459 = ORIENTED_EDGE ( 'NONE', *, *, #5662, .F. ) ;
#2460 = LINE ( 'NONE', #2104, #6245 ) ;
#2461 = DIRECTION ( 'NONE',  ( -0.8629477401728890000, 0.5052931799762433500, 0.0000000000000000000 ) ) ;
#2462 = CARTESIAN_POINT ( 'NONE',  ( 5.004675921659327300, 1.309682624845297700, -0.1000000000000000100 ) ) ;
#2463 = VECTOR ( 'NONE', #5717, 1000.000000000000000 ) ;
#2464 = DIRECTION ( 'NONE',  ( 1.000000000000000000, -1.734723475975746300E-015, 0.0000000000000000000 ) ) ;
#2465 = SHAPE_DEFINITION_REPRESENTATION ( #7536, #9758 ) ;
#2466 = VERTEX_POINT ( 'NONE', #7242 ) ;
#2467 = ORIENTED_EDGE ( 'NONE', *, *, #8401, .T. ) ;
#2468 = FACE_OUTER_BOUND ( 'NONE', #4968, .T. ) ;
#2469 = EDGE_CURVE ( 'NONE', #8656, #5039, #2933, .T. ) ;
#2470 = AXIS2_PLACEMENT_3D ( 'NONE', #9842, #90, #5773 ) ;
#2471 = EDGE_CURVE ( 'NONE', #7929, #3921, #3194, .T. ) ;
#2472 = CARTESIAN_POINT ( 'NONE',  ( 5.304675921659710800, 0.2946826248459107900, 0.1000000000000000100 ) ) ;
#2473 = VECTOR ( 'NONE', #4803, 1000.000000000000000 ) ;
#2474 = DIRECTION ( 'NONE',  ( 0.0000000000000000000, 0.0000000000000000000, 1.000000000000000000 ) ) ;
#2475 = LINE ( 'NONE', #4988, #37 ) ;
#2476 = ORIENTED_EDGE ( 'NONE', *, *, #1591, .F. ) ;
#2477 = ADVANCED_FACE ( 'NONE', ( #5070 ), #7170, .T. ) ;
#2478 = CARTESIAN_POINT ( 'NONE',  ( 5.354675921659710600, 0.6146826248458012700, 0.1000000000000000100 ) ) ;
#2479 = AXIS2_PLACEMENT_3D ( 'NONE', #984, #6653, #1818 ) ;
#2480 = DIRECTION ( 'NONE',  ( -1.000000000000000000, 0.0000000000000000000, 0.0000000000000000000 ) ) ;
#2481 = ORIENTED_EDGE ( 'NONE', *, *, #74, .T. ) ;
#2482 = ORIENTED_EDGE ( 'NONE', *, *, #5607, .T. ) ;
#2483 = LINE ( 'NONE', #96, #4369 ) ;
#2484 = CARTESIAN_POINT ( 'NONE',  ( 5.704854054024949900, 0.2446826248459102700, 0.1000000000000000100 ) ) ;
#2485 = VECTOR ( 'NONE', #228, 1000.000000000000000 ) ;
#2486 = EDGE_CURVE ( 'NONE', #3921, #2574, #9171, .T. ) ;
#2487 = EDGE_CURVE ( 'NONE', #2916, #2724, #6973, .T. ) ;
#2488 = CARTESIAN_POINT ( 'NONE',  ( 5.439675921659715900, 1.103366499252742500, 0.1000000000000000100 ) ) ;
#2489 = FACE_OUTER_BOUND ( 'NONE', #2491, .T. ) ;
#2490 = DIRECTION ( 'NONE',  ( 0.0000000000000000000, 0.0000000000000000000, 1.000000000000000000 ) ) ;
#2491 = EDGE_LOOP ( 'NONE', ( #9681, #2813, #5394, #580 ) ) ;
#2492 = LINE ( 'NONE', #9435, #582 ) ;
#2493 = DIRECTION ( 'NONE',  ( 1.000000000000000000, 0.0000000000000000000, -0.0000000000000000000 ) ) ;
#2494 = DIRECTION ( 'NONE',  ( 0.0000000000000000000, 0.0000000000000000000, 1.000000000000000000 ) ) ;
#2495 = CARTESIAN_POINT ( 'NONE',  ( 5.754675921660088500, 0.3846826248450256900, -0.1000000000000000100 ) ) ;
#2496 = AXIS2_PLACEMENT_3D ( 'NONE', #3665, #6105, #1261 ) ;
#2497 = CARTESIAN_POINT ( 'NONE',  ( 5.354675921659712400, -0.05180946618659731900, 0.1000000000000000100 ) ) ;
#2498 = CARTESIAN_POINT ( 'NONE',  ( 6.104675921659724800, -0.4153173751542453800, 0.7499999999999998900 ) ) ;
#2499 = VECTOR ( 'NONE', #2787, 1000.000000000000000 ) ;
#2500 = EDGE_CURVE ( 'NONE', #2594, #10272, #4824, .T. ) ;
#2501 = ORIENTED_EDGE ( 'NONE', *, *, #2523, .T. ) ;
#2502 = LINE ( 'NONE', #8078, #329 ) ;
#2503 = DIRECTION ( 'NONE',  ( 0.0000000000000000000, 0.0000000000000000000, 1.000000000000000000 ) ) ;
#2504 = DIRECTION ( 'NONE',  ( 1.000000000000000000, 0.0000000000000000000, 0.0000000000000000000 ) ) ;
#2505 = DIRECTION ( 'NONE',  ( -1.000000000000000000, 4.644217066735657000E-016, 0.0000000000000000000 ) ) ;
#2506 = FACE_OUTER_BOUND ( 'NONE', #9891, .T. ) ;
#2507 = ORIENTED_EDGE ( 'NONE', *, *, #9760, .F. ) ;
#2508 = CARTESIAN_POINT ( 'NONE',  ( 6.004675921660364700, 0.4596826248450711100, 0.0000000000000000000 ) ) ;
#2509 = LINE ( 'NONE', #6700, #337 ) ;
#2510 = VERTEX_POINT ( 'NONE', #8275 ) ;
#2511 = DIRECTION ( 'NONE',  ( 0.0000000000000000000, 0.0000000000000000000, 1.000000000000000000 ) ) ;
#2512 = CARTESIAN_POINT ( 'NONE',  ( 5.354675921659713300, 0.09468262484602099600, 0.0000000000000000000 ) ) ;
#2513 = AXIS2_PLACEMENT_3D ( 'NONE', #6522, #7347, #2493 ) ;
#2514 = DIRECTION ( 'NONE',  ( 0.7071067811865474600, -0.7071067811865474600, 0.0000000000000000000 ) ) ;
#2515 = ORIENTED_EDGE ( 'NONE', *, *, #6948, .F. ) ;
#2516 = CYLINDRICAL_SURFACE ( 'NONE', #5696, 0.05000000000000056500 ) ;
#2517 = CIRCLE ( 'NONE', #1651, 0.04999999999999969700 ) ;
#2518 = CARTESIAN_POINT ( 'NONE',  ( 5.304675921659710800, 0.4146826248459104000, 0.1000000000000000100 ) ) ;
#2519 = ORIENTED_EDGE ( 'NONE', *, *, #1754, .F. ) ;
#2520 = ORIENTED_EDGE ( 'NONE', *, *, #3986, .T. ) ;
#2521 = ADVANCED_FACE ( 'NONE', ( #4571 ), #2637, .F. ) ;
#2522 = ORIENTED_EDGE ( 'NONE', *, *, #8415, .T. ) ;
#2524 = EDGE_LOOP ( 'NONE', ( #4194, #9311, #8918, #6370 ) ) ;
#2523 = EDGE_CURVE ( 'NONE', #729, #6589, #2435, .T. ) ;
#2525 = AXIS2_PLACEMENT_3D ( 'NONE', #4062, #9812, #4908 ) ;
#2526 = EDGE_CURVE ( 'NONE', #5724, #820, #246, .T. ) ;
#2527 = LINE ( 'NONE', #2917, #6572 ) ;
#2528 = DIRECTION ( 'NONE',  ( 0.0000000000000000000, 1.000000000000000000, 0.0000000000000000000 ) ) ;
#2529 = DIRECTION ( 'NONE',  ( -1.000000000000000000, 0.0000000000000000000, 0.0000000000000000000 ) ) ;
#2530 = ORIENTED_EDGE ( 'NONE', *, *, #9164, .F. ) ;
#2531 = ORIENTED_EDGE ( 'NONE', *, *, #1376, .F. ) ;
#2532 = VERTEX_POINT ( 'NONE', #2114 ) ;
#2533 = VERTEX_POINT ( 'NONE', #3513 ) ;
#2534 = CARTESIAN_POINT ( 'NONE',  ( 4.954675921659327500, -0.1153173751538373000, -0.1000000000000000100 ) ) ;
#2535 = CARTESIAN_POINT ( 'NONE',  ( 5.354675921659710600, 0.6146826248458012700, 0.1000000000000000100 ) ) ;
#2536 = CARTESIAN_POINT ( 'NONE',  ( 5.354675921659710600, 0.6646826248458013200, 0.0000000000000000000 ) ) ;
#2537 = FACE_OUTER_BOUND ( 'NONE', #1770, .T. ) ;
#2538 = ORIENTED_EDGE ( 'NONE', *, *, #10027, .F. ) ;
#2539 = ORIENTED_EDGE ( 'NONE', *, *, #4766, .F. ) ;
#2540 = EDGE_CURVE ( 'NONE', #7584, #1947, #4315, .T. ) ;
#2541 = ORIENTED_EDGE ( 'NONE', *, *, #6419, .T. ) ;
#2542 = CARTESIAN_POINT ( 'NONE',  ( 4.704675921658918000, -0.2903173751535640400, 0.1000000000000000100 ) ) ;
#2543 = EDGE_CURVE ( 'NONE', #4485, #9803, #2689, .T. ) ;
#2544 = CARTESIAN_POINT ( 'NONE',  ( 4.704675921660040700, 1.209682624845298500, 0.1000000000000000100 ) ) ;
#2545 = DIRECTION ( 'NONE',  ( 2.602085213967212400E-015, 1.000000000000000000, -0.0000000000000000000 ) ) ;
#2546 = CARTESIAN_POINT ( 'NONE',  ( 5.304675921659713500, -0.05180946618659731900, 0.1000000000000000100 ) ) ;
#2547 = LINE ( 'NONE', #7727, #113 ) ;
#2548 = LINE ( 'NONE', #4669, #378 ) ;
#2549 = DIRECTION ( 'NONE',  ( 0.8823529411758090900, -0.4705882352953579800, 0.0000000000000000000 ) ) ;
#2550 = ORIENTED_EDGE ( 'NONE', *, *, #7838, .F. ) ;
#2551 = VERTEX_POINT ( 'NONE', #3723 ) ;
#2552 = VERTEX_POINT ( 'NONE', #6932 ) ;
#2553 = CARTESIAN_POINT ( 'NONE',  ( 6.104675921659724800, -0.04031737515492882200, 0.0000000000000000000 ) ) ;
#2554 = DIRECTION ( 'NONE',  ( 1.000000000000000000, 0.0000000000000000000, 0.0000000000000000000 ) ) ;
#2555 = EDGE_CURVE ( 'NONE', #4759, #8017, #4068, .T. ) ;
#2556 = LINE ( 'NONE', #9007, #386 ) ;
#2557 = EDGE_CURVE ( 'NONE', #3014, #9805, #10580, .T. ) ;
#2558 = VECTOR ( 'NONE', #9908, 1000.000000000000000 ) ;
#2559 = ORIENTED_EDGE ( 'NONE', *, *, #3754, .F. ) ;
#2560 = DIRECTION ( 'NONE',  ( -0.0000000000000000000, -0.0000000000000000000, -1.000000000000000000 ) ) ;
#2561 = LINE ( 'NONE', #9532, #6355 ) ;
#2562 = ORIENTED_EDGE ( 'NONE', *, *, #1908, .F. ) ;
#2563 = ORIENTED_EDGE ( 'NONE', *, *, #3291, .T. ) ;
#2564 = EDGE_LOOP ( 'NONE', ( #2022, #2565, #6167, #6747 ) ) ;
#2565 = ORIENTED_EDGE ( 'NONE', *, *, #10399, .F. ) ;
#2566 = CARTESIAN_POINT ( 'NONE',  ( 5.269675921659555200, 1.034682624846080100, 0.1000000000000000100 ) ) ;
#2567 = LINE ( 'NONE', #5337, #6858 ) ;
#2568 = FACE_OUTER_BOUND ( 'NONE', #9592, .T. ) ;
#2569 = ORIENTED_EDGE ( 'NONE', *, *, #2427, .T. ) ;
#2570 = VECTOR ( 'NONE', #5853, 1000.000000000000000 ) ;
#2571 = AXIS2_PLACEMENT_3D ( 'NONE', #1071, #2169, #6689 ) ;
#2572 = ORIENTED_EDGE ( 'NONE', *, *, #2109, .F. ) ;
#2573 = ORIENTED_EDGE ( 'NONE', *, *, #2829, .T. ) ;
#2574 = VERTEX_POINT ( 'NONE', #5064 ) ;
#2575 = ORIENTED_EDGE ( 'NONE', *, *, #1262, .F. ) ;
#2576 = ORIENTED_EDGE ( 'NONE', *, *, #6317, .T. ) ;
#2577 = ORIENTED_EDGE ( 'NONE', *, *, #4206, .F. ) ;
#2578 = CARTESIAN_POINT ( 'NONE',  ( 5.829675921660816900, -0.2903173751547010200, 0.0000000000000000000 ) ) ;
#2579 = CARTESIAN_POINT ( 'NONE',  ( 5.979675921659509900, 1.484682624845741400, 0.0000000000000000000 ) ) ;
#2580 = ADVANCED_FACE ( 'NONE', ( #10325 ), #5881, .T. ) ;
#2581 = VERTEX_POINT ( 'NONE', #10002 ) ;
#2582 = PLANE ( 'NONE',  #9472 ) ;
#2583 = CIRCLE ( 'NONE', #1013, 0.07500000000021639400 ) ;
#2584 = AXIS2_PLACEMENT_3D ( 'NONE', #3857, #5471, #618 ) ;
#2585 = ORIENTED_EDGE ( 'NONE', *, *, #1594, .T. ) ;
#2586 = DIRECTION ( 'NONE',  ( -0.0000000000000000000, -0.0000000000000000000, -1.000000000000000000 ) ) ;
#2587 = VECTOR ( 'NONE', #1943, 1000.000000000000000 ) ;
#2588 = LINE ( 'NONE', #6882, #6381 ) ;
#2589 = CARTESIAN_POINT ( 'NONE',  ( 5.154675921659472400, 0.6496826248457289200, 0.0000000000000000000 ) ) ;
#2590 = DIRECTION ( 'NONE',  ( 1.000000000000000000, 0.0000000000000000000, 0.0000000000000000000 ) ) ;
#2591 = ORIENTED_EDGE ( 'NONE', *, *, #482, .F. ) ;
#2592 = ORIENTED_EDGE ( 'NONE', *, *, #4967, .T. ) ;
#2593 = CARTESIAN_POINT ( 'NONE',  ( 5.704854054024949900, 0.2446826248459102700, 0.0000000000000000000 ) ) ;
#2594 = VERTEX_POINT ( 'NONE', #7528 ) ;
#2595 = CIRCLE ( 'NONE', #330, 0.04999999999999969700 ) ;
#2596 = DIRECTION ( 'NONE',  ( -0.0000000000000000000, 1.000000000000000000, -0.0000000000000000000 ) ) ;
#2597 = EDGE_CURVE ( 'NONE', #6069, #4970, #6214, .T. ) ;
#2598 = FACE_OUTER_BOUND ( 'NONE', #1004, .T. ) ;
#2599 = AXIS2_PLACEMENT_3D ( 'NONE', #387, #6050, #1218 ) ;
#2600 = VECTOR ( 'NONE', #8513, 1000.000000000000000 ) ;
#2601 = ORIENTED_EDGE ( 'NONE', *, *, #4032, .F. ) ;
#2602 = AXIS2_PLACEMENT_3D ( 'NONE', #7647, #8474, #3604 ) ;
#2603 = CARTESIAN_POINT ( 'NONE',  ( 5.954675921659633900, 1.009682624845805500, 0.1000000000000000100 ) ) ;
#2604 = ORIENTED_EDGE ( 'NONE', *, *, #1220, .F. ) ;
#2605 = FACE_OUTER_BOUND ( 'NONE', #8672, .T. ) ;
#2606 = ORIENTED_EDGE ( 'NONE', *, *, #6671, .F. ) ;
#2607 = DIRECTION ( 'NONE',  ( 1.000000000000000000, 0.0000000000000000000, 0.0000000000000000000 ) ) ;
#2608 = DIRECTION ( 'NONE',  ( 0.0000000000000000000, 0.0000000000000000000, 1.000000000000000000 ) ) ;
#2609 = LINE ( 'NONE', #6962, #6899 ) ;
#2610 = EDGE_CURVE ( 'NONE', #7804, #206, #8659, .T. ) ;
#2611 = EDGE_CURVE ( 'NONE', #8974, #5546, #8144, .T. ) ;
#2612 = EDGE_LOOP ( 'NONE', ( #6651, #9012, #5827, #9313 ) ) ;
#2613 = VECTOR ( 'NONE', #7030, 1000.000000000000000 ) ;
#2614 = CARTESIAN_POINT ( 'NONE',  ( 4.604675921659691100, 0.4596826248462081400, 0.1000000000000000100 ) ) ;
#2615 = DIRECTION ( 'NONE',  ( 0.0000000000000000000, -1.000000000000000000, 0.0000000000000000000 ) ) ;
#2616 = DIRECTION ( 'NONE',  ( 1.000000000000000000, 0.0000000000000000000, -0.0000000000000000000 ) ) ;
#2617 = LINE ( 'NONE', #7236, #6654 ) ;
#2618 = CARTESIAN_POINT ( 'NONE',  ( 5.489675921659711300, 1.034682624845928400, 0.1000000000000000100 ) ) ;
#2619 = CARTESIAN_POINT ( 'NONE',  ( 5.054675921659471900, 0.4496826248457602700, 0.0000000000000000000 ) ) ;
#2620 = ORIENTED_EDGE ( 'NONE', *, *, #5548, .T. ) ;
#2621 = CARTESIAN_POINT ( 'NONE',  ( 5.704854054024949900, 0.1696826248459104600, 0.1000000000000000100 ) ) ;
#2622 = DIRECTION ( 'NONE',  ( 0.7071067811865475700, 0.7071067811865475700, -0.0000000000000000000 ) ) ;
#2623 = CARTESIAN_POINT ( 'NONE',  ( 4.604675921659691100, 1.584682624845752000, -0.1000000000000000100 ) ) ;
#2624 = VECTOR ( 'NONE', #2239, 1000.000000000000000 ) ;
#2625 = EDGE_CURVE ( 'NONE', #10469, #7503, #1672, .T. ) ;
#2626 = VERTEX_POINT ( 'NONE', #2721 ) ;
#2627 = EDGE_CURVE ( 'NONE', #5049, #7491, #9820, .T. ) ;
#2628 = LINE ( 'NONE', #884, #8861 ) ;
#2629 = CARTESIAN_POINT ( 'NONE',  ( 5.054675921659471000, 0.2496826248458502400, 0.1000000000000000100 ) ) ;
#2630 = VERTEX_POINT ( 'NONE', #9221 ) ;
#2631 = CARTESIAN_POINT ( 'NONE',  ( 6.004675921659183400, 0.2096826248452988400, 0.1000000000000000100 ) ) ;
#2632 = LINE ( 'NONE', #6529, #9120 ) ;
#2633 = ADVANCED_FACE ( 'NONE', ( #5706 ), #282, .F. ) ;
#2634 = ORIENTED_EDGE ( 'NONE', *, *, #6552, .T. ) ;
#2635 = PLANE ( 'NONE',  #7412 ) ;
#2636 = CARTESIAN_POINT ( 'NONE',  ( 5.304675921659713500, 0.04468262484602203400, 0.0000000000000000000 ) ) ;
#2637 = PLANE ( 'NONE',  #4128 ) ;
#2638 = FACE_OUTER_BOUND ( 'NONE', #7083, .T. ) ;
#2639 = ORIENTED_EDGE ( 'NONE', *, *, #5830, .F. ) ;
#2640 = CARTESIAN_POINT ( 'NONE',  ( 4.754675921659630200, 0.009682624845666794300, 0.1000000000000000100 ) ) ;
#2641 = AXIS2_PLACEMENT_3D ( 'NONE', #6845, #8804, #8632 ) ;
#2642 = CARTESIAN_POINT ( 'NONE',  ( 5.148821372569150500, 0.9846826248460804900, 0.1000000000000000100 ) ) ;
#2643 = VERTEX_POINT ( 'NONE', #7597 ) ;
#2644 = CIRCLE ( 'NONE', #1717, 0.07500000000021639400 ) ;
#2645 = VECTOR ( 'NONE', #5542, 1000.000000000000000 ) ;
#2646 = ORIENTED_EDGE ( 'NONE', *, *, #4222, .T. ) ;
#2647 = CARTESIAN_POINT ( 'NONE',  ( 6.104675921659724800, -0.04031737515492882200, -0.1000000000000000100 ) ) ;
#2648 = CARTESIAN_POINT ( 'NONE',  ( 5.657241345925927900, 0.8540125217529861400, 0.1000000000000000100 ) ) ;
#2649 = CARTESIAN_POINT ( 'NONE',  ( 5.104675921659545400, -0.01619039102726961900, 0.0000000000000000000 ) ) ;
#2650 = EDGE_CURVE ( 'NONE', #5724, #6241, #5451, .T. ) ;
#2651 = AXIS2_PLACEMENT_3D ( 'NONE', #1679, #15, #846 ) ;
#2652 = EDGE_CURVE ( 'NONE', #4165, #2694, #3316, .T. ) ;
#2653 = CARTESIAN_POINT ( 'NONE',  ( 5.954675921659633900, 0.009682624845806115200, 0.1000000000000000100 ) ) ;
#2654 = VECTOR ( 'NONE', #9033, 999.9999999999998900 ) ;
#2655 = FILL_AREA_STYLE ('',( #1844 ) ) ;
#2656 = ORIENTED_EDGE ( 'NONE', *, *, #3113, .F. ) ;
#2657 = ORIENTED_EDGE ( 'NONE', *, *, #7509, .F. ) ;
#2658 = AXIS2_PLACEMENT_3D ( 'NONE', #4777, #7234, #2392 ) ;
#2659 = CARTESIAN_POINT ( 'NONE',  ( 5.054675921659471900, 0.4496826248457602700, 0.1000000000000000100 ) ) ;
#2660 = DIRECTION ( 'NONE',  ( 0.0000000000000000000, 0.0000000000000000000, 1.000000000000000000 ) ) ;
#2661 = ORIENTED_EDGE ( 'NONE', *, *, #8472, .F. ) ;
#2662 = DIRECTION ( 'NONE',  ( 8.402566836769125100E-016, -1.000000000000000000, 0.0000000000000000000 ) ) ;
#2663 = CARTESIAN_POINT ( 'NONE',  ( 5.870360893847723600, 0.1596826248457505200, 0.0000000000000000000 ) ) ;
#2664 = DIRECTION ( 'NONE',  ( 1.000000000000000000, 0.0000000000000000000, -0.0000000000000000000 ) ) ;
#2665 = LINE ( 'NONE', #5884, #4804 ) ;
#2666 = ORIENTED_EDGE ( 'NONE', *, *, #3237, .T. ) ;
#2667 = CARTESIAN_POINT ( 'NONE',  ( 4.604675921659691100, 1.459682624844767000, 0.1000000000000000100 ) ) ;
#2668 = CARTESIAN_POINT ( 'NONE',  ( 4.604675921659691100, 1.209682624845298500, -0.1000000000000000100 ) ) ;
#2669 = DIRECTION ( 'NONE',  ( 1.000000000000000000, -1.182766006352519400E-015, 0.0000000000000000000 ) ) ;
#2670 = ORIENTED_EDGE ( 'NONE', *, *, #9947, .F. ) ;
#2671 = VERTEX_POINT ( 'NONE', #4361 ) ;
#2672 = EDGE_CURVE ( 'NONE', #8807, #2884, #5188, .T. ) ;
#2673 = AXIS2_PLACEMENT_3D ( 'NONE', #1543, #7212, #2373 ) ;
#2674 = ADVANCED_FACE ( 'NONE', ( #7371 ), #7100, .T. ) ;
#2675 = EDGE_CURVE ( 'NONE', #3662, #2551, #886, .T. ) ;
#2676 = CARTESIAN_POINT ( 'NONE',  ( 5.850392180554097300, 0.5096826248458024000, 0.1000000000000000100 ) ) ;
#2677 = CARTESIAN_POINT ( 'NONE',  ( 5.104675921659472600, 0.5996826248457300900, 0.1000000000000000100 ) ) ;
#2678 = VECTOR ( 'NONE', #6268, 1000.000000000000000 ) ;
#2679 = VERTEX_POINT ( 'NONE', #7631 ) ;
#2680 = DIRECTION ( 'NONE',  ( -0.0000000000000000000, -0.0000000000000000000, -1.000000000000000000 ) ) ;
#2681 = ORIENTED_EDGE ( 'NONE', *, *, #10107, .T. ) ;
#2682 = ORIENTED_EDGE ( 'NONE', *, *, #8999, .T. ) ;
#2683 = EDGE_LOOP ( 'NONE', ( #2448, #2111 ) ) ;
#2684 = AXIS2_PLACEMENT_3D ( 'NONE', #8782, #3906, #9624 ) ;
#2685 = DIRECTION ( 'NONE',  ( 1.000000000000000000, -1.039665590236428300E-015, 0.0000000000000000000 ) ) ;
#2686 = CARTESIAN_POINT ( 'NONE',  ( 5.754675921660088500, 0.3846826248450256900, 0.0000000000000000000 ) ) ;
#2687 = ADVANCED_FACE ( 'NONE', ( #4943 ), #6795, .F. ) ;
#2688 = EDGE_CURVE ( 'NONE', #1625, #2122, #635, .T. ) ;
#2689 = CIRCLE ( 'NONE', #3593, 0.07500000000021639400 ) ;
#2690 = DIRECTION ( 'NONE',  ( -0.0000000000000000000, -0.0000000000000000000, -1.000000000000000000 ) ) ;
#2691 = EDGE_CURVE ( 'NONE', #9188, #4051, #10067, .T. ) ;
#2692 = VECTOR ( 'NONE', #8238, 1000.000000000000100 ) ;
#2693 = ORIENTED_EDGE ( 'NONE', *, *, #7968, .T. ) ;
#2694 = VERTEX_POINT ( 'NONE', #2818 ) ;
#2695 = VERTEX_POINT ( 'NONE', #9328 ) ;
#2696 = CARTESIAN_POINT ( 'NONE',  ( 5.829675921660816900, 0.7096826248452989800, -0.1000000000000000100 ) ) ;
#2697 = CARTESIAN_POINT ( 'NONE',  ( 5.679838229676033000, 0.6174901632767579900, 0.1000000000000000100 ) ) ;
#2698 = STYLED_ITEM ( 'NONE', ( #1706 ), #9758 ) ;
#2699 = LINE ( 'NONE', #9263, #10079 ) ;
#2700 = CARTESIAN_POINT ( 'NONE',  ( 4.879675921659459600, 1.009682624845825900, 0.1000000000000000100 ) ) ;
#2701 = ORIENTED_EDGE ( 'NONE', *, *, #7574, .F. ) ;
#2702 = PRESENTATION_STYLE_ASSIGNMENT (( #8845 ) ) ;
#2703 = ORIENTED_EDGE ( 'NONE', *, *, #915, .F. ) ;
#2704 = ORIENTED_EDGE ( 'NONE', *, *, #5730, .F. ) ;
#2705 = ORIENTED_EDGE ( 'NONE', *, *, #1220, .T. ) ;
#2706 = ORIENTED_EDGE ( 'NONE', *, *, #767, .T. ) ;
#2707 = VERTEX_POINT ( 'NONE', #4425 ) ;
#2708 = CARTESIAN_POINT ( 'NONE',  ( 4.604675921659691100, 1.209682624845298500, 0.1000000000000000100 ) ) ;
#2709 = AXIS2_PLACEMENT_3D ( 'NONE', #6573, #3368, #9056 ) ;
#2710 = EDGE_CURVE ( 'NONE', #10446, #737, #9038, .T. ) ;
#2711 = ORIENTED_EDGE ( 'NONE', *, *, #9840, .F. ) ;
#2712 = VECTOR ( 'NONE', #7587, 1000.000000000000000 ) ;
#2713 = DIRECTION ( 'NONE',  ( 0.7071067811865474600, -0.7071067811865474600, 0.0000000000000000000 ) ) ;
#2714 = DIRECTION ( 'NONE',  ( 3.214735856175450300E-015, 1.000000000000000000, -0.0000000000000000000 ) ) ;
#2715 = ORIENTED_EDGE ( 'NONE', *, *, #6794, .T. ) ;
#2716 = CARTESIAN_POINT ( 'NONE',  ( 5.489675921659714000, 1.103366499252744100, 0.1000000000000000100 ) ) ;
#2717 = VECTOR ( 'NONE', #1441, 1000.000000000000000 ) ;
#2718 = VECTOR ( 'NONE', #8756, 1000.000000000000100 ) ;
#2719 = ORIENTED_EDGE ( 'NONE', *, *, #7882, .F. ) ;
#2720 = ORIENTED_EDGE ( 'NONE', *, *, #2675, .T. ) ;
#2721 = CARTESIAN_POINT ( 'NONE',  ( 6.004675921660364700, 0.4596826248450711100, 0.0000000000000000000 ) ) ;
#2722 = DIRECTION ( 'NONE',  ( 0.0000000000000000000, 0.0000000000000000000, 1.000000000000000000 ) ) ;
#2723 = DIRECTION ( 'NONE',  ( -1.000000000000000000, 1.724867092591717200E-016, -0.0000000000000000000 ) ) ;
#2724 = VERTEX_POINT ( 'NONE', #6049 ) ;
#2725 = LINE ( 'NONE', #6040, #6507 ) ;
#2726 = DIRECTION ( 'NONE',  ( 1.000000000000000000, 6.264279218807323800E-015, -0.0000000000000000000 ) ) ;
#2727 = VECTOR ( 'NONE', #8985, 1000.000000000000000 ) ;
#2728 = CARTESIAN_POINT ( 'NONE',  ( 4.729675921659755000, 1.484682624845893300, 0.0000000000000000000 ) ) ;
#2729 = VECTOR ( 'NONE', #8699, 1000.000000000000000 ) ;
#2730 = VERTEX_POINT ( 'NONE', #5238 ) ;
#2731 = DIRECTION ( 'NONE',  ( -0.0000000000000000000, -0.0000000000000000000, -1.000000000000000000 ) ) ;
#2732 = CARTESIAN_POINT ( 'NONE',  ( 5.042175921659434400, 0.5996826248457302100, 0.1000000000000000100 ) ) ;
#2733 = AXIS2_PLACEMENT_3D ( 'NONE', #3802, #9518, #4613 ) ;
#2734 = ORIENTED_EDGE ( 'NONE', *, *, #3933, .T. ) ;
#2735 = VECTOR ( 'NONE', #7923, 1000.000000000000000 ) ;
#2736 = CARTESIAN_POINT ( 'NONE',  ( 4.704675921660172100, -0.04031737515379178000, 0.1000000000000000100 ) ) ;
#2737 = DIRECTION ( 'NONE',  ( 0.0000000000000000000, 0.0000000000000000000, 1.000000000000000000 ) ) ;
#2738 = ADVANCED_FACE ( 'NONE', ( #2808 ), #1216, .T. ) ;
#2739 = CARTESIAN_POINT ( 'NONE',  ( 5.679838229676033000, 0.6174901632767579900, 0.1000000000000000100 ) ) ;
#2740 = VECTOR ( 'NONE', #5579, 1000.000000000000000 ) ;
#2741 = VECTOR ( 'NONE', #9060, 1000.000000000000000 ) ;
#2742 = ORIENTED_EDGE ( 'NONE', *, *, #6750, .F. ) ;
#2743 = CARTESIAN_POINT ( 'NONE',  ( 4.704675921659936800, 0.9596826248462082500, 0.0000000000000000000 ) ) ;
#2744 = DIRECTION ( 'NONE',  ( -1.000000000000000000, -8.402566836769124100E-016, 0.0000000000000000000 ) ) ;
#2745 = CARTESIAN_POINT ( 'NONE',  ( 6.004675921659153200, 0.7096826248452987600, 0.1000000000000000100 ) ) ;
#2746 = ORIENTED_EDGE ( 'NONE', *, *, #4522, .T. ) ;
#2747 = LINE ( 'NONE', #33, #825 ) ;
#2748 = EDGE_CURVE ( 'NONE', #6466, #414, #4689, .T. ) ;
#2749 = CARTESIAN_POINT ( 'NONE',  ( 5.104675921659470800, 0.6496826248457312500, 0.0000000000000000000 ) ) ;
#2750 = EDGE_CURVE ( 'NONE', #6674, #794, #6587, .T. ) ;
#2751 = CARTESIAN_POINT ( 'NONE',  ( 5.104675921659470800, 0.3996826248457591200, 0.1000000000000000100 ) ) ;
#2752 = LINE ( 'NONE', #1020, #2485 ) ;
#2753 = ADVANCED_FACE ( 'NONE', ( #8524 ), #428, .T. ) ;
#2754 = AXIS2_PLACEMENT_3D ( 'NONE', #4393, #10112, #5200 ) ;
#2755 = CARTESIAN_POINT ( 'NONE',  ( 4.935129844622552200, 1.357019186297195400, 0.7449999999999998800 ) ) ;
#2756 = DIRECTION ( 'NONE',  ( -1.000000000000000000, 3.214735856175450300E-015, 0.0000000000000000000 ) ) ;
#2757 = DIRECTION ( 'NONE',  ( 1.000000000000000000, 0.0000000000000000000, -0.0000000000000000000 ) ) ;
#2758 = CARTESIAN_POINT ( 'NONE',  ( 5.954675921659633900, 0.1596826248457502400, 0.1000000000000000100 ) ) ;
#2759 = VECTOR ( 'NONE', #8257, 1000.000000000000000 ) ;
#2760 = CARTESIAN_POINT ( 'NONE',  ( 6.104675921659724800, 1.584682624845737700, 0.7499999999999998900 ) ) ;
#2761 = ORIENTED_EDGE ( 'NONE', *, *, #9275, .F. ) ;
#2762 = VECTOR ( 'NONE', #2887, 1000.000000000000100 ) ;
#2763 = EDGE_CURVE ( 'NONE', #4739, #9956, #2547, .T. ) ;
#2764 = EDGE_CURVE ( 'NONE', #9186, #7700, #6339, .T. ) ;
#2765 = ORIENTED_EDGE ( 'NONE', *, *, #3428, .F. ) ;
#2766 = DIRECTION ( 'NONE',  ( -2.408418309332321600E-015, -1.000000000000000000, 0.0000000000000000000 ) ) ;
#2767 = LINE ( 'NONE', #8459, #2499 ) ;
#2768 = DIRECTION ( 'NONE',  ( 0.0000000000000000000, 0.0000000000000000000, 1.000000000000000000 ) ) ;
#2769 = ORIENTED_EDGE ( 'NONE', *, *, #8176, .F. ) ;
#2770 = AXIS2_PLACEMENT_3D ( 'NONE', #1189, #5991, #4399 ) ;
#2771 = VECTOR ( 'NONE', #10482, 1000.000000000000000 ) ;
#2772 = DIRECTION ( 'NONE',  ( 1.000000000000000000, -0.0000000000000000000, -0.0000000000000000000 ) ) ;
#2773 = DIRECTION ( 'NONE',  ( 1.000000000000000000, 1.971276677254192800E-016, -0.0000000000000000000 ) ) ;
#2774 = EDGE_CURVE ( 'NONE', #3400, #7511, #4434, .T. ) ;
#2775 = LINE ( 'NONE', #10400, #333 ) ;
#2776 = EDGE_CURVE ( 'NONE', #9048, #2533, #10442, .T. ) ;
#2777 = DIRECTION ( 'NONE',  ( 0.0000000000000000000, 0.0000000000000000000, 1.000000000000000000 ) ) ;
#2778 = ORIENTED_EDGE ( 'NONE', *, *, #1008, .T. ) ;
#2779 = VECTOR ( 'NONE', #5857, 1000.000000000000100 ) ;
#2780 = ORIENTED_EDGE ( 'NONE', *, *, #9790, .F. ) ;
#2781 = CARTESIAN_POINT ( 'NONE',  ( 4.754675921659554700, 0.1596826248457989800, 0.1000000000000000100 ) ) ;
#2782 = CARTESIAN_POINT ( 'NONE',  ( 4.704675921659936800, 0.9596826248462082500, 0.1000000000000000100 ) ) ;
#2783 = CARTESIAN_POINT ( 'NONE',  ( 5.829675921659729800, 1.009682624845805500, 0.1000000000000000100 ) ) ;
#2784 = VERTEX_POINT ( 'NONE', #2915 ) ;
#2785 = AXIS2_PLACEMENT_3D ( 'NONE', #2274, #193, #9243 ) ;
#2786 = LINE ( 'NONE', #2783, #6809 ) ;
#2787 = DIRECTION ( 'NONE',  ( 0.7071067811865505700, 0.7071067811865444600, -0.0000000000000000000 ) ) ;
#2788 = ORIENTED_EDGE ( 'NONE', *, *, #6272, .T. ) ;
#2789 = DIRECTION ( 'NONE',  ( 0.0000000000000000000, -1.000000000000000000, 0.0000000000000000000 ) ) ;
#2790 = AXIS2_PLACEMENT_3D ( 'NONE', #6378, #1571, #7233 ) ;
#2791 = CARTESIAN_POINT ( 'NONE',  ( 5.659509715401691600, 0.6896826248458012300, 0.0000000000000000000 ) ) ;
#2792 = VECTOR ( 'NONE', #2071, 1000.000000000000000 ) ;
#2793 = VERTEX_POINT ( 'NONE', #5304 ) ;
#2794 = ADVANCED_FACE ( 'NONE', ( #4177 ), #6126, .T. ) ;
#2795 = ORIENTED_EDGE ( 'NONE', *, *, #2410, .F. ) ;
#2796 = EDGE_LOOP ( 'NONE', ( #4297, #6748, #6386, #3594, #739, #371 ) ) ;
#2797 = EDGE_LOOP ( 'NONE', ( #9090, #4113, #1560, #1146 ) ) ;
#2798 = CARTESIAN_POINT ( 'NONE',  ( 5.657241345925927900, 0.8540125217529861400, 0.0000000000000000000 ) ) ;
#2799 = EDGE_CURVE ( 'NONE', #8069, #8354, #10183, .T. ) ;
#2800 = DIRECTION ( 'NONE',  ( -1.000000000000000000, 3.214735856175450300E-015, 0.0000000000000000000 ) ) ;
#2801 = VECTOR ( 'NONE', #5623, 1000.000000000000100 ) ;
#2802 = DIRECTION ( 'NONE',  ( 0.0000000000000000000, 0.0000000000000000000, 1.000000000000000000 ) ) ;
#2803 = VERTEX_POINT ( 'NONE', #6161 ) ;
#2804 = ORIENTED_EDGE ( 'NONE', *, *, #1209, .T. ) ;
#2805 = VERTEX_POINT ( 'NONE', #1324 ) ;
#2806 = CARTESIAN_POINT ( 'NONE',  ( 5.104675921659470800, 0.6496826248457312500, 0.1000000000000000100 ) ) ;
#2807 = DIRECTION ( 'NONE',  ( -1.039665590236428300E-015, -1.000000000000000000, 0.0000000000000000000 ) ) ;
#2808 = FACE_OUTER_BOUND ( 'NONE', #8914, .T. ) ;
#2809 = CARTESIAN_POINT ( 'NONE',  ( 5.829675921660020200, -0.1153173751548607200, 0.0000000000000000000 ) ) ;
#2810 = DIRECTION ( 'NONE',  ( -0.0000000000000000000, -0.0000000000000000000, -1.000000000000000000 ) ) ;
#2811 = FACE_OUTER_BOUND ( 'NONE', #9377, .T. ) ;
#2812 = ORIENTED_EDGE ( 'NONE', *, *, #829, .F. ) ;
#2813 = ORIENTED_EDGE ( 'NONE', *, *, #2133, .F. ) ;
#2814 = ORIENTED_EDGE ( 'NONE', *, *, #3237, .F. ) ;
#2815 = EDGE_CURVE ( 'NONE', #5583, #6535, #8000, .T. ) ;
#2816 = EDGE_CURVE ( 'NONE', #9344, #7143, #5821, .T. ) ;
#2817 = DIRECTION ( 'NONE',  ( -0.0000000000000000000, -0.0000000000000000000, -1.000000000000000000 ) ) ;
#2818 = CARTESIAN_POINT ( 'NONE',  ( 6.104675921659724800, 1.584682624845737700, 0.7499999999999998900 ) ) ;
#2819 = VECTOR ( 'NONE', #236, 1000.000000000000000 ) ;
#2820 = LINE ( 'NONE', #1001, #9046 ) ;
#2821 = ORIENTED_EDGE ( 'NONE', *, *, #3625, .F. ) ;
#2822 = VECTOR ( 'NONE', #8115, 1000.000000000000000 ) ;
#2823 = AXIS2_PLACEMENT_3D ( 'NONE', #5405, #9536, #4632 ) ;
#2824 = VERTEX_POINT ( 'NONE', #10290 ) ;
#2825 = EDGE_LOOP ( 'NONE', ( #5204, #2670, #8266, #5714 ) ) ;
#2826 = ORIENTED_EDGE ( 'NONE', *, *, #5119, .T. ) ;
#2827 = EDGE_CURVE ( 'NONE', #740, #3207, #5572, .T. ) ;
#2828 = CARTESIAN_POINT ( 'NONE',  ( 5.606983613967200200, 0.9096826248458013100, 0.0000000000000000000 ) ) ;
#2829 = EDGE_CURVE ( 'NONE', #6490, #5493, #7738, .T. ) ;
#2830 = FACE_OUTER_BOUND ( 'NONE', #6343, .T. ) ;
#2831 = ORIENTED_EDGE ( 'NONE', *, *, #2264, .T. ) ;
#2832 = DIRECTION ( 'NONE',  ( 1.000000000000000000, 0.0000000000000000000, 0.0000000000000000000 ) ) ;
#2833 = VECTOR ( 'NONE', #8248, 1000.000000000000000 ) ;
#2834 = ORIENTED_EDGE ( 'NONE', *, *, #6315, .F. ) ;
#2835 = EDGE_LOOP ( 'NONE', ( #3923, #7741, #8389, #2563, #3239, #10101 ) ) ;
#2836 = ORIENTED_EDGE ( 'NONE', *, *, #9272, .F. ) ;
#2837 = ORIENTED_EDGE ( 'NONE', *, *, #7437, .T. ) ;
#2838 = EDGE_LOOP ( 'NONE', ( #4447, #10573, #9450, #9503 ) ) ;
#2839 = FACE_OUTER_BOUND ( 'NONE', #6869, .T. ) ;
#2840 = CARTESIAN_POINT ( 'NONE',  ( 5.219675921659555400, 0.9846826248460804900, 0.1000000000000000100 ) ) ;
#2841 = ORIENTED_EDGE ( 'NONE', *, *, #4223, .T. ) ;
#2842 = FACE_OUTER_BOUND ( 'NONE', #7527, .T. ) ;
#2843 = FACE_OUTER_BOUND ( 'NONE', #2012, .T. ) ;
#2844 = DIRECTION ( 'NONE',  ( -1.000000000000000000, 0.0000000000000000000, 0.0000000000000000000 ) ) ;
#2845 = AXIS2_PLACEMENT_3D ( 'NONE', #2536, #2802, #3372 ) ;
#2846 = EDGE_CURVE ( 'NONE', #9665, #595, #1790, .T. ) ;
#2847 = CARTESIAN_POINT ( 'NONE',  ( 6.104675921659724800, 1.584682624845737700, 0.7499999999999998900 ) ) ;
#2848 = ORIENTED_EDGE ( 'NONE', *, *, #9404, .T. ) ;
#2849 = ADVANCED_FACE ( 'NONE', ( #9687 ), #8613, .T. ) ;
#2850 = DIRECTION ( 'NONE',  ( 0.0000000000000000000, 0.0000000000000000000, 1.000000000000000000 ) ) ;
#2851 = ORIENTED_EDGE ( 'NONE', *, *, #8872, .F. ) ;
#2852 = ORIENTED_EDGE ( 'NONE', *, *, #690, .T. ) ;
#2853 = LINE ( 'NONE', #9831, #9084 ) ;
#2854 = DIRECTION ( 'NONE',  ( 0.0000000000000000000, 0.0000000000000000000, 1.000000000000000000 ) ) ;
#2855 = EDGE_LOOP ( 'NONE', ( #7084, #5219, #8953, #8570, #7546, #1002, #6102, #1795, #7387, #9382, #5141, #1501, #4071, #6324, #409, #6244 ) ) ;
#2856 = VECTOR ( 'NONE', #4627, 1000.000000000000000 ) ;
#2857 = DIRECTION ( 'NONE',  ( 0.9625661542539195600, 0.2710468569912210000, 0.0000000000000000000 ) ) ;
#2858 = LINE ( 'NONE', #9352, #6636 ) ;
#2859 = ORIENTED_EDGE ( 'NONE', *, *, #9969, .T. ) ;
#2861 = ADVANCED_FACE ( 'NONE', ( #9427 ), #7010, .T. ) ;
#2860 = EDGE_CURVE ( 'NONE', #8019, #4599, #1276, .T. ) ;
#2862 = AXIS2_PLACEMENT_3D ( 'NONE', #8678, #10322, #5414 ) ;
#2863 = ORIENTED_EDGE ( 'NONE', *, *, #2946, .F. ) ;
#2864 = EDGE_CURVE ( 'NONE', #3978, #993, #3186, .T. ) ;
#2865 = FACE_OUTER_BOUND ( 'NONE', #103, .T. ) ;
#2866 = PLANE ( 'NONE',  #10565 ) ;
#2867 = VECTOR ( 'NONE', #452, 1000.000000000000000 ) ;
#2868 = AXIS2_PLACEMENT_3D ( 'NONE', #5295, #6119, #1277 ) ;
#2869 = CARTESIAN_POINT ( 'NONE',  ( 4.954675921659529100, 1.159682624845901600, 0.0000000000000000000 ) ) ;
#2870 = CIRCLE ( 'NONE', #9332, 0.07499999999993189900 ) ;
#2871 = LINE ( 'NONE', #1532, #9366 ) ;
#2872 = CARTESIAN_POINT ( 'NONE',  ( 6.104675921659724800, 1.584682624845737700, -0.1000000000000000100 ) ) ;
#2873 = ORIENTED_EDGE ( 'NONE', *, *, #6629, .T. ) ;
#2874 = EDGE_CURVE ( 'NONE', #10472, #9344, #5318, .T. ) ;
#2875 = PRESENTATION_LAYER_ASSIGNMENT (  '', '', ( #2342 ) ) ;
#2876 = CARTESIAN_POINT ( 'NONE',  ( 4.604675921659691100, 0.9596826248462082500, -0.1000000000000000100 ) ) ;
#2877 = EDGE_CURVE ( 'NONE', #4449, #4896, #7237, .T. ) ;
#2878 = VECTOR ( 'NONE', #10319, 1000.000000000000100 ) ;
#2879 = DIRECTION ( 'NONE',  ( 0.0000000000000000000, 1.000000000000000000, 0.0000000000000000000 ) ) ;
#2880 = ORIENTED_EDGE ( 'NONE', *, *, #10059, .F. ) ;
#2881 = CARTESIAN_POINT ( 'NONE',  ( 5.558906690890459900, 0.9846826248459265000, 0.0000000000000000000 ) ) ;
#2882 = LINE ( 'NONE', #27, #6915 ) ;
#2883 = DIRECTION ( 'NONE',  ( 1.000000000000000000, 0.0000000000000000000, 0.0000000000000000000 ) ) ;
#2884 = VERTEX_POINT ( 'NONE', #3873 ) ;
#2885 = VECTOR ( 'NONE', #4050, 1000.000000000000000 ) ;
#2886 = CARTESIAN_POINT ( 'NONE',  ( 5.154675921659469800, 0.3996826248457591200, 0.0000000000000000000 ) ) ;
#2887 = DIRECTION ( 'NONE',  ( -0.6557845842851961500, -0.7549480637857761700, 0.0000000000000000000 ) ) ;
#2888 = VERTEX_POINT ( 'NONE', #8751 ) ;
#2889 = EDGE_CURVE ( 'NONE', #1526, #6734, #4814, .T. ) ;
#2890 = LINE ( 'NONE', #4441, #718 ) ;
#2891 = ORIENTED_EDGE ( 'NONE', *, *, #10550, .T. ) ;
#2892 = CARTESIAN_POINT ( 'NONE',  ( 5.054675921659471000, 0.2496826248458502400, 0.1000000000000000100 ) ) ;
#2893 = ADVANCED_FACE ( 'NONE', ( #6966 ), #10391, .F. ) ;
#2894 = CARTESIAN_POINT ( 'NONE',  ( 5.104675921659546300, 0.09968262484573875400, 0.0000000000000000000 ) ) ;
#2895 = AXIS2_PLACEMENT_3D ( 'NONE', #7611, #2777, #8450 ) ;
#2896 = ORIENTED_EDGE ( 'NONE', *, *, #3036, .T. ) ;
#2897 = CIRCLE ( 'NONE', #7888, 0.07499999999999953900 ) ;
#2898 = VECTOR ( 'NONE', #7104, 1000.000000000000000 ) ;
#2899 = CARTESIAN_POINT ( 'NONE',  ( 4.754675921659630200, 0.009682624845666794300, 0.0000000000000000000 ) ) ;
#2900 = ORIENTED_EDGE ( 'NONE', *, *, #10045, .T. ) ;
#2901 = EDGE_CURVE ( 'NONE', #8390, #5023, #5063, .T. ) ;
#2902 = DIRECTION ( 'NONE',  ( 1.000000000000000000, -2.114005981832989100E-015, 0.0000000000000000000 ) ) ;
#2903 = EDGE_CURVE ( 'NONE', #4043, #7614, #9165, .T. ) ;
#2904 = CARTESIAN_POINT ( 'NONE',  ( 5.054675921659471900, 0.4496826248457602700, 0.0000000000000000000 ) ) ;
#2905 = ADVANCED_FACE ( 'NONE', ( #2924 ), #4673, .F. ) ;
#2906 = CARTESIAN_POINT ( 'NONE',  ( 6.004675921660364700, 0.4596826248450711100, 0.1000000000000000100 ) ) ;
#2907 = VECTOR ( 'NONE', #9004, 1000.000000000000000 ) ;
#2908 = ORIENTED_EDGE ( 'NONE', *, *, #3171, .T. ) ;
#2909 = CARTESIAN_POINT ( 'NONE',  ( 4.855129844622552100, 1.357019186297195400, 0.7449999999999998800 ) ) ;
#2910 = ORIENTED_EDGE ( 'NONE', *, *, #1209, .F. ) ;
#2911 = ORIENTED_EDGE ( 'NONE', *, *, #6816, .F. ) ;
#2912 = AXIS2_PLACEMENT_3D ( 'NONE', #3410, #9284, #1029 ) ;
#2913 = DIRECTION ( 'NONE',  ( -0.0000000000000000000, -0.0000000000000000000, -1.000000000000000000 ) ) ;
#2914 = LINE ( 'NONE', #9058, #8902 ) ;
#2915 = CARTESIAN_POINT ( 'NONE',  ( 5.754675921659735800, 1.484682624845741000, 0.1000000000000000100 ) ) ;
#2916 = VERTEX_POINT ( 'NONE', #7952 ) ;
#2917 = CARTESIAN_POINT ( 'NONE',  ( 6.004675921659058200, 1.459682624846193600, 0.1000000000000000100 ) ) ;
#2918 = CARTESIAN_POINT ( 'NONE',  ( 5.754675921659735800, -0.3153173751542484600, 0.1000000000000000100 ) ) ;
#2919 = ORIENTED_EDGE ( 'NONE', *, *, #10043, .F. ) ;
#2920 = ORIENTED_EDGE ( 'NONE', *, *, #1443, .F. ) ;
#2921 = AXIS2_PLACEMENT_3D ( 'NONE', #6634, #8290, #3419 ) ;
#2922 = CARTESIAN_POINT ( 'NONE',  ( 6.004675921659058200, -0.2903173751547012400, 0.1000000000000000100 ) ) ;
#2923 = CARTESIAN_POINT ( 'NONE',  ( 5.558906690890459900, 1.034682624845926400, 0.0000000000000000000 ) ) ;
#2924 = FACE_OUTER_BOUND ( 'NONE', #5231, .T. ) ;
#2925 = CARTESIAN_POINT ( 'NONE',  ( 5.354675921659710600, 0.7846826248458012000, 0.1000000000000000100 ) ) ;
#2926 = ORIENTED_EDGE ( 'NONE', *, *, #6296, .T. ) ;
#2927 = ORIENTED_EDGE ( 'NONE', *, *, #9248, .T. ) ;
#2928 = ORIENTED_EDGE ( 'NONE', *, *, #3768, .T. ) ;
#2929 = DIRECTION ( 'NONE',  ( 0.0000000000000000000, 0.0000000000000000000, 1.000000000000000000 ) ) ;
#2930 = EDGE_CURVE ( 'NONE', #5339, #9290, #8911, .T. ) ;
#2931 = CARTESIAN_POINT ( 'NONE',  ( 5.154675921659472400, 0.7207828955904754800, 0.0000000000000000000 ) ) ;
#2932 = DIRECTION ( 'NONE',  ( -0.0000000000000000000, -0.0000000000000000000, 1.000000000000000000 ) ) ;
#2933 = LINE ( 'NONE', #953, #769 ) ;
#2934 = DIRECTION ( 'NONE',  ( 1.000000000000000000, 0.0000000000000000000, 0.0000000000000000000 ) ) ;
#2935 = VECTOR ( 'NONE', #5033, 1000.000000000000000 ) ;
#2936 = EDGE_LOOP ( 'NONE', ( #1400, #2821, #2181, #7767 ) ) ;
#2937 = ORIENTED_EDGE ( 'NONE', *, *, #2062, .F. ) ;
#2938 = VERTEX_POINT ( 'NONE', #9650 ) ;
#2939 = PLANE ( 'NONE',  #631 ) ;
#2940 = CARTESIAN_POINT ( 'NONE',  ( 5.754675921660088500, 0.2846826248451166400, -0.1000000000000000100 ) ) ;
#2941 = ADVANCED_FACE ( 'NONE', ( #238 ), #3935, .T. ) ;
#2942 = LINE ( 'NONE', #6585, #9184 ) ;
#2943 = ORIENTED_EDGE ( 'NONE', *, *, #223, .T. ) ;
#2944 = EDGE_CURVE ( 'NONE', #1906, #2433, #8651, .T. ) ;
#2945 = LINE ( 'NONE', #1761, #8932 ) ;
#2946 = EDGE_CURVE ( 'NONE', #1298, #7885, #4561, .T. ) ;
#2947 = ORIENTED_EDGE ( 'NONE', *, *, #9076, .F. ) ;
#2948 = ORIENTED_EDGE ( 'NONE', *, *, #3504, .T. ) ;
#2949 = ORIENTED_EDGE ( 'NONE', *, *, #3614, .F. ) ;
#2950 = EDGE_LOOP ( 'NONE', ( #8083, #525, #4073, #6827 ) ) ;
#2951 = CARTESIAN_POINT ( 'NONE',  ( 5.829675921660816900, -0.2903173751547010200, -0.1000000000000000100 ) ) ;
#2952 = ORIENTED_EDGE ( 'NONE', *, *, #5042, .F. ) ;
#2953 = LINE ( 'NONE', #1741, #6994 ) ;
#2954 = AXIS2_PLACEMENT_3D ( 'NONE', #4905, #1697, #9809 ) ;
#2955 = ADVANCED_FACE ( 'NONE', ( #10569 ), #3166, .T. ) ;
#2956 = ORIENTED_EDGE ( 'NONE', *, *, #8066, .F. ) ;
#2957 = CARTESIAN_POINT ( 'NONE',  ( 5.592411845529611900, 0.9975692227840496900, 0.1000000000000000100 ) ) ;
#2958 = CIRCLE ( 'NONE', #7932, 0.04999999999999969700 ) ;
#2959 = FACE_OUTER_BOUND ( 'NONE', #7996, .T. ) ;
#2960 = CARTESIAN_POINT ( 'NONE',  ( 4.879675921658599900, -0.2903173751535639800, -0.1000000000000000100 ) ) ;
#2961 = ORIENTED_EDGE ( 'NONE', *, *, #1668, .F. ) ;
#2962 = EDGE_CURVE ( 'NONE', #3296, #8812, #6465, .T. ) ;
#2963 = DIRECTION ( 'NONE',  ( 1.971276677254192800E-016, -1.000000000000000000, 0.0000000000000000000 ) ) ;
#2964 = EDGE_CURVE ( 'NONE', #1309, #10583, #8393, .T. ) ;
#2965 = VERTEX_POINT ( 'NONE', #736 ) ;
#2966 = VECTOR ( 'NONE', #1136, 1000.000000000000000 ) ;
#2967 = PLANE ( 'NONE',  #8599 ) ;
#2968 = FACE_OUTER_BOUND ( 'NONE', #8945, .T. ) ;
#2969 = CYLINDRICAL_SURFACE ( 'NONE', #502, 0.08000000000000021000 ) ;
#2970 = DIRECTION ( 'NONE',  ( 0.0000000000000000000, -1.000000000000000000, 0.0000000000000000000 ) ) ;
#2971 = ORIENTED_EDGE ( 'NONE', *, *, #672, .F. ) ;
#2972 = ORIENTED_EDGE ( 'NONE', *, *, #8973, .F. ) ;
#2973 = FACE_OUTER_BOUND ( 'NONE', #6108, .T. ) ;
#2974 = DIRECTION ( 'NONE',  ( 1.000000000000000000, 0.0000000000000000000, 0.0000000000000000000 ) ) ;
#2975 = AXIS2_PLACEMENT_3D ( 'NONE', #7694, #2238, #7594 ) ;
#2976 = DIRECTION ( 'NONE',  ( -0.0000000000000000000, -0.0000000000000000000, -1.000000000000000000 ) ) ;
#2977 = CIRCLE ( 'NONE', #4977, 0.05000000000000056500 ) ;
#2978 = DIRECTION ( 'NONE',  ( -0.7071067811865505700, -0.7071067811865444600, -0.0000000000000000000 ) ) ;
#2979 = LINE ( 'NONE', #5763, #7023 ) ;
#2980 = ORIENTED_EDGE ( 'NONE', *, *, #509, .F. ) ;
#2981 = ORIENTED_EDGE ( 'NONE', *, *, #7774, .T. ) ;
#2982 = CARTESIAN_POINT ( 'NONE',  ( 4.704675921658918000, -0.2903173751535640400, 0.1000000000000000100 ) ) ;
#2983 = VECTOR ( 'NONE', #5677, 1000.000000000000000 ) ;
#2984 = DIRECTION ( 'NONE',  ( 1.000000000000000000, -2.409338161081319000E-015, -0.0000000000000000000 ) ) ;
#2985 = CARTESIAN_POINT ( 'NONE',  ( 5.040567649154480600, 0.09968262484573889300, 0.0000000000000000000 ) ) ;
#2986 = CIRCLE ( 'NONE', #2479, 0.04999999999999969700 ) ;
#2987 = CARTESIAN_POINT ( 'NONE',  ( 5.148821372569150500, 1.034682624846080100, 0.1000000000000000100 ) ) ;
#2988 = CARTESIAN_POINT ( 'NONE',  ( 5.145520508521533600, -0.04502994241201670200, 0.1000000000000000100 ) ) ;
#2989 = EDGE_CURVE ( 'NONE', #7863, #8012, #4056, .T. ) ;
#2990 = LINE ( 'NONE', #8060, #9238 ) ;
#2991 = ADVANCED_FACE ( 'NONE', ( #8133 ), #8063, .T. ) ;
#2992 = DIRECTION ( 'NONE',  ( 1.000000000000000000, -1.182766006352519600E-015, 0.0000000000000000000 ) ) ;
#2993 = ORIENTED_EDGE ( 'NONE', *, *, #6729, .T. ) ;
#2994 = VERTEX_POINT ( 'NONE', #4009 ) ;
#2995 = LINE ( 'NONE', #3656, #836 ) ;
#2996 =( GEOMETRIC_REPRESENTATION_CONTEXT ( 3 ) GLOBAL_UNCERTAINTY_ASSIGNED_CONTEXT ( ( #5210 ) ) GLOBAL_UNIT_ASSIGNED_CONTEXT ( ( #1274, #6929, #2097 ) ) REPRESENTATION_CONTEXT ( 'NONE', 'WORKASPACE' ) );
#2997 = CARTESIAN_POINT ( 'NONE',  ( 4.879675921659111500, 0.7846826248466516300, -0.1000000000000000100 ) ) ;
#2998 = ORIENTED_EDGE ( 'NONE', *, *, #5030, .T. ) ;
#2999 = CARTESIAN_POINT ( 'NONE',  ( 5.054675921659321800, -0.0003173751541496500200, 0.1000000000000000100 ) ) ;
#3000 = VECTOR ( 'NONE', #6724, 1000.000000000000000 ) ;
#3001 = CARTESIAN_POINT ( 'NONE',  ( 4.879675921659395700, -0.1153173751537237000, -0.1000000000000000100 ) ) ;
#3002 =( LENGTH_UNIT ( ) NAMED_UNIT ( * ) SI_UNIT ( .MILLI., .METRE. ) );
#3004 = VERTEX_POINT ( 'NONE', #8097 ) ;
#3003 = FILL_AREA_STYLE ('',( #6678 ) ) ;
#3005 = CIRCLE ( 'NONE', #2402, 0.07499999999993189900 ) ;
#3006 = ADVANCED_FACE ( 'NONE', ( #3804 ), #10058, .F. ) ;
#3007 = DIRECTION ( 'NONE',  ( -1.000000000000000000, 0.0000000000000000000, 0.0000000000000000000 ) ) ;
#3008 = EDGE_CURVE ( 'NONE', #7700, #5805, #1660, .T. ) ;
#3009 = AXIS2_PLACEMENT_3D ( 'NONE', #4218, #9933, #5034 ) ;
#3010 = EDGE_CURVE ( 'NONE', #8908, #8527, #5950, .T. ) ;
#3011 = DIRECTION ( 'NONE',  ( -0.0000000000000000000, -0.0000000000000000000, -1.000000000000000000 ) ) ;
#3012 = DIRECTION ( 'NONE',  ( 0.0000000000000000000, 0.0000000000000000000, 1.000000000000000000 ) ) ;
#3013 = VECTOR ( 'NONE', #3806, 1000.000000000000000 ) ;
#3014 = VERTEX_POINT ( 'NONE', #7310 ) ;
#3015 = CARTESIAN_POINT ( 'NONE',  ( 5.104675921659470800, 0.6496826248457312500, 0.1000000000000000100 ) ) ;
#3016 = AXIS2_PLACEMENT_3D ( 'NONE', #7449, #8269, #1777 ) ;
#3017 = VECTOR ( 'NONE', #5078, 1000.000000000000000 ) ;
#3018 = LINE ( 'NONE', #7465, #2779 ) ;
#3019 = DIRECTION ( 'NONE',  ( 1.000000000000000000, -3.942553354508385700E-016, -0.0000000000000000000 ) ) ;
#3020 = ORIENTED_EDGE ( 'NONE', *, *, #9216, .F. ) ;
#3021 = DIRECTION ( 'NONE',  ( -0.7071067811865460200, -0.7071067811865489100, 0.0000000000000000000 ) ) ;
#3022 = DIRECTION ( 'NONE',  ( -1.000000000000000000, 0.0000000000000000000, -0.0000000000000000000 ) ) ;
#3023 = DIRECTION ( 'NONE',  ( 1.000000000000000000, 0.0000000000000000000, -0.0000000000000000000 ) ) ;
#3024 = CARTESIAN_POINT ( 'NONE',  ( 5.004675921659327300, 1.209682624845298500, -0.1000000000000000100 ) ) ;
#3025 = EDGE_CURVE ( 'NONE', #4595, #8036, #3551, .T. ) ;
#3026 = EDGE_CURVE ( 'NONE', #3555, #6589, #5694, .T. ) ;
#3027 = ORIENTED_EDGE ( 'NONE', *, *, #92, .F. ) ;
#3028 = VECTOR ( 'NONE', #314, 1000.000000000000100 ) ;
#3029 = DIRECTION ( 'NONE',  ( 1.000000000000000000, 0.0000000000000000000, 0.0000000000000000000 ) ) ;
#3030 = ORIENTED_EDGE ( 'NONE', *, *, #5012, .F. ) ;
#3031 = DIRECTION ( 'NONE',  ( 1.000000000000000000, 0.0000000000000000000, 0.0000000000000000000 ) ) ;
#3032 = CARTESIAN_POINT ( 'NONE',  ( 5.354675921659710600, 0.6146826248458015000, 0.1000000000000000100 ) ) ;
#3033 = VECTOR ( 'NONE', #2026, 1000.000000000000000 ) ;
#3034 = ORIENTED_EDGE ( 'NONE', *, *, #3685, .T. ) ;
#3035 = DIRECTION ( 'NONE',  ( 1.000000000000000000, 0.0000000000000000000, 0.0000000000000000000 ) ) ;
#3036 = EDGE_CURVE ( 'NONE', #2551, #3735, #10313, .T. ) ;
#3037 = CARTESIAN_POINT ( 'NONE',  ( 5.771983613967414300, 1.159682624845749900, 0.1000000000000000100 ) ) ;
#3038 = PLANE ( 'NONE',  #5311 ) ;
#3039 = CARTESIAN_POINT ( 'NONE',  ( 5.113292969088838000, 0.9995012015357573900, 0.1000000000000000100 ) ) ;
#3040 = ORIENTED_EDGE ( 'NONE', *, *, #1800, .T. ) ;
#3041 = EDGE_LOOP ( 'NONE', ( #5293, #7892, #5816, #8575 ) ) ;
#3042 = ORIENTED_EDGE ( 'NONE', *, *, #4809, .T. ) ;
#3043 = CARTESIAN_POINT ( 'NONE',  ( 4.954675921659327500, 0.7846826248462537300, -0.1000000000000000100 ) ) ;
#3044 = DIRECTION ( 'NONE',  ( 1.000000000000000000, -0.0000000000000000000, -0.0000000000000000000 ) ) ;
#3045 = DIRECTION ( 'NONE',  ( -0.0000000000000000000, 1.000000000000000000, -0.0000000000000000000 ) ) ;
#3046 = ADVANCED_FACE ( 'NONE', ( #3305 ), #7359, .F. ) ;
#3047 = COLOUR_RGB ( '',0.7921568627450980000, 0.8196078431372548800, 0.9333333333333333500 ) ;
#3048 = LINE ( 'NONE', #7227, #9289 ) ;
#3049 = ORIENTED_EDGE ( 'NONE', *, *, #310, .T. ) ;
#3050 = ORIENTED_EDGE ( 'NONE', *, *, #3578, .F. ) ;
#3051 = CARTESIAN_POINT ( 'NONE',  ( 6.104675921659724800, 1.584682624845737700, -0.1000000000000000100 ) ) ;
#3052 = ORIENTED_EDGE ( 'NONE', *, *, #4780, .T. ) ;
#3053 = AXIS2_PLACEMENT_3D ( 'NONE', #3700, #742, #9655 ) ;
#3054 = CARTESIAN_POINT ( 'NONE',  ( 4.604675921659691100, 0.9596826248462082500, -0.1000000000000000100 ) ) ;
#3055 = CARTESIAN_POINT ( 'NONE',  ( 5.219675921659555400, 1.034682624846080100, 0.1000000000000000100 ) ) ;
#3056 = DIRECTION ( 'NONE',  ( 1.000000000000000000, 0.0000000000000000000, 0.0000000000000000000 ) ) ;
#3057 = CARTESIAN_POINT ( 'NONE',  ( 5.754675921659735800, 1.484682624845741000, 0.1000000000000000100 ) ) ;
#3058 = CARTESIAN_POINT ( 'NONE',  ( 5.154675921659472400, 0.6496826248457289200, 0.1000000000000000100 ) ) ;
#3059 = VECTOR ( 'NONE', #5982, 1000.000000000000000 ) ;
#3060 = VECTOR ( 'NONE', #6549, 1000.000000000000000 ) ;
#3061 = ADVANCED_FACE ( 'NONE', ( #9808 ), #7343, .F. ) ;
#3062 = VERTEX_POINT ( 'NONE', #3302 ) ;
#3064 = EDGE_LOOP ( 'NONE', ( #906, #8583, #5759, #3208 ) ) ;
#3063 = DIRECTION ( 'NONE',  ( 0.7071067811865541200, 0.7071067811865409100, -0.0000000000000000000 ) ) ;
#3065 = ORIENTED_EDGE ( 'NONE', *, *, #2278, .F. ) ;
#3066 = DIRECTION ( 'NONE',  ( 1.000000000000000000, 0.0000000000000000000, -0.0000000000000000000 ) ) ;
#3067 = CARTESIAN_POINT ( 'NONE',  ( 5.331678376745405700, -0.09620668375610630400, 0.1000000000000000100 ) ) ;
#3068 = VECTOR ( 'NONE', #3850, 1000.000000000000000 ) ;
#3069 = LINE ( 'NONE', #1542, #4700 ) ;
#3070 = DIRECTION ( 'NONE',  ( -0.0000000000000000000, -0.0000000000000000000, -1.000000000000000000 ) ) ;
#3071 = LINE ( 'NONE', #4796, #9310 ) ;
#3072 = ORIENTED_EDGE ( 'NONE', *, *, #6408, .T. ) ;
#3073 = ORIENTED_EDGE ( 'NONE', *, *, #6296, .F. ) ;
#3074 = PLANE ( 'NONE',  #10129 ) ;
#3075 = EDGE_LOOP ( 'NONE', ( #9678, #1549, #2314, #775 ) ) ;
#3076 = EDGE_CURVE ( 'NONE', #7040, #1907, #7610, .T. ) ;
#3077 = AXIS2_PLACEMENT_3D ( 'NONE', #3362, #9047, #4156 ) ;
#3078 = EDGE_CURVE ( 'NONE', #3941, #8770, #5179, .T. ) ;
#3079 = DIRECTION ( 'NONE',  ( -0.6557845842852039200, 0.7549480637857695100, -0.0000000000000000000 ) ) ;
#3080 = SURFACE_STYLE_USAGE ( .BOTH. , #7936 ) ;
#3081 = VECTOR ( 'NONE', #9215, 1000.000000000000000 ) ;
#3082 = CARTESIAN_POINT ( 'NONE',  ( 5.592411845529611900, 0.9975692227840496900, 0.0000000000000000000 ) ) ;
#3083 = ORIENTED_EDGE ( 'NONE', *, *, #10027, .T. ) ;
#3084 = CIRCLE ( 'NONE', #2845, 0.04999999999999969700 ) ;
#3085 = ORIENTED_EDGE ( 'NONE', *, *, #8297, .F. ) ;
#3086 = ORIENTED_EDGE ( 'NONE', *, *, #8414, .F. ) ;
#3087 = ORIENTED_EDGE ( 'NONE', *, *, #8300, .T. ) ;
#3088 = CARTESIAN_POINT ( 'NONE',  ( 4.879675921659111500, 0.7846826248466516300, -0.1000000000000000100 ) ) ;
#3089 = VERTEX_POINT ( 'NONE', #873 ) ;
#3090 = ORIENTED_EDGE ( 'NONE', *, *, #8828, .T. ) ;
#3091 = MANIFOLD_SOLID_BREP ( '相交1[5]', #10460 ) ;
#3092 = VERTEX_POINT ( 'NONE', #2518 ) ;
#3093 = VECTOR ( 'NONE', #1386, 1000.000000000000000 ) ;
#3094 = EDGE_CURVE ( 'NONE', #1393, #6081, #8512, .T. ) ;
#3095 = EDGE_CURVE ( 'NONE', #4204, #4974, #97, .T. ) ;
#3096 = VERTEX_POINT ( 'NONE', #1742 ) ;
#3097 = CIRCLE ( 'NONE', #7585, 0.04999999999999969700 ) ;
#3098 = VECTOR ( 'NONE', #7568, 1000.000000000000000 ) ;
#3099 = DIRECTION ( 'NONE',  ( 9.856383386270964100E-017, -1.000000000000000000, 0.0000000000000000000 ) ) ;
#3100 = ORIENTED_EDGE ( 'NONE', *, *, #3917, .F. ) ;
#3101 = CARTESIAN_POINT ( 'NONE',  ( 5.451928518470427100, 1.136155728467002700, 0.1000000000000000100 ) ) ;
#3102 = VERTEX_POINT ( 'NONE', #3374 ) ;
#3103 = VERTEX_POINT ( 'NONE', #9889 ) ;
#3104 = VECTOR ( 'NONE', #1683, 1000.000000000000000 ) ;
#3105 = DIRECTION ( 'NONE',  ( -0.7071067811865430200, -0.7071067811865521200, -0.0000000000000000000 ) ) ;
#3106 = VERTEX_POINT ( 'NONE', #9064 ) ;
#3107 = CARTESIAN_POINT ( 'NONE',  ( 4.879675921659509400, 0.4596826248462082000, -0.1000000000000000100 ) ) ;
#3108 = LINE ( 'NONE', #2619, #5501 ) ;
#3109 = ADVANCED_FACE ( 'NONE', ( #8246 ), #6578, .F. ) ;
#3110 = EDGE_CURVE ( 'NONE', #2313, #8724, #9286, .T. ) ;
#3111 = CARTESIAN_POINT ( 'NONE',  ( 4.954675921659327500, 0.8846826248461626700, -0.1000000000000000100 ) ) ;
#3112 = VECTOR ( 'NONE', #6843, 1000.000000000000000 ) ;
#3113 = EDGE_CURVE ( 'NONE', #1987, #794, #10434, .T. ) ;
#3114 = ORIENTED_EDGE ( 'NONE', *, *, #6333, .T. ) ;
#3115 = ORIENTED_EDGE ( 'NONE', *, *, #977, .T. ) ;
#3116 = CIRCLE ( 'NONE', #5625, 0.04999999999999969700 ) ;
#3117 = DIRECTION ( 'NONE',  ( 1.000000000000000000, 0.0000000000000000000, 0.0000000000000000000 ) ) ;
#3118 = LINE ( 'NONE', #6073, #7430 ) ;
#3119 = DIRECTION ( 'NONE',  ( -1.000000000000000000, 0.0000000000000000000, 0.0000000000000000000 ) ) ;
#3120 = ADVANCED_FACE ( 'NONE', ( #1778 ), #7447, .T. ) ;
#3121 = DIRECTION ( 'NONE',  ( -0.0000000000000000000, -0.0000000000000000000, -1.000000000000000000 ) ) ;
#3122 = AXIS2_PLACEMENT_3D ( 'NONE', #3829, #2854, #7910 ) ;
#3123 = CYLINDRICAL_SURFACE ( 'NONE', #9881, 0.04999999999999883000 ) ;
#3124 = VECTOR ( 'NONE', #5554, 1000.000000000000000 ) ;
#3125 = AXIS2_PLACEMENT_3D ( 'NONE', #2293, #7969, #3117 ) ;
#3126 = CARTESIAN_POINT ( 'NONE',  ( 5.829675921660816900, 0.2096826248452990100, 0.0000000000000000000 ) ) ;
#3127 = ORIENTED_EDGE ( 'NONE', *, *, #5711, .F. ) ;
#3128 = CARTESIAN_POINT ( 'NONE',  ( 5.829675921659906600, -0.04031737515492883600, -0.1000000000000000100 ) ) ;
#3129 = DIRECTION ( 'NONE',  ( 0.0000000000000000000, 0.0000000000000000000, 1.000000000000000000 ) ) ;
#3130 = CARTESIAN_POINT ( 'NONE',  ( 6.004675921659183400, 0.2096826248452988400, 0.0000000000000000000 ) ) ;
#3131 = CARTESIAN_POINT ( 'NONE',  ( 4.604675921659691100, 1.584682624845752000, 0.7499999999999998900 ) ) ;
#3132 = CYLINDRICAL_SURFACE ( 'NONE', #4603, 0.04999999999999969700 ) ;
#3133 = CARTESIAN_POINT ( 'NONE',  ( 5.850392180554097300, 0.5096826248458024000, 0.0000000000000000000 ) ) ;
#3134 = ORIENTED_EDGE ( 'NONE', *, *, #5057, .T. ) ;
#3135 = CYLINDRICAL_SURFACE ( 'NONE', #1101, 0.07499999999999953900 ) ;
#3136 = DIRECTION ( 'NONE',  ( 2.168404344971021900E-015, -1.000000000000000000, 0.0000000000000000000 ) ) ;
#3137 = DIRECTION ( 'NONE',  ( 1.000000000000000000, 0.0000000000000000000, 0.0000000000000000000 ) ) ;
#3138 = CARTESIAN_POINT ( 'NONE',  ( 5.829675921659906600, -0.04031737515492882200, -0.1000000000000000100 ) ) ;
#3139 = EDGE_CURVE ( 'NONE', #9953, #6294, #4168, .T. ) ;
#3140 = AXIS2_PLACEMENT_3D ( 'NONE', #6797, #1964, #7633 ) ;
#3141 = EDGE_LOOP ( 'NONE', ( #3352, #7017, #6357, #3799 ) ) ;
#3142 = CARTESIAN_POINT ( 'NONE',  ( 6.004675921660304300, 1.209682624846421200, 0.1000000000000000100 ) ) ;
#3143 = DIRECTION ( 'NONE',  ( 0.0000000000000000000, 0.0000000000000000000, 1.000000000000000000 ) ) ;
#3144 = CARTESIAN_POINT ( 'NONE',  ( 5.040567649154480600, 0.09968262484573889300, 0.0000000000000000000 ) ) ;
#3145 = VECTOR ( 'NONE', #9738, 1000.000000000000100 ) ;
#3146 = ORIENTED_EDGE ( 'NONE', *, *, #3076, .T. ) ;
#3147 = LINE ( 'NONE', #1157, #970 ) ;
#3148 = ORIENTED_EDGE ( 'NONE', *, *, #895, .F. ) ;
#3149 = CARTESIAN_POINT ( 'NONE',  ( 4.954675921659327500, 0.2846826248466515800, -0.1000000000000000100 ) ) ;
#3150 = DIRECTION ( 'NONE',  ( 1.000000000000000000, 0.0000000000000000000, 0.0000000000000000000 ) ) ;
#3151 = DIRECTION ( 'NONE',  ( 0.7549480637857761700, -0.6557845842851962600, 0.0000000000000000000 ) ) ;
#3152 = VERTEX_POINT ( 'NONE', #2629 ) ;
#3153 = EDGE_CURVE ( 'NONE', #4801, #7549, #3667, .T. ) ;
#3154 = LINE ( 'NONE', #1520, #726 ) ;
#3155 = CARTESIAN_POINT ( 'NONE',  ( 4.704675921659895000, 0.4596826248462082000, 0.1000000000000000100 ) ) ;
#3156 = EDGE_CURVE ( 'NONE', #6331, #1949, #7991, .T. ) ;
#3157 = VECTOR ( 'NONE', #2262, 1000.000000000000000 ) ;
#3158 = ORIENTED_EDGE ( 'NONE', *, *, #8030, .T. ) ;
#3159 = ADVANCED_FACE ( 'NONE', ( #10171 ), #4242, .T. ) ;
#3160 = CARTESIAN_POINT ( 'NONE',  ( 4.879675921659509400, 0.4596826248462082000, 0.0000000000000000000 ) ) ;
#3161 = AXIS2_PLACEMENT_3D ( 'NONE', #7144, #2296, #7970 ) ;
#3162 = CARTESIAN_POINT ( 'NONE',  ( 5.754675921660088500, 0.3846826248450256900, -0.1000000000000000100 ) ) ;
#3163 = FILL_AREA_STYLE ('',( #8018 ) ) ;
#3164 = PLANE ( 'NONE',  #2658 ) ;
#3165 = LINE ( 'NONE', #3276, #7217 ) ;
#3166 = PLANE ( 'NONE',  #9403 ) ;
#3167 = ORIENTED_EDGE ( 'NONE', *, *, #1937, .F. ) ;
#3168 = PLANE ( 'NONE',  #5921 ) ;
#3169 = EDGE_CURVE ( 'NONE', #9131, #1769, #7726, .T. ) ;
#3170 = VERTEX_POINT ( 'NONE', #9959 ) ;
#3171 = EDGE_CURVE ( 'NONE', #4020, #10202, #5559, .T. ) ;
#3172 = ORIENTED_EDGE ( 'NONE', *, *, #4910, .F. ) ;
#3173 = ADVANCED_FACE ( 'NONE', ( #9922 ), #3176, .T. ) ;
#3174 = CARTESIAN_POINT ( 'NONE',  ( 5.354675921659713300, 0.09468262484602099600, 0.1000000000000000100 ) ) ;
#3175 = PLANE ( 'NONE',  #9672 ) ;
#3176 = CYLINDRICAL_SURFACE ( 'NONE', #10433, 0.04999999999999969700 ) ;
#3177 = DIRECTION ( 'NONE',  ( 1.000000000000000000, 0.0000000000000000000, 0.0000000000000000000 ) ) ;
#3178 = CARTESIAN_POINT ( 'NONE',  ( 4.704675921659936800, 0.9596826248462082500, 0.1000000000000000100 ) ) ;
#3179 = VERTEX_POINT ( 'NONE', #1891 ) ;
#3180 = VECTOR ( 'NONE', #1808, 1000.000000000000000 ) ;
#3181 = ORIENTED_EDGE ( 'NONE', *, *, #2188, .T. ) ;
#3182 = ORIENTED_EDGE ( 'NONE', *, *, #9790, .T. ) ;
#3183 = DIRECTION ( 'NONE',  ( -0.8879443513902010000, 0.4599508982861489300, 0.0000000000000000000 ) ) ;
#3184 = VERTEX_POINT ( 'NONE', #8378 ) ;
#3185 = PRESENTATION_LAYER_ASSIGNMENT (  '', '', ( #2096 ) ) ;
#3186 = LINE ( 'NONE', #3838, #1012 ) ;
#3187 = CARTESIAN_POINT ( 'NONE',  ( 6.104675921659724800, 1.459682624846193800, -0.1000000000000000100 ) ) ;
#3188 = ORIENTED_EDGE ( 'NONE', *, *, #4965, .T. ) ;
#3189 = DIRECTION ( 'NONE',  ( -2.409338161081291000E-015, 1.000000000000000000, 0.0000000000000000000 ) ) ;
#3190 = ORIENTED_EDGE ( 'NONE', *, *, #9362, .T. ) ;
#3191 = VERTEX_POINT ( 'NONE', #7548 ) ;
#3192 = CARTESIAN_POINT ( 'NONE',  ( 4.937028862835632900, 0.4790943895518071600, 0.1000000000000000100 ) ) ;
#3193 = DIRECTION ( 'NONE',  ( 1.000000000000000000, 0.0000000000000000000, 0.0000000000000000000 ) ) ;
#3194 = CIRCLE ( 'NONE', #1420, 0.07499999999993189900 ) ;
#3195 = VECTOR ( 'NONE', #7911, 1000.000000000000000 ) ;
#3196 = EDGE_CURVE ( 'NONE', #8427, #2803, #1263, .T. ) ;
#3197 = AXIS2_PLACEMENT_3D ( 'NONE', #8166, #3271, #4108 ) ;
#3198 = EDGE_LOOP ( 'NONE', ( #1281, #395, #196, #6545 ) ) ;
#3199 = EDGE_CURVE ( 'NONE', #8620, #7115, #5303, .T. ) ;
#3200 = EDGE_LOOP ( 'NONE', ( #10213, #9707, #292, #1841 ) ) ;
#3201 = ORIENTED_EDGE ( 'NONE', *, *, #1883, .T. ) ;
#3202 = DIRECTION ( 'NONE',  ( -0.0000000000000000000, -0.0000000000000000000, -1.000000000000000000 ) ) ;
#3203 = FACE_OUTER_BOUND ( 'NONE', #462, .T. ) ;
#3205 = ORIENTED_EDGE ( 'NONE', *, *, #577, .F. ) ;
#3204 = DIRECTION ( 'NONE',  ( 0.0000000000000000000, 0.0000000000000000000, 1.000000000000000000 ) ) ;
#3206 = CARTESIAN_POINT ( 'NONE',  ( 4.879675921659395700, 0.8846826248462763600, 0.0000000000000000000 ) ) ;
#3207 = VERTEX_POINT ( 'NONE', #1093 ) ;
#3208 = ORIENTED_EDGE ( 'NONE', *, *, #1223, .T. ) ;
#3209 = EDGE_LOOP ( 'NONE', ( #2165, #5699, #2018, #410 ) ) ;
#3210 = ORIENTED_EDGE ( 'NONE', *, *, #6112, .T. ) ;
#3211 = CARTESIAN_POINT ( 'NONE',  ( 5.870360893847723600, 0.1596826248457505200, 0.0000000000000000000 ) ) ;
#3212 = VERTEX_POINT ( 'NONE', #8343 ) ;
#3213 = ADVANCED_FACE ( 'NONE', ( #7480 ), #747, .T. ) ;
#3214 = CARTESIAN_POINT ( 'NONE',  ( 5.148821372569150500, 0.9846826248460804900, 0.0000000000000000000 ) ) ;
#3215 = CARTESIAN_POINT ( 'NONE',  ( 5.269675921659555200, 1.103366499252897800, 0.0000000000000000000 ) ) ;
#3216 = CARTESIAN_POINT ( 'NONE',  ( 4.879675921658599900, 0.2096826248464360400, -0.1000000000000000100 ) ) ;
#3217 = ORIENTED_EDGE ( 'NONE', *, *, #6806, .T. ) ;
#3218 = VECTOR ( 'NONE', #4949, 1000.000000000000000 ) ;
#3219 = ORIENTED_EDGE ( 'NONE', *, *, #5105, .T. ) ;
#3220 = EDGE_CURVE ( 'NONE', #4829, #6248, #5055, .T. ) ;
#3221 = FACE_OUTER_BOUND ( 'NONE', #3393, .T. ) ;
#3222 = VECTOR ( 'NONE', #1362, 1000.000000000000100 ) ;
#3223 = AXIS2_PLACEMENT_3D ( 'NONE', #1507, #7175, #2334 ) ;
#3224 = EDGE_CURVE ( 'NONE', #2784, #6764, #9415, .T. ) ;
#3225 = CARTESIAN_POINT ( 'NONE',  ( 4.954675921659529100, 1.159682624845901600, 0.0000000000000000000 ) ) ;
#3226 = ORIENTED_EDGE ( 'NONE', *, *, #6463, .T. ) ;
#3227 = PLANE ( 'NONE',  #235 ) ;
#3228 = ADVANCED_FACE ( 'NONE', ( #9152 ), #305, .F. ) ;
#3229 = VERTEX_POINT ( 'NONE', #5152 ) ;
#3230 = CARTESIAN_POINT ( 'NONE',  ( 4.754675921659555500, 1.009682624845826200, 0.0000000000000000000 ) ) ;
#3231 = LINE ( 'NONE', #313, #2966 ) ;
#3232 = AXIS2_PLACEMENT_3D ( 'NONE', #602, #2211, #1428 ) ;
#3233 = DIRECTION ( 'NONE',  ( 0.0000000000000000000, 0.0000000000000000000, 1.000000000000000000 ) ) ;
#3234 = LINE ( 'NONE', #800, #9473 ) ;
#3235 = ORIENTED_EDGE ( 'NONE', *, *, #7404, .F. ) ;
#3236 = EDGE_CURVE ( 'NONE', #4043, #6953, #2914, .T. ) ;
#3237 = EDGE_CURVE ( 'NONE', #10562, #4290, #2665, .T. ) ;
#3238 = DIRECTION ( 'NONE',  ( 1.000000000000000000, 0.0000000000000000000, 0.0000000000000000000 ) ) ;
#3239 = ORIENTED_EDGE ( 'NONE', *, *, #3494, .F. ) ;
#3240 = LINE ( 'NONE', #10396, #7541 ) ;
#3241 = CARTESIAN_POINT ( 'NONE',  ( 5.558906690890459900, 0.9846826248459265000, 0.1000000000000000100 ) ) ;
#3242 = VECTOR ( 'NONE', #7153, 1000.000000000000000 ) ;
#3243 = DIRECTION ( 'NONE',  ( -1.000000000000000000, -0.0000000000000000000, -0.0000000000000000000 ) ) ;
#3244 = LINE ( 'NONE', #4104, #819 ) ;
#3245 = PRESENTATION_LAYER_ASSIGNMENT (  '', '', ( #2698 ) ) ;
#3246 = VERTEX_POINT ( 'NONE', #4288 ) ;
#3247 = CARTESIAN_POINT ( 'NONE',  ( 4.854675921659857200, 1.459682624844767000, -0.1000000000000000100 ) ) ;
#3248 = DIRECTION ( 'NONE',  ( 1.000000000000000000, 6.264279218807323800E-015, -0.0000000000000000000 ) ) ;
#3249 = ORIENTED_EDGE ( 'NONE', *, *, #3685, .F. ) ;
#3250 = CYLINDRICAL_SURFACE ( 'NONE', #8014, 0.04999999999999969700 ) ;
#3251 = AXIS2_PLACEMENT_3D ( 'NONE', #3401, #9099, #4196 ) ;
#3252 = DIRECTION ( 'NONE',  ( -1.000000000000000000, 0.0000000000000000000, 0.0000000000000000000 ) ) ;
#3253 = EDGE_CURVE ( 'NONE', #4265, #764, #2414, .T. ) ;
#3254 = FACE_OUTER_BOUND ( 'NONE', #5, .T. ) ;
#3255 = PLANE ( 'NONE',  #7825 ) ;
#3256 = DIRECTION ( 'NONE',  ( 1.262831698822006900E-014, -1.000000000000000000, 0.0000000000000000000 ) ) ;
#3257 = DIRECTION ( 'NONE',  ( 0.6557845842852039200, -0.7549480637857695100, 0.0000000000000000000 ) ) ;
#3258 = ORIENTED_EDGE ( 'NONE', *, *, #8242, .F. ) ;
#3259 = VECTOR ( 'NONE', #8499, 1000.000000000000000 ) ;
#3260 = CARTESIAN_POINT ( 'NONE',  ( 5.754675921660088500, 1.284682624846466700, -0.1000000000000000100 ) ) ;
#3261 = DIRECTION ( 'NONE',  ( -0.9625661542539215600, -0.2710468569912136700, 0.0000000000000000000 ) ) ;
#3262 = AXIS2_PLACEMENT_3D ( 'NONE', #9121, #1334, #2992 ) ;
#3263 = VERTEX_POINT ( 'NONE', #1035 ) ;
#3264 = DIRECTION ( 'NONE',  ( 0.0000000000000000000, 0.0000000000000000000, 1.000000000000000000 ) ) ;
#3265 = DIRECTION ( 'NONE',  ( 0.0000000000000000000, -0.0000000000000000000, 1.000000000000000000 ) ) ;
#3266 = LINE ( 'NONE', #5097, #1099 ) ;
#3267 = VERTEX_POINT ( 'NONE', #5919 ) ;
#3268 = FACE_OUTER_BOUND ( 'NONE', #2338, .T. ) ;
#3269 = AXIS2_PLACEMENT_3D ( 'NONE', #9482, #6201, #1361 ) ;
#3270 = DIRECTION ( 'NONE',  ( 1.000000000000000000, -0.0000000000000000000, -0.0000000000000000000 ) ) ;
#3271 = DIRECTION ( 'NONE',  ( 0.0000000000000000000, 0.0000000000000000000, 1.000000000000000000 ) ) ;
#3272 = CARTESIAN_POINT ( 'NONE',  ( 6.104675921659724800, 0.2096826248452987000, 0.1000000000000000500 ) ) ;
#3273 = LINE ( 'NONE', #1363, #7327 ) ;
#3274 = ADVANCED_FACE ( 'NONE', ( #492 ), #240, .F. ) ;
#3275 = ORIENTED_EDGE ( 'NONE', *, *, #2280, .F. ) ;
#3276 = CARTESIAN_POINT ( 'NONE',  ( 4.704675921660172100, -0.04031737515379178000, 0.1000000000000000100 ) ) ;
#3277 = LINE ( 'NONE', #8256, #5668 ) ;
#3278 = LINE ( 'NONE', #8251, #5151 ) ;
#3279 = ORIENTED_EDGE ( 'NONE', *, *, #5171, .F. ) ;
#3280 = CARTESIAN_POINT ( 'NONE',  ( 5.331678376745405700, -0.09620668375610630400, 0.0000000000000000000 ) ) ;
#3281 = EDGE_CURVE ( 'NONE', #5905, #740, #6695, .T. ) ;
#3282 = EDGE_CURVE ( 'NONE', #7515, #8315, #4552, .T. ) ;
#3283 = DIRECTION ( 'NONE',  ( -0.0000000000000000000, -0.0000000000000000000, -1.000000000000000000 ) ) ;
#3284 = CARTESIAN_POINT ( 'NONE',  ( 4.954675921659530000, 1.484682624845893300, 0.0000000000000000000 ) ) ;
#3285 = AXIS2_PLACEMENT_3D ( 'NONE', #4117, #1722, #7390 ) ;
#3286 = ORIENTED_EDGE ( 'NONE', *, *, #2010, .T. ) ;
#3287 = FACE_OUTER_BOUND ( 'NONE', #9560, .T. ) ;
#3288 = ORIENTED_EDGE ( 'NONE', *, *, #275, .T. ) ;
#3289 = DIRECTION ( 'NONE',  ( 0.7071067811865521200, -0.7071067811865430200, 0.0000000000000000000 ) ) ;
#3290 = DIRECTION ( 'NONE',  ( 1.000000000000000000, 0.0000000000000000000, 0.0000000000000000000 ) ) ;
#3291 = EDGE_CURVE ( 'NONE', #7081, #170, #6454, .T. ) ;
#3292 = EDGE_LOOP ( 'NONE', ( #3821, #9658, #8997, #4768, #7117, #3683, #8975, #4504, #5122, #8301, #8690, #665, #4676, #250 ) ) ;
#3293 = DIRECTION ( 'NONE',  ( -0.7422680412375330900, -0.6701030927830402600, 0.0000000000000000000 ) ) ;
#3294 = EDGE_CURVE ( 'NONE', #6310, #9847, #10560, .T. ) ;
#3295 = VECTOR ( 'NONE', #8584, 1000.000000000000100 ) ;
#3296 = VERTEX_POINT ( 'NONE', #1109 ) ;
#3297 = EDGE_LOOP ( 'NONE', ( #5790, #8517, #10239, #1166 ) ) ;
#3298 = AXIS2_PLACEMENT_3D ( 'NONE', #2923, #8622, #3739 ) ;
#3299 = ORIENTED_EDGE ( 'NONE', *, *, #4313, .F. ) ;
#3300 = PLANE ( 'NONE',  #6341 ) ;
#3301 = CARTESIAN_POINT ( 'NONE',  ( 5.042175921659434400, 0.6496826248457302500, 0.1000000000000000100 ) ) ;
#3302 = CARTESIAN_POINT ( 'NONE',  ( 5.113292969088838000, 0.9995012015357573900, 0.0000000000000000000 ) ) ;
#3303 = DIRECTION ( 'NONE',  ( 1.000000000000000000, 0.0000000000000000000, 0.0000000000000000000 ) ) ;
#3304 = EDGE_CURVE ( 'NONE', #3978, #1944, #4291, .T. ) ;
#3305 = FACE_OUTER_BOUND ( 'NONE', #9283, .T. ) ;
#3306 = EDGE_CURVE ( 'NONE', #6217, #9805, #6193, .T. ) ;
#3307 = LINE ( 'NONE', #1565, #7092 ) ;
#3309 = ORIENTED_EDGE ( 'NONE', *, *, #566, .F. ) ;
#3308 = DIRECTION ( 'NONE',  ( -1.000000000000000000, 0.0000000000000000000, 0.0000000000000000000 ) ) ;
#3310 = CARTESIAN_POINT ( 'NONE',  ( 5.104675921659470800, 0.6496826248457312500, 0.0000000000000000000 ) ) ;
#3311 = EDGE_LOOP ( 'NONE', ( #1126, #8016, #10305, #2198 ) ) ;
#3312 = ORIENTED_EDGE ( 'NONE', *, *, #8093, .T. ) ;
#3313 = DIRECTION ( 'NONE',  ( 2.602085213967194600E-015, -1.000000000000000000, 0.0000000000000000000 ) ) ;
#3314 = DIRECTION ( 'NONE',  ( -1.000000000000000000, 0.0000000000000000000, 0.0000000000000000000 ) ) ;
#3315 = DIRECTION ( 'NONE',  ( 0.0000000000000000000, 0.0000000000000000000, 1.000000000000000000 ) ) ;
#3316 = LINE ( 'NONE', #2760, #1406 ) ;
#3317 = LINE ( 'NONE', #3130, #887 ) ;
#3318 = ORIENTED_EDGE ( 'NONE', *, *, #9294, .T. ) ;
#3319 = VERTEX_POINT ( 'NONE', #319 ) ;
#3320 = ORIENTED_EDGE ( 'NONE', *, *, #5730, .T. ) ;
#3321 = AXIS2_PLACEMENT_3D ( 'NONE', #2129, #14, #4858 ) ;
#3322 = VERTEX_POINT ( 'NONE', #7598 ) ;
#3323 = CIRCLE ( 'NONE', #8773, 0.04999999999999796300 ) ;
#3324 = ADVANCED_FACE ( 'NONE', ( #1904 ), #10077, .F. ) ;
#3325 = VECTOR ( 'NONE', #5890, 1000.000000000000000 ) ;
#3326 = CARTESIAN_POINT ( 'NONE',  ( 6.004675921660369100, -0.04031737515492882200, 0.0000000000000000000 ) ) ;
#3327 = VECTOR ( 'NONE', #7297, 1000.000000000000000 ) ;
#3328 = CARTESIAN_POINT ( 'NONE',  ( 4.954675921659327500, 0.3846826248461626700, -0.1000000000000000100 ) ) ;
#3329 = AXIS2_PLACEMENT_3D ( 'NONE', #6645, #1807, #7467 ) ;
#3330 = ORIENTED_EDGE ( 'NONE', *, *, #1650, .T. ) ;
#3331 = EDGE_LOOP ( 'NONE', ( #9480, #394, #6198, #5577 ) ) ;
#3332 = ORIENTED_EDGE ( 'NONE', *, *, #9025, .T. ) ;
#3333 = CARTESIAN_POINT ( 'NONE',  ( 4.837351104144149300, 0.1596826248457989800, 0.0000000000000000000 ) ) ;
#3334 = SURFACE_STYLE_FILL_AREA ( #5294 ) ;
#3335 = DIRECTION ( 'NONE',  ( 0.0000000000000000000, 0.0000000000000000000, 1.000000000000000000 ) ) ;
#3336 = LINE ( 'NONE', #2495, #6085 ) ;
#3337 = EDGE_CURVE ( 'NONE', #7491, #569, #5942, .T. ) ;
#3338 = VERTEX_POINT ( 'NONE', #3590 ) ;
#3339 = LINE ( 'NONE', #6435, #5216 ) ;
#3340 = PLANE ( 'NONE',  #7547 ) ;
#3341 = CARTESIAN_POINT ( 'NONE',  ( 4.917175921659649300, 0.6596826248457984300, 0.0000000000000000000 ) ) ;
#3342 = VERTEX_POINT ( 'NONE', #9288 ) ;
#3343 = ORIENTED_EDGE ( 'NONE', *, *, #5782, .T. ) ;
#3344 = CARTESIAN_POINT ( 'NONE',  ( 5.148821372569150500, 1.034682624846080100, 0.1000000000000000100 ) ) ;
#3345 = AXIS2_PLACEMENT_3D ( 'NONE', #7268, #805, #6471 ) ;
#3346 = ORIENTED_EDGE ( 'NONE', *, *, #7195, .F. ) ;
#3347 = LINE ( 'NONE', #5448, #4976 ) ;
#3348 = DIRECTION ( 'NONE',  ( 0.0000000000000000000, 0.0000000000000000000, 1.000000000000000000 ) ) ;
#3349 = EDGE_LOOP ( 'NONE', ( #5258, #1233, #3788, #8542 ) ) ;
#3350 = LINE ( 'NONE', #10013, #7914 ) ;
#3351 = CARTESIAN_POINT ( 'NONE',  ( 5.354675921659710600, 0.4646826248459103900, 0.1000000000000000100 ) ) ;
#3352 = ORIENTED_EDGE ( 'NONE', *, *, #6178, .T. ) ;
#3353 = VERTEX_POINT ( 'NONE', #1143 ) ;
#3354 = VECTOR ( 'NONE', #8135, 1000.000000000000100 ) ;
#3355 = EDGE_CURVE ( 'NONE', #10446, #7094, #1653, .T. ) ;
#3356 = EDGE_CURVE ( 'NONE', #3537, #7512, #10047, .T. ) ;
#3357 = DIRECTION ( 'NONE',  ( 1.000000000000000000, 0.0000000000000000000, -0.0000000000000000000 ) ) ;
#3358 = VECTOR ( 'NONE', #4978, 1000.000000000000100 ) ;
#3359 = CARTESIAN_POINT ( 'NONE',  ( 5.489675921659711300, 1.034682624845928400, 0.0000000000000000000 ) ) ;
#3360 = VECTOR ( 'NONE', #3538, 1000.000000000000100 ) ;
#3361 = ORIENTED_EDGE ( 'NONE', *, *, #2597, .T. ) ;
#3362 = CARTESIAN_POINT ( 'NONE',  ( 5.829675921660020200, 0.3846826248451393200, 0.0000000000000000000 ) ) ;
#3363 = AXIS2_PLACEMENT_3D ( 'NONE', #694, #6365, #1518 ) ;
#3364 = DIRECTION ( 'NONE',  ( 0.7071067811865490200, 0.7071067811865460200, -0.0000000000000000000 ) ) ;
#3365 = ORIENTED_EDGE ( 'NONE', *, *, #10307, .T. ) ;
#3366 = LINE ( 'NONE', #8402, #7426 ) ;
#3367 = DIRECTION ( 'NONE',  ( -1.000000000000000000, 0.0000000000000000000, 0.0000000000000000000 ) ) ;
#3368 = DIRECTION ( 'NONE',  ( -1.182766006352519600E-015, -1.000000000000000000, 0.0000000000000000000 ) ) ;
#3369 = CYLINDRICAL_SURFACE ( 'NONE', #8465, 0.05000000000000143200 ) ;
#3370 = EDGE_CURVE ( 'NONE', #10199, #104, #5685, .T. ) ;
#3371 = EDGE_CURVE ( 'NONE', #7722, #8749, #9800, .T. ) ;
#3372 = DIRECTION ( 'NONE',  ( 1.000000000000000000, 0.0000000000000000000, 0.0000000000000000000 ) ) ;
#3373 = CARTESIAN_POINT ( 'NONE',  ( 5.154675921659544400, 0.04968262484573977200, 0.0000000000000000000 ) ) ;
#3374 = CARTESIAN_POINT ( 'NONE',  ( 4.604675921659691100, 1.209682624845298500, 0.1000000000000000500 ) ) ;
#3375 = VECTOR ( 'NONE', #2091, 1000.000000000000000 ) ;
#3376 = LINE ( 'NONE', #3101, #9628 ) ;
#3377 = ADVANCED_FACE ( 'NONE', ( #1387 ), #7350, .F. ) ;
#3378 = CARTESIAN_POINT ( 'NONE',  ( 4.704675921658918000, 0.2096826248464359600, 0.0000000000000000000 ) ) ;
#3379 = DIRECTION ( 'NONE',  ( 1.000000000000000000, 0.0000000000000000000, 0.0000000000000000000 ) ) ;
#3380 = ORIENTED_EDGE ( 'NONE', *, *, #6058, .F. ) ;
#3381 = AXIS2_PLACEMENT_3D ( 'NONE', #10490, #5511, #9130 ) ;
#3382 = DIRECTION ( 'NONE',  ( 1.000000000000000000, 0.0000000000000000000, 0.0000000000000000000 ) ) ;
#3383 = LINE ( 'NONE', #9545, #4760 ) ;
#3384 = EDGE_CURVE ( 'NONE', #1493, #3882, #9547, .T. ) ;
#3385 = ORIENTED_EDGE ( 'NONE', *, *, #780, .F. ) ;
#3386 = VECTOR ( 'NONE', #826, 1000.000000000000000 ) ;
#3387 = DIRECTION ( 'NONE',  ( -0.0000000000000000000, -0.0000000000000000000, -1.000000000000000000 ) ) ;
#3388 = ORIENTED_EDGE ( 'NONE', *, *, #9973, .F. ) ;
#3389 = DIRECTION ( 'NONE',  ( 0.0000000000000000000, 0.0000000000000000000, -1.000000000000000000 ) ) ;
#3390 = CARTESIAN_POINT ( 'NONE',  ( 4.729675921659755000, -0.3153173751544010000, 0.1000000000000000100 ) ) ;
#3391 = DIRECTION ( 'NONE',  ( 0.0000000000000000000, 0.0000000000000000000, 1.000000000000000000 ) ) ;
#3392 = PLANE ( 'NONE',  #5771 ) ;
#3393 = EDGE_LOOP ( 'NONE', ( #6128, #7674, #6988, #8777 ) ) ;
#3394 = VECTOR ( 'NONE', #7608, 1000.000000000000000 ) ;
#3395 = EDGE_CURVE ( 'NONE', #10199, #3745, #1132, .T. ) ;
#3396 = CARTESIAN_POINT ( 'NONE',  ( 4.604675921659691100, 0.9596826248462082500, 0.1000000000000000100 ) ) ;
#3397 = CARTESIAN_POINT ( 'NONE',  ( 4.754675921659554700, 0.6596826248457988700, 0.0000000000000000000 ) ) ;
#3398 = AXIS2_PLACEMENT_3D ( 'NONE', #7080, #2242, #7916 ) ;
#3399 = EDGE_CURVE ( 'NONE', #4558, #10502, #5169, .T. ) ;
#3400 = VERTEX_POINT ( 'NONE', #431 ) ;
#3401 = CARTESIAN_POINT ( 'NONE',  ( 5.829675921660020200, 0.3846826248451393200, -0.1000000000000000100 ) ) ;
#3402 = CARTESIAN_POINT ( 'NONE',  ( 5.104675921659470800, 0.2996826248458500100, 0.1000000000000000100 ) ) ;
#3403 = EDGE_LOOP ( 'NONE', ( #6846, #3127, #11, #5470 ) ) ;
#3404 = LINE ( 'NONE', #5481, #1244 ) ;
#3405 = VECTOR ( 'NONE', #5435, 1000.000000000000000 ) ;
#3406 = DIRECTION ( 'NONE',  ( -0.0000000000000000000, -0.0000000000000000000, -1.000000000000000000 ) ) ;
#3407 = ORIENTED_EDGE ( 'NONE', *, *, #4781, .F. ) ;
#3408 = DIRECTION ( 'NONE',  ( -1.000000000000000000, 0.0000000000000000000, 0.0000000000000000000 ) ) ;
#3409 = CARTESIAN_POINT ( 'NONE',  ( 6.104675921659724800, -0.2903173751547011800, -0.1000000000000000100 ) ) ;
#3410 = CARTESIAN_POINT ( 'NONE',  ( 5.054675921659321800, -0.0003173751541496500200, 0.1000000000000000100 ) ) ;
#3411 = EDGE_CURVE ( 'NONE', #8724, #8029, #4927, .T. ) ;
#3412 = MECHANICAL_DESIGN_GEOMETRIC_PRESENTATION_REPRESENTATION (  '', ( #2342 ), #3955 ) ;
#3413 = EDGE_CURVE ( 'NONE', #2724, #3481, #866, .T. ) ;
#3414 = LINE ( 'NONE', #1684, #2907 ) ;
#3415 = DIRECTION ( 'NONE',  ( 1.000000000000000000, 0.0000000000000000000, 0.0000000000000000000 ) ) ;
#3416 = ORIENTED_EDGE ( 'NONE', *, *, #10193, .T. ) ;
#3417 = EDGE_LOOP ( 'NONE', ( #2900, #7626, #9919, #8031 ) ) ;
#3418 = VERTEX_POINT ( 'NONE', #2886 ) ;
#3419 = DIRECTION ( 'NONE',  ( 0.0000000000000000000, -0.0000000000000000000, -1.000000000000000000 ) ) ;
#3420 = VECTOR ( 'NONE', #263, 1000.000000000000000 ) ;
#3421 = DIRECTION ( 'NONE',  ( 0.0000000000000000000, 0.0000000000000000000, 1.000000000000000000 ) ) ;
#3422 = EDGE_LOOP ( 'NONE', ( #9926, #622, #8788, #10087 ) ) ;
#3423 = ADVANCED_FACE ( 'NONE', ( #6814 ), #4508, .T. ) ;
#3424 = LINE ( 'NONE', #5018, #7482 ) ;
#3425 = PLANE ( 'NONE',  #6853 ) ;
#3426 = ORIENTED_EDGE ( 'NONE', *, *, #4912, .F. ) ;
#3427 = EDGE_LOOP ( 'NONE', ( #5689, #5587, #9270, #8869 ) ) ;
#3428 = EDGE_CURVE ( 'NONE', #444, #532, #616, .T. ) ;
#3429 = ORIENTED_EDGE ( 'NONE', *, *, #6112, .F. ) ;
#3430 = DIRECTION ( 'NONE',  ( -1.000000000000000000, 0.0000000000000000000, 0.0000000000000000000 ) ) ;
#3431 = PLANE ( 'NONE',  #6023 ) ;
#3432 = DIRECTION ( 'NONE',  ( 0.0000000000000000000, 0.0000000000000000000, 1.000000000000000000 ) ) ;
#3433 = VECTOR ( 'NONE', #529, 1000.000000000000000 ) ;
#3434 = AXIS2_PLACEMENT_3D ( 'NONE', #9242, #10060, #5147 ) ;
#3435 = PLANE ( 'NONE',  #9652 ) ;
#3436 = VERTEX_POINT ( 'NONE', #6942 ) ;
#3437 =( NAMED_UNIT ( * ) SI_UNIT ( $, .STERADIAN. ) SOLID_ANGLE_UNIT ( ) );
#3438 = ORIENTED_EDGE ( 'NONE', *, *, #496, .F. ) ;
#3439 = ORIENTED_EDGE ( 'NONE', *, *, #1867, .T. ) ;
#3440 = DIRECTION ( 'NONE',  ( 0.8629477401728806700, -0.5052931799762572200, -0.0000000000000000000 ) ) ;
#3441 = DIRECTION ( 'NONE',  ( 0.0000000000000000000, 0.0000000000000000000, 1.000000000000000000 ) ) ;
#3442 = EDGE_CURVE ( 'NONE', #4655, #10480, #4672, .T. ) ;
#3443 = EDGE_CURVE ( 'NONE', #2030, #6310, #2527, .T. ) ;
#3444 = VECTOR ( 'NONE', #1506, 1000.000000000000000 ) ;
#3445 = ORIENTED_EDGE ( 'NONE', *, *, #4630, .T. ) ;
#3446 = DIRECTION ( 'NONE',  ( -0.6701030927830382600, 0.7422680412375349800, 0.0000000000000000000 ) ) ;
#3447 = VECTOR ( 'NONE', #8140, 1000.000000000000000 ) ;
#3448 = ORIENTED_EDGE ( 'NONE', *, *, #1939, .T. ) ;
#3449 = EDGE_LOOP ( 'NONE', ( #3781, #2299, #9792, #8939, #8566, #7902, #4995, #2225, #5849, #7615, #514, #5938, #4517, #5153, #1537, #605, #7481, #1566 ) ) ;
#3450 = ORIENTED_EDGE ( 'NONE', *, *, #2829, .F. ) ;
#3451 = VERTEX_POINT ( 'NONE', #2107 ) ;
#3452 = CARTESIAN_POINT ( 'NONE',  ( 5.054675921659471900, 0.4496826248457602700, 0.1000000000000000100 ) ) ;
#3453 = LINE ( 'NONE', #8391, #9705 ) ;
#3454 = ORIENTED_EDGE ( 'NONE', *, *, #8415, .F. ) ;
#3455 = AXIS2_PLACEMENT_3D ( 'NONE', #10431, #1460, #8138 ) ;
#3456 = VERTEX_POINT ( 'NONE', #4540 ) ;
#3457 = ORIENTED_EDGE ( 'NONE', *, *, #1681, .T. ) ;
#3459 = ORIENTED_EDGE ( 'NONE', *, *, #2526, .F. ) ;
#3458 = CARTESIAN_POINT ( 'NONE',  ( 4.754675921659630200, 0.009682624845666794300, 0.1000000000000000100 ) ) ;
#3460 = ORIENTED_EDGE ( 'NONE', *, *, #5105, .F. ) ;
#3461 = DIRECTION ( 'NONE',  ( -1.000000000000000000, -4.928191693119192100E-017, 0.0000000000000000000 ) ) ;
#3462 = ORIENTED_EDGE ( 'NONE', *, *, #8472, .T. ) ;
#3463 = DIRECTION ( 'NONE',  ( 0.0000000000000000000, 0.0000000000000000000, 1.000000000000000000 ) ) ;
#3464 = DIRECTION ( 'NONE',  ( -1.000000000000000000, 0.0000000000000000000, 0.0000000000000000000 ) ) ;
#3465 = CYLINDRICAL_SURFACE ( 'NONE', #5361, 0.07500000000000041400 ) ;
#3466 = EDGE_LOOP ( 'NONE', ( #568, #6409, #9223, #10223 ) ) ;
#3467 = FACE_OUTER_BOUND ( 'NONE', #7352, .T. ) ;
#3468 = VECTOR ( 'NONE', #6981, 1000.000000000000000 ) ;
#3469 = CARTESIAN_POINT ( 'NONE',  ( 4.775129844622552100, 1.357019186297195400, 0.7449999999999998800 ) ) ;
#3470 = ADVANCED_FACE ( 'NONE', ( #4413 ), #8502, .T. ) ;
#3471 = SURFACE_STYLE_USAGE ( .BOTH. , #8337 ) ;
#3472 = ORIENTED_EDGE ( 'NONE', *, *, #1404, .F. ) ;
#3473 = DIRECTION ( 'NONE',  ( 0.0000000000000000000, 0.0000000000000000000, 1.000000000000000000 ) ) ;
#3474 = ORIENTED_EDGE ( 'NONE', *, *, #8889, .F. ) ;
#3475 = CYLINDRICAL_SURFACE ( 'NONE', #8509, 0.04999999999999796300 ) ;
#3476 = CARTESIAN_POINT ( 'NONE',  ( 5.304675921659710800, 0.7846826248458012000, 0.1000000000000000100 ) ) ;
#3477 = EDGE_CURVE ( 'NONE', #761, #8770, #2275, .T. ) ;
#3478 = CIRCLE ( 'NONE', #8617, 0.04999999999999969700 ) ;
#3479 = AXIS2_PLACEMENT_3D ( 'NONE', #3310, #5741, #878 ) ;
#3480 = CARTESIAN_POINT ( 'NONE',  ( 5.954675921659633900, 0.5096826248458022900, 0.0000000000000000000 ) ) ;
#3481 = VERTEX_POINT ( 'NONE', #1326 ) ;
#3482 = ADVANCED_FACE ( 'NONE', ( #6318 ), #10291, .F. ) ;
#3483 = ORIENTED_EDGE ( 'NONE', *, *, #5352, .F. ) ;
#3484 = LINE ( 'NONE', #3771, #9742 ) ;
#3485 = DIRECTION ( 'NONE',  ( -1.000000000000000000, 2.409338161081319400E-015, 0.0000000000000000000 ) ) ;
#3486 = CARTESIAN_POINT ( 'NONE',  ( 5.439675921659715900, 1.103366499252742500, 0.1000000000000000100 ) ) ;
#3487 = CARTESIAN_POINT ( 'NONE',  ( 4.954675921659530900, -0.3153173751544004500, 0.1000000000000000100 ) ) ;
#3488 = FACE_OUTER_BOUND ( 'NONE', #6701, .T. ) ;
#3489 = DIRECTION ( 'NONE',  ( -0.0000000000000000000, -0.0000000000000000000, -1.000000000000000000 ) ) ;
#3490 = FACE_OUTER_BOUND ( 'NONE', #1446, .T. ) ;
#3491 = ORIENTED_EDGE ( 'NONE', *, *, #5016, .T. ) ;
#3492 = CARTESIAN_POINT ( 'NONE',  ( 5.004675921659327300, 1.209682624845298500, 0.0000000000000000000 ) ) ;
#3493 = EDGE_CURVE ( 'NONE', #860, #539, #8764, .T. ) ;
#3494 = EDGE_CURVE ( 'NONE', #4537, #170, #4158, .T. ) ;
#3495 = ORIENTED_EDGE ( 'NONE', *, *, #209, .T. ) ;
#3496 = LINE ( 'NONE', #4876, #2983 ) ;
#3497 = PLANE ( 'NONE',  #9516 ) ;
#3498 = CYLINDRICAL_SURFACE ( 'NONE', #287, 0.07499999999993189900 ) ;
#3499 = AXIS2_PLACEMENT_3D ( 'NONE', #8186, #5752, #2504 ) ;
#3500 = DIRECTION ( 'NONE',  ( 0.0000000000000000000, 0.0000000000000000000, 1.000000000000000000 ) ) ;
#3501 = DIRECTION ( 'NONE',  ( -0.0000000000000000000, -1.000000000000000000, -0.0000000000000000000 ) ) ;
#3502 = EDGE_CURVE ( 'NONE', #6481, #1792, #88, .T. ) ;
#3503 = ORIENTED_EDGE ( 'NONE', *, *, #6388, .T. ) ;
#3504 = EDGE_CURVE ( 'NONE', #6541, #8012, #7079, .T. ) ;
#3505 = VECTOR ( 'NONE', #6022, 1000.000000000000000 ) ;
#3506 = CARTESIAN_POINT ( 'NONE',  ( 5.354675921659712400, -0.05180946618659731900, 0.0000000000000000000 ) ) ;
#3507 = CARTESIAN_POINT ( 'NONE',  ( 4.879675921658599900, -0.2903173751535639800, -0.1000000000000000100 ) ) ;
#3508 = ORIENTED_EDGE ( 'NONE', *, *, #5353, .T. ) ;
#3509 = ORIENTED_EDGE ( 'NONE', *, *, #9305, .F. ) ;
#3510 = VECTOR ( 'NONE', #8357, 1000.000000000000000 ) ;
#3511 = ORIENTED_EDGE ( 'NONE', *, *, #9916, .F. ) ;
#3512 = DIRECTION ( 'NONE',  ( -0.0000000000000000000, -0.0000000000000000000, -1.000000000000000000 ) ) ;
#3513 = CARTESIAN_POINT ( 'NONE',  ( 6.004675921660304300, 1.209682624846421200, 0.1000000000000000100 ) ) ;
#3514 = VECTOR ( 'NONE', #1440, 1000.000000000000000 ) ;
#3515 = DIRECTION ( 'NONE',  ( 0.0000000000000000000, 0.0000000000000000000, 1.000000000000000000 ) ) ;
#3516 = ADVANCED_FACE ( 'NONE', ( #1767 ), #6233, .F. ) ;
#3517 = AXIS2_PLACEMENT_3D ( 'NONE', #1898, #6425, #6265 ) ;
#3518 = DIRECTION ( 'NONE',  ( 1.000000000000000000, 0.0000000000000000000, -0.0000000000000000000 ) ) ;
#3519 = CARTESIAN_POINT ( 'NONE',  ( 4.604675921659691100, 1.584682624845752000, -0.1000000000000000100 ) ) ;
#3520 = VECTOR ( 'NONE', #1293, 1000.000000000000000 ) ;
#3521 = DIRECTION ( 'NONE',  ( 0.0000000000000000000, 0.0000000000000000000, 1.000000000000000000 ) ) ;
#3522 = CARTESIAN_POINT ( 'NONE',  ( 4.879675921658599900, 0.2096826248464360200, -0.1000000000000000100 ) ) ;
#3523 = VERTEX_POINT ( 'NONE', #7049 ) ;
#3524 = VECTOR ( 'NONE', #6542, 1000.000000000000000 ) ;
#3525 = AXIS2_PLACEMENT_3D ( 'NONE', #3653, #8580, #3687 ) ;
#3526 = VECTOR ( 'NONE', #8190, 1000.000000000000000 ) ;
#3527 = VERTEX_POINT ( 'NONE', #3839 ) ;
#3528 = CARTESIAN_POINT ( 'NONE',  ( 5.104675921659470800, 0.2496826248458502400, 0.0000000000000000000 ) ) ;
#3529 = DIRECTION ( 'NONE',  ( -1.000000000000000000, -0.0000000000000000000, -0.0000000000000000000 ) ) ;
#3530 = ADVANCED_FACE ( 'NONE', ( #3658 ), #4643, .T. ) ;
#3531 = DIRECTION ( 'NONE',  ( -0.0000000000000000000, -0.0000000000000000000, -1.000000000000000000 ) ) ;
#3532 = EDGE_CURVE ( 'NONE', #4681, #3014, #10425, .T. ) ;
#3533 = ORIENTED_EDGE ( 'NONE', *, *, #1735, .F. ) ;
#3534 = CARTESIAN_POINT ( 'NONE',  ( 5.979675921659509900, -0.3153173751542490100, 0.1000000000000000100 ) ) ;
#3535 = LINE ( 'NONE', #9173, #1379 ) ;
#3536 = CARTESIAN_POINT ( 'NONE',  ( 5.954675921659633900, 0.6596826248457791100, 0.0000000000000000000 ) ) ;
#3537 = VERTEX_POINT ( 'NONE', #2244 ) ;
#3538 = DIRECTION ( 'NONE',  ( -0.7071067811865552300, -0.7071067811865398000, -0.0000000000000000000 ) ) ;
#3539 = CARTESIAN_POINT ( 'NONE',  ( 5.829675921659906600, 1.209682624846421200, 0.0000000000000000000 ) ) ;
#3540 = VECTOR ( 'NONE', #1181, 1000.000000000000100 ) ;
#3541 = ORIENTED_EDGE ( 'NONE', *, *, #6948, .T. ) ;
#3542 = DIRECTION ( 'NONE',  ( -1.000000000000000000, 0.0000000000000000000, 0.0000000000000000000 ) ) ;
#3543 = CARTESIAN_POINT ( 'NONE',  ( 5.829675921660304500, -0.2153173751544850400, -0.1000000000000000100 ) ) ;
#3544 = CARTESIAN_POINT ( 'NONE',  ( 5.979675921659509900, 1.484682624845741400, 0.0000000000000000000 ) ) ;
#3545 = VERTEX_POINT ( 'NONE', #1427 ) ;
#3546 = ORIENTED_EDGE ( 'NONE', *, *, #7538, .T. ) ;
#3547 =( NAMED_UNIT ( * ) PLANE_ANGLE_UNIT ( ) SI_UNIT ( $, .RADIAN. ) );
#3548 = EDGE_CURVE ( 'NONE', #7386, #7364, #6054, .T. ) ;
#3549 = EDGE_CURVE ( 'NONE', #1485, #10338, #10164, .T. ) ;
#3550 = PLANE ( 'NONE',  #245 ) ;
#3551 = LINE ( 'NONE', #10567, #1396 ) ;
#3552 = DIRECTION ( 'NONE',  ( 1.000000000000000000, -9.540979117872227600E-015, -0.0000000000000000000 ) ) ;
#3553 = DIRECTION ( 'NONE',  ( 1.000000000000000000, -3.214735856175449900E-015, -0.0000000000000000000 ) ) ;
#3554 = LINE ( 'NONE', #5518, #3807 ) ;
#3555 = VERTEX_POINT ( 'NONE', #6452 ) ;
#3556 = ORIENTED_EDGE ( 'NONE', *, *, #5607, .F. ) ;
#3557 = ORIENTED_EDGE ( 'NONE', *, *, #7636, .F. ) ;
#3558 = CARTESIAN_POINT ( 'NONE',  ( 5.104675921659470800, 0.2496826248458502400, 0.1000000000000000100 ) ) ;
#3559 = EDGE_CURVE ( 'NONE', #7512, #4231, #9913, .T. ) ;
#3560 = VECTOR ( 'NONE', #3489, 1000.000000000000000 ) ;
#3561 = DIRECTION ( 'NONE',  ( -0.5227138159518741600, 0.8525082208477700000, 0.0000000000000000000 ) ) ;
#3562 = EDGE_CURVE ( 'NONE', #8812, #9717, #7715, .T. ) ;
#3563 = FACE_OUTER_BOUND ( 'NONE', #5597, .T. ) ;
#3564 = EDGE_LOOP ( 'NONE', ( #9850, #2956, #10369, #9754 ) ) ;
#3565 = ORIENTED_EDGE ( 'NONE', *, *, #9854, .T. ) ;
#3566 = ORIENTED_EDGE ( 'NONE', *, *, #4475, .F. ) ;
#3567 = CARTESIAN_POINT ( 'NONE',  ( 4.775129844622552100, 1.357019186297195400, 0.7449999999999998800 ) ) ;
#3568 = LINE ( 'NONE', #1878, #1417 ) ;
#3569 = CARTESIAN_POINT ( 'NONE',  ( 6.004675921660369100, -0.04031737515492882200, 0.1000000000000000100 ) ) ;
#3570 = VECTOR ( 'NONE', #723, 1000.000000000000000 ) ;
#3571 = DIRECTION ( 'NONE',  ( -0.7071067811865474600, 0.7071067811865474600, 0.0000000000000000000 ) ) ;
#3572 = VECTOR ( 'NONE', #1484, 1000.000000000000000 ) ;
#3573 = ORIENTED_EDGE ( 'NONE', *, *, #1114, .T. ) ;
#3574 = ORIENTED_EDGE ( 'NONE', *, *, #1378, .T. ) ;
#3575 = VERTEX_POINT ( 'NONE', #1616 ) ;
#3576 = DIRECTION ( 'NONE',  ( 0.0000000000000000000, 1.000000000000000000, 0.0000000000000000000 ) ) ;
#3577 = AXIS2_PLACEMENT_3D ( 'NONE', #5326, #479, #6143 ) ;
#3578 = EDGE_CURVE ( 'NONE', #5578, #6491, #7468, .T. ) ;
#3579 = DIRECTION ( 'NONE',  ( -1.000000000000000000, 0.0000000000000000000, 0.0000000000000000000 ) ) ;
#3580 = ADVANCED_FACE ( 'NONE', ( #9664 ), #7918, .T. ) ;
#3581 = FACE_OUTER_BOUND ( 'NONE', #2683, .T. ) ;
#3582 = CARTESIAN_POINT ( 'NONE',  ( 5.054675921659321800, -0.0003173751541496500200, 0.1000000000000000100 ) ) ;
#3583 = EDGE_LOOP ( 'NONE', ( #1686, #1255, #7059, #7566, #9325, #3701, #9611, #6969, #5432, #10200, #2467, #9338, #4430, #2183, #10427, #5665, #6106, #8094 ) ) ;
#3584 = DIRECTION ( 'NONE',  ( 0.0000000000000000000, 0.0000000000000000000, 1.000000000000000000 ) ) ;
#3585 = VECTOR ( 'NONE', #7220, 1000.000000000000000 ) ;
#3586 = CARTESIAN_POINT ( 'NONE',  ( 4.937028862835632900, 0.4790943895518071600, 0.0000000000000000000 ) ) ;
#3587 = CLOSED_SHELL ( 'NONE', ( #8169, #1010, #9249, #1359, #7834, #9751, #1564, #2687, #2110, #603, #6803, #3470, #9849, #10328, #5110, #4208, #3423, #1503, #1083, #3846, #7781, #3959 ) ) ;
#3588 = ORIENTED_EDGE ( 'NONE', *, *, #8283, .F. ) ;
#3589 = CARTESIAN_POINT ( 'NONE',  ( 6.104675921659724800, 0.9596826248450711600, 0.1000000000000000100 ) ) ;
#3590 = CARTESIAN_POINT ( 'NONE',  ( 6.104675921659724800, -0.2903173751547013500, 0.1000000000000000500 ) ) ;
#3591 = ORIENTED_EDGE ( 'NONE', *, *, #567, .F. ) ;
#3592 = FACE_OUTER_BOUND ( 'NONE', #6070, .T. ) ;
#3593 = AXIS2_PLACEMENT_3D ( 'NONE', #5266, #7959, #169 ) ;
#3594 = ORIENTED_EDGE ( 'NONE', *, *, #830, .F. ) ;
#3595 = DIRECTION ( 'NONE',  ( 1.000000000000000000, 0.0000000000000000000, 0.0000000000000000000 ) ) ;
#3596 = CIRCLE ( 'NONE', #7307, 0.04999999999999969700 ) ;
#3597 = DIRECTION ( 'NONE',  ( 0.0000000000000000000, 0.0000000000000000000, 1.000000000000000000 ) ) ;
#3598 = VERTEX_POINT ( 'NONE', #6489 ) ;
#3599 = DIRECTION ( 'NONE',  ( 0.0000000000000000000, 1.000000000000000000, 0.0000000000000000000 ) ) ;
#3600 = PLANE ( 'NONE',  #1787 ) ;
#3601 = AXIS2_PLACEMENT_3D ( 'NONE', #7317, #4925, #3308 ) ;
#3602 = EDGE_LOOP ( 'NONE', ( #4054, #8688, #6122, #5491 ) ) ;
#3603 = LINE ( 'NONE', #9767, #3354 ) ;
#3604 = DIRECTION ( 'NONE',  ( -1.000000000000000000, 1.724867092591717200E-016, 0.0000000000000000000 ) ) ;
#3605 = VECTOR ( 'NONE', #897, 1000.000000000000000 ) ;
#3606 = FACE_OUTER_BOUND ( 'NONE', #4590, .T. ) ;
#3607 = VERTEX_POINT ( 'NONE', #2462 ) ;
#3608 = CARTESIAN_POINT ( 'NONE',  ( 6.004675921660368200, 0.9596826248450711600, 0.0000000000000000000 ) ) ;
#3609 = UNCERTAINTY_MEASURE_WITH_UNIT (LENGTH_MEASURE( 1.000000000000000100E-005 ), #6426, 'distance_accuracy_value', 'NONE');
#3610 = DIRECTION ( 'NONE',  ( -0.0000000000000000000, -0.0000000000000000000, -1.000000000000000000 ) ) ;
#3611 = ORIENTED_EDGE ( 'NONE', *, *, #4376, .F. ) ;
#3612 = VECTOR ( 'NONE', #8329, 1000.000000000000000 ) ;
#3613 = EDGE_CURVE ( 'NONE', #7765, #5778, #989, .T. ) ;
#3614 = EDGE_CURVE ( 'NONE', #4394, #2146, #7981, .T. ) ;
#3615 = DIRECTION ( 'NONE',  ( -0.0000000000000000000, -0.0000000000000000000, -1.000000000000000000 ) ) ;
#3616 = FACE_OUTER_BOUND ( 'NONE', #7051, .T. ) ;
#3617 = DIRECTION ( 'NONE',  ( 1.000000000000000000, 0.0000000000000000000, 0.0000000000000000000 ) ) ;
#3618 = DIRECTION ( 'NONE',  ( -0.0000000000000000000, -0.0000000000000000000, -1.000000000000000000 ) ) ;
#3619 = CARTESIAN_POINT ( 'NONE',  ( 4.604675921659691100, 0.4596826248462080900, -0.1000000000000000100 ) ) ;
#3620 = DIRECTION ( 'NONE',  ( 2.668805347655082700E-015, 1.000000000000000000, -0.0000000000000000000 ) ) ;
#3621 = LINE ( 'NONE', #8597, #3375 ) ;
#3622 = CIRCLE ( 'NONE', #2684, 0.05000000000000143200 ) ;
#3623 = DIRECTION ( 'NONE',  ( -0.0000000000000000000, -1.000000000000000000, -0.0000000000000000000 ) ) ;
#3624 = EDGE_CURVE ( 'NONE', #5421, #7470, #3165, .T. ) ;
#3625 = EDGE_CURVE ( 'NONE', #10448, #3062, #3414, .T. ) ;
#3626 = ORIENTED_EDGE ( 'NONE', *, *, #9378, .T. ) ;
#3627 = DIRECTION ( 'NONE',  ( -1.000000000000000000, 0.0000000000000000000, 0.0000000000000000000 ) ) ;
#3628 = VECTOR ( 'NONE', #1283, 1000.000000000000000 ) ;
#3629 = ADVANCED_FACE ( 'NONE', ( #5046 ), #4926, .T. ) ;
#3630 = DIRECTION ( 'NONE',  ( 1.000000000000000000, 0.0000000000000000000, 0.0000000000000000000 ) ) ;
#3631 = ORIENTED_EDGE ( 'NONE', *, *, #5974, .T. ) ;
#3632 = AXIS2_PLACEMENT_3D ( 'NONE', #7273, #8926, #4039 ) ;
#3633 = VECTOR ( 'NONE', #10515, 1000.000000000000000 ) ;
#3634 = DIRECTION ( 'NONE',  ( 0.0000000000000000000, 0.0000000000000000000, 1.000000000000000000 ) ) ;
#3635 = CARTESIAN_POINT ( 'NONE',  ( 5.304675921659710800, 0.4146826248459104000, 0.1000000000000000100 ) ) ;
#3636 = ORIENTED_EDGE ( 'NONE', *, *, #9692, .T. ) ;
#3637 = EDGE_CURVE ( 'NONE', #10197, #6789, #9405, .T. ) ;
#3638 = EDGE_CURVE ( 'NONE', #4007, #7366, #9143, .T. ) ;
#3639 = CARTESIAN_POINT ( 'NONE',  ( 5.154675921659544400, -0.01619039102726995200, 0.1000000000000000100 ) ) ;
#3640 = ORIENTED_EDGE ( 'NONE', *, *, #10120, .T. ) ;
#3641 = CYLINDRICAL_SURFACE ( 'NONE', #951, 0.07499999999993189900 ) ;
#3642 = VECTOR ( 'NONE', #4435, 1000.000000000000000 ) ;
#3643 = ORIENTED_EDGE ( 'NONE', *, *, #3753, .T. ) ;
#3644 = CARTESIAN_POINT ( 'NONE',  ( 5.829675921660816900, 1.459682624846193600, -0.1000000000000000100 ) ) ;
#3645 = DIRECTION ( 'NONE',  ( -0.0000000000000000000, 1.000000000000000000, -0.0000000000000000000 ) ) ;
#3646 = DIRECTION ( 'NONE',  ( -0.0000000000000000000, -0.0000000000000000000, -1.000000000000000000 ) ) ;
#3647 = ORIENTED_EDGE ( 'NONE', *, *, #1995, .T. ) ;
#3648 = DIRECTION ( 'NONE',  ( -1.000000000000000000, 0.0000000000000000000, 0.0000000000000000000 ) ) ;
#3649 = LINE ( 'NONE', #10384, #5791 ) ;
#3650 = AXIS2_PLACEMENT_3D ( 'NONE', #7172, #2284, #3648 ) ;
#3651 = LINE ( 'NONE', #10345, #3405 ) ;
#3652 = PLANE ( 'NONE',  #6222 ) ;
#3653 = CARTESIAN_POINT ( 'NONE',  ( 4.704675921658628500, 1.459682624844767000, 0.1000000000000000100 ) ) ;
#3654 = ORIENTED_EDGE ( 'NONE', *, *, #2776, .T. ) ;
#3655 = CARTESIAN_POINT ( 'NONE',  ( 4.935129844622552200, 1.357019186297195400, 0.7449999999999998800 ) ) ;
#3656 = CARTESIAN_POINT ( 'NONE',  ( 5.754675921660088500, 1.284682624846466700, 0.0000000000000000000 ) ) ;
#3657 = AXIS2_PLACEMENT_3D ( 'NONE', #7067, #4661, #1447 ) ;
#3658 = FACE_OUTER_BOUND ( 'NONE', #1746, .T. ) ;
#3659 = PLANE ( 'NONE',  #3841 ) ;
#3660 = ORIENTED_EDGE ( 'NONE', *, *, #4157, .F. ) ;
#3661 = DIRECTION ( 'NONE',  ( 1.000000000000000000, 0.0000000000000000000, 0.0000000000000000000 ) ) ;
#3662 = VERTEX_POINT ( 'NONE', #7383 ) ;
#3663 = ORIENTED_EDGE ( 'NONE', *, *, #654, .F. ) ;
#3664 = CARTESIAN_POINT ( 'NONE',  ( 5.104675921659546300, 0.09968262484573875400, 0.1000000000000000100 ) ) ;
#3665 = CARTESIAN_POINT ( 'NONE',  ( 5.704854054024949900, 0.1696826248459104600, 0.1000000000000000100 ) ) ;
#3666 = EDGE_CURVE ( 'NONE', #10469, #6206, #8893, .T. ) ;
#3667 = LINE ( 'NONE', #7476, #1521 ) ;
#3668 = PLANE ( 'NONE',  #7783 ) ;
#3669 = LINE ( 'NONE', #2623, #3180 ) ;
#3670 = ORIENTED_EDGE ( 'NONE', *, *, #1239, .T. ) ;
#3671 = ORIENTED_EDGE ( 'NONE', *, *, #9523, .F. ) ;
#3672 = VERTEX_POINT ( 'NONE', #5768 ) ;
#3673 = CARTESIAN_POINT ( 'NONE',  ( 5.304675921659713500, -0.05180946618659623000, 0.1000000000000000100 ) ) ;
#3674 = PLANE ( 'NONE',  #10113 ) ;
#3675 = CARTESIAN_POINT ( 'NONE',  ( 4.879675921659509400, -0.04031737515379180800, -0.1000000000000000100 ) ) ;
#3676 = ADVANCED_FACE ( 'NONE', ( #6945 ), #4957, .F. ) ;
#3677 = VECTOR ( 'NONE', #2141, 1000.000000000000000 ) ;
#3678 = DIRECTION ( 'NONE',  ( -0.0000000000000000000, -0.0000000000000000000, -1.000000000000000000 ) ) ;
#3679 = CARTESIAN_POINT ( 'NONE',  ( 5.829675921660816900, 1.459682624846193400, -0.1000000000000000100 ) ) ;
#3680 = VECTOR ( 'NONE', #3757, 1000.000000000000100 ) ;
#3681 = ORIENTED_EDGE ( 'NONE', *, *, #8648, .F. ) ;
#3682 = ORIENTED_EDGE ( 'NONE', *, *, #3337, .T. ) ;
#3683 = ORIENTED_EDGE ( 'NONE', *, *, #3413, .F. ) ;
#3684 = EDGE_CURVE ( 'NONE', #10584, #9387, #4544, .T. ) ;
#3685 = EDGE_CURVE ( 'NONE', #1814, #6632, #485, .T. ) ;
#3686 = DIRECTION ( 'NONE',  ( -1.000000000000000000, 1.039665590236428300E-015, 0.0000000000000000000 ) ) ;
#3687 = DIRECTION ( 'NONE',  ( 0.7071067811865505700, 0.7071067811865444600, 0.0000000000000000000 ) ) ;
#3688 = DIRECTION ( 'NONE',  ( 1.000000000000000000, 0.0000000000000000000, -0.0000000000000000000 ) ) ;
#3689 = DIRECTION ( 'NONE',  ( -1.000000000000000000, 2.249719507909152500E-015, -0.0000000000000000000 ) ) ;
#3690 = PLANE ( 'NONE',  #8881 ) ;
#3691 = VECTOR ( 'NONE', #2148, 1000.000000000000000 ) ;
#3692 = ORIENTED_EDGE ( 'NONE', *, *, #7538, .F. ) ;
#3693 = VECTOR ( 'NONE', #5235, 1000.000000000000000 ) ;
#3694 = AXIS2_PLACEMENT_3D ( 'NONE', #1802, #5859, #1006 ) ;
#3695 = ADVANCED_FACE ( 'NONE', ( #2403 ), #10553, .T. ) ;
#3696 = ORIENTED_EDGE ( 'NONE', *, *, #8125, .F. ) ;
#3697 = ORIENTED_EDGE ( 'NONE', *, *, #1519, .T. ) ;
#3699 = ORIENTED_EDGE ( 'NONE', *, *, #9508, .T. ) ;
#3698 = CARTESIAN_POINT ( 'NONE',  ( 5.829675921660816900, 1.459682624846193400, 0.0000000000000000000 ) ) ;
#3700 = CARTESIAN_POINT ( 'NONE',  ( 5.754675921660088500, 1.284682624846466700, -0.1000000000000000100 ) ) ;
#3701 = ORIENTED_EDGE ( 'NONE', *, *, #2369, .T. ) ;
#3702 = EDGE_CURVE ( 'NONE', #9054, #4829, #4284, .T. ) ;
#3703 = CARTESIAN_POINT ( 'NONE',  ( 4.704675921658918000, -0.2903173751535640400, 0.1000000000000000100 ) ) ;
#3704 = CARTESIAN_POINT ( 'NONE',  ( 4.879675921659111500, 0.2846826248466515800, 0.0000000000000000000 ) ) ;
#3705 = EDGE_CURVE ( 'NONE', #2466, #497, #2144, .T. ) ;
#3706 = LINE ( 'NONE', #460, #7761 ) ;
#3707 = ORIENTED_EDGE ( 'NONE', *, *, #670, .F. ) ;
#3708 = PRESENTATION_STYLE_ASSIGNMENT (( #2297 ) ) ;
#3709 = ORIENTED_EDGE ( 'NONE', *, *, #5691, .F. ) ;
#3710 = ORIENTED_EDGE ( 'NONE', *, *, #883, .F. ) ;
#3711 = ORIENTED_EDGE ( 'NONE', *, *, #1666, .T. ) ;
#3712 = ORIENTED_EDGE ( 'NONE', *, *, #8682, .T. ) ;
#3713 = CARTESIAN_POINT ( 'NONE',  ( 5.954675921659633900, 1.159682624845749900, 0.1000000000000000100 ) ) ;
#3714 = VERTEX_POINT ( 'NONE', #3409 ) ;
#3715 = FACE_OUTER_BOUND ( 'NONE', #5214, .T. ) ;
#3716 = VERTEX_POINT ( 'NONE', #9927 ) ;
#3717 = FACE_OUTER_BOUND ( 'NONE', #2123, .T. ) ;
#3718 = LINE ( 'NONE', #2145, #9725 ) ;
#3719 = MECHANICAL_DESIGN_GEOMETRIC_PRESENTATION_REPRESENTATION (  '', ( #2096 ), #4250 ) ;
#3720 = ORIENTED_EDGE ( 'NONE', *, *, #4687, .T. ) ;
#3721 = DIRECTION ( 'NONE',  ( 1.000000000000000000, 0.0000000000000000000, -0.0000000000000000000 ) ) ;
#3722 = ORIENTED_EDGE ( 'NONE', *, *, #2523, .F. ) ;
#3723 = CARTESIAN_POINT ( 'NONE',  ( 6.004675921660368200, 0.9596826248450711600, 0.1000000000000000100 ) ) ;
#3724 = EDGE_LOOP ( 'NONE', ( #3249, #2834, #244, #3699 ) ) ;
#3725 = LINE ( 'NONE', #7553, #7785 ) ;
#3726 = DIRECTION ( 'NONE',  ( -0.0000000000000000000, 0.0000000000000000000, -1.000000000000000000 ) ) ;
#3727 = CARTESIAN_POINT ( 'NONE',  ( 5.754675921659735800, 1.484682624845741000, 0.1000000000000000100 ) ) ;
#3728 = LINE ( 'NONE', #4027, #5366 ) ;
#3729 = CARTESIAN_POINT ( 'NONE',  ( 4.704675921658918000, 0.2096826248464359600, 0.1000000000000000100 ) ) ;
#3730 = EDGE_LOOP ( 'NONE', ( #1489, #7439, #1561, #8664 ) ) ;
#3731 = DIRECTION ( 'NONE',  ( -1.000000000000000000, -2.168404344956558900E-015, -0.0000000000000000000 ) ) ;
#3732 = DIRECTION ( 'NONE',  ( -1.000000000000000000, 3.942553354495353700E-016, 0.0000000000000000000 ) ) ;
#3733 = EDGE_CURVE ( 'NONE', #2938, #4260, #4041, .T. ) ;
#3734 = PRESENTATION_LAYER_ASSIGNMENT (  '', '', ( #10501 ) ) ;
#3735 = VERTEX_POINT ( 'NONE', #2603 ) ;
#3736 = EDGE_CURVE ( 'NONE', #6541, #2325, #8372, .T. ) ;
#3737 = VECTOR ( 'NONE', #2113, 1000.000000000000000 ) ;
#3738 = CARTESIAN_POINT ( 'NONE',  ( 5.304675921659710800, 0.2946826248459107900, 0.1000000000000000100 ) ) ;
#3739 = DIRECTION ( 'NONE',  ( -1.000000000000000000, 0.0000000000000000000, 0.0000000000000000000 ) ) ;
#3740 = VECTOR ( 'NONE', #7107, 1000.000000000000000 ) ;
#3741 = ADVANCED_FACE ( 'NONE', ( #8111 ), #1824, .T. ) ;
#3742 = DIRECTION ( 'NONE',  ( 1.000000000000000000, 0.0000000000000000000, 0.0000000000000000000 ) ) ;
#3743 = CIRCLE ( 'NONE', #1470, 0.07500000000000214800 ) ;
#3744 = ORIENTED_EDGE ( 'NONE', *, *, #3847, .T. ) ;
#3745 = VERTEX_POINT ( 'NONE', #2636 ) ;
#3746 = DIRECTION ( 'NONE',  ( -1.000000000000000000, -1.971276677247676800E-016, -0.0000000000000000000 ) ) ;
#3747 = LINE ( 'NONE', #720, #7806 ) ;
#3748 = DIRECTION ( 'NONE',  ( -0.0000000000000000000, -0.0000000000000000000, -1.000000000000000000 ) ) ;
#3749 = FACE_OUTER_BOUND ( 'NONE', #2054, .T. ) ;
#3750 = FILL_AREA_STYLE ('',( #10241 ) ) ;
#3751 = CARTESIAN_POINT ( 'NONE',  ( 4.879675921659111500, -0.2153173751533484500, -0.1000000000000000100 ) ) ;
#3752 = ADVANCED_FACE ( 'NONE', ( #10295 ), #200, .F. ) ;
#3753 = EDGE_CURVE ( 'NONE', #5109, #2695, #10037, .T. ) ;
#3754 = EDGE_CURVE ( 'NONE', #10473, #5815, #6446, .T. ) ;
#3755 = VECTOR ( 'NONE', #7199, 1000.000000000000000 ) ;
#3756 = DIRECTION ( 'NONE',  ( -0.0000000000000000000, -0.0000000000000000000, -1.000000000000000000 ) ) ;
#3757 = DIRECTION ( 'NONE',  ( 0.8879443513902010000, -0.4599508982861488800, -0.0000000000000000000 ) ) ;
#3758 = ORIENTED_EDGE ( 'NONE', *, *, #7427, .F. ) ;
#3759 = VECTOR ( 'NONE', #10078, 1000.000000000000000 ) ;
#3760 = ORIENTED_EDGE ( 'NONE', *, *, #8192, .F. ) ;
#3761 = VERTEX_POINT ( 'NONE', #1858 ) ;
#3762 = PLANE ( 'NONE',  #4484 ) ;
#3763 = CARTESIAN_POINT ( 'NONE',  ( 4.954675921659327500, -0.1153173751538373000, 0.0000000000000000000 ) ) ;
#3764 = CYLINDRICAL_SURFACE ( 'NONE', #4631, 0.07499999999993189900 ) ;
#3765 = CARTESIAN_POINT ( 'NONE',  ( 5.042175921659434400, 0.6496826248457302500, 0.0000000000000000000 ) ) ;
#3766 = EDGE_CURVE ( 'NONE', #10092, #2574, #3535, .T. ) ;
#3767 = ORIENTED_EDGE ( 'NONE', *, *, #1032, .F. ) ;
#3768 = EDGE_CURVE ( 'NONE', #7503, #1999, #7851, .T. ) ;
#3769 = CIRCLE ( 'NONE', #8035, 0.07499999999993189900 ) ;
#3770 = ORIENTED_EDGE ( 'NONE', *, *, #5287, .T. ) ;
#3771 = CARTESIAN_POINT ( 'NONE',  ( 6.004675921659058200, 1.459682624846193600, 0.0000000000000000000 ) ) ;
#3772 = DIRECTION ( 'NONE',  ( -0.0000000000000000000, -0.0000000000000000000, -1.000000000000000000 ) ) ;
#3773 = DIRECTION ( 'NONE',  ( -0.0000000000000000000, -0.0000000000000000000, -1.000000000000000000 ) ) ;
#3774 = CIRCLE ( 'NONE', #4498, 0.04999999999999969700 ) ;
#3775 = MECHANICAL_DESIGN_GEOMETRIC_PRESENTATION_REPRESENTATION (  '', ( #2698 ), #4303 ) ;
#3776 = VERTEX_POINT ( 'NONE', #7554 ) ;
#3777 = DIRECTION ( 'NONE',  ( 0.0000000000000000000, 0.0000000000000000000, 1.000000000000000000 ) ) ;
#3778 = LINE ( 'NONE', #8994, #1635 ) ;
#3779 = CIRCLE ( 'NONE', #1981, 0.07500000000021639400 ) ;
#3780 = CARTESIAN_POINT ( 'NONE',  ( 5.829675921660304500, 1.384682624845977400, 0.0000000000000000000 ) ) ;
#3781 = ORIENTED_EDGE ( 'NONE', *, *, #3008, .F. ) ;
#3782 = AXIS2_PLACEMENT_3D ( 'NONE', #112, #5788, #942 ) ;
#3783 = EDGE_CURVE ( 'NONE', #8124, #93, #9794, .T. ) ;
#3784 = CARTESIAN_POINT ( 'NONE',  ( 6.004675921659183400, 0.2096826248452988200, 0.0000000000000000000 ) ) ;
#3785 = ORIENTED_EDGE ( 'NONE', *, *, #8607, .F. ) ;
#3786 = CARTESIAN_POINT ( 'NONE',  ( 5.754675921660088500, 0.3846826248450256900, -0.1000000000000000100 ) ) ;
#3787 = VECTOR ( 'NONE', #8352, 1000.000000000000000 ) ;
#3788 = ORIENTED_EDGE ( 'NONE', *, *, #8665, .F. ) ;
#3789 = ADVANCED_FACE ( 'NONE', ( #5419 ), #9537, .T. ) ;
#3790 = DIRECTION ( 'NONE',  ( -0.8823529411758149800, 0.4705882352953469900, -0.0000000000000000000 ) ) ;
#3791 = CARTESIAN_POINT ( 'NONE',  ( 6.004675921660368200, 0.9596826248450711600, 0.1000000000000000100 ) ) ;
#3792 = CARTESIAN_POINT ( 'NONE',  ( 6.004675921660304300, 1.209682624846421200, 0.1000000000000000100 ) ) ;
#3793 = CARTESIAN_POINT ( 'NONE',  ( 6.004675921659183400, 0.2096826248452988400, 0.1000000000000000100 ) ) ;
#3794 = VECTOR ( 'NONE', #2789, 1000.000000000000000 ) ;
#3795 = CARTESIAN_POINT ( 'NONE',  ( 5.354675921659710600, 0.7846826248458012000, 0.0000000000000000000 ) ) ;
#3796 = ORIENTED_EDGE ( 'NONE', *, *, #5584, .F. ) ;
#3797 = DIRECTION ( 'NONE',  ( 1.000000000000000000, 0.0000000000000000000, 0.0000000000000000000 ) ) ;
#3798 = DIRECTION ( 'NONE',  ( 0.7071067811865490200, -0.7071067811865460200, 0.0000000000000000000 ) ) ;
#3799 = ORIENTED_EDGE ( 'NONE', *, *, #7493, .T. ) ;
#3800 = EDGE_LOOP ( 'NONE', ( #2085, #9855, #6951, #8776 ) ) ;
#3801 = ADVANCED_FACE ( 'NONE', ( #3287 ), #7589, .F. ) ;
#3802 = CARTESIAN_POINT ( 'NONE',  ( 5.704854054024949900, 0.1696826248459104600, 0.0000000000000000000 ) ) ;
#3803 = CARTESIAN_POINT ( 'NONE',  ( 4.917175921659649300, 0.6596826248457984300, 0.1000000000000000100 ) ) ;
#3804 = FACE_OUTER_BOUND ( 'NONE', #6513, .T. ) ;
#3805 = CARTESIAN_POINT ( 'NONE',  ( 5.771983613967414300, 1.159682624845749900, 0.1000000000000000100 ) ) ;
#3806 = DIRECTION ( 'NONE',  ( -1.000000000000000000, 3.330370134191279000E-016, -0.0000000000000000000 ) ) ;
#3807 = VECTOR ( 'NONE', #3897, 1000.000000000000000 ) ;
#3808 = ORIENTED_EDGE ( 'NONE', *, *, #7509, .T. ) ;
#3809 = ORIENTED_EDGE ( 'NONE', *, *, #8108, .F. ) ;
#3810 = DIRECTION ( 'NONE',  ( 1.000000000000000000, 0.0000000000000000000, 0.0000000000000000000 ) ) ;
#3811 = DIRECTION ( 'NONE',  ( 1.000000000000000000, 0.0000000000000000000, 0.0000000000000000000 ) ) ;
#3812 = EDGE_CURVE ( 'NONE', #5533, #5468, #1124, .T. ) ;
#3813 = AXIS2_PLACEMENT_3D ( 'NONE', #4460, #2850, #5265 ) ;
#3814 = EDGE_CURVE ( 'NONE', #7314, #1485, #7593, .T. ) ;
#3815 = DIRECTION ( 'NONE',  ( 1.000000000000000000, 0.0000000000000000000, 0.0000000000000000000 ) ) ;
#3816 = AXIS2_PLACEMENT_3D ( 'NONE', #4426, #10140, #5242 ) ;
#3817 = CARTESIAN_POINT ( 'NONE',  ( 5.771983613967414300, 1.159682624845749900, 0.1000000000000000100 ) ) ;
#3818 = VECTOR ( 'NONE', #4287, 1000.000000000000000 ) ;
#3819 = CARTESIAN_POINT ( 'NONE',  ( 4.917175921659649300, 0.6596826248457984300, 0.0000000000000000000 ) ) ;
#3820 = LINE ( 'NONE', #6517, #10071 ) ;
#3821 = ORIENTED_EDGE ( 'NONE', *, *, #8469, .F. ) ;
#3822 = ORIENTED_EDGE ( 'NONE', *, *, #10263, .F. ) ;
#3823 = ORIENTED_EDGE ( 'NONE', *, *, #7903, .F. ) ;
#3824 = PLANE ( 'NONE',  #2823 ) ;
#3825 = ORIENTED_EDGE ( 'NONE', *, *, #7705, .T. ) ;
#3826 = CARTESIAN_POINT ( 'NONE',  ( 6.104675921659724800, 0.4596826248450711100, -0.1000000000000000100 ) ) ;
#3827 = DIRECTION ( 'NONE',  ( -1.000000000000000000, -2.602085213967194600E-015, -0.0000000000000000000 ) ) ;
#3828 = DIRECTION ( 'NONE',  ( 1.000000000000000000, -4.644217066735656000E-016, 0.0000000000000000000 ) ) ;
#3829 = CARTESIAN_POINT ( 'NONE',  ( 5.104675921659470800, 0.6496826248457312500, 0.0000000000000000000 ) ) ;
#3830 = EDGE_CURVE ( 'NONE', #7490, #5904, #7342, .T. ) ;
#3831 = LINE ( 'NONE', #1836, #3327 ) ;
#3832 = EDGE_CURVE ( 'NONE', #2671, #8675, #859, .T. ) ;
#3833 = ORIENTED_EDGE ( 'NONE', *, *, #3849, .T. ) ;
#3834 = VERTEX_POINT ( 'NONE', #1956 ) ;
#3835 = CARTESIAN_POINT ( 'NONE',  ( 4.604675921659691100, 1.209682624845298500, -0.1000000000000000100 ) ) ;
#3836 = VERTEX_POINT ( 'NONE', #6763 ) ;
#3837 = EDGE_LOOP ( 'NONE', ( #9588, #2354, #3870, #7514 ) ) ;
#3838 = CARTESIAN_POINT ( 'NONE',  ( 4.704675921659936800, 0.9596826248462082500, 0.1000000000000000100 ) ) ;
#3839 = CARTESIAN_POINT ( 'NONE',  ( 5.659509715401691600, 0.6146826248458012700, 0.1000000000000000100 ) ) ;
#3840 = LINE ( 'NONE', #2847, #10343 ) ;
#3841 = AXIS2_PLACEMENT_3D ( 'NONE', #9372, #10182, #5278 ) ;
#3842 = ORIENTED_EDGE ( 'NONE', *, *, #5104, .F. ) ;
#3843 = FACE_OUTER_BOUND ( 'NONE', #1425, .T. ) ;
#3844 = DIRECTION ( 'NONE',  ( 0.0000000000000000000, -0.0000000000000000000, -1.000000000000000000 ) ) ;
#3845 = EDGE_LOOP ( 'NONE', ( #1825, #2980, #8593, #4620 ) ) ;
#3846 = ADVANCED_FACE ( 'NONE', ( #4919 ), #8456, .F. ) ;
#3847 = EDGE_CURVE ( 'NONE', #4850, #8626, #607, .T. ) ;
#3848 = DIRECTION ( 'NONE',  ( -1.577021341803359400E-015, 1.000000000000000000, 0.0000000000000000000 ) ) ;
#3849 = EDGE_CURVE ( 'NONE', #3004, #1676, #2786, .T. ) ;
#3850 = DIRECTION ( 'NONE',  ( 0.0000000000000000000, -1.000000000000000000, 0.0000000000000000000 ) ) ;
#3851 = ORIENTED_EDGE ( 'NONE', *, *, #109, .F. ) ;
#3852 = FACE_OUTER_BOUND ( 'NONE', #7138, .T. ) ;
#3853 = DIRECTION ( 'NONE',  ( -0.0000000000000000000, 0.0000000000000000000, -1.000000000000000000 ) ) ;
#3854 = EDGE_LOOP ( 'NONE', ( #7122, #2092, #1463, #2948 ) ) ;
#3855 = CIRCLE ( 'NONE', #5656, 0.04999999999999969700 ) ;
#3856 = SURFACE_STYLE_FILL_AREA ( #2258 ) ;
#3857 = CARTESIAN_POINT ( 'NONE',  ( 5.219675921659555400, 1.034682624846080100, 0.1000000000000000100 ) ) ;
#3858 = VERTEX_POINT ( 'NONE', #4417 ) ;
#3859 = CARTESIAN_POINT ( 'NONE',  ( 4.754675921659555500, 1.009682624845826200, 0.1000000000000000100 ) ) ;
#3860 = ADVANCED_FACE ( 'NONE', ( #4666 ), #9316, .T. ) ;
#3861 = ORIENTED_EDGE ( 'NONE', *, *, #10326, .F. ) ;
#3862 = LINE ( 'NONE', #2430, #7665 ) ;
#3863 = CARTESIAN_POINT ( 'NONE',  ( 5.829675921659906600, 0.4596826248450711600, 0.0000000000000000000 ) ) ;
#3864 = AXIS2_PLACEMENT_3D ( 'NONE', #627, #9757, #8816 ) ;
#3865 = PLANE ( 'NONE',  #8449 ) ;
#3866 = CYLINDRICAL_SURFACE ( 'NONE', #10458, 0.04999999999999969700 ) ;
#3867 = CIRCLE ( 'NONE', #9101, 0.05000000000000056500 ) ;
#3868 = ORIENTED_EDGE ( 'NONE', *, *, #10521, .T. ) ;
#3869 = CARTESIAN_POINT ( 'NONE',  ( 4.879675921659459600, 0.5096826248458689000, 0.1000000000000000100 ) ) ;
#3870 = ORIENTED_EDGE ( 'NONE', *, *, #9712, .F. ) ;
#3871 = CARTESIAN_POINT ( 'NONE',  ( 5.304675921659710800, 0.4146826248459104000, 0.0000000000000000000 ) ) ;
#3872 = LINE ( 'NONE', #7567, #1206 ) ;
#3873 = CARTESIAN_POINT ( 'NONE',  ( 5.850392180554097300, 0.5096826248458024000, 0.0000000000000000000 ) ) ;
#3874 = VECTOR ( 'NONE', #4381, 1000.000000000000000 ) ;
#3875 = CARTESIAN_POINT ( 'NONE',  ( 4.604675921659691100, 0.4596826248462081400, 0.0000000000000000000 ) ) ;
#3876 = EDGE_CURVE ( 'NONE', #8927, #1865, #9014, .T. ) ;
#3877 = CARTESIAN_POINT ( 'NONE',  ( 5.829675921659729800, 0.009682624845806009400, 0.0000000000000000000 ) ) ;
#3878 = CARTESIAN_POINT ( 'NONE',  ( 5.829675921659729800, 1.009682624845805500, 0.1000000000000000100 ) ) ;
#3879 = CYLINDRICAL_SURFACE ( 'NONE', #8221, 0.04999999999999969700 ) ;
#3880 =( NAMED_UNIT ( * ) SI_UNIT ( $, .STERADIAN. ) SOLID_ANGLE_UNIT ( ) );
#3881 = CARTESIAN_POINT ( 'NONE',  ( 5.054675921659471900, 0.4496826248457602700, 0.1000000000000000100 ) ) ;
#3882 = VERTEX_POINT ( 'NONE', #2017 ) ;
#3883 = FACE_OUTER_BOUND ( 'NONE', #10137, .T. ) ;
#3884 = AXIS2_PLACEMENT_3D ( 'NONE', #7368, #2511, #8195 ) ;
#3885 = FACE_OUTER_BOUND ( 'NONE', #3724, .T. ) ;
#3886 =( NAMED_UNIT ( * ) PLANE_ANGLE_UNIT ( ) SI_UNIT ( $, .RADIAN. ) );
#3887 = CARTESIAN_POINT ( 'NONE',  ( 5.754675921660088500, 0.3846826248450256900, 0.0000000000000000000 ) ) ;
#3888 = ORIENTED_EDGE ( 'NONE', *, *, #1624, .T. ) ;
#3889 = VECTOR ( 'NONE', #5530, 1000.000000000000000 ) ;
#3890 = CARTESIAN_POINT ( 'NONE',  ( 4.754675921659554700, 0.5096826248458685700, 0.1000000000000000100 ) ) ;
#3891 = EDGE_CURVE ( 'NONE', #9159, #4449, #349, .T. ) ;
#3892 = DIRECTION ( 'NONE',  ( 0.0000000000000000000, 0.0000000000000000000, 1.000000000000000000 ) ) ;
#3893 = EDGE_CURVE ( 'NONE', #5850, #7650, #2517, .T. ) ;
#3894 = PLANE ( 'NONE',  #10095 ) ;
#3895 = ORIENTED_EDGE ( 'NONE', *, *, #6348, .T. ) ;
#3896 = ADVANCED_FACE ( 'NONE', ( #8755 ), #6307, .F. ) ;
#3897 = DIRECTION ( 'NONE',  ( 0.0000000000000000000, 0.0000000000000000000, 1.000000000000000000 ) ) ;
#3898 = LINE ( 'NONE', #4822, #1992 ) ;
#3899 = ORIENTED_EDGE ( 'NONE', *, *, #10450, .T. ) ;
#3900 = AXIS2_PLACEMENT_3D ( 'NONE', #1454, #8772, #3892 ) ;
#3901 = CIRCLE ( 'NONE', #8233, 0.07499999999999953900 ) ;
#3902 = FACE_OUTER_BOUND ( 'NONE', #9582, .T. ) ;
#3903 = DIRECTION ( 'NONE',  ( 1.000000000000000000, 0.0000000000000000000, -0.0000000000000000000 ) ) ;
#3904 = ORIENTED_EDGE ( 'NONE', *, *, #9148, .T. ) ;
#3905 = CARTESIAN_POINT ( 'NONE',  ( 4.754675921659554700, 0.1596826248457989800, 0.1000000000000000100 ) ) ;
#3906 = DIRECTION ( 'NONE',  ( 0.0000000000000000000, 0.0000000000000000000, 1.000000000000000000 ) ) ;
#3907 = EDGE_CURVE ( 'NONE', #7457, #211, #80, .T. ) ;
#3908 = EDGE_CURVE ( 'NONE', #1545, #9197, #8494, .T. ) ;
#3909 = ADVANCED_FACE ( 'NONE', ( #8229 ), #3912, .F. ) ;
#3910 = ORIENTED_EDGE ( 'NONE', *, *, #2315, .F. ) ;
#3911 = LINE ( 'NONE', #592, #6044 ) ;
#3912 = CYLINDRICAL_SURFACE ( 'NONE', #4349, 0.07499999999993189900 ) ;
#3913 = VERTEX_POINT ( 'NONE', #1278 ) ;
#3914 = DIRECTION ( 'NONE',  ( 0.0000000000000000000, 0.0000000000000000000, 1.000000000000000000 ) ) ;
#3915 = VECTOR ( 'NONE', #6196, 1000.000000000000000 ) ;
#3916 = EDGE_LOOP ( 'NONE', ( #5956, #9441, #10044, #5020 ) ) ;
#3917 = EDGE_CURVE ( 'NONE', #6345, #5025, #6565, .T. ) ;
#3918 = CARTESIAN_POINT ( 'NONE',  ( 5.829675921659729800, 0.009682624845806009400, 0.0000000000000000000 ) ) ;
#3919 = DIRECTION ( 'NONE',  ( 0.0000000000000000000, 0.0000000000000000000, 1.000000000000000000 ) ) ;
#3920 = ORIENTED_EDGE ( 'NONE', *, *, #7705, .F. ) ;
#3921 = VERTEX_POINT ( 'NONE', #3539 ) ;
#3922 = CARTESIAN_POINT ( 'NONE',  ( 5.829675921659906600, 0.4596826248450711600, 0.0000000000000000000 ) ) ;
#3923 = ORIENTED_EDGE ( 'NONE', *, *, #549, .F. ) ;
#3924 = DIRECTION ( 'NONE',  ( 0.0000000000000000000, 0.0000000000000000000, 1.000000000000000000 ) ) ;
#3925 = VECTOR ( 'NONE', #121, 1000.000000000000000 ) ;
#3926 = CYLINDRICAL_SURFACE ( 'NONE', #2151, 0.2499999999999985000 ) ;
#3927 = ORIENTED_EDGE ( 'NONE', *, *, #6592, .T. ) ;
#3928 = ORIENTED_EDGE ( 'NONE', *, *, #1533, .F. ) ;
#3929 = ORIENTED_EDGE ( 'NONE', *, *, #10467, .F. ) ;
#3930 = EDGE_CURVE ( 'NONE', #5589, #4759, #10416, .T. ) ;
#3931 = AXIS2_PLACEMENT_3D ( 'NONE', #2208, #3022, #8715 ) ;
#3932 = CARTESIAN_POINT ( 'NONE',  ( 5.954675921659633900, 1.159682624845749900, 0.0000000000000000000 ) ) ;
#3933 = EDGE_CURVE ( 'NONE', #9680, #5553, #10154, .T. ) ;
#3934 = DIRECTION ( 'NONE',  ( -6.264279218807324600E-015, 1.000000000000000000, 0.0000000000000000000 ) ) ;
#3935 = PLANE ( 'NONE',  #8299 ) ;
#3936 = VECTOR ( 'NONE', #1284, 1000.000000000000100 ) ;
#3937 = LINE ( 'NONE', #3675, #8003 ) ;
#3938 = ORIENTED_EDGE ( 'NONE', *, *, #9778, .F. ) ;
#3940 = VERTEX_POINT ( 'NONE', #6218 ) ;
#3939 = DIRECTION ( 'NONE',  ( -0.7071067811865495700, 0.7071067811865455700, 0.0000000000000000000 ) ) ;
#3941 = VERTEX_POINT ( 'NONE', #2193 ) ;
#3942 = ADVANCED_FACE ( 'NONE', ( #7975 ), #7710, .T. ) ;
#3943 = CARTESIAN_POINT ( 'NONE',  ( 5.829675921659906600, 1.209682624846421200, -0.1000000000000000100 ) ) ;
#3944 = PLANE ( 'NONE',  #3262 ) ;
#3945 = CYLINDRICAL_SURFACE ( 'NONE', #3650, 0.05000000000000056500 ) ;
#3946 = LINE ( 'NONE', #247, #1797 ) ;
#3947 = ORIENTED_EDGE ( 'NONE', *, *, #4206, .T. ) ;
#3948 = CARTESIAN_POINT ( 'NONE',  ( 5.451928518470427100, 1.136155728467002700, 0.0000000000000000000 ) ) ;
#3949 = VECTOR ( 'NONE', #10355, 1000.000000000000000 ) ;
#3950 = ORIENTED_EDGE ( 'NONE', *, *, #10106, .T. ) ;
#3951 = EDGE_LOOP ( 'NONE', ( #9690, #6064, #2055, #3770 ) ) ;
#3952 = ORIENTED_EDGE ( 'NONE', *, *, #3766, .F. ) ;
#3953 = ORIENTED_EDGE ( 'NONE', *, *, #9585, .T. ) ;
#3954 = EDGE_CURVE ( 'NONE', #9430, #4675, #6046, .T. ) ;
#3955 =( GEOMETRIC_REPRESENTATION_CONTEXT ( 3 ) GLOBAL_UNCERTAINTY_ASSIGNED_CONTEXT ( ( #10451 ) ) GLOBAL_UNIT_ASSIGNED_CONTEXT ( ( #6884, #2038, #7706 ) ) REPRESENTATION_CONTEXT ( 'NONE', 'WORKASPACE' ) );
#3956 = EDGE_CURVE ( 'NONE', #6331, #3342, #3651, .T. ) ;
#3957 = CARTESIAN_POINT ( 'NONE',  ( 4.879675921659395700, 0.8846826248462763600, -0.1000000000000000100 ) ) ;
#3958 = DIRECTION ( 'NONE',  ( -0.0000000000000000000, -0.0000000000000000000, -1.000000000000000000 ) ) ;
#3959 = ADVANCED_FACE ( 'NONE', ( #9904 ), #7069, .F. ) ;
#3960 = FACE_OUTER_BOUND ( 'NONE', #5840, .T. ) ;
#3961 = CARTESIAN_POINT ( 'NONE',  ( 5.354675921659710600, 0.6646826248458013200, 0.1000000000000000100 ) ) ;
#3962 = EDGE_LOOP ( 'NONE', ( #2836, #285, #10483, #7299 ) ) ;
#3963 = LINE ( 'NONE', #2700, #1813 ) ;
#3964 = ORIENTED_EDGE ( 'NONE', *, *, #4167, .F. ) ;
#3965 = ORIENTED_EDGE ( 'NONE', *, *, #2748, .F. ) ;
#3966 = ORIENTED_EDGE ( 'NONE', *, *, #5004, .T. ) ;
#3967 = ORIENTED_EDGE ( 'NONE', *, *, #3156, .T. ) ;
#3968 = DIRECTION ( 'NONE',  ( -0.0000000000000000000, -0.0000000000000000000, -1.000000000000000000 ) ) ;
#3969 = ORIENTED_EDGE ( 'NONE', *, *, #8855, .T. ) ;
#3970 = ORIENTED_EDGE ( 'NONE', *, *, #6315, .T. ) ;
#3971 = LINE ( 'NONE', #1608, #8037 ) ;
#3972 = EDGE_CURVE ( 'NONE', #3103, #8491, #5545, .T. ) ;
#3973 = SURFACE_STYLE_USAGE ( .BOTH. , #8856 ) ;
#3974 = EDGE_LOOP ( 'NONE', ( #6515, #801, #10403, #2848 ) ) ;
#3975 = CIRCLE ( 'NONE', #9246, 0.07499999999993189900 ) ;
#3976 = CIRCLE ( 'NONE', #3298, 0.04999999999999969700 ) ;
#3977 = VERTEX_POINT ( 'NONE', #1411 ) ;
#3978 = VERTEX_POINT ( 'NONE', #10381 ) ;
#3979 = LINE ( 'NONE', #5876, #4221 ) ;
#3980 = LINE ( 'NONE', #10489, #7789 ) ;
#3981 = EDGE_CURVE ( 'NONE', #9290, #5775, #981, .T. ) ;
#3982 = CARTESIAN_POINT ( 'NONE',  ( 4.879675921659111500, 0.2846826248466515800, -0.1000000000000000100 ) ) ;
#3983 = CARTESIAN_POINT ( 'NONE',  ( 5.354675921659710600, 0.6146826248458012700, 0.0000000000000000000 ) ) ;
#3984 = DIRECTION ( 'NONE',  ( 0.7071067811865398000, -0.7071067811865552300, 0.0000000000000000000 ) ) ;
#3985 = LINE ( 'NONE', #6958, #10238 ) ;
#3986 = EDGE_CURVE ( 'NONE', #4844, #5457, #9657, .T. ) ;
#3987 = ORIENTED_EDGE ( 'NONE', *, *, #9572, .T. ) ;
#3988 = PLANE ( 'NONE',  #5088 ) ;
#3989 = ORIENTED_EDGE ( 'NONE', *, *, #2901, .T. ) ;
#3990 = LINE ( 'NONE', #8621, #3737 ) ;
#3991 = DIRECTION ( 'NONE',  ( -0.0000000000000000000, -0.0000000000000000000, -1.000000000000000000 ) ) ;
#3992 = LINE ( 'NONE', #7071, #1596 ) ;
#3993 = DIRECTION ( 'NONE',  ( 0.0000000000000000000, 0.0000000000000000000, 1.000000000000000000 ) ) ;
#3994 = LINE ( 'NONE', #3162, #10248 ) ;
#3995 = VERTEX_POINT ( 'NONE', #7939 ) ;
#3996 = CARTESIAN_POINT ( 'NONE',  ( 4.704675921660040700, 1.209682624845298500, 0.0000000000000000000 ) ) ;
#3997 = DIRECTION ( 'NONE',  ( -0.0000000000000000000, -0.0000000000000000000, -1.000000000000000000 ) ) ;
#3998 = AXIS2_PLACEMENT_3D ( 'NONE', #2716, #7244, #4144 ) ;
#3999 = VERTEX_POINT ( 'NONE', #1452 ) ;
#4000 = FACE_OUTER_BOUND ( 'NONE', #2277, .T. ) ;
#4001 = DIRECTION ( 'NONE',  ( 0.0000000000000000000, 0.0000000000000000000, 1.000000000000000000 ) ) ;
#4002 = ADVANCED_FACE ( 'NONE', ( #5284 ), #5477, .F. ) ;
#4003 = CARTESIAN_POINT ( 'NONE',  ( 4.704675921658918000, 0.2096826248464359600, 0.1000000000000000100 ) ) ;
#4004 = CYLINDRICAL_SURFACE ( 'NONE', #9783, 0.04999999999999969700 ) ;
#4005 = AXIS2_PLACEMENT_3D ( 'NONE', #1081, #6735, #1903 ) ;
#4006 = DIRECTION ( 'NONE',  ( 0.0000000000000000000, 0.0000000000000000000, 1.000000000000000000 ) ) ;
#4007 = VERTEX_POINT ( 'NONE', #3082 ) ;
#4008 = CARTESIAN_POINT ( 'NONE',  ( 6.104675921659724800, 0.9596826248450711600, -0.1000000000000000100 ) ) ;
#4009 = CARTESIAN_POINT ( 'NONE',  ( 6.104675921659724800, -0.04031737515492882200, -0.1000000000000000100 ) ) ;
#4010 = SURFACE_STYLE_FILL_AREA ( #3163 ) ;
#4011 = CARTESIAN_POINT ( 'NONE',  ( 5.829675921659906600, 1.209682624846421200, -0.1000000000000000100 ) ) ;
#4012 = DIRECTION ( 'NONE',  ( 0.0000000000000000000, 0.0000000000000000000, 1.000000000000000000 ) ) ;
#4013 = ORIENTED_EDGE ( 'NONE', *, *, #61, .T. ) ;
#4014 = VECTOR ( 'NONE', #1929, 1000.000000000000000 ) ;
#4015 = ADVANCED_FACE ( 'NONE', ( #7209 ), #6325, .F. ) ;
#4016 = CARTESIAN_POINT ( 'NONE',  ( 6.004675921660364700, 0.4596826248450711100, 0.0000000000000000000 ) ) ;
#4017 = DIRECTION ( 'NONE',  ( 1.000000000000000000, 0.0000000000000000000, 0.0000000000000000000 ) ) ;
#4018 = ORIENTED_EDGE ( 'NONE', *, *, #7638, .F. ) ;
#4019 = EDGE_CURVE ( 'NONE', #6091, #9665, #7459, .T. ) ;
#4020 = VERTEX_POINT ( 'NONE', #8806 ) ;
#4021 = LINE ( 'NONE', #9144, #5654 ) ;
#4022 = AXIS2_PLACEMENT_3D ( 'NONE', #717, #8038, #3183 ) ;
#4023 = ORIENTED_EDGE ( 'NONE', *, *, #9374, .T. ) ;
#4024 = DIRECTION ( 'NONE',  ( 0.0000000000000000000, 0.0000000000000000000, 1.000000000000000000 ) ) ;
#4025 = CIRCLE ( 'NONE', #6395, 0.04999999999999969700 ) ;
#4026 = EDGE_LOOP ( 'NONE', ( #1920, #4162, #8815, #4093 ) ) ;
#4027 = CARTESIAN_POINT ( 'NONE',  ( 5.018646509894665500, 0.6055649777869399600, 0.1000000000000000100 ) ) ;
#4028 = CARTESIAN_POINT ( 'NONE',  ( 6.004675921659058200, 1.459682624846193600, 0.1000000000000000100 ) ) ;
#4029 = CIRCLE ( 'NONE', #5031, 0.07500000000021551900 ) ;
#4030 = CARTESIAN_POINT ( 'NONE',  ( 4.729675921659755000, -0.3153173751544010000, 0.1000000000000000100 ) ) ;
#4031 = ORIENTED_EDGE ( 'NONE', *, *, #8808, .F. ) ;
#4032 = EDGE_CURVE ( 'NONE', #10316, #7127, #728, .T. ) ;
#4033 = LINE ( 'NONE', #6, #1889 ) ;
#4034 = DIRECTION ( 'NONE',  ( 1.724867092591717200E-016, 1.000000000000000000, -0.0000000000000000000 ) ) ;
#4035 = EDGE_CURVE ( 'NONE', #5681, #10571, #9133, .T. ) ;
#4036 = CIRCLE ( 'NONE', #340, 0.07500000000021551900 ) ;
#4037 = ORIENTED_EDGE ( 'NONE', *, *, #6496, .F. ) ;
#4038 = UNCERTAINTY_MEASURE_WITH_UNIT (LENGTH_MEASURE( 1.000000000000000100E-005 ), #10275, 'distance_accuracy_value', 'NONE');
#4039 = DIRECTION ( 'NONE',  ( 0.0000000000000000000, 0.0000000000000000000, 1.000000000000000000 ) ) ;
#4040 = VERTEX_POINT ( 'NONE', #6362 ) ;
#4041 = LINE ( 'NONE', #5026, #1897 ) ;
#4042 = DIRECTION ( 'NONE',  ( -0.0000000000000000000, -1.000000000000000000, -0.0000000000000000000 ) ) ;
#4043 = VERTEX_POINT ( 'NONE', #7185 ) ;
#4044 = CARTESIAN_POINT ( 'NONE',  ( 5.558906690890459900, 1.034682624845926400, 0.1000000000000000100 ) ) ;
#4045 = EDGE_CURVE ( 'NONE', #2805, #7501, #8884, .T. ) ;
#4046 = EDGE_CURVE ( 'NONE', #4319, #10179, #4785, .T. ) ;
#4047 = CARTESIAN_POINT ( 'NONE',  ( 6.004675921659153200, 0.7096826248452987600, 0.0000000000000000000 ) ) ;
#4048 = VECTOR ( 'NONE', #6772, 1000.000000000000100 ) ;
#4049 = DIRECTION ( 'NONE',  ( 0.0000000000000000000, 0.0000000000000000000, 1.000000000000000000 ) ) ;
#4050 = DIRECTION ( 'NONE',  ( -0.0000000000000000000, -0.0000000000000000000, -1.000000000000000000 ) ) ;
#4051 = VERTEX_POINT ( 'NONE', #10493 ) ;
#4052 = ORIENTED_EDGE ( 'NONE', *, *, #6061, .T. ) ;
#4053 = DIRECTION ( 'NONE',  ( 0.0000000000000000000, -1.000000000000000000, 0.0000000000000000000 ) ) ;
#4054 = ORIENTED_EDGE ( 'NONE', *, *, #1392, .F. ) ;
#4055 = CARTESIAN_POINT ( 'NONE',  ( 4.704675921659895000, 0.4596826248462082000, 0.1000000000000000100 ) ) ;
#4056 = CIRCLE ( 'NONE', #8852, 0.04999999999999796300 ) ;
#4057 = DIRECTION ( 'NONE',  ( -1.000000000000000000, 0.0000000000000000000, 0.0000000000000000000 ) ) ;
#4059 = ORIENTED_EDGE ( 'NONE', *, *, #1477, .F. ) ;
#4058 = DIRECTION ( 'NONE',  ( -0.0000000000000000000, -0.0000000000000000000, -1.000000000000000000 ) ) ;
#4060 = ADVANCED_FACE ( 'NONE', ( #4535 ), #8006, .T. ) ;
#4061 = CIRCLE ( 'NONE', #6145, 0.07499999999999953900 ) ;
#4062 = CARTESIAN_POINT ( 'NONE',  ( 4.954675921659327500, -0.1153173751538373000, -0.1000000000000000100 ) ) ;
#4063 = VERTEX_POINT ( 'NONE', #5576 ) ;
#4064 = ORIENTED_EDGE ( 'NONE', *, *, #6554, .F. ) ;
#4065 = CARTESIAN_POINT ( 'NONE',  ( 5.054675921659471000, 0.6996826248457589400, 0.1000000000000000100 ) ) ;
#4066 = AXIS2_PLACEMENT_3D ( 'NONE', #10287, #5381, #524 ) ;
#4067 = CARTESIAN_POINT ( 'NONE',  ( 5.054675921659471900, 0.4496826248457602700, 0.0000000000000000000 ) ) ;
#4068 = LINE ( 'NONE', #9468, #1918 ) ;
#4069 = CIRCLE ( 'NONE', #6766, 0.07500000000021639400 ) ;
#4070 = CARTESIAN_POINT ( 'NONE',  ( 4.879675921658599900, 0.7096826248464360700, 0.0000000000000000000 ) ) ;
#4071 = ORIENTED_EDGE ( 'NONE', *, *, #3638, .T. ) ;
#4072 = EDGE_CURVE ( 'NONE', #6091, #3106, #2397, .T. ) ;
#4073 = ORIENTED_EDGE ( 'NONE', *, *, #9150, .T. ) ;
#4074 = ORIENTED_EDGE ( 'NONE', *, *, #4086, .F. ) ;
#4075 = DIRECTION ( 'NONE',  ( -1.000000000000000000, 0.0000000000000000000, 0.0000000000000000000 ) ) ;
#4076 = DIRECTION ( 'NONE',  ( -0.0000000000000000000, -0.0000000000000000000, -1.000000000000000000 ) ) ;
#4077 = DIRECTION ( 'NONE',  ( 0.8629477401728806700, -0.5052931799762572200, -0.0000000000000000000 ) ) ;
#4078 = DIRECTION ( 'NONE',  ( -0.0000000000000000000, -0.0000000000000000000, -1.000000000000000000 ) ) ;
#4079 = EDGE_LOOP ( 'NONE', ( #6117, #9068, #6323, #3825 ) ) ;
#4080 = VERTEX_POINT ( 'NONE', #8879 ) ;
#4081 = ORIENTED_EDGE ( 'NONE', *, *, #1194, .T. ) ;
#4082 = DIRECTION ( 'NONE',  ( -1.000000000000000000, 0.0000000000000000000, 0.0000000000000000000 ) ) ;
#4083 = DIRECTION ( 'NONE',  ( -0.6557845842852039200, 0.7549480637857695100, -0.0000000000000000000 ) ) ;
#4084 = VECTOR ( 'NONE', #3615, 1000.000000000000000 ) ;
#4085 = ORIENTED_EDGE ( 'NONE', *, *, #4145, .F. ) ;
#4086 = EDGE_CURVE ( 'NONE', #1736, #3191, #210, .T. ) ;
#4087 = LINE ( 'NONE', #8952, #8163 ) ;
#4088 = EDGE_CURVE ( 'NONE', #138, #1153, #478, .T. ) ;
#4089 = ORIENTED_EDGE ( 'NONE', *, *, #2652, .T. ) ;
#4090 = VERTEX_POINT ( 'NONE', #3230 ) ;
#4091 = CARTESIAN_POINT ( 'NONE',  ( 5.148821372569150500, 0.9846826248460804900, 0.1000000000000000100 ) ) ;
#4092 = CARTESIAN_POINT ( 'NONE',  ( 5.558906690890459900, 0.9846826248459265000, 0.1000000000000000100 ) ) ;
#4093 = ORIENTED_EDGE ( 'NONE', *, *, #4436, .T. ) ;
#4094 = VECTOR ( 'NONE', #10206, 1000.000000000000100 ) ;
#4095 = CARTESIAN_POINT ( 'NONE',  ( 4.937028862835632900, 0.4790943895518071600, 0.1000000000000000100 ) ) ;
#4096 = CARTESIAN_POINT ( 'NONE',  ( 5.354675921659710600, 0.7846826248458012000, 0.1000000000000000100 ) ) ;
#4097 = VERTEX_POINT ( 'NONE', #8916 ) ;
#4098 = CARTESIAN_POINT ( 'NONE',  ( 4.879675921658599900, 0.2096826248464360200, -0.1000000000000000100 ) ) ;
#4099 = CIRCLE ( 'NONE', #1876, 0.04999999999999796300 ) ;
#4100 = DIRECTION ( 'NONE',  ( -1.000000000000000000, 1.724867092591717200E-016, -0.0000000000000000000 ) ) ;
#4101 = VERTEX_POINT ( 'NONE', #9752 ) ;
#4102 = EDGE_CURVE ( 'NONE', #1153, #3319, #10547, .T. ) ;
#4103 = EDGE_CURVE ( 'NONE', #3191, #2200, #2138, .T. ) ;
#4104 = CARTESIAN_POINT ( 'NONE',  ( 5.954675921659633900, 1.009682624845805500, 0.1000000000000000100 ) ) ;
#4105 = ORIENTED_EDGE ( 'NONE', *, *, #1300, .T. ) ;
#4106 = LINE ( 'NONE', #1538, #10363 ) ;
#4107 = DIRECTION ( 'NONE',  ( -1.000000000000000000, 0.0000000000000000000, 0.0000000000000000000 ) ) ;
#4108 = DIRECTION ( 'NONE',  ( 1.000000000000000000, 0.0000000000000000000, -0.0000000000000000000 ) ) ;
#4109 = LINE ( 'NONE', #9853, #7925 ) ;
#4110 = LINE ( 'NONE', #8308, #6003 ) ;
#4111 = ORIENTED_EDGE ( 'NONE', *, *, #2339, .F. ) ;
#4112 = ADVANCED_FACE ( 'NONE', ( #4274 ), #4837, .T. ) ;
#4113 = ORIENTED_EDGE ( 'NONE', *, *, #2889, .F. ) ;
#4114 = VECTOR ( 'NONE', #7432, 1000.000000000000000 ) ;
#4115 = AXIS2_PLACEMENT_3D ( 'NONE', #3780, #9491, #4587 ) ;
#4116 = DIRECTION ( 'NONE',  ( -1.000000000000000000, 2.408418309332321600E-015, -0.0000000000000000000 ) ) ;
#4117 = CARTESIAN_POINT ( 'NONE',  ( 5.754675921660088500, 1.284682624846466700, -0.1000000000000000100 ) ) ;
#4118 = CARTESIAN_POINT ( 'NONE',  ( 4.604675921659691100, 0.4596826248462080900, 0.1000000000000000500 ) ) ;
#4119 = EDGE_CURVE ( 'NONE', #5025, #8683, #4036, .T. ) ;
#4120 = LINE ( 'NONE', #8424, #1969 ) ;
#4121 = LINE ( 'NONE', #8412, #8460 ) ;
#4122 = CARTESIAN_POINT ( 'NONE',  ( 4.704675921658918000, 0.2096826248464359600, 0.0000000000000000000 ) ) ;
#4123 = CARTESIAN_POINT ( 'NONE',  ( 4.604675921659691100, -0.04031737515379176000, 0.1000000000000000100 ) ) ;
#4124 = EDGE_LOOP ( 'NONE', ( #328, #2383, #6850, #3439 ) ) ;
#4125 = LINE ( 'NONE', #10323, #6020 ) ;
#4126 = CARTESIAN_POINT ( 'NONE',  ( 5.154675921659469800, 0.2996826248458500100, 0.1000000000000000100 ) ) ;
#4127 = DIRECTION ( 'NONE',  ( 0.0000000000000000000, 0.0000000000000000000, 1.000000000000000000 ) ) ;
#4128 = AXIS2_PLACEMENT_3D ( 'NONE', #8235, #10070, #2757 ) ;
#4129 = CARTESIAN_POINT ( 'NONE',  ( 6.104675921659724800, 0.4596826248450710500, 0.1000000000000000100 ) ) ;
#4130 = LINE ( 'NONE', #8532, #57 ) ;
#4131 = ORIENTED_EDGE ( 'NONE', *, *, #1923, .T. ) ;
#4132 = LINE ( 'NONE', #3943, #8213 ) ;
#4133 = AXIS2_PLACEMENT_3D ( 'NONE', #919, #3348, #85 ) ;
#4134 = DIRECTION ( 'NONE',  ( 1.000000000000000000, 0.0000000000000000000, 0.0000000000000000000 ) ) ;
#4135 = DIRECTION ( 'NONE',  ( -0.4705882352953469900, -0.8823529411758149800, 0.0000000000000000000 ) ) ;
#4136 = SURFACE_STYLE_USAGE ( .BOTH. , #9028 ) ;
#4137 = DIRECTION ( 'NONE',  ( 1.000000000000000000, 0.0000000000000000000, 0.0000000000000000000 ) ) ;
#4138 = LINE ( 'NONE', #10479, #10401 ) ;
#4139 = VERTEX_POINT ( 'NONE', #3996 ) ;
#4140 = DIRECTION ( 'NONE',  ( -0.0000000000000000000, -0.0000000000000000000, -1.000000000000000000 ) ) ;
#4141 = VECTOR ( 'NONE', #6675, 1000.000000000000000 ) ;
#4142 = VECTOR ( 'NONE', #7644, 999.9999999999998900 ) ;
#4143 = ORIENTED_EDGE ( 'NONE', *, *, #8828, .F. ) ;
#4144 = DIRECTION ( 'NONE',  ( -1.000000000000000000, 0.0000000000000000000, 0.0000000000000000000 ) ) ;
#4145 = EDGE_CURVE ( 'NONE', #8885, #5652, #10286, .T. ) ;
#4146 = EDGE_CURVE ( 'NONE', #621, #3523, #1890, .T. ) ;
#4147 = DIRECTION ( 'NONE',  ( -0.7071067811865474600, 0.7071067811865474600, 0.0000000000000000000 ) ) ;
#4148 = ORIENTED_EDGE ( 'NONE', *, *, #5691, .T. ) ;
#4149 = FACE_OUTER_BOUND ( 'NONE', #9067, .T. ) ;
#4150 = VECTOR ( 'NONE', #10306, 1000.000000000000000 ) ;
#4151 = ORIENTED_EDGE ( 'NONE', *, *, #8108, .T. ) ;
#4152 = CARTESIAN_POINT ( 'NONE',  ( 4.754675921659630200, 0.009682624845666794300, 0.1000000000000000100 ) ) ;
#4153 = DIRECTION ( 'NONE',  ( 1.000000000000000000, 0.0000000000000000000, 0.0000000000000000000 ) ) ;
#4154 = CARTESIAN_POINT ( 'NONE',  ( 5.219675921659555400, 1.034682624846080100, 0.0000000000000000000 ) ) ;
#4155 = ADVANCED_FACE ( 'NONE', ( #5923 ), #8990, .F. ) ;
#4156 = DIRECTION ( 'NONE',  ( 1.000000000000000000, 0.0000000000000000000, 0.0000000000000000000 ) ) ;
#4157 = EDGE_CURVE ( 'NONE', #10393, #7515, #10025, .T. ) ;
#4158 = LINE ( 'NONE', #7846, #2014 ) ;
#4159 = ORIENTED_EDGE ( 'NONE', *, *, #61, .F. ) ;
#4160 = ORIENTED_EDGE ( 'NONE', *, *, #8349, .F. ) ;
#4161 = AXIS2_PLACEMENT_3D ( 'NONE', #4888, #10, #5690 ) ;
#4162 = ORIENTED_EDGE ( 'NONE', *, *, #3986, .F. ) ;
#4163 = DIRECTION ( 'NONE',  ( 0.0000000000000000000, 0.0000000000000000000, 1.000000000000000000 ) ) ;
#4164 = CARTESIAN_POINT ( 'NONE',  ( 5.606983613967200200, 0.9096826248458013100, 0.0000000000000000000 ) ) ;
#4165 = VERTEX_POINT ( 'NONE', #1663 ) ;
#4166 = CARTESIAN_POINT ( 'NONE',  ( 4.754675921659554700, 0.1596826248457989800, 0.1000000000000000100 ) ) ;
#4167 = EDGE_CURVE ( 'NONE', #8657, #405, #5669, .T. ) ;
#4168 = LINE ( 'NONE', #6650, #6065 ) ;
#4169 = EDGE_CURVE ( 'NONE', #4343, #1947, #3779, .T. ) ;
#4170 = VECTOR ( 'NONE', #4100, 1000.000000000000000 ) ;
#4172 = ORIENTED_EDGE ( 'NONE', *, *, #5030, .F. ) ;
#4171 = CARTESIAN_POINT ( 'NONE',  ( 5.354675921659710600, 0.2946826248459104000, 0.1000000000000000100 ) ) ;
#4173 = CARTESIAN_POINT ( 'NONE',  ( 4.704675921658628500, 1.459682624844767000, 0.0000000000000000000 ) ) ;
#4174 = ORIENTED_EDGE ( 'NONE', *, *, #133, .T. ) ;
#4175 = VERTEX_POINT ( 'NONE', #3326 ) ;
#4176 = CARTESIAN_POINT ( 'NONE',  ( 5.829675921660816900, 1.459682624846193400, -0.1000000000000000100 ) ) ;
#4177 = FACE_OUTER_BOUND ( 'NONE', #9210, .T. ) ;
#4178 = VECTOR ( 'NONE', #3827, 1000.000000000000000 ) ;
#4179 = ORIENTED_EDGE ( 'NONE', *, *, #6043, .T. ) ;
#4180 = EDGE_LOOP ( 'NONE', ( #9169, #9483, #5841, #911 ) ) ;
#4181 = ORIENTED_EDGE ( 'NONE', *, *, #9166, .T. ) ;
#4182 = STYLED_ITEM ( 'NONE', ( #10191 ), #1840 ) ;
#4183 = CARTESIAN_POINT ( 'NONE',  ( 4.855129844622552100, 1.357019186297195400, 0.7499999999999998900 ) ) ;
#4184 = VECTOR ( 'NONE', #8530, 1000.000000000000000 ) ;
#4185 = DIRECTION ( 'NONE',  ( -0.7071067811865475700, -0.7071067811865475700, 0.0000000000000000000 ) ) ;
#4186 = LINE ( 'NONE', #3703, #8537 ) ;
#4187 = DIRECTION ( 'NONE',  ( 1.000000000000000000, 0.0000000000000000000, 0.0000000000000000000 ) ) ;
#4188 = ORIENTED_EDGE ( 'NONE', *, *, #2672, .T. ) ;
#4189 = LINE ( 'NONE', #8209, #3195 ) ;
#4190 = AXIS2_PLACEMENT_3D ( 'NONE', #3957, #9666, #4761 ) ;
#4191 = VERTEX_POINT ( 'NONE', #4126 ) ;
#4192 = VERTEX_POINT ( 'NONE', #9016 ) ;
#4193 = ORIENTED_EDGE ( 'NONE', *, *, #10388, .T. ) ;
#4194 = ORIENTED_EDGE ( 'NONE', *, *, #3094, .T. ) ;
#4195 = CARTESIAN_POINT ( 'NONE',  ( 5.354675921659710600, 0.6146826248458015000, 0.1000000000000000100 ) ) ;
#4196 = DIRECTION ( 'NONE',  ( 1.000000000000000000, 0.0000000000000000000, 0.0000000000000000000 ) ) ;
#4197 = CARTESIAN_POINT ( 'NONE',  ( 5.219675921659555400, 0.9846826248460804900, 0.1000000000000000100 ) ) ;
#4198 = CIRCLE ( 'NONE', #176, 0.05000000000000056500 ) ;
#4199 = ORIENTED_EDGE ( 'NONE', *, *, #2946, .T. ) ;
#4200 = DIRECTION ( 'NONE',  ( 0.7071067811865474600, -0.7071067811865474600, 0.0000000000000000000 ) ) ;
#4201 = VECTOR ( 'NONE', #8151, 1000.000000000000000 ) ;
#4202 = ORIENTED_EDGE ( 'NONE', *, *, #4262, .F. ) ;
#4203 = CARTESIAN_POINT ( 'NONE',  ( 6.104675921659724800, 1.584682624845737700, 0.7499999999999998900 ) ) ;
#4204 = VERTEX_POINT ( 'NONE', #1732 ) ;
#4205 = ORIENTED_EDGE ( 'NONE', *, *, #7088, .F. ) ;
#4206 = EDGE_CURVE ( 'NONE', #9117, #2019, #1369, .T. ) ;
#4207 = ORIENTED_EDGE ( 'NONE', *, *, #1725, .T. ) ;
#4208 = ADVANCED_FACE ( 'NONE', ( #1638 ), #7402, .T. ) ;
#4209 = AXIS2_PLACEMENT_3D ( 'NONE', #5215, #10152, #402 ) ;
#4210 = ORIENTED_EDGE ( 'NONE', *, *, #8261, .F. ) ;
#4211 = LINE ( 'NONE', #7277, #10481 ) ;
#4212 = DIRECTION ( 'NONE',  ( -0.0000000000000000000, -0.0000000000000000000, -1.000000000000000000 ) ) ;
#4213 = CARTESIAN_POINT ( 'NONE',  ( 5.771983613967414300, 1.159682624845749900, 0.1000000000000000100 ) ) ;
#4214 = EDGE_LOOP ( 'NONE', ( #2073, #9844, #6894, #1967 ) ) ;
#4215 = DIRECTION ( 'NONE',  ( -0.7071067811865455700, 0.7071067811865493500, 0.0000000000000000000 ) ) ;
#4216 = FACE_OUTER_BOUND ( 'NONE', #1380, .T. ) ;
#4217 = LINE ( 'NONE', #6095, #8572 ) ;
#4218 = CARTESIAN_POINT ( 'NONE',  ( 4.879675921659395700, -0.1153173751537237000, -0.1000000000000000100 ) ) ;
#4219 = ORIENTED_EDGE ( 'NONE', *, *, #1652, .F. ) ;
#4220 = EDGE_LOOP ( 'NONE', ( #4418, #8136, #390, #515 ) ) ;
#4221 = VECTOR ( 'NONE', #1023, 1000.000000000000000 ) ;
#4222 = EDGE_CURVE ( 'NONE', #4843, #9411, #7841, .T. ) ;
#4223 = EDGE_CURVE ( 'NONE', #7115, #1875, #5411, .T. ) ;
#4224 = CARTESIAN_POINT ( 'NONE',  ( 6.004675921660364700, 0.4596826248450711100, 0.1000000000000000100 ) ) ;
#4225 = VECTOR ( 'NONE', #8768, 1000.000000000000000 ) ;
#4226 = VECTOR ( 'NONE', #7746, 1000.000000000000100 ) ;
#4227 = EDGE_LOOP ( 'NONE', ( #639, #7486, #5971, #4495 ) ) ;
#4228 = DIRECTION ( 'NONE',  ( 0.0000000000000000000, 0.0000000000000000000, 1.000000000000000000 ) ) ;
#4229 = CARTESIAN_POINT ( 'NONE',  ( 5.004675921659327300, 1.209682624845298500, 0.0000000000000000000 ) ) ;
#4230 = CARTESIAN_POINT ( 'NONE',  ( 5.870360893847723600, 0.1596826248457505200, 0.0000000000000000000 ) ) ;
#4231 = VERTEX_POINT ( 'NONE', #6599 ) ;
#4232 = VECTOR ( 'NONE', #8588, 1000.000000000000000 ) ;
#4233 = CARTESIAN_POINT ( 'NONE',  ( 5.754675921659735800, -0.3153173751542484600, 0.0000000000000000000 ) ) ;
#4234 = CARTESIAN_POINT ( 'NONE',  ( 5.148821372569150500, 0.9846826248460804900, 0.0000000000000000000 ) ) ;
#4235 = FACE_OUTER_BOUND ( 'NONE', #9452, .T. ) ;
#4236 = EDGE_CURVE ( 'NONE', #6619, #4961, #3278, .T. ) ;
#4237 = EDGE_CURVE ( 'NONE', #10039, #4896, #9526, .T. ) ;
#4238 = ORIENTED_EDGE ( 'NONE', *, *, #960, .F. ) ;
#4239 = CARTESIAN_POINT ( 'NONE',  ( 6.004675921660304300, 1.209682624846421200, 0.1000000000000000100 ) ) ;
#4240 = CARTESIAN_POINT ( 'NONE',  ( 6.104675921659724800, 0.4596826248450710500, -0.1000000000000000100 ) ) ;
#4241 = CARTESIAN_POINT ( 'NONE',  ( 5.954675921659633900, 0.009682624845806115200, 0.1000000000000000100 ) ) ;
#4242 = PLANE ( 'NONE',  #9348 ) ;
#4243 = ORIENTED_EDGE ( 'NONE', *, *, #8790, .F. ) ;
#4244 = CIRCLE ( 'NONE', #3125, 0.07499999999999953900 ) ;
#4245 = LINE ( 'NONE', #9686, #2106 ) ;
#4246 = DIRECTION ( 'NONE',  ( 0.0000000000000000000, 0.0000000000000000000, 1.000000000000000000 ) ) ;
#4247 = CARTESIAN_POINT ( 'NONE',  ( 5.219675921659555400, 1.034682624846080100, 0.0000000000000000000 ) ) ;
#4248 = ORIENTED_EDGE ( 'NONE', *, *, #6685, .T. ) ;
#4249 = ADVANCED_FACE ( 'NONE', ( #853 ), #3392, .T. ) ;
#4250 =( GEOMETRIC_REPRESENTATION_CONTEXT ( 3 ) GLOBAL_UNCERTAINTY_ASSIGNED_CONTEXT ( ( #9673 ) ) GLOBAL_UNIT_ASSIGNED_CONTEXT ( ( #303, #8294, #3437 ) ) REPRESENTATION_CONTEXT ( 'NONE', 'WORKASPACE' ) );
#4251 = CARTESIAN_POINT ( 'NONE',  ( 4.754675921659555500, 1.009682624845826200, 0.0000000000000000000 ) ) ;
#4252 = VECTOR ( 'NONE', #673, 1000.000000000000000 ) ;
#4253 = CLOSED_SHELL ( 'NONE', ( #7506, #8441, #3801, #10366, #5434, #326, #2674, #6223, #498, #1123, #6072, #2633, #6184, #3324, #7021, #1632, #8054, #1894, #5333, #488, #3173, #696 ) ) ;
#4254 = CYLINDRICAL_SURFACE ( 'NONE', #4355, 0.07499999999999953900 ) ;
#4255 = ORIENTED_EDGE ( 'NONE', *, *, #4283, .T. ) ;
#4256 = ORIENTED_EDGE ( 'NONE', *, *, #1239, .F. ) ;
#4257 = LINE ( 'NONE', #4176, #10534 ) ;
#4258 = ADVANCED_FACE ( 'NONE', ( #7582 ), #3425, .F. ) ;
#4259 = CARTESIAN_POINT ( 'NONE',  ( 5.304675921659710800, 0.7846826248458012000, 0.1000000000000000100 ) ) ;
#4260 = VERTEX_POINT ( 'NONE', #5813 ) ;
#4261 = VECTOR ( 'NONE', #8627, 1000.000000000000000 ) ;
#4262 = EDGE_CURVE ( 'NONE', #7723, #10338, #3018, .T. ) ;
#4263 = MECHANICAL_DESIGN_GEOMETRIC_PRESENTATION_REPRESENTATION (  '', ( #10501 ), #4810 ) ;
#4264 = EDGE_CURVE ( 'NONE', #1375, #6666, #9260, .T. ) ;
#4265 = VERTEX_POINT ( 'NONE', #4229 ) ;
#4266 = DIRECTION ( 'NONE',  ( -0.7071067811865490200, 0.7071067811865460200, 0.0000000000000000000 ) ) ;
#4267 = DIRECTION ( 'NONE',  ( 0.0000000000000000000, 0.0000000000000000000, 1.000000000000000000 ) ) ;
#4268 =( NAMED_UNIT ( * ) PLANE_ANGLE_UNIT ( ) SI_UNIT ( $, .RADIAN. ) );
#4269 = AXIS2_PLACEMENT_3D ( 'NONE', #6482, #7309, #2455 ) ;
#4270 = PLANE ( 'NONE',  #707 ) ;
#4272 = VERTEX_POINT ( 'NONE', #9944 ) ;
#4271 = DIRECTION ( 'NONE',  ( 1.000000000000000000, 0.0000000000000000000, 0.0000000000000000000 ) ) ;
#4273 = LINE ( 'NONE', #8959, #8628 ) ;
#4274 = FACE_OUTER_BOUND ( 'NONE', #9750, .T. ) ;
#4275 = CARTESIAN_POINT ( 'NONE',  ( 6.004675921659058200, -0.2903173751547012400, 0.1000000000000000100 ) ) ;
#4276 = ORIENTED_EDGE ( 'NONE', *, *, #7508, .T. ) ;
#4277 = CARTESIAN_POINT ( 'NONE',  ( 5.829675921659729800, 0.6596826248457794400, 0.1000000000000000100 ) ) ;
#4278 = DIRECTION ( 'NONE',  ( -0.0000000000000000000, -0.0000000000000000000, -1.000000000000000000 ) ) ;
#4279 = DIRECTION ( 'NONE',  ( -1.000000000000000000, 0.0000000000000000000, 0.0000000000000000000 ) ) ;
#4280 = DIRECTION ( 'NONE',  ( -0.7071067811865495700, 0.7071067811865455700, 0.0000000000000000000 ) ) ;
#4281 = EDGE_CURVE ( 'NONE', #1792, #4793, #4913, .T. ) ;
#4282 = STYLED_ITEM ( 'NONE', ( #10138 ), #4636 ) ;
#4283 = EDGE_CURVE ( 'NONE', #2357, #9975, #7061, .T. ) ;
#4284 = LINE ( 'NONE', #7453, #220 ) ;
#4285 = CARTESIAN_POINT ( 'NONE',  ( 5.870360893847723600, 0.1596826248457505200, 0.1000000000000000100 ) ) ;
#4286 = ORIENTED_EDGE ( 'NONE', *, *, #6191, .T. ) ;
#4287 = DIRECTION ( 'NONE',  ( -0.0000000000000000000, -0.0000000000000000000, -1.000000000000000000 ) ) ;
#4288 = CARTESIAN_POINT ( 'NONE',  ( 5.257423324848843100, 1.136155728467158200, 0.0000000000000000000 ) ) ;
#4289 = DIRECTION ( 'NONE',  ( -0.0000000000000000000, -0.0000000000000000000, -1.000000000000000000 ) ) ;
#4290 = VERTEX_POINT ( 'NONE', #7537 ) ;
#4291 = LINE ( 'NONE', #283, #8122 ) ;
#4292 = DIRECTION ( 'NONE',  ( 0.0000000000000000000, -0.0000000000000000000, 1.000000000000000000 ) ) ;
#4293 = ORIENTED_EDGE ( 'NONE', *, *, #626, .F. ) ;
#4294 = EDGE_CURVE ( 'NONE', #8993, #4706, #2509, .T. ) ;
#4295 = ORIENTED_EDGE ( 'NONE', *, *, #7540, .F. ) ;
#4296 = EDGE_CURVE ( 'NONE', #1412, #9895, #4657, .T. ) ;
#4297 = ORIENTED_EDGE ( 'NONE', *, *, #2248, .F. ) ;
#4298 = CARTESIAN_POINT ( 'NONE',  ( 5.354675921659710600, 0.4146826248459104000, 0.1000000000000000100 ) ) ;
#4299 = ADVANCED_FACE ( 'NONE', ( #8748 ), #5111, .T. ) ;
#4300 = DIRECTION ( 'NONE',  ( -1.000000000000000000, 3.330370134191279000E-016, -0.0000000000000000000 ) ) ;
#4301 = VECTOR ( 'NONE', #10507, 1000.000000000000000 ) ;
#4302 = ORIENTED_EDGE ( 'NONE', *, *, #4103, .F. ) ;
#4303 =( GEOMETRIC_REPRESENTATION_CONTEXT ( 3 ) GLOBAL_UNCERTAINTY_ASSIGNED_CONTEXT ( ( #2306 ) ) GLOBAL_UNIT_ASSIGNED_CONTEXT ( ( #8767, #3886, #9604 ) ) REPRESENTATION_CONTEXT ( 'NONE', 'WORKASPACE' ) );
#4304 = DIRECTION ( 'NONE',  ( -1.000000000000000000, 0.0000000000000000000, 0.0000000000000000000 ) ) ;
#4305 = ORIENTED_EDGE ( 'NONE', *, *, #6999, .T. ) ;
#4306 = CARTESIAN_POINT ( 'NONE',  ( 4.954675921659327500, 0.3846826248461626700, 0.0000000000000000000 ) ) ;
#4307 = ORIENTED_EDGE ( 'NONE', *, *, #8457, .T. ) ;
#4308 = ORIENTED_EDGE ( 'NONE', *, *, #10120, .F. ) ;
#4309 = DIRECTION ( 'NONE',  ( 1.000000000000000000, 6.264279218807323800E-015, -0.0000000000000000000 ) ) ;
#4310 = DIRECTION ( 'NONE',  ( 1.000000000000000000, 1.971276677254192800E-016, -0.0000000000000000000 ) ) ;
#4311 = DIRECTION ( 'NONE',  ( 1.000000000000000000, 0.0000000000000000000, 0.0000000000000000000 ) ) ;
#4312 = PRESENTATION_LAYER_ASSIGNMENT (  '', '', ( #4866 ) ) ;
#4313 = EDGE_CURVE ( 'NONE', #4843, #3776, #597, .T. ) ;
#4314 = ADVANCED_FACE ( 'NONE', ( #2256 ), #7572, .F. ) ;
#4315 = LINE ( 'NONE', #6121, #2176 ) ;
#4316 = DIRECTION ( 'NONE',  ( -0.0000000000000000000, -0.0000000000000000000, -1.000000000000000000 ) ) ;
#4317 = DIRECTION ( 'NONE',  ( -0.8525082208477698900, -0.5227138159518743800, -0.0000000000000000000 ) ) ;
#4318 = LINE ( 'NONE', #1504, #249 ) ;
#4319 = VERTEX_POINT ( 'NONE', #10015 ) ;
#4320 = ORIENTED_EDGE ( 'NONE', *, *, #6540, .T. ) ;
#4321 = VERTEX_POINT ( 'NONE', #5962 ) ;
#4322 = CARTESIAN_POINT ( 'NONE',  ( 6.104675921659724800, 0.4596826248450710500, -0.1000000000000000100 ) ) ;
#4323 = CARTESIAN_POINT ( 'NONE',  ( 4.704675921658628500, 1.459682624844767000, 0.1000000000000000100 ) ) ;
#4324 = DIRECTION ( 'NONE',  ( 0.0000000000000000000, 0.0000000000000000000, 1.000000000000000000 ) ) ;
#4325 = CARTESIAN_POINT ( 'NONE',  ( 5.954675921659633900, 0.009682624845806115200, 0.1000000000000000100 ) ) ;
#4326 = PRESENTATION_STYLE_ASSIGNMENT (( #8904 ) ) ;
#4327 = ORIENTED_EDGE ( 'NONE', *, *, #8810, .F. ) ;
#4328 = AXIS2_PLACEMENT_3D ( 'NONE', #8505, #7814, #7436 ) ;
#4329 = ORIENTED_EDGE ( 'NONE', *, *, #46, .T. ) ;
#4330 = ORIENTED_EDGE ( 'NONE', *, *, #1568, .F. ) ;
#4332 = ORIENTED_EDGE ( 'NONE', *, *, #2944, .F. ) ;
#4331 = PLANE ( 'NONE',  #6166 ) ;
#4333 = CARTESIAN_POINT ( 'NONE',  ( 5.104675921659470800, 0.2496826248458502400, 0.1000000000000000100 ) ) ;
#4334 =( NAMED_UNIT ( * ) PLANE_ANGLE_UNIT ( ) SI_UNIT ( $, .RADIAN. ) );
#4335 = DIRECTION ( 'NONE',  ( 1.734723475975746300E-015, 1.000000000000000000, -0.0000000000000000000 ) ) ;
#4336 = VECTOR ( 'NONE', #342, 1000.000000000000000 ) ;
#4337 = AXIS2_PLACEMENT_3D ( 'NONE', #9553, #4650, #10364 ) ;
#4338 = VERTEX_POINT ( 'NONE', #294 ) ;
#4339 = DIRECTION ( 'NONE',  ( -1.971276677247676800E-016, 1.000000000000000000, 0.0000000000000000000 ) ) ;
#4340 = VECTOR ( 'NONE', #907, 1000.000000000000000 ) ;
#4341 = CARTESIAN_POINT ( 'NONE',  ( 5.104675921659471700, 0.4496826248457596000, 0.1000000000000000100 ) ) ;
#4342 = DIRECTION ( 'NONE',  ( -0.0000000000000000000, -0.0000000000000000000, -1.000000000000000000 ) ) ;
#4343 = VERTEX_POINT ( 'NONE', #1119 ) ;
#4344 = ORIENTED_EDGE ( 'NONE', *, *, #3371, .F. ) ;
#4345 = LINE ( 'NONE', #9392, #4094 ) ;
#4346 = DIRECTION ( 'NONE',  ( -0.6557845842851961500, -0.7549480637857761700, 0.0000000000000000000 ) ) ;
#4347 = EDGE_CURVE ( 'NONE', #2994, #1647, #6558, .T. ) ;
#4348 = CYLINDRICAL_SURFACE ( 'NONE', #2954, 0.04999999999999969700 ) ;
#4349 = AXIS2_PLACEMENT_3D ( 'NONE', #7721, #9393, #10207 ) ;
#4350 = DIRECTION ( 'NONE',  ( 1.000000000000000000, 0.0000000000000000000, -0.0000000000000000000 ) ) ;
#4351 = EDGE_CURVE ( 'NONE', #3834, #9170, #8481, .T. ) ;
#4352 = ORIENTED_EDGE ( 'NONE', *, *, #339, .F. ) ;
#4353 = CARTESIAN_POINT ( 'NONE',  ( 5.754675921659735800, -0.3153173751542484600, 0.1000000000000000100 ) ) ;
#4354 = ORIENTED_EDGE ( 'NONE', *, *, #5463, .F. ) ;
#4355 = AXIS2_PLACEMENT_3D ( 'NONE', #7564, #1078, #6727 ) ;
#4356 = DIRECTION ( 'NONE',  ( 1.000000000000000000, 0.0000000000000000000, 0.0000000000000000000 ) ) ;
#4357 = VERTEX_POINT ( 'NONE', #6779 ) ;
#4358 = FACE_OUTER_BOUND ( 'NONE', #6575, .T. ) ;
#4359 = CARTESIAN_POINT ( 'NONE',  ( 6.004675921659058200, -0.2903173751547012400, 0.1000000000000000100 ) ) ;
#4360 = VECTOR ( 'NONE', #9785, 1000.000000000000000 ) ;
#4361 = CARTESIAN_POINT ( 'NONE',  ( 4.923997467671501500, 0.2128096800578838100, 0.1000000000000000100 ) ) ;
#4362 = CYLINDRICAL_SURFACE ( 'NONE', #7986, 0.05000000000000143200 ) ;
#4363 = ORIENTED_EDGE ( 'NONE', *, *, #2312, .T. ) ;
#4364 = CARTESIAN_POINT ( 'NONE',  ( 4.704675921659936800, 0.9596826248462082500, 0.0000000000000000000 ) ) ;
#4365 = DIRECTION ( 'NONE',  ( 1.000000000000000000, 0.0000000000000000000, 0.0000000000000000000 ) ) ;
#4366 = EDGE_CURVE ( 'NONE', #7228, #2357, #1998, .T. ) ;
#4367 = EDGE_CURVE ( 'NONE', #6107, #6372, #70, .T. ) ;
#4368 = VERTEX_POINT ( 'NONE', #1970 ) ;
#4369 = VECTOR ( 'NONE', #1759, 1000.000000000000000 ) ;
#4370 = CARTESIAN_POINT ( 'NONE',  ( 5.354675921659710600, 0.4146826248459104000, 0.1000000000000000100 ) ) ;
#4371 = CARTESIAN_POINT ( 'NONE',  ( 4.704675921659936800, 0.9596826248462082500, 0.0000000000000000000 ) ) ;
#4372 = CYLINDRICAL_SURFACE ( 'NONE', #5722, 0.04999999999999969700 ) ;
#4373 = ADVANCED_FACE ( 'NONE', ( #3902 ), #3600, .T. ) ;
#4374 = CARTESIAN_POINT ( 'NONE',  ( 4.937028862835632900, 0.4790943895518071600, 0.1000000000000000100 ) ) ;
#4375 = VECTOR ( 'NONE', #7505, 1000.000000000000000 ) ;
#4376 = EDGE_CURVE ( 'NONE', #5380, #1055, #1750, .T. ) ;
#4377 = ORIENTED_EDGE ( 'NONE', *, *, #6004, .F. ) ;
#4378 = EDGE_CURVE ( 'NONE', #5089, #9581, #6036, .T. ) ;
#4379 = CIRCLE ( 'NONE', #9431, 0.04999999999999969700 ) ;
#4380 = DIRECTION ( 'NONE',  ( 0.4705882352953579300, 0.8823529411758090900, -0.0000000000000000000 ) ) ;
#4381 = DIRECTION ( 'NONE',  ( -1.000000000000000000, -0.0000000000000000000, -0.0000000000000000000 ) ) ;
#4382 = VECTOR ( 'NONE', #5980, 1000.000000000000000 ) ;
#4383 = CARTESIAN_POINT ( 'NONE',  ( 4.604675921659691100, 1.209682624845298500, 0.0000000000000000000 ) ) ;
#4384 = ORIENTED_EDGE ( 'NONE', *, *, #3224, .F. ) ;
#4385 = CARTESIAN_POINT ( 'NONE',  ( 4.879675921658599900, 0.7096826248464360700, 0.0000000000000000000 ) ) ;
#4386 = DIRECTION ( 'NONE',  ( 1.000000000000000000, 0.0000000000000000000, 0.0000000000000000000 ) ) ;
#4387 = LINE ( 'NONE', #6459, #2247 ) ;
#4388 = AXIS2_PLACEMENT_3D ( 'NONE', #4411, #8096, #3688 ) ;
#4389 = DIRECTION ( 'NONE',  ( 0.0000000000000000000, 0.0000000000000000000, 1.000000000000000000 ) ) ;
#4390 = CARTESIAN_POINT ( 'NONE',  ( 5.829675921659729800, 0.6596826248457794400, 0.1000000000000000100 ) ) ;
#4391 = LINE ( 'NONE', #3111, #2253 ) ;
#4392 = DIRECTION ( 'NONE',  ( -0.7071067811865505700, -0.7071067811865444600, -0.0000000000000000000 ) ) ;
#4393 = CARTESIAN_POINT ( 'NONE',  ( 4.855129844622552100, 1.357019186297195400, 0.7499999999999998900 ) ) ;
#4394 = VERTEX_POINT ( 'NONE', #10119 ) ;
#4395 = FACE_OUTER_BOUND ( 'NONE', #9580, .T. ) ;
#4396 = VECTOR ( 'NONE', #1193, 1000.000000000000000 ) ;
#4397 = ORIENTED_EDGE ( 'NONE', *, *, #10466, .T. ) ;
#4398 = DIRECTION ( 'NONE',  ( 0.0000000000000000000, -0.0000000000000000000, 1.000000000000000000 ) ) ;
#4399 = DIRECTION ( 'NONE',  ( 1.000000000000000000, 0.0000000000000000000, 0.0000000000000000000 ) ) ;
#4400 = DIRECTION ( 'NONE',  ( 0.7071067811865505700, 0.7071067811865444600, -0.0000000000000000000 ) ) ;
#4401 = DIRECTION ( 'NONE',  ( 0.7071067811865474600, -0.7071067811865474600, 0.0000000000000000000 ) ) ;
#4402 = EDGE_CURVE ( 'NONE', #5652, #6346, #5784, .T. ) ;
#4403 = ORIENTED_EDGE ( 'NONE', *, *, #3493, .T. ) ;
#4404 = DIRECTION ( 'NONE',  ( -0.7071067811865430200, -0.7071067811865521200, -0.0000000000000000000 ) ) ;
#4405 = VECTOR ( 'NONE', #9464, 1000.000000000000000 ) ;
#4406 = VECTOR ( 'NONE', #3646, 1000.000000000000000 ) ;
#4407 = DIRECTION ( 'NONE',  ( 1.000000000000000000, 0.0000000000000000000, -0.0000000000000000000 ) ) ;
#4408 = DIRECTION ( 'NONE',  ( -0.0000000000000000000, -0.0000000000000000000, -1.000000000000000000 ) ) ;
#4409 = ORIENTED_EDGE ( 'NONE', *, *, #3304, .F. ) ;
#4410 = AXIS2_PLACEMENT_3D ( 'NONE', #4098, #9818, #4915 ) ;
#4411 = CARTESIAN_POINT ( 'NONE',  ( 5.104675921659470800, 0.6496826248457312500, 0.1000000000000000100 ) ) ;
#4412 = CARTESIAN_POINT ( 'NONE',  ( 6.104675921659724800, -0.04031737515492882200, -0.1000000000000000100 ) ) ;
#4413 = FACE_OUTER_BOUND ( 'NONE', #10214, .T. ) ;
#4414 = VERTEX_POINT ( 'NONE', #10149 ) ;
#4415 = ADVANCED_FACE ( 'NONE', ( #8222 ), #1884, .F. ) ;
#4416 = CARTESIAN_POINT ( 'NONE',  ( 5.954675921659633900, 0.1596826248457502400, 0.1000000000000000100 ) ) ;
#4417 = CARTESIAN_POINT ( 'NONE',  ( 5.754675921659735800, -0.3153173751542484600, 0.1000000000000000100 ) ) ;
#4418 = ORIENTED_EDGE ( 'NONE', *, *, #1250, .F. ) ;
#4419 = ORIENTED_EDGE ( 'NONE', *, *, #2815, .T. ) ;
#4420 = DIRECTION ( 'NONE',  ( 1.000000000000000000, -2.602085213967212400E-015, 0.0000000000000000000 ) ) ;
#4421 = EDGE_CURVE ( 'NONE', #8698, #130, #6171, .T. ) ;
#4422 = EDGE_CURVE ( 'NONE', #3913, #7640, #8359, .T. ) ;
#4423 = ORIENTED_EDGE ( 'NONE', *, *, #10402, .F. ) ;
#4424 = CARTESIAN_POINT ( 'NONE',  ( 5.489675921659714900, 0.9846826248459260600, 0.0000000000000000000 ) ) ;
#4425 = CARTESIAN_POINT ( 'NONE',  ( 4.879675921658599900, 0.7096826248464360700, -0.1000000000000000100 ) ) ;
#4426 = CARTESIAN_POINT ( 'NONE',  ( 5.829675921660020200, 1.284682624846353200, -0.1000000000000000100 ) ) ;
#4427 = LINE ( 'NONE', #9819, #6581 ) ;
#4428 = ORIENTED_EDGE ( 'NONE', *, *, #9292, .F. ) ;
#4429 = ORIENTED_EDGE ( 'NONE', *, *, #8231, .F. ) ;
#4430 = ORIENTED_EDGE ( 'NONE', *, *, #195, .T. ) ;
#4431 = CARTESIAN_POINT ( 'NONE',  ( 5.754675921659735800, -0.3153173751542484600, 0.0000000000000000000 ) ) ;
#4432 = DIRECTION ( 'NONE',  ( 0.0000000000000000000, 0.0000000000000000000, 1.000000000000000000 ) ) ;
#4433 = EDGE_CURVE ( 'NONE', #5546, #7732, #4029, .T. ) ;
#4434 = LINE ( 'NONE', #4506, #8260 ) ;
#4435 = DIRECTION ( 'NONE',  ( -0.0000000000000000000, -0.0000000000000000000, -1.000000000000000000 ) ) ;
#4436 = EDGE_CURVE ( 'NONE', #7849, #623, #8098, .T. ) ;
#4437 = FACE_OUTER_BOUND ( 'NONE', #1018, .T. ) ;
#4438 = ORIENTED_EDGE ( 'NONE', *, *, #2374, .F. ) ;
#4439 = ORIENTED_EDGE ( 'NONE', *, *, #2203, .T. ) ;
#4440 = ORIENTED_EDGE ( 'NONE', *, *, #6593, .F. ) ;
#4441 = CARTESIAN_POINT ( 'NONE',  ( 4.604675921659691100, -0.04031737515379176000, -0.1000000000000000100 ) ) ;
#4442 = CARTESIAN_POINT ( 'NONE',  ( 5.354675921659710600, 0.4646826248459103900, 0.0000000000000000000 ) ) ;
#4443 = VECTOR ( 'NONE', #25, 1000.000000000000000 ) ;
#4444 = DIRECTION ( 'NONE',  ( 1.316717819115048600E-014, 1.000000000000000000, 0.0000000000000000000 ) ) ;
#4445 = VECTOR ( 'NONE', #6311, 1000.000000000000000 ) ;
#4447 = ORIENTED_EDGE ( 'NONE', *, *, #6461, .F. ) ;
#4446 = DIRECTION ( 'NONE',  ( -1.000000000000000000, -2.891205793297582800E-015, 0.0000000000000000000 ) ) ;
#4448 = VECTOR ( 'NONE', #1914, 1000.000000000000000 ) ;
#4449 = VERTEX_POINT ( 'NONE', #2894 ) ;
#4450 = VERTEX_POINT ( 'NONE', #10230 ) ;
#4451 = ORIENTED_EDGE ( 'NONE', *, *, #8444, .F. ) ;
#4452 = ORIENTED_EDGE ( 'NONE', *, *, #7392, .F. ) ;
#4453 = VERTEX_POINT ( 'NONE', #5320 ) ;
#4454 = AXIS2_PLACEMENT_3D ( 'NONE', #192, #10303, #5330 ) ;
#4455 = EDGE_CURVE ( 'NONE', #2446, #687, #3774, .T. ) ;
#4456 = CARTESIAN_POINT ( 'NONE',  ( 5.659509715401691600, 0.6896826248458012300, 0.1000000000000000100 ) ) ;
#4457 = DIRECTION ( 'NONE',  ( 1.000000000000000000, 0.0000000000000000000, 0.0000000000000000000 ) ) ;
#4458 = VECTOR ( 'NONE', #7126, 1000.000000000000000 ) ;
#4459 = PLANE ( 'NONE',  #1771 ) ;
#4460 = CARTESIAN_POINT ( 'NONE',  ( 5.829675921660304500, -0.2153173751544850400, -0.1000000000000000100 ) ) ;
#4461 = FACE_OUTER_BOUND ( 'NONE', #3800, .T. ) ;
#4462 = ORIENTED_EDGE ( 'NONE', *, *, #407, .T. ) ;
#4463 = VECTOR ( 'NONE', #7145, 1000.000000000000000 ) ;
#4464 = VERTEX_POINT ( 'NONE', #6138 ) ;
#4465 = VERTEX_POINT ( 'NONE', #473 ) ;
#4466 = DIRECTION ( 'NONE',  ( -0.7071067811865490200, 0.7071067811865460200, 0.0000000000000000000 ) ) ;
#4467 = ORIENTED_EDGE ( 'NONE', *, *, #4072, .T. ) ;
#4468 = ORIENTED_EDGE ( 'NONE', *, *, #7450, .T. ) ;
#4469 = EDGE_LOOP ( 'NONE', ( #4238, #9644, #4816, #10276 ) ) ;
#4470 = ORIENTED_EDGE ( 'NONE', *, *, #8176, .T. ) ;
#4471 = CARTESIAN_POINT ( 'NONE',  ( 5.269675921659555200, 1.103366499252897800, 0.0000000000000000000 ) ) ;
#4472 = ORIENTED_EDGE ( 'NONE', *, *, #8539, .T. ) ;
#4473 = LINE ( 'NONE', #8062, #2074 ) ;
#4474 = EDGE_CURVE ( 'NONE', #5778, #3545, #7835, .T. ) ;
#4475 = EDGE_CURVE ( 'NONE', #8292, #4480, #1631, .T. ) ;
#4476 = ORIENTED_EDGE ( 'NONE', *, *, #5830, .T. ) ;
#4477 = DIRECTION ( 'NONE',  ( -1.182766006352519600E-015, -1.000000000000000000, 0.0000000000000000000 ) ) ;
#4478 = VECTOR ( 'NONE', #10122, 1000.000000000000000 ) ;
#4479 = VECTOR ( 'NONE', #2001, 1000.000000000000000 ) ;
#4480 = VERTEX_POINT ( 'NONE', #6983 ) ;
#4481 = VERTEX_POINT ( 'NONE', #1335 ) ;
#4482 = ADVANCED_FACE ( 'NONE', ( #5663 ), #4547, .T. ) ;
#4483 = CARTESIAN_POINT ( 'NONE',  ( 4.754675921659554700, 0.1596826248457989800, 0.1000000000000000100 ) ) ;
#4484 = AXIS2_PLACEMENT_3D ( 'NONE', #6971, #4569, #10289 ) ;
#4485 = VERTEX_POINT ( 'NONE', #6170 ) ;
#4486 = ORIENTED_EDGE ( 'NONE', *, *, #9425, .F. ) ;
#4487 = CYLINDRICAL_SURFACE ( 'NONE', #4133, 0.07500000000021639400 ) ;
#4488 = DIRECTION ( 'NONE',  ( -0.0000000000000000000, -0.0000000000000000000, -1.000000000000000000 ) ) ;
#4489 = CARTESIAN_POINT ( 'NONE',  ( 4.879675921659395700, 0.3846826248462763000, -0.1000000000000000100 ) ) ;
#4490 = LINE ( 'NONE', #10379, #4225 ) ;
#4491 = CYLINDRICAL_SURFACE ( 'NONE', #7238, 0.04999999999999969700 ) ;
#4492 = ORIENTED_EDGE ( 'NONE', *, *, #7556, .F. ) ;
#4493 = DIRECTION ( 'NONE',  ( 0.0000000000000000000, 0.0000000000000000000, 1.000000000000000000 ) ) ;
#4494 = ADVANCED_FACE ( 'NONE', ( #1364 ), #10265, .T. ) ;
#4495 = ORIENTED_EDGE ( 'NONE', *, *, #2611, .T. ) ;
#4496 = LINE ( 'NONE', #2892, #4232 ) ;
#4497 = EDGE_CURVE ( 'NONE', #8610, #4063, #7577, .T. ) ;
#4498 = AXIS2_PLACEMENT_3D ( 'NONE', #2925, #8624, #3742 ) ;
#4499 = DIRECTION ( 'NONE',  ( 0.0000000000000000000, 0.0000000000000000000, -1.000000000000000000 ) ) ;
#4500 = EDGE_CURVE ( 'NONE', #9420, #913, #3273, .T. ) ;
#4501 = VECTOR ( 'NONE', #1312, 1000.000000000000100 ) ;
#4502 = PLANE ( 'NONE',  #2868 ) ;
#4503 = DIRECTION ( 'NONE',  ( -1.000000000000000000, -1.577021341803359200E-015, -0.0000000000000000000 ) ) ;
#4504 = ORIENTED_EDGE ( 'NONE', *, *, #8458, .F. ) ;
#4505 = FACE_OUTER_BOUND ( 'NONE', #6828, .T. ) ;
#4506 = CARTESIAN_POINT ( 'NONE',  ( 5.754675921659735800, -0.3153173751542484600, 0.0000000000000000000 ) ) ;
#4507 = VECTOR ( 'NONE', #778, 1000.000000000000000 ) ;
#4508 = PLANE ( 'NONE',  #5288 ) ;
#4509 = DIRECTION ( 'NONE',  ( 0.0000000000000000000, 0.0000000000000000000, 1.000000000000000000 ) ) ;
#4510 = EDGE_CURVE ( 'NONE', #9281, #9157, #1108, .T. ) ;
#4511 = DIRECTION ( 'NONE',  ( -0.0000000000000000000, -0.0000000000000000000, -1.000000000000000000 ) ) ;
#4512 = ORIENTED_EDGE ( 'NONE', *, *, #4898, .F. ) ;
#4513 = DIRECTION ( 'NONE',  ( -1.000000000000000000, -1.577021341803359200E-015, -0.0000000000000000000 ) ) ;
#4514 = PLANE ( 'NONE',  #5453 ) ;
#4515 = VECTOR ( 'NONE', #4671, 1000.000000000000000 ) ;
#4516 = DIRECTION ( 'NONE',  ( 1.000000000000000000, 0.0000000000000000000, 0.0000000000000000000 ) ) ;
#4517 = ORIENTED_EDGE ( 'NONE', *, *, #7990, .T. ) ;
#4518 = VECTOR ( 'NONE', #2723, 1000.000000000000000 ) ;
#4519 = CARTESIAN_POINT ( 'NONE',  ( 4.954675921659327500, 0.2846826248462536700, 0.0000000000000000000 ) ) ;
#4520 = CARTESIAN_POINT ( 'NONE',  ( 5.148821372569150500, 0.9846826248460804900, 0.1000000000000000100 ) ) ;
#4521 = ORIENTED_EDGE ( 'NONE', *, *, #6461, .T. ) ;
#4522 = EDGE_CURVE ( 'NONE', #6346, #3179, #9522, .T. ) ;
#4523 = VECTOR ( 'NONE', #56, 1000.000000000000000 ) ;
#4524 = EDGE_CURVE ( 'NONE', #2888, #2793, #5146, .T. ) ;
#4525 = DIRECTION ( 'NONE',  ( 0.0000000000000000000, 0.0000000000000000000, 1.000000000000000000 ) ) ;
#4526 = ORIENTED_EDGE ( 'NONE', *, *, #9507, .F. ) ;
#4527 = VECTOR ( 'NONE', #8553, 1000.000000000000100 ) ;
#4528 = EDGE_LOOP ( 'NONE', ( #1559, #5702, #2209, #8059 ) ) ;
#4529 = CARTESIAN_POINT ( 'NONE',  ( 4.704675921658918000, -0.2903173751535640400, 0.0000000000000000000 ) ) ;
#4530 = DIRECTION ( 'NONE',  ( -0.0000000000000000000, -0.0000000000000000000, -1.000000000000000000 ) ) ;
#4531 = ADVANCED_FACE ( 'NONE', ( #848 ), #8725, .T. ) ;
#4532 = ORIENTED_EDGE ( 'NONE', *, *, #7064, .T. ) ;
#4533 = FACE_OUTER_BOUND ( 'NONE', #7560, .T. ) ;
#4534 = AXIS2_PLACEMENT_3D ( 'NONE', #5842, #5313, #10210 ) ;
#4535 = FACE_OUTER_BOUND ( 'NONE', #6697, .T. ) ;
#4536 = DIRECTION ( 'NONE',  ( -0.0000000000000000000, -0.0000000000000000000, -1.000000000000000000 ) ) ;
#4537 = VERTEX_POINT ( 'NONE', #579 ) ;
#4538 = CARTESIAN_POINT ( 'NONE',  ( 5.704854054024949900, 0.2446826248459102700, 0.1000000000000000100 ) ) ;
#4539 = DIRECTION ( 'NONE',  ( -0.7071067811865490200, 0.7071067811865460200, 0.0000000000000000000 ) ) ;
#4540 = CARTESIAN_POINT ( 'NONE',  ( 4.879675921659459600, 0.5096826248458689000, 0.0000000000000000000 ) ) ;
#4541 = DIRECTION ( 'NONE',  ( 0.0000000000000000000, 0.0000000000000000000, 1.000000000000000000 ) ) ;
#4542 = ADVANCED_FACE ( 'NONE', ( #9255 ), #611, .T. ) ;
#4543 = AXIS2_PLACEMENT_3D ( 'NONE', #6694, #7532, #2685 ) ;
#4544 = LINE ( 'NONE', #920, #4792 ) ;
#4545 = DIRECTION ( 'NONE',  ( -0.7071067811865456900, -0.7071067811865494600, 0.0000000000000000000 ) ) ;
#4546 = ORIENTED_EDGE ( 'NONE', *, *, #8110, .T. ) ;
#4547 = PLANE ( 'NONE',  #7215 ) ;
#4548 = DIRECTION ( 'NONE',  ( -0.7071067811865493500, -0.7071067811865456900, 0.0000000000000000000 ) ) ;
#4549 = ORIENTED_EDGE ( 'NONE', *, *, #2, .F. ) ;
#4550 = EDGE_CURVE ( 'NONE', #4097, #5429, #4906, .T. ) ;
#4551 = AXIS2_PLACEMENT_3D ( 'NONE', #9873, #1748, #7424 ) ;
#4552 = LINE ( 'NONE', #4325, #2152 ) ;
#4553 = ORIENTED_EDGE ( 'NONE', *, *, #830, .T. ) ;
#4554 = CARTESIAN_POINT ( 'NONE',  ( 4.704675921660172100, -0.04031737515379178000, 0.1000000000000000100 ) ) ;
#4555 = AXIS2_PLACEMENT_3D ( 'NONE', #8909, #4024, #9740 ) ;
#4556 = SURFACE_STYLE_USAGE ( .BOTH. , #9457 ) ;
#4557 = ORIENTED_EDGE ( 'NONE', *, *, #3814, .T. ) ;
#4558 = VERTEX_POINT ( 'NONE', #3881 ) ;
#4559 = DIRECTION ( 'NONE',  ( -1.000000000000000000, -1.577021341803359400E-015, 0.0000000000000000000 ) ) ;
#4560 = CARTESIAN_POINT ( 'NONE',  ( 5.304675921659713500, 0.04468262484602203400, 0.0000000000000000000 ) ) ;
#4561 = LINE ( 'NONE', #6383, #2164 ) ;
#4562 = EDGE_LOOP ( 'NONE', ( #9398, #1410, #3663, #3969 ) ) ;
#4563 = EDGE_LOOP ( 'NONE', ( #6848, #756, #5358, #681 ) ) ;
#4564 = ORIENTED_EDGE ( 'NONE', *, *, #6629, .F. ) ;
#4565 = ORIENTED_EDGE ( 'NONE', *, *, #2555, .F. ) ;
#4566 = EDGE_CURVE ( 'NONE', #2533, #9187, #9002, .T. ) ;
#4567 = EDGE_CURVE ( 'NONE', #3338, #1647, #2775, .T. ) ;
#4568 = CARTESIAN_POINT ( 'NONE',  ( 4.837351104144149300, 0.1596826248457989800, 0.1000000000000000100 ) ) ;
#4569 = DIRECTION ( 'NONE',  ( -0.7071067811865456900, -0.7071067811865494600, 0.0000000000000000000 ) ) ;
#4570 = DIRECTION ( 'NONE',  ( -1.000000000000000000, 0.0000000000000000000, 0.0000000000000000000 ) ) ;
#4571 = FACE_OUTER_BOUND ( 'NONE', #8181, .T. ) ;
#4572 = VECTOR ( 'NONE', #8866, 1000.000000000000000 ) ;
#4573 = ORIENTED_EDGE ( 'NONE', *, *, #7284, .T. ) ;
#4575 = ORIENTED_EDGE ( 'NONE', *, *, #8606, .T. ) ;
#4574 = DIRECTION ( 'NONE',  ( -0.7071067811865474600, 0.7071067811865474600, 0.0000000000000000000 ) ) ;
#4576 = EDGE_LOOP ( 'NONE', ( #5336, #8813, #7319, #6556, #6947, #3330 ) ) ;
#4577 = CARTESIAN_POINT ( 'NONE',  ( 5.354675921659713300, 0.09468262484602099600, 0.0000000000000000000 ) ) ;
#4578 = ADVANCED_FACE ( 'NONE', ( #2506 ), #6312, .F. ) ;
#4579 = EDGE_CURVE ( 'NONE', #630, #3575, #6553, .T. ) ;
#4580 = CARTESIAN_POINT ( 'NONE',  ( 5.354675921659710600, 0.4646826248459103900, 0.0000000000000000000 ) ) ;
#4581 = EDGE_CURVE ( 'NONE', #3103, #3672, #4391, .T. ) ;
#4582 = FACE_OUTER_BOUND ( 'NONE', #5824, .T. ) ;
#4583 = COLOUR_RGB ( '',0.7921568627450980000, 0.8196078431372548800, 0.9333333333333333500 ) ;
#4584 = EDGE_LOOP ( 'NONE', ( #1349, #2130, #2719, #10283 ) ) ;
#4585 = ORIENTED_EDGE ( 'NONE', *, *, #6115, .F. ) ;
#4586 = ORIENTED_EDGE ( 'NONE', *, *, #5637, .T. ) ;
#4587 = DIRECTION ( 'NONE',  ( 1.000000000000000000, 0.0000000000000000000, 0.0000000000000000000 ) ) ;
#4588 = ORIENTED_EDGE ( 'NONE', *, *, #6875, .T. ) ;
#4589 = ORIENTED_EDGE ( 'NONE', *, *, #765, .T. ) ;
#4590 = EDGE_LOOP ( 'NONE', ( #1171, #4492, #6009, #9714, #879, #4320 ) ) ;
#4591 = CARTESIAN_POINT ( 'NONE',  ( 5.754675921660088500, 0.3846826248450256900, -0.1000000000000000100 ) ) ;
#4592 = DIRECTION ( 'NONE',  ( 1.000000000000000000, 0.0000000000000000000, -0.0000000000000000000 ) ) ;
#4593 = LINE ( 'NONE', #6012, #6235 ) ;
#4594 = ADVANCED_FACE ( 'NONE', ( #64 ), #8792, .T. ) ;
#4595 = VERTEX_POINT ( 'NONE', #6350 ) ;
#4596 = VECTOR ( 'NONE', #9598, 1000.000000000000000 ) ;
#4597 = LINE ( 'NONE', #3107, #4458 ) ;
#4598 = DIRECTION ( 'NONE',  ( -0.0000000000000000000, -0.0000000000000000000, -1.000000000000000000 ) ) ;
#4599 = VERTEX_POINT ( 'NONE', #3144 ) ;
#4600 = CARTESIAN_POINT ( 'NONE',  ( 4.604675921659691100, 1.459682624844767000, -0.1000000000000000100 ) ) ;
#4601 = EDGE_LOOP ( 'NONE', ( #8287, #7762, #552, #2094 ) ) ;
#4602 = VECTOR ( 'NONE', #376, 1000.000000000000000 ) ;
#4603 = AXIS2_PLACEMENT_3D ( 'NONE', #1321, #10253, #9432 ) ;
#4604 = DIRECTION ( 'NONE',  ( 0.0000000000000000000, 0.0000000000000000000, 1.000000000000000000 ) ) ;
#4605 = FACE_OUTER_BOUND ( 'NONE', #5048, .T. ) ;
#4606 = DIRECTION ( 'NONE',  ( 1.000000000000000000, 0.0000000000000000000, 0.0000000000000000000 ) ) ;
#4607 = ORIENTED_EDGE ( 'NONE', *, *, #547, .T. ) ;
#4608 = DIRECTION ( 'NONE',  ( -0.0000000000000000000, 1.000000000000000000, -0.0000000000000000000 ) ) ;
#4609 = CARTESIAN_POINT ( 'NONE',  ( 5.154675921659469800, 0.3996826248457591200, 0.0000000000000000000 ) ) ;
#4610 = ORIENTED_EDGE ( 'NONE', *, *, #4296, .F. ) ;
#4611 = EDGE_CURVE ( 'NONE', #2824, #3096, #6796, .T. ) ;
#4612 = LINE ( 'NONE', #9654, #297 ) ;
#4613 = DIRECTION ( 'NONE',  ( 1.000000000000000000, 0.0000000000000000000, 0.0000000000000000000 ) ) ;
#4614 = DIRECTION ( 'NONE',  ( 0.4705882352953579300, 0.8823529411758090900, -0.0000000000000000000 ) ) ;
#4615 = LINE ( 'NONE', #4840, #2473 ) ;
#4616 = VECTOR ( 'NONE', #2549, 1000.000000000000000 ) ;
#4617 = ORIENTED_EDGE ( 'NONE', *, *, #6538, .F. ) ;
#4618 = AXIS2_PLACEMENT_3D ( 'NONE', #2909, #8602, #3721 ) ;
#4619 = DIRECTION ( 'NONE',  ( 0.0000000000000000000, -1.000000000000000000, 0.0000000000000000000 ) ) ;
#4620 = ORIENTED_EDGE ( 'NONE', *, *, #8697, .T. ) ;
#4621 = ORIENTED_EDGE ( 'NONE', *, *, #2710, .T. ) ;
#4622 = DIRECTION ( 'NONE',  ( 0.0000000000000000000, 0.0000000000000000000, 1.000000000000000000 ) ) ;
#4623 = VECTOR ( 'NONE', #1695, 1000.000000000000000 ) ;
#4624 = CARTESIAN_POINT ( 'NONE',  ( 4.837351104144149300, 0.1596826248457989800, 0.0000000000000000000 ) ) ;
#4625 = LINE ( 'NONE', #7551, #312 ) ;
#4626 = DIRECTION ( 'NONE',  ( -0.0000000000000000000, -0.0000000000000000000, -1.000000000000000000 ) ) ;
#4627 = DIRECTION ( 'NONE',  ( 0.8823529411758090900, -0.4705882352953579800, 0.0000000000000000000 ) ) ;
#4628 = DIRECTION ( 'NONE',  ( -0.0000000000000000000, -0.0000000000000000000, -1.000000000000000000 ) ) ;
#4629 = CARTESIAN_POINT ( 'NONE',  ( 4.954675921659327500, -0.1153173751538373000, -0.1000000000000000100 ) ) ;
#4630 = EDGE_CURVE ( 'NONE', #8354, #7377, #6293, .T. ) ;
#4631 = AXIS2_PLACEMENT_3D ( 'NONE', #5003, #136, #3415 ) ;
#4632 = DIRECTION ( 'NONE',  ( 0.0000000000000000000, 0.0000000000000000000, -1.000000000000000000 ) ) ;
#4633 = EDGE_CURVE ( 'NONE', #5380, #4558, #4138, .T. ) ;
#4634 = LINE ( 'NONE', #1053, #1974 ) ;
#4635 = ADVANCED_FACE ( 'NONE', ( #6031 ), #8034, .F. ) ;
#4636 = MANIFOLD_SOLID_BREP ( '相交1[4]', #4253 ) ;
#4637 = VERTEX_POINT ( 'NONE', #3216 ) ;
#4638 = VECTOR ( 'NONE', #7811, 1000.000000000000000 ) ;
#4639 = AXIS2_PLACEMENT_3D ( 'NONE', #5053, #7517, #2664 ) ;
#4640 = PLANE ( 'NONE',  #7873 ) ;
#4641 = CARTESIAN_POINT ( 'NONE',  ( 5.754675921660088500, -0.1153173751549743100, 0.0000000000000000000 ) ) ;
#4642 = LINE ( 'NONE', #1140, #4382 ) ;
#4643 = PLANE ( 'NONE',  #10237 ) ;
#4644 = DIRECTION ( 'NONE',  ( -0.7071067811865474600, 0.7071067811865474600, 0.0000000000000000000 ) ) ;
#4645 = EDGE_CURVE ( 'NONE', #8610, #8698, #5271, .T. ) ;
#4646 = ORIENTED_EDGE ( 'NONE', *, *, #8648, .T. ) ;
#4647 = EDGE_CURVE ( 'NONE', #8239, #5681, #3898, .T. ) ;
#4648 = LINE ( 'NONE', #4825, #6791 ) ;
#4649 = ADVANCED_FACE ( 'NONE', ( #7192 ), #5640, .T. ) ;
#4650 = DIRECTION ( 'NONE',  ( 0.0000000000000000000, 0.0000000000000000000, 1.000000000000000000 ) ) ;
#4651 = CARTESIAN_POINT ( 'NONE',  ( 0.0000000000000000000, 0.0000000000000000000, -0.1000000000000000100 ) ) ;
#4652 = CARTESIAN_POINT ( 'NONE',  ( 6.104675921659724800, -0.4153173751542453800, 0.7499999999999998900 ) ) ;
#4653 = VECTOR ( 'NONE', #4678, 1000.000000000000000 ) ;
#4654 = CARTESIAN_POINT ( 'NONE',  ( 4.954675921659530900, -0.3153173751544004500, 0.1000000000000000100 ) ) ;
#4655 = VERTEX_POINT ( 'NONE', #8905 ) ;
#4656 = CARTESIAN_POINT ( 'NONE',  ( 5.354675921659711500, 0.2446826248459105500, 0.1000000000000000100 ) ) ;
#4657 = LINE ( 'NONE', #1874, #9005 ) ;
#4658 = CARTESIAN_POINT ( 'NONE',  ( 5.219675921659555400, 1.103366499252897800, 0.0000000000000000000 ) ) ;
#4659 = EDGE_LOOP ( 'NONE', ( #3557, #9958, #9548, #725 ) ) ;
#4660 = AXIS2_PLACEMENT_3D ( 'NONE', #6954, #10271, #5365 ) ;
#4661 = DIRECTION ( 'NONE',  ( 0.0000000000000000000, 0.0000000000000000000, 1.000000000000000000 ) ) ;
#4662 = EDGE_CURVE ( 'NONE', #7501, #1111, #8744, .T. ) ;
#4663 = CARTESIAN_POINT ( 'NONE',  ( 0.0000000000000000000, 0.0000000000000000000, 0.0000000000000000000 ) ) ;
#4664 = ORIENTED_EDGE ( 'NONE', *, *, #3504, .F. ) ;
#4665 = CARTESIAN_POINT ( 'NONE',  ( 5.304675921659710800, 0.7846826248458012000, 0.1000000000000000100 ) ) ;
#4666 = FACE_OUTER_BOUND ( 'NONE', #543, .T. ) ;
#4667 = ORIENTED_EDGE ( 'NONE', *, *, #5868, .F. ) ;
#4668 = DIRECTION ( 'NONE',  ( 1.000000000000000000, 0.0000000000000000000, -0.0000000000000000000 ) ) ;
#4669 = CARTESIAN_POINT ( 'NONE',  ( 6.104675921659724800, -0.2903173751547013500, -0.1000000000000000100 ) ) ;
#4670 = DIRECTION ( 'NONE',  ( 1.000000000000000000, 0.0000000000000000000, 0.0000000000000000000 ) ) ;
#4671 = DIRECTION ( 'NONE',  ( 0.0000000000000000000, -1.000000000000000000, 0.0000000000000000000 ) ) ;
#4672 = LINE ( 'NONE', #7770, #358 ) ;
#4673 = PLANE ( 'NONE',  #7196 ) ;
#4674 = ORIENTED_EDGE ( 'NONE', *, *, #9584, .F. ) ;
#4675 = VERTEX_POINT ( 'NONE', #2434 ) ;
#4676 = ORIENTED_EDGE ( 'NONE', *, *, #8731, .F. ) ;
#4677 = ADVANCED_FACE ( 'NONE', ( #5024 ), #8106, .F. ) ;
#4678 = DIRECTION ( 'NONE',  ( 1.000000000000000000, -0.0000000000000000000, -0.0000000000000000000 ) ) ;
#4679 = LINE ( 'NONE', #10561, #369 ) ;
#4680 = ORIENTED_EDGE ( 'NONE', *, *, #4987, .F. ) ;
#4681 = VERTEX_POINT ( 'NONE', #10578 ) ;
#4682 = DIRECTION ( 'NONE',  ( -0.0000000000000000000, -0.0000000000000000000, -1.000000000000000000 ) ) ;
#4683 = ORIENTED_EDGE ( 'NONE', *, *, #6463, .F. ) ;
#4684 = CARTESIAN_POINT ( 'NONE',  ( 5.004675921659327300, 1.209682624845298500, 0.0000000000000000000 ) ) ;
#4685 = EDGE_CURVE ( 'NONE', #7872, #10448, #714, .T. ) ;
#4686 = AXIS2_PLACEMENT_3D ( 'NONE', #8217, #9880, #4975 ) ;
#4687 = EDGE_CURVE ( 'NONE', #3246, #1900, #9383, .T. ) ;
#4688 = CARTESIAN_POINT ( 'NONE',  ( 6.104675921659724800, -0.4153173751542453800, -0.1000000000000000100 ) ) ;
#4689 = LINE ( 'NONE', #3655, #8783 ) ;
#4690 = PLANE ( 'NONE',  #6943 ) ;
#4691 = VECTOR ( 'NONE', #2978, 1000.000000000000000 ) ;
#4692 = ADVANCED_FACE ( 'NONE', ( #464 ), #8981, .T. ) ;
#4693 = ORIENTED_EDGE ( 'NONE', *, *, #4765, .T. ) ;
#4694 = DIRECTION ( 'NONE',  ( 1.000000000000000000, 2.602085213967194600E-015, 0.0000000000000000000 ) ) ;
#4695 = ORIENTED_EDGE ( 'NONE', *, *, #4236, .T. ) ;
#4696 = ORIENTED_EDGE ( 'NONE', *, *, #6731, .T. ) ;
#4697 = CARTESIAN_POINT ( 'NONE',  ( 6.004675921659183400, 0.2096826248452988400, 0.1000000000000000100 ) ) ;
#4698 = DIRECTION ( 'NONE',  ( 0.0000000000000000000, 0.0000000000000000000, 1.000000000000000000 ) ) ;
#4699 = COLOUR_RGB ( '',0.7921568627450980000, 0.8196078431372548800, 0.9333333333333333500 ) ;
#4700 = VECTOR ( 'NONE', #6569, 1000.000000000000000 ) ;
#4701 = EDGE_LOOP ( 'NONE', ( #364, #6359, #5911, #1617 ) ) ;
#4702 = EDGE_CURVE ( 'NONE', #3062, #5276, #4770, .T. ) ;
#4703 = LINE ( 'NONE', #1740, #391 ) ;
#4704 = ORIENTED_EDGE ( 'NONE', *, *, #7882, .T. ) ;
#4705 = ORIENTED_EDGE ( 'NONE', *, *, #7756, .F. ) ;
#4706 = VERTEX_POINT ( 'NONE', #1689 ) ;
#4707 = ORIENTED_EDGE ( 'NONE', *, *, #310, .F. ) ;
#4708 = CARTESIAN_POINT ( 'NONE',  ( 5.004675921659327300, 1.309682624845297700, -0.1000000000000000100 ) ) ;
#4709 = CARTESIAN_POINT ( 'NONE',  ( 4.954675921659327500, 0.7846826248462537300, 0.0000000000000000000 ) ) ;
#4710 = LINE ( 'NONE', #8789, #8686 ) ;
#4711 = AXIS2_PLACEMENT_3D ( 'NONE', #4853, #811, #6478 ) ;
#4712 = VECTOR ( 'NONE', #9506, 1000.000000000000000 ) ;
#4713 = ORIENTED_EDGE ( 'NONE', *, *, #1098, .T. ) ;
#4714 = DIRECTION ( 'NONE',  ( -1.000000000000000000, 0.0000000000000000000, 0.0000000000000000000 ) ) ;
#4715 = LINE ( 'NONE', #9888, #8809 ) ;
#4716 = VERTEX_POINT ( 'NONE', #4901 ) ;
#4717 = ORIENTED_EDGE ( 'NONE', *, *, #2315, .T. ) ;
#4718 = ORIENTED_EDGE ( 'NONE', *, *, #9025, .F. ) ;
#4719 = VERTEX_POINT ( 'NONE', #4118 ) ;
#4720 = EDGE_CURVE ( 'NONE', #2694, #4192, #6669, .T. ) ;
#4721 = CARTESIAN_POINT ( 'NONE',  ( 5.354675921659712400, 0.04468262484602120900, 0.1000000000000000100 ) ) ;
#4722 = EDGE_CURVE ( 'NONE', #6657, #993, #2632, .T. ) ;
#4723 = ORIENTED_EDGE ( 'NONE', *, *, #4402, .F. ) ;
#4724 = CIRCLE ( 'NONE', #9412, 0.04999999999999969700 ) ;
#4725 = ORIENTED_EDGE ( 'NONE', *, *, #8971, .F. ) ;
#4726 = LINE ( 'NONE', #10056, #2587 ) ;
#4727 = VECTOR ( 'NONE', #5139, 1000.000000000000000 ) ;
#4728 = ORIENTED_EDGE ( 'NONE', *, *, #5987, .F. ) ;
#4729 = EDGE_LOOP ( 'NONE', ( #9898, #8397, #5281, #1656 ) ) ;
#4730 = CARTESIAN_POINT ( 'NONE',  ( 6.104675921659724800, 0.7096826248452986500, 0.1000000000000000100 ) ) ;
#4731 = VECTOR ( 'NONE', #4140, 1000.000000000000000 ) ;
#4732 = PRESENTATION_LAYER_ASSIGNMENT (  '', '', ( #4182 ) ) ;
#4733 = VECTOR ( 'NONE', #9531, 1000.000000000000100 ) ;
#4734 = ADVANCED_FACE ( 'NONE', ( #197 ), #5746, .F. ) ;
#4735 = LINE ( 'NONE', #3639, #7158 ) ;
#4736 = VERTEX_POINT ( 'NONE', #7391 ) ;
#4737 = AXIS2_PLACEMENT_3D ( 'NONE', #8801, #692, #6360 ) ;
#4738 = CARTESIAN_POINT ( 'NONE',  ( 4.923997467671501500, 0.2128096800578838100, 0.1000000000000000100 ) ) ;
#4739 = VERTEX_POINT ( 'NONE', #9036 ) ;
#4740 = CARTESIAN_POINT ( 'NONE',  ( 5.331678376745405700, -0.09620668375610630400, 0.1000000000000000100 ) ) ;
#4741 = LINE ( 'NONE', #4431, #6643 ) ;
#4742 = VECTOR ( 'NONE', #10203, 1000.000000000000000 ) ;
#4743 = CARTESIAN_POINT ( 'NONE',  ( 5.042175921659434400, 0.5996826248457302100, 0.0000000000000000000 ) ) ;
#4744 = ADVANCED_FACE ( 'NONE', ( #2124 ), #9876, .F. ) ;
#4745 = CARTESIAN_POINT ( 'NONE',  ( 5.704854054024949900, 0.1696826248459104600, 0.0000000000000000000 ) ) ;
#4746 = DIRECTION ( 'NONE',  ( 1.000000000000000000, -0.0000000000000000000, -0.0000000000000000000 ) ) ;
#4747 = ORIENTED_EDGE ( 'NONE', *, *, #9437, .F. ) ;
#4748 = LINE ( 'NONE', #7861, #2613 ) ;
#4749 = DIRECTION ( 'NONE',  ( 1.000000000000000000, -9.540979117872227600E-015, -0.0000000000000000000 ) ) ;
#4750 = EDGE_CURVE ( 'NONE', #754, #5805, #2385, .T. ) ;
#4751 = AXIS2_PLACEMENT_3D ( 'NONE', #10139, #8498, #5241 ) ;
#4752 = DIRECTION ( 'NONE',  ( 0.0000000000000000000, 0.0000000000000000000, 1.000000000000000000 ) ) ;
#4753 = DIRECTION ( 'NONE',  ( -1.000000000000000000, 0.0000000000000000000, 0.0000000000000000000 ) ) ;
#4754 = DIRECTION ( 'NONE',  ( -1.000000000000000000, 0.0000000000000000000, 0.0000000000000000000 ) ) ;
#4755 = FACE_OUTER_BOUND ( 'NONE', #6883, .T. ) ;
#4756 = CARTESIAN_POINT ( 'NONE',  ( 4.954675921659529100, 1.159682624845901600, 0.1000000000000000100 ) ) ;
#4757 = AXIS2_PLACEMENT_3D ( 'NONE', #8592, #5325, #476 ) ;
#4758 = DIRECTION ( 'NONE',  ( 8.402566836769125100E-016, -1.000000000000000000, 0.0000000000000000000 ) ) ;
#4759 = VERTEX_POINT ( 'NONE', #3351 ) ;
#4760 = VECTOR ( 'NONE', #10356, 1000.000000000000100 ) ;
#4761 = DIRECTION ( 'NONE',  ( 1.000000000000000000, 0.0000000000000000000, 0.0000000000000000000 ) ) ;
#4762 = CLOSED_SHELL ( 'NONE', ( #4314, #1839, #9987, #4954, #9359, #8817, #2199, #2941, #2955, #7204, #7146, #5495, #10542, #4787, #4635, #9422, #10102, #10588, #8321, #8865 ) ) ;
#4763 = VECTOR ( 'NONE', #2528, 1000.000000000000000 ) ;
#4764 = DIRECTION ( 'NONE',  ( 1.000000000000000000, 0.0000000000000000000, 0.0000000000000000000 ) ) ;
#4765 = EDGE_CURVE ( 'NONE', #4655, #1179, #8614, .T. ) ;
#4766 = EDGE_CURVE ( 'NONE', #2179, #6630, #4257, .T. ) ;
#4767 = CARTESIAN_POINT ( 'NONE',  ( 5.257423324848843100, 1.136155728467158200, 0.1000000000000000100 ) ) ;
#4768 = ORIENTED_EDGE ( 'NONE', *, *, #4811, .F. ) ;
#4769 = CARTESIAN_POINT ( 'NONE',  ( 4.754675921659554700, 0.1596826248457989800, 0.0000000000000000000 ) ) ;
#4770 = CIRCLE ( 'NONE', #9777, 0.04999999999999969700 ) ;
#4771 = ORIENTED_EDGE ( 'NONE', *, *, #2625, .T. ) ;
#4772 = AXIS2_PLACEMENT_3D ( 'NONE', #6252, #7068, #10344 ) ;
#4773 = LINE ( 'NONE', #1229, #5027 ) ;
#4774 = CARTESIAN_POINT ( 'NONE',  ( 5.451928518470427100, 1.136155728467002700, 0.1000000000000000100 ) ) ;
#4775 =( NAMED_UNIT ( * ) PLANE_ANGLE_UNIT ( ) SI_UNIT ( $, .RADIAN. ) );
#4776 = VERTEX_POINT ( 'NONE', #5803 ) ;
#4777 = CARTESIAN_POINT ( 'NONE',  ( 5.754675921660088500, 0.8846826248450256900, -0.1000000000000000100 ) ) ;
#4778 = DIRECTION ( 'NONE',  ( 1.000000000000000000, -3.942553354508385700E-016, 0.0000000000000000000 ) ) ;
#4779 = DIRECTION ( 'NONE',  ( -2.408418309332321600E-015, -1.000000000000000000, 0.0000000000000000000 ) ) ;
#4780 = EDGE_CURVE ( 'NONE', #7913, #5233, #6162, .T. ) ;
#4781 = EDGE_CURVE ( 'NONE', #9430, #4319, #8868, .T. ) ;
#4782 = ORIENTED_EDGE ( 'NONE', *, *, #9778, .T. ) ;
#4783 = DIRECTION ( 'NONE',  ( 1.262831698822006900E-014, -1.000000000000000000, 0.0000000000000000000 ) ) ;
#4784 = FACE_BOUND ( 'NONE', #7530, .T. ) ;
#4785 = LINE ( 'NONE', #2348, #6681 ) ;
#4786 = ORIENTED_EDGE ( 'NONE', *, *, #8760, .T. ) ;
#4787 = ADVANCED_FACE ( 'NONE', ( #1873 ), #3764, .T. ) ;
#4788 = CARTESIAN_POINT ( 'NONE',  ( 5.829675921660304500, 0.2846826248455150400, -0.1000000000000000100 ) ) ;
#4789 = CARTESIAN_POINT ( 'NONE',  ( 4.704675921658918000, 0.2096826248464359600, 0.1000000000000000100 ) ) ;
#4790 = PLANE ( 'NONE',  #6716 ) ;
#4791 = AXIS2_PLACEMENT_3D ( 'NONE', #1269, #10127, #656 ) ;
#4792 = VECTOR ( 'NONE', #8234, 1000.000000000000000 ) ;
#4793 = VERTEX_POINT ( 'NONE', #5843 ) ;
#4794 = CARTESIAN_POINT ( 'NONE',  ( 5.054675921659471000, 0.2496826248458502400, 0.0000000000000000000 ) ) ;
#4795 = CARTESIAN_POINT ( 'NONE',  ( 5.219675921659555400, 1.103366499252897800, 0.1000000000000000100 ) ) ;
#4796 = CARTESIAN_POINT ( 'NONE',  ( 5.829675921659729800, 0.6596826248457794400, 0.1000000000000000100 ) ) ;
#4797 = ORIENTED_EDGE ( 'NONE', *, *, #5300, .F. ) ;
#4798 = ORIENTED_EDGE ( 'NONE', *, *, #7198, .F. ) ;
#4799 = ADVANCED_FACE ( 'NONE', ( #5907 ), #10014, .F. ) ;
#4800 = CARTESIAN_POINT ( 'NONE',  ( 5.354675921659710600, 0.7846826248458012000, 0.1000000000000000100 ) ) ;
#4801 = VERTEX_POINT ( 'NONE', #2642 ) ;
#4802 = CARTESIAN_POINT ( 'NONE',  ( 5.829675921659906600, 0.4596826248450711600, -0.1000000000000000100 ) ) ;
#4803 = DIRECTION ( 'NONE',  ( 1.000000000000000000, 2.409338161081291000E-015, 0.0000000000000000000 ) ) ;
#4804 = VECTOR ( 'NONE', #2680, 1000.000000000000000 ) ;
#4805 = ORIENTED_EDGE ( 'NONE', *, *, #1250, .T. ) ;
#4806 = PRESENTATION_STYLE_ASSIGNMENT (( #3471 ) ) ;
#4807 = ORIENTED_EDGE ( 'NONE', *, *, #74, .F. ) ;
#4808 = ORIENTED_EDGE ( 'NONE', *, *, #5974, .F. ) ;
#4809 = EDGE_CURVE ( 'NONE', #10352, #2069, #1623, .T. ) ;
#4810 =( GEOMETRIC_REPRESENTATION_CONTEXT ( 3 ) GLOBAL_UNCERTAINTY_ASSIGNED_CONTEXT ( ( #8555 ) ) GLOBAL_UNIT_ASSIGNED_CONTEXT ( ( #9866, #4950, #81 ) ) REPRESENTATION_CONTEXT ( 'NONE', 'WORKASPACE' ) );
#4811 = EDGE_CURVE ( 'NONE', #1957, #177, #4021, .T. ) ;
#4812 = CARTESIAN_POINT ( 'NONE',  ( 5.489675921659714000, 1.103366499252744100, 0.0000000000000000000 ) ) ;
#4813 = CARTESIAN_POINT ( 'NONE',  ( 5.304675921659713500, -0.05180946618659731900, 0.1000000000000000100 ) ) ;
#4814 = LINE ( 'NONE', #3057, #2678 ) ;
#4815 = AXIS2_PLACEMENT_3D ( 'NONE', #3301, #9000, #4107 ) ;
#4816 = ORIENTED_EDGE ( 'NONE', *, *, #7429, .T. ) ;
#4817 = ORIENTED_EDGE ( 'NONE', *, *, #3356, .F. ) ;
#4818 = ORIENTED_EDGE ( 'NONE', *, *, #6203, .F. ) ;
#4819 = CARTESIAN_POINT ( 'NONE',  ( 4.879675921659459600, 1.009682624845825900, 0.0000000000000000000 ) ) ;
#4820 = CARTESIAN_POINT ( 'NONE',  ( 4.954675921659529100, 1.159682624845901600, 0.1000000000000000100 ) ) ;
#4821 = DIRECTION ( 'NONE',  ( 0.0000000000000000000, 0.0000000000000000000, 1.000000000000000000 ) ) ;
#4822 = CARTESIAN_POINT ( 'NONE',  ( 6.004675921659153200, 0.7096826248452987600, 0.1000000000000000100 ) ) ;
#4823 = DIRECTION ( 'NONE',  ( 1.000000000000000000, 0.0000000000000000000, 0.0000000000000000000 ) ) ;
#4824 = LINE ( 'NONE', #6422, #6717 ) ;
#4825 = CARTESIAN_POINT ( 'NONE',  ( 6.104675921659724800, 0.9596826248450711600, -0.1000000000000000100 ) ) ;
#4826 = VECTOR ( 'NONE', #1789, 1000.000000000000000 ) ;
#4827 = ORIENTED_EDGE ( 'NONE', *, *, #2248, .T. ) ;
#4828 = ORIENTED_EDGE ( 'NONE', *, *, #164, .F. ) ;
#4829 = VERTEX_POINT ( 'NONE', #205 ) ;
#4830 = EDGE_CURVE ( 'NONE', #501, #393, #1355, .T. ) ;
#4831 = AXIS2_PLACEMENT_3D ( 'NONE', #3178, #3984, #9696 ) ;
#4832 = EDGE_CURVE ( 'NONE', #1069, #4090, #10273, .T. ) ;
#4833 = CARTESIAN_POINT ( 'NONE',  ( 5.148821372569150500, 0.9846826248460804900, 0.1000000000000000100 ) ) ;
#4834 = CARTESIAN_POINT ( 'NONE',  ( 5.659509715401691600, 0.6146826248458012700, 0.0000000000000000000 ) ) ;
#4835 = VECTOR ( 'NONE', #2731, 1000.000000000000000 ) ;
#4836 = CARTESIAN_POINT ( 'NONE',  ( 5.304675921659713500, -0.05180946618659731900, 0.0000000000000000000 ) ) ;
#4837 = PLANE ( 'NONE',  #882 ) ;
#4838 = FACE_OUTER_BOUND ( 'NONE', #2797, .T. ) ;
#4839 = AXIS2_PLACEMENT_3D ( 'NONE', #6338, #7166, #2321 ) ;
#4840 = CARTESIAN_POINT ( 'NONE',  ( 4.729675921659755000, -0.3153173751544010000, 0.0000000000000000000 ) ) ;
#4841 = ORIENTED_EDGE ( 'NONE', *, *, #4685, .T. ) ;
#4842 = VERTEX_POINT ( 'NONE', #2677 ) ;
#4843 = VERTEX_POINT ( 'NONE', #9181 ) ;
#4844 = VERTEX_POINT ( 'NONE', #4285 ) ;
#4845 = CARTESIAN_POINT ( 'NONE',  ( 5.829675921660304500, 1.384682624845977400, -0.1000000000000000100 ) ) ;
#4846 = ORIENTED_EDGE ( 'NONE', *, *, #2487, .T. ) ;
#4847 = CARTESIAN_POINT ( 'NONE',  ( 4.604675921659691100, -0.04031737515379176000, -0.1000000000000000100 ) ) ;
#4848 = CARTESIAN_POINT ( 'NONE',  ( 4.879675921659459600, 1.009682624845825900, 0.1000000000000000100 ) ) ;
#4849 = EDGE_CURVE ( 'NONE', #4272, #8936, #3266, .T. ) ;
#4850 = VERTEX_POINT ( 'NONE', #3487 ) ;
#4851 = FACE_OUTER_BOUND ( 'NONE', #9208, .T. ) ;
#4852 = EDGE_CURVE ( 'NONE', #1556, #1676, #7823, .T. ) ;
#4853 = CARTESIAN_POINT ( 'NONE',  ( 4.704675921660172100, -0.04031737515379178000, 0.1000000000000000100 ) ) ;
#4854 = ORIENTED_EDGE ( 'NONE', *, *, #1300, .F. ) ;
#4855 = FACE_OUTER_BOUND ( 'NONE', #6979, .T. ) ;
#4856 = VECTOR ( 'NONE', #1433, 1000.000000000000200 ) ;
#4857 = CARTESIAN_POINT ( 'NONE',  ( 5.829675921660020200, 0.3846826248451393200, 0.0000000000000000000 ) ) ;
#4858 = DIRECTION ( 'NONE',  ( 1.000000000000000000, 0.0000000000000000000, -0.0000000000000000000 ) ) ;
#4859 = ORIENTED_EDGE ( 'NONE', *, *, #1980, .F. ) ;
#4860 = CARTESIAN_POINT ( 'NONE',  ( 5.558906690890459900, 1.034682624845926400, 0.1000000000000000100 ) ) ;
#4861 = ADVANCED_FACE ( 'NONE', ( #9512 ), #10004, .F. ) ;
#4862 = ORIENTED_EDGE ( 'NONE', *, *, #1939, .F. ) ;
#4863 = LINE ( 'NONE', #1988, #544 ) ;
#4864 = CARTESIAN_POINT ( 'NONE',  ( 4.954675921659529100, 1.159682624845901600, 0.0000000000000000000 ) ) ;
#4865 = VECTOR ( 'NONE', #10586, 1000.000000000000000 ) ;
#4866 = STYLED_ITEM ( 'NONE', ( #4806 ), #343 ) ;
#4867 = CARTESIAN_POINT ( 'NONE',  ( 5.354675921659710600, 0.6146826248458015000, 0.0000000000000000000 ) ) ;
#4868 = CARTESIAN_POINT ( 'NONE',  ( 4.954675921659530000, 1.484682624845893300, 0.1000000000000000100 ) ) ;
#4869 = LINE ( 'NONE', #3817, #8961 ) ;
#4870 = ORIENTED_EDGE ( 'NONE', *, *, #3253, .T. ) ;
#4871 = EDGE_CURVE ( 'NONE', #649, #535, #5399, .T. ) ;
#4872 = ORIENTED_EDGE ( 'NONE', *, *, #6207, .T. ) ;
#4873 = CARTESIAN_POINT ( 'NONE',  ( 6.104675921659724800, 0.9596826248450711600, 0.1000000000000000100 ) ) ;
#4874 = EDGE_LOOP ( 'NONE', ( #6104, #3556, #774, #6052 ) ) ;
#4875 = LINE ( 'NONE', #7883, #2735 ) ;
#4876 = CARTESIAN_POINT ( 'NONE',  ( 5.354675921659711500, 0.2446826248459105500, 0.1000000000000000100 ) ) ;
#4877 = LINE ( 'NONE', #10495, #2740 ) ;
#4878 = FACE_OUTER_BOUND ( 'NONE', #9350, .T. ) ;
#4879 = VERTEX_POINT ( 'NONE', #5949 ) ;
#4880 = CARTESIAN_POINT ( 'NONE',  ( 5.304675921659710800, 0.4146826248459104000, 0.1000000000000000100 ) ) ;
#4881 = CARTESIAN_POINT ( 'NONE',  ( 5.354675921659710600, 0.6646826248458013200, 0.1000000000000000100 ) ) ;
#4882 = VERTEX_POINT ( 'NONE', #280 ) ;
#4883 = CIRCLE ( 'NONE', #10222, 0.04999999999999883000 ) ;
#4884 = DIRECTION ( 'NONE',  ( 0.0000000000000000000, 0.0000000000000000000, -1.000000000000000000 ) ) ;
#4885 = CARTESIAN_POINT ( 'NONE',  ( 5.354675921659710600, 0.2946826248459104000, 0.1000000000000000100 ) ) ;
#4886 = VECTOR ( 'NONE', #9963, 1000.000000000000000 ) ;
#4887 = AXIS2_PLACEMENT_3D ( 'NONE', #7019, #1394, #7054 ) ;
#4888 = CARTESIAN_POINT ( 'NONE',  ( 5.054675921659471000, 0.6996826248457589400, 0.1000000000000000100 ) ) ;
#4889 = DIRECTION ( 'NONE',  ( 0.7036284662064633500, -0.7105680696062410800, 0.0000000000000000000 ) ) ;
#4890 = DIRECTION ( 'NONE',  ( -0.7071067811865474600, 0.7071067811865474600, 0.0000000000000000000 ) ) ;
#4891 = LINE ( 'NONE', #7441, #8983 ) ;
#4892 = DIRECTION ( 'NONE',  ( -0.0000000000000000000, -0.0000000000000000000, -1.000000000000000000 ) ) ;
#4893 = ORIENTED_EDGE ( 'NONE', *, *, #6671, .T. ) ;
#4894 = ORIENTED_EDGE ( 'NONE', *, *, #9231, .T. ) ;
#4895 = LINE ( 'NONE', #2072, #2762 ) ;
#4896 = VERTEX_POINT ( 'NONE', #10038 ) ;
#4897 = CARTESIAN_POINT ( 'NONE',  ( 6.104675921659724800, 1.209682624846421200, -0.1000000000000000100 ) ) ;
#4898 = EDGE_CURVE ( 'NONE', #8292, #2793, #7569, .T. ) ;
#4899 = AXIS2_PLACEMENT_3D ( 'NONE', #6931, #7035, #3007 ) ;
#4900 = EDGE_CURVE ( 'NONE', #7002, #3913, #9247, .T. ) ;
#4901 = CARTESIAN_POINT ( 'NONE',  ( 5.004675921659327300, 1.209682624845298500, 0.0000000000000000000 ) ) ;
#4902 = CIRCLE ( 'NONE', #6256, 0.04999999999999969700 ) ;
#4903 = VERTEX_POINT ( 'NONE', #1928 ) ;
#4904 = LINE ( 'NONE', #7992, #6288 ) ;
#4905 = CARTESIAN_POINT ( 'NONE',  ( 5.104675921659470800, 0.2996826248458500100, 0.1000000000000000100 ) ) ;
#4906 = LINE ( 'NONE', #2252, #594 ) ;
#4907 = ADVANCED_FACE ( 'NONE', ( #840 ), #3550, .T. ) ;
#4908 = DIRECTION ( 'NONE',  ( -0.0000000000000000000, 0.0000000000000000000, -1.000000000000000000 ) ) ;
#4909 = EDGE_LOOP ( 'NONE', ( #7105, #5566, #10574, #363 ) ) ;
#4910 = EDGE_CURVE ( 'NONE', #4453, #1393, #8996, .T. ) ;
#4911 = DIRECTION ( 'NONE',  ( -0.0000000000000000000, -0.0000000000000000000, -1.000000000000000000 ) ) ;
#4912 = EDGE_CURVE ( 'NONE', #5417, #5335, #4902, .T. ) ;
#4913 = CIRCLE ( 'NONE', #7428, 0.05000000000000056500 ) ;
#4914 = ORIENTED_EDGE ( 'NONE', *, *, #3095, .F. ) ;
#4915 = DIRECTION ( 'NONE',  ( 1.000000000000000000, 9.856383386270964100E-017, 0.0000000000000000000 ) ) ;
#4916 = DIRECTION ( 'NONE',  ( -1.000000000000000000, 0.0000000000000000000, 0.0000000000000000000 ) ) ;
#4917 = ORIENTED_EDGE ( 'NONE', *, *, #6417, .T. ) ;
#4918 = PLANE ( 'NONE',  #6450 ) ;
#4919 = FACE_OUTER_BOUND ( 'NONE', #2335, .T. ) ;
#4920 = DIRECTION ( 'NONE',  ( -0.0000000000000000000, -0.0000000000000000000, -1.000000000000000000 ) ) ;
#4921 = ORIENTED_EDGE ( 'NONE', *, *, #1517, .F. ) ;
#4922 = CARTESIAN_POINT ( 'NONE',  ( 5.304675921659710800, 0.6646826248458013200, 0.1000000000000000100 ) ) ;
#4923 = EDGE_CURVE ( 'NONE', #5749, #5553, #2767, .T. ) ;
#4924 = EDGE_CURVE ( 'NONE', #1493, #9803, #6788, .T. ) ;
#4925 = DIRECTION ( 'NONE',  ( -0.0000000000000000000, -0.0000000000000000000, -1.000000000000000000 ) ) ;
#4926 = PLANE ( 'NONE',  #3479 ) ;
#4927 = LINE ( 'NONE', #4471, #2792 ) ;
#4928 = DIRECTION ( 'NONE',  ( 0.0000000000000000000, 0.0000000000000000000, 1.000000000000000000 ) ) ;
#4929 = ORIENTED_EDGE ( 'NONE', *, *, #8539, .F. ) ;
#4930 = ORIENTED_EDGE ( 'NONE', *, *, #8349, .T. ) ;
#4931 = ORIENTED_EDGE ( 'NONE', *, *, #1477, .T. ) ;
#4932 = DIRECTION ( 'NONE',  ( 0.0000000000000000000, 0.0000000000000000000, 1.000000000000000000 ) ) ;
#4933 = DIRECTION ( 'NONE',  ( 0.0000000000000000000, -1.000000000000000000, 0.0000000000000000000 ) ) ;
#4934 = LINE ( 'NONE', #4003, #2801 ) ;
#4935 = CARTESIAN_POINT ( 'NONE',  ( 5.154675921659544400, 0.04968262484573977200, 0.1000000000000000100 ) ) ;
#4936 = CARTESIAN_POINT ( 'NONE',  ( 5.829675921660304500, -0.2153173751544850400, 0.0000000000000000000 ) ) ;
#4937 = ORIENTED_EDGE ( 'NONE', *, *, #1065, .T. ) ;
#4938 = EDGE_LOOP ( 'NONE', ( #4081, #2814, #4327, #3927 ) ) ;
#4939 = ORIENTED_EDGE ( 'NONE', *, *, #4871, .F. ) ;
#4940 = CARTESIAN_POINT ( 'NONE',  ( 5.680225974296362800, 0.4646826248459103300, 0.0000000000000000000 ) ) ;
#4941 = AXIS2_PLACEMENT_3D ( 'NONE', #155, #2622, #8304 ) ;
#4942 = CARTESIAN_POINT ( 'NONE',  ( 5.754675921660088500, 0.8846826248450256900, -0.1000000000000000100 ) ) ;
#4943 = FACE_OUTER_BOUND ( 'NONE', #2564, .T. ) ;
#4944 = LINE ( 'NONE', #9622, #4691 ) ;
#4945 = ORIENTED_EDGE ( 'NONE', *, *, #2627, .F. ) ;
#4946 = EDGE_CURVE ( 'NONE', #7093, #8029, #4642, .T. ) ;
#4947 = ORIENTED_EDGE ( 'NONE', *, *, #10057, .T. ) ;
#4948 = ORIENTED_EDGE ( 'NONE', *, *, #4722, .F. ) ;
#4949 = DIRECTION ( 'NONE',  ( 0.0000000000000000000, 1.000000000000000000, 0.0000000000000000000 ) ) ;
#4950 =( NAMED_UNIT ( * ) PLANE_ANGLE_UNIT ( ) SI_UNIT ( $, .RADIAN. ) );
#4951 = ORIENTED_EDGE ( 'NONE', *, *, #1980, .T. ) ;
#4952 = CARTESIAN_POINT ( 'NONE',  ( 5.754675921660088500, 0.8846826248450256900, -0.1000000000000000100 ) ) ;
#4953 = LINE ( 'NONE', #8531, #2819 ) ;
#4954 = ADVANCED_FACE ( 'NONE', ( #2243 ), #1990, .F. ) ;
#4955 = VECTOR ( 'NONE', #8548, 1000.000000000000000 ) ;
#4956 = ORIENTED_EDGE ( 'NONE', *, *, #8469, .T. ) ;
#4957 = PLANE ( 'NONE',  #4551 ) ;
#4958 = LINE ( 'NONE', #5789, #2822 ) ;
#4959 = ORIENTED_EDGE ( 'NONE', *, *, #7231, .F. ) ;
#4960 = ORIENTED_EDGE ( 'NONE', *, *, #1174, .T. ) ;
#4961 = VERTEX_POINT ( 'NONE', #7667 ) ;
#4962 = DIRECTION ( 'NONE',  ( 0.0000000000000000000, 0.0000000000000000000, 1.000000000000000000 ) ) ;
#4963 = VECTOR ( 'NONE', #6347, 1000.000000000000000 ) ;
#4964 = ORIENTED_EDGE ( 'NONE', *, *, #10161, .T. ) ;
#4965 = EDGE_CURVE ( 'NONE', #8315, #3436, #325, .T. ) ;
#4966 = VECTOR ( 'NONE', #1373, 1000.000000000000100 ) ;
#4967 = EDGE_CURVE ( 'NONE', #7831, #6230, #6544, .T. ) ;
#4968 = EDGE_LOOP ( 'NONE', ( #9026, #4971, #2459, #2077 ) ) ;
#4970 = VERTEX_POINT ( 'NONE', #4424 ) ;
#4969 = CARTESIAN_POINT ( 'NONE',  ( 4.704675921658918000, -0.2903173751535640400, 0.1000000000000000100 ) ) ;
#4971 = ORIENTED_EDGE ( 'NONE', *, *, #3891, .F. ) ;
#4972 = ORIENTED_EDGE ( 'NONE', *, *, #5042, .T. ) ;
#4973 = DIRECTION ( 'NONE',  ( 1.000000000000000000, 0.0000000000000000000, -0.0000000000000000000 ) ) ;
#4974 = VERTEX_POINT ( 'NONE', #7695 ) ;
#4975 = DIRECTION ( 'NONE',  ( 0.0000000000000000000, 0.0000000000000000000, 1.000000000000000000 ) ) ;
#4976 = VECTOR ( 'NONE', #1426, 1000.000000000000000 ) ;
#4977 = AXIS2_PLACEMENT_3D ( 'NONE', #727, #6407, #1558 ) ;
#4978 = DIRECTION ( 'NONE',  ( 0.7071067811865474600, -0.7071067811865474600, 0.0000000000000000000 ) ) ;
#4979 = ORIENTED_EDGE ( 'NONE', *, *, #3908, .F. ) ;
#4980 = CARTESIAN_POINT ( 'NONE',  ( 5.354675921659710600, 0.6146826248458015000, 0.1000000000000000100 ) ) ;
#4981 = VECTOR ( 'NONE', #3501, 1000.000000000000000 ) ;
#4982 = VECTOR ( 'NONE', #8403, 1000.000000000000000 ) ;
#4983 = CARTESIAN_POINT ( 'NONE',  ( 4.923997467671501500, 0.2128096800578838100, 0.1000000000000000100 ) ) ;
#4984 = ORIENTED_EDGE ( 'NONE', *, *, #7301, .F. ) ;
#4985 = CARTESIAN_POINT ( 'NONE',  ( 5.829675921659906600, -0.04031737515492882200, -0.1000000000000000100 ) ) ;
#4986 = EDGE_CURVE ( 'NONE', #958, #1302, #4130, .T. ) ;
#4987 = EDGE_CURVE ( 'NONE', #3607, #2888, #10392, .T. ) ;
#4988 = CARTESIAN_POINT ( 'NONE',  ( 5.754675921660088500, -0.2153173751548833300, -0.1000000000000000100 ) ) ;
#4989 = ORIENTED_EDGE ( 'NONE', *, *, #1591, .T. ) ;
#4990 = LINE ( 'NONE', #876, #4731 ) ;
#4991 = ORIENTED_EDGE ( 'NONE', *, *, #3908, .T. ) ;
#4992 = LINE ( 'NONE', #8334, #684 ) ;
#4993 = CARTESIAN_POINT ( 'NONE',  ( 5.269675921659555200, 1.103366499252897800, 0.1000000000000000100 ) ) ;
#4994 = FACE_OUTER_BOUND ( 'NONE', #1758, .T. ) ;
#4995 = ORIENTED_EDGE ( 'NONE', *, *, #10467, .T. ) ;
#4996 = DIRECTION ( 'NONE',  ( -1.000000000000000000, 0.0000000000000000000, 0.0000000000000000000 ) ) ;
#4997 = DIRECTION ( 'NONE',  ( -0.7071067811865505700, -0.7071067811865444600, -0.0000000000000000000 ) ) ;
#4998 = ORIENTED_EDGE ( 'NONE', *, *, #7015, .F. ) ;
#4999 = VECTOR ( 'NONE', #5989, 1000.000000000000000 ) ;
#5000 = SURFACE_STYLE_USAGE ( .BOTH. , #1826 ) ;
#5001 = AXIS2_PLACEMENT_3D ( 'NONE', #8451, #1016, #2407 ) ;
#5002 = CARTESIAN_POINT ( 'NONE',  ( 4.729675921659755000, -0.3153173751544010000, 0.1000000000000000100 ) ) ;
#5003 = CARTESIAN_POINT ( 'NONE',  ( 4.879675921659395700, 0.8846826248462763600, -0.1000000000000000100 ) ) ;
#5004 = EDGE_CURVE ( 'NONE', #10249, #7228, #1984, .T. ) ;
#5005 = FACE_OUTER_BOUND ( 'NONE', #9551, .T. ) ;
#5006 = CYLINDRICAL_SURFACE ( 'NONE', #10423, 0.2500000000000002200 ) ;
#5007 = DIRECTION ( 'NONE',  ( 1.000000000000000000, 0.0000000000000000000, 0.0000000000000000000 ) ) ;
#5008 = PLANE ( 'NONE',  #5001 ) ;
#5009 = LINE ( 'NONE', #6385, #698 ) ;
#5010 = ADVANCED_FACE ( 'NONE', ( #3885 ), #5269, .T. ) ;
#5011 = DIRECTION ( 'NONE',  ( 0.0000000000000000000, 0.0000000000000000000, 1.000000000000000000 ) ) ;
#5012 = EDGE_CURVE ( 'NONE', #4338, #3102, #7953, .T. ) ;
#5013 = CARTESIAN_POINT ( 'NONE',  ( 4.704675921658918000, 0.7096826248464360700, 0.1000000000000000100 ) ) ;
#5014 = AXIS2_PLACEMENT_3D ( 'NONE', #10426, #5522, #678 ) ;
#5015 = EDGE_LOOP ( 'NONE', ( #3286, #2450, #4210, #1430 ) ) ;
#5016 = EDGE_CURVE ( 'NONE', #4903, #4793, #10130, .T. ) ;
#5017 = SURFACE_SIDE_STYLE ('',( #9525 ) ) ;
#5018 = CARTESIAN_POINT ( 'NONE',  ( 5.304675921659710800, 0.4146826248459104000, 0.1000000000000000100 ) ) ;
#5019 = LINE ( 'NONE', #6228, #1734 ) ;
#5020 = ORIENTED_EDGE ( 'NONE', *, *, #4924, .T. ) ;
#5021 = FACE_OUTER_BOUND ( 'NONE', #3916, .T. ) ;
#5022 = CARTESIAN_POINT ( 'NONE',  ( 5.754675921660088500, 0.3846826248450256900, -0.1000000000000000100 ) ) ;
#5023 = VERTEX_POINT ( 'NONE', #2102 ) ;
#5024 = FACE_OUTER_BOUND ( 'NONE', #2376, .T. ) ;
#5025 = VERTEX_POINT ( 'NONE', #6939 ) ;
#5026 = CARTESIAN_POINT ( 'NONE',  ( 6.104675921659724800, -0.2903173751547013500, -0.1000000000000000100 ) ) ;
#5027 = VECTOR ( 'NONE', #4488, 1000.000000000000000 ) ;
#5028 = ORIENTED_EDGE ( 'NONE', *, *, #604, .T. ) ;
#5029 = CARTESIAN_POINT ( 'NONE',  ( 5.754675921660088500, 0.8846826248450256900, 0.0000000000000000000 ) ) ;
#5030 = EDGE_CURVE ( 'NONE', #1949, #954, #5774, .T. ) ;
#5031 = AXIS2_PLACEMENT_3D ( 'NONE', #3704, #9409, #4516 ) ;
#5032 = EDGE_CURVE ( 'NONE', #2784, #5468, #9884, .T. ) ;
#5033 = DIRECTION ( 'NONE',  ( -1.000000000000000000, 0.0000000000000000000, 0.0000000000000000000 ) ) ;
#5034 = DIRECTION ( 'NONE',  ( 1.000000000000000000, 0.0000000000000000000, 0.0000000000000000000 ) ) ;
#5035 = ORIENTED_EDGE ( 'NONE', *, *, #4119, .T. ) ;
#5036 = AXIS2_PLACEMENT_3D ( 'NONE', #320, #5983, #4365 ) ;
#5037 = VECTOR ( 'NONE', #7187, 1000.000000000000100 ) ;
#5038 = VECTOR ( 'NONE', #3290, 1000.000000000000000 ) ;
#5039 = VERTEX_POINT ( 'NONE', #5343 ) ;
#5040 = CARTESIAN_POINT ( 'NONE',  ( 4.837351104144149300, 0.1596826248457989800, 0.0000000000000000000 ) ) ;
#5041 = PLANE ( 'NONE',  #6628 ) ;
#5042 = EDGE_CURVE ( 'NONE', #754, #6908, #1225, .T. ) ;
#5043 = DIRECTION ( 'NONE',  ( 0.0000000000000000000, 0.0000000000000000000, 1.000000000000000000 ) ) ;
#5044 = DIRECTION ( 'NONE',  ( -0.7071067811865505700, -0.7071067811865444600, 0.0000000000000000000 ) ) ;
#5045 = ADVANCED_FACE ( 'NONE', ( #5523 ), #3132, .F. ) ;
#5046 = FACE_OUTER_BOUND ( 'NONE', #2118, .T. ) ;
#5047 = CARTESIAN_POINT ( 'NONE',  ( 4.879675921659459600, 0.5096826248458689000, 0.0000000000000000000 ) ) ;
#5048 = EDGE_LOOP ( 'NONE', ( #2481, #2101, #2742, #5860 ) ) ;
#5049 = VERTEX_POINT ( 'NONE', #7805 ) ;
#5050 = AXIS2_PLACEMENT_3D ( 'NONE', #6006, #7655, #2800 ) ;
#5051 = ORIENTED_EDGE ( 'NONE', *, *, #7617, .T. ) ;
#5052 = DIRECTION ( 'NONE',  ( -0.7071067811865490200, 0.7071067811865461300, 0.0000000000000000000 ) ) ;
#5053 = CARTESIAN_POINT ( 'NONE',  ( 5.704854054024949900, 0.1696826248459104600, 0.0000000000000000000 ) ) ;
#5054 = EDGE_CURVE ( 'NONE', #252, #7490, #7442, .T. ) ;
#5055 = LINE ( 'NONE', #2745, #7226 ) ;
#5056 = ORIENTED_EDGE ( 'NONE', *, *, #4347, .F. ) ;
#5057 = EDGE_CURVE ( 'NONE', #1979, #10096, #5260, .T. ) ;
#5058 = ADVANCED_FACE ( 'NONE', ( #7179 ), #6192, .T. ) ;
#5059 = CYLINDRICAL_SURFACE ( 'NONE', #5398, 0.07500000000021639400 ) ;
#5060 = CARTESIAN_POINT ( 'NONE',  ( 5.139559183011347600, 0.7566040915149113700, 0.1000000000000000100 ) ) ;
#5061 = ORIENTED_EDGE ( 'NONE', *, *, #5174, .F. ) ;
#5062 = ORIENTED_EDGE ( 'NONE', *, *, #7558, .T. ) ;
#5063 = LINE ( 'NONE', #2276, #500 ) ;
#5064 = CARTESIAN_POINT ( 'NONE',  ( 6.004675921660304300, 1.209682624846421200, 0.0000000000000000000 ) ) ;
#5065 = ORIENTED_EDGE ( 'NONE', *, *, #3220, .F. ) ;
#5066 = VERTEX_POINT ( 'NONE', #7007 ) ;
#5067 = ORIENTED_EDGE ( 'NONE', *, *, #9776, .T. ) ;
#5068 = CARTESIAN_POINT ( 'NONE',  ( 5.489675921659714000, 1.103366499252744100, 0.1000000000000000100 ) ) ;
#5069 = CARTESIAN_POINT ( 'NONE',  ( 5.040567649154480600, 0.04968262484573889700, 0.1000000000000000100 ) ) ;
#5070 = FACE_OUTER_BOUND ( 'NONE', #9041, .T. ) ;
#5071 = PLANE ( 'NONE',  #5410 ) ;
#5072 = CARTESIAN_POINT ( 'NONE',  ( 5.354675921659713300, 0.09468262484602194000, 0.0000000000000000000 ) ) ;
#5073 = FACE_OUTER_BOUND ( 'NONE', #2008, .T. ) ;
#5074 = ORIENTED_EDGE ( 'NONE', *, *, #2750, .F. ) ;
#5075 = ORIENTED_EDGE ( 'NONE', *, *, #7066, .T. ) ;
#5076 = ORIENTED_EDGE ( 'NONE', *, *, #4687, .F. ) ;
#5077 = ORIENTED_EDGE ( 'NONE', *, *, #3549, .F. ) ;
#5078 = DIRECTION ( 'NONE',  ( 1.000000000000000000, -0.0000000000000000000, -0.0000000000000000000 ) ) ;
#5079 = DIRECTION ( 'NONE',  ( -1.000000000000000000, -1.971276677247676800E-016, -0.0000000000000000000 ) ) ;
#5080 = LINE ( 'NONE', #5828, #7259 ) ;
#5081 = CIRCLE ( 'NONE', #988, 0.07500000000021639400 ) ;
#5082 = ORIENTED_EDGE ( 'NONE', *, *, #549, .T. ) ;
#5083 = EDGE_LOOP ( 'NONE', ( #8410, #2302, #8350, #5599, #2720, #5441 ) ) ;
#5084 = VERTEX_POINT ( 'NONE', #2982 ) ;
#5085 = EDGE_CURVE ( 'NONE', #3212, #8448, #9373, .T. ) ;
#5086 = VERTEX_POINT ( 'NONE', #8674 ) ;
#5087 = CARTESIAN_POINT ( 'NONE',  ( 5.354675921659712400, 0.04468262484602120900, 0.1000000000000000100 ) ) ;
#5088 = AXIS2_PLACEMENT_3D ( 'NONE', #9699, #4758, #10518 ) ;
#5089 = VERTEX_POINT ( 'NONE', #570 ) ;
#5090 = VECTOR ( 'NONE', #7416, 1000.000000000000000 ) ;
#5091 = CARTESIAN_POINT ( 'NONE',  ( 5.592411845529611900, 0.9975692227840496900, 0.1000000000000000100 ) ) ;
#5092 = DIRECTION ( 'NONE',  ( 0.0000000000000000000, 0.0000000000000000000, 1.000000000000000000 ) ) ;
#5093 = ORIENTED_EDGE ( 'NONE', *, *, #5085, .F. ) ;
#5094 = LINE ( 'NONE', #4684, #536 ) ;
#5095 = VECTOR ( 'NONE', #5459, 1000.000000000000000 ) ;
#5096 = ADVANCED_FACE ( 'NONE', ( #705 ), #5412, .F. ) ;
#5097 = CARTESIAN_POINT ( 'NONE',  ( 4.604675921659691100, 0.9596826248462082500, -0.1000000000000000100 ) ) ;
#5098 = ORIENTED_EDGE ( 'NONE', *, *, #4045, .F. ) ;
#5099 = ORIENTED_EDGE ( 'NONE', *, *, #8680, .T. ) ;
#5100 = CARTESIAN_POINT ( 'NONE',  ( 5.354675921659711500, 0.2446826248459104400, 0.1000000000000000100 ) ) ;
#5101 = DIRECTION ( 'NONE',  ( 0.0000000000000000000, 1.000000000000000000, 0.0000000000000000000 ) ) ;
#5102 = ORIENTED_EDGE ( 'NONE', *, *, #10375, .F. ) ;
#5103 = FACE_OUTER_BOUND ( 'NONE', #9168, .T. ) ;
#5104 = EDGE_CURVE ( 'NONE', #10583, #3836, #5019, .T. ) ;
#5105 = EDGE_CURVE ( 'NONE', #1442, #4453, #3383, .T. ) ;
#5106 = VECTOR ( 'NONE', #5644, 1000.000000000000000 ) ;
#5107 = CARTESIAN_POINT ( 'NONE',  ( 5.850392180554097300, 0.5096826248458024000, 0.1000000000000000100 ) ) ;
#5108 = LINE ( 'NONE', #6992, #9475 ) ;
#5109 = VERTEX_POINT ( 'NONE', #3835 ) ;
#5110 = ADVANCED_FACE ( 'NONE', ( #9111 ), #4640, .T. ) ;
#5111 = PLANE ( 'NONE',  #9079 ) ;
#5112 = AXIS2_PLACEMENT_3D ( 'NONE', #98, #8247, #3389 ) ;
#5113 = ORIENTED_EDGE ( 'NONE', *, *, #3253, .F. ) ;
#5114 = CIRCLE ( 'NONE', #5416, 0.05000000000000056500 ) ;
#5115 = DIRECTION ( 'NONE',  ( 0.0000000000000000000, 0.0000000000000000000, 1.000000000000000000 ) ) ;
#5116 = ORIENTED_EDGE ( 'NONE', *, *, #4366, .F. ) ;
#5117 = CARTESIAN_POINT ( 'NONE',  ( 5.148821372569150500, 0.9846826248460804900, 0.1000000000000000100 ) ) ;
#5118 = FACE_OUTER_BOUND ( 'NONE', #4659, .T. ) ;
#5119 = EDGE_CURVE ( 'NONE', #8452, #10176, #454, .T. ) ;
#5120 = VECTOR ( 'NONE', #8964, 1000.000000000000000 ) ;
#5121 = EDGE_CURVE ( 'NONE', #8745, #917, #6911, .T. ) ;
#5122 = ORIENTED_EDGE ( 'NONE', *, *, #2688, .F. ) ;
#5123 = CARTESIAN_POINT ( 'NONE',  ( 5.354675921659713300, 0.09468262484602099600, 0.1000000000000000100 ) ) ;
#5124 = DIRECTION ( 'NONE',  ( -0.0000000000000000000, -0.0000000000000000000, -1.000000000000000000 ) ) ;
#5125 = EDGE_LOOP ( 'NONE', ( #3052, #5082, #6815, #6436, #4352, #2639, #1975, #5458, #2041, #4807, #1167, #10243, #4354, #10065, #3709, #7603, #5035, #29 ) ) ;
#5126 = FACE_OUTER_BOUND ( 'NONE', #9446, .T. ) ;
#5127 = CARTESIAN_POINT ( 'NONE',  ( 5.771983613967414300, 1.159682624845749900, 0.0000000000000000000 ) ) ;
#5128 = VECTOR ( 'NONE', #5873, 1000.000000000000000 ) ;
#5129 = DIRECTION ( 'NONE',  ( -0.0000000000000000000, 0.0000000000000000000, 1.000000000000000000 ) ) ;
#5130 = DIRECTION ( 'NONE',  ( 0.0000000000000000000, 0.0000000000000000000, 1.000000000000000000 ) ) ;
#5131 = AXIS2_PLACEMENT_3D ( 'NONE', #9770, #2370, #856 ) ;
#5132 = DIRECTION ( 'NONE',  ( -1.000000000000000000, 3.942553354495353700E-016, 0.0000000000000000000 ) ) ;
#5133 = CIRCLE ( 'NONE', #2237, 0.2499999999999985000 ) ;
#5134 = ORIENTED_EDGE ( 'NONE', *, *, #10374, .F. ) ;
#5135 = ORIENTED_EDGE ( 'NONE', *, *, #4421, .T. ) ;
#5136 = VECTOR ( 'NONE', #1249, 1000.000000000000000 ) ;
#5137 = DIRECTION ( 'NONE',  ( -0.0000000000000000000, -0.0000000000000000000, -1.000000000000000000 ) ) ;
#5138 = ORIENTED_EDGE ( 'NONE', *, *, #4923, .F. ) ;
#5139 = DIRECTION ( 'NONE',  ( -0.0000000000000000000, -0.0000000000000000000, -1.000000000000000000 ) ) ;
#5140 = VECTOR ( 'NONE', #9219, 1000.000000000000000 ) ;
#5141 = ORIENTED_EDGE ( 'NONE', *, *, #3562, .T. ) ;
#5142 = LINE ( 'NONE', #5534, #9252 ) ;
#5143 = EDGE_CURVE ( 'NONE', #1298, #6187, #8858, .T. ) ;
#5144 = CARTESIAN_POINT ( 'NONE',  ( 5.954675921659633900, 1.159682624845749900, 0.0000000000000000000 ) ) ;
#5145 = ADVANCED_FACE ( 'NONE', ( #2377 ), #2116, .F. ) ;
#5146 = LINE ( 'NONE', #10334, #7058 ) ;
#5147 = DIRECTION ( 'NONE',  ( 1.000000000000000000, -3.330370134191279000E-016, 0.0000000000000000000 ) ) ;
#5149 = ORIENTED_EDGE ( 'NONE', *, *, #1127, .T. ) ;
#5148 = DIRECTION ( 'NONE',  ( 0.0000000000000000000, 0.0000000000000000000, 1.000000000000000000 ) ) ;
#5150 = VECTOR ( 'NONE', #940, 1000.000000000000000 ) ;
#5151 = VECTOR ( 'NONE', #4187, 1000.000000000000000 ) ;
#5152 = CARTESIAN_POINT ( 'NONE',  ( 4.604675921659691100, 1.459682624844767000, 0.1000000000000000500 ) ) ;
#5153 = ORIENTED_EDGE ( 'NONE', *, *, #5894, .T. ) ;
#5154 = CARTESIAN_POINT ( 'NONE',  ( 5.979675921659509900, -0.3153173751542490100, 0.0000000000000000000 ) ) ;
#5155 = ADVANCED_FACE ( 'NONE', ( #6416 ), #8780, .F. ) ;
#5156 = DIRECTION ( 'NONE',  ( -0.0000000000000000000, -0.0000000000000000000, -1.000000000000000000 ) ) ;
#5157 = ORIENTED_EDGE ( 'NONE', *, *, #7168, .F. ) ;
#5158 = DIRECTION ( 'NONE',  ( -0.0000000000000000000, -0.0000000000000000000, -1.000000000000000000 ) ) ;
#5160 = VERTEX_POINT ( 'NONE', #7116 ) ;
#5159 = EDGE_CURVE ( 'NONE', #7266, #2153, #6662, .T. ) ;
#5161 = AXIS2_PLACEMENT_3D ( 'NONE', #6661, #9110, #990 ) ;
#5162 = EDGE_CURVE ( 'NONE', #4101, #598, #8338, .T. ) ;
#5163 = VECTOR ( 'NONE', #1212, 1000.000000000000000 ) ;
#5164 = DIRECTION ( 'NONE',  ( 0.0000000000000000000, 1.000000000000000000, -0.0000000000000000000 ) ) ;
#5165 = EDGE_LOOP ( 'NONE', ( #4064, #3450, #2522, #7443 ) ) ;
#5166 = DIRECTION ( 'NONE',  ( 0.0000000000000000000, 0.0000000000000000000, 1.000000000000000000 ) ) ;
#5167 = DIRECTION ( 'NONE',  ( -0.7071067811865552300, -0.7071067811865398000, -0.0000000000000000000 ) ) ;
#5168 = DIRECTION ( 'NONE',  ( 1.000000000000000000, 0.0000000000000000000, 0.0000000000000000000 ) ) ;
#5169 = LINE ( 'NONE', #8535, #9276 ) ;
#5170 = ORIENTED_EDGE ( 'NONE', *, *, #7181, .F. ) ;
#5171 = EDGE_CURVE ( 'NONE', #1892, #6862, #10522, .T. ) ;
#5172 = DIRECTION ( 'NONE',  ( -0.0000000000000000000, -0.0000000000000000000, -1.000000000000000000 ) ) ;
#5173 = ORIENTED_EDGE ( 'NONE', *, *, #2155, .F. ) ;
#5174 = EDGE_CURVE ( 'NONE', #2581, #2707, #8601, .T. ) ;
#5175 = ORIENTED_EDGE ( 'NONE', *, *, #5892, .F. ) ;
#5176 = VERTEX_POINT ( 'NONE', #10462 ) ;
#5177 = CARTESIAN_POINT ( 'NONE',  ( 4.704675921659895000, 0.4596826248462082000, 0.0000000000000000000 ) ) ;
#5178 = DIRECTION ( 'NONE',  ( -4.928191693119192100E-017, 1.000000000000000000, 0.0000000000000000000 ) ) ;
#5179 = LINE ( 'NONE', #5736, #874 ) ;
#5180 = DIRECTION ( 'NONE',  ( -0.0000000000000000000, -0.0000000000000000000, -1.000000000000000000 ) ) ;
#5181 = FACE_OUTER_BOUND ( 'NONE', #7261, .T. ) ;
#5182 = VERTEX_POINT ( 'NONE', #702 ) ;
#5183 = ORIENTED_EDGE ( 'NONE', *, *, #10389, .T. ) ;
#5184 = EDGE_LOOP ( 'NONE', ( #16, #10231, #9599, #2364, #4172, #7498 ) ) ;
#5185 = CARTESIAN_POINT ( 'NONE',  ( 6.004675921659058200, 1.459682624846193600, 0.1000000000000000100 ) ) ;
#5186 = AXIS2_PLACEMENT_3D ( 'NONE', #6212, #1370, #7028 ) ;
#5187 = EDGE_CURVE ( 'NONE', #1776, #3400, #1863, .T. ) ;
#5188 = LINE ( 'NONE', #7559, #3059 ) ;
#5189 = DIRECTION ( 'NONE',  ( 1.000000000000000000, 0.0000000000000000000, -0.0000000000000000000 ) ) ;
#5190 = CARTESIAN_POINT ( 'NONE',  ( 6.004675921660368200, 0.9596826248450711600, 0.1000000000000000100 ) ) ;
#5191 = DIRECTION ( 'NONE',  ( 1.000000000000000000, -1.084202172493890000E-015, -0.0000000000000000000 ) ) ;
#5192 = CYLINDRICAL_SURFACE ( 'NONE', #2785, 0.07500000000021551900 ) ;
#5193 = ORIENTED_EDGE ( 'NONE', *, *, #3477, .T. ) ;
#5194 = VERTEX_POINT ( 'NONE', #1530 ) ;
#5195 = EDGE_LOOP ( 'NONE', ( #3318, #1258, #5851, #3346, #4854, #3868 ) ) ;
#5196 = MANIFOLD_SOLID_BREP ( '相交1[7]', #1659 ) ;
#5197 = DIRECTION ( 'NONE',  ( -0.2710468569912137200, 0.9625661542539216700, 0.0000000000000000000 ) ) ;
#5198 = CIRCLE ( 'NONE', #930, 0.04999999999999796300 ) ;
#5199 = CARTESIAN_POINT ( 'NONE',  ( 6.004675921660368200, 0.9596826248450711600, 0.0000000000000000000 ) ) ;
#5200 = DIRECTION ( 'NONE',  ( 1.000000000000000000, 0.0000000000000000000, 0.0000000000000000000 ) ) ;
#5201 = VECTOR ( 'NONE', #5391, 1000.000000000000000 ) ;
#5202 = CYLINDRICAL_SURFACE ( 'NONE', #9180, 0.04999999999999969700 ) ;
#5203 = ORIENTED_EDGE ( 'NONE', *, *, #9105, .T. ) ;
#5204 = ORIENTED_EDGE ( 'NONE', *, *, #8907, .F. ) ;
#5206 = ORIENTED_EDGE ( 'NONE', *, *, #6058, .T. ) ;
#5205 = CARTESIAN_POINT ( 'NONE',  ( 4.954675921659327500, -0.2153173751533484500, -0.1000000000000000100 ) ) ;
#5207 = DIRECTION ( 'NONE',  ( 1.000000000000000000, 0.0000000000000000000, -0.0000000000000000000 ) ) ;
#5208 = CARTESIAN_POINT ( 'NONE',  ( 5.354675921659712400, 0.04468262484602120900, 0.0000000000000000000 ) ) ;
#5209 = ADVANCED_FACE ( 'NONE', ( #8080 ), #733, .T. ) ;
#5210 = UNCERTAINTY_MEASURE_WITH_UNIT (LENGTH_MEASURE( 1.000000000000000100E-005 ), #1274, 'distance_accuracy_value', 'NONE');
#5211 = CARTESIAN_POINT ( 'NONE',  ( 5.154675921659544400, -0.01619039102726995200, 0.1000000000000000100 ) ) ;
#5212 = AXIS2_PLACEMENT_3D ( 'NONE', #9072, #126, #5799 ) ;
#5213 = LINE ( 'NONE', #1583, #4963 ) ;
#5214 = EDGE_LOOP ( 'NONE', ( #9175, #2268, #8090, #3895 ) ) ;
#5215 = CARTESIAN_POINT ( 'NONE',  ( 5.680225974296363700, 0.5396826248459102300, 0.1000000000000000100 ) ) ;
#5216 = VECTOR ( 'NONE', #2744, 1000.000000000000000 ) ;
#5217 = CARTESIAN_POINT ( 'NONE',  ( 6.104675921659724800, 1.209682624846421200, 0.1000000000000000100 ) ) ;
#5218 = ORIENTED_EDGE ( 'NONE', *, *, #4581, .T. ) ;
#5219 = ORIENTED_EDGE ( 'NONE', *, *, #6937, .F. ) ;
#5220 = ORIENTED_EDGE ( 'NONE', *, *, #4264, .F. ) ;
#5221 = CARTESIAN_POINT ( 'NONE',  ( 5.113292969088838000, 0.9995012015357573900, 0.1000000000000000100 ) ) ;
#5222 = ORIENTED_EDGE ( 'NONE', *, *, #6593, .T. ) ;
#5223 = CIRCLE ( 'NONE', #6098, 0.05000000000000143200 ) ;
#5224 = CARTESIAN_POINT ( 'NONE',  ( 5.829675921659906600, 0.4596826248450711600, -0.1000000000000000100 ) ) ;
#5225 = ORIENTED_EDGE ( 'NONE', *, *, #7300, .F. ) ;
#5226 = EDGE_CURVE ( 'NONE', #10502, #910, #5133, .T. ) ;
#5227 = VECTOR ( 'NONE', #6704, 1000.000000000000000 ) ;
#5228 = VECTOR ( 'NONE', #3529, 1000.000000000000000 ) ;
#5229 = EDGE_CURVE ( 'NONE', #8675, #4080, #2990, .T. ) ;
#5230 = CARTESIAN_POINT ( 'NONE',  ( 6.104675921659724800, -0.04031737515492882200, -0.1000000000000000100 ) ) ;
#5231 = EDGE_LOOP ( 'NONE', ( #6157, #9782, #58, #6940 ) ) ;
#5232 = DIRECTION ( 'NONE',  ( 0.0000000000000000000, 1.000000000000000000, 0.0000000000000000000 ) ) ;
#5233 = VERTEX_POINT ( 'NONE', #2358 ) ;
#5234 = VECTOR ( 'NONE', #850, 1000.000000000000000 ) ;
#5235 = DIRECTION ( 'NONE',  ( 0.0000000000000000000, 0.0000000000000000000, 1.000000000000000000 ) ) ;
#5236 = CARTESIAN_POINT ( 'NONE',  ( 5.954675921659633900, 0.009682624845806115200, 0.0000000000000000000 ) ) ;
#5237 = FACE_OUTER_BOUND ( 'NONE', #6501, .T. ) ;
#5238 = CARTESIAN_POINT ( 'NONE',  ( 6.004675921659183400, 0.2096826248452988400, 0.1000000000000000100 ) ) ;
#5239 = VECTOR ( 'NONE', #5968, 1000.000000000000000 ) ;
#5240 = ORIENTED_EDGE ( 'NONE', *, *, #3355, .F. ) ;
#5241 = DIRECTION ( 'NONE',  ( -1.000000000000000000, 0.0000000000000000000, 0.0000000000000000000 ) ) ;
#5242 = DIRECTION ( 'NONE',  ( 1.000000000000000000, 0.0000000000000000000, 0.0000000000000000000 ) ) ;
#5243 = EDGE_CURVE ( 'NONE', #2671, #7775, #831, .T. ) ;
#5244 = DIRECTION ( 'NONE',  ( 1.000000000000000000, 0.0000000000000000000, 0.0000000000000000000 ) ) ;
#5245 = VERTEX_POINT ( 'NONE', #2589 ) ;
#5246 = FACE_OUTER_BOUND ( 'NONE', #1289, .T. ) ;
#5247 = DIRECTION ( 'NONE',  ( 0.7422680412375349800, 0.6701030927830382600, -0.0000000000000000000 ) ) ;
#5248 = FACE_OUTER_BOUND ( 'NONE', #7656, .T. ) ;
#5249 = FILL_AREA_STYLE_COLOUR ( '', #7965 ) ;
#5250 = DIRECTION ( 'NONE',  ( -1.000000000000000000, 1.724867092591717200E-016, -0.0000000000000000000 ) ) ;
#5251 = DIRECTION ( 'NONE',  ( -1.000000000000000000, 3.330370134191279000E-016, -0.0000000000000000000 ) ) ;
#5252 = LINE ( 'NONE', #6182, #695 ) ;
#5253 = EDGE_CURVE ( 'NONE', #6227, #2730, #4891, .T. ) ;
#5254 = EDGE_CURVE ( 'NONE', #1688, #5904, #1610, .T. ) ;
#5255 = VECTOR ( 'NONE', #7954, 1000.000000000000000 ) ;
#5256 = DIRECTION ( 'NONE',  ( -0.0000000000000000000, -0.0000000000000000000, -1.000000000000000000 ) ) ;
#5257 = FILL_AREA_STYLE_COLOUR ( '', #4583 ) ;
#5258 = ORIENTED_EDGE ( 'NONE', *, *, #4702, .T. ) ;
#5259 = CARTESIAN_POINT ( 'NONE',  ( 4.704675921659895000, 0.4596826248462081400, 0.0000000000000000000 ) ) ;
#5260 = LINE ( 'NONE', #4568, #957 ) ;
#5261 = DIRECTION ( 'NONE',  ( -0.0000000000000000000, -0.0000000000000000000, -1.000000000000000000 ) ) ;
#5262 = ADVANCED_FACE ( 'NONE', ( #6783 ), #9097, .T. ) ;
#5263 = ORIENTED_EDGE ( 'NONE', *, *, #9631, .T. ) ;
#5264 = CARTESIAN_POINT ( 'NONE',  ( 4.879675921659534200, 0.009682624845666513300, 0.0000000000000000000 ) ) ;
#5265 = DIRECTION ( 'NONE',  ( 1.000000000000000000, 0.0000000000000000000, 0.0000000000000000000 ) ) ;
#5266 = CARTESIAN_POINT ( 'NONE',  ( 5.829675921660304500, 1.384682624845977400, 0.0000000000000000000 ) ) ;
#5267 = LINE ( 'NONE', #8141, #9379 ) ;
#5268 = MECHANICAL_DESIGN_GEOMETRIC_PRESENTATION_REPRESENTATION (  '', ( #4182 ), #5807 ) ;
#5269 = PLANE ( 'NONE',  #3525 ) ;
#5270 = ORIENTED_EDGE ( 'NONE', *, *, #10324, .F. ) ;
#5271 = LINE ( 'NONE', #4789, #3145 ) ;
#5272 = DIRECTION ( 'NONE',  ( -0.0000000000000000000, -1.000000000000000000, -0.0000000000000000000 ) ) ;
#5273 = ORIENTED_EDGE ( 'NONE', *, *, #4567, .F. ) ;
#5274 = VECTOR ( 'NONE', #2772, 1000.000000000000000 ) ;
#5275 = ADVANCED_FACE ( 'NONE', ( #2489 ), #3431, .T. ) ;
#5276 = VERTEX_POINT ( 'NONE', #4234 ) ;
#5277 = CARTESIAN_POINT ( 'NONE',  ( 5.754675921660088500, -0.1153173751549743100, -0.1000000000000000100 ) ) ;
#5278 = DIRECTION ( 'NONE',  ( -1.000000000000000000, 1.734723475975746300E-015, 0.0000000000000000000 ) ) ;
#5279 = DIRECTION ( 'NONE',  ( -0.0000000000000000000, -0.0000000000000000000, -1.000000000000000000 ) ) ;
#5280 = DIRECTION ( 'NONE',  ( -0.0000000000000000000, -0.0000000000000000000, -1.000000000000000000 ) ) ;
#5281 = ORIENTED_EDGE ( 'NONE', *, *, #4086, .T. ) ;
#5282 = CARTESIAN_POINT ( 'NONE',  ( 4.954675921659327500, 0.3846826248461626700, 0.0000000000000000000 ) ) ;
#5283 = CYLINDRICAL_SURFACE ( 'NONE', #9558, 0.07500000000021551900 ) ;
#5284 = FACE_OUTER_BOUND ( 'NONE', #4938, .T. ) ;
#5285 = DIRECTION ( 'NONE',  ( 1.000000000000000000, 0.0000000000000000000, 0.0000000000000000000 ) ) ;
#5286 = ORIENTED_EDGE ( 'NONE', *, *, #2190, .T. ) ;
#5287 = EDGE_CURVE ( 'NONE', #475, #4716, #7037, .T. ) ;
#5288 = AXIS2_PLACEMENT_3D ( 'NONE', #1248, #10218, #5306 ) ;
#5289 = AXIS2_PLACEMENT_3D ( 'NONE', #8658, #3777, #9489 ) ;
#5290 = CARTESIAN_POINT ( 'NONE',  ( 5.054675921659321800, -0.0003173751541496500200, 0.0000000000000000000 ) ) ;
#5291 = FILL_AREA_STYLE ('',( #5257 ) ) ;
#5292 = VECTOR ( 'NONE', #5667, 1000.000000000000100 ) ;
#5293 = ORIENTED_EDGE ( 'NONE', *, *, #3411, .T. ) ;
#5294 = FILL_AREA_STYLE ('',( #1240 ) ) ;
#5295 = CARTESIAN_POINT ( 'NONE',  ( 5.489675921659711300, 1.034682624845928400, 0.0000000000000000000 ) ) ;
#5296 = DIRECTION ( 'NONE',  ( 1.000000000000000000, 9.856383386270964100E-017, -0.0000000000000000000 ) ) ;
#5297 = ORIENTED_EDGE ( 'NONE', *, *, #7653, .F. ) ;
#5298 = ORIENTED_EDGE ( 'NONE', *, *, #9402, .T. ) ;
#5299 = EDGE_CURVE ( 'NONE', #7127, #8252, #316, .T. ) ;
#5300 = EDGE_CURVE ( 'NONE', #430, #7772, #8722, .T. ) ;
#5301 = DIRECTION ( 'NONE',  ( 1.316717819115048600E-014, 1.000000000000000000, 0.0000000000000000000 ) ) ;
#5302 = CARTESIAN_POINT ( 'NONE',  ( 4.604675921659691100, 1.459682624844767000, 0.1000000000000000100 ) ) ;
#5303 = LINE ( 'NONE', #6712, #3420 ) ;
#5304 = CARTESIAN_POINT ( 'NONE',  ( 4.604675921659691100, 1.459682624844767000, -0.1000000000000000100 ) ) ;
#5305 = ORIENTED_EDGE ( 'NONE', *, *, #3399, .F. ) ;
#5306 = DIRECTION ( 'NONE',  ( 0.0000000000000000000, 0.0000000000000000000, -1.000000000000000000 ) ) ;
#5307 = CARTESIAN_POINT ( 'NONE',  ( 6.004675921659183400, 0.2096826248452988400, 0.1000000000000000100 ) ) ;
#5308 = VECTOR ( 'NONE', #9954, 1000.000000000000100 ) ;
#5309 = EDGE_LOOP ( 'NONE', ( #5725, #1003, #8787, #9240, #4377, #2891 ) ) ;
#5310 = ORIENTED_EDGE ( 'NONE', *, *, #4702, .F. ) ;
#5311 = AXIS2_PLACEMENT_3D ( 'NONE', #3859, #5474, #619 ) ;
#5312 = ORIENTED_EDGE ( 'NONE', *, *, #9092, .F. ) ;
#5313 = DIRECTION ( 'NONE',  ( 0.0000000000000000000, 0.0000000000000000000, 1.000000000000000000 ) ) ;
#5314 = CARTESIAN_POINT ( 'NONE',  ( 5.354675921659710600, 0.4146826248459104000, 0.0000000000000000000 ) ) ;
#5315 = DIRECTION ( 'NONE',  ( -0.0000000000000000000, -0.0000000000000000000, -1.000000000000000000 ) ) ;
#5316 = ADVANCED_FACE ( 'NONE', ( #2233 ), #6275, .F. ) ;
#5317 = EDGE_CURVE ( 'NONE', #396, #969, #6531, .T. ) ;
#5318 = CIRCLE ( 'NONE', #3398, 0.07500000000000041400 ) ;
#5319 = CARTESIAN_POINT ( 'NONE',  ( 5.754675921660088500, -0.2153173751548833300, -0.1000000000000000100 ) ) ;
#5320 = CARTESIAN_POINT ( 'NONE',  ( 4.754675921659554700, 0.6596826248457988700, 0.1000000000000000100 ) ) ;
#5321 = EDGE_CURVE ( 'NONE', #8218, #1309, #4634, .T. ) ;
#5322 = ORIENTED_EDGE ( 'NONE', *, *, #634, .T. ) ;
#5323 = ORIENTED_EDGE ( 'NONE', *, *, #5526, .T. ) ;
#5324 = ORIENTED_EDGE ( 'NONE', *, *, #7734, .T. ) ;
#5325 = DIRECTION ( 'NONE',  ( 2.409338161081319400E-015, 1.000000000000000000, -0.0000000000000000000 ) ) ;
#5326 = CARTESIAN_POINT ( 'NONE',  ( 6.104675921659724800, 0.4596826248450710500, -0.1000000000000000100 ) ) ;
#5327 = DIRECTION ( 'NONE',  ( -1.000000000000000000, 0.0000000000000000000, 0.0000000000000000000 ) ) ;
#5328 = DIRECTION ( 'NONE',  ( 0.0000000000000000000, 0.0000000000000000000, 1.000000000000000000 ) ) ;
#5329 = VECTOR ( 'NONE', #2669, 1000.000000000000000 ) ;
#5331 = ORIENTED_EDGE ( 'NONE', *, *, #2748, .T. ) ;
#5330 = DIRECTION ( 'NONE',  ( -1.000000000000000000, 0.0000000000000000000, 0.0000000000000000000 ) ) ;
#5332 = LINE ( 'NONE', #9801, #3447 ) ;
#5333 = ADVANCED_FACE ( 'NONE', ( #10383 ), #3879, .T. ) ;
#5334 = ORIENTED_EDGE ( 'NONE', *, *, #222, .T. ) ;
#5335 = VERTEX_POINT ( 'NONE', #5932 ) ;
#5336 = ORIENTED_EDGE ( 'NONE', *, *, #278, .F. ) ;
#5337 = CARTESIAN_POINT ( 'NONE',  ( 4.879675921659534200, 0.009682624845666513300, 0.0000000000000000000 ) ) ;
#5338 = VECTOR ( 'NONE', #6863, 1000.000000000000000 ) ;
#5339 = VERTEX_POINT ( 'NONE', #6744 ) ;
#5340 = ORIENTED_EDGE ( 'NONE', *, *, #10190, .T. ) ;
#5341 = DIRECTION ( 'NONE',  ( 3.942553354495353700E-016, 1.000000000000000000, -0.0000000000000000000 ) ) ;
#5342 = ORIENTED_EDGE ( 'NONE', *, *, #6406, .T. ) ;
#5343 = CARTESIAN_POINT ( 'NONE',  ( 5.304675921659710800, 0.6646826248458013200, 0.0000000000000000000 ) ) ;
#5344 = EDGE_LOOP ( 'NONE', ( #9900, #6467, #10145, #1088 ) ) ;
#5345 = ORIENTED_EDGE ( 'NONE', *, *, #1172, .T. ) ;
#5346 = VERTEX_POINT ( 'NONE', #1087 ) ;
#5347 = CARTESIAN_POINT ( 'NONE',  ( 5.354675921659712400, -0.05180946618659731900, 0.1000000000000000100 ) ) ;
#5348 = CARTESIAN_POINT ( 'NONE',  ( 4.879675921658599900, 0.7096826248464360700, 0.0000000000000000000 ) ) ;
#5349 = CARTESIAN_POINT ( 'NONE',  ( 5.018646509894665500, 0.6055649777869399600, 0.0000000000000000000 ) ) ;
#5350 = ORIENTED_EDGE ( 'NONE', *, *, #7540, .T. ) ;
#5351 = FACE_OUTER_BOUND ( 'NONE', #10329, .T. ) ;
#5352 = EDGE_CURVE ( 'NONE', #4464, #5194, #8200, .T. ) ;
#5353 = EDGE_CURVE ( 'NONE', #6484, #6210, #4121, .T. ) ;
#5354 = ORIENTED_EDGE ( 'NONE', *, *, #3532, .T. ) ;
#5355 = PLANE ( 'NONE',  #3269 ) ;
#5356 = VECTOR ( 'NONE', #506, 1000.000000000000000 ) ;
#5357 = CIRCLE ( 'NONE', #5996, 0.2500000000000002200 ) ;
#5358 = ORIENTED_EDGE ( 'NONE', *, *, #6749, .T. ) ;
#5359 = CARTESIAN_POINT ( 'NONE',  ( 0.0000000000000000000, 0.0000000000000000000, -0.1000000000000000100 ) ) ;
#5360 = DIRECTION ( 'NONE',  ( 1.000000000000000000, 0.0000000000000000000, 0.0000000000000000000 ) ) ;
#5361 = AXIS2_PLACEMENT_3D ( 'NONE', #13, #9793, #4075 ) ;
#5362 = ORIENTED_EDGE ( 'NONE', *, *, #8400, .F. ) ;
#5363 = CIRCLE ( 'NONE', #6836, 0.07500000000021639400 ) ;
#5364 = CARTESIAN_POINT ( 'NONE',  ( 5.754675921660088500, 0.7846826248451167500, -0.1000000000000000100 ) ) ;
#5365 = DIRECTION ( 'NONE',  ( -1.000000000000000000, -1.971276677247676800E-016, 0.0000000000000000000 ) ) ;
#5366 = VECTOR ( 'NONE', #8912, 1000.000000000000000 ) ;
#5367 = EDGE_LOOP ( 'NONE', ( #7519, #9062, #3987, #3365 ) ) ;
#5368 =( NAMED_UNIT ( * ) PLANE_ANGLE_UNIT ( ) SI_UNIT ( $, .RADIAN. ) );
#5369 = EDGE_LOOP ( 'NONE', ( #10357, #422, #4937, #10570 ) ) ;
#5370 = CIRCLE ( 'NONE', #2733, 0.07500000000000214800 ) ;
#5371 = EDGE_CURVE ( 'NONE', #1391, #8993, #6018, .T. ) ;
#5372 = ORIENTED_EDGE ( 'NONE', *, *, #5662, .T. ) ;
#5373 = PRESENTATION_LAYER_ASSIGNMENT (  '', '', ( #4282 ) ) ;
#5374 = EDGE_CURVE ( 'NONE', #1153, #4850, #7941, .T. ) ;
#5375 = CARTESIAN_POINT ( 'NONE',  ( 5.304675921659713500, -0.05180946618659731900, 0.0000000000000000000 ) ) ;
#5376 = VECTOR ( 'NONE', #3121, 1000.000000000000000 ) ;
#5377 = ADVANCED_FACE ( 'NONE', ( #7682 ), #1265, .T. ) ;
#5378 = LINE ( 'NONE', #8129, #7545 ) ;
#5379 = ORIENTED_EDGE ( 'NONE', *, *, #1852, .T. ) ;
#5380 = VERTEX_POINT ( 'NONE', #4341 ) ;
#5381 = DIRECTION ( 'NONE',  ( -0.0000000000000000000, -0.0000000000000000000, -1.000000000000000000 ) ) ;
#5382 = LINE ( 'NONE', #757, #1080 ) ;
#5383 = CARTESIAN_POINT ( 'NONE',  ( 5.979675921659509900, -0.3153173751542490100, 0.1000000000000000100 ) ) ;
#5384 = CARTESIAN_POINT ( 'NONE',  ( 4.954675921659327500, 0.7846826248462537300, -0.1000000000000000100 ) ) ;
#5385 = VECTOR ( 'NONE', #5766, 1000.000000000000000 ) ;
#5386 = DIRECTION ( 'NONE',  ( -0.5052931799762432300, -0.8629477401728888900, 0.0000000000000000000 ) ) ;
#5387 = CARTESIAN_POINT ( 'NONE',  ( 6.104675921659724800, 0.2096826248452987000, 0.1000000000000000500 ) ) ;
#5388 = EDGE_CURVE ( 'NONE', #4191, #7650, #3621, .T. ) ;
#5389 = EDGE_CURVE ( 'NONE', #3212, #10092, #5515, .T. ) ;
#5390 = ADVANCED_FACE ( 'NONE', ( #10123 ), #3123, .F. ) ;
#5391 = DIRECTION ( 'NONE',  ( 1.000000000000000000, -1.355252715599542000E-015, 0.0000000000000000000 ) ) ;
#5392 = DIRECTION ( 'NONE',  ( 1.000000000000000000, -0.0000000000000000000, 0.0000000000000000000 ) ) ;
#5393 = ORIENTED_EDGE ( 'NONE', *, *, #3494, .T. ) ;
#5394 = ORIENTED_EDGE ( 'NONE', *, *, #3702, .T. ) ;
#5395 = FACE_OUTER_BOUND ( 'NONE', #5184, .T. ) ;
#5396 = CARTESIAN_POINT ( 'NONE',  ( 5.104675921659545400, -0.01619039102726961900, 0.0000000000000000000 ) ) ;
#5397 = VERTEX_POINT ( 'NONE', #8631 ) ;
#5398 = AXIS2_PLACEMENT_3D ( 'NONE', #8305, #3432, #2590 ) ;
#5399 = LINE ( 'NONE', #4323, #5140 ) ;
#5400 = DIRECTION ( 'NONE',  ( -1.000000000000000000, 0.0000000000000000000, 0.0000000000000000000 ) ) ;
#5401 = EDGE_CURVE ( 'NONE', #5457, #8188, #1215, .T. ) ;
#5402 = DIRECTION ( 'NONE',  ( -0.0000000000000000000, -0.0000000000000000000, -1.000000000000000000 ) ) ;
#5403 = ORIENTED_EDGE ( 'NONE', *, *, #10250, .F. ) ;
#5404 = FACE_OUTER_BOUND ( 'NONE', #8739, .T. ) ;
#5405 = CARTESIAN_POINT ( 'NONE',  ( 6.104675921659724800, -0.4153173751542453800, 0.7499999999999998900 ) ) ;
#5406 = DIRECTION ( 'NONE',  ( 0.0000000000000000000, 0.0000000000000000000, 1.000000000000000000 ) ) ;
#5407 = VECTOR ( 'NONE', #3773, 1000.000000000000000 ) ;
#5408 = ORIENTED_EDGE ( 'NONE', *, *, #5374, .T. ) ;
#5409 = LINE ( 'NONE', #9882, #1368 ) ;
#5410 = AXIS2_PLACEMENT_3D ( 'NONE', #10229, #6137, #2037 ) ;
#5411 = LINE ( 'NONE', #894, #1115 ) ;
#5412 = PLANE ( 'NONE',  #6773 ) ;
#5413 = ORIENTED_EDGE ( 'NONE', *, *, #6002, .T. ) ;
#5414 = DIRECTION ( 'NONE',  ( 0.0000000000000000000, -0.0000000000000000000, -1.000000000000000000 ) ) ;
#5415 = DIRECTION ( 'NONE',  ( -0.0000000000000000000, 1.000000000000000000, -0.0000000000000000000 ) ) ;
#5416 = AXIS2_PLACEMENT_3D ( 'NONE', #1431, #7086, #2249 ) ;
#5417 = VERTEX_POINT ( 'NONE', #2931 ) ;
#5418 = PLANE ( 'NONE',  #4887 ) ;
#5419 = FACE_OUTER_BOUND ( 'NONE', #1525, .T. ) ;
#5420 = PLANE ( 'NONE',  #8197 ) ;
#5421 = VERTEX_POINT ( 'NONE', #4554 ) ;
#5422 = ADVANCED_FACE ( 'NONE', ( #9626 ), #5006, .F. ) ;
#5423 = DIRECTION ( 'NONE',  ( -1.000000000000000000, 0.0000000000000000000, 0.0000000000000000000 ) ) ;
#5424 = CARTESIAN_POINT ( 'NONE',  ( 5.754675921660088500, -0.2153173751548833300, 0.0000000000000000000 ) ) ;
#5425 = EDGE_CURVE ( 'NONE', #3089, #1488, #7431, .T. ) ;
#5426 = AXIS2_PLACEMENT_3D ( 'NONE', #8703, #2231, #7901 ) ;
#5427 = EDGE_CURVE ( 'NONE', #475, #7831, #5252, .T. ) ;
#5428 = VECTOR ( 'NONE', #3623, 1000.000000000000000 ) ;
#5429 = VERTEX_POINT ( 'NONE', #2154 ) ;
#5430 = CARTESIAN_POINT ( 'NONE',  ( 5.870360893847723600, 0.1596826248457505200, 0.0000000000000000000 ) ) ;
#5431 = CARTESIAN_POINT ( 'NONE',  ( 4.879675921659459600, 0.5096826248458689000, 0.0000000000000000000 ) ) ;
#5432 = ORIENTED_EDGE ( 'NONE', *, *, #9425, .T. ) ;
#5433 = ORIENTED_EDGE ( 'NONE', *, *, #4102, .T. ) ;
#5434 = ADVANCED_FACE ( 'NONE', ( #9102 ), #9496, .T. ) ;
#5435 = DIRECTION ( 'NONE',  ( 0.0000000000000000000, 0.0000000000000000000, 1.000000000000000000 ) ) ;
#5436 = CARTESIAN_POINT ( 'NONE',  ( 6.104675921659724800, -0.04031737515492882200, 0.0000000000000000000 ) ) ;
#5437 = DIRECTION ( 'NONE',  ( 1.000000000000000000, 2.891205793297583200E-015, 0.0000000000000000000 ) ) ;
#5438 = PLANE ( 'NONE',  #6016 ) ;
#5439 = VECTOR ( 'NONE', #4890, 1000.000000000000100 ) ;
#5440 = CIRCLE ( 'NONE', #6684, 0.07499999999999953900 ) ;
#5441 = ORIENTED_EDGE ( 'NONE', *, *, #7693, .T. ) ;
#5442 = ORIENTED_EDGE ( 'NONE', *, *, #3684, .F. ) ;
#5443 = EDGE_CURVE ( 'NONE', #7797, #7561, #2870, .T. ) ;
#5444 = ORIENTED_EDGE ( 'NONE', *, *, #6207, .F. ) ;
#5445 = EDGE_CURVE ( 'NONE', #2803, #1459, #4748, .T. ) ;
#5446 = CARTESIAN_POINT ( 'NONE',  ( 4.754675921659554700, 0.5096826248458685700, 0.0000000000000000000 ) ) ;
#5447 = CARTESIAN_POINT ( 'NONE',  ( 5.606983613967200200, 0.9096826248458013100, 0.1000000000000000100 ) ) ;
#5448 = CARTESIAN_POINT ( 'NONE',  ( 4.604675921659691100, 1.584682624845752000, 0.7499999999999998900 ) ) ;
#5449 = DIRECTION ( 'NONE',  ( 0.0000000000000000000, 0.0000000000000000000, 1.000000000000000000 ) ) ;
#5450 = PLANE ( 'NONE',  #3232 ) ;
#5451 = LINE ( 'NONE', #3519, #1149 ) ;
#5452 = VECTOR ( 'NONE', #4309, 1000.000000000000000 ) ;
#5453 = AXIS2_PLACEMENT_3D ( 'NONE', #2115, #4545, #10260 ) ;
#5454 = VERTEX_POINT ( 'NONE', #9529 ) ;
#5456 = VERTEX_POINT ( 'NONE', #10341 ) ;
#5455 = CARTESIAN_POINT ( 'NONE',  ( 5.354675921659710600, 0.8346826248458012500, 0.1000000000000000100 ) ) ;
#5457 = VERTEX_POINT ( 'NONE', #5430 ) ;
#5458 = ORIENTED_EDGE ( 'NONE', *, *, #4281, .F. ) ;
#5459 = DIRECTION ( 'NONE',  ( -0.0000000000000000000, 1.000000000000000000, -0.0000000000000000000 ) ) ;
#5460 = EDGE_CURVE ( 'NONE', #6466, #430, #8848, .T. ) ;
#5461 = CARTESIAN_POINT ( 'NONE',  ( 5.954675921659633900, 0.6596826248457791100, 0.1000000000000000100 ) ) ;
#5462 = VECTOR ( 'NONE', #583, 1000.000000000000000 ) ;
#5463 = EDGE_CURVE ( 'NONE', #5775, #7775, #6904, .T. ) ;
#5464 = FACE_OUTER_BOUND ( 'NONE', #5309, .T. ) ;
#5465 = CARTESIAN_POINT ( 'NONE',  ( 5.954675921659633900, 1.159682624845749900, 0.1000000000000000100 ) ) ;
#5466 = CIRCLE ( 'NONE', #6963, 0.07500000000021551900 ) ;
#5467 = VERTEX_POINT ( 'NONE', #8735 ) ;
#5468 = VERTEX_POINT ( 'NONE', #9563 ) ;
#5469 = DIRECTION ( 'NONE',  ( 1.000000000000000000, 0.0000000000000000000, 0.0000000000000000000 ) ) ;
#5470 = ORIENTED_EDGE ( 'NONE', *, *, #8790, .T. ) ;
#5471 = DIRECTION ( 'NONE',  ( 0.0000000000000000000, 0.0000000000000000000, 1.000000000000000000 ) ) ;
#5472 =( NAMED_UNIT ( * ) SI_UNIT ( $, .STERADIAN. ) SOLID_ANGLE_UNIT ( ) );
#5473 = COLOUR_RGB ( '',0.7960784313725489700, 0.8235294117647058400, 0.9372549019607843100 ) ;
#5474 = DIRECTION ( 'NONE',  ( -1.734723475978141600E-015, -1.000000000000000000, 0.0000000000000000000 ) ) ;
#5475 = CARTESIAN_POINT ( 'NONE',  ( 6.104675921659724800, 0.2096826248452989300, -0.1000000000000000100 ) ) ;
#5476 = VECTOR ( 'NONE', #4215, 1000.000000000000100 ) ;
#5477 = PLANE ( 'NONE',  #6526 ) ;
#5478 = ORIENTED_EDGE ( 'NONE', *, *, #166, .F. ) ;
#5479 = LINE ( 'NONE', #6402, #4966 ) ;
#5480 = AXIS2_PLACEMENT_3D ( 'NONE', #1315, #1641, #807 ) ;
#5481 = CARTESIAN_POINT ( 'NONE',  ( 5.702066070335085600, 0.08440370535898600300, 0.1000000000000000100 ) ) ;
#5482 = ORIENTED_EDGE ( 'NONE', *, *, #4722, .T. ) ;
#5483 = ADVANCED_FACE ( 'NONE', ( #4505 ), #10376, .F. ) ;
#5484 = ORIENTED_EDGE ( 'NONE', *, *, #2204, .T. ) ;
#5485 = CARTESIAN_POINT ( 'NONE',  ( 4.879675921659395700, -0.1153173751537237000, -0.1000000000000000100 ) ) ;
#5486 = EDGE_LOOP ( 'NONE', ( #7241, #437, #3953, #5218, #1869, #5149, #1511, #10337, #10441, #2592, #4105, #9848, #3040, #2431, #4991, #9703, #406, #10270, #336, #9145, #7639, #5567, #10488, #9861, #4972, #2279, #5955, #6600, #8929, #3967, #2998, #7963, #10554, #4704, #6961, #3226, #9083, #24, #9917, #3049, #8794, #8148, #5345, #701, #9385, #7596, #6090, #6200, #281, #8309, #7658 ) ) ;
#5487 = VECTOR ( 'NONE', #7009, 1000.000000000000000 ) ;
#5488 = DIRECTION ( 'NONE',  ( 1.000000000000000000, -0.0000000000000000000, -0.0000000000000000000 ) ) ;
#5489 = AXIS2_PLACEMENT_3D ( 'NONE', #9162, #4267, #9986 ) ;
#5490 = DIRECTION ( 'NONE',  ( 1.262831698822006900E-014, -1.000000000000000000, 0.0000000000000000000 ) ) ;
#5491 = ORIENTED_EDGE ( 'NONE', *, *, #9292, .T. ) ;
#5492 = FACE_OUTER_BOUND ( 'NONE', #3311, .T. ) ;
#5493 = VERTEX_POINT ( 'NONE', #7098 ) ;
#5494 = CARTESIAN_POINT ( 'NONE',  ( 4.604675921659691100, 0.9596826248462082500, 0.1000000000000000100 ) ) ;
#5495 = ADVANCED_FACE ( 'NONE', ( #7171 ), #6410, .T. ) ;
#5496 = ORIENTED_EDGE ( 'NONE', *, *, #1937, .T. ) ;
#5497 = EDGE_CURVE ( 'NONE', #2235, #1817, #8595, .T. ) ;
#5498 = LINE ( 'NONE', #8172, #3104 ) ;
#5499 = CARTESIAN_POINT ( 'NONE',  ( 4.917175921659649300, 0.6596826248457984300, 0.1000000000000000100 ) ) ;
#5500 = CARTESIAN_POINT ( 'NONE',  ( 5.850392180554097300, 0.5096826248458024000, 0.0000000000000000000 ) ) ;
#5501 = VECTOR ( 'NONE', #8298, 1000.000000000000000 ) ;
#5502 = VECTOR ( 'NONE', #1162, 1000.000000000000000 ) ;
#5503 = EDGE_LOOP ( 'NONE', ( #9354, #5624, #4462, #792 ) ) ;
#5504 = STYLED_ITEM ( 'NONE', ( #9258 ), #7494 ) ;
#5505 = EDGE_LOOP ( 'NONE', ( #5734, #6374, #6737, #7591 ) ) ;
#5506 = DIRECTION ( 'NONE',  ( 0.0000000000000000000, 1.000000000000000000, 0.0000000000000000000 ) ) ;
#5507 = FACE_OUTER_BOUND ( 'NONE', #6576, .T. ) ;
#5508 = DIRECTION ( 'NONE',  ( -0.0000000000000000000, -1.000000000000000000, -0.0000000000000000000 ) ) ;
#5509 = LINE ( 'NONE', #6038, #9623 ) ;
#5510 = DIRECTION ( 'NONE',  ( 1.000000000000000000, 0.0000000000000000000, 0.0000000000000000000 ) ) ;
#5511 = DIRECTION ( 'NONE',  ( 0.0000000000000000000, 0.0000000000000000000, 1.000000000000000000 ) ) ;
#5512 = EDGE_CURVE ( 'NONE', #954, #8657, #178, .T. ) ;
#5513 = CARTESIAN_POINT ( 'NONE',  ( 5.014431958356886400, 0.09230803588812726300, 0.1000000000000000100 ) ) ;
#5514 = EDGE_CURVE ( 'NONE', #8036, #7580, #4244, .T. ) ;
#5515 = LINE ( 'NONE', #3713, #9878 ) ;
#5516 = DIRECTION ( 'NONE',  ( 1.000000000000000000, 0.0000000000000000000, 0.0000000000000000000 ) ) ;
#5517 = DIRECTION ( 'NONE',  ( -0.0000000000000000000, -0.0000000000000000000, -1.000000000000000000 ) ) ;
#5518 = CARTESIAN_POINT ( 'NONE',  ( 6.104675921659724800, 1.209682624846421200, -0.1000000000000000100 ) ) ;
#5519 = VECTOR ( 'NONE', #7082, 1000.000000000000000 ) ;
#5520 = AXIS2_PLACEMENT_3D ( 'NONE', #2303, #7186, #2350 ) ;
#5521 = DIRECTION ( 'NONE',  ( 1.000000000000000000, -3.942553354508385700E-016, -0.0000000000000000000 ) ) ;
#5522 = DIRECTION ( 'NONE',  ( 0.0000000000000000000, 0.0000000000000000000, 1.000000000000000000 ) ) ;
#5523 = FACE_OUTER_BOUND ( 'NONE', #10011, .T. ) ;
#5524 = EDGE_CURVE ( 'NONE', #4414, #8616, #10513, .T. ) ;
#5525 = ORIENTED_EDGE ( 'NONE', *, *, #10307, .F. ) ;
#5526 = EDGE_CURVE ( 'NONE', #9159, #10039, #2367, .T. ) ;
#5527 = CYLINDRICAL_SURFACE ( 'NONE', #10031, 0.07500000000021639400 ) ;
#5528 = ORIENTED_EDGE ( 'NONE', *, *, #1376, .T. ) ;
#5529 = ADVANCED_FACE ( 'NONE', ( #4000 ), #5537, .T. ) ;
#5530 = DIRECTION ( 'NONE',  ( -0.0000000000000000000, -0.0000000000000000000, -1.000000000000000000 ) ) ;
#5531 = CARTESIAN_POINT ( 'NONE',  ( 4.879675921658599900, 0.7096826248464360700, -0.1000000000000000100 ) ) ;
#5532 = DIRECTION ( 'NONE',  ( 1.000000000000000000, 0.0000000000000000000, 0.0000000000000000000 ) ) ;
#5533 = VERTEX_POINT ( 'NONE', #9634 ) ;
#5534 = CARTESIAN_POINT ( 'NONE',  ( 5.304675921659713500, 0.04468262484602203400, 0.1000000000000000100 ) ) ;
#5535 = LINE ( 'NONE', #331, #1490 ) ;
#5536 = ORIENTED_EDGE ( 'NONE', *, *, #8607, .T. ) ;
#5537 = PLANE ( 'NONE',  #4737 ) ;
#5538 = EDGE_CURVE ( 'NONE', #9528, #4272, #5886, .T. ) ;
#5539 = UNCERTAINTY_MEASURE_WITH_UNIT (LENGTH_MEASURE( 1.000000000000000100E-005 ), #2117, 'distance_accuracy_value', 'NONE');
#5540 = CARTESIAN_POINT ( 'NONE',  ( 5.829675921660816900, 0.7096826248452988700, -0.1000000000000000100 ) ) ;
#5541 = ADVANCED_FACE ( 'NONE', ( #8073 ), #7180, .T. ) ;
#5542 = DIRECTION ( 'NONE',  ( 0.0000000000000000000, 1.000000000000000000, 0.0000000000000000000 ) ) ;
#5543 = VERTEX_POINT ( 'NONE', #3149 ) ;
#5544 = VECTOR ( 'NONE', #664, 1000.000000000000000 ) ;
#5545 = LINE ( 'NONE', #3043, #1245 ) ;
#5546 = VERTEX_POINT ( 'NONE', #6399 ) ;
#5547 = DIRECTION ( 'NONE',  ( 0.0000000000000000000, 0.0000000000000000000, 1.000000000000000000 ) ) ;
#5548 = EDGE_CURVE ( 'NONE', #3170, #9430, #3747, .T. ) ;
#5549 = AXIS2_PLACEMENT_3D ( 'NONE', #9583, #6301, #1467 ) ;
#5550 = EDGE_CURVE ( 'NONE', #1957, #9066, #1603, .T. ) ;
#5551 = VECTOR ( 'NONE', #8101, 1000.000000000000000 ) ;
#5552 = DIRECTION ( 'NONE',  ( -0.0000000000000000000, 0.0000000000000000000, 1.000000000000000000 ) ) ;
#5553 = VERTEX_POINT ( 'NONE', #8874 ) ;
#5554 = DIRECTION ( 'NONE',  ( 1.000000000000000000, -1.734723475975746300E-015, 0.0000000000000000000 ) ) ;
#5555 = ORIENTED_EDGE ( 'NONE', *, *, #7734, .F. ) ;
#5556 = EDGE_LOOP ( 'NONE', ( #7232, #6060, #1350, #6590 ) ) ;
#5557 = AXIS2_PLACEMENT_3D ( 'NONE', #7047, #7874, #3021 ) ;
#5558 = DIRECTION ( 'NONE',  ( -0.0000000000000000000, -0.0000000000000000000, -1.000000000000000000 ) ) ;
#5559 = LINE ( 'NONE', #4275, #9676 ) ;
#5560 = CARTESIAN_POINT ( 'NONE',  ( 6.104675921659724800, -0.4153173751542453800, -0.1000000000000000100 ) ) ;
#5561 = CARTESIAN_POINT ( 'NONE',  ( 5.269675921659555200, 1.034682624846080100, 0.1000000000000000100 ) ) ;
#5562 = DIRECTION ( 'NONE',  ( -1.000000000000000000, -2.168404344971021900E-015, -0.0000000000000000000 ) ) ;
#5563 = ORIENTED_EDGE ( 'NONE', *, *, #1378, .F. ) ;
#5564 = VECTOR ( 'NONE', #7410, 1000.000000000000000 ) ;
#5565 = ORIENTED_EDGE ( 'NONE', *, *, #3413, .T. ) ;
#5566 = ORIENTED_EDGE ( 'NONE', *, *, #5649, .F. ) ;
#5567 = ORIENTED_EDGE ( 'NONE', *, *, #106, .T. ) ;
#5568 = EDGE_CURVE ( 'NONE', #142, #4655, #5636, .T. ) ;
#5569 = AXIS2_PLACEMENT_3D ( 'NONE', #8549, #9339, #3661 ) ;
#5570 = EDGE_CURVE ( 'NONE', #7816, #10215, #8328, .T. ) ;
#5571 = DIRECTION ( 'NONE',  ( -0.0000000000000000000, 0.0000000000000000000, -1.000000000000000000 ) ) ;
#5572 = LINE ( 'NONE', #3763, #3433 ) ;
#5573 = DIRECTION ( 'NONE',  ( -0.0000000000000000000, 1.000000000000000000, -0.0000000000000000000 ) ) ;
#5574 = VECTOR ( 'NONE', #7322, 1000.000000000000000 ) ;
#5575 = ORIENTED_EDGE ( 'NONE', *, *, #3548, .T. ) ;
#5576 = CARTESIAN_POINT ( 'NONE',  ( 4.704675921658918000, 0.2096826248464359600, 0.0000000000000000000 ) ) ;
#5577 = ORIENTED_EDGE ( 'NONE', *, *, #7492, .T. ) ;
#5578 = VERTEX_POINT ( 'NONE', #3225 ) ;
#5579 = DIRECTION ( 'NONE',  ( 0.0000000000000000000, -1.000000000000000000, 0.0000000000000000000 ) ) ;
#5580 = CARTESIAN_POINT ( 'NONE',  ( 0.0000000000000000000, 0.0000000000000000000, 0.7499999999999998900 ) ) ;
#5581 = ADVANCED_FACE ( 'NONE', ( #9755 ), #3250, .T. ) ;
#5582 = CIRCLE ( 'NONE', #321, 0.04999999999999969700 ) ;
#5583 = VERTEX_POINT ( 'NONE', #9745 ) ;
#5584 = EDGE_CURVE ( 'NONE', #3977, #3184, #5382, .T. ) ;
#5585 = CIRCLE ( 'NONE', #2975, 0.07500000000000041400 ) ;
#5586 = DIRECTION ( 'NONE',  ( -0.0000000000000000000, -0.0000000000000000000, -1.000000000000000000 ) ) ;
#5587 = ORIENTED_EDGE ( 'NONE', *, *, #5243, .F. ) ;
#5588 = ORIENTED_EDGE ( 'NONE', *, *, #2280, .T. ) ;
#5589 = VERTEX_POINT ( 'NONE', #1629 ) ;
#5590 = ORIENTED_EDGE ( 'NONE', *, *, #7856, .T. ) ;
#5591 = DIRECTION ( 'NONE',  ( -1.000000000000000000, 2.408418309332321600E-015, -0.0000000000000000000 ) ) ;
#5592 = CARTESIAN_POINT ( 'NONE',  ( 5.489675921659714900, 0.9846826248459260600, 0.1000000000000000100 ) ) ;
#5593 = CARTESIAN_POINT ( 'NONE',  ( 5.558906690890459900, 0.9846826248459265000, 0.1000000000000000100 ) ) ;
#5594 = STYLED_ITEM ( 'NONE', ( #5874 ), #10532 ) ;
#5595 = ADVANCED_FACE ( 'NONE', ( #9492 ), #6464, .T. ) ;
#5596 = CIRCLE ( 'NONE', #2382, 0.07500000000021551900 ) ;
#5597 = EDGE_LOOP ( 'NONE', ( #8562, #1514, #7363, #6353 ) ) ;
#5598 = DIRECTION ( 'NONE',  ( -0.0000000000000000000, -0.0000000000000000000, -1.000000000000000000 ) ) ;
#5599 = ORIENTED_EDGE ( 'NONE', *, *, #8178, .T. ) ;
#5600 = EDGE_LOOP ( 'NONE', ( #3309, #10169, #4470, #4989, #3472, #5062 ) ) ;
#5601 = ORIENTED_EDGE ( 'NONE', *, *, #6203, .T. ) ;
#5602 = CARTESIAN_POINT ( 'NONE',  ( 5.354675921659711500, 0.2446826248459105500, 0.1000000000000000100 ) ) ;
#5603 = EDGE_LOOP ( 'NONE', ( #51, #9127, #4089, #4532 ) ) ;
#5604 = EDGE_CURVE ( 'NONE', #8012, #4368, #10254, .T. ) ;
#5605 = DIRECTION ( 'NONE',  ( 0.0000000000000000000, 0.0000000000000000000, 1.000000000000000000 ) ) ;
#5606 = SURFACE_SIDE_STYLE ('',( #1745 ) ) ;
#5607 = EDGE_CURVE ( 'NONE', #1906, #2594, #3496, .T. ) ;
#5608 = EDGE_LOOP ( 'NONE', ( #6914, #3279, #10186, #858, #7728, #10219 ) ) ;
#5609 = LINE ( 'NONE', #7341, #1306 ) ;
#5610 = CARTESIAN_POINT ( 'NONE',  ( 4.954675921659327500, -0.1153173751538373000, 0.0000000000000000000 ) ) ;
#5611 = ORIENTED_EDGE ( 'NONE', *, *, #5401, .T. ) ;
#5612 = LINE ( 'NONE', #7788, #7777 ) ;
#5613 = VECTOR ( 'NONE', #3772, 1000.000000000000000 ) ;
#5614 = DIRECTION ( 'NONE',  ( -1.000000000000000000, 0.0000000000000000000, 0.0000000000000000000 ) ) ;
#5615 = VERTEX_POINT ( 'NONE', #6500 ) ;
#5616 = DIRECTION ( 'NONE',  ( 1.000000000000000000, 0.0000000000000000000, 0.0000000000000000000 ) ) ;
#5617 = ORIENTED_EDGE ( 'NONE', *, *, #2010, .F. ) ;
#5618 = DIRECTION ( 'NONE',  ( 1.000000000000000000, 0.0000000000000000000, 0.0000000000000000000 ) ) ;
#5619 = LINE ( 'NONE', #5091, #9733 ) ;
#5620 = DIRECTION ( 'NONE',  ( 0.7071067811865521200, -0.7071067811865430200, 0.0000000000000000000 ) ) ;
#5621 = PLANE ( 'NONE',  #3345 ) ;
#5622 = FACE_OUTER_BOUND ( 'NONE', #4227, .T. ) ;
#5623 = DIRECTION ( 'NONE',  ( 0.7071067811865490200, -0.7071067811865460200, 0.0000000000000000000 ) ) ;
#5624 = ORIENTED_EDGE ( 'NONE', *, *, #9804, .F. ) ;
#5625 = AXIS2_PLACEMENT_3D ( 'NONE', #4370, #10086, #5168 ) ;
#5626 = CARTESIAN_POINT ( 'NONE',  ( 5.704854054024949900, 0.1696826248459104600, 0.1000000000000000100 ) ) ;
#5627 = ORIENTED_EDGE ( 'NONE', *, *, #6660, .T. ) ;
#5628 = LINE ( 'NONE', #2957, #1590 ) ;
#5629 = DIRECTION ( 'NONE',  ( 1.000000000000000000, 0.0000000000000000000, 0.0000000000000000000 ) ) ;
#5630 = VECTOR ( 'NONE', #661, 1000.000000000000000 ) ;
#5631 = CIRCLE ( 'NONE', #4161, 0.2499999999999985000 ) ;
#5632 = ORIENTED_EDGE ( 'NONE', *, *, #9903, .F. ) ;
#5633 = CARTESIAN_POINT ( 'NONE',  ( 5.829675921660816900, 0.2096826248452990100, -0.1000000000000000100 ) ) ;
#5634 = DIRECTION ( 'NONE',  ( -0.0000000000000000000, -0.0000000000000000000, -1.000000000000000000 ) ) ;
#5635 = EDGE_LOOP ( 'NONE', ( #5563, #9266, #8005, #1116 ) ) ;
#5636 = CIRCLE ( 'NONE', #5818, 0.04999999999999969700 ) ;
#5637 = EDGE_CURVE ( 'NONE', #5339, #9085, #7303, .T. ) ;
#5638 = AXIS2_PLACEMENT_3D ( 'NONE', #9073, #5800, #3379 ) ;
#5639 = DIRECTION ( 'NONE',  ( -0.0000000000000000000, -0.0000000000000000000, -1.000000000000000000 ) ) ;
#5640 = PLANE ( 'NONE',  #8109 ) ;
#5641 = CIRCLE ( 'NONE', #9225, 0.04999999999999969700 ) ;
#5642 = DIRECTION ( 'NONE',  ( -1.000000000000000000, 0.0000000000000000000, 0.0000000000000000000 ) ) ;
#5643 = CARTESIAN_POINT ( 'NONE',  ( 6.104675921659724800, 1.209682624846421200, -0.1000000000000000100 ) ) ;
#5644 = DIRECTION ( 'NONE',  ( 1.000000000000000000, 0.0000000000000000000, 0.0000000000000000000 ) ) ;
#5645 = ORIENTED_EDGE ( 'NONE', *, *, #2652, .F. ) ;
#5646 = CYLINDRICAL_SURFACE ( 'NONE', #5036, 0.07499999999993189900 ) ;
#5647 = ADVANCED_FACE ( 'NONE', ( #5126 ), #8149, .F. ) ;
#5648 = DIRECTION ( 'NONE',  ( 0.0000000000000000000, -1.000000000000000000, 0.0000000000000000000 ) ) ;
#5649 = EDGE_CURVE ( 'NONE', #7722, #4599, #2747, .T. ) ;
#5650 = EDGE_CURVE ( 'NONE', #6953, #8019, #7029, .T. ) ;
#5651 = DIRECTION ( 'NONE',  ( 1.000000000000000000, 0.0000000000000000000, 0.0000000000000000000 ) ) ;
#5652 = VERTEX_POINT ( 'NONE', #2472 ) ;
#5653 = CARTESIAN_POINT ( 'NONE',  ( 5.104675921659473500, 0.7207828955904757000, 0.1000000000000000100 ) ) ;
#5654 = VECTOR ( 'NONE', #9974, 1000.000000000000000 ) ;
#5655 = EDGE_LOOP ( 'NONE', ( #8948, #7927, #9490, #9065 ) ) ;
#5656 = AXIS2_PLACEMENT_3D ( 'NONE', #8293, #3421, #9118 ) ;
#5657 = FACE_OUTER_BOUND ( 'NONE', #9135, .T. ) ;
#5658 = EDGE_LOOP ( 'NONE', ( #6041, #2416, #6993, #4199 ) ) ;
#5659 = DIRECTION ( 'NONE',  ( 1.000000000000000000, 0.0000000000000000000, 0.0000000000000000000 ) ) ;
#5660 = CARTESIAN_POINT ( 'NONE',  ( 6.104675921659724800, -0.4153173751542453800, -0.1000000000000000100 ) ) ;
#5661 = DIRECTION ( 'NONE',  ( -1.000000000000000000, 0.0000000000000000000, 0.0000000000000000000 ) ) ;
#5662 = EDGE_CURVE ( 'NONE', #2439, #9159, #4883, .T. ) ;
#5663 = FACE_OUTER_BOUND ( 'NONE', #5826, .T. ) ;
#5664 = EDGE_CURVE ( 'NONE', #3004, #9190, #8977, .T. ) ;
#5665 = ORIENTED_EDGE ( 'NONE', *, *, #3684, .T. ) ;
#5666 = CARTESIAN_POINT ( 'NONE',  ( 5.304675921659713500, -0.05180946618659623000, 0.0000000000000000000 ) ) ;
#5667 = DIRECTION ( 'NONE',  ( 0.7036284662064633500, -0.7105680696062410800, 0.0000000000000000000 ) ) ;
#5668 = VECTOR ( 'NONE', #2586, 1000.000000000000000 ) ;
#5669 = LINE ( 'NONE', #863, #3526 ) ;
#5670 = ORIENTED_EDGE ( 'NONE', *, *, #2610, .F. ) ;
#5671 = DIRECTION ( 'NONE',  ( -0.0000000000000000000, -0.0000000000000000000, -1.000000000000000000 ) ) ;
#5672 = CARTESIAN_POINT ( 'NONE',  ( 4.837351104144149300, 0.1596826248457989800, 0.1000000000000000100 ) ) ;
#5673 = DIRECTION ( 'NONE',  ( -0.7549480637857695100, -0.6557845842852039200, 0.0000000000000000000 ) ) ;
#5674 = EDGE_LOOP ( 'NONE', ( #9835, #6960, #2301, #1089 ) ) ;
#5675 = VECTOR ( 'NONE', #6687, 1000.000000000000000 ) ;
#5676 = ORIENTED_EDGE ( 'NONE', *, *, #1535, .F. ) ;
#5677 = DIRECTION ( 'NONE',  ( -0.0000000000000000000, -0.0000000000000000000, -1.000000000000000000 ) ) ;
#5678 = DIRECTION ( 'NONE',  ( 1.000000000000000000, 0.0000000000000000000, 0.0000000000000000000 ) ) ;
#5679 = CARTESIAN_POINT ( 'NONE',  ( 5.754675921660088500, 0.3846826248450256900, -0.1000000000000000100 ) ) ;
#5680 = CARTESIAN_POINT ( 'NONE',  ( 4.879675921659111500, 0.2846826248466515800, 0.0000000000000000000 ) ) ;
#5681 = VERTEX_POINT ( 'NONE', #891 ) ;
#5682 = DIRECTION ( 'NONE',  ( 1.000000000000000000, 0.0000000000000000000, 0.0000000000000000000 ) ) ;
#5683 = AXIS2_PLACEMENT_3D ( 'NONE', #1354, #2172, #7843 ) ;
#5684 = CARTESIAN_POINT ( 'NONE',  ( 5.042175921659434400, 0.5996826248457302100, 0.0000000000000000000 ) ) ;
#5685 = LINE ( 'NONE', #6021, #7602 ) ;
#5686 = CARTESIAN_POINT ( 'NONE',  ( 4.604675921659691100, -0.04031737515379176000, 0.0000000000000000000 ) ) ;
#5687 = ORIENTED_EDGE ( 'NONE', *, *, #3830, .T. ) ;
#5688 = ORIENTED_EDGE ( 'NONE', *, *, #9901, .T. ) ;
#5689 = ORIENTED_EDGE ( 'NONE', *, *, #5463, .T. ) ;
#5690 = DIRECTION ( 'NONE',  ( 1.000000000000000000, 0.0000000000000000000, 0.0000000000000000000 ) ) ;
#5691 = EDGE_CURVE ( 'NONE', #6345, #9290, #571, .T. ) ;
#5692 = DIRECTION ( 'NONE',  ( -0.8629477401728890000, 0.5052931799762433500, 0.0000000000000000000 ) ) ;
#5693 = CARTESIAN_POINT ( 'NONE',  ( 6.004675921660368200, 0.9596826248450711600, 0.1000000000000000100 ) ) ;
#5694 = LINE ( 'NONE', #8131, #6204 ) ;
#5695 = ADVANCED_FACE ( 'NONE', ( #6524 ), #7396, .T. ) ;
#5696 = AXIS2_PLACEMENT_3D ( 'NONE', #6964, #3756, #7800 ) ;
#5697 = LINE ( 'NONE', #667, #7612 ) ;
#5699 = ORIENTED_EDGE ( 'NONE', *, *, #9552, .F. ) ;
#5698 = PLANE ( 'NONE',  #2513 ) ;
#5700 = DIRECTION ( 'NONE',  ( 0.0000000000000000000, 0.0000000000000000000, 1.000000000000000000 ) ) ;
#5701 = ORIENTED_EDGE ( 'NONE', *, *, #1788, .T. ) ;
#5702 = ORIENTED_EDGE ( 'NONE', *, *, #2204, .F. ) ;
#5703 = PLANE ( 'NONE',  #6156 ) ;
#5704 = CARTESIAN_POINT ( 'NONE',  ( 5.042175921659434400, 0.5996826248457302100, 0.0000000000000000000 ) ) ;
#5705 = DIRECTION ( 'NONE',  ( 1.000000000000000000, 0.0000000000000000000, -0.0000000000000000000 ) ) ;
#5706 = FACE_OUTER_BOUND ( 'NONE', #1922, .T. ) ;
#5707 = VECTOR ( 'NONE', #5692, 999.9999999999998900 ) ;
#5708 = ORIENTED_EDGE ( 'NONE', *, *, #3832, .F. ) ;
#5709 = EDGE_LOOP ( 'NONE', ( #8798, #7292, #5748, #9293, #784, #2530, #10543, #10348, #8871, #8203, #10332, #6082, #495, #3073, #5878, #30 ) ) ;
#5710 = VERTEX_POINT ( 'NONE', #4152 ) ;
#5711 = EDGE_CURVE ( 'NONE', #5084, #7041, #8713, .T. ) ;
#5712 = AXIS2_PLACEMENT_3D ( 'NONE', #1073, #8392, #3518 ) ;
#5713 = EDGE_CURVE ( 'NONE', #4192, #9732, #2483, .T. ) ;
#5714 = ORIENTED_EDGE ( 'NONE', *, *, #4019, .T. ) ;
#5715 = DIRECTION ( 'NONE',  ( -0.0000000000000000000, -0.0000000000000000000, -1.000000000000000000 ) ) ;
#5716 = LINE ( 'NONE', #5930, #9829 ) ;
#5717 = DIRECTION ( 'NONE',  ( -1.000000000000000000, 1.734723475978141600E-015, -0.0000000000000000000 ) ) ;
#5718 = DIRECTION ( 'NONE',  ( 3.942553354495353700E-016, 1.000000000000000000, -0.0000000000000000000 ) ) ;
#5719 = VECTOR ( 'NONE', #10549, 1000.000000000000000 ) ;
#5720 = CARTESIAN_POINT ( 'NONE',  ( 5.979675921659509900, 1.484682624845741400, 0.1000000000000000100 ) ) ;
#5721 = FACE_OUTER_BOUND ( 'NONE', #6266, .T. ) ;
#5722 = AXIS2_PLACEMENT_3D ( 'NONE', #5087, #8346, #1893 ) ;
#5723 = CARTESIAN_POINT ( 'NONE',  ( 4.754675921659554700, 0.1596826248457989800, 0.0000000000000000000 ) ) ;
#5724 = VERTEX_POINT ( 'NONE', #6594 ) ;
#5725 = ORIENTED_EDGE ( 'NONE', *, *, #8143, .F. ) ;
#5726 = ORIENTED_EDGE ( 'NONE', *, *, #8319, .F. ) ;
#5727 = ORIENTED_EDGE ( 'NONE', *, *, #6496, .T. ) ;
#5728 = DIRECTION ( 'NONE',  ( -0.7071067811865468000, -0.7071067811865483500, -0.0000000000000000000 ) ) ;
#5729 = DIRECTION ( 'NONE',  ( 1.000000000000000000, -3.214735856175449900E-015, -0.0000000000000000000 ) ) ;
#5730 = EDGE_CURVE ( 'NONE', #414, #7772, #42, .T. ) ;
#5731 = VECTOR ( 'NONE', #2879, 1000.000000000000000 ) ;
#5732 = EDGE_CURVE ( 'NONE', #7094, #2965, #6775, .T. ) ;
#5733 = CARTESIAN_POINT ( 'NONE',  ( 6.004675921660368200, 0.9596826248450711600, 0.1000000000000000100 ) ) ;
#5734 = ORIENTED_EDGE ( 'NONE', *, *, #2369, .F. ) ;
#5735 = LINE ( 'NONE', #6534, #7395 ) ;
#5736 = CARTESIAN_POINT ( 'NONE',  ( 5.042175921659434400, 0.5996826248457302100, 0.1000000000000000100 ) ) ;
#5737 = ORIENTED_EDGE ( 'NONE', *, *, #2064, .T. ) ;
#5738 = ORIENTED_EDGE ( 'NONE', *, *, #7759, .T. ) ;
#5739 = VECTOR ( 'NONE', #2140, 1000.000000000000000 ) ;
#5740 = CARTESIAN_POINT ( 'NONE',  ( 4.879675921658599900, -0.2903173751535639800, 0.0000000000000000000 ) ) ;
#5741 = DIRECTION ( 'NONE',  ( 0.0000000000000000000, 0.0000000000000000000, 1.000000000000000000 ) ) ;
#5742 = ORIENTED_EDGE ( 'NONE', *, *, #767, .F. ) ;
#5743 = DIRECTION ( 'NONE',  ( 0.0000000000000000000, 0.0000000000000000000, 1.000000000000000000 ) ) ;
#5744 = VECTOR ( 'NONE', #2615, 1000.000000000000000 ) ;
#5745 = AXIS2_PLACEMENT_3D ( 'NONE', #2999, #8693, #3811 ) ;
#5746 = PLANE ( 'NONE',  #1377 ) ;
#5747 = EDGE_CURVE ( 'NONE', #1026, #1815, #8453, .T. ) ;
#5748 = ORIENTED_EDGE ( 'NONE', *, *, #8485, .F. ) ;
#5749 = VERTEX_POINT ( 'NONE', #7461 ) ;
#5750 = FACE_OUTER_BOUND ( 'NONE', #1803, .T. ) ;
#5751 = LINE ( 'NONE', #69, #3605 ) ;
#5752 = DIRECTION ( 'NONE',  ( 0.0000000000000000000, 0.0000000000000000000, 1.000000000000000000 ) ) ;
#5753 = VECTOR ( 'NONE', #1091, 1000.000000000000000 ) ;
#5754 = ORIENTED_EDGE ( 'NONE', *, *, #1594, .F. ) ;
#5755 = ADVANCED_FACE ( 'NONE', ( #8194 ), #9086, .T. ) ;
#5756 = DIRECTION ( 'NONE',  ( 1.000000000000000000, -2.249719507909152500E-015, 0.0000000000000000000 ) ) ;
#5757 = DIRECTION ( 'NONE',  ( 1.000000000000000000, 0.0000000000000000000, 0.0000000000000000000 ) ) ;
#5758 = AXIS2_PLACEMENT_3D ( 'NONE', #1034, #6693, #1864 ) ;
#5759 = ORIENTED_EDGE ( 'NONE', *, *, #106, .F. ) ;
#5760 = LINE ( 'NONE', #2614, #3612 ) ;
#5761 = CARTESIAN_POINT ( 'NONE',  ( 5.657241345925927900, 0.8540125217529861400, 0.1000000000000000100 ) ) ;
#5762 = VECTOR ( 'NONE', #6011, 1000.000000000000000 ) ;
#5763 = CARTESIAN_POINT ( 'NONE',  ( 4.754675921659438300, 1.159682624845901600, 0.1000000000000000100 ) ) ;
#5764 = CARTESIAN_POINT ( 'NONE',  ( 4.954675921659530900, -0.3153173751544004500, 0.1000000000000000100 ) ) ;
#5765 = VECTOR ( 'NONE', #7576, 1000.000000000000000 ) ;
#5766 = DIRECTION ( 'NONE',  ( 0.0000000000000000000, -1.000000000000000000, 0.0000000000000000000 ) ) ;
#5767 = FACE_OUTER_BOUND ( 'NONE', #4026, .T. ) ;
#5768 = CARTESIAN_POINT ( 'NONE',  ( 4.954675921659327500, 0.8846826248462763600, -0.1000000000000000100 ) ) ;
#5769 =( NAMED_UNIT ( * ) SI_UNIT ( $, .STERADIAN. ) SOLID_ANGLE_UNIT ( ) );
#5770 = EDGE_CURVE ( 'NONE', #7002, #1769, #6010, .T. ) ;
#5771 = AXIS2_PLACEMENT_3D ( 'NONE', #968, #6638, #1798 ) ;
#5772 = EDGE_CURVE ( 'NONE', #1875, #2626, #6267, .T. ) ;
#5773 = DIRECTION ( 'NONE',  ( 0.0000000000000000000, 0.0000000000000000000, 1.000000000000000000 ) ) ;
#5774 = LINE ( 'NONE', #6124, #7687 ) ;
#5775 = VERTEX_POINT ( 'NONE', #5040 ) ;
#5776 = LINE ( 'NONE', #4820, #1228 ) ;
#5777 = DIRECTION ( 'NONE',  ( -0.0000000000000000000, -0.0000000000000000000, -1.000000000000000000 ) ) ;
#5778 = VERTEX_POINT ( 'NONE', #995 ) ;
#5779 = CARTESIAN_POINT ( 'NONE',  ( 5.354675921659710600, 0.8346826248458012500, 0.0000000000000000000 ) ) ;
#5780 = CARTESIAN_POINT ( 'NONE',  ( 5.700554488570705100, 0.4674901632768662700, 0.1000000000000000100 ) ) ;
#5781 = ORIENTED_EDGE ( 'NONE', *, *, #18, .F. ) ;
#5782 = EDGE_CURVE ( 'NONE', #6789, #4719, #5760, .T. ) ;
#5783 = LINE ( 'NONE', #5931, #3394 ) ;
#5784 = LINE ( 'NONE', #2002, #3642 ) ;
#5785 = ORIENTED_EDGE ( 'NONE', *, *, #1983, .T. ) ;
#5786 = DIRECTION ( 'NONE',  ( 0.8823529411758090900, -0.4705882352953579800, 0.0000000000000000000 ) ) ;
#5787 = DIRECTION ( 'NONE',  ( -0.0000000000000000000, -0.0000000000000000000, -1.000000000000000000 ) ) ;
#5788 = DIRECTION ( 'NONE',  ( 0.0000000000000000000, 1.000000000000000000, 0.0000000000000000000 ) ) ;
#5790 = ORIENTED_EDGE ( 'NONE', *, *, #2266, .F. ) ;
#5789 = CARTESIAN_POINT ( 'NONE',  ( 4.754675921659554700, 0.6596826248457988700, 0.1000000000000000100 ) ) ;
#5791 = VECTOR ( 'NONE', #8743, 1000.000000000000000 ) ;
#5792 = VECTOR ( 'NONE', #1374, 1000.000000000000000 ) ;
#5793 = CARTESIAN_POINT ( 'NONE',  ( 5.439675921659715900, 1.103366499252742500, 0.1000000000000000100 ) ) ;
#5794 = EDGE_LOOP ( 'NONE', ( #10463, #1871, #6029, #6683 ) ) ;
#5795 = PLANE ( 'NONE',  #1930 ) ;
#5796 = EDGE_CURVE ( 'NONE', #2317, #6541, #7931, .T. ) ;
#5797 = EDGE_CURVE ( 'NONE', #9698, #5456, #1721, .T. ) ;
#5798 = ADVANCED_FACE ( 'NONE', ( #5507 ), #1040, .T. ) ;
#5799 = DIRECTION ( 'NONE',  ( -0.8629477401728807800, 0.5052931799762572200, 0.0000000000000000000 ) ) ;
#5800 = DIRECTION ( 'NONE',  ( 0.0000000000000000000, 0.0000000000000000000, 1.000000000000000000 ) ) ;
#5801 = CARTESIAN_POINT ( 'NONE',  ( 6.004675921659183400, 0.2096826248452988200, 0.0000000000000000000 ) ) ;
#5802 = VECTOR ( 'NONE', #5634, 1000.000000000000000 ) ;
#5803 = CARTESIAN_POINT ( 'NONE',  ( 5.354675921659710600, 0.4646826248459103900, 0.1000000000000000100 ) ) ;
#5804 = ORIENTED_EDGE ( 'NONE', *, *, #1192, .F. ) ;
#5805 = VERTEX_POINT ( 'NONE', #9979 ) ;
#5806 = VERTEX_POINT ( 'NONE', #9189 ) ;
#5807 =( GEOMETRIC_REPRESENTATION_CONTEXT ( 3 ) GLOBAL_UNCERTAINTY_ASSIGNED_CONTEXT ( ( #7948 ) ) GLOBAL_UNIT_ASSIGNED_CONTEXT ( ( #9253, #3547, #5769 ) ) REPRESENTATION_CONTEXT ( 'NONE', 'WORKASPACE' ) );
#5808 = CARTESIAN_POINT ( 'NONE',  ( 5.104675921659472600, 0.5996826248457300900, 0.1000000000000000100 ) ) ;
#5809 = VECTOR ( 'NONE', #3440, 1000.000000000000100 ) ;
#5810 = DIRECTION ( 'NONE',  ( 0.0000000000000000000, 0.0000000000000000000, -1.000000000000000000 ) ) ;
#5811 = FACE_OUTER_BOUND ( 'NONE', #8384, .T. ) ;
#5812 = CARTESIAN_POINT ( 'NONE',  ( 5.354675921659710600, 0.6646826248458013200, 0.0000000000000000000 ) ) ;
#5813 = CARTESIAN_POINT ( 'NONE',  ( 6.104675921659724800, -0.2903173751547013500, 0.1000000000000000500 ) ) ;
#5814 = ORIENTED_EDGE ( 'NONE', *, *, #3443, .T. ) ;
#5815 = VERTEX_POINT ( 'NONE', #1870 ) ;
#5816 = ORIENTED_EDGE ( 'NONE', *, *, #1819, .F. ) ;
#5817 = DIRECTION ( 'NONE',  ( 0.7071067811865475700, 0.7071067811865475700, -0.0000000000000000000 ) ) ;
#5818 = AXIS2_PLACEMENT_3D ( 'NONE', #6433, #1595, #7256 ) ;
#5819 =( LENGTH_UNIT ( ) NAMED_UNIT ( * ) SI_UNIT ( .MILLI., .METRE. ) );
#5820 = CARTESIAN_POINT ( 'NONE',  ( 6.004675921659153200, 0.7096826248452987600, 0.1000000000000000100 ) ) ;
#5821 = LINE ( 'NONE', #8643, #9935 ) ;
#5822 = LINE ( 'NONE', #4802, #9936 ) ;
#5823 = DIRECTION ( 'NONE',  ( -0.0000000000000000000, -0.0000000000000000000, -1.000000000000000000 ) ) ;
#5824 = EDGE_LOOP ( 'NONE', ( #2310, #3065, #6492, #8335 ) ) ;
#5825 = CARTESIAN_POINT ( 'NONE',  ( 5.954675921659633900, 0.6596826248457791100, 0.0000000000000000000 ) ) ;
#5826 = EDGE_LOOP ( 'NONE', ( #7852, #7452, #9369, #3459, #6220, #8538 ) ) ;
#5827 = ORIENTED_EDGE ( 'NONE', *, *, #9011, .T. ) ;
#5828 = CARTESIAN_POINT ( 'NONE',  ( 6.104675921659724800, -0.04031737515492882200, 0.1000000000000000100 ) ) ;
#5829 = DIRECTION ( 'NONE',  ( -1.000000000000000000, 9.540979117872226000E-015, 0.0000000000000000000 ) ) ;
#5830 = EDGE_CURVE ( 'NONE', #2069, #1235, #7675, .T. ) ;
#5831 = AXIS2_PLACEMENT_3D ( 'NONE', #3765, #9477, #4570 ) ;
#5832 = AXIS2_PLACEMENT_3D ( 'NONE', #7786, #4548, #10269 ) ;
#5833 = LINE ( 'NONE', #3260, #1544 ) ;
#5834 = ORIENTED_EDGE ( 'NONE', *, *, #278, .T. ) ;
#5835 = PLANE ( 'NONE',  #6303 ) ;
#5836 = DIRECTION ( 'NONE',  ( 0.0000000000000000000, 0.0000000000000000000, 1.000000000000000000 ) ) ;
#5837 = LINE ( 'NONE', #10577, #1547 ) ;
#5838 = ORIENTED_EDGE ( 'NONE', *, *, #3156, .F. ) ;
#5839 = VERTEX_POINT ( 'NONE', #8365 ) ;
#5840 = EDGE_LOOP ( 'NONE', ( #1271, #1932, #8839, #7290, #1811, #2327, #6195, #3647, #2429, #3904, #5393, #8935, #3565, #4174, #4586, #3115 ) ) ;
#5841 = ORIENTED_EDGE ( 'NONE', *, *, #8759, .T. ) ;
#5842 = CARTESIAN_POINT ( 'NONE',  ( 4.879675921659111500, 0.7846826248466516300, 0.0000000000000000000 ) ) ;
#5843 = CARTESIAN_POINT ( 'NONE',  ( 5.104675921659471700, 0.4496826248457596000, 0.0000000000000000000 ) ) ;
#5844 = CIRCLE ( 'NONE', #3455, 0.07499999999993189900 ) ;
#5845 = ORIENTED_EDGE ( 'NONE', *, *, #9493, .F. ) ;
#5846 = EDGE_CURVE ( 'NONE', #6069, #8769, #3872, .T. ) ;
#5847 = EDGE_CURVE ( 'NONE', #5454, #10446, #3366, .T. ) ;
#5848 = EDGE_LOOP ( 'NONE', ( #6423, #9257, #3416, #3833 ) ) ;
#5849 = ORIENTED_EDGE ( 'NONE', *, *, #8907, .T. ) ;
#5850 = VERTEX_POINT ( 'NONE', #3528 ) ;
#5851 = ORIENTED_EDGE ( 'NONE', *, *, #915, .T. ) ;
#5852 = DIRECTION ( 'NONE',  ( 0.0000000000000000000, 0.0000000000000000000, 1.000000000000000000 ) ) ;
#5853 = DIRECTION ( 'NONE',  ( -0.0000000000000000000, -0.0000000000000000000, -1.000000000000000000 ) ) ;
#5854 = ADVANCED_FACE ( 'NONE', ( #5246 ), #4331, .F. ) ;
#5855 = ORIENTED_EDGE ( 'NONE', *, *, #9275, .T. ) ;
#5856 = SURFACE_SIDE_STYLE ('',( #6487 ) ) ;
#5857 = DIRECTION ( 'NONE',  ( -0.6557845842852039200, 0.7549480637857695100, -0.0000000000000000000 ) ) ;
#5858 = CIRCLE ( 'NONE', #4815, 0.05000000000000056500 ) ;
#5859 = DIRECTION ( 'NONE',  ( 0.0000000000000000000, -1.000000000000000000, 0.0000000000000000000 ) ) ;
#5860 = ORIENTED_EDGE ( 'NONE', *, *, #9791, .T. ) ;
#5861 = DIRECTION ( 'NONE',  ( -0.0000000000000000000, -0.0000000000000000000, -1.000000000000000000 ) ) ;
#5862 = LINE ( 'NONE', #9414, #7523 ) ;
#5863 = VECTOR ( 'NONE', #10227, 1000.000000000000000 ) ;
#5864 = CARTESIAN_POINT ( 'NONE',  ( 5.004675921659327300, 1.209682624845298500, -0.1000000000000000100 ) ) ;
#5865 = CARTESIAN_POINT ( 'NONE',  ( 6.004675921659058200, -0.2903173751547012400, 0.1000000000000000100 ) ) ;
#5866 = ORIENTED_EDGE ( 'NONE', *, *, #3078, .F. ) ;
#5867 = EDGE_CURVE ( 'NONE', #7999, #6107, #1465, .T. ) ;
#5868 = EDGE_CURVE ( 'NONE', #4776, #3092, #3116, .T. ) ;
#5869 = ORIENTED_EDGE ( 'NONE', *, *, #5649, .T. ) ;
#5870 = VECTOR ( 'NONE', #9966, 1000.000000000000000 ) ;
#5871 = CARTESIAN_POINT ( 'NONE',  ( 5.829675921660304500, 0.2846826248455150400, -0.1000000000000000100 ) ) ;
#5872 = VECTOR ( 'NONE', #1512, 1000.000000000000000 ) ;
#5873 = DIRECTION ( 'NONE',  ( -0.0000000000000000000, -0.0000000000000000000, -1.000000000000000000 ) ) ;
#5874 = PRESENTATION_STYLE_ASSIGNMENT (( #4556 ) ) ;
#5875 = VERTEX_POINT ( 'NONE', #1933 ) ;
#5876 = CARTESIAN_POINT ( 'NONE',  ( 4.954675921659327500, 0.2846826248462536700, -0.1000000000000000100 ) ) ;
#5877 = DIRECTION ( 'NONE',  ( 0.0000000000000000000, 0.0000000000000000000, 1.000000000000000000 ) ) ;
#5878 = ORIENTED_EDGE ( 'NONE', *, *, #407, .F. ) ;
#5879 = LINE ( 'NONE', #2922, #9985 ) ;
#5880 = VECTOR ( 'NONE', #1414, 1000.000000000000000 ) ;
#5881 = PLANE ( 'NONE',  #5758 ) ;
#5882 = VECTOR ( 'NONE', #5586, 1000.000000000000000 ) ;
#5883 = EDGE_LOOP ( 'NONE', ( #4998, #9324, #3928, #1155, #10232, #7312 ) ) ;
#5884 = CARTESIAN_POINT ( 'NONE',  ( 4.754675921659554700, 0.5096826248458685700, 0.1000000000000000100 ) ) ;
#5885 = ORIENTED_EDGE ( 'NONE', *, *, #3306, .T. ) ;
#5886 = CIRCLE ( 'NONE', #4190, 0.07499999999993189900 ) ;
#5887 = DIRECTION ( 'NONE',  ( 1.000000000000000000, 0.0000000000000000000, 0.0000000000000000000 ) ) ;
#5888 = DIRECTION ( 'NONE',  ( 0.0000000000000000000, 0.0000000000000000000, 1.000000000000000000 ) ) ;
#5889 = CIRCLE ( 'NONE', #8671, 0.07500000000000214800 ) ;
#5890 = DIRECTION ( 'NONE',  ( 0.0000000000000000000, 0.0000000000000000000, 1.000000000000000000 ) ) ;
#5891 = DIRECTION ( 'NONE',  ( 0.0000000000000000000, 0.0000000000000000000, 1.000000000000000000 ) ) ;
#5892 = EDGE_CURVE ( 'NONE', #9094, #8390, #939, .T. ) ;
#5893 = ORIENTED_EDGE ( 'NONE', *, *, #6855, .F. ) ;
#5894 = EDGE_CURVE ( 'NONE', #1183, #9895, #7163, .T. ) ;
#5895 = CARTESIAN_POINT ( 'NONE',  ( 4.954675921659327500, -0.2153173751537463500, 0.0000000000000000000 ) ) ;
#5896 = DIRECTION ( 'NONE',  ( 1.000000000000000000, 0.0000000000000000000, 0.0000000000000000000 ) ) ;
#5897 = ADVANCED_FACE ( 'NONE', ( #2865 ), #7601, .T. ) ;
#5898 = CARTESIAN_POINT ( 'NONE',  ( 5.659509715401691600, 0.6146826248458012700, 0.1000000000000000100 ) ) ;
#5899 = COLOUR_RGB ( '',0.7921568627450980000, 0.8196078431372548800, 0.9333333333333333500 ) ;
#5900 = EDGE_LOOP ( 'NONE', ( #5947, #3696, #7344, #4771 ) ) ;
#5901 = FACE_OUTER_BOUND ( 'NONE', #4729, .T. ) ;
#5902 = DIRECTION ( 'NONE',  ( 1.000000000000000000, -1.182766006352519600E-015, 0.0000000000000000000 ) ) ;
#5903 = DIRECTION ( 'NONE',  ( -1.000000000000000000, 0.0000000000000000000, 0.0000000000000000000 ) ) ;
#5904 = VERTEX_POINT ( 'NONE', #7641 ) ;
#5905 = VERTEX_POINT ( 'NONE', #5205 ) ;
#5906 = CARTESIAN_POINT ( 'NONE',  ( 5.042175921659434400, 0.5996826248457302100, 0.0000000000000000000 ) ) ;
#5907 = FACE_OUTER_BOUND ( 'NONE', #6164, .T. ) ;
#5908 = ADVANCED_FACE ( 'NONE', ( #2605 ), #6024, .F. ) ;
#5909 = EDGE_LOOP ( 'NONE', ( #1421, #9929, #4219, #7921 ) ) ;
#5910 = FACE_OUTER_BOUND ( 'NONE', #8976, .T. ) ;
#5911 = ORIENTED_EDGE ( 'NONE', *, *, #4987, .T. ) ;
#5912 = EDGE_CURVE ( 'NONE', #5066, #1026, #689, .T. ) ;
#5913 = MECHANICAL_DESIGN_GEOMETRIC_PRESENTATION_REPRESENTATION (  '', ( #4282 ), #6462 ) ;
#5914 = EDGE_CURVE ( 'NONE', #1979, #7147, #9095, .T. ) ;
#5915 = DIRECTION ( 'NONE',  ( -0.0000000000000000000, -0.0000000000000000000, -1.000000000000000000 ) ) ;
#5916 = CARTESIAN_POINT ( 'NONE',  ( 5.954675921659633900, 1.009682624845805500, 0.0000000000000000000 ) ) ;
#5917 = CARTESIAN_POINT ( 'NONE',  ( 4.879675921658599900, 0.2096826248464360400, -0.1000000000000000100 ) ) ;
#5918 = VECTOR ( 'NONE', #6097, 1000.000000000000000 ) ;
#5919 = CARTESIAN_POINT ( 'NONE',  ( 6.004675921659058200, 1.459682624846193600, 0.0000000000000000000 ) ) ;
#5920 = ORIENTED_EDGE ( 'NONE', *, *, #2045, .T. ) ;
#5921 = AXIS2_PLACEMENT_3D ( 'NONE', #8859, #4779, #10509 ) ;
#5922 = CIRCLE ( 'NONE', #3884, 0.07499999999993189900 ) ;
#5923 = FACE_OUTER_BOUND ( 'NONE', #834, .T. ) ;
#5924 = ORIENTED_EDGE ( 'NONE', *, *, #6713, .T. ) ;
#5925 = CARTESIAN_POINT ( 'NONE',  ( 4.704675921658628500, 1.459682624844767000, 0.1000000000000000100 ) ) ;
#5926 = EDGE_CURVE ( 'NONE', #1907, #6111, #4741, .T. ) ;
#5927 = DIRECTION ( 'NONE',  ( -3.942553354508385700E-016, -1.000000000000000000, 0.0000000000000000000 ) ) ;
#5928 = DIRECTION ( 'NONE',  ( -0.0000000000000000000, 0.0000000000000000000, -1.000000000000000000 ) ) ;
#5929 = EDGE_CURVE ( 'NONE', #170, #6605, #9355, .T. ) ;
#5930 = CARTESIAN_POINT ( 'NONE',  ( 6.104675921659724800, -0.4153173751542453800, -0.1000000000000000100 ) ) ;
#5931 = CARTESIAN_POINT ( 'NONE',  ( 4.604675921659691100, -0.04031737515379176000, 0.1000000000000000100 ) ) ;
#5932 = CARTESIAN_POINT ( 'NONE',  ( 5.139559183011347600, 0.7566040915149113700, 0.0000000000000000000 ) ) ;
#5933 = VECTOR ( 'NONE', #7485, 1000.000000000000000 ) ;
#5934 = CARTESIAN_POINT ( 'NONE',  ( 5.829675921660816900, 0.2096826248452990100, 0.0000000000000000000 ) ) ;
#5935 = ORIENTED_EDGE ( 'NONE', *, *, #5550, .T. ) ;
#5936 = AXIS2_PLACEMENT_3D ( 'NONE', #4663, #10409, #5510 ) ;
#5937 = DIRECTION ( 'NONE',  ( -0.7071067811865541200, -0.7071067811865408000, 0.0000000000000000000 ) ) ;
#5938 = ORIENTED_EDGE ( 'NONE', *, *, #2424, .T. ) ;
#5939 = CARTESIAN_POINT ( 'NONE',  ( 5.054675921659321800, -0.0003173751541496500200, 0.1000000000000000100 ) ) ;
#5940 = CARTESIAN_POINT ( 'NONE',  ( 4.754675921659554700, 0.5096826248458685700, 0.1000000000000000100 ) ) ;
#5941 = MECHANICAL_DESIGN_GEOMETRIC_PRESENTATION_REPRESENTATION (  '', ( #4866 ), #6494 ) ;
#5942 = LINE ( 'NONE', #8463, #3794 ) ;
#5943 = ORIENTED_EDGE ( 'NONE', *, *, #7076, .F. ) ;
#5944 = EDGE_CURVE ( 'NONE', #3451, #8811, #8840, .T. ) ;
#5945 = CARTESIAN_POINT ( 'NONE',  ( 6.104675921659724800, 0.4596826248450710500, -0.1000000000000000100 ) ) ;
#5946 = ORIENTED_EDGE ( 'NONE', *, *, #7967, .T. ) ;
#5947 = ORIENTED_EDGE ( 'NONE', *, *, #10388, .F. ) ;
#5948 = ADVANCED_FACE ( 'NONE', ( #6398 ), #2866, .F. ) ;
#5949 = CARTESIAN_POINT ( 'NONE',  ( 5.754675921660088500, 1.384682624846375700, -0.1000000000000000100 ) ) ;
#5950 = LINE ( 'NONE', #5660, #7866 ) ;
#5951 = DIRECTION ( 'NONE',  ( 0.0000000000000000000, 0.0000000000000000000, 1.000000000000000000 ) ) ;
#5952 = CARTESIAN_POINT ( 'NONE',  ( 6.004675921659058200, 1.459682624846193600, 0.1000000000000000100 ) ) ;
#5953 = CARTESIAN_POINT ( 'NONE',  ( 5.680225974296362800, 0.4646826248459103300, 0.1000000000000000100 ) ) ;
#5954 = VECTOR ( 'NONE', #3828, 1000.000000000000000 ) ;
#5955 = ORIENTED_EDGE ( 'NONE', *, *, #9023, .T. ) ;
#5956 = ORIENTED_EDGE ( 'NONE', *, *, #6937, .T. ) ;
#5957 = AXIS2_PLACEMENT_3D ( 'NONE', #578, #6027, #4753 ) ;
#5958 = DIRECTION ( 'NONE',  ( 0.7071067811865505700, 0.7071067811865444600, 0.0000000000000000000 ) ) ;
#5959 = DIRECTION ( 'NONE',  ( 0.0000000000000000000, 0.0000000000000000000, 1.000000000000000000 ) ) ;
#5960 = ADVANCED_FACE ( 'NONE', ( #171 ), #8318, .T. ) ;
#5961 = VECTOR ( 'NONE', #9182, 1000.000000000000000 ) ;
#5962 = CARTESIAN_POINT ( 'NONE',  ( 5.219675921659555400, 0.9846826248460804900, 0.0000000000000000000 ) ) ;
#5963 = FACE_OUTER_BOUND ( 'NONE', #6837, .T. ) ;
#5964 = ORIENTED_EDGE ( 'NONE', *, *, #5770, .T. ) ;
#5965 = ORIENTED_EDGE ( 'NONE', *, *, #4169, .T. ) ;
#5966 = ORIENTED_EDGE ( 'NONE', *, *, #6852, .T. ) ;
#5967 = CARTESIAN_POINT ( 'NONE',  ( 5.104675921659470800, 0.2996826248458500100, 0.1000000000000000100 ) ) ;
#5968 = DIRECTION ( 'NONE',  ( 0.0000000000000000000, 0.0000000000000000000, 1.000000000000000000 ) ) ;
#5969 = CIRCLE ( 'NONE', #4791, 0.2499999999999985000 ) ;
#5970 = VERTEX_POINT ( 'NONE', #5277 ) ;
#5971 = ORIENTED_EDGE ( 'NONE', *, *, #699, .F. ) ;
#5972 = ORIENTED_EDGE ( 'NONE', *, *, #3930, .T. ) ;
#5973 = EDGE_CURVE ( 'NONE', #3152, #1403, #4496, .T. ) ;
#5974 = EDGE_CURVE ( 'NONE', #8017, #4357, #10505, .T. ) ;
#5975 = CARTESIAN_POINT ( 'NONE',  ( 4.704675921659895000, 0.4596826248462082000, 0.1000000000000000100 ) ) ;
#5976 = FACE_OUTER_BOUND ( 'NONE', #5608, .T. ) ;
#5977 = ORIENTED_EDGE ( 'NONE', *, *, #1128, .F. ) ;
#5978 = DIRECTION ( 'NONE',  ( 0.0000000000000000000, 0.0000000000000000000, 1.000000000000000000 ) ) ;
#5979 = LINE ( 'NONE', #1812, #3585 ) ;
#5980 = DIRECTION ( 'NONE',  ( -0.0000000000000000000, -0.0000000000000000000, -1.000000000000000000 ) ) ;
#5981 = ORIENTED_EDGE ( 'NONE', *, *, #8068, .F. ) ;
#5982 = DIRECTION ( 'NONE',  ( -1.000000000000000000, 1.039665590236428300E-015, 0.0000000000000000000 ) ) ;
#5983 = DIRECTION ( 'NONE',  ( 0.0000000000000000000, 0.0000000000000000000, 1.000000000000000000 ) ) ;
#5984 = ORIENTED_EDGE ( 'NONE', *, *, #4900, .T. ) ;
#5985 = VECTOR ( 'NONE', #6941, 1000.000000000000000 ) ;
#5986 = EDGE_CURVE ( 'NONE', #3267, #4485, #2095, .T. ) ;
#5987 = EDGE_CURVE ( 'NONE', #10202, #4260, #6134, .T. ) ;
#5988 = ORIENTED_EDGE ( 'NONE', *, *, #9618, .T. ) ;
#5989 = DIRECTION ( 'NONE',  ( 1.000000000000000000, -1.355252715599542000E-015, 0.0000000000000000000 ) ) ;
#5990 = FACE_OUTER_BOUND ( 'NONE', #3951, .T. ) ;
#5991 = DIRECTION ( 'NONE',  ( 0.0000000000000000000, 0.0000000000000000000, 1.000000000000000000 ) ) ;
#5992 = ORIENTED_EDGE ( 'NONE', *, *, #1737, .F. ) ;
#5993 = ORIENTED_EDGE ( 'NONE', *, *, #9164, .T. ) ;
#5994 = DIRECTION ( 'NONE',  ( -0.8525082208477700000, -0.5227138159518741600, 0.0000000000000000000 ) ) ;
#5995 = CARTESIAN_POINT ( 'NONE',  ( 6.004675921659058200, 1.459682624846193600, 0.1000000000000000100 ) ) ;
#5996 = AXIS2_PLACEMENT_3D ( 'NONE', #2216, #7886, #3029 ) ;
#5997 = ORIENTED_EDGE ( 'NONE', *, *, #5664, .T. ) ;
#5998 = LINE ( 'NONE', #5666, #8183 ) ;
#5999 = DIRECTION ( 'NONE',  ( -0.0000000000000000000, -0.0000000000000000000, -1.000000000000000000 ) ) ;
#6000 = CARTESIAN_POINT ( 'NONE',  ( 5.979675921659509900, 1.484682624845741400, 0.1000000000000000100 ) ) ;
#6001 = LINE ( 'NONE', #2508, #8446 ) ;
#6002 = EDGE_CURVE ( 'NONE', #10177, #3353, #3990, .T. ) ;
#6003 = VECTOR ( 'NONE', #9129, 1000.000000000000000 ) ;
#6004 = EDGE_CURVE ( 'NONE', #351, #3338, #5879, .T. ) ;
#6005 = EDGE_LOOP ( 'NONE', ( #3947, #1677, #2949, #451 ) ) ;
#6006 = CARTESIAN_POINT ( 'NONE',  ( 5.954675921659633900, 0.1596826248457502400, 0.1000000000000000100 ) ) ;
#6007 = DIRECTION ( 'NONE',  ( 0.7071067811865460200, -0.7071067811865490200, 0.0000000000000000000 ) ) ;
#6008 = PLANE ( 'NONE',  #3321 ) ;
#6009 = ORIENTED_EDGE ( 'NONE', *, *, #4474, .T. ) ;
#6010 = LINE ( 'NONE', #9115, #1968 ) ;
#6011 = DIRECTION ( 'NONE',  ( 1.000000000000000000, 1.971276677254192800E-016, -0.0000000000000000000 ) ) ;
#6012 = CARTESIAN_POINT ( 'NONE',  ( 4.704675921658918000, 0.7096826248464360700, 0.0000000000000000000 ) ) ;
#6013 = LINE ( 'NONE', #10100, #3874 ) ;
#6014 = ADVANCED_FACE ( 'NONE', ( #10244 ), #499, .T. ) ;
#6015 = DIRECTION ( 'NONE',  ( 0.7071067811865474600, -0.7071067811865474600, 0.0000000000000000000 ) ) ;
#6016 = AXIS2_PLACEMENT_3D ( 'NONE', #8887, #8637, #6153 ) ;
#6017 = DIRECTION ( 'NONE',  ( 1.000000000000000000, 0.0000000000000000000, 0.0000000000000000000 ) ) ;
#6018 = LINE ( 'NONE', #3534, #5765 ) ;
#6019 = VERTEX_POINT ( 'NONE', #3738 ) ;
#6020 = VECTOR ( 'NONE', #3798, 1000.000000000000100 ) ;
#6021 = CARTESIAN_POINT ( 'NONE',  ( 5.304675921659713500, -0.05180946618659623000, 0.1000000000000000100 ) ) ;
#6022 = DIRECTION ( 'NONE',  ( 1.000000000000000000, -1.084202172479313800E-015, 0.0000000000000000000 ) ) ;
#6023 = AXIS2_PLACEMENT_3D ( 'NONE', #5820, #974, #5044 ) ;
#6024 = PLANE ( 'NONE',  #9479 ) ;
#6025 = DIRECTION ( 'NONE',  ( 1.000000000000000000, 0.0000000000000000000, 0.0000000000000000000 ) ) ;
#6026 = VECTOR ( 'NONE', #4466, 1000.000000000000100 ) ;
#6027 = DIRECTION ( 'NONE',  ( 0.0000000000000000000, 0.0000000000000000000, 1.000000000000000000 ) ) ;
#6028 = CARTESIAN_POINT ( 'NONE',  ( 5.104675921659471700, 0.4496826248457596000, 0.1000000000000000100 ) ) ;
#6029 = ORIENTED_EDGE ( 'NONE', *, *, #7216, .F. ) ;
#6030 = VECTOR ( 'NONE', #9694, 1000.000000000000000 ) ;
#6031 = FACE_OUTER_BOUND ( 'NONE', #5794, .T. ) ;
#6032 = AXIS2_PLACEMENT_3D ( 'NONE', #4942, #3367, #9055 ) ;
#6034 = ORIENTED_EDGE ( 'NONE', *, *, #7967, .F. ) ;
#6033 = DIRECTION ( 'NONE',  ( 1.000000000000000000, 0.0000000000000000000, 0.0000000000000000000 ) ) ;
#6035 = FACE_OUTER_BOUND ( 'NONE', #9593, .T. ) ;
#6036 = CIRCLE ( 'NONE', #1237, 0.07499999999999953900 ) ;
#6037 = ORIENTED_EDGE ( 'NONE', *, *, #881, .T. ) ;
#6038 = CARTESIAN_POINT ( 'NONE',  ( 4.729675921659755000, 1.484682624845893300, 0.1000000000000000100 ) ) ;
#6039 = DIRECTION ( 'NONE',  ( -4.928191693119192100E-017, 1.000000000000000000, 0.0000000000000000000 ) ) ;
#6040 = CARTESIAN_POINT ( 'NONE',  ( 4.604675921659691100, 1.209682624845298500, -0.1000000000000000100 ) ) ;
#6041 = ORIENTED_EDGE ( 'NONE', *, *, #1724, .F. ) ;
#6042 = PLANE ( 'NONE',  #7264 ) ;
#6043 = EDGE_CURVE ( 'NONE', #9188, #3451, #5628, .T. ) ;
#6044 = VECTOR ( 'NONE', #5406, 1000.000000000000000 ) ;
#6045 = EDGE_CURVE ( 'NONE', #9203, #3716, #3484, .T. ) ;
#6046 = LINE ( 'NONE', #4629, #1500 ) ;
#6047 = DIRECTION ( 'NONE',  ( -1.000000000000000000, -8.402566836769124100E-016, 0.0000000000000000000 ) ) ;
#6048 = ORIENTED_EDGE ( 'NONE', *, *, #3306, .F. ) ;
#6049 = CARTESIAN_POINT ( 'NONE',  ( 4.704675921658918000, 0.7096826248464360700, 0.1000000000000000100 ) ) ;
#6050 = DIRECTION ( 'NONE',  ( 0.0000000000000000000, 0.0000000000000000000, 1.000000000000000000 ) ) ;
#6051 = PLANE ( 'NONE',  #6665 ) ;
#6052 = ORIENTED_EDGE ( 'NONE', *, *, #6639, .T. ) ;
#6053 = DIRECTION ( 'NONE',  ( 0.0000000000000000000, 0.0000000000000000000, 1.000000000000000000 ) ) ;
#6054 = LINE ( 'NONE', #9735, #1510 ) ;
#6055 = DIRECTION ( 'NONE',  ( 0.0000000000000000000, 0.0000000000000000000, 1.000000000000000000 ) ) ;
#6056 = VERTEX_POINT ( 'NONE', #10294 ) ;
#6057 = ADVANCED_FACE ( 'NONE', ( #1329 ), #5355, .T. ) ;
#6058 = EDGE_CURVE ( 'NONE', #8827, #623, #5370, .T. ) ;
#6059 = SURFACE_SIDE_STYLE ('',( #10144 ) ) ;
#6060 = ORIENTED_EDGE ( 'NONE', *, *, #5747, .F. ) ;
#6061 = EDGE_CURVE ( 'NONE', #9302, #8124, #7798, .T. ) ;
#6062 = ORIENTED_EDGE ( 'NONE', *, *, #1754, .T. ) ;
#6063 = CARTESIAN_POINT ( 'NONE',  ( 5.850392180554097300, 0.5096826248458024000, 0.0000000000000000000 ) ) ;
#6064 = ORIENTED_EDGE ( 'NONE', *, *, #1360, .F. ) ;
#6065 = VECTOR ( 'NONE', #982, 1000.000000000000000 ) ;
#6066 = CARTESIAN_POINT ( 'NONE',  ( 5.829675921659729800, 1.009682624845805500, 0.0000000000000000000 ) ) ;
#6067 = LINE ( 'NONE', #1705, #8775 ) ;
#6068 = CARTESIAN_POINT ( 'NONE',  ( 5.304675921659710800, 0.2946826248459107900, 0.0000000000000000000 ) ) ;
#6069 = VERTEX_POINT ( 'NONE', #575 ) ;
#6070 = EDGE_LOOP ( 'NONE', ( #7733, #2081, #1451, #9327 ) ) ;
#6071 = EDGE_LOOP ( 'NONE', ( #10114, #167, #3083, #5855 ) ) ;
#6072 = ADVANCED_FACE ( 'NONE', ( #9481 ), #5418, .T. ) ;
#6073 = CARTESIAN_POINT ( 'NONE',  ( 5.354675921659710600, 0.8346826248458012500, 0.0000000000000000000 ) ) ;
#6074 = AXIS2_PLACEMENT_3D ( 'NONE', #965, #3919, #4271 ) ;
#6075 = EDGE_CURVE ( 'NONE', #3207, #3940, #7293, .T. ) ;
#6076 = CARTESIAN_POINT ( 'NONE',  ( 4.729675921659755000, 1.484682624845893300, 0.0000000000000000000 ) ) ;
#6077 = VECTOR ( 'NONE', #2105, 1000.000000000000000 ) ;
#6078 = DIRECTION ( 'NONE',  ( -0.0000000000000000000, 0.0000000000000000000, -1.000000000000000000 ) ) ;
#6079 = DIRECTION ( 'NONE',  ( 0.0000000000000000000, 0.0000000000000000000, 1.000000000000000000 ) ) ;
#6080 = LINE ( 'NONE', #1670, #1791 ) ;
#6081 = VERTEX_POINT ( 'NONE', #8720 ) ;
#6082 = ORIENTED_EDGE ( 'NONE', *, *, #4633, .F. ) ;
#6083 = ORIENTED_EDGE ( 'NONE', *, *, #5846, .T. ) ;
#6084 = CARTESIAN_POINT ( 'NONE',  ( 5.154675921659544400, -0.01619039102726995200, 0.1000000000000000100 ) ) ;
#6085 = VECTOR ( 'NONE', #987, 1000.000000000000000 ) ;
#6086 = VECTOR ( 'NONE', #2083, 1000.000000000000000 ) ;
#6087 = ORIENTED_EDGE ( 'NONE', *, *, #7075, .F. ) ;
#6088 = LINE ( 'NONE', #3791, #8013 ) ;
#6089 = EDGE_CURVE ( 'NONE', #3418, #1055, #5114, .T. ) ;
#6090 = ORIENTED_EDGE ( 'NONE', *, *, #8192, .T. ) ;
#6091 = VERTEX_POINT ( 'NONE', #5455 ) ;
#6092 = EDGE_CURVE ( 'NONE', #7640, #1805, #814, .T. ) ;
#6093 = ORIENTED_EDGE ( 'NONE', *, *, #8500, .T. ) ;
#6094 = ORIENTED_EDGE ( 'NONE', *, *, #1445, .T. ) ;
#6095 = CARTESIAN_POINT ( 'NONE',  ( 5.954675921659633900, 1.009682624845805500, 0.1000000000000000100 ) ) ;
#6096 = CARTESIAN_POINT ( 'NONE',  ( 5.154675921659472400, 0.6496826248457289200, 0.1000000000000000100 ) ) ;
#6097 = DIRECTION ( 'NONE',  ( -0.0000000000000000000, -0.0000000000000000000, -1.000000000000000000 ) ) ;
#6098 = AXIS2_PLACEMENT_3D ( 'NONE', #2240, #7915, #3056 ) ;
#6099 = VECTOR ( 'NONE', #3790, 1000.000000000000100 ) ;
#6100 = ORIENTED_EDGE ( 'NONE', *, *, #3355, .T. ) ;
#6101 = FACE_OUTER_BOUND ( 'NONE', #8757, .T. ) ;
#6102 = ORIENTED_EDGE ( 'NONE', *, *, #8319, .T. ) ;
#6103 = ORIENTED_EDGE ( 'NONE', *, *, #7774, .F. ) ;
#6104 = ORIENTED_EDGE ( 'NONE', *, *, #2500, .F. ) ;
#6105 = DIRECTION ( 'NONE',  ( 0.0000000000000000000, 0.0000000000000000000, 1.000000000000000000 ) ) ;
#6106 = ORIENTED_EDGE ( 'NONE', *, *, #7636, .T. ) ;
#6107 = VERTEX_POINT ( 'NONE', #3877 ) ;
#6108 = EDGE_LOOP ( 'NONE', ( #2961, #233, #6603, #5935 ) ) ;
#6109 = EDGE_LOOP ( 'NONE', ( #1831, #1186, #489, #8516 ) ) ;
#6110 = CIRCLE ( 'NONE', #2120, 0.07499999999993189900 ) ;
#6111 = VERTEX_POINT ( 'NONE', #606 ) ;
#6112 = EDGE_CURVE ( 'NONE', #9741, #3598, #4875, .T. ) ;
#6113 = VECTOR ( 'NONE', #6841, 1000.000000000000000 ) ;
#6114 = LINE ( 'NONE', #1254, #5863 ) ;
#6115 = EDGE_CURVE ( 'NONE', #8711, #501, #3240, .T. ) ;
#6116 = SURFACE_STYLE_USAGE ( .BOTH. , #455 ) ;
#6117 = ORIENTED_EDGE ( 'NONE', *, *, #5650, .F. ) ;
#6118 = ADVANCED_FACE ( 'NONE', ( #2973 ), #7123, .T. ) ;
#6119 = DIRECTION ( 'NONE',  ( 0.0000000000000000000, 0.0000000000000000000, 1.000000000000000000 ) ) ;
#6120 = CARTESIAN_POINT ( 'NONE',  ( 5.354675921659710600, 0.4646826248459103900, 0.1000000000000000100 ) ) ;
#6121 = CARTESIAN_POINT ( 'NONE',  ( 5.829675921660816900, -0.2903173751547010200, -0.1000000000000000100 ) ) ;
#6122 = ORIENTED_EDGE ( 'NONE', *, *, #5299, .T. ) ;
#6123 = FACE_OUTER_BOUND ( 'NONE', #3837, .T. ) ;
#6124 = CARTESIAN_POINT ( 'NONE',  ( 5.829675921660816900, 0.2096826248452990100, -0.1000000000000000100 ) ) ;
#6125 = FACE_OUTER_BOUND ( 'NONE', #1383, .T. ) ;
#6126 = PLANE ( 'NONE',  #1221 ) ;
#6127 = VECTOR ( 'NONE', #5328, 1000.000000000000000 ) ;
#6128 = ORIENTED_EDGE ( 'NONE', *, *, #6729, .F. ) ;
#6129 = DIRECTION ( 'NONE',  ( 0.0000000000000000000, 0.0000000000000000000, 1.000000000000000000 ) ) ;
#6130 = CARTESIAN_POINT ( 'NONE',  ( 5.702066070335085600, 0.08440370535898600300, 0.1000000000000000100 ) ) ;
#6131 = EDGE_CURVE ( 'NONE', #4290, #5615, #559, .T. ) ;
#6132 = ADVANCED_FACE ( 'NONE', ( #2468 ), #8704, .T. ) ;
#6133 = ORIENTED_EDGE ( 'NONE', *, *, #4849, .F. ) ;
#6134 = LINE ( 'NONE', #6944, #8061 ) ;
#6135 = DIRECTION ( 'NONE',  ( 1.000000000000000000, 0.0000000000000000000, 0.0000000000000000000 ) ) ;
#6136 = VECTOR ( 'NONE', #7036, 1000.000000000000000 ) ;
#6137 = DIRECTION ( 'NONE',  ( 0.0000000000000000000, 1.000000000000000000, -0.0000000000000000000 ) ) ;
#6138 = CARTESIAN_POINT ( 'NONE',  ( 4.604675921659691100, 0.2096826248464359600, -0.1000000000000000100 ) ) ;
#6139 = FACE_OUTER_BOUND ( 'NONE', #1540, .T. ) ;
#6140 = AXIS2_PLACEMENT_3D ( 'NONE', #1977, #4380, #10126 ) ;
#6141 = ORIENTED_EDGE ( 'NONE', *, *, #9523, .T. ) ;
#6142 = ORIENTED_EDGE ( 'NONE', *, *, #222, .F. ) ;
#6143 = DIRECTION ( 'NONE',  ( -1.000000000000000000, 3.942553354495353700E-016, 0.0000000000000000000 ) ) ;
#6144 = VECTOR ( 'NONE', #3079, 1000.000000000000100 ) ;
#6145 = AXIS2_PLACEMENT_3D ( 'NONE', #9615, #4698, #10421 ) ;
#6146 = DIRECTION ( 'NONE',  ( -0.0000000000000000000, -0.0000000000000000000, -1.000000000000000000 ) ) ;
#6147 = EDGE_CURVE ( 'NONE', #860, #6491, #6765, .T. ) ;
#6148 = LINE ( 'NONE', #9762, #1855 ) ;
#6149 = DIRECTION ( 'NONE',  ( 0.0000000000000000000, 0.0000000000000000000, 1.000000000000000000 ) ) ;
#6150 = ORIENTED_EDGE ( 'NONE', *, *, #6333, .F. ) ;
#6151 = CARTESIAN_POINT ( 'NONE',  ( 4.879675921658599900, 0.2096826248464360400, -0.1000000000000000100 ) ) ;
#6152 = VECTOR ( 'NONE', #7979, 1000.000000000000000 ) ;
#6153 = DIRECTION ( 'NONE',  ( 0.0000000000000000000, -0.0000000000000000000, -1.000000000000000000 ) ) ;
#6154 = ORIENTED_EDGE ( 'NONE', *, *, #9037, .F. ) ;
#6155 = VECTOR ( 'NONE', #8433, 1000.000000000000000 ) ;
#6156 = AXIS2_PLACEMENT_3D ( 'NONE', #743, #3313, #2076 ) ;
#6157 = ORIENTED_EDGE ( 'NONE', *, *, #5584, .T. ) ;
#6158 = DIRECTION ( 'NONE',  ( 1.000000000000000000, -1.182766006352519400E-015, 0.0000000000000000000 ) ) ;
#6159 = ORIENTED_EDGE ( 'NONE', *, *, #6935, .T. ) ;
#6160 = DIRECTION ( 'NONE',  ( -1.000000000000000000, 0.0000000000000000000, 0.0000000000000000000 ) ) ;
#6161 = CARTESIAN_POINT ( 'NONE',  ( 4.879675921658599900, -0.2903173751535639800, -0.1000000000000000100 ) ) ;
#6162 = CIRCLE ( 'NONE', #1924, 0.07499999999993189900 ) ;
#6163 = CARTESIAN_POINT ( 'NONE',  ( 5.829675921660304500, 0.7846826248455151000, -0.1000000000000000100 ) ) ;
#6164 = EDGE_LOOP ( 'NONE', ( #9967, #6771, #8327, #84 ) ) ;
#6165 = VECTOR ( 'NONE', #6985, 1000.000000000000000 ) ;
#6166 = AXIS2_PLACEMENT_3D ( 'NONE', #5925, #288, #5958 ) ;
#6167 = ORIENTED_EDGE ( 'NONE', *, *, #1098, .F. ) ;
#6168 = DIRECTION ( 'NONE',  ( 0.0000000000000000000, 0.0000000000000000000, 1.000000000000000000 ) ) ;
#6169 = ADVANCED_FACE ( 'NONE', ( #6516 ), #7988, .F. ) ;
#6170 = CARTESIAN_POINT ( 'NONE',  ( 5.829675921660816900, 1.459682624846193600, 0.0000000000000000000 ) ) ;
#6171 = LINE ( 'NONE', #4483, #10282 ) ;
#6172 = DIRECTION ( 'NONE',  ( -0.0000000000000000000, -1.000000000000000000, -0.0000000000000000000 ) ) ;
#6173 = ORIENTED_EDGE ( 'NONE', *, *, #3907, .T. ) ;
#6174 = LINE ( 'NONE', #4129, #3524 ) ;
#6175 = VECTOR ( 'NONE', #1700, 1000.000000000000100 ) ;
#6176 = CARTESIAN_POINT ( 'NONE',  ( 4.604675921659691100, -0.04031737515379176000, 0.0000000000000000000 ) ) ;
#6177 = ORIENTED_EDGE ( 'NONE', *, *, #5121, .F. ) ;
#6178 = EDGE_CURVE ( 'NONE', #4204, #8800, #4612, .T. ) ;
#6179 = AXIS2_PLACEMENT_3D ( 'NONE', #4213, #3446, #9140 ) ;
#6180 = EDGE_CURVE ( 'NONE', #10393, #4175, #2215, .T. ) ;
#6181 = ORIENTED_EDGE ( 'NONE', *, *, #425, .F. ) ;
#6182 = CARTESIAN_POINT ( 'NONE',  ( 5.004675921659327300, 1.209682624845298500, -0.1000000000000000100 ) ) ;
#6183 = CARTESIAN_POINT ( 'NONE',  ( 5.354675921659710600, 0.6146826248458015000, 0.0000000000000000000 ) ) ;
#6184 = ADVANCED_FACE ( 'NONE', ( #4358 ), #7207, .F. ) ;
#6185 = DIRECTION ( 'NONE',  ( 0.0000000000000000000, 0.0000000000000000000, 1.000000000000000000 ) ) ;
#6186 = VECTOR ( 'NONE', #9108, 1000.000000000000000 ) ;
#6187 = VERTEX_POINT ( 'NONE', #10470 ) ;
#6188 = DIRECTION ( 'NONE',  ( 0.0000000000000000000, 0.0000000000000000000, 1.000000000000000000 ) ) ;
#6189 = CARTESIAN_POINT ( 'NONE',  ( 6.004675921660369100, -0.04031737515492882200, 0.1000000000000000100 ) ) ;
#6190 = EDGE_CURVE ( 'NONE', #7885, #2552, #4106, .T. ) ;
#6191 = EDGE_CURVE ( 'NONE', #1044, #242, #1958, .T. ) ;
#6192 = PLANE ( 'NONE',  #5683 ) ;
#6193 = LINE ( 'NONE', #4364, #10300 ) ;
#6194 = DIRECTION ( 'NONE',  ( 0.0000000000000000000, 0.0000000000000000000, 1.000000000000000000 ) ) ;
#6195 = ORIENTED_EDGE ( 'NONE', *, *, #1005, .T. ) ;
#6196 = DIRECTION ( 'NONE',  ( -0.0000000000000000000, -0.0000000000000000000, -1.000000000000000000 ) ) ;
#6197 = DIRECTION ( 'NONE',  ( 0.0000000000000000000, 0.0000000000000000000, 1.000000000000000000 ) ) ;
#6198 = ORIENTED_EDGE ( 'NONE', *, *, #9218, .T. ) ;
#6199 = AXIS2_PLACEMENT_3D ( 'NONE', #9907, #145, #5810 ) ;
#6200 = ORIENTED_EDGE ( 'NONE', *, *, #699, .T. ) ;
#6201 = DIRECTION ( 'NONE',  ( 0.0000000000000000000, 0.0000000000000000000, 1.000000000000000000 ) ) ;
#6202 = CARTESIAN_POINT ( 'NONE',  ( 6.004675921660304300, 1.209682624846421200, 0.0000000000000000000 ) ) ;
#6203 = EDGE_CURVE ( 'NONE', #1459, #740, #32, .T. ) ;
#6204 = VECTOR ( 'NONE', #4076, 1000.000000000000000 ) ;
#6205 = CARTESIAN_POINT ( 'NONE',  ( 4.704675921658918000, 0.2096826248464359600, 0.1000000000000000100 ) ) ;
#6206 = VERTEX_POINT ( 'NONE', #8863 ) ;
#6207 = EDGE_CURVE ( 'NONE', #9956, #7881, #1711, .T. ) ;
#6208 = LINE ( 'NONE', #7867, #5954 ) ;
#6209 = ORIENTED_EDGE ( 'NONE', *, *, #4946, .T. ) ;
#6210 = VERTEX_POINT ( 'NONE', #4016 ) ;
#6211 = DIRECTION ( 'NONE',  ( -1.000000000000000000, 0.0000000000000000000, 0.0000000000000000000 ) ) ;
#6212 = CARTESIAN_POINT ( 'NONE',  ( 5.489675921659711300, 1.034682624845928400, 0.0000000000000000000 ) ) ;
#6213 = DIRECTION ( 'NONE',  ( -0.0000000000000000000, -0.0000000000000000000, -1.000000000000000000 ) ) ;
#6214 = LINE ( 'NONE', #8358, #3818 ) ;
#6215 = CARTESIAN_POINT ( 'NONE',  ( 5.304675921659710800, 0.7846826248458012000, 0.1000000000000000100 ) ) ;
#6216 = LINE ( 'NONE', #9399, #5707 ) ;
#6217 = VERTEX_POINT ( 'NONE', #10544 ) ;
#6218 = CARTESIAN_POINT ( 'NONE',  ( 4.879675921659509400, -0.04031737515379180800, 0.0000000000000000000 ) ) ;
#6219 = ORIENTED_EDGE ( 'NONE', *, *, #4750, .F. ) ;
#6220 = ORIENTED_EDGE ( 'NONE', *, *, #8851, .T. ) ;
#6221 = CARTESIAN_POINT ( 'NONE',  ( 5.154675921659469800, 0.3996826248457591200, 0.1000000000000000100 ) ) ;
#6222 = AXIS2_PLACEMENT_3D ( 'NONE', #3054, #5341, #5132 ) ;
#6223 = ADVANCED_FACE ( 'NONE', ( #7922 ), #7240, .T. ) ;
#6224 = CARTESIAN_POINT ( 'NONE',  ( 6.104675921659724800, 1.209682624846421200, -0.1000000000000000100 ) ) ;
#6225 = ORIENTED_EDGE ( 'NONE', *, *, #4366, .T. ) ;
#6226 = DIRECTION ( 'NONE',  ( -1.000000000000000000, -2.409338161081291000E-015, 0.0000000000000000000 ) ) ;
#6227 = VERTEX_POINT ( 'NONE', #2395 ) ;
#6228 = CARTESIAN_POINT ( 'NONE',  ( 4.879675921658599900, 0.7096826248464360700, -0.1000000000000000100 ) ) ;
#6229 = ORIENTED_EDGE ( 'NONE', *, *, #8143, .T. ) ;
#6230 = VERTEX_POINT ( 'NONE', #3247 ) ;
#6231 = PLANE ( 'NONE',  #5557 ) ;
#6232 = DIRECTION ( 'NONE',  ( -1.000000000000000000, 2.114005981832989100E-015, -0.0000000000000000000 ) ) ;
#6233 = PLANE ( 'NONE',  #9137 ) ;
#6234 = CARTESIAN_POINT ( 'NONE',  ( 4.604675921659691100, -0.2903173751535640400, -0.1000000000000000100 ) ) ;
#6235 = VECTOR ( 'NONE', #6817, 1000.000000000000100 ) ;
#6236 = ADVANCED_FACE ( 'NONE', ( #5750 ), #1453, .F. ) ;
#6237 = EDGE_CURVE ( 'NONE', #7131, #2254, #5998, .T. ) ;
#6238 = ORIENTED_EDGE ( 'NONE', *, *, #2543, .T. ) ;
#6239 = VECTOR ( 'NONE', #1553, 1000.000000000000000 ) ;
#6240 = CARTESIAN_POINT ( 'NONE',  ( 6.104675921659724800, 1.209682624846421200, -0.1000000000000000100 ) ) ;
#6241 = VERTEX_POINT ( 'NONE', #6488 ) ;
#6242 = CARTESIAN_POINT ( 'NONE',  ( 5.829675921660816900, 1.459682624846193400, -0.1000000000000000100 ) ) ;
#6243 = AXIS2_PLACEMENT_3D ( 'NONE', #1347, #7001, #2163 ) ;
#6244 = ORIENTED_EDGE ( 'NONE', *, *, #2486, .F. ) ;
#6245 = VECTOR ( 'NONE', #2913, 1000.000000000000000 ) ;
#6246 = DIRECTION ( 'NONE',  ( -1.000000000000000000, 0.0000000000000000000, 0.0000000000000000000 ) ) ;
#6247 = PLANE ( 'NONE',  #8484 ) ;
#6248 = VERTEX_POINT ( 'NONE', #4047 ) ;
#6249 = LINE ( 'NONE', #2535, #10358 ) ;
#6250 = ORIENTED_EDGE ( 'NONE', *, *, #2763, .F. ) ;
#6251 = DIRECTION ( 'NONE',  ( -1.000000000000000000, 0.0000000000000000000, 0.0000000000000000000 ) ) ;
#6252 = CARTESIAN_POINT ( 'NONE',  ( 5.704854054024949900, 0.1696826248459104600, 0.1000000000000000100 ) ) ;
#6253 = ORIENTED_EDGE ( 'NONE', *, *, #3171, .F. ) ;
#6254 = VECTOR ( 'NONE', #741, 1000.000000000000000 ) ;
#6255 = EDGE_CURVE ( 'NONE', #3999, #10472, #3862, .T. ) ;
#6256 = AXIS2_PLACEMENT_3D ( 'NONE', #9285, #4389, #10108 ) ;
#6257 = CARTESIAN_POINT ( 'NONE',  ( 4.917175921659649300, 0.6596826248457984300, 0.0000000000000000000 ) ) ;
#6258 = EDGE_CURVE ( 'NONE', #10492, #4595, #3603, .T. ) ;
#6259 = CARTESIAN_POINT ( 'NONE',  ( 5.104675921659470800, 0.6496826248457312500, 0.1000000000000000100 ) ) ;
#6260 = FACE_OUTER_BOUND ( 'NONE', #6369, .T. ) ;
#6261 = CIRCLE ( 'NONE', #6885, 0.04999999999999969700 ) ;
#6262 = ORIENTED_EDGE ( 'NONE', *, *, #7357, .T. ) ;
#6263 = UNCERTAINTY_MEASURE_WITH_UNIT (LENGTH_MEASURE( 1.000000000000000100E-005 ), #9163, 'distance_accuracy_value', 'NONE');
#6264 = AXIS2_PLACEMENT_3D ( 'NONE', #2749, #9245, #4350 ) ;
#6265 = DIRECTION ( 'NONE',  ( -0.7071067811865460200, 0.7071067811865490200, 0.0000000000000000000 ) ) ;
#6266 = EDGE_LOOP ( 'NONE', ( #2715, #10111, #1079, #662, #6470, #1550, #4549, #3385, #8364, #2550, #3785, #9191, #8819, #8162, #5240, #4621, #8288, #5701 ) ) ;
#6267 = LINE ( 'NONE', #4224, #10115 ) ;
#6268 = DIRECTION ( 'NONE',  ( -0.0000000000000000000, -0.0000000000000000000, -1.000000000000000000 ) ) ;
#6269 = VECTOR ( 'NONE', #4311, 1000.000000000000000 ) ;
#6270 = CARTESIAN_POINT ( 'NONE',  ( 4.954675921659530000, 1.484682624845893300, 0.1000000000000000100 ) ) ;
#6271 = CARTESIAN_POINT ( 'NONE',  ( 5.979675921659509900, 1.484682624845741400, 0.1000000000000000100 ) ) ;
#6272 = EDGE_CURVE ( 'NONE', #7849, #4844, #9863, .T. ) ;
#6273 = EDGE_CURVE ( 'NONE', #7689, #9302, #1197, .T. ) ;
#6274 = CARTESIAN_POINT ( 'NONE',  ( 6.004675921659183400, 0.2096826248452988400, 0.0000000000000000000 ) ) ;
#6275 = CYLINDRICAL_SURFACE ( 'NONE', #7673, 0.07499999999993189900 ) ;
#6276 = ADVANCED_FACE ( 'NONE', ( #929 ), #5698, .F. ) ;
#6277 = DIRECTION ( 'NONE',  ( 1.000000000000000000, 0.0000000000000000000, 0.0000000000000000000 ) ) ;
#6278 = DIRECTION ( 'NONE',  ( 1.000000000000000000, -0.0000000000000000000, 0.0000000000000000000 ) ) ;
#6279 = ORIENTED_EDGE ( 'NONE', *, *, #3281, .F. ) ;
#6280 = LINE ( 'NONE', #4609, #8462 ) ;
#6281 = CARTESIAN_POINT ( 'NONE',  ( 4.604675921659691100, -0.2903173751535640400, -0.1000000000000000100 ) ) ;
#6282 = VECTOR ( 'NONE', #6047, 1000.000000000000000 ) ;
#6283 = DIRECTION ( 'NONE',  ( -0.8823529411758149800, 0.4705882352953469900, -0.0000000000000000000 ) ) ;
#6284 = EDGE_CURVE ( 'NONE', #6995, #4043, #5498, .T. ) ;
#6285 = APPLICATION_PROTOCOL_DEFINITION ( 'draft international standard', 'automotive_design', 1998, #7099 ) ;
#6287 = ORIENTED_EDGE ( 'NONE', *, *, #8283, .T. ) ;
#6286 = PLANE ( 'NONE',  #3381 ) ;
#6288 = VECTOR ( 'NONE', #2332, 1000.000000000000000 ) ;
#6289 = ADVANCED_FACE ( 'NONE', ( #7415 ), #682, .T. ) ;
#6290 = CARTESIAN_POINT ( 'NONE',  ( 5.870360893847723600, 0.1596826248457505200, 0.1000000000000000100 ) ) ;
#6291 = PLANE ( 'NONE',  #3900 ) ;
#6292 = DIRECTION ( 'NONE',  ( 0.0000000000000000000, 0.0000000000000000000, 1.000000000000000000 ) ) ;
#6293 = CIRCLE ( 'NONE', #2673, 0.05000000000000056500 ) ;
#6294 = VERTEX_POINT ( 'NONE', #5740 ) ;
#6295 = LINE ( 'NONE', #8336, #3017 ) ;
#6296 = EDGE_CURVE ( 'NONE', #4191, #6441, #2853, .T. ) ;
#6297 = VECTOR ( 'NONE', #2768, 1000.000000000000000 ) ;
#6298 = DIRECTION ( 'NONE',  ( 0.0000000000000000000, 0.0000000000000000000, 1.000000000000000000 ) ) ;
#6299 = VERTEX_POINT ( 'NONE', #1718 ) ;
#6300 = PLANE ( 'NONE',  #8862 ) ;
#6301 = DIRECTION ( 'NONE',  ( -0.5227138159518741600, 0.8525082208477700000, 0.0000000000000000000 ) ) ;
#6302 = DIRECTION ( 'NONE',  ( -0.0000000000000000000, -0.0000000000000000000, -1.000000000000000000 ) ) ;
#6303 = AXIS2_PLACEMENT_3D ( 'NONE', #985, #1823, #7483 ) ;
#6304 = EDGE_LOOP ( 'NONE', ( #4307, #2795, #3343, #3861, #157, #1785 ) ) ;
#6305 = DIRECTION ( 'NONE',  ( 1.000000000000000000, -2.602085213967212400E-015, 0.0000000000000000000 ) ) ;
#6306 = VECTOR ( 'NONE', #560, 1000.000000000000000 ) ;
#6307 = CYLINDRICAL_SURFACE ( 'NONE', #3813, 0.07500000000021639400 ) ;
#6308 = PLANE ( 'NONE',  #10394 ) ;
#6309 = ORIENTED_EDGE ( 'NONE', *, *, #3876, .F. ) ;
#6310 = VERTEX_POINT ( 'NONE', #54 ) ;
#6311 = DIRECTION ( 'NONE',  ( 0.0000000000000000000, 0.0000000000000000000, 1.000000000000000000 ) ) ;
#6312 = PLANE ( 'NONE',  #1593 ) ;
#6313 = CARTESIAN_POINT ( 'NONE',  ( 5.489675921659711300, 1.034682624845928400, 0.1000000000000000100 ) ) ;
#6314 = CARTESIAN_POINT ( 'NONE',  ( 5.040567649154480600, 0.04968262484573889700, 0.1000000000000000100 ) ) ;
#6315 = EDGE_CURVE ( 'NONE', #649, #1814, #4990, .T. ) ;
#6316 = AXIS2_PLACEMENT_3D ( 'NONE', #2649, #8332, #3464 ) ;
#6317 = EDGE_CURVE ( 'NONE', #6299, #6056, #7150, .T. ) ;
#6318 = FACE_OUTER_BOUND ( 'NONE', #674, .T. ) ;
#6319 = ORIENTED_EDGE ( 'NONE', *, *, #4830, .F. ) ;
#6320 = CARTESIAN_POINT ( 'NONE',  ( 5.040567649154480600, 0.09968262484573889300, 0.1000000000000000100 ) ) ;
#6321 = APPLICATION_CONTEXT ( 'automotive_design' ) ;
#6322 = CARTESIAN_POINT ( 'NONE',  ( 5.558906690890459900, 1.034682624845926400, 0.1000000000000000100 ) ) ;
#6323 = ORIENTED_EDGE ( 'NONE', *, *, #2903, .T. ) ;
#6324 = ORIENTED_EDGE ( 'NONE', *, *, #7586, .T. ) ;
#6325 = PLANE ( 'NONE',  #7618 ) ;
#6326 = CARTESIAN_POINT ( 'NONE',  ( 5.742751042523171800, 0.2344037053588794400, 0.0000000000000000000 ) ) ;
#6327 = CARTESIAN_POINT ( 'NONE',  ( 6.104675921659724800, 0.9596826248450711600, -0.1000000000000000100 ) ) ;
#6328 = ADVANCED_FACE ( 'NONE', ( #423 ), #4487, .F. ) ;
#6329 = VECTOR ( 'NONE', #7417, 1000.000000000000000 ) ;
#6330 = CYLINDRICAL_SURFACE ( 'NONE', #1619, 0.04999999999999969700 ) ;
#6331 = VERTEX_POINT ( 'NONE', #1747 ) ;
#6332 = ORIENTED_EDGE ( 'NONE', *, *, #440, .T. ) ;
#6333 = EDGE_CURVE ( 'NONE', #6019, #1906, #2595, .T. ) ;
#6334 = ORIENTED_EDGE ( 'NONE', *, *, #9840, .T. ) ;
#6335 = CARTESIAN_POINT ( 'NONE',  ( 5.104675921659545400, -0.01619039102726961900, 0.1000000000000000100 ) ) ;
#6336 = DIRECTION ( 'NONE',  ( 0.0000000000000000000, 0.0000000000000000000, 1.000000000000000000 ) ) ;
#6337 = DIRECTION ( 'NONE',  ( 0.7071067811865460200, 0.7071067811865490200, -0.0000000000000000000 ) ) ;
#6338 = CARTESIAN_POINT ( 'NONE',  ( 5.004675921659327300, 1.309682624845297700, -0.1000000000000000100 ) ) ;
#6339 = LINE ( 'NONE', #9400, #2036 ) ;
#6340 = VECTOR ( 'NONE', #6472, 1000.000000000000000 ) ;
#6341 = AXIS2_PLACEMENT_3D ( 'NONE', #5733, #7374, #2514 ) ;
#6342 = ADVANCED_FACE ( 'NONE', ( #6633 ), #7423, .T. ) ;
#6343 = EDGE_LOOP ( 'NONE', ( #7125, #4565, #10201, #7821 ) ) ;
#6345 = VERTEX_POINT ( 'NONE', #3378 ) ;
#6344 = CARTESIAN_POINT ( 'NONE',  ( 5.113292969088838000, 0.9995012015357573900, 0.1000000000000000100 ) ) ;
#6346 = VERTEX_POINT ( 'NONE', #6624 ) ;
#6347 = DIRECTION ( 'NONE',  ( -0.0000000000000000000, -0.0000000000000000000, -1.000000000000000000 ) ) ;
#6348 = EDGE_CURVE ( 'NONE', #1716, #1235, #2349, .T. ) ;
#6349 = VECTOR ( 'NONE', #4511, 1000.000000000000000 ) ;
#6350 = CARTESIAN_POINT ( 'NONE',  ( 5.700554488570705100, 0.4674901632768662700, 0.1000000000000000100 ) ) ;
#6351 = EDGE_CURVE ( 'NONE', #3152, #9170, #161, .T. ) ;
#6352 = FACE_OUTER_BOUND ( 'NONE', #94, .T. ) ;
#6353 = ORIENTED_EDGE ( 'NONE', *, *, #8596, .T. ) ;
#6354 = CARTESIAN_POINT ( 'NONE',  ( 4.954675921659529100, 1.159682624845901600, 0.1000000000000000100 ) ) ;
#6355 = VECTOR ( 'NONE', #8478, 1000.000000000000000 ) ;
#6356 = ORIENTED_EDGE ( 'NONE', *, *, #1475, .F. ) ;
#6357 = ORIENTED_EDGE ( 'NONE', *, *, #1763, .F. ) ;
#6358 = ORIENTED_EDGE ( 'NONE', *, *, #7692, .F. ) ;
#6359 = ORIENTED_EDGE ( 'NONE', *, *, #10536, .F. ) ;
#6360 = DIRECTION ( 'NONE',  ( -0.0000000000000000000, 0.0000000000000000000, 1.000000000000000000 ) ) ;
#6361 = VECTOR ( 'NONE', #10180, 1000.000000000000000 ) ;
#6362 = CARTESIAN_POINT ( 'NONE',  ( 5.829675921659906600, 1.209682624846421200, 0.0000000000000000000 ) ) ;
#6363 = ORIENTED_EDGE ( 'NONE', *, *, #60, .F. ) ;
#6364 = LINE ( 'NONE', #8265, #8286 ) ;
#6365 = DIRECTION ( 'NONE',  ( 0.0000000000000000000, 0.0000000000000000000, 1.000000000000000000 ) ) ;
#6366 = AXIS2_PLACEMENT_3D ( 'NONE', #10035, #5743, #9798 ) ;
#6367 = EDGE_LOOP ( 'NONE', ( #4344, #2972, #466, #7780, #3167, #2515, #6356, #7752, #4111, #7221, #2701, #9813, #9976, #10350 ) ) ;
#6368 = ORIENTED_EDGE ( 'NONE', *, *, #8522, .F. ) ;
#6369 = EDGE_LOOP ( 'NONE', ( #4476, #7003, #1178, #3042 ) ) ;
#6370 = ORIENTED_EDGE ( 'NONE', *, *, #4910, .T. ) ;
#6371 = CARTESIAN_POINT ( 'NONE',  ( 6.004675921660364700, 0.4596826248450711100, 0.1000000000000000100 ) ) ;
#6372 = VERTEX_POINT ( 'NONE', #9925 ) ;
#6373 = CARTESIAN_POINT ( 'NONE',  ( 5.219675921659555400, 1.034682624846080100, 0.1000000000000000100 ) ) ;
#6374 = ORIENTED_EDGE ( 'NONE', *, *, #4421, .F. ) ;
#6375 = LINE ( 'NONE', #4008, #412 ) ;
#6376 = AXIS2_PLACEMENT_3D ( 'NONE', #8842, #10487, #5571 ) ;
#6377 = CARTESIAN_POINT ( 'NONE',  ( 6.004675921659153200, 0.7096826248452987600, 0.0000000000000000000 ) ) ;
#6378 = CARTESIAN_POINT ( 'NONE',  ( 4.879675921659534200, 0.009682624845666513300, 0.1000000000000000100 ) ) ;
#6379 = ORIENTED_EDGE ( 'NONE', *, *, #6538, .T. ) ;
#6380 = LINE ( 'NONE', #365, #6113 ) ;
#6381 = VECTOR ( 'NONE', #7704, 1000.000000000000000 ) ;
#6382 = CARTESIAN_POINT ( 'NONE',  ( 5.754675921660088500, -0.1153173751549743100, 0.0000000000000000000 ) ) ;
#6383 = CARTESIAN_POINT ( 'NONE',  ( 5.439675921659715900, 1.103366499252742500, 0.1000000000000000100 ) ) ;
#6384 = ORIENTED_EDGE ( 'NONE', *, *, #9870, .F. ) ;
#6385 = CARTESIAN_POINT ( 'NONE',  ( 5.354675921659711500, 0.2446826248459105500, 0.1000000000000000100 ) ) ;
#6386 = ORIENTED_EDGE ( 'NONE', *, *, #6317, .F. ) ;
#6387 = VECTOR ( 'NONE', #2560, 1000.000000000000000 ) ;
#6388 = EDGE_CURVE ( 'NONE', #3995, #10054, #9342, .T. ) ;
#6389 = CIRCLE ( 'NONE', #7500, 0.04999999999999969700 ) ;
#6390 = AXIS2_PLACEMENT_3D ( 'NONE', #6163, #6129, #10257 ) ;
#6391 = ADVANCED_FACE ( 'NONE', ( #8310 ), #5835, .F. ) ;
#6392 = FILL_AREA_STYLE_COLOUR ( '', #8215 ) ;
#6393 = LINE ( 'NONE', #2093, #10498 ) ;
#6394 = ORIENTED_EDGE ( 'NONE', *, *, #4633, .T. ) ;
#6395 = AXIS2_PLACEMENT_3D ( 'NONE', #5396, #545, #6211 ) ;
#6396 = CARTESIAN_POINT ( 'NONE',  ( 5.829675921660020200, -0.1153173751548607200, -0.1000000000000000100 ) ) ;
#6397 = ORIENTED_EDGE ( 'NONE', *, *, #166, .T. ) ;
#6398 = FACE_OUTER_BOUND ( 'NONE', #888, .T. ) ;
#6399 = CARTESIAN_POINT ( 'NONE',  ( 4.879675921658599900, 0.2096826248464360400, 0.0000000000000000000 ) ) ;
#6400 = CIRCLE ( 'NONE', #67, 0.04999999999999969700 ) ;
#6401 = PLANE ( 'NONE',  #9158 ) ;
#6402 = CARTESIAN_POINT ( 'NONE',  ( 6.004675921659183400, 0.2096826248452988400, 0.1000000000000000100 ) ) ;
#6403 = ORIENTED_EDGE ( 'NONE', *, *, #149, .F. ) ;
#6404 = ADVANCED_FACE ( 'NONE', ( #6123 ), #2635, .F. ) ;
#6405 = CARTESIAN_POINT ( 'NONE',  ( 4.704675921658918000, 0.7096826248464360700, 0.1000000000000000100 ) ) ;
#6406 = EDGE_CURVE ( 'NONE', #5543, #8683, #3979, .T. ) ;
#6407 = DIRECTION ( 'NONE',  ( 0.0000000000000000000, 0.0000000000000000000, 1.000000000000000000 ) ) ;
#6408 = EDGE_CURVE ( 'NONE', #8749, #3555, #10494, .T. ) ;
#6409 = ORIENTED_EDGE ( 'NONE', *, *, #1624, .F. ) ;
#6410 = CYLINDRICAL_SURFACE ( 'NONE', #3657, 0.07500000000021551900 ) ;
#6411 = CARTESIAN_POINT ( 'NONE',  ( 5.659509715401691600, 0.6896826248458012300, 0.0000000000000000000 ) ) ;
#6412 = CIRCLE ( 'NONE', #7565, 0.04999999999999969700 ) ;
#6413 = PLANE ( 'NONE',  #3632 ) ;
#6414 = ORIENTED_EDGE ( 'NONE', *, *, #1517, .T. ) ;
#6415 = DIRECTION ( 'NONE',  ( 0.0000000000000000000, 0.0000000000000000000, 1.000000000000000000 ) ) ;
#6416 = FACE_OUTER_BOUND ( 'NONE', #6367, .T. ) ;
#6417 = EDGE_CURVE ( 'NONE', #7542, #5335, #8832, .T. ) ;
#6418 = ORIENTED_EDGE ( 'NONE', *, *, #3638, .F. ) ;
#6419 = EDGE_CURVE ( 'NONE', #3229, #2695, #8049, .T. ) ;
#6420 = LINE ( 'NONE', #10042, #10526 ) ;
#6421 = CARTESIAN_POINT ( 'NONE',  ( 4.704675921660040700, 1.209682624845298500, 0.0000000000000000000 ) ) ;
#6422 = CARTESIAN_POINT ( 'NONE',  ( 5.354675921659711500, 0.2446826248459104400, 0.0000000000000000000 ) ) ;
#6423 = ORIENTED_EDGE ( 'NONE', *, *, #4852, .F. ) ;
#6424 = ORIENTED_EDGE ( 'NONE', *, *, #8733, .F. ) ;
#6425 = DIRECTION ( 'NONE',  ( 0.7071067811865490200, 0.7071067811865460200, -0.0000000000000000000 ) ) ;
#6426 =( LENGTH_UNIT ( ) NAMED_UNIT ( * ) SI_UNIT ( .MILLI., .METRE. ) );
#6427 = VECTOR ( 'NONE', #4962, 1000.000000000000000 ) ;
#6428 = DIRECTION ( 'NONE',  ( 0.2710468569912210500, -0.9625661542539196700, 0.0000000000000000000 ) ) ;
#6429 = ORIENTED_EDGE ( 'NONE', *, *, #9870, .T. ) ;
#6430 = VECTOR ( 'NONE', #1260, 1000.000000000000000 ) ;
#6431 = ORIENTED_EDGE ( 'NONE', *, *, #6917, .T. ) ;
#6432 = AXIS2_PLACEMENT_3D ( 'NONE', #722, #9309, #8738 ) ;
#6433 = CARTESIAN_POINT ( 'NONE',  ( 5.219675921659555400, 1.034682624846080100, 0.1000000000000000100 ) ) ;
#6434 = DIRECTION ( 'NONE',  ( 1.000000000000000000, 0.0000000000000000000, 0.0000000000000000000 ) ) ;
#6435 = CARTESIAN_POINT ( 'NONE',  ( 5.954675921659633900, 0.009682624845806115200, 0.1000000000000000100 ) ) ;
#6436 = ORIENTED_EDGE ( 'NONE', *, *, #1194, .F. ) ;
#6437 = VECTOR ( 'NONE', #8157, 1000.000000000000000 ) ;
#6438 = CARTESIAN_POINT ( 'NONE',  ( 5.606983613967200200, 0.9096826248458013100, 0.0000000000000000000 ) ) ;
#6439 = PLANE ( 'NONE',  #8254 ) ;
#6440 = VECTOR ( 'NONE', #724, 1000.000000000000100 ) ;
#6441 = VERTEX_POINT ( 'NONE', #9172 ) ;
#6442 = ADVANCED_FACE ( 'NONE', ( #1832 ), #3475, .T. ) ;
#6443 = EDGE_CURVE ( 'NONE', #4739, #10151, #3725, .T. ) ;
#6444 = DIRECTION ( 'NONE',  ( 1.000000000000000000, 0.0000000000000000000, 0.0000000000000000000 ) ) ;
#6445 = EDGE_CURVE ( 'NONE', #7386, #4007, #5619, .T. ) ;
#6446 = CIRCLE ( 'NONE', #6714, 0.07499999999993189900 ) ;
#6447 = DIRECTION ( 'NONE',  ( 0.7071067811865552300, 0.7071067811865398000, 0.0000000000000000000 ) ) ;
#6448 = ORIENTED_EDGE ( 'NONE', *, *, #4367, .T. ) ;
#6449 = ADVANCED_FACE ( 'NONE', ( #1317 ), #9211, .T. ) ;
#6450 = AXIS2_PLACEMENT_3D ( 'NONE', #2488, #872, #6548 ) ;
#6451 = DIRECTION ( 'NONE',  ( -1.084202172489809600E-015, -1.000000000000000000, 0.0000000000000000000 ) ) ;
#6452 = CARTESIAN_POINT ( 'NONE',  ( 4.879675921659534200, 0.009682624845666513300, 0.1000000000000000100 ) ) ;
#6453 = ORIENTED_EDGE ( 'NONE', *, *, #5868, .T. ) ;
#6454 = LINE ( 'NONE', #10041, #8383 ) ;
#6455 = DIRECTION ( 'NONE',  ( 0.0000000000000000000, 0.0000000000000000000, 1.000000000000000000 ) ) ;
#6456 = CARTESIAN_POINT ( 'NONE',  ( 5.354675921659710600, 0.6146826248458015000, 0.1000000000000000100 ) ) ;
#6457 = ORIENTED_EDGE ( 'NONE', *, *, #10263, .T. ) ;
#6458 = ORIENTED_EDGE ( 'NONE', *, *, #2627, .T. ) ;
#6459 = CARTESIAN_POINT ( 'NONE',  ( 4.604675921659691100, 1.459682624844767000, -0.1000000000000000100 ) ) ;
#6460 = ORIENTED_EDGE ( 'NONE', *, *, #3291, .F. ) ;
#6461 = EDGE_CURVE ( 'NONE', #6589, #4465, #9977, .T. ) ;
#6462 =( GEOMETRIC_REPRESENTATION_CONTEXT ( 3 ) GLOBAL_UNCERTAINTY_ASSIGNED_CONTEXT ( ( #3609 ) ) GLOBAL_UNIT_ASSIGNED_CONTEXT ( ( #6426, #1587, #7249 ) ) REPRESENTATION_CONTEXT ( 'NONE', 'WORKASPACE' ) );
#6463 = EDGE_CURVE ( 'NONE', #4101, #8917, #5363, .T. ) ;
#6464 = PLANE ( 'NONE',  #8585 ) ;
#6465 = LINE ( 'NONE', #5592, #4301 ) ;
#6466 = VERTEX_POINT ( 'NONE', #2755 ) ;
#6467 = ORIENTED_EDGE ( 'NONE', *, *, #1885, .F. ) ;
#6468 = DIRECTION ( 'NONE',  ( 0.0000000000000000000, 0.0000000000000000000, 1.000000000000000000 ) ) ;
#6469 = ORIENTED_EDGE ( 'NONE', *, *, #2294, .F. ) ;
#6470 = ORIENTED_EDGE ( 'NONE', *, *, #8938, .F. ) ;
#6471 = DIRECTION ( 'NONE',  ( 1.000000000000000000, 0.0000000000000000000, -0.0000000000000000000 ) ) ;
#6472 = DIRECTION ( 'NONE',  ( 0.0000000000000000000, 0.0000000000000000000, 1.000000000000000000 ) ) ;
#6473 = DIRECTION ( 'NONE',  ( 1.000000000000000000, 0.0000000000000000000, 0.0000000000000000000 ) ) ;
#6474 = EDGE_CURVE ( 'NONE', #1523, #3322, #1059, .T. ) ;
#6475 = VECTOR ( 'NONE', #6967, 1000.000000000000000 ) ;
#6476 = EDGE_CURVE ( 'NONE', #7584, #3714, #3231, .T. ) ;
#6477 = CYLINDRICAL_SURFACE ( 'NONE', #7864, 0.07500000000000041400 ) ;
#6478 = DIRECTION ( 'NONE',  ( 0.7071067811865468000, 0.7071067811865483500, 0.0000000000000000000 ) ) ;
#6479 = ORIENTED_EDGE ( 'NONE', *, *, #7016, .F. ) ;
#6480 = ORIENTED_EDGE ( 'NONE', *, *, #1681, .F. ) ;
#6481 = VERTEX_POINT ( 'NONE', #1955 ) ;
#6482 = CARTESIAN_POINT ( 'NONE',  ( 4.879675921659459600, 0.5096826248458689000, 0.1000000000000000100 ) ) ;
#6483 = DIRECTION ( 'NONE',  ( 0.0000000000000000000, 0.0000000000000000000, 1.000000000000000000 ) ) ;
#6484 = VERTEX_POINT ( 'NONE', #6790 ) ;
#6485 = DIRECTION ( 'NONE',  ( -0.0000000000000000000, -0.0000000000000000000, -1.000000000000000000 ) ) ;
#6486 = PRODUCT_DEFINITION ( '未知', '', #7024, #215 ) ;
#6487 = SURFACE_STYLE_FILL_AREA ( #8723 ) ;
#6488 = CARTESIAN_POINT ( 'NONE',  ( 4.604675921659691100, -0.04031737515379171100, -0.1000000000000000100 ) ) ;
#6489 = CARTESIAN_POINT ( 'NONE',  ( 5.754675921660088500, 0.2846826248451166400, 0.0000000000000000000 ) ) ;
#6490 = VERTEX_POINT ( 'NONE', #7624 ) ;
#6491 = VERTEX_POINT ( 'NONE', #6762 ) ;
#6492 = ORIENTED_EDGE ( 'NONE', *, *, #5797, .F. ) ;
#6493 = ORIENTED_EDGE ( 'NONE', *, *, #8843, .T. ) ;
#6494 =( GEOMETRIC_REPRESENTATION_CONTEXT ( 3 ) GLOBAL_UNCERTAINTY_ASSIGNED_CONTEXT ( ( #6263 ) ) GLOBAL_UNIT_ASSIGNED_CONTEXT ( ( #9163, #4268, #9988 ) ) REPRESENTATION_CONTEXT ( 'NONE', 'WORKASPACE' ) );
#6495 = CARTESIAN_POINT ( 'NONE',  ( 5.680225974296362800, 0.4646826248459103300, 0.1000000000000000100 ) ) ;
#6496 = EDGE_CURVE ( 'NONE', #1625, #9805, #9470, .T. ) ;
#6497 = VECTOR ( 'NONE', #7621, 1000.000000000000000 ) ;
#6498 = ORIENTED_EDGE ( 'NONE', *, *, #5711, .T. ) ;
#6499 = FACE_OUTER_BOUND ( 'NONE', #4528, .T. ) ;
#6500 = CARTESIAN_POINT ( 'NONE',  ( 4.704675921659895000, 0.4596826248462081400, 0.0000000000000000000 ) ) ;
#6501 = EDGE_LOOP ( 'NONE', ( #1994, #221, #899, #9421 ) ) ;
#6502 = DIRECTION ( 'NONE',  ( -0.0000000000000000000, -0.0000000000000000000, -1.000000000000000000 ) ) ;
#6503 =( LENGTH_UNIT ( ) NAMED_UNIT ( * ) SI_UNIT ( .MILLI., .METRE. ) );
#6504 = ADVANCED_FACE ( 'NONE', ( #5103 ), #10103, .F. ) ;
#6505 = ORIENTED_EDGE ( 'NONE', *, *, #6554, .T. ) ;
#6506 = DIRECTION ( 'NONE',  ( 1.000000000000000000, 0.0000000000000000000, 0.0000000000000000000 ) ) ;
#6507 = VECTOR ( 'NONE', #8525, 1000.000000000000000 ) ;
#6508 = CARTESIAN_POINT ( 'NONE',  ( 4.954675921659529100, 1.159682624845901600, 0.0000000000000000000 ) ) ;
#6509 = AXIS2_PLACEMENT_3D ( 'NONE', #5672, #3561, #5994 ) ;
#6510 = CARTESIAN_POINT ( 'NONE',  ( 4.917175921659649300, 0.6596826248457984300, 0.1000000000000000100 ) ) ;
#6511 = LINE ( 'NONE', #7360, #8960 ) ;
#6512 = EDGE_LOOP ( 'NONE', ( #5528, #3511, #10417, #4573 ) ) ;
#6513 = EDGE_LOOP ( 'NONE', ( #6238, #1202, #7027, #8557 ) ) ;
#6514 = CARTESIAN_POINT ( 'NONE',  ( 4.879675921659509400, -0.04031737515379180800, 0.0000000000000000000 ) ) ;
#6515 = ORIENTED_EDGE ( 'NONE', *, *, #10250, .T. ) ;
#6516 = FACE_OUTER_BOUND ( 'NONE', #7768, .T. ) ;
#6517 = CARTESIAN_POINT ( 'NONE',  ( 5.829675921660816900, -0.2903173751547010200, -0.1000000000000000100 ) ) ;
#6518 = LINE ( 'NONE', #6508, #34 ) ;
#6519 = CARTESIAN_POINT ( 'NONE',  ( 4.879675921659459600, 1.009682624845825900, 0.1000000000000000100 ) ) ;
#6520 = FACE_OUTER_BOUND ( 'NONE', #7255, .T. ) ;
#6521 = EDGE_LOOP ( 'NONE', ( #116, #1639, #3134, #10159 ) ) ;
#6522 = CARTESIAN_POINT ( 'NONE',  ( 0.0000000000000000000, 0.0000000000000000000, -0.1000000000000000100 ) ) ;
#6523 = ORIENTED_EDGE ( 'NONE', *, *, #2374, .T. ) ;
#6524 = FACE_OUTER_BOUND ( 'NONE', #9689, .T. ) ;
#6525 = EDGE_CURVE ( 'NONE', #6862, #5176, #9204, .T. ) ;
#6526 = AXIS2_PLACEMENT_3D ( 'NONE', #3890, #9609, #4694 ) ;
#6527 = EDGE_CURVE ( 'NONE', #6734, #7863, #4863, .T. ) ;
#6528 = DIRECTION ( 'NONE',  ( 1.000000000000000000, 9.856383386270964100E-017, -0.0000000000000000000 ) ) ;
#6529 = CARTESIAN_POINT ( 'NONE',  ( 4.604675921659691100, 0.9596826248462082500, 0.0000000000000000000 ) ) ;
#6530 = VECTOR ( 'NONE', #1917, 1000.000000000000000 ) ;
#6531 = LINE ( 'NONE', #2697, #49 ) ;
#6532 = CARTESIAN_POINT ( 'NONE',  ( 5.829675921659729800, 1.009682624845805500, 0.1000000000000000100 ) ) ;
#6533 = DIRECTION ( 'NONE',  ( 0.0000000000000000000, 0.0000000000000000000, 1.000000000000000000 ) ) ;
#6535 = VERTEX_POINT ( 'NONE', #4385 ) ;
#6534 = CARTESIAN_POINT ( 'NONE',  ( 4.604675921659691100, 1.584682624845752000, -0.1000000000000000100 ) ) ;
#6536 = FACE_OUTER_BOUND ( 'NONE', #6736, .T. ) ;
#6537 = CARTESIAN_POINT ( 'NONE',  ( 6.004675921660369100, -0.04031737515492882200, 0.1000000000000000100 ) ) ;
#6538 = EDGE_CURVE ( 'NONE', #6227, #8188, #7004, .T. ) ;
#6539 = CARTESIAN_POINT ( 'NONE',  ( 5.754675921660088500, 1.284682624846466700, -0.1000000000000000100 ) ) ;
#6540 = EDGE_CURVE ( 'NONE', #8239, #10098, #8955, .T. ) ;
#6541 = VERTEX_POINT ( 'NONE', #10134 ) ;
#6542 = DIRECTION ( 'NONE',  ( -1.000000000000000000, 5.421010862462208400E-016, 0.0000000000000000000 ) ) ;
#6543 = DIRECTION ( 'NONE',  ( -0.0000000000000000000, -0.0000000000000000000, -1.000000000000000000 ) ) ;
#6544 = LINE ( 'NONE', #1214, #8468 ) ;
#6545 = ORIENTED_EDGE ( 'NONE', *, *, #7822, .T. ) ;
#6546 = AXIS2_PLACEMENT_3D ( 'NONE', #3803, #4614, #10333 ) ;
#6547 = FACE_OUTER_BOUND ( 'NONE', #2825, .T. ) ;
#6548 = DIRECTION ( 'NONE',  ( -1.262831698822006900E-014, 1.000000000000000000, 0.0000000000000000000 ) ) ;
#6549 = DIRECTION ( 'NONE',  ( -0.0000000000000000000, -1.000000000000000000, -0.0000000000000000000 ) ) ;
#6550 = DIRECTION ( 'NONE',  ( -0.0000000000000000000, -0.0000000000000000000, -1.000000000000000000 ) ) ;
#6551 = DIRECTION ( 'NONE',  ( 0.0000000000000000000, 0.0000000000000000000, 1.000000000000000000 ) ) ;
#6552 = EDGE_CURVE ( 'NONE', #8292, #3102, #2725, .T. ) ;
#6553 = CIRCLE ( 'NONE', #1031, 0.04999999999999969700 ) ;
#6554 = EDGE_CURVE ( 'NONE', #5493, #9053, #286, .T. ) ;
#6555 = ADVANCED_FACE ( 'NONE', ( #21 ), #4459, .T. ) ;
#6556 = ORIENTED_EDGE ( 'NONE', *, *, #10389, .F. ) ;
#6557 = DIRECTION ( 'NONE',  ( -0.7071067811865430200, -0.7071067811865521200, -0.0000000000000000000 ) ) ;
#6558 = LINE ( 'NONE', #1084, #6297 ) ;
#6559 = ORIENTED_EDGE ( 'NONE', *, *, #2413, .T. ) ;
#6560 = PLANE ( 'NONE',  #8579 ) ;
#6561 = PLANE ( 'NONE',  #3285 ) ;
#6562 = DIRECTION ( 'NONE',  ( -1.000000000000000000, 3.942553354495353700E-016, -0.0000000000000000000 ) ) ;
#6563 = VERTEX_POINT ( 'NONE', #2058 ) ;
#6564 = LINE ( 'NONE', #10311, #8227 ) ;
#6565 = LINE ( 'NONE', #458, #1757 ) ;
#6566 = VERTEX_POINT ( 'NONE', #7720 ) ;
#6567 = ORIENTED_EDGE ( 'NONE', *, *, #3736, .T. ) ;
#6568 = PLANE ( 'NONE',  #5112 ) ;
#6569 = DIRECTION ( 'NONE',  ( -0.0000000000000000000, -0.0000000000000000000, -1.000000000000000000 ) ) ;
#6570 = DIRECTION ( 'NONE',  ( -1.000000000000000000, 0.0000000000000000000, 0.0000000000000000000 ) ) ;
#6571 = CARTESIAN_POINT ( 'NONE',  ( 4.704675921660172100, -0.04031737515379178000, 0.0000000000000000000 ) ) ;
#6572 = VECTOR ( 'NONE', #3731, 1000.000000000000000 ) ;
#6573 = CARTESIAN_POINT ( 'NONE',  ( 5.829675921660816900, -0.2903173751547010200, -0.1000000000000000100 ) ) ;
#6574 = ORIENTED_EDGE ( 'NONE', *, *, #10550, .F. ) ;
#6575 = EDGE_LOOP ( 'NONE', ( #8507, #3808, #4059, #6722, #1816, #3380, #5781, #8374, #2562, #4808, #9465, #6886, #8436, #5555, #877, #5834, #5966, #3210 ) ) ;
#6576 = EDGE_LOOP ( 'NONE', ( #302, #8072, #7950, #5067 ) ) ;
#6577 = CARTESIAN_POINT ( 'NONE',  ( 5.754675921660088500, 1.284682624846466700, 0.0000000000000000000 ) ) ;
#6578 = PLANE ( 'NONE',  #6579 ) ;
#6579 = AXIS2_PLACEMENT_3D ( 'NONE', #5793, #945, #6616 ) ;
#6580 = PRESENTATION_LAYER_ASSIGNMENT (  '', '', ( #5504 ) ) ;
#6581 = VECTOR ( 'NONE', #7337, 1000.000000000000000 ) ;
#6582 = ORIENTED_EDGE ( 'NONE', *, *, #5460, .F. ) ;
#6583 = EDGE_LOOP ( 'NONE', ( #9032, #5297, #5988, #6631 ) ) ;
#6584 = ORIENTED_EDGE ( 'NONE', *, *, #4296, .T. ) ;
#6585 = CARTESIAN_POINT ( 'NONE',  ( 5.154675921659472400, 0.6496826248457289200, 0.1000000000000000100 ) ) ;
#6586 = DIRECTION ( 'NONE',  ( -1.000000000000000000, -1.577021341803359200E-015, -0.0000000000000000000 ) ) ;
#6587 = LINE ( 'NONE', #6870, #2295 ) ;
#6588 = LINE ( 'NONE', #4847, #6340 ) ;
#6589 = VERTEX_POINT ( 'NONE', #5264 ) ;
#6590 = ORIENTED_EDGE ( 'NONE', *, *, #6855, .T. ) ;
#6591 = ORIENTED_EDGE ( 'NONE', *, *, #813, .F. ) ;
#6592 = EDGE_CURVE ( 'NONE', #666, #3456, #8435, .T. ) ;
#6593 = EDGE_CURVE ( 'NONE', #373, #9326, #4345, .T. ) ;
#6594 = CARTESIAN_POINT ( 'NONE',  ( 4.604675921659691100, -0.2903173751535640400, -0.1000000000000000100 ) ) ;
#6595 = LINE ( 'NONE', #3051, #123 ) ;
#6596 = CARTESIAN_POINT ( 'NONE',  ( 5.354675921659710600, 0.2946826248459104000, 0.0000000000000000000 ) ) ;
#6597 = ADVANCED_FACE ( 'NONE', ( #10353 ), #4502, .F. ) ;
#6598 = LINE ( 'NONE', #8943, #4445 ) ;
#6599 = CARTESIAN_POINT ( 'NONE',  ( 4.704675921658628500, 1.459682624844767000, 0.0000000000000000000 ) ) ;
#6600 = ORIENTED_EDGE ( 'NONE', *, *, #3614, .T. ) ;
#6601 = LINE ( 'NONE', #1129, #4448 ) ;
#6602 = CARTESIAN_POINT ( 'NONE',  ( 5.219675921659555400, 1.034682624846080100, 0.0000000000000000000 ) ) ;
#6603 = ORIENTED_EDGE ( 'NONE', *, *, #8940, .T. ) ;
#6604 = EDGE_LOOP ( 'NONE', ( #9928, #9303, #1196, #4893 ) ) ;
#6605 = VERTEX_POINT ( 'NONE', #7760 ) ;
#6606 = ORIENTED_EDGE ( 'NONE', *, *, #9868, .T. ) ;
#6607 = EDGE_CURVE ( 'NONE', #4970, #6663, #1948, .T. ) ;
#6608 = FACE_OUTER_BOUND ( 'NONE', #3209, .T. ) ;
#6609 = EDGE_CURVE ( 'NONE', #3092, #8745, #2460, .T. ) ;
#6610 = CARTESIAN_POINT ( 'NONE',  ( 4.604675921659691100, -0.4153173751542453800, 0.7499999999999998900 ) ) ;
#6611 = CIRCLE ( 'NONE', #9114, 0.04999999999999969700 ) ;
#6612 = ORIENTED_EDGE ( 'NONE', *, *, #4750, .T. ) ;
#6613 = DIRECTION ( 'NONE',  ( -0.0000000000000000000, -0.0000000000000000000, -1.000000000000000000 ) ) ;
#6614 = LINE ( 'NONE', #7613, #10471 ) ;
#6615 = ORIENTED_EDGE ( 'NONE', *, *, #4830, .T. ) ;
#6616 = DIRECTION ( 'NONE',  ( -1.262831698822006900E-014, 1.000000000000000000, 0.0000000000000000000 ) ) ;
#6617 = ORIENTED_EDGE ( 'NONE', *, *, #3196, .F. ) ;
#6618 = EDGE_LOOP ( 'NONE', ( #7114, #8635, #6034, #2765, #4205, #9177, #7112, #1915, #2531, #5220, #10104, #6384, #1528, #3573, #991, #9003 ) ) ;
#6619 = VERTEX_POINT ( 'NONE', #8611 ) ;
#6620 = ORIENTED_EDGE ( 'NONE', *, *, #2799, .T. ) ;
#6621 = DIRECTION ( 'NONE',  ( 0.8629477401728888900, -0.5052931799762432300, 0.0000000000000000000 ) ) ;
#6622 = ORIENTED_EDGE ( 'NONE', *, *, #9662, .F. ) ;
#6623 = LINE ( 'NONE', #8892, #8296 ) ;
#6624 = CARTESIAN_POINT ( 'NONE',  ( 5.304675921659710800, 0.2946826248459107900, 0.0000000000000000000 ) ) ;
#6625 = ORIENTED_EDGE ( 'NONE', *, *, #4832, .F. ) ;
#6626 = FACE_OUTER_BOUND ( 'NONE', #7803, .T. ) ;
#6627 = CYLINDRICAL_SURFACE ( 'NONE', #2770, 0.07499999999993189900 ) ;
#6628 = AXIS2_PLACEMENT_3D ( 'NONE', #4028, #4185, #4200 ) ;
#6629 = EDGE_CURVE ( 'NONE', #104, #7040, #8171, .T. ) ;
#6630 = VERTEX_POINT ( 'NONE', #9433 ) ;
#6631 = ORIENTED_EDGE ( 'NONE', *, *, #7151, .T. ) ;
#6632 = VERTEX_POINT ( 'NONE', #457 ) ;
#6633 = FACE_OUTER_BOUND ( 'NONE', #7966, .T. ) ;
#6634 = CARTESIAN_POINT ( 'NONE',  ( 4.729675921659755000, 1.484682624845893300, 0.1000000000000000100 ) ) ;
#6635 = FACE_OUTER_BOUND ( 'NONE', #3075, .T. ) ;
#6636 = VECTOR ( 'NONE', #368, 1000.000000000000000 ) ;
#6637 = ORIENTED_EDGE ( 'NONE', *, *, #1095, .F. ) ;
#6638 = DIRECTION ( 'NONE',  ( 2.602085213967212400E-015, 1.000000000000000000, -0.0000000000000000000 ) ) ;
#6639 = EDGE_CURVE ( 'NONE', #2433, #10272, #7909, .T. ) ;
#6640 = DIRECTION ( 'NONE',  ( 0.0000000000000000000, 0.0000000000000000000, 1.000000000000000000 ) ) ;
#6641 = ORIENTED_EDGE ( 'NONE', *, *, #4072, .F. ) ;
#6642 = EDGE_CURVE ( 'NONE', #1412, #2643, #10097, .T. ) ;
#6643 = VECTOR ( 'NONE', #10116, 1000.000000000000100 ) ;
#6644 =( NAMED_UNIT ( * ) SI_UNIT ( $, .STERADIAN. ) SOLID_ANGLE_UNIT ( ) );
#6645 = CARTESIAN_POINT ( 'NONE',  ( 5.606983613967200200, 0.9096826248458013100, 0.0000000000000000000 ) ) ;
#6646 = LINE ( 'NONE', #2906, #4501 ) ;
#6647 = AXIS2_PLACEMENT_3D ( 'NONE', #8714, #2207, #10359 ) ;
#6648 = CARTESIAN_POINT ( 'NONE',  ( 5.219675921659555400, 1.103366499252897800, 0.1000000000000000100 ) ) ;
#6649 = CARTESIAN_POINT ( 'NONE',  ( 4.604675921659691100, 1.209682624845298500, 0.0000000000000000000 ) ) ;
#6650 = CARTESIAN_POINT ( 'NONE',  ( 4.879675921658599900, -0.2903173751535639800, -0.1000000000000000100 ) ) ;
#6651 = ORIENTED_EDGE ( 'NONE', *, *, #8680, .F. ) ;
#6652 = VECTOR ( 'NONE', #585, 999.9999999999998900 ) ;
#6653 = DIRECTION ( 'NONE',  ( 0.0000000000000000000, 0.0000000000000000000, 1.000000000000000000 ) ) ;
#6654 = VECTOR ( 'NONE', #8065, 1000.000000000000000 ) ;
#6655 = ADVANCED_FACE ( 'NONE', ( #3592 ), #3762, .T. ) ;
#6656 = DIRECTION ( 'NONE',  ( -1.000000000000000000, 0.0000000000000000000, 0.0000000000000000000 ) ) ;
#6657 = VERTEX_POINT ( 'NONE', #8641 ) ;
#6658 = CARTESIAN_POINT ( 'NONE',  ( 5.979675921659509900, -0.3153173751542490100, 0.1000000000000000100 ) ) ;
#6659 = EDGE_CURVE ( 'NONE', #1205, #2042, #9851, .T. ) ;
#6660 = EDGE_CURVE ( 'NONE', #9035, #1391, #7657, .T. ) ;
#6661 = CARTESIAN_POINT ( 'NONE',  ( 5.829675921660020200, 1.284682624846353200, -0.1000000000000000100 ) ) ;
#6662 = CIRCLE ( 'NONE', #7333, 0.04999999999999969700 ) ;
#6663 = VERTEX_POINT ( 'NONE', #528 ) ;
#6664 = LINE ( 'NONE', #7599, #8084 ) ;
#6665 = AXIS2_PLACEMENT_3D ( 'NONE', #8464, #6872, #2027 ) ;
#6666 = VERTEX_POINT ( 'NONE', #7845 ) ;
#6667 = CARTESIAN_POINT ( 'NONE',  ( 4.729675921659755000, 1.484682624845893300, 0.0000000000000000000 ) ) ;
#6668 = PLANE ( 'NONE',  #1753 ) ;
#6669 = LINE ( 'NONE', #2498, #4523 ) ;
#6670 = ORIENTED_EDGE ( 'NONE', *, *, #4566, .F. ) ;
#6671 = EDGE_CURVE ( 'NONE', #252, #1688, #9597, .T. ) ;
#6672 = CYLINDRICAL_SURFACE ( 'NONE', #4209, 0.07499999999999953900 ) ;
#6673 = CARTESIAN_POINT ( 'NONE',  ( 4.604675921659691100, 0.9596826248462082500, -0.1000000000000000100 ) ) ;
#6674 = VERTEX_POINT ( 'NONE', #9510 ) ;
#6675 = DIRECTION ( 'NONE',  ( 1.000000000000000000, -1.084202172489809400E-015, 0.0000000000000000000 ) ) ;
#6676 = DIRECTION ( 'NONE',  ( 0.0000000000000000000, 0.0000000000000000000, 1.000000000000000000 ) ) ;
#6677 = CARTESIAN_POINT ( 'NONE',  ( 4.604675921659691100, 0.4596826248462081400, -0.1000000000000000100 ) ) ;
#6679 = EDGE_LOOP ( 'NONE', ( #4148, #9428, #338, #4013 ) ) ;
#6678 = FILL_AREA_STYLE_COLOUR ( '', #8026 ) ;
#6680 = LINE ( 'NONE', #3192, #8882 ) ;
#6681 = VECTOR ( 'NONE', #7972, 1000.000000000000000 ) ;
#6682 = DIRECTION ( 'NONE',  ( 1.000000000000000000, 0.0000000000000000000, 0.0000000000000000000 ) ) ;
#6683 = ORIENTED_EDGE ( 'NONE', *, *, #424, .T. ) ;
#6684 = AXIS2_PLACEMENT_3D ( 'NONE', #7191, #2352, #8010 ) ;
#6685 = EDGE_CURVE ( 'NONE', #2730, #1015, #1184, .T. ) ;
#6686 = DIRECTION ( 'NONE',  ( 0.0000000000000000000, -1.000000000000000000, 0.0000000000000000000 ) ) ;
#6687 = DIRECTION ( 'NONE',  ( -0.7164239184887111200, 0.6976652270374957800, -0.0000000000000000000 ) ) ;
#6688 = PRODUCT ( '零件4', '零件4', '', ( #655 ) ) ;
#6689 = DIRECTION ( 'NONE',  ( 1.000000000000000000, 1.971276677254192800E-016, 0.0000000000000000000 ) ) ;
#6690 = ADVANCED_FACE ( 'NONE', ( #3852 ), #6231, .T. ) ;
#6691 = VECTOR ( 'NONE', #86, 1000.000000000000000 ) ;
#6692 = ORIENTED_EDGE ( 'NONE', *, *, #3956, .F. ) ;
#6693 = DIRECTION ( 'NONE',  ( -1.000000000000000000, 0.0000000000000000000, -0.0000000000000000000 ) ) ;
#6694 = CARTESIAN_POINT ( 'NONE',  ( 5.954675921659633900, 0.5096826248458022900, 0.1000000000000000100 ) ) ;
#6695 = LINE ( 'NONE', #8395, #8642 ) ;
#6696 = DIRECTION ( 'NONE',  ( -0.0000000000000000000, -0.0000000000000000000, -1.000000000000000000 ) ) ;
#6697 = EDGE_LOOP ( 'NONE', ( #4440, #7354, #5565, #9991 ) ) ;
#6698 = ADVANCED_FACE ( 'NONE', ( #918 ), #9546, .F. ) ;
#6699 = CARTESIAN_POINT ( 'NONE',  ( 5.354675921659713300, 0.09468262484602099600, 0.1000000000000000100 ) ) ;
#6700 = CARTESIAN_POINT ( 'NONE',  ( 6.004675921659058200, -0.2903173751547012400, 0.0000000000000000000 ) ) ;
#6701 = EDGE_LOOP ( 'NONE', ( #2201, #4718, #2281, #10582 ) ) ;
#6702 = ORIENTED_EDGE ( 'NONE', *, *, #4102, .F. ) ;
#6703 = AXIS2_PLACEMENT_3D ( 'NONE', #2791, #8466, #3595 ) ;
#6704 = DIRECTION ( 'NONE',  ( -0.0000000000000000000, -0.0000000000000000000, -1.000000000000000000 ) ) ;
#6705 = VECTOR ( 'NONE', #2320, 1000.000000000000000 ) ;
#6706 = ORIENTED_EDGE ( 'NONE', *, *, #4497, .T. ) ;
#6707 = PLANE ( 'NONE',  #2363 ) ;
#6708 = ORIENTED_EDGE ( 'NONE', *, *, #2355, .T. ) ;
#6709 = DIRECTION ( 'NONE',  ( -1.000000000000000000, -0.0000000000000000000, -0.0000000000000000000 ) ) ;
#6710 = EDGE_LOOP ( 'NONE', ( #5074, #1270, #3541, #1272 ) ) ;
#6711 = ORIENTED_EDGE ( 'NONE', *, *, #1461, .F. ) ;
#6712 = CARTESIAN_POINT ( 'NONE',  ( 6.104675921659724800, 0.2096826248452987000, 0.1000000000000000100 ) ) ;
#6713 = EDGE_CURVE ( 'NONE', #1815, #1665, #5223, .T. ) ;
#6714 = AXIS2_PLACEMENT_3D ( 'NONE', #10001, #5092, #231 ) ;
#6715 = EDGE_CURVE ( 'NONE', #2289, #4165, #3347, .T. ) ;
#6716 = AXIS2_PLACEMENT_3D ( 'NONE', #7291, #4053, #9774 ) ;
#6717 = VECTOR ( 'NONE', #1859, 1000.000000000000000 ) ;
#6718 = CARTESIAN_POINT ( 'NONE',  ( 4.879675921659459600, 1.009682624845825900, 0.0000000000000000000 ) ) ;
#6719 = FACE_OUTER_BOUND ( 'NONE', #381, .T. ) ;
#6720 = EDGE_LOOP ( 'NONE', ( #66, #6692, #7385, #9682 ) ) ;
#6721 = ORIENTED_EDGE ( 'NONE', *, *, #6527, .T. ) ;
#6722 = ORIENTED_EDGE ( 'NONE', *, *, #5401, .F. ) ;
#6723 = DIRECTION ( 'NONE',  ( 1.000000000000000000, 0.0000000000000000000, 0.0000000000000000000 ) ) ;
#6724 = DIRECTION ( 'NONE',  ( 1.000000000000000000, -3.214735856175449900E-015, -0.0000000000000000000 ) ) ;
#6725 = DIRECTION ( 'NONE',  ( 0.0000000000000000000, 0.0000000000000000000, 1.000000000000000000 ) ) ;
#6726 = CARTESIAN_POINT ( 'NONE',  ( 5.054675921659471000, 0.2496826248458502400, 0.1000000000000000100 ) ) ;
#6727 = DIRECTION ( 'NONE',  ( -1.000000000000000000, 0.0000000000000000000, 0.0000000000000000000 ) ) ;
#6728 = FACE_OUTER_BOUND ( 'NONE', #6807, .T. ) ;
#6729 = EDGE_CURVE ( 'NONE', #6784, #4343, #7135, .T. ) ;
#6730 = SURFACE_STYLE_FILL_AREA ( #5291 ) ;
#6731 = EDGE_CURVE ( 'NONE', #4595, #5589, #9331, .T. ) ;
#6732 = ORIENTED_EDGE ( 'NONE', *, *, #7195, .T. ) ;
#6733 = EDGE_LOOP ( 'NONE', ( #4546, #8479, #3760, #2329, #1028, #6706 ) ) ;
#6734 = VERTEX_POINT ( 'NONE', #633 ) ;
#6736 = EDGE_LOOP ( 'NONE', ( #9795, #8277, #10564, #2456 ) ) ;
#6735 = DIRECTION ( 'NONE',  ( -0.0000000000000000000, -0.0000000000000000000, -1.000000000000000000 ) ) ;
#6737 = ORIENTED_EDGE ( 'NONE', *, *, #8485, .T. ) ;
#6738 = FACE_OUTER_BOUND ( 'NONE', #1038, .T. ) ;
#6739 = AXIS2_PLACEMENT_3D ( 'NONE', #180, #5852, #997 ) ;
#6740 = ORIENTED_EDGE ( 'NONE', *, *, #7214, .F. ) ;
#6741 = CARTESIAN_POINT ( 'NONE',  ( 4.879675921659509400, -0.04031737515379180800, -0.1000000000000000100 ) ) ;
#6742 = LINE ( 'NONE', #7930, #4596 ) ;
#6743 = VECTOR ( 'NONE', #10397, 1000.000000000000000 ) ;
#6744 = CARTESIAN_POINT ( 'NONE',  ( 4.754675921659554700, 0.1596826248457989800, 0.1000000000000000100 ) ) ;
#6745 = ADVANCED_FACE ( 'NONE', ( #6874 ), #6300, .F. ) ;
#6746 = DIRECTION ( 'NONE',  ( 0.0000000000000000000, 1.000000000000000000, 0.0000000000000000000 ) ) ;
#6747 = ORIENTED_EDGE ( 'NONE', *, *, #5317, .T. ) ;
#6748 = ORIENTED_EDGE ( 'NONE', *, *, #8855, .F. ) ;
#6749 = EDGE_CURVE ( 'NONE', #1044, #10199, #9071, .T. ) ;
#6750 = EDGE_CURVE ( 'NONE', #4080, #4450, #4724, .T. ) ;
#6751 = CARTESIAN_POINT ( 'NONE',  ( 4.604675921659691100, 1.209682624845298500, -0.1000000000000000100 ) ) ;
#6752 = ORIENTED_EDGE ( 'NONE', *, *, #5253, .F. ) ;
#6753 = VECTOR ( 'NONE', #6859, 1000.000000000000000 ) ;
#6754 = CARTESIAN_POINT ( 'NONE',  ( 4.704675921660040700, 1.209682624845298500, 0.1000000000000000100 ) ) ;
#6755 = DIRECTION ( 'NONE',  ( -1.000000000000000000, 0.0000000000000000000, 0.0000000000000000000 ) ) ;
#6756 = CYLINDRICAL_SURFACE ( 'NONE', #2418, 0.04999999999999969700 ) ;
#6757 = CARTESIAN_POINT ( 'NONE',  ( 5.489675921659714900, 0.9846826248459260600, 0.0000000000000000000 ) ) ;
#6758 = FACE_OUTER_BOUND ( 'NONE', #20, .T. ) ;
#6759 = DIRECTION ( 'NONE',  ( 1.000000000000000000, 0.0000000000000000000, -0.0000000000000000000 ) ) ;
#6760 = ORIENTED_EDGE ( 'NONE', *, *, #5538, .F. ) ;
#6761 = ADVANCED_FACE ( 'NONE', ( #2839 ), #10424, .F. ) ;
#6762 = CARTESIAN_POINT ( 'NONE',  ( 5.113292969088838000, 0.9995012015357573900, 0.0000000000000000000 ) ) ;
#6763 = CARTESIAN_POINT ( 'NONE',  ( 4.879675921658599900, 0.7096826248464360700, -0.1000000000000000100 ) ) ;
#6764 = VERTEX_POINT ( 'NONE', #8750 ) ;
#6765 = LINE ( 'NONE', #6344, #8966 ) ;
#6766 = AXIS2_PLACEMENT_3D ( 'NONE', #2171, #7842, #3382 ) ;
#6767 = CARTESIAN_POINT ( 'NONE',  ( 5.104675921659470800, 0.2496826248458502400, 0.1000000000000000100 ) ) ;
#6768 = FACE_OUTER_BOUND ( 'NONE', #5600, .T. ) ;
#6769 = DIRECTION ( 'NONE',  ( 1.000000000000000000, 0.0000000000000000000, 0.0000000000000000000 ) ) ;
#6770 = LINE ( 'NONE', #9860, #4616 ) ;
#6771 = ORIENTED_EDGE ( 'NONE', *, *, #7968, .F. ) ;
#6772 = DIRECTION ( 'NONE',  ( -0.7071067811865474600, 0.7071067811865474600, 0.0000000000000000000 ) ) ;
#6773 = AXIS2_PLACEMENT_3D ( 'NONE', #1385, #7046, #2205 ) ;
#6774 = ORIENTED_EDGE ( 'NONE', *, *, #8746, .F. ) ;
#6775 = LINE ( 'NONE', #931, #4114 ) ;
#6776 = DIRECTION ( 'NONE',  ( -0.0000000000000000000, -0.0000000000000000000, -1.000000000000000000 ) ) ;
#6777 = CARTESIAN_POINT ( 'NONE',  ( 5.154675921659469800, 0.3996826248457591200, 0.1000000000000000100 ) ) ;
#6778 = LINE ( 'NONE', #4277, #8982 ) ;
#6779 = CARTESIAN_POINT ( 'NONE',  ( 5.304675921659710800, 0.4146826248459104000, 0.0000000000000000000 ) ) ;
#6780 = EDGE_CURVE ( 'NONE', #9053, #6657, #8820, .T. ) ;
#6781 = DIRECTION ( 'NONE',  ( -0.0000000000000000000, -0.0000000000000000000, -1.000000000000000000 ) ) ;
#6782 = DIRECTION ( 'NONE',  ( 1.000000000000000000, 0.0000000000000000000, 0.0000000000000000000 ) ) ;
#6783 = FACE_OUTER_BOUND ( 'NONE', #9524, .T. ) ;
#6784 = VERTEX_POINT ( 'NONE', #6382 ) ;
#6785 = LINE ( 'NONE', #10258, #8727 ) ;
#6786 = CARTESIAN_POINT ( 'NONE',  ( 4.879675921659509400, 0.4596826248462082000, -0.1000000000000000100 ) ) ;
#6787 = CARTESIAN_POINT ( 'NONE',  ( 4.879675921658599900, -0.2903173751535639800, -0.1000000000000000100 ) ) ;
#6788 = LINE ( 'NONE', #350, #8734 ) ;
#6789 = VERTEX_POINT ( 'NONE', #2319 ) ;
#6790 = CARTESIAN_POINT ( 'NONE',  ( 6.004675921660364700, 0.4596826248450711100, 0.1000000000000000100 ) ) ;
#6791 = VECTOR ( 'NONE', #5642, 1000.000000000000000 ) ;
#6792 = CARTESIAN_POINT ( 'NONE',  ( 6.004675921660364700, 0.4596826248450711100, 0.1000000000000000100 ) ) ;
#6793 = EDGE_CURVE ( 'NONE', #7490, #2446, #2336, .T. ) ;
#6794 = EDGE_CURVE ( 'NONE', #2630, #2679, #2583, .T. ) ;
#6795 = PLANE ( 'NONE',  #8501 ) ;
#6796 = LINE ( 'NONE', #8835, #8476 ) ;
#6797 = CARTESIAN_POINT ( 'NONE',  ( 6.004675921660364700, 0.4596826248450711100, 0.1000000000000000100 ) ) ;
#6798 = ORIENTED_EDGE ( 'NONE', *, *, #8093, .F. ) ;
#6799 = VECTOR ( 'NONE', #183, 1000.000000000000000 ) ;
#6800 = ORIENTED_EDGE ( 'NONE', *, *, #10520, .T. ) ;
#6801 = CARTESIAN_POINT ( 'NONE',  ( 4.754675921659438300, 1.159682624845901600, 0.1000000000000000100 ) ) ;
#6802 = CARTESIAN_POINT ( 'NONE',  ( 5.979675921659509900, 1.484682624845741400, 0.1000000000000000100 ) ) ;
#6803 = ADVANCED_FACE ( 'NONE', ( #8567 ), #3164, .T. ) ;
#6804 = EDGE_CURVE ( 'NONE', #5806, #10571, #6375, .T. ) ;
#6805 = CARTESIAN_POINT ( 'NONE',  ( 5.829675921659729800, 0.009682624845806009400, 0.0000000000000000000 ) ) ;
#6806 = EDGE_CURVE ( 'NONE', #7143, #242, #4473, .T. ) ;
#6807 = EDGE_LOOP ( 'NONE', ( #6429, #6811, #9439, #5433 ) ) ;
#6808 = PLANE ( 'NONE',  #2602 ) ;
#6809 = VECTOR ( 'NONE', #3618, 1000.000000000000000 ) ;
#6810 = CARTESIAN_POINT ( 'NONE',  ( 5.489675921659714000, 1.103366499252744100, 0.1000000000000000100 ) ) ;
#6811 = ORIENTED_EDGE ( 'NONE', *, *, #3847, .F. ) ;
#6812 = PLANE ( 'NONE',  #7525 ) ;
#6813 = DIRECTION ( 'NONE',  ( -1.000000000000000000, 0.0000000000000000000, 0.0000000000000000000 ) ) ;
#6814 = FACE_OUTER_BOUND ( 'NONE', #1222, .T. ) ;
#6815 = ORIENTED_EDGE ( 'NONE', *, *, #6131, .F. ) ;
#6816 = EDGE_CURVE ( 'NONE', #6310, #3267, #6623, .T. ) ;
#6817 = DIRECTION ( 'NONE',  ( 0.7071067811865474600, -0.7071067811865474600, 0.0000000000000000000 ) ) ;
#6818 = DIRECTION ( 'NONE',  ( -0.6557845842851961500, -0.7549480637857761700, 0.0000000000000000000 ) ) ;
#6819 = CARTESIAN_POINT ( 'NONE',  ( 5.354675921659710600, 0.6146826248458012700, 0.1000000000000000100 ) ) ;
#6820 = VERTEX_POINT ( 'NONE', #776 ) ;
#6821 = ORIENTED_EDGE ( 'NONE', *, *, #8747, .T. ) ;
#6822 = DIRECTION ( 'NONE',  ( 0.0000000000000000000, -1.000000000000000000, 0.0000000000000000000 ) ) ;
#6823 = CARTESIAN_POINT ( 'NONE',  ( 4.704675921658628500, 1.459682624844767000, 0.1000000000000000100 ) ) ;
#6824 = CARTESIAN_POINT ( 'NONE',  ( 5.829675921660816900, 0.2096826248452988200, -0.1000000000000000100 ) ) ;
#6825 = VECTOR ( 'NONE', #8923, 1000.000000000000000 ) ;
#6826 = EDGE_LOOP ( 'NONE', ( #646, #7628, #4589, #6414 ) ) ;
#6827 = ORIENTED_EDGE ( 'NONE', *, *, #4376, .T. ) ;
#6828 = EDGE_LOOP ( 'NONE', ( #2417, #10187, #9574, #10124, #202, #1577, #4031, #8765, #2703, #4939, #7660, #812, #129, #8126 ) ) ;
#6829 = EDGE_CURVE ( 'NONE', #5970, #5176, #4211, .T. ) ;
#6830 = AXIS2_PLACEMENT_3D ( 'NONE', #10040, #5951, #1107 ) ;
#6831 = DIRECTION ( 'NONE',  ( 0.0000000000000000000, 0.0000000000000000000, 1.000000000000000000 ) ) ;
#6832 = DIRECTION ( 'NONE',  ( -1.000000000000000000, 3.942553354495353700E-016, -0.0000000000000000000 ) ) ;
#6833 = VECTOR ( 'NONE', #8497, 999.9999999999998900 ) ;
#6834 = FILL_AREA_STYLE ('',( #5249 ) ) ;
#6835 = VECTOR ( 'NONE', #10419, 1000.000000000000000 ) ;
#6836 = AXIS2_PLACEMENT_3D ( 'NONE', #3543, #9251, #4356 ) ;
#6837 = EDGE_LOOP ( 'NONE', ( #304, #4243, #7025, #4181 ) ) ;
#6838 = ORIENTED_EDGE ( 'NONE', *, *, #9233, .F. ) ;
#6839 = ORIENTED_EDGE ( 'NONE', *, *, #2486, .T. ) ;
#6840 = CARTESIAN_POINT ( 'NONE',  ( 5.154675921659469800, 0.2996826248458500100, 0.0000000000000000000 ) ) ;
#6841 = DIRECTION ( 'NONE',  ( -0.0000000000000000000, -0.0000000000000000000, -1.000000000000000000 ) ) ;
#6842 = VECTOR ( 'NONE', #4280, 1000.000000000000100 ) ;
#6843 = DIRECTION ( 'NONE',  ( -0.0000000000000000000, -0.0000000000000000000, -1.000000000000000000 ) ) ;
#6844 = LINE ( 'NONE', #2333, #2558 ) ;
#6846 = ORIENTED_EDGE ( 'NONE', *, *, #711, .F. ) ;
#6845 = CARTESIAN_POINT ( 'NONE',  ( 5.979675921659509900, 1.484682624845741400, 0.1000000000000000100 ) ) ;
#6847 = LINE ( 'NONE', #9920, #9049 ) ;
#6848 = ORIENTED_EDGE ( 'NONE', *, *, #2427, .F. ) ;
#6849 = ORIENTED_EDGE ( 'NONE', *, *, #5317, .F. ) ;
#6850 = ORIENTED_EDGE ( 'NONE', *, *, #5229, .F. ) ;
#6851 = EDGE_LOOP ( 'NONE', ( #2682, #9550, #7753, #2214, #679, #8518, #8419, #7983, #5408, #8608, #1628, #10464, #5372, #5323 ) ) ;
#6852 = EDGE_CURVE ( 'NONE', #9074, #9741, #6110, .T. ) ;
#6853 = AXIS2_PLACEMENT_3D ( 'NONE', #2618, #5011, #9122 ) ;
#6854 = DIRECTION ( 'NONE',  ( -1.000000000000000000, -0.0000000000000000000, -0.0000000000000000000 ) ) ;
#6855 = EDGE_CURVE ( 'NONE', #5066, #7377, #3971, .T. ) ;
#6856 = DIRECTION ( 'NONE',  ( -1.000000000000000000, 0.0000000000000000000, 0.0000000000000000000 ) ) ;
#6857 = ADVANCED_FACE ( 'NONE', ( #3715 ), #815, .F. ) ;
#6858 = VECTOR ( 'NONE', #487, 1000.000000000000100 ) ;
#6859 = DIRECTION ( 'NONE',  ( -0.0000000000000000000, -0.0000000000000000000, -1.000000000000000000 ) ) ;
#6860 = CARTESIAN_POINT ( 'NONE',  ( 5.104675921659546300, 0.09968262484573875400, 0.1000000000000000100 ) ) ;
#6861 = VECTOR ( 'NONE', #8978, 1000.000000000000100 ) ;
#6862 = VERTEX_POINT ( 'NONE', #9761 ) ;
#6863 = DIRECTION ( 'NONE',  ( 0.0000000000000000000, 1.000000000000000000, 0.0000000000000000000 ) ) ;
#6864 = VECTOR ( 'NONE', #9779, 1000.000000000000000 ) ;
#6865 = DIRECTION ( 'NONE',  ( -2.409338161081291000E-015, 1.000000000000000000, 0.0000000000000000000 ) ) ;
#6866 = ORIENTED_EDGE ( 'NONE', *, *, #3532, .F. ) ;
#6867 = ORIENTED_EDGE ( 'NONE', *, *, #3954, .F. ) ;
#6868 = ORIENTED_EDGE ( 'NONE', *, *, #2084, .T. ) ;
#6869 = EDGE_LOOP ( 'NONE', ( #1042, #668, #2194, #3361 ) ) ;
#6870 = CARTESIAN_POINT ( 'NONE',  ( 4.954675921659530900, -0.3153173751544004500, 0.0000000000000000000 ) ) ;
#6871 = CARTESIAN_POINT ( 'NONE',  ( 5.754675921660088500, 1.284682624846466700, -0.1000000000000000100 ) ) ;
#6872 = DIRECTION ( 'NONE',  ( -1.084202172489809600E-015, -1.000000000000000000, 0.0000000000000000000 ) ) ;
#6873 = VERTEX_POINT ( 'NONE', #8130 ) ;
#6874 = FACE_OUTER_BOUND ( 'NONE', #6733, .T. ) ;
#6875 = EDGE_CURVE ( 'NONE', #3263, #860, #10220, .T. ) ;
#6876 = CARTESIAN_POINT ( 'NONE',  ( 5.829675921660816900, 0.2096826248452988200, -0.1000000000000000100 ) ) ;
#6877 = ADVANCED_FACE ( 'NONE', ( #1567 ), #3465, .F. ) ;
#6878 = ORIENTED_EDGE ( 'NONE', *, *, #341, .F. ) ;
#6879 = CARTESIAN_POINT ( 'NONE',  ( 5.771983613967414300, 1.159682624845749900, 0.0000000000000000000 ) ) ;
#6880 = LINE ( 'NONE', #8413, #8823 ) ;
#6881 = CIRCLE ( 'NONE', #9, 0.07500000000021639400 ) ;
#6882 = CARTESIAN_POINT ( 'NONE',  ( 4.729675921659755000, -0.3153173751544010000, 0.0000000000000000000 ) ) ;
#6883 = EDGE_LOOP ( 'NONE', ( #8291, #322, #10141, #4286 ) ) ;
#6884 =( LENGTH_UNIT ( ) NAMED_UNIT ( * ) SI_UNIT ( .MILLI., .METRE. ) );
#6885 = AXIS2_PLACEMENT_3D ( 'NONE', #6648, #1809, #7473 ) ;
#6886 = ORIENTED_EDGE ( 'NONE', *, *, #5514, .F. ) ;
#6887 = VECTOR ( 'NONE', #8206, 1000.000000000000000 ) ;
#6888 = CARTESIAN_POINT ( 'NONE',  ( 4.954675921659327500, 0.2846826248466515800, -0.1000000000000000100 ) ) ;
#6889 = DIRECTION ( 'NONE',  ( 1.000000000000000000, 0.0000000000000000000, -0.0000000000000000000 ) ) ;
#6890 = LINE ( 'NONE', #4230, #4733 ) ;
#6891 = EDGE_CURVE ( 'NONE', #177, #3941, #5858, .T. ) ;
#6892 = LINE ( 'NONE', #2011, #2600 ) ;
#6893 = EDGE_CURVE ( 'NONE', #3745, #7141, #5609, .T. ) ;
#6894 = ORIENTED_EDGE ( 'NONE', *, *, #1461, .T. ) ;
#6895 = DIRECTION ( 'NONE',  ( -0.7422680412375330900, -0.6701030927830402600, 0.0000000000000000000 ) ) ;
#6896 = ORIENTED_EDGE ( 'NONE', *, *, #10503, .T. ) ;
#6897 = VECTOR ( 'NONE', #1187, 1000.000000000000000 ) ;
#6898 = DIRECTION ( 'NONE',  ( -1.000000000000000000, -0.0000000000000000000, -0.0000000000000000000 ) ) ;
#6899 = VECTOR ( 'NONE', #7799, 1000.000000000000000 ) ;
#6900 = CARTESIAN_POINT ( 'NONE',  ( 5.850392180554097300, 0.5096826248458024000, 0.1000000000000000100 ) ) ;
#6901 = DIRECTION ( 'NONE',  ( 0.7071067811865474600, -0.7071067811865474600, 0.0000000000000000000 ) ) ;
#6902 = AXIS2_PLACEMENT_3D ( 'NONE', #7043, #9930, #7522 ) ;
#6903 = CARTESIAN_POINT ( 'NONE',  ( 5.304675921659710800, 0.7846826248458012000, 0.1000000000000000100 ) ) ;
#6904 = LINE ( 'NONE', #4624, #6652 ) ;
#6905 = DIRECTION ( 'NONE',  ( -1.000000000000000000, 1.316717819115048800E-014, 0.0000000000000000000 ) ) ;
#6906 = VECTOR ( 'NONE', #1579, 1000.000000000000000 ) ;
#6907 = CARTESIAN_POINT ( 'NONE',  ( 5.154675921659472400, 0.6496826248457289200, 0.1000000000000000100 ) ) ;
#6908 = VERTEX_POINT ( 'NONE', #47 ) ;
#6909 = CARTESIAN_POINT ( 'NONE',  ( 5.219675921659555400, 1.034682624846080100, 0.1000000000000000100 ) ) ;
#6910 = CARTESIAN_POINT ( 'NONE',  ( 5.014431958356886400, 0.09230803588812726300, 0.0000000000000000000 ) ) ;
#6911 = LINE ( 'NONE', #3871, #4515 ) ;
#6912 = ADVANCED_FACE ( 'NONE', ( #9720 ), #4918, .T. ) ;
#6913 = DIRECTION ( 'NONE',  ( 1.000000000000000000, 0.0000000000000000000, -0.0000000000000000000 ) ) ;
#6914 = ORIENTED_EDGE ( 'NONE', *, *, #9037, .T. ) ;
#6915 = VECTOR ( 'NONE', #6528, 1000.000000000000000 ) ;
#6916 = CARTESIAN_POINT ( 'NONE',  ( 6.104675921659724800, 0.2096826248452987000, -0.1000000000000000100 ) ) ;
#6917 = EDGE_CURVE ( 'NONE', #5839, #7999, #7520, .T. ) ;
#6918 = AXIS2_PLACEMENT_3D ( 'NONE', #2987, #8679, #3797 ) ;
#6919 = ORIENTED_EDGE ( 'NONE', *, *, #3169, .F. ) ;
#6920 = VECTOR ( 'NONE', #8142, 1000.000000000000100 ) ;
#6921 = CARTESIAN_POINT ( 'NONE',  ( 5.040567649154480600, 0.09968262484573889300, 0.1000000000000000100 ) ) ;
#6922 = AXIS2_PLACEMENT_3D ( 'NONE', #2997, #8692, #3810 ) ;
#6923 = DIRECTION ( 'NONE',  ( 1.000000000000000000, 0.0000000000000000000, -0.0000000000000000000 ) ) ;
#6924 = ORIENTED_EDGE ( 'NONE', *, *, #10143, .T. ) ;
#6925 = VECTOR ( 'NONE', #9343, 1000.000000000000000 ) ;
#6926 = ADVANCED_FACE ( 'NONE', ( #5351 ), #3340, .T. ) ;
#6927 = ORIENTED_EDGE ( 'NONE', *, *, #4662, .F. ) ;
#6928 = CARTESIAN_POINT ( 'NONE',  ( 4.917175921659649300, 0.6596826248457984300, 0.1000000000000000100 ) ) ;
#6929 =( NAMED_UNIT ( * ) PLANE_ANGLE_UNIT ( ) SI_UNIT ( $, .RADIAN. ) );
#6930 = CARTESIAN_POINT ( 'NONE',  ( 5.954675921659633900, 1.009682624845805500, 0.0000000000000000000 ) ) ;
#6931 = CARTESIAN_POINT ( 'NONE',  ( 5.219675921659555400, 1.103366499252897800, 0.1000000000000000100 ) ) ;
#6932 = CARTESIAN_POINT ( 'NONE',  ( 5.439675921659716800, 1.034682624845923800, 0.0000000000000000000 ) ) ;
#6933 = ORIENTED_EDGE ( 'NONE', *, *, #9307, .T. ) ;
#6934 = PLANE ( 'NONE',  #2571 ) ;
#6935 = EDGE_CURVE ( 'NONE', #5245, #5160, #1822, .T. ) ;
#6936 = VECTOR ( 'NONE', #9674, 1000.000000000000000 ) ;
#6937 = EDGE_CURVE ( 'NONE', #9803, #7929, #1047, .T. ) ;
#6938 = VECTOR ( 'NONE', #10447, 1000.000000000000000 ) ;
#6939 = CARTESIAN_POINT ( 'NONE',  ( 4.879675921658599900, 0.2096826248464360400, 0.0000000000000000000 ) ) ;
#6940 = ORIENTED_EDGE ( 'NONE', *, *, #1360, .T. ) ;
#6941 = DIRECTION ( 'NONE',  ( 1.000000000000000000, 6.264279218807323800E-015, -0.0000000000000000000 ) ) ;
#6942 = CARTESIAN_POINT ( 'NONE',  ( 5.829675921659729800, 0.009682624845806009400, 0.0000000000000000000 ) ) ;
#6943 = AXIS2_PLACEMENT_3D ( 'NONE', #1483, #3119, #8803 ) ;
#6944 = CARTESIAN_POINT ( 'NONE',  ( 6.004675921659058200, -0.2903173751547012400, 0.1000000000000000100 ) ) ;
#6945 = FACE_OUTER_BOUND ( 'NONE', #3041, .T. ) ;
#6946 = CARTESIAN_POINT ( 'NONE',  ( 5.558906690890459900, 0.9846826248459265000, 0.1000000000000000100 ) ) ;
#6947 = ORIENTED_EDGE ( 'NONE', *, *, #6975, .T. ) ;
#6948 = EDGE_CURVE ( 'NONE', #38, #1987, #9459, .T. ) ;
#6949 = CARTESIAN_POINT ( 'NONE',  ( 5.354675921659710600, 0.8346826248458012500, 0.1000000000000000100 ) ) ;
#6950 = CARTESIAN_POINT ( 'NONE',  ( 4.604675921659691100, 1.209682624845298500, -0.1000000000000000100 ) ) ;
#6951 = ORIENTED_EDGE ( 'NONE', *, *, #8204, .T. ) ;
#6952 = EDGE_CURVE ( 'NONE', #5815, #7081, #2953, .T. ) ;
#6953 = VERTEX_POINT ( 'NONE', #3373 ) ;
#6954 = CARTESIAN_POINT ( 'NONE',  ( 4.604675921659691100, 0.4596826248462081400, -0.1000000000000000100 ) ) ;
#6955 = VECTOR ( 'NONE', #4346, 1000.000000000000100 ) ;
#6956 = ORIENTED_EDGE ( 'NONE', *, *, #9660, .T. ) ;
#6957 = DIRECTION ( 'NONE',  ( -0.0000000000000000000, -0.0000000000000000000, -1.000000000000000000 ) ) ;
#6958 = CARTESIAN_POINT ( 'NONE',  ( 4.854675921659857200, 1.459682624844767000, -0.1000000000000000100 ) ) ;
#6959 = SURFACE_STYLE_FILL_AREA ( #2655 ) ;
#6960 = ORIENTED_EDGE ( 'NONE', *, *, #1266, .F. ) ;
#6961 = ORIENTED_EDGE ( 'NONE', *, *, #9712, .T. ) ;
#6962 = CARTESIAN_POINT ( 'NONE',  ( 5.040567649154480600, 0.09968262484573889300, 0.1000000000000000100 ) ) ;
#6963 = AXIS2_PLACEMENT_3D ( 'NONE', #3751, #5148, #2260 ) ;
#6964 = CARTESIAN_POINT ( 'NONE',  ( 5.042175921659434400, 0.6496826248457302500, 0.1000000000000000100 ) ) ;
#6965 = ADVANCED_FACE ( 'NONE', ( #4851 ), #8228, .T. ) ;
#6966 = FACE_OUTER_BOUND ( 'NONE', #3427, .T. ) ;
#6967 = DIRECTION ( 'NONE',  ( 0.0000000000000000000, 0.0000000000000000000, 1.000000000000000000 ) ) ;
#6968 = ORIENTED_EDGE ( 'NONE', *, *, #7357, .F. ) ;
#6969 = ORIENTED_EDGE ( 'NONE', *, *, #4351, .T. ) ;
#6970 = ORIENTED_EDGE ( 'NONE', *, *, #5912, .T. ) ;
#6971 = CARTESIAN_POINT ( 'NONE',  ( 6.004675921660369100, -0.04031737515492882200, 0.1000000000000000100 ) ) ;
#6972 = DIRECTION ( 'NONE',  ( 0.4599508982861489300, 0.8879443513902010000, -0.0000000000000000000 ) ) ;
#6973 = LINE ( 'NONE', #346, #511 ) ;
#6974 = CYLINDRICAL_SURFACE ( 'NONE', #7325, 0.07500000000021639400 ) ;
#6976 = ADVANCED_FACE ( 'NONE', ( #6738 ), #2451, .T. ) ;
#6975 = EDGE_CURVE ( 'NONE', #8908, #867, #9195, .T. ) ;
#6977 = EDGE_LOOP ( 'NONE', ( #3448, #3546, #5981, #5617, #9333, #8326, #1782, #3205, #640, #10340, #1743, #3767, #82, #4827, #869, #7398 ) ) ;
#6978 = EDGE_CURVE ( 'NONE', #4537, #5615, #8946, .T. ) ;
#6979 = EDGE_LOOP ( 'NONE', ( #6708, #7973, #4293, #6615 ) ) ;
#6980 = ORIENTED_EDGE ( 'NONE', *, *, #1568, .T. ) ;
#6981 = DIRECTION ( 'NONE',  ( -0.0000000000000000000, -0.0000000000000000000, -1.000000000000000000 ) ) ;
#6982 = PLANE ( 'NONE',  #10354 ) ;
#6983 = CARTESIAN_POINT ( 'NONE',  ( 5.004675921659327300, 1.209682624845298500, -0.1000000000000000100 ) ) ;
#6984 = LINE ( 'NONE', #1150, #2444 ) ;
#6985 = DIRECTION ( 'NONE',  ( 0.0000000000000000000, 0.0000000000000000000, 1.000000000000000000 ) ) ;
#6986 = VECTOR ( 'NONE', #10242, 1000.000000000000000 ) ;
#6987 = EDGE_LOOP ( 'NONE', ( #10228, #6702, #7278, #9668 ) ) ;
#6988 = ORIENTED_EDGE ( 'NONE', *, *, #4103, .T. ) ;
#6989 = ORIENTED_EDGE ( 'NONE', *, *, #6659, .F. ) ;
#6990 = ORIENTED_EDGE ( 'NONE', *, *, #4898, .T. ) ;
#6991 = ORIENTED_EDGE ( 'NONE', *, *, #1128, .T. ) ;
#6992 = CARTESIAN_POINT ( 'NONE',  ( 5.004675921659327300, 1.309682624845297700, -0.1000000000000000100 ) ) ;
#6993 = ORIENTED_EDGE ( 'NONE', *, *, #8733, .T. ) ;
#6994 = VECTOR ( 'NONE', #9209, 1000.000000000000000 ) ;
#6995 = VERTEX_POINT ( 'NONE', #311 ) ;
#6996 = EDGE_CURVE ( 'NONE', #3858, #6111, #8681, .T. ) ;
#6997 = LINE ( 'NONE', #7894, #2717 ) ;
#6998 = LINE ( 'NONE', #5500, #2718 ) ;
#6999 = EDGE_CURVE ( 'NONE', #486, #4231, #7272, .T. ) ;
#7000 = VERTEX_POINT ( 'NONE', #1953 ) ;
#7001 = DIRECTION ( 'NONE',  ( 3.942553354495353700E-016, 1.000000000000000000, -0.0000000000000000000 ) ) ;
#7002 = VERTEX_POINT ( 'NONE', #8454 ) ;
#7003 = ORIENTED_EDGE ( 'NONE', *, *, #6348, .F. ) ;
#7004 = LINE ( 'NONE', #4416, #4602 ) ;
#7005 = DIRECTION ( 'NONE',  ( -0.7071067811865505700, -0.7071067811865444600, 0.0000000000000000000 ) ) ;
#7006 = AXIS2_PLACEMENT_3D ( 'NONE', #738, #4012, #9729 ) ;
#7007 = CARTESIAN_POINT ( 'NONE',  ( 5.042175921659434400, 0.5996826248457302100, 0.1000000000000000100 ) ) ;
#7008 = CIRCLE ( 'NONE', #9721, 0.07500000000021551900 ) ;
#7009 = DIRECTION ( 'NONE',  ( 1.000000000000000000, -0.0000000000000000000, -0.0000000000000000000 ) ) ;
#7010 = PLANE ( 'NONE',  #3931 ) ;
#7011 = LINE ( 'NONE', #3037, #550 ) ;
#7012 = ORIENTED_EDGE ( 'NONE', *, *, #3411, .F. ) ;
#7013 = DIRECTION ( 'NONE',  ( -1.000000000000000000, -5.421010862416458400E-016, -0.0000000000000000000 ) ) ;
#7014 = DIRECTION ( 'NONE',  ( -6.264279218807324600E-015, 1.000000000000000000, 0.0000000000000000000 ) ) ;
#7015 = EDGE_CURVE ( 'NONE', #4139, #4265, #8, .T. ) ;
#7016 = EDGE_CURVE ( 'NONE', #5583, #1393, #4593, .T. ) ;
#7017 = ORIENTED_EDGE ( 'NONE', *, *, #10450, .F. ) ;
#7018 = VECTOR ( 'NONE', #3105, 999.9999999999998900 ) ;
#7019 = CARTESIAN_POINT ( 'NONE',  ( 6.104675921659724800, -0.4153173751542453800, 0.7499999999999998900 ) ) ;
#7020 = LINE ( 'NONE', #8051, #817 ) ;
#7021 = ADVANCED_FACE ( 'NONE', ( #8425 ), #1985, .F. ) ;
#7022 = DIRECTION ( 'NONE',  ( 0.8879443513902010000, -0.4599508982861488800, -0.0000000000000000000 ) ) ;
#7023 = VECTOR ( 'NONE', #76, 1000.000000000000000 ) ;
#7024 = PRODUCT_DEFINITION_FORMATION_WITH_SPECIFIED_SOURCE ( '任何', '', #6688, .NOT_KNOWN. ) ;
#7025 = ORIENTED_EDGE ( 'NONE', *, *, #1475, .T. ) ;
#7026 = PLANE ( 'NONE',  #10240 ) ;
#7027 = ORIENTED_EDGE ( 'NONE', *, *, #9456, .F. ) ;
#7028 = DIRECTION ( 'NONE',  ( 1.000000000000000000, 0.0000000000000000000, 0.0000000000000000000 ) ) ;
#7029 = CIRCLE ( 'NONE', #9126, 0.04999999999999883000 ) ;
#7030 = DIRECTION ( 'NONE',  ( 0.0000000000000000000, 0.0000000000000000000, 1.000000000000000000 ) ) ;
#7031 = EDGE_CURVE ( 'NONE', #6995, #7000, #2191, .T. ) ;
#7032 = LINE ( 'NONE', #4993, #4886 ) ;
#7033 = CARTESIAN_POINT ( 'NONE',  ( 4.704675921658918000, 0.2096826248464359600, 0.1000000000000000100 ) ) ;
#7034 = ADVANCED_FACE ( 'NONE', ( #5976 ), #10132, .F. ) ;
#7035 = DIRECTION ( 'NONE',  ( -0.0000000000000000000, -0.0000000000000000000, -1.000000000000000000 ) ) ;
#7036 = DIRECTION ( 'NONE',  ( -1.000000000000000000, 3.942553354495353700E-016, 0.0000000000000000000 ) ) ;
#7037 = LINE ( 'NONE', #5864, #576 ) ;
#7038 = CARTESIAN_POINT ( 'NONE',  ( 4.954675921659530000, 1.484682624845893300, 0.1000000000000000100 ) ) ;
#7039 = CARTESIAN_POINT ( 'NONE',  ( 4.954675921659530900, -0.3153173751544004500, 0.1000000000000000100 ) ) ;
#7040 = VERTEX_POINT ( 'NONE', #1169 ) ;
#7041 = VERTEX_POINT ( 'NONE', #2016 ) ;
#7042 = FACE_OUTER_BOUND ( 'NONE', #2366, .T. ) ;
#7043 = CARTESIAN_POINT ( 'NONE',  ( 5.354675921659710600, 0.4646826248459103900, 0.1000000000000000100 ) ) ;
#7044 = ORIENTED_EDGE ( 'NONE', *, *, #7031, .T. ) ;
#7045 = DIRECTION ( 'NONE',  ( 1.000000000000000000, -1.734723475975746300E-015, 0.0000000000000000000 ) ) ;
#7046 = DIRECTION ( 'NONE',  ( 0.7071067811865483500, -0.7071067811865468000, 0.0000000000000000000 ) ) ;
#7047 = CARTESIAN_POINT ( 'NONE',  ( 6.004675921660304300, 1.209682624846421200, 0.1000000000000000100 ) ) ;
#7048 = VECTOR ( 'NONE', #7595, 1000.000000000000000 ) ;
#7049 = CARTESIAN_POINT ( 'NONE',  ( 5.659509715401691600, 0.6146826248458012700, 0.1000000000000000100 ) ) ;
#7050 = CARTESIAN_POINT ( 'NONE',  ( 4.954675921659327500, 0.8846826248461626700, -0.1000000000000000100 ) ) ;
#7051 = EDGE_LOOP ( 'NONE', ( #5924, #4438, #3533, #527 ) ) ;
#7052 = LINE ( 'NONE', #5610, #2771 ) ;
#7053 = AXIS2_PLACEMENT_3D ( 'NONE', #5499, #2282, #7958 ) ;
#7054 = DIRECTION ( 'NONE',  ( 0.0000000000000000000, 0.0000000000000000000, -1.000000000000000000 ) ) ;
#7055 = CARTESIAN_POINT ( 'NONE',  ( 4.604675921659691100, 0.9596826248462082500, 0.0000000000000000000 ) ) ;
#7056 = CARTESIAN_POINT ( 'NONE',  ( 5.040567649154480600, 0.09968262484573889300, 0.1000000000000000100 ) ) ;
#7057 = DIRECTION ( 'NONE',  ( 0.0000000000000000000, 0.0000000000000000000, 1.000000000000000000 ) ) ;
#7058 = VECTOR ( 'NONE', #5423, 1000.000000000000000 ) ;
#7059 = ORIENTED_EDGE ( 'NONE', *, *, #4433, .F. ) ;
#7060 = CARTESIAN_POINT ( 'NONE',  ( 4.954675921659327500, 0.8846826248461626700, -0.1000000000000000100 ) ) ;
#7061 = LINE ( 'NONE', #5072, #6799 ) ;
#7062 = DIRECTION ( 'NONE',  ( -0.7071067811865444600, 0.7071067811865505700, 0.0000000000000000000 ) ) ;
#7063 = ORIENTED_EDGE ( 'NONE', *, *, #6445, .F. ) ;
#7064 = EDGE_CURVE ( 'NONE', #2694, #10474, #3840, .T. ) ;
#7065 = AXIS2_PLACEMENT_3D ( 'NONE', #3961, #9670, #4764 ) ;
#7066 = EDGE_CURVE ( 'NONE', #8491, #4681, #1690, .T. ) ;
#7067 = CARTESIAN_POINT ( 'NONE',  ( 4.879675921659111500, 0.7846826248466516300, -0.1000000000000000100 ) ) ;
#7068 = DIRECTION ( 'NONE',  ( -0.0000000000000000000, -0.0000000000000000000, -1.000000000000000000 ) ) ;
#7069 = PLANE ( 'NONE',  #5426 ) ;
#7070 = ORIENTED_EDGE ( 'NONE', *, *, #1867, .F. ) ;
#7071 = CARTESIAN_POINT ( 'NONE',  ( 4.704675921658918000, -0.2903173751535640400, 0.1000000000000000100 ) ) ;
#7072 = VECTOR ( 'NONE', #2810, 1000.000000000000000 ) ;
#7073 = ORIENTED_EDGE ( 'NONE', *, *, #7978, .T. ) ;
#7074 = ADVANCED_FACE ( 'NONE', ( #1938 ), #1429, .F. ) ;
#7075 = EDGE_CURVE ( 'NONE', #4480, #3607, #7898, .T. ) ;
#7076 = EDGE_CURVE ( 'NONE', #10338, #9728, #8159, .T. ) ;
#7077 = DIRECTION ( 'NONE',  ( 1.000000000000000000, 0.0000000000000000000, -0.0000000000000000000 ) ) ;
#7078 = DIRECTION ( 'NONE',  ( 0.0000000000000000000, -1.000000000000000000, 0.0000000000000000000 ) ) ;
#7079 = LINE ( 'NONE', #9513, #3915 ) ;
#7080 = CARTESIAN_POINT ( 'NONE',  ( 5.664169081836867300, 0.01968262484601956300, 0.1000000000000000100 ) ) ;
#7081 = VERTEX_POINT ( 'NONE', #2057 ) ;
#7082 = DIRECTION ( 'NONE',  ( -1.000000000000000000, -1.971276677247676800E-016, -0.0000000000000000000 ) ) ;
#7083 = EDGE_LOOP ( 'NONE', ( #7375, #7472, #1563, #7401 ) ) ;
#7084 = ORIENTED_EDGE ( 'NONE', *, *, #2471, .F. ) ;
#7085 = ADVANCED_FACE ( 'NONE', ( #3581 ), #10204, .T. ) ;
#7086 = DIRECTION ( 'NONE',  ( 0.0000000000000000000, 0.0000000000000000000, 1.000000000000000000 ) ) ;
#7087 = CARTESIAN_POINT ( 'NONE',  ( 6.104675921659724800, -0.4153173751542453800, -0.1000000000000000100 ) ) ;
#7088 = EDGE_CURVE ( 'NONE', #9905, #444, #2567, .T. ) ;
#7089 = PRESENTATION_STYLE_ASSIGNMENT (( #4136 ) ) ;
#7090 = DIRECTION ( 'NONE',  ( 0.0000000000000000000, -1.000000000000000000, 0.0000000000000000000 ) ) ;
#7091 = EDGE_CURVE ( 'NONE', #3170, #7539, #9057, .T. ) ;
#7092 = VECTOR ( 'NONE', #768, 1000.000000000000000 ) ;
#7093 = VERTEX_POINT ( 'NONE', #10246 ) ;
#7094 = VERTEX_POINT ( 'NONE', #1313 ) ;
#7095 = DIRECTION ( 'NONE',  ( -0.0000000000000000000, -0.0000000000000000000, -1.000000000000000000 ) ) ;
#7096 = ORIENTED_EDGE ( 'NONE', *, *, #8665, .T. ) ;
#7097 = CARTESIAN_POINT ( 'NONE',  ( 6.004675921659153200, 0.7096826248452987600, 0.1000000000000000100 ) ) ;
#7098 = CARTESIAN_POINT ( 'NONE',  ( 4.954675921659327500, 0.7846826248462537300, 0.0000000000000000000 ) ) ;
#7099 = APPLICATION_CONTEXT ( 'automotive_design' ) ;
#7100 = CYLINDRICAL_SURFACE ( 'NONE', #7947, 0.07499999999993189900 ) ;
#7101 = CARTESIAN_POINT ( 'NONE',  ( 5.829675921659906600, 0.9596826248450711600, 0.0000000000000000000 ) ) ;
#7102 = LINE ( 'NONE', #1415, #8784 ) ;
#7103 = ORIENTED_EDGE ( 'NONE', *, *, #7016, .T. ) ;
#7104 = DIRECTION ( 'NONE',  ( -0.0000000000000000000, -0.0000000000000000000, -1.000000000000000000 ) ) ;
#7105 = ORIENTED_EDGE ( 'NONE', *, *, #8030, .F. ) ;
#7106 = EDGE_LOOP ( 'NONE', ( #3090, #361, #10315, #7748 ) ) ;
#7107 = DIRECTION ( 'NONE',  ( -0.0000000000000000000, -0.0000000000000000000, -1.000000000000000000 ) ) ;
#7108 = AXIS2_PLACEMENT_3D ( 'NONE', #8407, #399, #4823 ) ;
#7109 = CARTESIAN_POINT ( 'NONE',  ( 5.664169081836870000, 0.09468262484602119100, 0.1000000000000000100 ) ) ;
#7110 = LINE ( 'NONE', #7837, #892 ) ;
#7111 = LINE ( 'NONE', #8878, #4955 ) ;
#7112 = ORIENTED_EDGE ( 'NONE', *, *, #2877, .F. ) ;
#7113 = LINE ( 'NONE', #10524, #9579 ) ;
#7114 = ORIENTED_EDGE ( 'NONE', *, *, #7638, .T. ) ;
#7115 = VERTEX_POINT ( 'NONE', #2134 ) ;
#7116 = CARTESIAN_POINT ( 'NONE',  ( 5.154675921659472400, 0.7207828955904754800, 0.0000000000000000000 ) ) ;
#7117 = ORIENTED_EDGE ( 'NONE', *, *, #8940, .F. ) ;
#7118 = DIRECTION ( 'NONE',  ( -0.0000000000000000000, -0.0000000000000000000, -1.000000000000000000 ) ) ;
#7119 = DIRECTION ( 'NONE',  ( 0.0000000000000000000, 1.000000000000000000, 0.0000000000000000000 ) ) ;
#7120 = CARTESIAN_POINT ( 'NONE',  ( 4.754675921659554700, 0.1596826248457989800, 0.1000000000000000100 ) ) ;
#7121 = CIRCLE ( 'NONE', #10212, 0.07499999999993189900 ) ;
#7122 = ORIENTED_EDGE ( 'NONE', *, *, #5604, .T. ) ;
#7123 = PLANE ( 'NONE',  #7053 ) ;
#7124 = LINE ( 'NONE', #8913, #2570 ) ;
#7125 = ORIENTED_EDGE ( 'NONE', *, *, #484, .T. ) ;
#7126 = DIRECTION ( 'NONE',  ( 0.0000000000000000000, 0.0000000000000000000, 1.000000000000000000 ) ) ;
#7127 = VERTEX_POINT ( 'NONE', #2940 ) ;
#7128 = AXIS2_PLACEMENT_3D ( 'NONE', #5871, #1019, #6682 ) ;
#7129 = EDGE_LOOP ( 'NONE', ( #1696, #3474, #4979, #6141, #5814, #9708 ) ) ;
#7130 = ADVANCED_FACE ( 'NONE', ( #6608 ), #2516, .F. ) ;
#7131 = VERTEX_POINT ( 'NONE', #4560 ) ;
#7132 = DIRECTION ( 'NONE',  ( 0.0000000000000000000, 0.0000000000000000000, 1.000000000000000000 ) ) ;
#7133 = MECHANICAL_DESIGN_GEOMETRIC_PRESENTATION_REPRESENTATION (  '', ( #5504 ), #7685 ) ;
#7134 = ORIENTED_EDGE ( 'NONE', *, *, #207, .T. ) ;
#7135 = LINE ( 'NONE', #4641, #669 ) ;
#7136 = DIRECTION ( 'NONE',  ( 0.0000000000000000000, 0.0000000000000000000, 1.000000000000000000 ) ) ;
#7137 = DIRECTION ( 'NONE',  ( 1.000000000000000000, 0.0000000000000000000, -0.0000000000000000000 ) ) ;
#7138 = EDGE_LOOP ( 'NONE', ( #3952, #10012, #7955, #4276 ) ) ;
#7139 = LINE ( 'NONE', #7469, #675 ) ;
#7140 = FACE_OUTER_BOUND ( 'NONE', #8267, .T. ) ;
#7141 = VERTEX_POINT ( 'NONE', #5375 ) ;
#7142 = DIRECTION ( 'NONE',  ( -1.000000000000000000, 2.114005981832989100E-015, -0.0000000000000000000 ) ) ;
#7143 = VERTEX_POINT ( 'NONE', #517 ) ;
#7144 = CARTESIAN_POINT ( 'NONE',  ( 5.829675921660304500, 1.384682624845977400, -0.1000000000000000100 ) ) ;
#7145 = DIRECTION ( 'NONE',  ( -0.0000000000000000000, -0.0000000000000000000, -1.000000000000000000 ) ) ;
#7146 = ADVANCED_FACE ( 'NONE', ( #1491 ), #8636, .T. ) ;
#7147 = VERTEX_POINT ( 'NONE', #10281 ) ;
#7148 = ORIENTED_EDGE ( 'NONE', *, *, #5287, .F. ) ;
#7149 = DIRECTION ( 'NONE',  ( -0.5767910276949441700, -0.8168917372397704900, 0.0000000000000000000 ) ) ;
#7150 = LINE ( 'NONE', #9872, #6887 ) ;
#7151 = EDGE_CURVE ( 'NONE', #5467, #6217, #348, .T. ) ;
#7152 = ORIENTED_EDGE ( 'NONE', *, *, #10190, .F. ) ;
#7153 = DIRECTION ( 'NONE',  ( -1.000000000000000000, -2.168404344971021900E-015, -0.0000000000000000000 ) ) ;
#7154 = EDGE_CURVE ( 'NONE', #3735, #1556, #8754, .T. ) ;
#7155 = CARTESIAN_POINT ( 'NONE',  ( 5.145520508521533600, -0.04502994241201670200, 0.1000000000000000100 ) ) ;
#7156 = LINE ( 'NONE', #6673, #9347 ) ;
#7157 = CARTESIAN_POINT ( 'NONE',  ( 5.754675921660088500, 0.7846826248451167500, -0.1000000000000000100 ) ) ;
#7158 = VECTOR ( 'NONE', #4444, 1000.000000000000000 ) ;
#7159 = ORIENTED_EDGE ( 'NONE', *, *, #5119, .F. ) ;
#7160 = AXIS2_PLACEMENT_3D ( 'NONE', #10529, #5620, #766 ) ;
#7161 = EDGE_LOOP ( 'NONE', ( #5138, #2507, #2908, #9834 ) ) ;
#7162 = DIRECTION ( 'NONE',  ( -1.000000000000000000, 0.0000000000000000000, 0.0000000000000000000 ) ) ;
#7163 = CIRCLE ( 'NONE', #6703, 0.07499999999999953900 ) ;
#7164 = CARTESIAN_POINT ( 'NONE',  ( 5.558906690890459900, 0.9846826248459265000, 0.1000000000000000100 ) ) ;
#7165 = LINE ( 'NONE', #1238, #693 ) ;
#7166 = DIRECTION ( 'NONE',  ( 0.7071067811865460200, 0.7071067811865490200, -0.0000000000000000000 ) ) ;
#7167 = EDGE_CURVE ( 'NONE', #7696, #2122, #2265, .T. ) ;
#7168 = EDGE_CURVE ( 'NONE', #8616, #1900, #8493, .T. ) ;
#7169 = CARTESIAN_POINT ( 'NONE',  ( 6.004675921660369100, -0.04031737515492882200, 0.1000000000000000100 ) ) ;
#7170 = PLANE ( 'NONE',  #3053 ) ;
#7171 = FACE_OUTER_BOUND ( 'NONE', #8910, .T. ) ;
#7172 = CARTESIAN_POINT ( 'NONE',  ( 5.042175921659434400, 0.6496826248457302500, 0.1000000000000000100 ) ) ;
#7173 = DIRECTION ( 'NONE',  ( 0.0000000000000000000, -0.0000000000000000000, -1.000000000000000000 ) ) ;
#7174 = CARTESIAN_POINT ( 'NONE',  ( 6.104675921659724800, 1.459682624846193800, -0.1000000000000000100 ) ) ;
#7175 = DIRECTION ( 'NONE',  ( 0.6701030927830402600, -0.7422680412375332000, 0.0000000000000000000 ) ) ;
#7176 = VECTOR ( 'NONE', #1496, 1000.000000000000000 ) ;
#7177 = CARTESIAN_POINT ( 'NONE',  ( 5.219675921659555400, 1.034682624846080100, 0.1000000000000000100 ) ) ;
#7178 = ORIENTED_EDGE ( 'NONE', *, *, #4347, .T. ) ;
#7179 = FACE_OUTER_BOUND ( 'NONE', #9458, .T. ) ;
#7180 = PLANE ( 'NONE',  #6376 ) ;
#7181 = EDGE_CURVE ( 'NONE', #211, #2466, #6564, .T. ) ;
#7182 = DIRECTION ( 'NONE',  ( -0.8629477401728890000, 0.5052931799762433500, 0.0000000000000000000 ) ) ;
#7183 = ORIENTED_EDGE ( 'NONE', *, *, #10589, .F. ) ;
#7184 = CIRCLE ( 'NONE', #553, 0.04999999999999969700 ) ;
#7185 = CARTESIAN_POINT ( 'NONE',  ( 5.154675921659544400, 0.04968262484573977200, 0.1000000000000000100 ) ) ;
#7186 = DIRECTION ( 'NONE',  ( 0.7549480637857761700, -0.6557845842851962600, 0.0000000000000000000 ) ) ;
#7187 = DIRECTION ( 'NONE',  ( -0.7071067811865455700, 0.7071067811865493500, 0.0000000000000000000 ) ) ;
#7188 = CARTESIAN_POINT ( 'NONE',  ( 5.754675921659735800, -0.3153173751542484600, 0.1000000000000000100 ) ) ;
#7189 = ORIENTED_EDGE ( 'NONE', *, *, #4436, .F. ) ;
#7190 = ADVANCED_FACE ( 'NONE', ( #10414 ), #9539, .T. ) ;
#7191 = CARTESIAN_POINT ( 'NONE',  ( 5.606983613967200200, 0.9096826248458013100, 0.1000000000000000100 ) ) ;
#7192 = FACE_OUTER_BOUND ( 'NONE', #2838, .T. ) ;
#7193 = ORIENTED_EDGE ( 'NONE', *, *, #1650, .F. ) ;
#7194 = FACE_OUTER_BOUND ( 'NONE', #7460, .T. ) ;
#7195 = EDGE_CURVE ( 'NONE', #1523, #3229, #3911, .T. ) ;
#7196 = AXIS2_PLACEMENT_3D ( 'NONE', #4708, #6337, #1495 ) ;
#7197 = CARTESIAN_POINT ( 'NONE',  ( 4.879675921659459600, 1.009682624845825900, 0.1000000000000000100 ) ) ;
#7198 = EDGE_CURVE ( 'NONE', #1179, #230, #1756, .T. ) ;
#7199 = DIRECTION ( 'NONE',  ( -0.0000000000000000000, -0.0000000000000000000, -1.000000000000000000 ) ) ;
#7200 = ORIENTED_EDGE ( 'NONE', *, *, #7015, .T. ) ;
#7201 = CARTESIAN_POINT ( 'NONE',  ( 4.879675921659395700, 0.8846826248462763600, 0.0000000000000000000 ) ) ;
#7202 = DIRECTION ( 'NONE',  ( 0.0000000000000000000, 0.0000000000000000000, -1.000000000000000000 ) ) ;
#7203 = DIRECTION ( 'NONE',  ( -0.0000000000000000000, -0.0000000000000000000, -1.000000000000000000 ) ) ;
#7204 = ADVANCED_FACE ( 'NONE', ( #4149 ), #3865, .T. ) ;
#7205 = AXIS2_PLACEMENT_3D ( 'NONE', #1466, #7118, #2273 ) ;
#7206 = EDGE_LOOP ( 'NONE', ( #2539, #10330, #6989, #3758, #71, #6968 ) ) ;
#7207 = PLANE ( 'NONE',  #9822 ) ;
#7208 = LINE ( 'NONE', #8849, #6936 ) ;
#7209 = FACE_OUTER_BOUND ( 'NONE', #854, .T. ) ;
#7210 = ORIENTED_EDGE ( 'NONE', *, *, #8243, .F. ) ;
#7211 = DIRECTION ( 'NONE',  ( -0.7071067811865444600, 0.7071067811865505700, 0.0000000000000000000 ) ) ;
#7212 = DIRECTION ( 'NONE',  ( 0.0000000000000000000, 0.0000000000000000000, 1.000000000000000000 ) ) ;
#7213 = DIRECTION ( 'NONE',  ( 1.000000000000000000, 0.0000000000000000000, 0.0000000000000000000 ) ) ;
#7214 = EDGE_CURVE ( 'NONE', #373, #10165, #3649, .T. ) ;
#7215 = AXIS2_PLACEMENT_3D ( 'NONE', #7815, #2963, #8652 ) ;
#7216 = EDGE_CURVE ( 'NONE', #6566, #3978, #1499, .T. ) ;
#7217 = VECTOR ( 'NONE', #4078, 1000.000000000000000 ) ;
#7218 = VERTEX_POINT ( 'NONE', #3826 ) ;
#7219 = DIRECTION ( 'NONE',  ( 0.0000000000000000000, 1.000000000000000000, 0.0000000000000000000 ) ) ;
#7220 = DIRECTION ( 'NONE',  ( 1.000000000000000000, 9.856383386270964100E-017, -0.0000000000000000000 ) ) ;
#7221 = ORIENTED_EDGE ( 'NONE', *, *, #3337, .F. ) ;
#7222 = EDGE_LOOP ( 'NONE', ( #4929, #9449, #1147, #5993, #3483, #650, #6458, #3682, #10585, #4707, #10538, #1177, #8099, #8504, #6732, #2541, #9603, #557, #10461, #7862 ) ) ;
#7223 = DIRECTION ( 'NONE',  ( -0.7071067811865474600, 0.7071067811865474600, 0.0000000000000000000 ) ) ;
#7224 = PLANE ( 'NONE',  #7160 ) ;
#7225 = DIRECTION ( 'NONE',  ( 1.000000000000000000, 0.0000000000000000000, 0.0000000000000000000 ) ) ;
#7226 = VECTOR ( 'NONE', #7583, 1000.000000000000000 ) ;
#7227 = CARTESIAN_POINT ( 'NONE',  ( 4.879675921659509400, 0.9596826248462082500, -0.1000000000000000100 ) ) ;
#7228 = VERTEX_POINT ( 'NONE', #7109 ) ;
#7229 = COLOUR_RGB ( '',0.7921568627450980000, 0.8196078431372548800, 0.9333333333333333500 ) ;
#7230 = EDGE_LOOP ( 'NONE', ( #7844, #2040, #1121, #267 ) ) ;
#7231 = EDGE_CURVE ( 'NONE', #10249, #6372, #3404, .T. ) ;
#7232 = ORIENTED_EDGE ( 'NONE', *, *, #1236, .T. ) ;
#7233 = DIRECTION ( 'NONE',  ( 0.8525082208477698900, 0.5227138159518744900, 0.0000000000000000000 ) ) ;
#7234 = DIRECTION ( 'NONE',  ( -1.000000000000000000, 0.0000000000000000000, 0.0000000000000000000 ) ) ;
#7235 = UNCERTAINTY_MEASURE_WITH_UNIT (LENGTH_MEASURE( 1.000000000000000100E-005 ), #5819, 'distance_accuracy_value', 'NONE');
#7236 = CARTESIAN_POINT ( 'NONE',  ( 4.704675921658918000, -0.2903173751535640400, 0.1000000000000000100 ) ) ;
#7237 = LINE ( 'NONE', #600, #758 ) ;
#7238 = AXIS2_PLACEMENT_3D ( 'NONE', #8565, #5256, #9384 ) ;
#7239 = VERTEX_POINT ( 'NONE', #10418 ) ;
#7241 = ORIENTED_EDGE ( 'NONE', *, *, #2964, .T. ) ;
#7240 = PLANE ( 'NONE',  #870 ) ;
#7242 = CARTESIAN_POINT ( 'NONE',  ( 4.754675921659438300, 1.159682624845901600, 0.0000000000000000000 ) ) ;
#7243 = ORIENTED_EDGE ( 'NONE', *, *, #5847, .F. ) ;
#7244 = DIRECTION ( 'NONE',  ( -0.0000000000000000000, -0.0000000000000000000, -1.000000000000000000 ) ) ;
#7245 = ADVANCED_FACE ( 'NONE', ( #9656 ), #5283, .F. ) ;
#7246 = AXIS2_PLACEMENT_3D ( 'NONE', #10454, #5547, #697 ) ;
#7247 = PLANE ( 'NONE',  #8430 ) ;
#7248 = CARTESIAN_POINT ( 'NONE',  ( 5.354675921659710600, 0.4646826248459103900, 0.0000000000000000000 ) ) ;
#7249 =( NAMED_UNIT ( * ) SI_UNIT ( $, .STERADIAN. ) SOLID_ANGLE_UNIT ( ) );
#7250 = EDGE_CURVE ( 'NONE', #9187, #6299, #9902, .T. ) ;
#7251 = CYLINDRICAL_SURFACE ( 'NONE', #1966, 0.07499999999993189900 ) ;
#7252 = VECTOR ( 'NONE', #6017, 1000.000000000000000 ) ;
#7253 = ORIENTED_EDGE ( 'NONE', *, *, #367, .F. ) ;
#7254 = ORIENTED_EDGE ( 'NONE', *, *, #4402, .T. ) ;
#7255 = EDGE_LOOP ( 'NONE', ( #4931, #912, #6752, #6379 ) ) ;
#7256 = DIRECTION ( 'NONE',  ( 1.000000000000000000, 0.0000000000000000000, 0.0000000000000000000 ) ) ;
#7257 = DIRECTION ( 'NONE',  ( 1.000000000000000000, 0.0000000000000000000, 0.0000000000000000000 ) ) ;
#7258 = ADVANCED_FACE ( 'NONE', ( #7458 ), #3894, .F. ) ;
#7259 = VECTOR ( 'NONE', #8245, 1000.000000000000000 ) ;
#7260 = CARTESIAN_POINT ( 'NONE',  ( 5.829675921660020200, -0.1153173751548607200, -0.1000000000000000100 ) ) ;
#7261 = EDGE_LOOP ( 'NONE', ( #1551, #663, #838, #2778 ) ) ;
#7262 = VECTOR ( 'NONE', #4058, 1000.000000000000000 ) ;
#7263 = CARTESIAN_POINT ( 'NONE',  ( 5.592411845529611900, 0.9975692227840496900, 0.1000000000000000100 ) ) ;
#7264 = AXIS2_PLACEMENT_3D ( 'NONE', #1861, #2545, #9098 ) ;
#7265 = ORIENTED_EDGE ( 'NONE', *, *, #293, .F. ) ;
#7266 = VERTEX_POINT ( 'NONE', #7155 ) ;
#7267 = ORIENTED_EDGE ( 'NONE', *, *, #7091, .F. ) ;
#7268 = CARTESIAN_POINT ( 'NONE',  ( 5.664169081836867300, 0.01968262484601956300, 0.1000000000000000100 ) ) ;
#7269 = ORIENTED_EDGE ( 'NONE', *, *, #1908, .T. ) ;
#7270 = CARTESIAN_POINT ( 'NONE',  ( 4.604675921659691100, 0.7096826248464361800, -0.1000000000000000100 ) ) ;
#7271 = ORIENTED_EDGE ( 'NONE', *, *, #9148, .F. ) ;
#7272 = LINE ( 'NONE', #10066, #270 ) ;
#7273 = CARTESIAN_POINT ( 'NONE',  ( 5.269675921659555200, 1.103366499252897800, 0.1000000000000000100 ) ) ;
#7274 = ORIENTED_EDGE ( 'NONE', *, *, #357, .F. ) ;
#7275 = CIRCLE ( 'NONE', #5745, 0.2500000000000002200 ) ;
#7276 = VECTOR ( 'NONE', #8687, 1000.000000000000000 ) ;
#7277 = CARTESIAN_POINT ( 'NONE',  ( 5.754675921660088500, -0.1153173751549743100, -0.1000000000000000100 ) ) ;
#7278 = ORIENTED_EDGE ( 'NONE', *, *, #4088, .F. ) ;
#7279 = DIRECTION ( 'NONE',  ( -2.114005981832989100E-015, -1.000000000000000000, 0.0000000000000000000 ) ) ;
#7280 = EDGE_LOOP ( 'NONE', ( #7766, #5183, #2438, #2411 ) ) ;
#7281 = VECTOR ( 'NONE', #7588, 1000.000000000000000 ) ;
#7282 = DIRECTION ( 'NONE',  ( -0.0000000000000000000, -0.0000000000000000000, -1.000000000000000000 ) ) ;
#7283 = CARTESIAN_POINT ( 'NONE',  ( 4.704675921658628500, 1.459682624844767000, 0.1000000000000000100 ) ) ;
#7284 = EDGE_CURVE ( 'NONE', #2153, #6666, #980, .T. ) ;
#7285 = LINE ( 'NONE', #4833, #5106 ) ;
#7286 = AXIS2_PLACEMENT_3D ( 'NONE', #4247, #5877, #1024 ) ;
#7287 = EDGE_CURVE ( 'NONE', #1875, #5086, #9395, .T. ) ;
#7288 = DIRECTION ( 'NONE',  ( 1.000000000000000000, -2.249719507909152500E-015, 0.0000000000000000000 ) ) ;
#7289 = FACE_OUTER_BOUND ( 'NONE', #5165, .T. ) ;
#7290 = ORIENTED_EDGE ( 'NONE', *, *, #10310, .T. ) ;
#7291 = CARTESIAN_POINT ( 'NONE',  ( 5.354675921659710600, 0.8346826248458012500, 0.1000000000000000100 ) ) ;
#7292 = ORIENTED_EDGE ( 'NONE', *, *, #5057, .F. ) ;
#7293 = CIRCLE ( 'NONE', #4337, 0.07499999999993189900 ) ;
#7294 = CARTESIAN_POINT ( 'NONE',  ( 4.754675921659554700, 0.1596826248457989800, 0.1000000000000000100 ) ) ;
#7295 = VECTOR ( 'NONE', #8009, 999.9999999999998900 ) ;
#7296 = CARTESIAN_POINT ( 'NONE',  ( 5.304675921659710800, 0.7846826248458012000, 0.0000000000000000000 ) ) ;
#7297 = DIRECTION ( 'NONE',  ( -0.0000000000000000000, -0.0000000000000000000, -1.000000000000000000 ) ) ;
#7298 = LINE ( 'NONE', #845, #5120 ) ;
#7299 = ORIENTED_EDGE ( 'NONE', *, *, #8958, .T. ) ;
#7300 = EDGE_CURVE ( 'NONE', #232, #1442, #3154, .T. ) ;
#7301 = EDGE_CURVE ( 'NONE', #7512, #4338, #7208, .T. ) ;
#7302 = ORIENTED_EDGE ( 'NONE', *, *, #7066, .F. ) ;
#7303 = LINE ( 'NONE', #7294, #9228 ) ;
#7304 = CARTESIAN_POINT ( 'NONE',  ( 5.979675921659509900, 1.484682624845741400, 0.1000000000000000100 ) ) ;
#7305 = PLANE ( 'NONE',  #507 ) ;
#7306 = FACE_OUTER_BOUND ( 'NONE', #5369, .T. ) ;
#7307 = AXIS2_PLACEMENT_3D ( 'NONE', #213, #5888, #1043 ) ;
#7308 = CARTESIAN_POINT ( 'NONE',  ( 5.154675921659472400, 0.7207828955904754800, 0.1000000000000000100 ) ) ;
#7309 = DIRECTION ( 'NONE',  ( -0.4705882352953469900, -0.8823529411758149800, 0.0000000000000000000 ) ) ;
#7310 = CARTESIAN_POINT ( 'NONE',  ( 4.879675921659509400, 0.9596826248462082500, 0.0000000000000000000 ) ) ;
#7311 = EDGE_CURVE ( 'NONE', #1257, #969, #2897, .T. ) ;
#7312 = ORIENTED_EDGE ( 'NONE', *, *, #8444, .T. ) ;
#7313 = EDGE_CURVE ( 'NONE', #687, #3089, #9132, .T. ) ;
#7314 = VERTEX_POINT ( 'NONE', #4767 ) ;
#7315 = LINE ( 'NONE', #432, #5136 ) ;
#7316 = ADVANCED_FACE ( 'NONE', ( #4784, #4533 ), #8886, .T. ) ;
#7317 = CARTESIAN_POINT ( 'NONE',  ( 5.354675921659712400, 0.04468262484602120900, 0.1000000000000000100 ) ) ;
#7318 = DIRECTION ( 'NONE',  ( -0.7036284662064633500, 0.7105680696062410800, 0.0000000000000000000 ) ) ;
#7319 = ORIENTED_EDGE ( 'NONE', *, *, #4223, .F. ) ;
#7320 = CARTESIAN_POINT ( 'NONE',  ( 5.018646509894665500, 0.6055649777869399600, 0.1000000000000000100 ) ) ;
#7321 = VECTOR ( 'NONE', #1899, 1000.000000000000000 ) ;
#7322 = DIRECTION ( 'NONE',  ( 1.000000000000000000, -2.668805347655082700E-015, -0.0000000000000000000 ) ) ;
#7323 = EDGE_LOOP ( 'NONE', ( #6924, #9538, #5838, #8128 ) ) ;
#7324 = VECTOR ( 'NONE', #4682, 1000.000000000000000 ) ;
#7325 = AXIS2_PLACEMENT_3D ( 'NONE', #1033, #4604, #1175 ) ;
#7326 = CARTESIAN_POINT ( 'NONE',  ( 4.879675921659111500, 0.7846826248466516300, -0.1000000000000000100 ) ) ;
#7327 = VECTOR ( 'NONE', #7855, 1000.000000000000000 ) ;
#7328 = CARTESIAN_POINT ( 'NONE',  ( 4.704675921659895000, 0.4596826248462082000, 0.1000000000000000100 ) ) ;
#7329 = DIRECTION ( 'NONE',  ( 0.0000000000000000000, -1.000000000000000000, 0.0000000000000000000 ) ) ;
#7330 = ORIENTED_EDGE ( 'NONE', *, *, #765, .F. ) ;
#7331 = LINE ( 'NONE', #4980, #5150 ) ;
#7332 = DIRECTION ( 'NONE',  ( 0.7036284662064633500, -0.7105680696062410800, 0.0000000000000000000 ) ) ;
#7333 = AXIS2_PLACEMENT_3D ( 'NONE', #6335, #1492, #7162 ) ;
#7334 = VECTOR ( 'NONE', #147, 1000.000000000000000 ) ;
#7335 = ORIENTED_EDGE ( 'NONE', *, *, #914, .F. ) ;
#7336 = CARTESIAN_POINT ( 'NONE',  ( 6.104675921659724800, -0.4153173751542453800, -0.1000000000000000100 ) ) ;
#7337 = DIRECTION ( 'NONE',  ( 0.0000000000000000000, 0.0000000000000000000, 1.000000000000000000 ) ) ;
#7338 = CARTESIAN_POINT ( 'NONE',  ( 4.754675921659554700, 0.5096826248458685700, 0.1000000000000000100 ) ) ;
#7339 = EDGE_CURVE ( 'NONE', #2235, #910, #6680, .T. ) ;
#7340 = EDGE_LOOP ( 'NONE', ( #353, #7243, #8545, #10531, #8471, #4786 ) ) ;
#7341 = CARTESIAN_POINT ( 'NONE',  ( 5.304675921659713500, -0.05180946618659623000, 0.0000000000000000000 ) ) ;
#7342 = LINE ( 'NONE', #1137, #9268 ) ;
#7343 = PLANE ( 'NONE',  #3197 ) ;
#7344 = ORIENTED_EDGE ( 'NONE', *, *, #8731, .T. ) ;
#7345 = DIRECTION ( 'NONE',  ( -0.7164239184887111200, 0.6976652270374957800, -0.0000000000000000000 ) ) ;
#7346 = AXIS2_PLACEMENT_3D ( 'NONE', #2197, #10349, #5437 ) ;
#7347 = DIRECTION ( 'NONE',  ( 0.0000000000000000000, 0.0000000000000000000, 1.000000000000000000 ) ) ;
#7348 = CARTESIAN_POINT ( 'NONE',  ( 5.829675921660020200, 0.3846826248451393200, -0.1000000000000000100 ) ) ;
#7349 = CARTESIAN_POINT ( 'NONE',  ( 5.042175921659434400, 0.6496826248457302500, 0.1000000000000000100 ) ) ;
#7350 = CYLINDRICAL_SURFACE ( 'NONE', #4751, 0.04999999999999969700 ) ;
#7351 = CARTESIAN_POINT ( 'NONE',  ( 4.704675921659936800, 0.9596826248462082500, 0.1000000000000000100 ) ) ;
#7352 = EDGE_LOOP ( 'NONE', ( #4930, #6469, #239, #3201, #4468, #3508 ) ) ;
#7353 = ORIENTED_EDGE ( 'NONE', *, *, #6237, .T. ) ;
#7354 = ORIENTED_EDGE ( 'NONE', *, *, #8625, .F. ) ;
#7355 = ORIENTED_EDGE ( 'NONE', *, *, #6780, .T. ) ;
#7356 = EDGE_CURVE ( 'NONE', #4321, #8724, #2396, .T. ) ;
#7357 = EDGE_CURVE ( 'NONE', #6630, #4879, #2644, .T. ) ;
#7358 = CARTESIAN_POINT ( 'NONE',  ( 5.104675921659546300, 0.04968262484573999400, 0.0000000000000000000 ) ) ;
#7359 = CYLINDRICAL_SURFACE ( 'NONE', #2651, 0.04999999999999969700 ) ;
#7360 = CARTESIAN_POINT ( 'NONE',  ( 5.754675921660088500, 0.8846826248450256900, -0.1000000000000000100 ) ) ;
#7361 = ADVANCED_FACE ( 'NONE', ( #208 ), #5621, .F. ) ;
#7362 = CIRCLE ( 'NONE', #8901, 0.07499999999993189900 ) ;
#7363 = ORIENTED_EDGE ( 'NONE', *, *, #3370, .T. ) ;
#7364 = VERTEX_POINT ( 'NONE', #9756 ) ;
#7365 = AXIS2_PLACEMENT_3D ( 'NONE', #2781, #3576, #9274 ) ;
#7366 = VERTEX_POINT ( 'NONE', #2449 ) ;
#7367 = DIRECTION ( 'NONE',  ( -0.7071067811865455700, 0.7071067811865493500, 0.0000000000000000000 ) ) ;
#7368 = CARTESIAN_POINT ( 'NONE',  ( 5.829675921660020200, 1.284682624846353200, -0.1000000000000000100 ) ) ;
#7369 = CARTESIAN_POINT ( 'NONE',  ( 4.879675921658599900, 0.7096826248464360700, -0.1000000000000000100 ) ) ;
#7370 = EDGE_CURVE ( 'NONE', #8443, #1526, #10546, .T. ) ;
#7371 = FACE_OUTER_BOUND ( 'NONE', #10428, .T. ) ;
#7372 = EDGE_CURVE ( 'NONE', #4165, #3322, #4273, .T. ) ;
#7373 = LINE ( 'NONE', #7830, #3060 ) ;
#7374 = DIRECTION ( 'NONE',  ( -0.7071067811865475700, -0.7071067811865475700, 0.0000000000000000000 ) ) ;
#7375 = ORIENTED_EDGE ( 'NONE', *, *, #1666, .F. ) ;
#7376 = ORIENTED_EDGE ( 'NONE', *, *, #3095, .T. ) ;
#7377 = VERTEX_POINT ( 'NONE', #5684 ) ;
#7378 = FILL_AREA_STYLE ('',( #8199 ) ) ;
#7379 = ORIENTED_EDGE ( 'NONE', *, *, #3356, .T. ) ;
#7380 = LINE ( 'NONE', #3396, #3068 ) ;
#7381 = FACE_OUTER_BOUND ( 'NONE', #9341, .T. ) ;
#7382 = DIRECTION ( 'NONE',  ( -0.0000000000000000000, 1.000000000000000000, -0.0000000000000000000 ) ) ;
#7383 = CARTESIAN_POINT ( 'NONE',  ( 6.104675921659724800, 0.9596826248450711600, 0.1000000000000000500 ) ) ;
#7384 = LINE ( 'NONE', #7434, #1165 ) ;
#7385 = ORIENTED_EDGE ( 'NONE', *, *, #9013, .F. ) ;
#7386 = VERTEX_POINT ( 'NONE', #8121 ) ;
#7387 = ORIENTED_EDGE ( 'NONE', *, *, #6190, .T. ) ;
#7388 = CARTESIAN_POINT ( 'NONE',  ( 4.729675921659755000, 1.484682624845893300, 0.0000000000000000000 ) ) ;
#7389 = AXIS2_PLACEMENT_3D ( 'NONE', #2185, #9527, #4622 ) ;
#7390 = DIRECTION ( 'NONE',  ( 0.0000000000000000000, 0.0000000000000000000, 1.000000000000000000 ) ) ;
#7391 = CARTESIAN_POINT ( 'NONE',  ( 5.954675921659633900, 1.159682624845749900, 0.0000000000000000000 ) ) ;
#7392 = EDGE_CURVE ( 'NONE', #10492, #8510, #4033, .T. ) ;
#7393 = FACE_OUTER_BOUND ( 'NONE', #4601, .T. ) ;
#7394 = VERTEX_POINT ( 'NONE', #6510 ) ;
#7395 = VECTOR ( 'NONE', #7899, 1000.000000000000000 ) ;
#7397 = ORIENTED_EDGE ( 'NONE', *, *, #2874, .F. ) ;
#7396 = PLANE ( 'NONE',  #1288 ) ;
#7398 = ORIENTED_EDGE ( 'NONE', *, *, #8297, .T. ) ;
#7399 = ORIENTED_EDGE ( 'NONE', *, *, #9080, .F. ) ;
#7400 = DIRECTION ( 'NONE',  ( 1.000000000000000000, 1.971276677254192800E-016, -0.0000000000000000000 ) ) ;
#7401 = ORIENTED_EDGE ( 'NONE', *, *, #8191, .T. ) ;
#7402 = PLANE ( 'NONE',  #4686 ) ;
#7403 = VECTOR ( 'NONE', #10320, 1000.000000000000000 ) ;
#7404 = EDGE_CURVE ( 'NONE', #1865, #2824, #2137, .T. ) ;
#7405 = PLANE ( 'NONE',  #433 ) ;
#7406 = ORIENTED_EDGE ( 'NONE', *, *, #1952, .F. ) ;
#7407 = PLANE ( 'NONE',  #6032 ) ;
#7408 = LINE ( 'NONE', #5898, #5227 ) ;
#7409 = CIRCLE ( 'NONE', #7847, 0.04999999999999969700 ) ;
#7410 = DIRECTION ( 'NONE',  ( -1.000000000000000000, 3.942553354495353700E-016, 0.0000000000000000000 ) ) ;
#7411 = ORIENTED_EDGE ( 'NONE', *, *, #5732, .T. ) ;
#7412 = AXIS2_PLACEMENT_3D ( 'NONE', #9107, #6656, #4246 ) ;
#7413 = CARTESIAN_POINT ( 'NONE',  ( 5.104675921659470800, 0.6496826248457312500, 0.1000000000000000100 ) ) ;
#7414 = ORIENTED_EDGE ( 'NONE', *, *, #8519, .F. ) ;
#7415 = FACE_OUTER_BOUND ( 'NONE', #1934, .T. ) ;
#7416 = DIRECTION ( 'NONE',  ( -0.0000000000000000000, -1.000000000000000000, -0.0000000000000000000 ) ) ;
#7417 = DIRECTION ( 'NONE',  ( 1.000000000000000000, -2.668805347655082700E-015, -0.0000000000000000000 ) ) ;
#7418 = VECTOR ( 'NONE', #9910, 1000.000000000000100 ) ;
#7419 = DIRECTION ( 'NONE',  ( -0.0000000000000000000, -0.0000000000000000000, -1.000000000000000000 ) ) ;
#7420 = LINE ( 'NONE', #8375, #5239 ) ;
#7421 = ORIENTED_EDGE ( 'NONE', *, *, #604, .F. ) ;
#7422 = ADVANCED_FACE ( 'NONE', ( #8102 ), #9788, .T. ) ;
#7423 = PLANE ( 'NONE',  #5212 ) ;
#7424 = DIRECTION ( 'NONE',  ( 0.0000000000000000000, 0.0000000000000000000, 1.000000000000000000 ) ) ;
#7425 = ORIENTED_EDGE ( 'NONE', *, *, #10342, .T. ) ;
#7426 = VECTOR ( 'NONE', #9229, 1000.000000000000000 ) ;
#7427 = EDGE_CURVE ( 'NONE', #9250, #1205, #5922, .T. ) ;
#7428 = AXIS2_PLACEMENT_3D ( 'NONE', #216, #5891, #1046 ) ;
#7429 = EDGE_CURVE ( 'NONE', #5710, #5421, #3778, .T. ) ;
#7430 = VECTOR ( 'NONE', #6898, 1000.000000000000000 ) ;
#7431 = LINE ( 'NONE', #7824, #9364 ) ;
#7432 = DIRECTION ( 'NONE',  ( -1.000000000000000000, 0.0000000000000000000, 0.0000000000000000000 ) ) ;
#7433 = DIRECTION ( 'NONE',  ( -1.000000000000000000, 0.0000000000000000000, 0.0000000000000000000 ) ) ;
#7434 = CARTESIAN_POINT ( 'NONE',  ( 4.754675921659438300, 1.159682624845901600, 0.1000000000000000100 ) ) ;
#7435 = LINE ( 'NONE', #4743, #3124 ) ;
#7436 = DIRECTION ( 'NONE',  ( 1.000000000000000000, 0.0000000000000000000, -0.0000000000000000000 ) ) ;
#7437 = EDGE_CURVE ( 'NONE', #7127, #3598, #10285, .T. ) ;
#7438 = DIRECTION ( 'NONE',  ( 1.000000000000000000, 0.0000000000000000000, 0.0000000000000000000 ) ) ;
#7439 = ORIENTED_EDGE ( 'NONE', *, *, #5550, .F. ) ;
#7440 = FILL_AREA_STYLE_COLOUR ( '', #852 ) ;
#7441 = CARTESIAN_POINT ( 'NONE',  ( 6.004675921659183400, 0.2096826248452988400, 0.1000000000000000100 ) ) ;
#7442 = CIRCLE ( 'NONE', #4066, 0.07499999999999953900 ) ;
#7443 = ORIENTED_EDGE ( 'NONE', *, *, #509, .T. ) ;
#7444 = AXIS2_PLACEMENT_3D ( 'NONE', #1708, #3335, #4134 ) ;
#7445 = LINE ( 'NONE', #6495, #3386 ) ;
#7446 = PLANE ( 'NONE',  #2641 ) ;
#7447 = PLANE ( 'NONE',  #7683 ) ;
#7448 = ORIENTED_EDGE ( 'NONE', *, *, #4630, .F. ) ;
#7449 = CARTESIAN_POINT ( 'NONE',  ( 4.879675921659111500, -0.2153173751533484500, -0.1000000000000000100 ) ) ;
#7450 = EDGE_CURVE ( 'NONE', #5023, #6484, #6174, .T. ) ;
#7451 = EDGE_CURVE ( 'NONE', #5049, #4464, #10024, .T. ) ;
#7452 = ORIENTED_EDGE ( 'NONE', *, *, #8564, .F. ) ;
#7453 = CARTESIAN_POINT ( 'NONE',  ( 6.004675921659153200, 0.7096826248452987600, 0.1000000000000000100 ) ) ;
#7454 = LINE ( 'NONE', #5144, #5274 ) ;
#7455 = ORIENTED_EDGE ( 'NONE', *, *, #4780, .F. ) ;
#7456 = CARTESIAN_POINT ( 'NONE',  ( 4.879675921659395700, 0.3846826248462763000, 0.0000000000000000000 ) ) ;
#7457 = VERTEX_POINT ( 'NONE', #2544 ) ;
#7458 = FACE_OUTER_BOUND ( 'NONE', #5083, .T. ) ;
#7459 = LINE ( 'NONE', #2300, #2898 ) ;
#7460 = EDGE_LOOP ( 'NONE', ( #7134, #7516, #994, #4945, #2398, #3888 ) ) ;
#7461 = CARTESIAN_POINT ( 'NONE',  ( 5.979675921659509900, -0.3153173751542490100, 0.0000000000000000000 ) ) ;
#7462 = CARTESIAN_POINT ( 'NONE',  ( 5.754675921660088500, -0.1153173751549743100, -0.1000000000000000100 ) ) ;
#7463 = CARTESIAN_POINT ( 'NONE',  ( 4.704675921658918000, -0.2903173751535640400, 0.0000000000000000000 ) ) ;
#7464 = ADVANCED_FACE ( 'NONE', ( #7581 ), #7407, .F. ) ;
#7465 = CARTESIAN_POINT ( 'NONE',  ( 4.954675921659530000, 1.484682624845893300, 0.0000000000000000000 ) ) ;
#7466 = DIRECTION ( 'NONE',  ( -0.0000000000000000000, -0.0000000000000000000, -1.000000000000000000 ) ) ;
#7467 = DIRECTION ( 'NONE',  ( 1.000000000000000000, 0.0000000000000000000, 0.0000000000000000000 ) ) ;
#7468 = LINE ( 'NONE', #4864, #5292 ) ;
#7469 = CARTESIAN_POINT ( 'NONE',  ( 5.354675921659710600, 0.4646826248459103900, 0.1000000000000000100 ) ) ;
#7470 = VERTEX_POINT ( 'NONE', #6571 ) ;
#7471 = ORIENTED_EDGE ( 'NONE', *, *, #6092, .T. ) ;
#7472 = ORIENTED_EDGE ( 'NONE', *, *, #4222, .F. ) ;
#7473 = DIRECTION ( 'NONE',  ( 1.000000000000000000, 0.0000000000000000000, 0.0000000000000000000 ) ) ;
#7474 = CARTESIAN_POINT ( 'NONE',  ( 4.879675921659459600, 0.5096826248458689000, 0.1000000000000000100 ) ) ;
#7475 = CARTESIAN_POINT ( 'NONE',  ( 4.729675921659755000, -0.3153173751544010000, 0.1000000000000000100 ) ) ;
#7476 = CARTESIAN_POINT ( 'NONE',  ( 5.148821372569150500, 0.9846826248460804900, 0.1000000000000000100 ) ) ;
#7477 = EDGE_CURVE ( 'NONE', #7394, #8069, #5409, .T. ) ;
#7478 = AXIS2_PLACEMENT_3D ( 'NONE', #7810, #5386, #530 ) ;
#7479 = CARTESIAN_POINT ( 'NONE',  ( 5.014431958356886400, 0.09230803588812726300, 0.1000000000000000100 ) ) ;
#7480 = FACE_OUTER_BOUND ( 'NONE', #5344, .T. ) ;
#7481 = ORIENTED_EDGE ( 'NONE', *, *, #9573, .T. ) ;
#7482 = VECTOR ( 'NONE', #975, 1000.000000000000000 ) ;
#7484 = ORIENTED_EDGE ( 'NONE', *, *, #9104, .F. ) ;
#7483 = DIRECTION ( 'NONE',  ( 0.0000000000000000000, -0.0000000000000000000, 1.000000000000000000 ) ) ;
#7485 = DIRECTION ( 'NONE',  ( 1.262831698822006900E-014, -1.000000000000000000, 0.0000000000000000000 ) ) ;
#7486 = ORIENTED_EDGE ( 'NONE', *, *, #8956, .F. ) ;
#7487 = ORIENTED_EDGE ( 'NONE', *, *, #1333, .T. ) ;
#7488 = VECTOR ( 'NONE', #6232, 1000.000000000000000 ) ;
#7489 = ORIENTED_EDGE ( 'NONE', *, *, #6147, .F. ) ;
#7490 = VERTEX_POINT ( 'NONE', #110 ) ;
#7491 = VERTEX_POINT ( 'NONE', #72 ) ;
#7492 = EDGE_CURVE ( 'NONE', #621, #1388, #7331, .T. ) ;
#7493 = EDGE_CURVE ( 'NONE', #5182, #4204, #3277, .T. ) ;
#7494 = MANIFOLD_SOLID_BREP ( '切除-拉伸1', #2386 ) ;
#7495 = CARTESIAN_POINT ( 'NONE',  ( 5.742751042523171800, 0.2344037053588794400, 0.1000000000000000100 ) ) ;
#7496 = FACE_OUTER_BOUND ( 'NONE', #9648, .T. ) ;
#7497 = PLANE ( 'NONE',  #8362 ) ;
#7498 = ORIENTED_EDGE ( 'NONE', *, *, #8667, .T. ) ;
#7499 = FACE_OUTER_BOUND ( 'NONE', #10259, .T. ) ;
#7500 = AXIS2_PLACEMENT_3D ( 'NONE', #2346, #8001, #3150 ) ;
#7501 = VERTEX_POINT ( 'NONE', #4195 ) ;
#7502 = ORIENTED_EDGE ( 'NONE', *, *, #425, .T. ) ;
#7503 = VERTEX_POINT ( 'NONE', #1766 ) ;
#7504 = CARTESIAN_POINT ( 'NONE',  ( 4.704675921658918000, 0.2096826248464359600, 0.1000000000000000100 ) ) ;
#7505 = DIRECTION ( 'NONE',  ( -0.0000000000000000000, -0.0000000000000000000, 1.000000000000000000 ) ) ;
#7506 = ADVANCED_FACE ( 'NONE', ( #4395 ), #8480, .F. ) ;
#7507 = CARTESIAN_POINT ( 'NONE',  ( 5.829675921660816900, 1.459682624846193600, -0.1000000000000000100 ) ) ;
#7508 = EDGE_CURVE ( 'NONE', #8448, #2574, #1113, .T. ) ;
#7509 = EDGE_CURVE ( 'NONE', #797, #1015, #68, .T. ) ;
#7510 = CIRCLE ( 'NONE', #4534, 0.07500000000021551900 ) ;
#7511 = VERTEX_POINT ( 'NONE', #4233 ) ;
#7512 = VERTEX_POINT ( 'NONE', #1009 ) ;
#7513 = DIRECTION ( 'NONE',  ( 1.000000000000000000, 2.168404344971021900E-015, 0.0000000000000000000 ) ) ;
#7514 = ORIENTED_EDGE ( 'NONE', *, *, #6829, .T. ) ;
#7515 = VERTEX_POINT ( 'NONE', #2653 ) ;
#7516 = ORIENTED_EDGE ( 'NONE', *, *, #3624, .F. ) ;
#7517 = DIRECTION ( 'NONE',  ( 0.0000000000000000000, 0.0000000000000000000, 1.000000000000000000 ) ) ;
#7518 = ADVANCED_FACE ( 'NONE', ( #1996 ), #9128, .F. ) ;
#7519 = ORIENTED_EDGE ( 'NONE', *, *, #4236, .F. ) ;
#7520 = LINE ( 'NONE', #1712, #7773 ) ;
#7521 = ORIENTED_EDGE ( 'NONE', *, *, #4422, .T. ) ;
#7522 = DIRECTION ( 'NONE',  ( 1.000000000000000000, -3.330370134191279000E-016, 0.0000000000000000000 ) ) ;
#7523 = VECTOR ( 'NONE', #3746, 1000.000000000000000 ) ;
#7524 = LINE ( 'NONE', #7813, #5613 ) ;
#7525 = AXIS2_PLACEMENT_3D ( 'NONE', #9353, #3151, #861 ) ;
#7526 = CARTESIAN_POINT ( 'NONE',  ( 4.604675921659691100, 1.584682624845752000, -0.1000000000000000100 ) ) ;
#7527 = EDGE_LOOP ( 'NONE', ( #8647, #9201, #159, #1703 ) ) ;
#7528 = CARTESIAN_POINT ( 'NONE',  ( 5.354675921659711500, 0.2446826248459105500, 0.0000000000000000000 ) ) ;
#7529 = DIRECTION ( 'NONE',  ( -0.0000000000000000000, -0.0000000000000000000, -1.000000000000000000 ) ) ;
#7530 = EDGE_LOOP ( 'NONE', ( #2704, #4429 ) ) ;
#7531 = VECTOR ( 'NONE', #8387, 1000.000000000000000 ) ;
#7532 = DIRECTION ( 'NONE',  ( -1.039665590236428300E-015, -1.000000000000000000, 0.0000000000000000000 ) ) ;
#7533 = FACE_OUTER_BOUND ( 'NONE', #8676, .T. ) ;
#7534 = CARTESIAN_POINT ( 'NONE',  ( 5.154675921659472400, 0.7207828955904754800, 0.1000000000000000100 ) ) ;
#7535 = ORIENTED_EDGE ( 'NONE', *, *, #9362, .F. ) ;
#7536 = PRODUCT_DEFINITION_SHAPE ( 'NONE', 'NONE',  #6486 ) ;
#7537 = CARTESIAN_POINT ( 'NONE',  ( 4.754675921659554700, 0.5096826248458685700, 0.0000000000000000000 ) ) ;
#7538 = EDGE_CURVE ( 'NONE', #4040, #9982, #6295, .T. ) ;
#7539 = VERTEX_POINT ( 'NONE', #5895 ) ;
#7540 = EDGE_CURVE ( 'NONE', #3527, #396, #3901, .T. ) ;
#7541 = VECTOR ( 'NONE', #6305, 1000.000000000000000 ) ;
#7542 = VERTEX_POINT ( 'NONE', #1050 ) ;
#7543 = DIRECTION ( 'NONE',  ( -0.0000000000000000000, -0.0000000000000000000, -1.000000000000000000 ) ) ;
#7544 = LINE ( 'NONE', #9612, #5376 ) ;
#7545 = VECTOR ( 'NONE', #3270, 1000.000000000000000 ) ;
#7546 = ORIENTED_EDGE ( 'NONE', *, *, #9346, .T. ) ;
#7547 = AXIS2_PLACEMENT_3D ( 'NONE', #9827, #4135, #9865 ) ;
#7548 = CARTESIAN_POINT ( 'NONE',  ( 5.754675921660088500, -0.1153173751549743100, -0.1000000000000000100 ) ) ;
#7549 = VERTEX_POINT ( 'NONE', #218 ) ;
#7550 = VECTOR ( 'NONE', #3256, 1000.000000000000000 ) ;
#7551 = CARTESIAN_POINT ( 'NONE',  ( 4.729675921659755000, -0.3153173751544010000, 0.1000000000000000100 ) ) ;
#7552 = LINE ( 'NONE', #9069, #9759 ) ;
#7553 = CARTESIAN_POINT ( 'NONE',  ( 4.704675921660040700, 1.209682624845298500, 0.1000000000000000100 ) ) ;
#7554 = CARTESIAN_POINT ( 'NONE',  ( 5.680225974296362800, 0.4646826248459103300, 0.1000000000000000100 ) ) ;
#7555 = CARTESIAN_POINT ( 'NONE',  ( 5.489675921659711300, 1.034682624845928400, 0.1000000000000000100 ) ) ;
#7556 = EDGE_CURVE ( 'NONE', #5778, #2679, #8219, .T. ) ;
#7557 = ADVANCED_FACE ( 'NONE', ( #6035 ), #3641, .T. ) ;
#7558 = EDGE_CURVE ( 'NONE', #2257, #6873, #7964, .T. ) ;
#7559 = CARTESIAN_POINT ( 'NONE',  ( 5.954675921659633900, 0.5096826248458022900, 0.0000000000000000000 ) ) ;
#7560 = EDGE_LOOP ( 'NONE', ( #3822, #10339, #5645, #8223 ) ) ;
#7561 = VERTEX_POINT ( 'NONE', #6741 ) ;
#7562 = LINE ( 'NONE', #8536, #1090 ) ;
#7563 = DIRECTION ( 'NONE',  ( 0.0000000000000000000, -0.0000000000000000000, 1.000000000000000000 ) ) ;
#7564 = CARTESIAN_POINT ( 'NONE',  ( 5.606983613967200200, 0.9096826248458013100, 0.1000000000000000100 ) ) ;
#7565 = AXIS2_PLACEMENT_3D ( 'NONE', #4860, #10568, #5661 ) ;
#7566 = ORIENTED_EDGE ( 'NONE', *, *, #8110, .F. ) ;
#7567 = CARTESIAN_POINT ( 'NONE',  ( 5.558906690890459900, 0.9846826248459265000, 0.1000000000000000100 ) ) ;
#7568 = DIRECTION ( 'NONE',  ( -0.0000000000000000000, -0.0000000000000000000, -1.000000000000000000 ) ) ;
#7569 = LINE ( 'NONE', #1106, #7048 ) ;
#7570 = ADVANCED_FACE ( 'NONE', ( #1749 ), #9234, .T. ) ;
#7571 = EDGE_CURVE ( 'NONE', #4450, #6481, #7702, .T. ) ;
#7572 = PLANE ( 'NONE',  #134 ) ;
#7573 = EDGE_LOOP ( 'NONE', ( #2746, #6368, #3809, #7254 ) ) ;
#7574 = EDGE_CURVE ( 'NONE', #5421, #7491, #5783, .T. ) ;
#7575 = VECTOR ( 'NONE', #7095, 1000.000000000000000 ) ;
#7576 = DIRECTION ( 'NONE',  ( -0.0000000000000000000, -0.0000000000000000000, -1.000000000000000000 ) ) ;
#7577 = LINE ( 'NONE', #6205, #5407 ) ;
#7578 = PRODUCT_RELATED_PRODUCT_CATEGORY ( 'part', '', ( #6688 ) ) ;
#7580 = VERTEX_POINT ( 'NONE', #298 ) ;
#7579 = CARTESIAN_POINT ( 'NONE',  ( 5.145520508521533600, -0.04502994241201670200, 0.0000000000000000000 ) ) ;
#7581 = FACE_OUTER_BOUND ( 'NONE', #8182, .T. ) ;
#7582 = FACE_OUTER_BOUND ( 'NONE', #9743, .T. ) ;
#7583 = DIRECTION ( 'NONE',  ( -0.0000000000000000000, -0.0000000000000000000, -1.000000000000000000 ) ) ;
#7584 = VERTEX_POINT ( 'NONE', #1941 ) ;
#7585 = AXIS2_PLACEMENT_3D ( 'NONE', #5967, #1125, #6782 ) ;
#7586 = EDGE_CURVE ( 'NONE', #7366, #10092, #7454, .T. ) ;
#7587 = DIRECTION ( 'NONE',  ( -1.000000000000000000, 3.942553354495353700E-016, 0.0000000000000000000 ) ) ;
#7588 = DIRECTION ( 'NONE',  ( -0.0000000000000000000, 1.000000000000000000, -0.0000000000000000000 ) ) ;
#7589 = PLANE ( 'NONE',  #10028 ) ;
#7590 = CARTESIAN_POINT ( 'NONE',  ( 4.879675921659534200, 0.009682624845666513300, 0.0000000000000000000 ) ) ;
#7591 = ORIENTED_EDGE ( 'NONE', *, *, #5914, .T. ) ;
#7592 = FILL_AREA_STYLE_COLOUR ( '', #4699 ) ;
#7593 = LINE ( 'NONE', #10069, #3028 ) ;
#7594 = DIRECTION ( 'NONE',  ( 1.000000000000000000, 0.0000000000000000000, 0.0000000000000000000 ) ) ;
#7595 = DIRECTION ( 'NONE',  ( -0.0000000000000000000, 1.000000000000000000, -0.0000000000000000000 ) ) ;
#7596 = ORIENTED_EDGE ( 'NONE', *, *, #7451, .T. ) ;
#7597 = CARTESIAN_POINT ( 'NONE',  ( 5.829675921659729800, 0.6596826248457794400, 0.1000000000000000100 ) ) ;
#7598 = CARTESIAN_POINT ( 'NONE',  ( 4.604675921659691100, 1.584682624845752000, -0.1000000000000000100 ) ) ;
#7599 = CARTESIAN_POINT ( 'NONE',  ( 5.954675921659633900, 0.1596826248457502400, 0.0000000000000000000 ) ) ;
#7600 = ORIENTED_EDGE ( 'NONE', *, *, #18, .T. ) ;
#7601 = PLANE ( 'NONE',  #8368 ) ;
#7602 = VECTOR ( 'NONE', #354, 1000.000000000000000 ) ;
#7603 = ORIENTED_EDGE ( 'NONE', *, *, #3917, .T. ) ;
#7604 = CARTESIAN_POINT ( 'NONE',  ( 5.829675921660020200, 1.284682624846353200, -0.1000000000000000100 ) ) ;
#7605 = ORIENTED_EDGE ( 'NONE', *, *, #9918, .T. ) ;
#7606 = ORIENTED_EDGE ( 'NONE', *, *, #5253, .T. ) ;
#7607 = CARTESIAN_POINT ( 'NONE',  ( 4.917175921659649300, 0.6596826248457984300, 0.0000000000000000000 ) ) ;
#7608 = DIRECTION ( 'NONE',  ( -1.000000000000000000, 2.032879073400547300E-016, -0.0000000000000000000 ) ) ;
#7609 = CARTESIAN_POINT ( 'NONE',  ( 6.104675921659724800, -0.04031737515492882200, -0.1000000000000000100 ) ) ;
#7610 = LINE ( 'NONE', #48, #1141 ) ;
#7611 = CARTESIAN_POINT ( 'NONE',  ( 5.104675921659473500, 0.7207828955904757000, 0.0000000000000000000 ) ) ;
#7612 = VECTOR ( 'NONE', #2307, 1000.000000000000000 ) ;
#7613 = CARTESIAN_POINT ( 'NONE',  ( 6.004675921660368200, 0.9596826248450711600, 0.0000000000000000000 ) ) ;
#7614 = VERTEX_POINT ( 'NONE', #9267 ) ;
#7615 = ORIENTED_EDGE ( 'NONE', *, *, #2846, .T. ) ;
#7616 = ORIENTED_EDGE ( 'NONE', *, *, #857, .T. ) ;
#7617 = EDGE_CURVE ( 'NONE', #2325, #4368, #5535, .T. ) ;
#7618 = AXIS2_PLACEMENT_3D ( 'NONE', #10412, #1487, #7149 ) ;
#7619 = DIRECTION ( 'NONE',  ( -0.0000000000000000000, -0.0000000000000000000, -1.000000000000000000 ) ) ;
#7620 = EDGE_CURVE ( 'NONE', #5346, #6091, #3147, .T. ) ;
#7621 = DIRECTION ( 'NONE',  ( -0.0000000000000000000, -0.0000000000000000000, -1.000000000000000000 ) ) ;
#7622 = ADVANCED_FACE ( 'NONE', ( #7194 ), #6808, .F. ) ;
#7623 = VECTOR ( 'NONE', #4324, 1000.000000000000000 ) ;
#7624 = CARTESIAN_POINT ( 'NONE',  ( 4.954675921659327500, 0.7846826248466516300, -0.1000000000000000100 ) ) ;
#7625 = FACE_OUTER_BOUND ( 'NONE', #751, .T. ) ;
#7626 = ORIENTED_EDGE ( 'NONE', *, *, #3025, .F. ) ;
#7627 = ORIENTED_EDGE ( 'NONE', *, *, #6351, .F. ) ;
#7628 = ORIENTED_EDGE ( 'NONE', *, *, #3282, .F. ) ;
#7629 = CARTESIAN_POINT ( 'NONE',  ( 5.829675921660020200, 1.284682624846353200, 0.0000000000000000000 ) ) ;
#7630 = DIRECTION ( 'NONE',  ( -0.0000000000000000000, -0.0000000000000000000, -1.000000000000000000 ) ) ;
#7631 = CARTESIAN_POINT ( 'NONE',  ( 5.829675921660816900, 0.7096826248452989800, 0.0000000000000000000 ) ) ;
#7632 = LINE ( 'NONE', #4756, #5462 ) ;
#7633 = DIRECTION ( 'NONE',  ( 0.7071067811865456900, -0.7071067811865493500, 0.0000000000000000000 ) ) ;
#7634 = CARTESIAN_POINT ( 'NONE',  ( 6.004675921659153200, 0.7096826248452987600, 0.1000000000000000100 ) ) ;
#7635 = VECTOR ( 'NONE', #6468, 1000.000000000000000 ) ;
#7636 = EDGE_CURVE ( 'NONE', #9387, #8894, #9646, .T. ) ;
#7637 = FACE_OUTER_BOUND ( 'NONE', #4909, .T. ) ;
#7638 = EDGE_CURVE ( 'NONE', #4675, #10179, #1234, .T. ) ;
#7639 = ORIENTED_EDGE ( 'NONE', *, *, #4611, .T. ) ;
#7640 = VERTEX_POINT ( 'NONE', #1198 ) ;
#7642 = ORIENTED_EDGE ( 'NONE', *, *, #1236, .F. ) ;
#7641 = CARTESIAN_POINT ( 'NONE',  ( 5.606983613967200200, 0.8346826248458012500, 0.0000000000000000000 ) ) ;
#7643 = PLANE ( 'NONE',  #4328 ) ;
#7644 = DIRECTION ( 'NONE',  ( -0.8629477401728890000, 0.5052931799762433500, 0.0000000000000000000 ) ) ;
#7645 = VECTOR ( 'NONE', #8523, 1000.000000000000000 ) ;
#7646 = ORIENTED_EDGE ( 'NONE', *, *, #5299, .F. ) ;
#7647 = CARTESIAN_POINT ( 'NONE',  ( 4.604675921659691100, -0.04031737515379176000, -0.1000000000000000100 ) ) ;
#7648 = VECTOR ( 'NONE', #833, 1000.000000000000000 ) ;
#7649 = DIRECTION ( 'NONE',  ( 1.000000000000000000, -2.409338161081319000E-015, -0.0000000000000000000 ) ) ;
#7650 = VERTEX_POINT ( 'NONE', #6840 ) ;
#7651 = EDGE_LOOP ( 'NONE', ( #5113, #4451, #10304, #1280 ) ) ;
#7652 = ORIENTED_EDGE ( 'NONE', *, *, #6804, .T. ) ;
#7653 = EDGE_CURVE ( 'NONE', #6206, #1999, #9124, .T. ) ;
#7654 = EDGE_CURVE ( 'NONE', #7561, #5049, #2890, .T. ) ;
#7655 = DIRECTION ( 'NONE',  ( 3.214735856175450300E-015, 1.000000000000000000, -0.0000000000000000000 ) ) ;
#7656 = EDGE_LOOP ( 'NONE', ( #175, #7406, #8046, #8431 ) ) ;
#7657 = LINE ( 'NONE', #5383, #1439 ) ;
#7658 = ORIENTED_EDGE ( 'NONE', *, *, #5321, .T. ) ;
#7659 = FACE_OUTER_BOUND ( 'NONE', #1699, .T. ) ;
#7660 = ORIENTED_EDGE ( 'NONE', *, *, #8843, .F. ) ;
#7661 = CARTESIAN_POINT ( 'NONE',  ( 6.004675921659153200, 0.7096826248452987600, 0.1000000000000000100 ) ) ;
#7662 = CARTESIAN_POINT ( 'NONE',  ( 4.954675921659530900, -0.3153173751544004500, 0.1000000000000000100 ) ) ;
#7663 = CARTESIAN_POINT ( 'NONE',  ( 4.604675921659691100, -0.2903173751535640400, -0.1000000000000000100 ) ) ;
#7664 = ORIENTED_EDGE ( 'NONE', *, *, #4032, .T. ) ;
#7665 = VECTOR ( 'NONE', #2461, 999.9999999999998900 ) ;
#7666 = AXIS2_PLACEMENT_3D ( 'NONE', #6900, #6428, #1636 ) ;
#7667 = CARTESIAN_POINT ( 'NONE',  ( 5.219675921659555400, 0.9846826248460804900, 0.0000000000000000000 ) ) ;
#7668 = FACE_OUTER_BOUND ( 'NONE', #6987, .T. ) ;
#7669 = DIRECTION ( 'NONE',  ( -1.000000000000000000, -0.0000000000000000000, -0.0000000000000000000 ) ) ;
#7670 = CIRCLE ( 'NONE', #2895, 0.04999999999999969700 ) ;
#7671 = ORIENTED_EDGE ( 'NONE', *, *, #2339, .T. ) ;
#7672 = CARTESIAN_POINT ( 'NONE',  ( 5.954675921659633900, 1.159682624845749900, 0.1000000000000000100 ) ) ;
#7673 = AXIS2_PLACEMENT_3D ( 'NONE', #219, #6676, #5896 ) ;
#7674 = ORIENTED_EDGE ( 'NONE', *, *, #10178, .F. ) ;
#7675 = CIRCLE ( 'NONE', #4005, 0.2499999999999985000 ) ;
#7676 = CARTESIAN_POINT ( 'NONE',  ( 5.042175921659434400, 0.5996826248457302100, 0.1000000000000000100 ) ) ;
#7677 = CARTESIAN_POINT ( 'NONE',  ( 4.704675921658918000, 0.2096826248464359600, 0.1000000000000000100 ) ) ;
#7678 = LINE ( 'NONE', #4412, #7935 ) ;
#7679 = ADVANCED_FACE ( 'NONE', ( #2638 ), #6672, .T. ) ;
#7680 = DIRECTION ( 'NONE',  ( 0.0000000000000000000, 0.0000000000000000000, 1.000000000000000000 ) ) ;
#7681 = CARTESIAN_POINT ( 'NONE',  ( 6.104675921659724800, -0.4153173751542453800, -0.1000000000000000100 ) ) ;
#7682 = FACE_OUTER_BOUND ( 'NONE', #7716, .T. ) ;
#7683 = AXIS2_PLACEMENT_3D ( 'NONE', #4203, #162, #5829 ) ;
#7684 = LINE ( 'NONE', #3875, #5519 ) ;
#7685 =( GEOMETRIC_REPRESENTATION_CONTEXT ( 3 ) GLOBAL_UNCERTAINTY_ASSIGNED_CONTEXT ( ( #7235 ) ) GLOBAL_UNIT_ASSIGNED_CONTEXT ( ( #5819, #973, #6644 ) ) REPRESENTATION_CONTEXT ( 'NONE', 'WORKASPACE' ) );
#7686 = DIRECTION ( 'NONE',  ( 0.0000000000000000000, 0.0000000000000000000, 1.000000000000000000 ) ) ;
#7687 = VECTOR ( 'NONE', #8609, 1000.000000000000000 ) ;
#7688 = DIRECTION ( 'NONE',  ( 0.0000000000000000000, 0.0000000000000000000, -1.000000000000000000 ) ) ;
#7689 = VERTEX_POINT ( 'NONE', #6888 ) ;
#7690 = CARTESIAN_POINT ( 'NONE',  ( 4.954675921659327500, 0.8846826248461626700, 0.0000000000000000000 ) ) ;
#7691 = FACE_OUTER_BOUND ( 'NONE', #3564, .T. ) ;
#7692 = EDGE_CURVE ( 'NONE', #2884, #9411, #8870, .T. ) ;
#7693 = EDGE_CURVE ( 'NONE', #2551, #2347, #4773, .T. ) ;
#7694 = CARTESIAN_POINT ( 'NONE',  ( 5.664169081836867300, 0.01968262484601956300, 0.0000000000000000000 ) ) ;
#7695 = CARTESIAN_POINT ( 'NONE',  ( 5.829675921659906600, -0.04031737515492883600, 0.0000000000000000000 ) ) ;
#7696 = VERTEX_POINT ( 'NONE', #2043 ) ;
#7697 = DIRECTION ( 'NONE',  ( 0.2710468569912210500, -0.9625661542539196700, 0.0000000000000000000 ) ) ;
#7698 = CARTESIAN_POINT ( 'NONE',  ( 5.304675921659713500, 0.04468262484602203400, 0.1000000000000000100 ) ) ;
#7699 = CARTESIAN_POINT ( 'NONE',  ( 4.604675921659691100, 1.209682624845298500, -0.1000000000000000100 ) ) ;
#7700 = VERTEX_POINT ( 'NONE', #9380 ) ;
#7701 = AXIS2_PLACEMENT_3D ( 'NONE', #4881, #1, #5682 ) ;
#7702 = LINE ( 'NONE', #1122, #9897 ) ;
#7703 = ORIENTED_EDGE ( 'NONE', *, *, #5713, .T. ) ;
#7704 = DIRECTION ( 'NONE',  ( 1.000000000000000000, 2.409338161081291000E-015, 0.0000000000000000000 ) ) ;
#7705 = EDGE_CURVE ( 'NONE', #7614, #8019, #8618, .T. ) ;
#7706 =( NAMED_UNIT ( * ) SI_UNIT ( $, .STERADIAN. ) SOLID_ANGLE_UNIT ( ) );
#7707 = EDGE_CURVE ( 'NONE', #8527, #8620, #2387, .T. ) ;
#7708 = VERTEX_POINT ( 'NONE', #443 ) ;
#7709 = VECTOR ( 'NONE', #2269, 1000.000000000000100 ) ;
#7710 = CYLINDRICAL_SURFACE ( 'NONE', #4899, 0.04999999999999969700 ) ;
#7711 = ORIENTED_EDGE ( 'NONE', *, *, #10059, .T. ) ;
#7712 = CARTESIAN_POINT ( 'NONE',  ( 4.954675921659327500, 0.3846826248462763000, -0.1000000000000000100 ) ) ;
#7713 = CARTESIAN_POINT ( 'NONE',  ( 5.954675921659633900, 0.5096826248458022900, 0.1000000000000000100 ) ) ;
#7714 = AXIS2_PLACEMENT_3D ( 'NONE', #99, #3993, #7257 ) ;
#7715 = LINE ( 'NONE', #2432, #1253 ) ;
#7716 = EDGE_LOOP ( 'NONE', ( #1911, #3920, #8208, #5869 ) ) ;
#7717 = EDGE_CURVE ( 'NONE', #7732, #8124, #201, .T. ) ;
#7718 = CARTESIAN_POINT ( 'NONE',  ( 5.004675921659327300, 1.209682624845298500, -0.1000000000000000100 ) ) ;
#7719 = ADVANCED_FACE ( 'NONE', ( #2128 ), #10234, .F. ) ;
#7720 = CARTESIAN_POINT ( 'NONE',  ( 4.754675921659555500, 1.009682624845826200, 0.1000000000000000100 ) ) ;
#7721 = CARTESIAN_POINT ( 'NONE',  ( 5.829675921660020200, -0.1153173751548607200, -0.1000000000000000100 ) ) ;
#7722 = VERTEX_POINT ( 'NONE', #2087 ) ;
#7723 = VERTEX_POINT ( 'NONE', #1296 ) ;
#7724 = DIRECTION ( 'NONE',  ( -1.000000000000000000, 0.0000000000000000000, 0.0000000000000000000 ) ) ;
#7725 = DIRECTION ( 'NONE',  ( 0.0000000000000000000, 0.0000000000000000000, 1.000000000000000000 ) ) ;
#7726 = LINE ( 'NONE', #2663, #5809 ) ;
#7727 = CARTESIAN_POINT ( 'NONE',  ( 4.704675921660040700, 1.209682624845298500, 0.1000000000000000100 ) ) ;
#7728 = ORIENTED_EDGE ( 'NONE', *, *, #2112, .T. ) ;
#7729 = CARTESIAN_POINT ( 'NONE',  ( 4.704675921658918000, 0.7096826248464360700, 0.1000000000000000100 ) ) ;
#7730 = LINE ( 'NONE', #156, #1268 ) ;
#7731 = ORIENTED_EDGE ( 'NONE', *, *, #2901, .F. ) ;
#7732 = VERTEX_POINT ( 'NONE', #4519 ) ;
#7733 = ORIENTED_EDGE ( 'NONE', *, *, #10520, .F. ) ;
#7735 = ADVANCED_FACE ( 'NONE', ( #1877 ), #9447, .T. ) ;
#7734 = EDGE_CURVE ( 'NONE', #9015, #8510, #10537, .T. ) ;
#7736 = EDGE_CURVE ( 'NONE', #1290, #6605, #8091, .T. ) ;
#7737 = CARTESIAN_POINT ( 'NONE',  ( 4.879675921659459600, 1.009682624845825900, 0.0000000000000000000 ) ) ;
#7738 = LINE ( 'NONE', #5384, #1534 ) ;
#7739 = CIRCLE ( 'NONE', #7108, 0.07499999999999953900 ) ;
#7740 = ORIENTED_EDGE ( 'NONE', *, *, #2989, .T. ) ;
#7741 = ORIENTED_EDGE ( 'NONE', *, *, #10057, .F. ) ;
#7742 = ORIENTED_EDGE ( 'NONE', *, *, #207, .F. ) ;
#7743 = DIRECTION ( 'NONE',  ( 0.0000000000000000000, 0.0000000000000000000, 1.000000000000000000 ) ) ;
#7744 = CARTESIAN_POINT ( 'NONE',  ( 4.954675921659327500, 0.8846826248461626700, -0.1000000000000000100 ) ) ;
#7745 = DIRECTION ( 'NONE',  ( -2.114005981832989100E-015, -1.000000000000000000, 0.0000000000000000000 ) ) ;
#7746 = DIRECTION ( 'NONE',  ( -0.7071067811865495700, 0.7071067811865455700, 0.0000000000000000000 ) ) ;
#7747 = LINE ( 'NONE', #7328, #3444 ) ;
#7748 = ORIENTED_EDGE ( 'NONE', *, *, #841, .T. ) ;
#7749 = VECTOR ( 'NONE', #7045, 1000.000000000000000 ) ;
#7750 = ORIENTED_EDGE ( 'NONE', *, *, #4809, .F. ) ;
#7751 = CARTESIAN_POINT ( 'NONE',  ( 5.754675921660088500, 1.384682624846375700, -0.1000000000000000100 ) ) ;
#7752 = ORIENTED_EDGE ( 'NONE', *, *, #9951, .F. ) ;
#7753 = ORIENTED_EDGE ( 'NONE', *, *, #5797, .T. ) ;
#7754 = ORIENTED_EDGE ( 'NONE', *, *, #1127, .F. ) ;
#7755 = ORIENTED_EDGE ( 'NONE', *, *, #4781, .T. ) ;
#7756 = EDGE_CURVE ( 'NONE', #2803, #5905, #10277, .T. ) ;
#7757 = AXIS2_PLACEMENT_3D ( 'NONE', #1398, #7057, #2220 ) ;
#7758 = CARTESIAN_POINT ( 'NONE',  ( 4.954675921659327500, 0.2846826248462536700, -0.1000000000000000100 ) ) ;
#7759 = EDGE_CURVE ( 'NONE', #794, #7000, #4025, .T. ) ;
#7760 = CARTESIAN_POINT ( 'NONE',  ( 4.604675921659691100, 0.2096826248464359600, 0.1000000000000000500 ) ) ;
#7761 = VECTOR ( 'NONE', #4420, 1000.000000000000000 ) ;
#7762 = ORIENTED_EDGE ( 'NONE', *, *, #10267, .F. ) ;
#7763 = CARTESIAN_POINT ( 'NONE',  ( 4.837351104144149300, 0.1596826248457989800, 0.1000000000000000100 ) ) ;
#7764 = AXIS2_PLACEMENT_3D ( 'NONE', #6907, #9401, #4509 ) ;
#7765 = VERTEX_POINT ( 'NONE', #5364 ) ;
#7766 = ORIENTED_EDGE ( 'NONE', *, *, #3010, .F. ) ;
#7767 = ORIENTED_EDGE ( 'NONE', *, *, #8052, .T. ) ;
#7768 = EDGE_LOOP ( 'NONE', ( #10449, #7750, #7484, #3491 ) ) ;
#7769 = CARTESIAN_POINT ( 'NONE',  ( 6.104675921659724800, 1.209682624846421200, -0.1000000000000000100 ) ) ;
#7770 = CARTESIAN_POINT ( 'NONE',  ( 5.269675921659555200, 1.103366499252897800, 0.1000000000000000100 ) ) ;
#7771 = DIRECTION ( 'NONE',  ( -0.7071067811865541200, -0.7071067811865408000, 0.0000000000000000000 ) ) ;
#7772 = VERTEX_POINT ( 'NONE', #10299 ) ;
#7773 = VECTOR ( 'NONE', #8164, 1000.000000000000000 ) ;
#7774 = EDGE_CURVE ( 'NONE', #2707, #6490, #1627, .T. ) ;
#7775 = VERTEX_POINT ( 'NONE', #1367 ) ;
#7776 = DIRECTION ( 'NONE',  ( 1.000000000000000000, -1.084202172478279500E-015, 0.0000000000000000000 ) ) ;
#7777 = VECTOR ( 'NONE', #2929, 1000.000000000000000 ) ;
#7778 = LINE ( 'NONE', #7779, #3468 ) ;
#7779 = CARTESIAN_POINT ( 'NONE',  ( 5.606983613967200200, 0.8346826248458012500, 0.1000000000000000100 ) ) ;
#7780 = ORIENTED_EDGE ( 'NONE', *, *, #6284, .F. ) ;
#7781 = ADVANCED_FACE ( 'NONE', ( #5910 ), #2967, .F. ) ;
#7782 = CARTESIAN_POINT ( 'NONE',  ( 5.829675921660816900, 0.7096826248452989800, -0.1000000000000000100 ) ) ;
#7783 = AXIS2_PLACEMENT_3D ( 'NONE', #5290, #1267, #6923 ) ;
#7784 = ORIENTED_EDGE ( 'NONE', *, *, #5637, .F. ) ;
#7785 = VECTOR ( 'NONE', #2713, 1000.000000000000100 ) ;
#7786 = CARTESIAN_POINT ( 'NONE',  ( 6.004675921660364700, 0.4596826248450711100, 0.1000000000000000100 ) ) ;
#7787 = ORIENTED_EDGE ( 'NONE', *, *, #8623, .T. ) ;
#7788 = CARTESIAN_POINT ( 'NONE',  ( 6.104675921659724800, 0.2096826248452987000, -0.1000000000000000100 ) ) ;
#7789 = VECTOR ( 'NONE', #721, 1000.000000000000000 ) ;
#7790 = AXIS2_PLACEMENT_3D ( 'NONE', #5485, #6292, #2271 ) ;
#7791 = CARTESIAN_POINT ( 'NONE',  ( 5.954675921659633900, 0.1596826248457502400, 0.0000000000000000000 ) ) ;
#7792 = EDGE_CURVE ( 'NONE', #3672, #9950, #3769, .T. ) ;
#7793 = ORIENTED_EDGE ( 'NONE', *, *, #75, .F. ) ;
#7794 = DIRECTION ( 'NONE',  ( 0.0000000000000000000, 0.0000000000000000000, 1.000000000000000000 ) ) ;
#7795 = PLANE ( 'NONE',  #1346 ) ;
#7796 = ADVANCED_FACE ( 'NONE', ( #5657 ), #7026, .F. ) ;
#7797 = VERTEX_POINT ( 'NONE', #1402 ) ;
#7798 = LINE ( 'NONE', #7850, #1070 ) ;
#7799 = DIRECTION ( 'NONE',  ( -1.000000000000000000, 2.114005981832989100E-015, -0.0000000000000000000 ) ) ;
#7800 = DIRECTION ( 'NONE',  ( -1.000000000000000000, 0.0000000000000000000, 0.0000000000000000000 ) ) ;
#7801 = VECTOR ( 'NONE', #625, 1000.000000000000000 ) ;
#7802 = CIRCLE ( 'NONE', #2003, 0.07500000000021639400 ) ;
#7803 = EDGE_LOOP ( 'NONE', ( #4914, #1279, #8753, #5056, #9719, #2831 ) ) ;
#7804 = VERTEX_POINT ( 'NONE', #4656 ) ;
#7805 = CARTESIAN_POINT ( 'NONE',  ( 4.604675921659691100, -0.04031737515379171100, -0.1000000000000000100 ) ) ;
#7806 = VECTOR ( 'NONE', #2344, 1000.000000000000000 ) ;
#7807 = DIRECTION ( 'NONE',  ( 0.9625661542539215600, 0.2710468569912137800, -0.0000000000000000000 ) ) ;
#7808 = DIRECTION ( 'NONE',  ( 1.000000000000000000, 0.0000000000000000000, 0.0000000000000000000 ) ) ;
#7809 = CYLINDRICAL_SURFACE ( 'NONE', #10318, 0.07499999999993189900 ) ;
#7810 = CARTESIAN_POINT ( 'NONE',  ( 5.829675921659729800, 0.009682624845806009400, 0.1000000000000000100 ) ) ;
#7811 = DIRECTION ( 'NONE',  ( 1.000000000000000000, -1.182766006352519400E-015, 0.0000000000000000000 ) ) ;
#7812 = DIRECTION ( 'NONE',  ( -0.0000000000000000000, -0.0000000000000000000, -1.000000000000000000 ) ) ;
#7813 = CARTESIAN_POINT ( 'NONE',  ( 4.754675921659554700, 0.5096826248458685700, 0.1000000000000000100 ) ) ;
#7814 = DIRECTION ( 'NONE',  ( 0.0000000000000000000, 0.0000000000000000000, 1.000000000000000000 ) ) ;
#7815 = CARTESIAN_POINT ( 'NONE',  ( 4.879675921658599900, -0.2903173751535639800, -0.1000000000000000100 ) ) ;
#7816 = VERTEX_POINT ( 'NONE', #10370 ) ;
#7817 = CIRCLE ( 'NONE', #2754, 0.08000000000000021000 ) ;
#7818 = ORIENTED_EDGE ( 'NONE', *, *, #7920, .F. ) ;
#7819 = EDGE_CURVE ( 'NONE', #8427, #569, #9775, .T. ) ;
#7820 = AXIS2_PLACEMENT_3D ( 'NONE', #10033, #5130, #272 ) ;
#7821 = ORIENTED_EDGE ( 'NONE', *, *, #8066, .T. ) ;
#7822 = EDGE_CURVE ( 'NONE', #9048, #4736, #1358, .T. ) ;
#7823 = LINE ( 'NONE', #5916, #7321 ) ;
#7824 = CARTESIAN_POINT ( 'NONE',  ( 5.304675921659710800, 0.7846826248458012000, 0.0000000000000000000 ) ) ;
#7825 = AXIS2_PLACEMENT_3D ( 'NONE', #685, #1505, #7173 ) ;
#7826 = CARTESIAN_POINT ( 'NONE',  ( 6.104675921659724800, 0.9596826248450711600, 0.1000000000000000500 ) ) ;
#7828 = ORIENTED_EDGE ( 'NONE', *, *, #4145, .T. ) ;
#7827 = CARTESIAN_POINT ( 'NONE',  ( 5.829675921659729800, 1.009682624845805500, 0.1000000000000000100 ) ) ;
#7829 = FACE_OUTER_BOUND ( 'NONE', #5909, .T. ) ;
#7830 = CARTESIAN_POINT ( 'NONE',  ( 6.104675921659724800, -0.4153173751542453800, -0.1000000000000000100 ) ) ;
#7831 = VERTEX_POINT ( 'NONE', #8761 ) ;
#7832 = DIRECTION ( 'NONE',  ( 0.0000000000000000000, 0.0000000000000000000, 1.000000000000000000 ) ) ;
#7833 = CARTESIAN_POINT ( 'NONE',  ( 4.754675921659555500, 1.009682624845826200, 0.1000000000000000100 ) ) ;
#7834 = ADVANCED_FACE ( 'NONE', ( #5404 ), #9517, .T. ) ;
#7835 = LINE ( 'NONE', #7782, #3520 ) ;
#7836 = ORIENTED_EDGE ( 'NONE', *, *, #5894, .F. ) ;
#7837 = CARTESIAN_POINT ( 'NONE',  ( 4.954675921659327500, 0.8846826248461626700, -0.1000000000000000100 ) ) ;
#7838 = EDGE_CURVE ( 'NONE', #6563, #3089, #1105, .T. ) ;
#7839 = VECTOR ( 'NONE', #9856, 1000.000000000000000 ) ;
#7840 = EDGE_CURVE ( 'NONE', #9571, #9905, #10017, .T. ) ;
#7841 = LINE ( 'NONE', #5780, #9786 ) ;
#7842 = DIRECTION ( 'NONE',  ( 0.0000000000000000000, 0.0000000000000000000, 1.000000000000000000 ) ) ;
#7843 = DIRECTION ( 'NONE',  ( 0.7164239184887111200, -0.6976652270374957800, 0.0000000000000000000 ) ) ;
#7844 = ORIENTED_EDGE ( 'NONE', *, *, #9645, .F. ) ;
#7845 = CARTESIAN_POINT ( 'NONE',  ( 5.154675921659544400, -0.01619039102726995200, 0.0000000000000000000 ) ) ;
#7846 = CARTESIAN_POINT ( 'NONE',  ( 4.604675921659691100, 0.4596826248462081400, 0.1000000000000000100 ) ) ;
#7847 = AXIS2_PLACEMENT_3D ( 'NONE', #290, #5959, #1117 ) ;
#7848 = ADVANCED_FACE ( 'NONE', ( #3268 ), #8795, .T. ) ;
#7849 = VERTEX_POINT ( 'NONE', #647 ) ;
#7850 = CARTESIAN_POINT ( 'NONE',  ( 4.954675921659327500, 0.3846826248461626700, -0.1000000000000000100 ) ) ;
#7851 = LINE ( 'NONE', #6718, #5675 ) ;
#7852 = ORIENTED_EDGE ( 'NONE', *, *, #1114, .F. ) ;
#7853 = EDGE_CURVE ( 'NONE', #7549, #2313, #844, .T. ) ;
#7854 = FILL_AREA_STYLE_COLOUR ( '', #260 ) ;
#7855 = DIRECTION ( 'NONE',  ( 1.000000000000000000, -2.602085213967212400E-015, 0.0000000000000000000 ) ) ;
#7856 = EDGE_CURVE ( 'NONE', #3575, #7131, #5142, .T. ) ;
#7857 = CARTESIAN_POINT ( 'NONE',  ( 5.954675921659633900, 1.009682624845805500, 0.1000000000000000100 ) ) ;
#7858 = CARTESIAN_POINT ( 'NONE',  ( 6.004675921659153200, 0.7096826248452987600, 0.1000000000000000100 ) ) ;
#7859 = VECTOR ( 'NONE', #4392, 1000.000000000000000 ) ;
#7860 = ORIENTED_EDGE ( 'NONE', *, *, #8127, .T. ) ;
#7861 = CARTESIAN_POINT ( 'NONE',  ( 4.879675921658599900, -0.2903173751535639800, -0.1000000000000000100 ) ) ;
#7862 = ORIENTED_EDGE ( 'NONE', *, *, #8458, .T. ) ;
#7863 = VERTEX_POINT ( 'NONE', #3948 ) ;
#7864 = AXIS2_PLACEMENT_3D ( 'NONE', #2021, #5915, #7724 ) ;
#7865 = DIRECTION ( 'NONE',  ( -0.0000000000000000000, -0.0000000000000000000, -1.000000000000000000 ) ) ;
#7866 = VECTOR ( 'NONE', #4042, 1000.000000000000000 ) ;
#7867 = CARTESIAN_POINT ( 'NONE',  ( 5.354675921659711500, 0.2446826248459104400, 0.0000000000000000000 ) ) ;
#7868 = CIRCLE ( 'NONE', #7246, 0.04999999999999969700 ) ;
#7869 = ORIENTED_EDGE ( 'NONE', *, *, #9272, .T. ) ;
#7870 = ORIENTED_EDGE ( 'NONE', *, *, #1606, .T. ) ;
#7871 = CARTESIAN_POINT ( 'NONE',  ( 5.104675921659545400, -0.01619039102726961900, 0.1000000000000000100 ) ) ;
#7872 = VERTEX_POINT ( 'NONE', #6354 ) ;
#7873 = AXIS2_PLACEMENT_3D ( 'NONE', #5447, #1424, #7077 ) ;
#7874 = DIRECTION ( 'NONE',  ( -0.7071067811865490200, 0.7071067811865461300, 0.0000000000000000000 ) ) ;
#7875 = CARTESIAN_POINT ( 'NONE',  ( 4.704675921658918000, 0.7096826248464360700, 0.1000000000000000100 ) ) ;
#7876 = DIRECTION ( 'NONE',  ( -0.0000000000000000000, -0.0000000000000000000, -1.000000000000000000 ) ) ;
#7877 = DIRECTION ( 'NONE',  ( 0.0000000000000000000, 0.0000000000000000000, 1.000000000000000000 ) ) ;
#7878 = DIRECTION ( 'NONE',  ( -0.0000000000000000000, 1.000000000000000000, -0.0000000000000000000 ) ) ;
#7879 = VECTOR ( 'NONE', #6725, 1000.000000000000000 ) ;
#7880 = LINE ( 'NONE', #10506, #1408 ) ;
#7881 = VERTEX_POINT ( 'NONE', #1509 ) ;
#7882 = EDGE_CURVE ( 'NONE', #1892, #5970, #3005, .T. ) ;
#7884 = ORIENTED_EDGE ( 'NONE', *, *, #4923, .T. ) ;
#7883 = CARTESIAN_POINT ( 'NONE',  ( 5.754675921660088500, 0.3846826248450256900, 0.0000000000000000000 ) ) ;
#7885 = VERTEX_POINT ( 'NONE', #9663 ) ;
#7886 = DIRECTION ( 'NONE',  ( -0.0000000000000000000, -0.0000000000000000000, -1.000000000000000000 ) ) ;
#7887 = ADVANCED_FACE ( 'NONE', ( #7829 ), #8838, .F. ) ;
#7888 = AXIS2_PLACEMENT_3D ( 'NONE', #6411, #1562, #7225 ) ;
#7889 = FACE_OUTER_BOUND ( 'NONE', #8394, .T. ) ;
#7890 = DIRECTION ( 'NONE',  ( 0.0000000000000000000, 0.0000000000000000000, 1.000000000000000000 ) ) ;
#7891 = LINE ( 'NONE', #2579, #9833 ) ;
#7892 = ORIENTED_EDGE ( 'NONE', *, *, #4946, .F. ) ;
#7893 = ORIENTED_EDGE ( 'NONE', *, *, #3578, .T. ) ;
#7894 = CARTESIAN_POINT ( 'NONE',  ( 4.879675921658599900, 0.7096826248464360700, -0.1000000000000000100 ) ) ;
#7895 = ORIENTED_EDGE ( 'NONE', *, *, #5054, .T. ) ;
#7896 = ORIENTED_EDGE ( 'NONE', *, *, #4900, .F. ) ;
#7897 = DIRECTION ( 'NONE',  ( 0.0000000000000000000, 0.0000000000000000000, 1.000000000000000000 ) ) ;
#7898 = LINE ( 'NONE', #7718, #5731 ) ;
#7899 = DIRECTION ( 'NONE',  ( -0.0000000000000000000, 1.000000000000000000, -0.0000000000000000000 ) ) ;
#7900 = ADVANCED_FACE ( 'NONE', ( #589 ), #3988, .F. ) ;
#7901 = DIRECTION ( 'NONE',  ( 0.7422680412375330900, 0.6701030927830401400, 0.0000000000000000000 ) ) ;
#7902 = ORIENTED_EDGE ( 'NONE', *, *, #4852, .T. ) ;
#7903 = EDGE_CURVE ( 'NONE', #7539, #4675, #7052, .T. ) ;
#7904 = FACE_OUTER_BOUND ( 'NONE', #2936, .T. ) ;
#7905 = CARTESIAN_POINT ( 'NONE',  ( 5.954675921659633900, 0.6596826248457791100, 0.1000000000000000100 ) ) ;
#7906 = EDGE_CURVE ( 'NONE', #5875, #4449, #8998, .T. ) ;
#7907 = EDGE_LOOP ( 'NONE', ( #3938, #5157, #6493, #3970 ) ) ;
#7908 = ORIENTED_EDGE ( 'NONE', *, *, #7300, .T. ) ;
#7909 = LINE ( 'NONE', #4538, #5739 ) ;
#7910 = DIRECTION ( 'NONE',  ( 1.000000000000000000, 0.0000000000000000000, 0.0000000000000000000 ) ) ;
#7911 = DIRECTION ( 'NONE',  ( -1.000000000000000000, 2.408418309332321600E-015, -0.0000000000000000000 ) ) ;
#7912 = CARTESIAN_POINT ( 'NONE',  ( 5.154675921659472400, 0.6496826248457289200, 0.1000000000000000100 ) ) ;
#7913 = VERTEX_POINT ( 'NONE', #755 ) ;
#7914 = VECTOR ( 'NONE', #9153, 1000.000000000000000 ) ;
#7915 = DIRECTION ( 'NONE',  ( 0.0000000000000000000, 0.0000000000000000000, 1.000000000000000000 ) ) ;
#7916 = DIRECTION ( 'NONE',  ( 1.000000000000000000, 0.0000000000000000000, 0.0000000000000000000 ) ) ;
#7917 = ORIENTED_EDGE ( 'NONE', *, *, #2469, .T. ) ;
#7918 = PLANE ( 'NONE',  #1301 ) ;
#7919 = EDGE_CURVE ( 'NONE', #8962, #3319, #2502, .T. ) ;
#7920 = EDGE_CURVE ( 'NONE', #5806, #118, #4648, .T. ) ;
#7921 = ORIENTED_EDGE ( 'NONE', *, *, #5187, .T. ) ;
#7922 = FACE_OUTER_BOUND ( 'NONE', #1830, .T. ) ;
#7923 = DIRECTION ( 'NONE',  ( 0.0000000000000000000, -1.000000000000000000, 0.0000000000000000000 ) ) ;
#7924 = DIRECTION ( 'NONE',  ( 0.0000000000000000000, 0.0000000000000000000, 1.000000000000000000 ) ) ;
#7925 = VECTOR ( 'NONE', #6570, 1000.000000000000000 ) ;
#7926 = VECTOR ( 'NONE', #1014, 1000.000000000000000 ) ;
#7927 = ORIENTED_EDGE ( 'NONE', *, *, #8191, .F. ) ;
#7928 = CARTESIAN_POINT ( 'NONE',  ( 5.354675921659710600, 0.6646826248458013200, 0.1000000000000000100 ) ) ;
#7929 = VERTEX_POINT ( 'NONE', #1626 ) ;
#7930 = CARTESIAN_POINT ( 'NONE',  ( 5.304675921659710800, 0.7846826248458012000, 0.1000000000000000100 ) ) ;
#7931 = CIRCLE ( 'NONE', #2388, 0.04999999999999796300 ) ;
#7932 = AXIS2_PLACEMENT_3D ( 'NONE', #4658, #10372, #5469 ) ;
#7933 = CARTESIAN_POINT ( 'NONE',  ( 4.879675921659459600, 0.5096826248458689000, 0.1000000000000000100 ) ) ;
#7934 = EDGE_CURVE ( 'NONE', #2793, #4338, #4387, .T. ) ;
#7935 = VECTOR ( 'NONE', #9314, 1000.000000000000000 ) ;
#7936 = SURFACE_SIDE_STYLE ('',( #3856 ) ) ;
#7937 = DIRECTION ( 'NONE',  ( -0.0000000000000000000, -0.0000000000000000000, -1.000000000000000000 ) ) ;
#7938 =( NAMED_UNIT ( * ) SI_UNIT ( $, .STERADIAN. ) SOLID_ANGLE_UNIT ( ) );
#7939 = CARTESIAN_POINT ( 'NONE',  ( 5.954675921659633900, 1.009682624845805500, 0.1000000000000000100 ) ) ;
#7940 = CARTESIAN_POINT ( 'NONE',  ( 4.837351104144149300, 0.1596826248457989800, 0.1000000000000000100 ) ) ;
#7941 = LINE ( 'NONE', #10192, #1474 ) ;
#7942 = ADVANCED_FACE ( 'NONE', ( #6547 ), #4790, .T. ) ;
#7943 = CARTESIAN_POINT ( 'NONE',  ( 4.854675921659857200, 1.459682624844767000, -0.1000000000000000100 ) ) ;
#7944 = ORIENTED_EDGE ( 'NONE', *, *, #1763, .T. ) ;
#7945 = LINE ( 'NONE', #7120, #5255 ) ;
#7946 = EDGE_CURVE ( 'NONE', #10571, #5454, #8740, .T. ) ;
#7948 = UNCERTAINTY_MEASURE_WITH_UNIT (LENGTH_MEASURE( 1.000000000000000100E-005 ), #9253, 'distance_accuracy_value', 'NONE');
#7947 = AXIS2_PLACEMENT_3D ( 'NONE', #1142, #5166, #6769 ) ;
#7949 = CARTESIAN_POINT ( 'NONE',  ( 5.754675921660088500, -0.2153173751548833300, -0.1000000000000000100 ) ) ;
#7950 = ORIENTED_EDGE ( 'NONE', *, *, #4986, .T. ) ;
#7951 = CARTESIAN_POINT ( 'NONE',  ( 4.879675921658599900, 0.2096826248464360200, -0.1000000000000000100 ) ) ;
#7952 = CARTESIAN_POINT ( 'NONE',  ( 4.604675921659691100, 0.7096826248464361800, 0.1000000000000000500 ) ) ;
#7953 = LINE ( 'NONE', #5302, #8211 ) ;
#7954 = DIRECTION ( 'NONE',  ( 1.000000000000000000, 0.0000000000000000000, 0.0000000000000000000 ) ) ;
#7955 = ORIENTED_EDGE ( 'NONE', *, *, #5085, .T. ) ;
#7956 = LINE ( 'NONE', #3983, #6030 ) ;
#7957 = ADVANCED_FACE ( 'NONE', ( #8473 ), #3255, .F. ) ;
#7958 = DIRECTION ( 'NONE',  ( -1.000000000000000000, 2.668805347655082700E-015, 0.0000000000000000000 ) ) ;
#7959 = DIRECTION ( 'NONE',  ( 0.0000000000000000000, 0.0000000000000000000, 1.000000000000000000 ) ) ;
#7960 = DIRECTION ( 'NONE',  ( 0.8525082208477698900, 0.5227138159518744900, 0.0000000000000000000 ) ) ;
#7961 = ORIENTED_EDGE ( 'NONE', *, *, #2009, .T. ) ;
#7962 = DIRECTION ( 'NONE',  ( -0.0000000000000000000, 1.000000000000000000, -0.0000000000000000000 ) ) ;
#7963 = ORIENTED_EDGE ( 'NONE', *, *, #5512, .T. ) ;
#7964 = LINE ( 'NONE', #2736, #10405 ) ;
#7965 = COLOUR_RGB ( '',0.7960784313725489700, 0.8235294117647058400, 0.9372549019607843100 ) ;
#7966 = EDGE_LOOP ( 'NONE', ( #6919, #588, #1246, #5964 ) ) ;
#7967 = EDGE_CURVE ( 'NONE', #532, #6873, #4904, .T. ) ;
#7968 = EDGE_CURVE ( 'NONE', #8927, #3921, #4132, .T. ) ;
#7969 = DIRECTION ( 'NONE',  ( -0.0000000000000000000, -0.0000000000000000000, -1.000000000000000000 ) ) ;
#7970 = DIRECTION ( 'NONE',  ( 1.000000000000000000, 0.0000000000000000000, 0.0000000000000000000 ) ) ;
#7971 = CARTESIAN_POINT ( 'NONE',  ( 5.004675921659327300, 1.309682624845297700, 0.0000000000000000000 ) ) ;
#7972 = DIRECTION ( 'NONE',  ( 0.0000000000000000000, 0.0000000000000000000, 1.000000000000000000 ) ) ;
#7973 = ORIENTED_EDGE ( 'NONE', *, *, #6540, .F. ) ;
#7974 = VECTOR ( 'NONE', #3045, 1000.000000000000000 ) ;
#7975 = FACE_OUTER_BOUND ( 'NONE', #609, .T. ) ;
#7976 = ORIENTED_EDGE ( 'NONE', *, *, #4281, .T. ) ;
#7977 = DIRECTION ( 'NONE',  ( 0.0000000000000000000, 1.000000000000000000, 0.0000000000000000000 ) ) ;
#7978 = EDGE_CURVE ( 'NONE', #2533, #9982, #1989, .T. ) ;
#7979 = DIRECTION ( 'NONE',  ( 0.0000000000000000000, 0.0000000000000000000, 1.000000000000000000 ) ) ;
#7980 = CARTESIAN_POINT ( 'NONE',  ( 5.104675921659470800, 0.2996826248458500100, 0.1000000000000000100 ) ) ;
#7981 = CIRCLE ( 'NONE', #1853, 0.07499999999993189900 ) ;
#7982 = DIRECTION ( 'NONE',  ( 1.000000000000000000, -4.644217066735656000E-016, 0.0000000000000000000 ) ) ;
#7983 = ORIENTED_EDGE ( 'NONE', *, *, #4088, .T. ) ;
#7984 = CARTESIAN_POINT ( 'NONE',  ( 5.754675921660088500, 1.284682624846466700, -0.1000000000000000100 ) ) ;
#7985 = ORIENTED_EDGE ( 'NONE', *, *, #6476, .F. ) ;
#7986 = AXIS2_PLACEMENT_3D ( 'NONE', #7413, #9887, #8225 ) ;
#7987 = ORIENTED_EDGE ( 'NONE', *, *, #5650, .T. ) ;
#7988 = PLANE ( 'NONE',  #8719 ) ;
#7989 = ADVANCED_FACE ( 'NONE', ( #1738 ), #9661, .T. ) ;
#7990 = EDGE_CURVE ( 'NONE', #1388, #1183, #7956, .T. ) ;
#7991 = CIRCLE ( 'NONE', #7128, 0.07500000000021639400 ) ;
#7992 = CARTESIAN_POINT ( 'NONE',  ( 4.704675921660172100, -0.04031737515379178000, 0.0000000000000000000 ) ) ;
#7993 = CARTESIAN_POINT ( 'NONE',  ( 5.451928518470427100, 1.136155728467002700, 0.1000000000000000100 ) ) ;
#7994 = EDGE_CURVE ( 'NONE', #2179, #2042, #10135, .T. ) ;
#7995 = LINE ( 'NONE', #8258, #5564 ) ;
#7996 = EDGE_LOOP ( 'NONE', ( #6839, #8156, #7961, #10016, #6309, #2693 ) ) ;
#7997 = ORIENTED_EDGE ( 'NONE', *, *, #6178, .F. ) ;
#7998 = DIRECTION ( 'NONE',  ( 1.000000000000000000, 0.0000000000000000000, 0.0000000000000000000 ) ) ;
#7999 = VERTEX_POINT ( 'NONE', #748 ) ;
#8000 = LINE ( 'NONE', #5348, #3677 ) ;
#8001 = DIRECTION ( 'NONE',  ( 0.0000000000000000000, 0.0000000000000000000, 1.000000000000000000 ) ) ;
#8002 = DIRECTION ( 'NONE',  ( -0.0000000000000000000, -0.0000000000000000000, -1.000000000000000000 ) ) ;
#8003 = VECTOR ( 'NONE', #3264, 1000.000000000000000 ) ;
#8004 = ADVANCED_FACE ( 'NONE', ( #1486 ), #5527, .F. ) ;
#8005 = ORIENTED_EDGE ( 'NONE', *, *, #1725, .F. ) ;
#8006 = PLANE ( 'NONE',  #9273 ) ;
#8007 = ORIENTED_EDGE ( 'NONE', *, *, #4567, .T. ) ;
#8008 = ORIENTED_EDGE ( 'NONE', *, *, #3891, .T. ) ;
#8009 = DIRECTION ( 'NONE',  ( -0.7071067811865430200, -0.7071067811865521200, -0.0000000000000000000 ) ) ;
#8010 = DIRECTION ( 'NONE',  ( 1.000000000000000000, 0.0000000000000000000, 0.0000000000000000000 ) ) ;
#8011 = LINE ( 'NONE', #1436, #6086 ) ;
#8012 = VERTEX_POINT ( 'NONE', #8032 ) ;
#8013 = VECTOR ( 'NONE', #4147, 1000.000000000000100 ) ;
#8014 = AXIS2_PLACEMENT_3D ( 'NONE', #2405, #8081, #5614 ) ;
#8015 = DIRECTION ( 'NONE',  ( 0.7164239184887111200, -0.6976652270374957800, 0.0000000000000000000 ) ) ;
#8016 = ORIENTED_EDGE ( 'NONE', *, *, #7840, .F. ) ;
#8017 = VERTEX_POINT ( 'NONE', #7248 ) ;
#8018 = FILL_AREA_STYLE_COLOUR ( '', #5899 ) ;
#8019 = VERTEX_POINT ( 'NONE', #1586 ) ;
#8020 = EDGE_LOOP ( 'NONE', ( #9739, #2863, #8673, #1784 ) ) ;
#8021 = DIRECTION ( 'NONE',  ( 1.000000000000000000, 0.0000000000000000000, 0.0000000000000000000 ) ) ;
#8022 = DIRECTION ( 'NONE',  ( 0.0000000000000000000, 0.0000000000000000000, 1.000000000000000000 ) ) ;
#8023 = VECTOR ( 'NONE', #382, 1000.000000000000000 ) ;
#8024 = ORIENTED_EDGE ( 'NONE', *, *, #6061, .F. ) ;
#8025 = DIRECTION ( 'NONE',  ( 1.000000000000000000, 0.0000000000000000000, -0.0000000000000000000 ) ) ;
#8026 = COLOUR_RGB ( '',0.7921568627450980000, 0.8196078431372548800, 0.9333333333333333500 ) ;
#8027 = VERTEX_POINT ( 'NONE', #8075 ) ;
#8028 = ORIENTED_EDGE ( 'NONE', *, *, #4912, .T. ) ;
#8029 = VERTEX_POINT ( 'NONE', #3215 ) ;
#8030 = EDGE_CURVE ( 'NONE', #4599, #729, #10395, .T. ) ;
#8031 = ORIENTED_EDGE ( 'NONE', *, *, #7392, .T. ) ;
#8032 = CARTESIAN_POINT ( 'NONE',  ( 5.439675921659715900, 1.103366499252742500, 0.0000000000000000000 ) ) ;
#8033 = DIRECTION ( 'NONE',  ( 0.0000000000000000000, 0.0000000000000000000, 1.000000000000000000 ) ) ;
#8034 = PLANE ( 'NONE',  #4831 ) ;
#8035 = AXIS2_PLACEMENT_3D ( 'NONE', #2224, #7890, #3031 ) ;
#8036 = VERTEX_POINT ( 'NONE', #8903 ) ;
#8037 = VECTOR ( 'NONE', #2421, 1000.000000000000000 ) ;
#8038 = DIRECTION ( 'NONE',  ( 0.4599508982861489300, 0.8879443513902010000, -0.0000000000000000000 ) ) ;
#8039 = VERTEX_POINT ( 'NONE', #2400 ) ;
#8040 = LINE ( 'NONE', #7744, #1573 ) ;
#8041 = VECTOR ( 'NONE', #5315, 1000.000000000000000 ) ;
#8042 = CARTESIAN_POINT ( 'NONE',  ( 4.917175921659649300, 0.6596826248457984300, 0.1000000000000000100 ) ) ;
#8043 = ORIENTED_EDGE ( 'NONE', *, *, #10143, .F. ) ;
#8044 = DIRECTION ( 'NONE',  ( 0.0000000000000000000, 0.0000000000000000000, 1.000000000000000000 ) ) ;
#8045 = DIRECTION ( 'NONE',  ( -0.0000000000000000000, -0.0000000000000000000, -1.000000000000000000 ) ) ;
#8046 = ORIENTED_EDGE ( 'NONE', *, *, #2131, .T. ) ;
#8047 = CARTESIAN_POINT ( 'NONE',  ( 4.604675921659691100, -0.4153173751542453800, 0.7499999999999998900 ) ) ;
#8048 = ORIENTED_EDGE ( 'NONE', *, *, #3754, .T. ) ;
#8049 = LINE ( 'NONE', #2667, #1582 ) ;
#8050 = EDGE_CURVE ( 'NONE', #1041, #9186, #9886, .T. ) ;
#8051 = CARTESIAN_POINT ( 'NONE',  ( 4.954675921659530900, -0.3153173751544004500, 0.1000000000000000100 ) ) ;
#8052 = EDGE_CURVE ( 'NONE', #7872, #497, #5776, .T. ) ;
#8053 = CYLINDRICAL_SURFACE ( 'NONE', #8058, 0.04999999999999969700 ) ;
#8054 = ADVANCED_FACE ( 'NONE', ( #7691 ), #3135, .F. ) ;
#8055 = DIRECTION ( 'NONE',  ( 0.0000000000000000000, 0.0000000000000000000, 1.000000000000000000 ) ) ;
#8056 = COLOUR_RGB ( '',0.7960784313725489700, 0.8235294117647058400, 0.9372549019607843100 ) ;
#8057 = ORIENTED_EDGE ( 'NONE', *, *, #6893, .T. ) ;
#8058 = AXIS2_PLACEMENT_3D ( 'NONE', #6322, #10443, #9635 ) ;
#8059 = ORIENTED_EDGE ( 'NONE', *, *, #9947, .T. ) ;
#8060 = CARTESIAN_POINT ( 'NONE',  ( 5.054675921659471000, 0.2496826248458502400, 0.1000000000000000100 ) ) ;
#8061 = VECTOR ( 'NONE', #7776, 1000.000000000000000 ) ;
#8062 = CARTESIAN_POINT ( 'NONE',  ( 5.354675921659713300, 0.09468262484602194000, 0.0000000000000000000 ) ) ;
#8063 = PLANE ( 'NONE',  #469 ) ;
#8064 = FACE_OUTER_BOUND ( 'NONE', #2292, .T. ) ;
#8065 = DIRECTION ( 'NONE',  ( -0.0000000000000000000, -0.0000000000000000000, -1.000000000000000000 ) ) ;
#8066 = EDGE_CURVE ( 'NONE', #5589, #7580, #7445, .T. ) ;
#8067 = CIRCLE ( 'NONE', #362, 0.04999999999999969700 ) ;
#8068 = EDGE_CURVE ( 'NONE', #4736, #9982, #5267, .T. ) ;
#8069 = VERTEX_POINT ( 'NONE', #7320 ) ;
#8070 = ADVANCED_FACE ( 'NONE', ( #9637 ), #708, .F. ) ;
#8071 = CARTESIAN_POINT ( 'NONE',  ( 4.879675921659111500, -0.2153173751533484500, 0.0000000000000000000 ) ) ;
#8072 = ORIENTED_EDGE ( 'NONE', *, *, #8958, .F. ) ;
#8073 = FACE_OUTER_BOUND ( 'NONE', #6071, .T. ) ;
#8074 = CARTESIAN_POINT ( 'NONE',  ( 5.829675921659906600, 0.9596826248450711600, -0.1000000000000000100 ) ) ;
#8075 = CARTESIAN_POINT ( 'NONE',  ( 4.729675921659755000, -0.3153173751544010000, 0.0000000000000000000 ) ) ;
#8076 = DIRECTION ( 'NONE',  ( 1.000000000000000000, -1.084202172479313800E-015, 0.0000000000000000000 ) ) ;
#8077 = LINE ( 'NONE', #1714, #1343 ) ;
#8078 = CARTESIAN_POINT ( 'NONE',  ( 4.704675921658918000, -0.2903173751535640400, 0.0000000000000000000 ) ) ;
#8079 = ORIENTED_EDGE ( 'NONE', *, *, #4849, .T. ) ;
#8080 = FACE_OUTER_BOUND ( 'NONE', #434, .T. ) ;
#8081 = DIRECTION ( 'NONE',  ( -0.0000000000000000000, -0.0000000000000000000, -1.000000000000000000 ) ) ;
#8082 = CARTESIAN_POINT ( 'NONE',  ( 5.606983613967200200, 0.8346826248458012500, 0.0000000000000000000 ) ) ;
#8083 = ORIENTED_EDGE ( 'NONE', *, *, #6089, .F. ) ;
#8084 = VECTOR ( 'NONE', #3553, 1000.000000000000000 ) ;
#8085 = DIRECTION ( 'NONE',  ( 1.000000000000000000, 0.0000000000000000000, 0.0000000000000000000 ) ) ;
#8086 = CARTESIAN_POINT ( 'NONE',  ( 5.829675921660816900, 1.459682624846193600, -0.1000000000000000100 ) ) ;
#8087 = CARTESIAN_POINT ( 'NONE',  ( 5.219675921659555400, 1.034682624846080100, 0.0000000000000000000 ) ) ;
#8088 = ORIENTED_EDGE ( 'NONE', *, *, #6075, .F. ) ;
#8089 = VECTOR ( 'NONE', #8323, 1000.000000000000000 ) ;
#8090 = ORIENTED_EDGE ( 'NONE', *, *, #1995, .F. ) ;
#8091 = LINE ( 'NONE', #1339, #6165 ) ;
#8092 = DIRECTION ( 'NONE',  ( 0.0000000000000000000, 0.0000000000000000000, 1.000000000000000000 ) ) ;
#8093 = EDGE_CURVE ( 'NONE', #262, #1776, #959, .T. ) ;
#8094 = ORIENTED_EDGE ( 'NONE', *, *, #8457, .F. ) ;
#8095 = DIRECTION ( 'NONE',  ( 0.0000000000000000000, 0.0000000000000000000, 1.000000000000000000 ) ) ;
#8096 = DIRECTION ( 'NONE',  ( 0.0000000000000000000, 0.0000000000000000000, 1.000000000000000000 ) ) ;
#8097 = CARTESIAN_POINT ( 'NONE',  ( 5.829675921659729800, 1.009682624845805500, 0.1000000000000000100 ) ) ;
#8098 = LINE ( 'NONE', #441, #10021 ) ;
#8099 = ORIENTED_EDGE ( 'NONE', *, *, #7372, .T. ) ;
#8100 = CARTESIAN_POINT ( 'NONE',  ( 5.148821372569150500, 1.034682624846080100, 0.1000000000000000100 ) ) ;
#8101 = DIRECTION ( 'NONE',  ( -0.0000000000000000000, -0.0000000000000000000, -1.000000000000000000 ) ) ;
#8102 = FACE_OUTER_BOUND ( 'NONE', #8399, .T. ) ;
#8103 = VECTOR ( 'NONE', #7329, 1000.000000000000000 ) ;
#8104 = EDGE_LOOP ( 'NONE', ( #4797, #6582, #5331, #3320 ) ) ;
#8105 = CARTESIAN_POINT ( 'NONE',  ( 5.680225974296363700, 0.5396826248459102300, 0.1000000000000000100 ) ) ;
#8106 = PLANE ( 'NONE',  #9217 ) ;
#8107 = DIRECTION ( 'NONE',  ( 0.0000000000000000000, 0.0000000000000000000, 1.000000000000000000 ) ) ;
#8108 = EDGE_CURVE ( 'NONE', #5652, #7804, #7184, .T. ) ;
#8109 = AXIS2_PLACEMENT_3D ( 'NONE', #791, #1622, #7288 ) ;
#8110 = EDGE_CURVE ( 'NONE', #4063, #5546, #2882, .T. ) ;
#8111 = FACE_OUTER_BOUND ( 'NONE', #1658, .T. ) ;
#8112 = ORIENTED_EDGE ( 'NONE', *, *, #5121, .T. ) ;
#8113 = DIRECTION ( 'NONE',  ( 0.0000000000000000000, -0.0000000000000000000, -1.000000000000000000 ) ) ;
#8114 = DIRECTION ( 'NONE',  ( -0.7549480637857695100, -0.6557845842852039200, 0.0000000000000000000 ) ) ;
#8115 = DIRECTION ( 'NONE',  ( -0.0000000000000000000, -0.0000000000000000000, -1.000000000000000000 ) ) ;
#8116 = ADVANCED_FACE ( 'NONE', ( #5021 ), #6561, .F. ) ;
#8117 = CARTESIAN_POINT ( 'NONE',  ( 5.354675921659712400, 0.04468262484602120900, 0.0000000000000000000 ) ) ;
#8118 = DIRECTION ( 'NONE',  ( -0.2710468569912137200, 0.9625661542539216700, 0.0000000000000000000 ) ) ;
#8119 = AXIS2_PLACEMENT_3D ( 'NONE', #10541, #7279, #2423 ) ;
#8120 = DIRECTION ( 'NONE',  ( -0.8823529411758149800, 0.4705882352953469900, -0.0000000000000000000 ) ) ;
#8121 = CARTESIAN_POINT ( 'NONE',  ( 5.592411845529611900, 0.9975692227840496900, 0.1000000000000000100 ) ) ;
#8122 = VECTOR ( 'NONE', #9256, 1000.000000000000000 ) ;
#8123 = DIRECTION ( 'NONE',  ( 0.0000000000000000000, 1.000000000000000000, 0.0000000000000000000 ) ) ;
#8124 = VERTEX_POINT ( 'NONE', #9008 ) ;
#8125 = EDGE_CURVE ( 'NONE', #9763, #5160, #2628, .T. ) ;
#8126 = ORIENTED_EDGE ( 'NONE', *, *, #3442, .F. ) ;
#8127 = EDGE_CURVE ( 'NONE', #4260, #405, #9113, .T. ) ;
#8128 = ORIENTED_EDGE ( 'NONE', *, *, #3956, .T. ) ;
#8129 = CARTESIAN_POINT ( 'NONE',  ( 5.954675921659633900, 1.159682624845749900, 0.1000000000000000100 ) ) ;
#8130 = CARTESIAN_POINT ( 'NONE',  ( 4.704675921660172100, -0.04031737515379178000, 0.0000000000000000000 ) ) ;
#8131 = CARTESIAN_POINT ( 'NONE',  ( 4.879675921659534200, 0.009682624845666513300, 0.1000000000000000100 ) ) ;
#8132 = CARTESIAN_POINT ( 'NONE',  ( 4.704675921658918000, 0.7096826248464360700, 0.1000000000000000100 ) ) ;
#8133 = FACE_OUTER_BOUND ( 'NONE', #8212, .T. ) ;
#8134 = LINE ( 'NONE', #7943, #1662 ) ;
#8136 = ORIENTED_EDGE ( 'NONE', *, *, #8322, .F. ) ;
#8135 = DIRECTION ( 'NONE',  ( -0.9625661542539195600, -0.2710468569912210000, 0.0000000000000000000 ) ) ;
#8137 = ORIENTED_EDGE ( 'NONE', *, *, #9852, .F. ) ;
#8138 = DIRECTION ( 'NONE',  ( 1.000000000000000000, 0.0000000000000000000, 0.0000000000000000000 ) ) ;
#8139 = AXIS2_PLACEMENT_3D ( 'NONE', #5117, #6746, #1909 ) ;
#8140 = DIRECTION ( 'NONE',  ( -0.0000000000000000000, -0.0000000000000000000, -1.000000000000000000 ) ) ;
#8141 = CARTESIAN_POINT ( 'NONE',  ( 6.004675921660304300, 1.209682624846421200, 0.0000000000000000000 ) ) ;
#8142 = DIRECTION ( 'NONE',  ( 0.7036284662064633500, -0.7105680696062410800, 0.0000000000000000000 ) ) ;
#8143 = EDGE_CURVE ( 'NONE', #1947, #4706, #459, .T. ) ;
#8144 = LINE ( 'NONE', #5917, #7879 ) ;
#8145 = FACE_OUTER_BOUND ( 'NONE', #6826, .T. ) ;
#8146 = ORIENTED_EDGE ( 'NONE', *, *, #5548, .F. ) ;
#8147 = ORIENTED_EDGE ( 'NONE', *, *, #5032, .T. ) ;
#8148 = ORIENTED_EDGE ( 'NONE', *, *, #7756, .T. ) ;
#8149 = PLANE ( 'NONE',  #9683 ) ;
#8150 = DIRECTION ( 'NONE',  ( 1.000000000000000000, 0.0000000000000000000, 0.0000000000000000000 ) ) ;
#8151 = DIRECTION ( 'NONE',  ( -0.0000000000000000000, -0.0000000000000000000, -1.000000000000000000 ) ) ;
#8152 = LINE ( 'NONE', #2840, #1685 ) ;
#8153 = AXIS2_PLACEMENT_3D ( 'NONE', #5531, #5927, #713 ) ;
#8154 = ORIENTED_EDGE ( 'NONE', *, *, #3613, .F. ) ;
#8155 = ORIENTED_EDGE ( 'NONE', *, *, #7620, .F. ) ;
#8156 = ORIENTED_EDGE ( 'NONE', *, *, #7508, .F. ) ;
#8157 = DIRECTION ( 'NONE',  ( -0.0000000000000000000, -1.000000000000000000, -0.0000000000000000000 ) ) ;
#8158 = DIRECTION ( 'NONE',  ( -1.000000000000000000, 0.0000000000000000000, 0.0000000000000000000 ) ) ;
#8159 = LINE ( 'NONE', #6076, #7645 ) ;
#8160 = AXIS2_PLACEMENT_3D ( 'NONE', #9589, #9625, #4714 ) ;
#8161 = DIRECTION ( 'NONE',  ( -0.0000000000000000000, -1.000000000000000000, -0.0000000000000000000 ) ) ;
#8162 = ORIENTED_EDGE ( 'NONE', *, *, #5732, .F. ) ;
#8163 = VECTOR ( 'NONE', #6709, 1000.000000000000000 ) ;
#8164 = DIRECTION ( 'NONE',  ( -1.000000000000000000, -8.402566836769124100E-016, 0.0000000000000000000 ) ) ;
#8165 = CARTESIAN_POINT ( 'NONE',  ( 4.954675921659530000, 1.484682624845893300, 0.1000000000000000100 ) ) ;
#8166 = CARTESIAN_POINT ( 'NONE',  ( 5.054675921659321800, -0.0003173751541496500200, 0.0000000000000000000 ) ) ;
#8167 = ORIENTED_EDGE ( 'NONE', *, *, #2930, .T. ) ;
#8168 = DIRECTION ( 'NONE',  ( 1.000000000000000000, 0.0000000000000000000, 0.0000000000000000000 ) ) ;
#8169 = ADVANCED_FACE ( 'NONE', ( #190 ), #4254, .F. ) ;
#8170 = ORIENTED_EDGE ( 'NONE', *, *, #2526, .T. ) ;
#8171 = CIRCLE ( 'NONE', #2323, 0.04999999999999883000 ) ;
#8172 = CARTESIAN_POINT ( 'NONE',  ( 5.154675921659544400, -0.01619039102726995200, 0.1000000000000000100 ) ) ;
#8173 = DIRECTION ( 'NONE',  ( 1.000000000000000000, 0.0000000000000000000, 0.0000000000000000000 ) ) ;
#8174 = ORIENTED_EDGE ( 'NONE', *, *, #8202, .T. ) ;
#8175 = DIRECTION ( 'NONE',  ( 0.0000000000000000000, 0.0000000000000000000, 1.000000000000000000 ) ) ;
#8176 = EDGE_CURVE ( 'NONE', #4319, #6241, #8605, .T. ) ;
#8177 = CIRCLE ( 'NONE', #6739, 0.07500000000021639400 ) ;
#8178 = EDGE_CURVE ( 'NONE', #2824, #3662, #6420, .T. ) ;
#8179 = DIRECTION ( 'NONE',  ( 0.0000000000000000000, 0.0000000000000000000, 1.000000000000000000 ) ) ;
#8180 = CARTESIAN_POINT ( 'NONE',  ( 5.148821372569150500, 1.034682624846080100, 0.0000000000000000000 ) ) ;
#8181 = EDGE_LOOP ( 'NONE', ( #7793, #938, #2447, #10439, #9825, #928, #3258, #1751, #8655, #1497, #1905, #140, #10209, #2971, #6641, #8155 ) ) ;
#8182 = EDGE_LOOP ( 'NONE', ( #1548, #9702, #9017, #5263 ) ) ;
#8183 = VECTOR ( 'NONE', #823, 1000.000000000000000 ) ;
#8184 = DIRECTION ( 'NONE',  ( 1.000000000000000000, 0.0000000000000000000, 0.0000000000000000000 ) ) ;
#8185 = FACE_OUTER_BOUND ( 'NONE', #3200, .T. ) ;
#8186 = CARTESIAN_POINT ( 'NONE',  ( 5.829675921660020200, 0.8846826248451392600, -0.1000000000000000100 ) ) ;
#8187 = CIRCLE ( 'NONE', #158, 0.04999999999999883000 ) ;
#8188 = VERTEX_POINT ( 'NONE', #9224 ) ;
#8189 = CARTESIAN_POINT ( 'NONE',  ( 4.604675921659691100, -0.04031737515379171100, 0.1000000000000000500 ) ) ;
#8190 = DIRECTION ( 'NONE',  ( 0.0000000000000000000, 0.0000000000000000000, 1.000000000000000000 ) ) ;
#8191 = EDGE_CURVE ( 'NONE', #3776, #9281, #2119, .T. ) ;
#8192 = EDGE_CURVE ( 'NONE', #4464, #8974, #8341, .T. ) ;
#8193 = ORIENTED_EDGE ( 'NONE', *, *, #843, .T. ) ;
#8194 = FACE_OUTER_BOUND ( 'NONE', #7907, .T. ) ;
#8195 = DIRECTION ( 'NONE',  ( 1.000000000000000000, 0.0000000000000000000, 0.0000000000000000000 ) ) ;
#8196 = VECTOR ( 'NONE', #1131, 1000.000000000000000 ) ;
#8197 = AXIS2_PLACEMENT_3D ( 'NONE', #6240, #8721, #3844 ) ;
#8198 = DIRECTION ( 'NONE',  ( 0.5767910276949441700, 0.8168917372397704900, 0.0000000000000000000 ) ) ;
#8199 = FILL_AREA_STYLE_COLOUR ( '', #3047 ) ;
#8200 = LINE ( 'NONE', #255, #1726 ) ;
#8201 = CARTESIAN_POINT ( 'NONE',  ( 4.954675921659327500, 0.2846826248462536700, 0.0000000000000000000 ) ) ;
#8202 = EDGE_CURVE ( 'NONE', #1769, #7640, #6664, .T. ) ;
#8203 = ORIENTED_EDGE ( 'NONE', *, *, #5497, .F. ) ;
#8204 = EDGE_CURVE ( 'NONE', #3858, #4020, #1866, .T. ) ;
#8205 = LINE ( 'NONE', #3024, #1478 ) ;
#8206 = DIRECTION ( 'NONE',  ( -1.000000000000000000, -2.168404344956558900E-015, -0.0000000000000000000 ) ) ;
#8207 = CARTESIAN_POINT ( 'NONE',  ( 5.771983613967414300, 1.159682624845749900, 0.0000000000000000000 ) ) ;
#8208 = ORIENTED_EDGE ( 'NONE', *, *, #8973, .T. ) ;
#8209 = CARTESIAN_POINT ( 'NONE',  ( 5.354675921659713300, 0.09468262484602194000, 0.1000000000000000100 ) ) ;
#8210 = DIRECTION ( 'NONE',  ( 0.0000000000000000000, 0.0000000000000000000, 1.000000000000000000 ) ) ;
#8211 = VECTOR ( 'NONE', #461, 1000.000000000000000 ) ;
#8212 = EDGE_LOOP ( 'NONE', ( #6048, #9773, #1231, #5727 ) ) ;
#8213 = VECTOR ( 'NONE', #4752, 1000.000000000000000 ) ;
#8214 = DIRECTION ( 'NONE',  ( 1.000000000000000000, 0.0000000000000000000, 0.0000000000000000000 ) ) ;
#8215 = COLOUR_RGB ( '',0.7921568627450980000, 0.8196078431372548800, 0.9333333333333333500 ) ;
#8216 = ADVANCED_FACE ( 'NONE', ( #5901 ), #5646, .T. ) ;
#8217 = CARTESIAN_POINT ( 'NONE',  ( 6.104675921659724800, 0.9596826248450711600, -0.1000000000000000100 ) ) ;
#8218 = VERTEX_POINT ( 'NONE', #1965 ) ;
#8219 = LINE ( 'NONE', #2696, #10142 ) ;
#8220 = CARTESIAN_POINT ( 'NONE',  ( 6.004675921659058200, 1.459682624846193600, 0.0000000000000000000 ) ) ;
#8221 = AXIS2_PLACEMENT_3D ( 'NONE', #4298, #7543, #10020 ) ;
#8222 = FACE_OUTER_BOUND ( 'NONE', #8104, .T. ) ;
#8223 = ORIENTED_EDGE ( 'NONE', *, *, #6715, .F. ) ;
#8224 = PLANE ( 'NONE',  #2709 ) ;
#8225 = DIRECTION ( 'NONE',  ( -1.000000000000000000, 0.0000000000000000000, 0.0000000000000000000 ) ) ;
#8226 = ORIENTED_EDGE ( 'NONE', *, *, #7994, .F. ) ;
#8227 = VECTOR ( 'NONE', #3011, 1000.000000000000000 ) ;
#8228 = PLANE ( 'NONE',  #8654 ) ;
#8229 = FACE_OUTER_BOUND ( 'NONE', #4584, .T. ) ;
#8230 = ORIENTED_EDGE ( 'NONE', *, *, #4422, .F. ) ;
#8231 = EDGE_CURVE ( 'NONE', #7772, #414, #7817, .T. ) ;
#8232 = CARTESIAN_POINT ( 'NONE',  ( 5.829675921659729800, 0.009682624845806009400, 0.1000000000000000100 ) ) ;
#8233 = AXIS2_PLACEMENT_3D ( 'NONE', #8369, #3500, #9198 ) ;
#8234 = DIRECTION ( 'NONE',  ( -1.000000000000000000, -2.602085213967194600E-015, -0.0000000000000000000 ) ) ;
#8235 = CARTESIAN_POINT ( 'NONE',  ( 5.606983613967200200, 0.9096826248458013100, 0.1000000000000000100 ) ) ;
#8236 = ORIENTED_EDGE ( 'NONE', *, *, #5944, .T. ) ;
#8237 = VECTOR ( 'NONE', #4608, 1000.000000000000000 ) ;
#8238 = DIRECTION ( 'NONE',  ( -0.7071067811865552300, -0.7071067811865398000, -0.0000000000000000000 ) ) ;
#8239 = VERTEX_POINT ( 'NONE', #7634 ) ;
#8240 = ORIENTED_EDGE ( 'NONE', *, *, #7181, .T. ) ;
#8241 = ORIENTED_EDGE ( 'NONE', *, *, #8202, .F. ) ;
#8242 = EDGE_CURVE ( 'NONE', #4829, #8039, #10268, .T. ) ;
#8243 = EDGE_CURVE ( 'NONE', #9847, #2784, #1614, .T. ) ;
#8244 = ORIENTED_EDGE ( 'NONE', *, *, #7990, .F. ) ;
#8245 = DIRECTION ( 'NONE',  ( -1.000000000000000000, 0.0000000000000000000, 0.0000000000000000000 ) ) ;
#8246 = FACE_OUTER_BOUND ( 'NONE', #3854, .T. ) ;
#8247 = DIRECTION ( 'NONE',  ( 1.000000000000000000, 0.0000000000000000000, 0.0000000000000000000 ) ) ;
#8248 = DIRECTION ( 'NONE',  ( -0.7422680412375330900, -0.6701030927830402600, 0.0000000000000000000 ) ) ;
#8249 = FACE_OUTER_BOUND ( 'NONE', #10288, .T. ) ;
#8250 = PLANE ( 'NONE',  #9259 ) ;
#8251 = CARTESIAN_POINT ( 'NONE',  ( 5.148821372569150500, 0.9846826248460804900, 0.0000000000000000000 ) ) ;
#8252 = VERTEX_POINT ( 'NONE', #6824 ) ;
#8253 = ORIENTED_EDGE ( 'NONE', *, *, #5973, .T. ) ;
#8254 = AXIS2_PLACEMENT_3D ( 'NONE', #8920, #4034, #9753 ) ;
#8255 = ORIENTED_EDGE ( 'NONE', *, *, #8682, .F. ) ;
#8256 = CARTESIAN_POINT ( 'NONE',  ( 6.004675921660369100, -0.04031737515492882200, 0.1000000000000000100 ) ) ;
#8257 = DIRECTION ( 'NONE',  ( -0.0000000000000000000, -0.0000000000000000000, -1.000000000000000000 ) ) ;
#8258 = CARTESIAN_POINT ( 'NONE',  ( 6.104675921659724800, 0.4596826248450710500, 0.0000000000000000000 ) ) ;
#8259 = EDGE_CURVE ( 'NONE', #3882, #8927, #1351, .T. ) ;
#8260 = VECTOR ( 'NONE', #9365, 1000.000000000000100 ) ;
#8261 = EDGE_CURVE ( 'NONE', #4051, #9048, #10008, .T. ) ;
#8262 = CIRCLE ( 'NONE', #3864, 0.07500000000021551900 ) ;
#8263 = DIRECTION ( 'NONE',  ( -0.0000000000000000000, -0.0000000000000000000, -1.000000000000000000 ) ) ;
#8264 = ORIENTED_EDGE ( 'NONE', *, *, #8522, .T. ) ;
#8265 = CARTESIAN_POINT ( 'NONE',  ( 4.704675921658628500, 1.459682624844767000, 0.1000000000000000100 ) ) ;
#8266 = ORIENTED_EDGE ( 'NONE', *, *, #7620, .T. ) ;
#8267 = EDGE_LOOP ( 'NONE', ( #4255, #3275, #5804, #6225 ) ) ;
#8268 = CARTESIAN_POINT ( 'NONE',  ( 5.269675921659555200, 1.034682624846080100, 0.1000000000000000100 ) ) ;
#8269 = DIRECTION ( 'NONE',  ( 0.0000000000000000000, 0.0000000000000000000, 1.000000000000000000 ) ) ;
#8270 = LINE ( 'NONE', #922, #5476 ) ;
#8271 = ADVANCED_FACE ( 'NONE', ( #5395 ), #6051, .F. ) ;
#8272 = VECTOR ( 'NONE', #1118, 1000.000000000000000 ) ;
#8273 = CARTESIAN_POINT ( 'NONE',  ( 5.054675921659471000, 0.2496826248458502400, 0.1000000000000000100 ) ) ;
#8274 = CARTESIAN_POINT ( 'NONE',  ( 4.754675921659438300, 1.159682624845901600, 0.0000000000000000000 ) ) ;
#8275 = CARTESIAN_POINT ( 'NONE',  ( 4.704675921658918000, 0.2096826248464359600, 0.1000000000000000100 ) ) ;
#8276 = CYLINDRICAL_SURFACE ( 'NONE', #2440, 0.04999999999999969700 ) ;
#8277 = ORIENTED_EDGE ( 'NONE', *, *, #3076, .F. ) ;
#8278 = ORIENTED_EDGE ( 'NONE', *, *, #6388, .F. ) ;
#8279 = ORIENTED_EDGE ( 'NONE', *, *, #2827, .F. ) ;
#8280 = ORIENTED_EDGE ( 'NONE', *, *, #5004, .F. ) ;
#8281 = AXIS2_PLACEMENT_3D ( 'NONE', #4154, #2126, #2616 ) ;
#8282 = DIRECTION ( 'NONE',  ( 1.000000000000000000, 0.0000000000000000000, 0.0000000000000000000 ) ) ;
#8283 = EDGE_CURVE ( 'NONE', #1302, #4843, #7562, .T. ) ;
#8284 = LINE ( 'NONE', #2640, #2060 ) ;
#8285 = ORIENTED_EDGE ( 'NONE', *, *, #8178, .F. ) ;
#8286 = VECTOR ( 'NONE', #8515, 1000.000000000000000 ) ;
#8287 = ORIENTED_EDGE ( 'NONE', *, *, #4169, .F. ) ;
#8288 = ORIENTED_EDGE ( 'NONE', *, *, #2062, .T. ) ;
#8289 = ORIENTED_EDGE ( 'NONE', *, *, #1443, .T. ) ;
#8291 = ORIENTED_EDGE ( 'NONE', *, *, #6806, .F. ) ;
#8290 = DIRECTION ( 'NONE',  ( 0.0000000000000000000, -1.000000000000000000, 0.0000000000000000000 ) ) ;
#8292 = VERTEX_POINT ( 'NONE', #7699 ) ;
#8293 = CARTESIAN_POINT ( 'NONE',  ( 5.354675921659710600, 0.4146826248459104000, 0.1000000000000000100 ) ) ;
#8294 =( NAMED_UNIT ( * ) PLANE_ANGLE_UNIT ( ) SI_UNIT ( $, .RADIAN. ) );
#8295 = ORIENTED_EDGE ( 'NONE', *, *, #2143, .F. ) ;
#8296 = VECTOR ( 'NONE', #3202, 1000.000000000000000 ) ;
#8297 = EDGE_CURVE ( 'NONE', #6820, #7239, #2995, .T. ) ;
#8298 = DIRECTION ( 'NONE',  ( -1.000000000000000000, -2.168404344971021900E-015, -0.0000000000000000000 ) ) ;
#8299 = AXIS2_PLACEMENT_3D ( 'NONE', #3131, #10465, #5552 ) ;
#8300 = EDGE_CURVE ( 'NONE', #10054, #2965, #7315, .T. ) ;
#8301 = ORIENTED_EDGE ( 'NONE', *, *, #1319, .F. ) ;
#8302 = VECTOR ( 'NONE', #5251, 1000.000000000000000 ) ;
#8303 = FACE_OUTER_BOUND ( 'NONE', #1921, .T. ) ;
#8304 = DIRECTION ( 'NONE',  ( -0.7071067811865474600, 0.7071067811865474600, 0.0000000000000000000 ) ) ;
#8305 = CARTESIAN_POINT ( 'NONE',  ( 5.829675921660304500, 0.2846826248455150400, -0.1000000000000000100 ) ) ;
#8306 = ORIENTED_EDGE ( 'NONE', *, *, #10106, .F. ) ;
#8307 = AXIS2_PLACEMENT_3D ( 'NONE', #677, #6336, #1494 ) ;
#8308 = CARTESIAN_POINT ( 'NONE',  ( 5.154675921659469800, 0.3996826248457591200, 0.1000000000000000100 ) ) ;
#8309 = ORIENTED_EDGE ( 'NONE', *, *, #496, .T. ) ;
#8310 = FACE_OUTER_BOUND ( 'NONE', #10519, .T. ) ;
#8311 = CARTESIAN_POINT ( 'NONE',  ( 6.004675921659058200, -0.2903173751547012400, 0.1000000000000000100 ) ) ;
#8312 = VECTOR ( 'NONE', #10410, 1000.000000000000000 ) ;
#8313 = CARTESIAN_POINT ( 'NONE',  ( 5.489675921659714000, 1.103366499252744100, 0.1000000000000000100 ) ) ;
#8314 = SURFACE_STYLE_FILL_AREA ( #3750 ) ;
#8315 = VERTEX_POINT ( 'NONE', #10174 ) ;
#8316 = CARTESIAN_POINT ( 'NONE',  ( 4.879675921659534200, 0.009682624845666513300, 0.1000000000000000100 ) ) ;
#8317 = EDGE_LOOP ( 'NONE', ( #9570, #7148, #5134, #3643, #2166, #9653 ) ) ;
#8318 = CYLINDRICAL_SURFACE ( 'NONE', #1085, 0.04999999999999969700 ) ;
#8319 = EDGE_CURVE ( 'NONE', #5468, #2532, #4895, .T. ) ;
#8320 = AXIS2_PLACEMENT_3D ( 'NONE', #9486, #5392, #542 ) ;
#8321 = ADVANCED_FACE ( 'NONE', ( #7042 ), #9329, .F. ) ;
#8322 = EDGE_CURVE ( 'NONE', #10472, #5397, #8988, .T. ) ;
#8323 = DIRECTION ( 'NONE',  ( -0.0000000000000000000, -0.0000000000000000000, -1.000000000000000000 ) ) ;
#8324 = VECTOR ( 'NONE', #2196, 1000.000000000000000 ) ;
#8325 = VECTOR ( 'NONE', #10459, 1000.000000000000000 ) ;
#8326 = ORIENTED_EDGE ( 'NONE', *, *, #9934, .F. ) ;
#8327 = ORIENTED_EDGE ( 'NONE', *, *, #8259, .F. ) ;
#8328 = LINE ( 'NONE', #4794, #1342 ) ;
#8329 = DIRECTION ( 'NONE',  ( -1.000000000000000000, -5.421010862416458400E-016, -0.0000000000000000000 ) ) ;
#8330 = VECTOR ( 'NONE', #847, 1000.000000000000000 ) ;
#8331 = ADVANCED_FACE ( 'NONE', ( #9241 ), #3690, .T. ) ;
#8332 = DIRECTION ( 'NONE',  ( 0.0000000000000000000, 0.0000000000000000000, 1.000000000000000000 ) ) ;
#8333 = EDGE_CURVE ( 'NONE', #7797, #3207, #2492, .T. ) ;
#8334 = CARTESIAN_POINT ( 'NONE',  ( 4.754675921659555500, 1.009682624845826200, 0.0000000000000000000 ) ) ;
#8335 = ORIENTED_EDGE ( 'NONE', *, *, #1786, .T. ) ;
#8336 = CARTESIAN_POINT ( 'NONE',  ( 6.104675921659724800, 1.209682624846421200, 0.0000000000000000000 ) ) ;
#8337 = SURFACE_SIDE_STYLE ('',( #6959 ) ) ;
#8338 = LINE ( 'NONE', #7949, #6152 ) ;
#8339 = ORIENTED_EDGE ( 'NONE', *, *, #6793, .T. ) ;
#8340 = PRESENTATION_LAYER_ASSIGNMENT (  '', '', ( #5594 ) ) ;
#8341 = LINE ( 'NONE', #3522, #6155 ) ;
#8342 = CARTESIAN_POINT ( 'NONE',  ( 5.104675921659470800, 0.3996826248457591200, 0.1000000000000000100 ) ) ;
#8343 = CARTESIAN_POINT ( 'NONE',  ( 5.954675921659633900, 1.159682624845749900, 0.1000000000000000100 ) ) ;
#8344 = ORIENTED_EDGE ( 'NONE', *, *, #6255, .F. ) ;
#8345 = ORIENTED_EDGE ( 'NONE', *, *, #9776, .F. ) ;
#8346 = DIRECTION ( 'NONE',  ( -0.0000000000000000000, -0.0000000000000000000, -1.000000000000000000 ) ) ;
#8347 = AXIS2_PLACEMENT_3D ( 'NONE', #5653, #808, #6473 ) ;
#8348 = VECTOR ( 'NONE', #9081, 1000.000000000000000 ) ;
#8349 = EDGE_CURVE ( 'NONE', #6210, #9117, #6785, .T. ) ;
#8350 = ORIENTED_EDGE ( 'NONE', *, *, #4611, .F. ) ;
#8351 = CARTESIAN_POINT ( 'NONE',  ( 5.489675921659711300, 1.034682624845928400, 0.1000000000000000100 ) ) ;
#8352 = DIRECTION ( 'NONE',  ( 0.0000000000000000000, 0.0000000000000000000, 1.000000000000000000 ) ) ;
#8353 = VECTOR ( 'NONE', #9413, 1000.000000000000000 ) ;
#8354 = VERTEX_POINT ( 'NONE', #5349 ) ;
#8355 = CARTESIAN_POINT ( 'NONE',  ( 5.954675921659633900, 1.159682624845749900, 0.0000000000000000000 ) ) ;
#8356 = CARTESIAN_POINT ( 'NONE',  ( 5.042175921659434400, 0.5996826248457302100, 0.1000000000000000100 ) ) ;
#8357 = DIRECTION ( 'NONE',  ( -1.000000000000000000, 1.734723475978141600E-015, -0.0000000000000000000 ) ) ;
#8358 = CARTESIAN_POINT ( 'NONE',  ( 5.489675921659714900, 0.9846826248459260600, 0.1000000000000000100 ) ) ;
#8359 = LINE ( 'NONE', #10184, #5918 ) ;
#8360 = EDGE_LOOP ( 'NONE', ( #5946, #8543, #9213, #1195 ) ) ;
#8361 = VECTOR ( 'NONE', #1640, 1000.000000000000000 ) ;
#8362 = AXIS2_PLACEMENT_3D ( 'NONE', #642, #3189, #1256 ) ;
#8363 = VECTOR ( 'NONE', #10557, 1000.000000000000000 ) ;
#8364 = ORIENTED_EDGE ( 'NONE', *, *, #5425, .F. ) ;
#8365 = CARTESIAN_POINT ( 'NONE',  ( 5.954675921659633900, 0.009682624845806115200, 0.1000000000000000100 ) ) ;
#8366 = DIRECTION ( 'NONE',  ( 1.000000000000000000, 0.0000000000000000000, 0.0000000000000000000 ) ) ;
#8367 = DIRECTION ( 'NONE',  ( 0.7071067811865505700, 0.7071067811865444600, -0.0000000000000000000 ) ) ;
#8368 = AXIS2_PLACEMENT_3D ( 'NONE', #6801, #9295, #4398 ) ;
#8369 = CARTESIAN_POINT ( 'NONE',  ( 5.659509715401691600, 0.6896826248458012300, 0.1000000000000000100 ) ) ;
#8370 = DIRECTION ( 'NONE',  ( -0.0000000000000000000, -0.0000000000000000000, -1.000000000000000000 ) ) ;
#8371 = ADVANCED_FACE ( 'NONE', ( #6536 ), #494, .T. ) ;
#8372 = LINE ( 'NONE', #986, #5933 ) ;
#8373 = CARTESIAN_POINT ( 'NONE',  ( 6.104675921659724800, -0.4153173751542453800, -0.1000000000000000100 ) ) ;
#8374 = ORIENTED_EDGE ( 'NONE', *, *, #4522, .F. ) ;
#8375 = CARTESIAN_POINT ( 'NONE',  ( 6.104675921659724800, 0.4596826248450710500, -0.1000000000000000100 ) ) ;
#8376 = CARTESIAN_POINT ( 'NONE',  ( 5.829675921660020200, -0.1153173751548607200, 0.0000000000000000000 ) ) ;
#8377 = ORIENTED_EDGE ( 'NONE', *, *, #6445, .T. ) ;
#8378 = CARTESIAN_POINT ( 'NONE',  ( 4.854675921659857200, 1.459682624844767000, 0.0000000000000000000 ) ) ;
#8379 = EDGE_CURVE ( 'NONE', #8917, #2938, #318, .T. ) ;
#8380 = AXIS2_PLACEMENT_3D ( 'NONE', #3582, #9280, #4386 ) ;
#8381 = CARTESIAN_POINT ( 'NONE',  ( 5.954675921659633900, 0.009682624845806115200, 0.0000000000000000000 ) ) ;
#8382 = EDGE_CURVE ( 'NONE', #4896, #9905, #4379, .T. ) ;
#8383 = VECTOR ( 'NONE', #3521, 1000.000000000000000 ) ;
#8384 = EDGE_LOOP ( 'NONE', ( #2734, #2053, #10053, #9429, #1592, #6094 ) ) ;
#8385 = ADVANCED_FACE ( 'NONE', ( #2236 ), #10292, .T. ) ;
#8386 = AXIS2_PLACEMENT_3D ( 'NONE', #8942, #4049, #9771 ) ;
#8387 = DIRECTION ( 'NONE',  ( -1.000000000000000000, 2.249719507909152500E-015, -0.0000000000000000000 ) ) ;
#8388 = CARTESIAN_POINT ( 'NONE',  ( 5.354675921659712400, -0.05180946618659731900, 0.1000000000000000100 ) ) ;
#8389 = ORIENTED_EDGE ( 'NONE', *, *, #6952, .T. ) ;
#8390 = VERTEX_POINT ( 'NONE', #5387 ) ;
#8391 = CARTESIAN_POINT ( 'NONE',  ( 4.954675921659530900, -0.3153173751544004500, 0.0000000000000000000 ) ) ;
#8392 = DIRECTION ( 'NONE',  ( 0.0000000000000000000, 0.0000000000000000000, 1.000000000000000000 ) ) ;
#8393 = LINE ( 'NONE', #1576, #1910 ) ;
#8394 = EDGE_LOOP ( 'NONE', ( #5061, #3574, #6133, #6760, #3454, #6103 ) ) ;
#8395 = CARTESIAN_POINT ( 'NONE',  ( 4.954675921659327500, -0.2153173751537463500, -0.1000000000000000100 ) ) ;
#8396 = CARTESIAN_POINT ( 'NONE',  ( 4.604675921659691100, -0.04031737515379176000, -0.1000000000000000100 ) ) ;
#8397 = ORIENTED_EDGE ( 'NONE', *, *, #2264, .F. ) ;
#8398 = EDGE_LOOP ( 'NONE', ( #8285, #3235, #6896, #4, #3671, #889, #9862, #9239, #7703, #2591, #979, #7860, #3964, #1295, #4607, #3989, #1423, #2919, #4439, #4894 ) ) ;
#8399 = EDGE_LOOP ( 'NONE', ( #3100, #4159, #10023, #418, #1879, #6606 ) ) ;
#8400 = EDGE_CURVE ( 'NONE', #7266, #1375, #52, .T. ) ;
#8401 = EDGE_CURVE ( 'NONE', #7650, #3418, #6280, .T. ) ;
#8402 = CARTESIAN_POINT ( 'NONE',  ( 6.004675921660368200, 0.9596826248450711600, 0.1000000000000000100 ) ) ;
#8403 = DIRECTION ( 'NONE',  ( -0.0000000000000000000, -0.0000000000000000000, -1.000000000000000000 ) ) ;
#8404 = VECTOR ( 'NONE', #6832, 1000.000000000000000 ) ;
#8405 = CARTESIAN_POINT ( 'NONE',  ( 5.680225974296363700, 0.5396826248459102300, 0.1000000000000000100 ) ) ;
#8406 = VECTOR ( 'NONE', #5301, 1000.000000000000000 ) ;
#8407 = CARTESIAN_POINT ( 'NONE',  ( 5.680225974296363700, 0.5396826248459102300, 0.0000000000000000000 ) ) ;
#8408 = ORIENTED_EDGE ( 'NONE', *, *, #4566, .T. ) ;
#8409 = ORIENTED_EDGE ( 'NONE', *, *, #9868, .F. ) ;
#8410 = ORIENTED_EDGE ( 'NONE', *, *, #1680, .T. ) ;
#8411 = DIRECTION ( 'NONE',  ( -0.0000000000000000000, -0.0000000000000000000, -1.000000000000000000 ) ) ;
#8412 = CARTESIAN_POINT ( 'NONE',  ( 6.004675921660364700, 0.4596826248450711100, 0.1000000000000000100 ) ) ;
#8413 = CARTESIAN_POINT ( 'NONE',  ( 4.879675921658599900, -0.2903173751535639800, 0.0000000000000000000 ) ) ;
#8414 = EDGE_CURVE ( 'NONE', #4063, #130, #4125, .T. ) ;
#8415 = EDGE_CURVE ( 'NONE', #6490, #9528, #10387, .T. ) ;
#8416 = PLANE ( 'NONE',  #3434 ) ;
#8417 = SURFACE_SIDE_STYLE ('',( #6730 ) ) ;
#8418 = DIRECTION ( 'NONE',  ( -0.8525082208477698900, -0.5227138159518743800, -0.0000000000000000000 ) ) ;
#8419 = ORIENTED_EDGE ( 'NONE', *, *, #9050, .T. ) ;
#8420 = CARTESIAN_POINT ( 'NONE',  ( 5.754675921659735800, 1.484682624845741000, 0.1000000000000000100 ) ) ;
#8421 = ORIENTED_EDGE ( 'NONE', *, *, #5847, .T. ) ;
#8422 = ORIENTED_EDGE ( 'NONE', *, *, #9838, .F. ) ;
#8423 = ORIENTED_EDGE ( 'NONE', *, *, #8697, .F. ) ;
#8424 = CARTESIAN_POINT ( 'NONE',  ( 4.837351104144149300, 0.1596826248457989800, 0.1000000000000000100 ) ) ;
#8425 = FACE_OUTER_BOUND ( 'NONE', #927, .T. ) ;
#8426 = DIRECTION ( 'NONE',  ( -1.000000000000000000, -2.891205793297582800E-015, 0.0000000000000000000 ) ) ;
#8427 = VERTEX_POINT ( 'NONE', #6234 ) ;
#8428 = CYLINDRICAL_SURFACE ( 'NONE', #653, 0.07499999999999953900 ) ;
#8429 = ADVANCED_FACE ( 'NONE', ( #3883 ), #573, .F. ) ;
#8430 = AXIS2_PLACEMENT_3D ( 'NONE', #6903, #8941, #3726 ) ;
#8431 = ORIENTED_EDGE ( 'NONE', *, *, #8125, .T. ) ;
#8432 = DIRECTION ( 'NONE',  ( -0.0000000000000000000, 1.000000000000000000, -0.0000000000000000000 ) ) ;
#8433 = DIRECTION ( 'NONE',  ( 1.000000000000000000, 9.856383386270964100E-017, -0.0000000000000000000 ) ) ;
#8434 = ORIENTED_EDGE ( 'NONE', *, *, #654, .T. ) ;
#8435 = LINE ( 'NONE', #8576, #2202 ) ;
#8436 = ORIENTED_EDGE ( 'NONE', *, *, #10045, .F. ) ;
#8437 = CARTESIAN_POINT ( 'NONE',  ( 0.0000000000000000000, 0.0000000000000000000, -0.1000000000000000100 ) ) ;
#8438 = CIRCLE ( 'NONE', #1327, 0.04999999999999969700 ) ;
#8439 = DIRECTION ( 'NONE',  ( 1.000000000000000000, -2.408418309332321600E-015, 0.0000000000000000000 ) ) ;
#8440 = ORIENTED_EDGE ( 'NONE', *, *, #7853, .T. ) ;
#8441 = ADVANCED_FACE ( 'NONE', ( #5767 ), #5450, .F. ) ;
#8442 = CARTESIAN_POINT ( 'NONE',  ( 5.664169081836870000, 0.09468262484602119100, 0.1000000000000000100 ) ) ;
#8443 = VERTEX_POINT ( 'NONE', #6271 ) ;
#8444 = EDGE_CURVE ( 'NONE', #4480, #4265, #8205, .T. ) ;
#8445 = VECTOR ( 'NONE', #5558, 1000.000000000000000 ) ;
#8446 = VECTOR ( 'NONE', #7367, 1000.000000000000100 ) ;
#8447 = FACE_OUTER_BOUND ( 'NONE', #5503, .T. ) ;
#8448 = VERTEX_POINT ( 'NONE', #2245 ) ;
#8449 = AXIS2_PLACEMENT_3D ( 'NONE', #6259, #9575, #4668 ) ;
#8450 = DIRECTION ( 'NONE',  ( 1.000000000000000000, 0.0000000000000000000, 0.0000000000000000000 ) ) ;
#8451 = CARTESIAN_POINT ( 'NONE',  ( 4.954675921659529100, 1.159682624845901600, 0.1000000000000000100 ) ) ;
#8452 = VERTEX_POINT ( 'NONE', #3058 ) ;
#8453 = LINE ( 'NONE', #5808, #10373 ) ;
#8454 = CARTESIAN_POINT ( 'NONE',  ( 5.870360893847723600, 0.1596826248457505200, 0.1000000000000000100 ) ) ;
#8455 = LINE ( 'NONE', #2708, #6269 ) ;
#8456 = PLANE ( 'NONE',  #1096 ) ;
#8457 = EDGE_CURVE ( 'NONE', #93, #8894, #7684, .T. ) ;
#8458 = EDGE_CURVE ( 'NONE', #2122, #2916, #9879, .T. ) ;
#8459 = CARTESIAN_POINT ( 'NONE',  ( 6.004675921659058200, -0.2903173751547012400, 0.0000000000000000000 ) ) ;
#8460 = VECTOR ( 'NONE', #9235, 1000.000000000000000 ) ;
#8461 = ORIENTED_EDGE ( 'NONE', *, *, #780, .T. ) ;
#8462 = VECTOR ( 'NONE', #5415, 1000.000000000000000 ) ;
#8463 = CARTESIAN_POINT ( 'NONE',  ( 4.604675921659691100, -0.04031737515379176000, 0.1000000000000000100 ) ) ;
#8464 = CARTESIAN_POINT ( 'NONE',  ( 5.829675921660816900, 0.2096826248452990100, -0.1000000000000000100 ) ) ;
#8465 = AXIS2_PLACEMENT_3D ( 'NONE', #2806, #8483, #6813 ) ;
#8466 = DIRECTION ( 'NONE',  ( 0.0000000000000000000, 0.0000000000000000000, 1.000000000000000000 ) ) ;
#8467 = CARTESIAN_POINT ( 'NONE',  ( 5.829675921660304500, 0.7846826248455151000, -0.1000000000000000100 ) ) ;
#8468 = VECTOR ( 'NONE', #2023, 1000.000000000000100 ) ;
#8469 = EDGE_CURVE ( 'NONE', #4842, #9836, #3622, .T. ) ;
#8470 = DIRECTION ( 'NONE',  ( 0.0000000000000000000, 0.0000000000000000000, 1.000000000000000000 ) ) ;
#8471 = ORIENTED_EDGE ( 'NONE', *, *, #7920, .T. ) ;
#8472 = EDGE_CURVE ( 'NONE', #2317, #7863, #3376, .T. ) ;
#8473 = FACE_OUTER_BOUND ( 'NONE', #8317, .T. ) ;
#8474 = DIRECTION ( 'NONE',  ( 1.724867092591717200E-016, 1.000000000000000000, -0.0000000000000000000 ) ) ;
#8475 = CARTESIAN_POINT ( 'NONE',  ( 4.879675921659534200, 0.009682624845666513300, 0.0000000000000000000 ) ) ;
#8476 = VECTOR ( 'NONE', #4754, 1000.000000000000000 ) ;
#8477 = PLANE ( 'NONE',  #6140 ) ;
#8479 = ORIENTED_EDGE ( 'NONE', *, *, #2611, .F. ) ;
#8478 = DIRECTION ( 'NONE',  ( 0.7071067811865505700, 0.7071067811865444600, -0.0000000000000000000 ) ) ;
#8480 = CYLINDRICAL_SURFACE ( 'NONE', #9351, 0.07500000000000214800 ) ;
#8481 = CIRCLE ( 'NONE', #10162, 0.2500000000000002200 ) ;
#8482 = ORIENTED_EDGE ( 'NONE', *, *, #3224, .T. ) ;
#8483 = DIRECTION ( 'NONE',  ( -0.0000000000000000000, -0.0000000000000000000, -1.000000000000000000 ) ) ;
#8484 = AXIS2_PLACEMENT_3D ( 'NONE', #7858, #7062, #2226 ) ;
#8485 = EDGE_CURVE ( 'NONE', #8698, #1979, #7945, .T. ) ;
#8486 = DIRECTION ( 'NONE',  ( 1.000000000000000000, -1.039665590236428300E-015, 0.0000000000000000000 ) ) ;
#8487 = ADVANCED_FACE ( 'NONE', ( #950 ), #680, .T. ) ;
#8488 = DIRECTION ( 'NONE',  ( 0.0000000000000000000, 0.0000000000000000000, 1.000000000000000000 ) ) ;
#8489 = CARTESIAN_POINT ( 'NONE',  ( 6.104675921659724800, 1.209682624846421200, -0.1000000000000000100 ) ) ;
#8490 = ORIENTED_EDGE ( 'NONE', *, *, #7287, .F. ) ;
#8491 = VERTEX_POINT ( 'NONE', #4709 ) ;
#8492 = CARTESIAN_POINT ( 'NONE',  ( 6.104675921659724800, 1.459682624846193800, 0.1000000000000000500 ) ) ;
#8493 = LINE ( 'NONE', #7038, #2006 ) ;
#8494 = LINE ( 'NONE', #3679, #2007 ) ;
#8495 = CARTESIAN_POINT ( 'NONE',  ( 4.917175921659649300, 0.6596826248457984300, 0.1000000000000000100 ) ) ;
#8496 = EDGE_LOOP ( 'NONE', ( #6622, #5977, #3114, #2482 ) ) ;
#8497 = DIRECTION ( 'NONE',  ( 0.7422680412375349800, 0.6701030927830382600, -0.0000000000000000000 ) ) ;
#8498 = DIRECTION ( 'NONE',  ( -0.0000000000000000000, -0.0000000000000000000, -1.000000000000000000 ) ) ;
#8499 = DIRECTION ( 'NONE',  ( 1.000000000000000000, -0.0000000000000000000, -0.0000000000000000000 ) ) ;
#8500 = EDGE_CURVE ( 'NONE', #4879, #9250, #1217, .T. ) ;
#8501 = AXIS2_PLACEMENT_3D ( 'NONE', #4390, #5197, #352 ) ;
#8502 = CYLINDRICAL_SURFACE ( 'NONE', #6390, 0.07500000000021639400 ) ;
#8503 = CARTESIAN_POINT ( 'NONE',  ( 6.104675921659724800, -0.04031737515492882200, 0.1000000000000000100 ) ) ;
#8504 = ORIENTED_EDGE ( 'NONE', *, *, #6474, .F. ) ;
#8505 = CARTESIAN_POINT ( 'NONE',  ( 5.704854054024949900, 0.1696826248459104600, 0.1000000000000000100 ) ) ;
#8506 = DIRECTION ( 'NONE',  ( -0.0000000000000000000, -0.0000000000000000000, -1.000000000000000000 ) ) ;
#8507 = ORIENTED_EDGE ( 'NONE', *, *, #1392, .T. ) ;
#8508 = ORIENTED_EDGE ( 'NONE', *, *, #7250, .T. ) ;
#8509 = AXIS2_PLACEMENT_3D ( 'NONE', #8351, #4278, #10000 ) ;
#8510 = VERTEX_POINT ( 'NONE', #3133 ) ;
#8511 = CARTESIAN_POINT ( 'NONE',  ( 5.004675921659327300, 1.209682624845298500, -0.1000000000000000100 ) ) ;
#8512 = LINE ( 'NONE', #3341, #6329 ) ;
#8513 = DIRECTION ( 'NONE',  ( -0.0000000000000000000, -0.0000000000000000000, -1.000000000000000000 ) ) ;
#8514 = LINE ( 'NONE', #5686, #4170 ) ;
#8515 = DIRECTION ( 'NONE',  ( -1.000000000000000000, 0.0000000000000000000, 0.0000000000000000000 ) ) ;
#8516 = ORIENTED_EDGE ( 'NONE', *, *, #7840, .T. ) ;
#8517 = ORIENTED_EDGE ( 'NONE', *, *, #7031, .F. ) ;
#8518 = ORIENTED_EDGE ( 'NONE', *, *, #9632, .T. ) ;
#8519 = EDGE_CURVE ( 'NONE', #8770, #4481, #7435, .T. ) ;
#8520 = AXIS2_PLACEMENT_3D ( 'NONE', #8405, #3531, #9232 ) ;
#8521 = DIRECTION ( 'NONE',  ( 0.0000000000000000000, 0.0000000000000000000, 1.000000000000000000 ) ) ;
#8522 = EDGE_CURVE ( 'NONE', #7804, #3179, #5009, .T. ) ;
#8523 = DIRECTION ( 'NONE',  ( -1.000000000000000000, -0.0000000000000000000, -0.0000000000000000000 ) ) ;
#8524 = FACE_OUTER_BOUND ( 'NONE', #3297, .T. ) ;
#8525 = DIRECTION ( 'NONE',  ( 0.0000000000000000000, 0.0000000000000000000, 1.000000000000000000 ) ) ;
#8526 = CYLINDRICAL_SURFACE ( 'NONE', #5480, 0.07499999999999953900 ) ;
#8527 = VERTEX_POINT ( 'NONE', #9651 ) ;
#8528 = ORIENTED_EDGE ( 'NONE', *, *, #2827, .T. ) ;
#8529 = ORIENTED_EDGE ( 'NONE', *, *, #6713, .F. ) ;
#8530 = DIRECTION ( 'NONE',  ( -0.0000000000000000000, 1.000000000000000000, -0.0000000000000000000 ) ) ;
#8531 = CARTESIAN_POINT ( 'NONE',  ( 5.354675921659710600, 0.8346826248458012500, 0.1000000000000000100 ) ) ;
#8532 = CARTESIAN_POINT ( 'NONE',  ( 5.954675921659633900, 0.5096826248458022900, 0.1000000000000000100 ) ) ;
#8533 = DIRECTION ( 'NONE',  ( -0.0000000000000000000, -0.0000000000000000000, 1.000000000000000000 ) ) ;
#8534 = LINE ( 'NONE', #9360, #6349 ) ;
#8535 = CARTESIAN_POINT ( 'NONE',  ( 5.054675921659471900, 0.4496826248457602700, 0.1000000000000000100 ) ) ;
#8536 = CARTESIAN_POINT ( 'NONE',  ( 5.850392180554097300, 0.5096826248458024000, 0.1000000000000000100 ) ) ;
#8537 = VECTOR ( 'NONE', #9706, 1000.000000000000000 ) ;
#8538 = ORIENTED_EDGE ( 'NONE', *, *, #3139, .T. ) ;
#8539 = EDGE_CURVE ( 'NONE', #10583, #2916, #2871, .T. ) ;
#8540 = LINE ( 'NONE', #789, #2050 ) ;
#8541 = CARTESIAN_POINT ( 'NONE',  ( 5.004675921659327300, 1.309682624845297700, 0.0000000000000000000 ) ) ;
#8542 = ORIENTED_EDGE ( 'NONE', *, *, #3625, .T. ) ;
#8543 = ORIENTED_EDGE ( 'NONE', *, *, #7558, .F. ) ;
#8545 = ORIENTED_EDGE ( 'NONE', *, *, #7946, .F. ) ;
#8544 = CARTESIAN_POINT ( 'NONE',  ( 5.829675921660816900, 0.7096826248452989800, -0.1000000000000000100 ) ) ;
#8546 = EDGE_LOOP ( 'NONE', ( #6177, #379, #1644, #6991 ) ) ;
#8547 = ADVANCED_FACE ( 'NONE', ( #4755 ), #3168, .T. ) ;
#8548 = DIRECTION ( 'NONE',  ( 0.0000000000000000000, 0.0000000000000000000, 1.000000000000000000 ) ) ;
#8549 = CARTESIAN_POINT ( 'NONE',  ( 4.855129844622552100, 1.357019186297195400, 0.7449999999999998800 ) ) ;
#8550 = AXIS2_PLACEMENT_3D ( 'NONE', #3402, #8263, #944 ) ;
#8551 = LINE ( 'NONE', #9659, #6361 ) ;
#8552 = EDGE_LOOP ( 'NONE', ( #2585, #9469, #1434, #1139 ) ) ;
#8553 = DIRECTION ( 'NONE',  ( -0.9625661542539195600, -0.2710468569912210000, 0.0000000000000000000 ) ) ;
#8554 = LINE ( 'NONE', #9957, #4201 ) ;
#8555 = UNCERTAINTY_MEASURE_WITH_UNIT (LENGTH_MEASURE( 1.000000000000000100E-005 ), #9866, 'distance_accuracy_value', 'NONE');
#8556 = ORIENTED_EDGE ( 'NONE', *, *, #6273, .F. ) ;
#8557 = ORIENTED_EDGE ( 'NONE', *, *, #8889, .T. ) ;
#8558 = CARTESIAN_POINT ( 'NONE',  ( 4.704675921658628500, 1.459682624844767000, 0.1000000000000000100 ) ) ;
#8559 = ORIENTED_EDGE ( 'NONE', *, *, #356, .T. ) ;
#8560 = ORIENTED_EDGE ( 'NONE', *, *, #3814, .F. ) ;
#8561 = ORIENTED_EDGE ( 'NONE', *, *, #7792, .F. ) ;
#8562 = ORIENTED_EDGE ( 'NONE', *, *, #6893, .F. ) ;
#8563 = EDGE_CURVE ( 'NONE', #9938, #9717, #9106, .T. ) ;
#8564 = EDGE_CURVE ( 'NONE', #138, #8962, #2617, .T. ) ;
#8565 = CARTESIAN_POINT ( 'NONE',  ( 5.104675921659473500, 0.7207828955904757000, 0.1000000000000000100 ) ) ;
#8566 = ORIENTED_EDGE ( 'NONE', *, *, #895, .T. ) ;
#8567 = FACE_OUTER_BOUND ( 'NONE', #8837, .T. ) ;
#8568 = DIRECTION ( 'NONE',  ( -1.000000000000000000, 0.0000000000000000000, 0.0000000000000000000 ) ) ;
#8569 = ADVANCED_FACE ( 'NONE', ( #448 ), #8895, .F. ) ;
#8570 = ORIENTED_EDGE ( 'NONE', *, *, #5986, .F. ) ;
#8571 = VECTOR ( 'NONE', #4342, 1000.000000000000000 ) ;
#8572 = VECTOR ( 'NONE', #2080, 1000.000000000000000 ) ;
#8573 = CARTESIAN_POINT ( 'NONE',  ( 5.304675921659713500, -0.05180946618659623000, 0.1000000000000000100 ) ) ;
#8574 = EDGE_LOOP ( 'NONE', ( #9960, #9561, #4575, #8377 ) ) ;
#8575 = ORIENTED_EDGE ( 'NONE', *, *, #3110, .T. ) ;
#8576 = CARTESIAN_POINT ( 'NONE',  ( 4.879675921659459600, 0.5096826248458689000, 0.1000000000000000100 ) ) ;
#8577 = ORIENTED_EDGE ( 'NONE', *, *, #7736, .T. ) ;
#8578 = VECTOR ( 'NONE', #4212, 1000.000000000000000 ) ;
#8579 = AXIS2_PLACEMENT_3D ( 'NONE', #4359, #1352, #7005 ) ;
#8580 = DIRECTION ( 'NONE',  ( 0.7071067811865444600, -0.7071067811865505700, 0.0000000000000000000 ) ) ;
#8581 = LINE ( 'NONE', #2259, #2351 ) ;
#8582 = FACE_OUTER_BOUND ( 'NONE', #3583, .T. ) ;
#8583 = ORIENTED_EDGE ( 'NONE', *, *, #9631, .F. ) ;
#8584 = DIRECTION ( 'NONE',  ( 0.7071067811865474600, -0.7071067811865474600, 0.0000000000000000000 ) ) ;
#8585 = AXIS2_PLACEMENT_3D ( 'NONE', #5643, #2441, #8113 ) ;
#8586 = ORIENTED_EDGE ( 'NONE', *, *, #7356, .F. ) ;
#8587 = VECTOR ( 'NONE', #5247, 999.9999999999998900 ) ;
#8588 = DIRECTION ( 'NONE',  ( 1.000000000000000000, 0.0000000000000000000, 0.0000000000000000000 ) ) ;
#8589 = DIRECTION ( 'NONE',  ( -0.7164239184887111200, 0.6976652270374957800, -0.0000000000000000000 ) ) ;
#8590 = LINE ( 'NONE', #8666, #6136 ) ;
#8591 = EDGE_LOOP ( 'NONE', ( #1366, #1768, #3, #105, #4984, #8702 ) ) ;
#8592 = CARTESIAN_POINT ( 'NONE',  ( 5.979675921659509900, -0.3153173751542490100, 0.1000000000000000100 ) ) ;
#8593 = ORIENTED_EDGE ( 'NONE', *, *, #5538, .T. ) ;
#8594 = PLANE ( 'NONE',  #3577 ) ;
#8595 = LINE ( 'NONE', #7933, #446 ) ;
#8596 = EDGE_CURVE ( 'NONE', #104, #7141, #8850, .T. ) ;
#8597 = CARTESIAN_POINT ( 'NONE',  ( 5.154675921659469800, 0.2996826248458500100, 0.1000000000000000100 ) ) ;
#8598 = FACE_OUTER_BOUND ( 'NONE', #8574, .T. ) ;
#8599 = AXIS2_PLACEMENT_3D ( 'NONE', #7857, #4619, #10335 ) ;
#8600 = ORIENTED_EDGE ( 'NONE', *, *, #60, .T. ) ;
#8601 = LINE ( 'NONE', #2316, #10261 ) ;
#8602 = DIRECTION ( 'NONE',  ( 0.0000000000000000000, 0.0000000000000000000, 1.000000000000000000 ) ) ;
#8603 = ADVANCED_FACE ( 'NONE', ( #181 ), #1611, .F. ) ;
#8604 = ORIENTED_EDGE ( 'NONE', *, *, #779, .F. ) ;
#8605 = LINE ( 'NONE', #8396, #4518 ) ;
#8606 = EDGE_CURVE ( 'NONE', #9938, #7386, #6412, .T. ) ;
#8607 = EDGE_CURVE ( 'NONE', #5904, #6563, #4245, .T. ) ;
#8608 = ORIENTED_EDGE ( 'NONE', *, *, #341, .T. ) ;
#8609 = DIRECTION ( 'NONE',  ( 1.000000000000000000, -1.084202172489809400E-015, 0.0000000000000000000 ) ) ;
#8610 = VERTEX_POINT ( 'NONE', #818 ) ;
#8611 = CARTESIAN_POINT ( 'NONE',  ( 5.148821372569150500, 0.9846826248460804900, 0.0000000000000000000 ) ) ;
#8612 = CARTESIAN_POINT ( 'NONE',  ( 4.879675921658599900, -0.2903173751535639800, 0.0000000000000000000 ) ) ;
#8613 = PLANE ( 'NONE',  #2862 ) ;
#8614 = LINE ( 'NONE', #2566, #8348 ) ;
#8615 = DIRECTION ( 'NONE',  ( -0.0000000000000000000, 1.000000000000000000, -0.0000000000000000000 ) ) ;
#8616 = VERTEX_POINT ( 'NONE', #1648 ) ;
#8617 = AXIS2_PLACEMENT_3D ( 'NONE', #4795, #10523, #5616 ) ;
#8618 = LINE ( 'NONE', #3664, #6430 ) ;
#8619 = ADVANCED_FACE ( 'NONE', ( #8598 ), #4004, .F. ) ;
#8620 = VERTEX_POINT ( 'NONE', #3272 ) ;
#8621 = CARTESIAN_POINT ( 'NONE',  ( 5.754675921660088500, 0.8846826248450256900, -0.1000000000000000100 ) ) ;
#8622 = DIRECTION ( 'NONE',  ( 0.0000000000000000000, 0.0000000000000000000, 1.000000000000000000 ) ) ;
#8623 = EDGE_CURVE ( 'NONE', #3537, #9728, #6148, .T. ) ;
#8624 = DIRECTION ( 'NONE',  ( 0.0000000000000000000, 0.0000000000000000000, 1.000000000000000000 ) ) ;
#8625 = EDGE_CURVE ( 'NONE', #2724, #373, #10517, .T. ) ;
#8626 = VERTEX_POINT ( 'NONE', #8970 ) ;
#8627 = DIRECTION ( 'NONE',  ( -1.000000000000000000, 1.039665590236428300E-015, 0.0000000000000000000 ) ) ;
#8628 = VECTOR ( 'NONE', #4884, 1000.000000000000000 ) ;
#8629 = VECTOR ( 'NONE', #5648, 1000.000000000000000 ) ;
#8630 = ORIENTED_EDGE ( 'NONE', *, *, #2597, .F. ) ;
#8631 = CARTESIAN_POINT ( 'NONE',  ( 5.702066070335085600, 0.08440370535898600300, 0.0000000000000000000 ) ) ;
#8632 = DIRECTION ( 'NONE',  ( 1.000000000000000000, 2.891205793297583200E-015, 0.0000000000000000000 ) ) ;
#8633 = CARTESIAN_POINT ( 'NONE',  ( 5.829675921660816900, 1.459682624846193400, -0.1000000000000000100 ) ) ;
#8634 = VECTOR ( 'NONE', #4997, 1000.000000000000000 ) ;
#8635 = ORIENTED_EDGE ( 'NONE', *, *, #566, .T. ) ;
#8636 = PLANE ( 'NONE',  #6243 ) ;
#8637 = DIRECTION ( 'NONE',  ( 0.0000000000000000000, -1.000000000000000000, 0.0000000000000000000 ) ) ;
#8638 = CARTESIAN_POINT ( 'NONE',  ( 6.104675921659724800, 1.209682624846421200, 0.0000000000000000000 ) ) ;
#8639 = DIRECTION ( 'NONE',  ( 0.0000000000000000000, 0.0000000000000000000, 1.000000000000000000 ) ) ;
#8640 = DIRECTION ( 'NONE',  ( 0.8525082208477700000, 0.5227138159518741600, 0.0000000000000000000 ) ) ;
#8641 = CARTESIAN_POINT ( 'NONE',  ( 4.879675921659509400, 0.9596826248462082500, 0.0000000000000000000 ) ) ;
#8642 = VECTOR ( 'NONE', #2722, 1000.000000000000000 ) ;
#8643 = CARTESIAN_POINT ( 'NONE',  ( 5.664169081836870000, 0.09468262484602119100, 0.1000000000000000100 ) ) ;
#8644 = ORIENTED_EDGE ( 'NONE', *, *, #6237, .F. ) ;
#8645 = CARTESIAN_POINT ( 'NONE',  ( 5.558906690890459900, 0.9846826248459265000, 0.1000000000000000100 ) ) ;
#8646 = ORIENTED_EDGE ( 'NONE', *, *, #6004, .T. ) ;
#8647 = ORIENTED_EDGE ( 'NONE', *, *, #1318, .T. ) ;
#8648 = EDGE_CURVE ( 'NONE', #7542, #189, #10256, .T. ) ;
#8649 = DIRECTION ( 'NONE',  ( 0.7071067811865460200, -0.7071067811865490200, 0.0000000000000000000 ) ) ;
#8650 = ADVANCED_FACE ( 'NONE', ( #1605 ), #7809, .T. ) ;
#8651 = LINE ( 'NONE', #704, #2425 ) ;
#8652 = DIRECTION ( 'NONE',  ( 1.000000000000000000, 1.971276677254192800E-016, 0.0000000000000000000 ) ) ;
#8653 = ORIENTED_EDGE ( 'NONE', *, *, #7653, .T. ) ;
#8654 = AXIS2_PLACEMENT_3D ( 'NONE', #10030, #1100, #6759 ) ;
#8655 = ORIENTED_EDGE ( 'NONE', *, *, #8759, .F. ) ;
#8656 = VERTEX_POINT ( 'NONE', #4922 ) ;
#8657 = VERTEX_POINT ( 'NONE', #50 ) ;
#8658 = CARTESIAN_POINT ( 'NONE',  ( 4.879675921659111500, -0.2153173751533484500, -0.1000000000000000100 ) ) ;
#8659 = LINE ( 'NONE', #5100, #5961 ) ;
#8660 = LINE ( 'NONE', #1585, #1673 ) ;
#8661 = ADVANCED_FACE ( 'NONE', ( #3749 ), #3498, .F. ) ;
#8662 = EDGE_LOOP ( 'NONE', ( #6980, #2068, #8729, #3899 ) ) ;
#8663 = EDGE_LOOP ( 'NONE', ( #5742, #8577, #8951, #6460 ) ) ;
#8664 = ORIENTED_EDGE ( 'NONE', *, *, #9552, .T. ) ;
#8665 = EDGE_CURVE ( 'NONE', #10448, #4801, #5641, .T. ) ;
#8666 = CARTESIAN_POINT ( 'NONE',  ( 6.104675921659724800, 0.4596826248450710500, -0.1000000000000000100 ) ) ;
#8667 = EDGE_CURVE ( 'NONE', #1949, #380, #8077, .T. ) ;
#8668 = ORIENTED_EDGE ( 'NONE', *, *, #8333, .F. ) ;
#8669 = CARTESIAN_POINT ( 'NONE',  ( 5.954675921659633900, 1.009682624845805500, 0.1000000000000000100 ) ) ;
#8670 = LINE ( 'NONE', #182, #7635 ) ;
#8671 = AXIS2_PLACEMENT_3D ( 'NONE', #1744, #7419, #2554 ) ;
#8672 = EDGE_LOOP ( 'NONE', ( #185, #2706, #1413, #2559, #2538, #2910 ) ) ;
#8673 = ORIENTED_EDGE ( 'NONE', *, *, #5143, .T. ) ;
#8674 = CARTESIAN_POINT ( 'NONE',  ( 5.954675921659633900, 0.5096826248458022900, 0.1000000000000000100 ) ) ;
#8675 = VERTEX_POINT ( 'NONE', #83 ) ;
#8676 = EDGE_LOOP ( 'NONE', ( #5076, #10422, #706, #9787 ) ) ;
#8677 = ORIENTED_EDGE ( 'NONE', *, *, #3010, .T. ) ;
#8678 = CARTESIAN_POINT ( 'NONE',  ( 4.604675921659691100, 1.209682624845298500, -0.1000000000000000100 ) ) ;
#8679 = DIRECTION ( 'NONE',  ( 0.0000000000000000000, 0.0000000000000000000, 1.000000000000000000 ) ) ;
#8680 = EDGE_CURVE ( 'NONE', #10272, #9131, #5889, .T. ) ;
#8681 = LINE ( 'NONE', #4353, #6497 ) ;
#8682 = EDGE_CURVE ( 'NONE', #10177, #7765, #9998, .T. ) ;
#8683 = VERTEX_POINT ( 'NONE', #8201 ) ;
#8684 = DIRECTION ( 'NONE',  ( 0.0000000000000000000, 0.0000000000000000000, 1.000000000000000000 ) ) ;
#8685 = LINE ( 'NONE', #63, #8949 ) ;
#8686 = VECTOR ( 'NONE', #8821, 1000.000000000000000 ) ;
#8687 = DIRECTION ( 'NONE',  ( 0.0000000000000000000, 0.0000000000000000000, 1.000000000000000000 ) ) ;
#8688 = ORIENTED_EDGE ( 'NONE', *, *, #7437, .F. ) ;
#8689 = CARTESIAN_POINT ( 'NONE',  ( 6.004675921660368200, 0.9596826248450711600, 0.0000000000000000000 ) ) ;
#8690 = ORIENTED_EDGE ( 'NONE', *, *, #9618, .F. ) ;
#8691 = VECTOR ( 'NONE', #3645, 1000.000000000000000 ) ;
#8692 = DIRECTION ( 'NONE',  ( 0.0000000000000000000, 0.0000000000000000000, 1.000000000000000000 ) ) ;
#8693 = DIRECTION ( 'NONE',  ( -0.0000000000000000000, -0.0000000000000000000, -1.000000000000000000 ) ) ;
#8694 = FACE_OUTER_BOUND ( 'NONE', #3064, .T. ) ;
#8695 = COLOUR_RGB ( '',0.7921568627450980000, 0.8196078431372548800, 0.9333333333333333500 ) ;
#8696 = DIRECTION ( 'NONE',  ( 0.0000000000000000000, 0.0000000000000000000, 1.000000000000000000 ) ) ;
#8697 = EDGE_CURVE ( 'NONE', #4272, #6657, #7552, .T. ) ;
#8698 = VERTEX_POINT ( 'NONE', #4166 ) ;
#8699 = DIRECTION ( 'NONE',  ( 1.000000000000000000, -2.710505431234725100E-016, -0.0000000000000000000 ) ) ;
#8700 = CARTESIAN_POINT ( 'NONE',  ( 4.754675921659554700, 0.5096826248458685700, 0.0000000000000000000 ) ) ;
#8701 = DIRECTION ( 'NONE',  ( 4.644217066735657000E-016, 1.000000000000000000, -0.0000000000000000000 ) ) ;
#8702 = ORIENTED_EDGE ( 'NONE', *, *, #3559, .T. ) ;
#8703 = CARTESIAN_POINT ( 'NONE',  ( 5.829675921659729800, 1.009682624845805500, 0.1000000000000000100 ) ) ;
#8704 = CYLINDRICAL_SURFACE ( 'NONE', #8160, 0.04999999999999883000 ) ;
#8705 = CARTESIAN_POINT ( 'NONE',  ( 5.954675921659633900, 1.159682624845749900, 0.1000000000000000100 ) ) ;
#8706 = VECTOR ( 'NONE', #8120, 1000.000000000000100 ) ;
#8707 = ADVANCED_FACE ( 'NONE', ( #3254 ), #5795, .T. ) ;
#8708 = VECTOR ( 'NONE', #1772, 1000.000000000000000 ) ;
#8709 = ORIENTED_EDGE ( 'NONE', *, *, #2557, .F. ) ;
#8710 = DIRECTION ( 'NONE',  ( -0.0000000000000000000, -0.0000000000000000000, -1.000000000000000000 ) ) ;
#8711 = VERTEX_POINT ( 'NONE', #122 ) ;
#8712 = DIRECTION ( 'NONE',  ( -1.000000000000000000, 0.0000000000000000000, 0.0000000000000000000 ) ) ;
#8713 = LINE ( 'NONE', #4969, #2227 ) ;
#8714 = CARTESIAN_POINT ( 'NONE',  ( 5.154675921659544400, -0.01619039102726995200, 0.1000000000000000100 ) ) ;
#8715 = DIRECTION ( 'NONE',  ( -0.0000000000000000000, 0.0000000000000000000, 1.000000000000000000 ) ) ;
#8716 = LINE ( 'NONE', #5154, #8196 ) ;
#8717 = CARTESIAN_POINT ( 'NONE',  ( 4.704675921660040700, 1.209682624845298500, 0.1000000000000000100 ) ) ;
#8718 = ADVANCED_FACE ( 'NONE', ( #7306 ), #828, .T. ) ;
#8719 = AXIS2_PLACEMENT_3D ( 'NONE', #1498, #3136, #8833 ) ;
#8720 = CARTESIAN_POINT ( 'NONE',  ( 4.917175921659649300, 0.6596826248457984300, 0.0000000000000000000 ) ) ;
#8721 = DIRECTION ( 'NONE',  ( 0.0000000000000000000, -1.000000000000000000, 0.0000000000000000000 ) ) ;
#8722 = LINE ( 'NONE', #3469, #4375 ) ;
#8723 = FILL_AREA_STYLE ('',( #7854 ) ) ;
#8724 = VERTEX_POINT ( 'NONE', #9103 ) ;
#8725 = PLANE ( 'NONE',  #9972 ) ;
#8726 = ORIENTED_EDGE ( 'NONE', *, *, #7198, .T. ) ;
#8727 = VECTOR ( 'NONE', #3732, 1000.000000000000000 ) ;
#8728 = DIRECTION ( 'NONE',  ( 1.000000000000000000, 0.0000000000000000000, -0.0000000000000000000 ) ) ;
#8729 = ORIENTED_EDGE ( 'NONE', *, *, #6917, .F. ) ;
#8730 = CARTESIAN_POINT ( 'NONE',  ( 5.742751042523171800, 0.2344037053588794400, 0.0000000000000000000 ) ) ;
#8731 = EDGE_CURVE ( 'NONE', #9763, #10469, #2986, .T. ) ;
#8732 = AXIS2_PLACEMENT_3D ( 'NONE', #4800, #10528, #5618 ) ;
#8733 = EDGE_CURVE ( 'NONE', #6764, #1298, #9497, .T. ) ;
#8734 = VECTOR ( 'NONE', #1176, 1000.000000000000000 ) ;
#8735 = CARTESIAN_POINT ( 'NONE',  ( 4.754675921659555500, 1.009682624845826200, 0.1000000000000000100 ) ) ;
#8736 = DIRECTION ( 'NONE',  ( -0.0000000000000000000, -0.0000000000000000000, -1.000000000000000000 ) ) ;
#8737 = CARTESIAN_POINT ( 'NONE',  ( 5.700554488570705100, 0.4674901632768662700, 0.0000000000000000000 ) ) ;
#8739 = EDGE_LOOP ( 'NONE', ( #8461, #6927, #5098, #2394 ) ) ;
#8738 = DIRECTION ( 'NONE',  ( 0.0000000000000000000, -0.0000000000000000000, -1.000000000000000000 ) ) ;
#8740 = LINE ( 'NONE', #4873, #59 ) ;
#8741 = DIRECTION ( 'NONE',  ( 1.000000000000000000, 0.0000000000000000000, 0.0000000000000000000 ) ) ;
#8742 = CARTESIAN_POINT ( 'NONE',  ( 5.257423324848843100, 1.136155728467158200, 0.1000000000000000100 ) ) ;
#8743 = DIRECTION ( 'NONE',  ( 1.000000000000000000, -3.942553354508385700E-016, -0.0000000000000000000 ) ) ;
#8744 = LINE ( 'NONE', #6456, #2885 ) ;
#8745 = VERTEX_POINT ( 'NONE', #9921 ) ;
#8746 = EDGE_CURVE ( 'NONE', #10480, #230, #7032, .T. ) ;
#8747 = EDGE_CURVE ( 'NONE', #9094, #1805, #9230, .T. ) ;
#8748 = FACE_OUTER_BOUND ( 'NONE', #719, .T. ) ;
#8749 = VERTEX_POINT ( 'NONE', #7479 ) ;
#8750 = CARTESIAN_POINT ( 'NONE',  ( 5.451928518470427100, 1.136155728467002700, 0.1000000000000000100 ) ) ;
#8751 = CARTESIAN_POINT ( 'NONE',  ( 4.854675921659857200, 1.459682624844767000, -0.1000000000000000100 ) ) ;
#8752 = DIRECTION ( 'NONE',  ( 0.0000000000000000000, 0.0000000000000000000, 1.000000000000000000 ) ) ;
#8753 = ORIENTED_EDGE ( 'NONE', *, *, #9890, .F. ) ;
#8754 = LINE ( 'NONE', #8669, #78 ) ;
#8755 = FACE_OUTER_BOUND ( 'NONE', #10083, .T. ) ;
#8756 = DIRECTION ( 'NONE',  ( -0.9625661542539195600, -0.2710468569912210000, 0.0000000000000000000 ) ) ;
#8757 = EDGE_LOOP ( 'NONE', ( #10331, #9715, #2873, #3146 ) ) ;
#8758 = ADVANCED_FACE ( 'NONE', ( #1082 ), #1854, .T. ) ;
#8759 = EDGE_CURVE ( 'NONE', #2643, #9054, #6778, .T. ) ;
#8760 = EDGE_CURVE ( 'NONE', #118, #737, #2752, .T. ) ;
#8761 = CARTESIAN_POINT ( 'NONE',  ( 5.004675921659327300, 1.309682624845297700, -0.1000000000000000100 ) ) ;
#8762 = ORIENTED_EDGE ( 'NONE', *, *, #8760, .F. ) ;
#8763 = CARTESIAN_POINT ( 'NONE',  ( 5.354675921659713300, 0.09468262484602099600, 0.1000000000000000100 ) ) ;
#8764 = CIRCLE ( 'NONE', #6918, 0.04999999999999969700 ) ;
#8765 = ORIENTED_EDGE ( 'NONE', *, *, #6419, .F. ) ;
#8766 = CARTESIAN_POINT ( 'NONE',  ( 4.954675921659530000, 1.484682624845893300, 0.1000000000000000100 ) ) ;
#8767 =( LENGTH_UNIT ( ) NAMED_UNIT ( * ) SI_UNIT ( .MILLI., .METRE. ) );
#8768 = DIRECTION ( 'NONE',  ( 1.000000000000000000, 0.0000000000000000000, 0.0000000000000000000 ) ) ;
#8769 = VERTEX_POINT ( 'NONE', #1063 ) ;
#8770 = VERTEX_POINT ( 'NONE', #5906 ) ;
#8771 = ADVANCED_FACE ( 'NONE', ( #572 ), #4372, .F. ) ;
#8772 = DIRECTION ( 'NONE',  ( -1.000000000000000000, 0.0000000000000000000, 0.0000000000000000000 ) ) ;
#8773 = AXIS2_PLACEMENT_3D ( 'NONE', #864, #9816, #9557 ) ;
#8774 = DIRECTION ( 'NONE',  ( 0.0000000000000000000, 0.0000000000000000000, 1.000000000000000000 ) ) ;
#8775 = VECTOR ( 'NONE', #5729, 1000.000000000000000 ) ;
#8776 = ORIENTED_EDGE ( 'NONE', *, *, #9760, .T. ) ;
#8777 = ORIENTED_EDGE ( 'NONE', *, *, #10267, .T. ) ;
#8778 = ORIENTED_EDGE ( 'NONE', *, *, #10399, .T. ) ;
#8779 = AXIS2_PLACEMENT_3D ( 'NONE', #6921, #7745, #2902 ) ;
#8780 = PLANE ( 'NONE',  #9543 ) ;
#8781 = DIRECTION ( 'NONE',  ( 1.000000000000000000, 9.856383386270964100E-017, 0.0000000000000000000 ) ) ;
#8782 = CARTESIAN_POINT ( 'NONE',  ( 5.104675921659470800, 0.6496826248457312500, 0.1000000000000000100 ) ) ;
#8783 = VECTOR ( 'NONE', #8533, 1000.000000000000000 ) ;
#8784 = VECTOR ( 'NONE', #4457, 1000.000000000000000 ) ;
#8785 = ORIENTED_EDGE ( 'NONE', *, *, #2557, .T. ) ;
#8787 = ORIENTED_EDGE ( 'NONE', *, *, #6476, .T. ) ;
#8786 = CARTESIAN_POINT ( 'NONE',  ( 4.704675921659895000, 0.4596826248462082000, 0.0000000000000000000 ) ) ;
#8788 = ORIENTED_EDGE ( 'NONE', *, *, #5159, .F. ) ;
#8789 = CARTESIAN_POINT ( 'NONE',  ( 5.704854054024949900, 0.2446826248459102700, 0.1000000000000000100 ) ) ;
#8790 = EDGE_CURVE ( 'NONE', #4882, #8027, #4625, .T. ) ;
#8791 = LINE ( 'NONE', #5029, #4443 ) ;
#8792 = PLANE ( 'NONE',  #3223 ) ;
#8793 = LINE ( 'NONE', #6096, #3691 ) ;
#8794 = ORIENTED_EDGE ( 'NONE', *, *, #3196, .T. ) ;
#8795 = PLANE ( 'NONE',  #1856 ) ;
#8796 = LINE ( 'NONE', #4306, #2311 ) ;
#8797 = ORIENTED_EDGE ( 'NONE', *, *, #9662, .T. ) ;
#8798 = ORIENTED_EDGE ( 'NONE', *, *, #581, .F. ) ;
#8799 = ORIENTED_EDGE ( 'NONE', *, *, #5143, .F. ) ;
#8800 = VERTEX_POINT ( 'NONE', #8381 ) ;
#8801 = CARTESIAN_POINT ( 'NONE',  ( 4.604675921659691100, 1.584682624845752000, 0.7499999999999998900 ) ) ;
#8802 = VECTOR ( 'NONE', #9391, 1000.000000000000000 ) ;
#8803 = DIRECTION ( 'NONE',  ( 0.0000000000000000000, 0.0000000000000000000, 1.000000000000000000 ) ) ;
#8804 = DIRECTION ( 'NONE',  ( 2.891205793297583200E-015, -1.000000000000000000, 0.0000000000000000000 ) ) ;
#8805 = FACE_OUTER_BOUND ( 'NONE', #5848, .T. ) ;
#8806 = CARTESIAN_POINT ( 'NONE',  ( 5.979675921659509900, -0.3153173751542490100, 0.1000000000000000100 ) ) ;
#8807 = VERTEX_POINT ( 'NONE', #3480 ) ;
#8808 = EDGE_CURVE ( 'NONE', #2695, #4739, #8455, .T. ) ;
#8809 = VECTOR ( 'NONE', #6033, 1000.000000000000000 ) ;
#8810 = EDGE_CURVE ( 'NONE', #666, #10562, #44, .T. ) ;
#8811 = VERTEX_POINT ( 'NONE', #5127 ) ;
#8812 = VERTEX_POINT ( 'NONE', #6757 ) ;
#8813 = ORIENTED_EDGE ( 'NONE', *, *, #5772, .F. ) ;
#8814 = DIRECTION ( 'NONE',  ( 0.0000000000000000000, 1.000000000000000000, -0.0000000000000000000 ) ) ;
#8815 = ORIENTED_EDGE ( 'NONE', *, *, #6272, .F. ) ;
#8816 = DIRECTION ( 'NONE',  ( 1.000000000000000000, 0.0000000000000000000, 0.0000000000000000000 ) ) ;
#8817 = ADVANCED_FACE ( 'NONE', ( #2229 ), #1097, .F. ) ;
#8818 = ORIENTED_EDGE ( 'NONE', *, *, #10235, .F. ) ;
#8819 = ORIENTED_EDGE ( 'NONE', *, *, #9248, .F. ) ;
#8820 = CIRCLE ( 'NONE', #10511, 0.07499999999993189900 ) ;
#8821 = DIRECTION ( 'NONE',  ( -0.0000000000000000000, -0.0000000000000000000, -1.000000000000000000 ) ) ;
#8822 = EDGE_LOOP ( 'NONE', ( #9291, #2180, #10085, #6154, #6800, #3188, #77, #4805, #3217, #2569, #8057, #7425, #8934, #6332, #7884, #2186 ) ) ;
#8823 = VECTOR ( 'NONE', #2773, 1000.000000000000000 ) ;
#8824 = CIRCLE ( 'NONE', #2212, 0.04999999999999969700 ) ;
#8825 = DIRECTION ( 'NONE',  ( 1.000000000000000000, 0.0000000000000000000, 0.0000000000000000000 ) ) ;
#8826 = DIRECTION ( 'NONE',  ( 1.000000000000000000, 0.0000000000000000000, 0.0000000000000000000 ) ) ;
#8827 = VERTEX_POINT ( 'NONE', #308 ) ;
#8828 = EDGE_CURVE ( 'NONE', #7511, #8993, #8716, .T. ) ;
#8829 = EDGE_CURVE ( 'NONE', #9085, #5775, #4120, .T. ) ;
#8830 = ADVANCED_FACE ( 'NONE', ( #1723 ), #1951, .T. ) ;
#8831 = ORIENTED_EDGE ( 'NONE', *, *, #3169, .T. ) ;
#8832 = LINE ( 'NONE', #5060, #5870 ) ;
#8833 = DIRECTION ( 'NONE',  ( 1.000000000000000000, 2.168404344971021900E-015, 0.0000000000000000000 ) ) ;
#8834 = VECTOR ( 'NONE', #1407, 1000.000000000000000 ) ;
#8835 = CARTESIAN_POINT ( 'NONE',  ( 6.104675921659724800, 0.9596826248450711600, -0.1000000000000000100 ) ) ;
#8836 = LINE ( 'NONE', #481, #4226 ) ;
#8837 = EDGE_LOOP ( 'NONE', ( #9568, #9669, #3712, #9596 ) ) ;
#8838 = PLANE ( 'NONE',  #4022 ) ;
#8839 = ORIENTED_EDGE ( 'NONE', *, *, #6750, .T. ) ;
#8840 = LINE ( 'NONE', #6879, #8587 ) ;
#8841 = PRESENTATION_LAYER_ASSIGNMENT (  '', '', ( #9389 ) ) ;
#8842 = CARTESIAN_POINT ( 'NONE',  ( 4.954675921659327500, 0.3846826248461626700, -0.1000000000000000100 ) ) ;
#8843 = EDGE_CURVE ( 'NONE', #8616, #649, #6013, .T. ) ;
#8844 = CIRCLE ( 'NONE', #1185, 0.07500000000000214800 ) ;
#8845 = SURFACE_STYLE_USAGE ( .BOTH. , #8417 ) ;
#8846 = CARTESIAN_POINT ( 'NONE',  ( 5.104675921659546300, 0.09968262484573875400, 0.1000000000000000100 ) ) ;
#8847 = ORIENTED_EDGE ( 'NONE', *, *, #4237, .F. ) ;
#8848 = CIRCLE ( 'NONE', #937, 0.08000000000000021000 ) ;
#8849 = CARTESIAN_POINT ( 'NONE',  ( 4.704675921658628500, 1.459682624844767000, 0.1000000000000000100 ) ) ;
#8850 = LINE ( 'NONE', #4813, #4507 ) ;
#8851 = EDGE_CURVE ( 'NONE', #5724, #9953, #10117, .T. ) ;
#8852 = AXIS2_PLACEMENT_3D ( 'NONE', #4812, #10540, #5629 ) ;
#8853 = DIRECTION ( 'NONE',  ( -0.0000000000000000000, -0.0000000000000000000, -1.000000000000000000 ) ) ;
#8854 = ORIENTED_EDGE ( 'NONE', *, *, #3768, .F. ) ;
#8855 = EDGE_CURVE ( 'NONE', #6056, #9203, #10377, .T. ) ;
#8856 = SURFACE_SIDE_STYLE ('',( #4010 ) ) ;
#8857 = CARTESIAN_POINT ( 'NONE',  ( 4.879675921658599900, 0.7096826248464360700, -0.1000000000000000100 ) ) ;
#8858 = LINE ( 'NONE', #10390, #188 ) ;
#8859 = CARTESIAN_POINT ( 'NONE',  ( 5.354675921659713300, 0.09468262484602194000, 0.1000000000000000100 ) ) ;
#8860 = ORIENTED_EDGE ( 'NONE', *, *, #9903, .T. ) ;
#8861 = VECTOR ( 'NONE', #4289, 1000.000000000000000 ) ;
#8862 = AXIS2_PLACEMENT_3D ( 'NONE', #7951, #3099, #8781 ) ;
#8863 = CARTESIAN_POINT ( 'NONE',  ( 4.879675921659459600, 1.009682624845825900, 0.1000000000000000100 ) ) ;
#8864 = ORIENTED_EDGE ( 'NONE', *, *, #164, .T. ) ;
#8865 = ADVANCED_FACE ( 'NONE', ( #3616 ), #3369, .T. ) ;
#8866 = DIRECTION ( 'NONE',  ( -0.7071067811865468000, -0.7071067811865483500, -0.0000000000000000000 ) ) ;
#8867 = CARTESIAN_POINT ( 'NONE',  ( 4.754675921659555500, 1.009682624845826200, 0.1000000000000000100 ) ) ;
#8868 = CIRCLE ( 'NONE', #3009, 0.07499999999993189900 ) ;
#8869 = ORIENTED_EDGE ( 'NONE', *, *, #8829, .T. ) ;
#8870 = LINE ( 'NONE', #6063, #4527 ) ;
#8871 = ORIENTED_EDGE ( 'NONE', *, *, #1570, .F. ) ;
#8872 = EDGE_CURVE ( 'NONE', #2994, #1736, #7678, .T. ) ;
#8873 = EDGE_CURVE ( 'NONE', #1485, #3537, #5509, .T. ) ;
#8874 = CARTESIAN_POINT ( 'NONE',  ( 6.004675921659058200, -0.2903173751547012400, 0.0000000000000000000 ) ) ;
#8875 = CARTESIAN_POINT ( 'NONE',  ( 4.954675921659327500, 0.8846826248462763600, -0.1000000000000000100 ) ) ;
#8876 = PLANE ( 'NONE',  #8281 ) ;
#8877 = ADVANCED_FACE ( 'NONE', ( #5248 ), #1207, .T. ) ;
#8878 = CARTESIAN_POINT ( 'NONE',  ( 5.829675921659906600, -0.04031737515492883600, -0.1000000000000000100 ) ) ;
#8879 = CARTESIAN_POINT ( 'NONE',  ( 5.104675921659470800, 0.2496826248458502400, 0.1000000000000000100 ) ) ;
#8880 = ORIENTED_EDGE ( 'NONE', *, *, #1192, .T. ) ;
#8881 = AXIS2_PLACEMENT_3D ( 'NONE', #5307, #2108, #7771 ) ;
#8882 = VECTOR ( 'NONE', #10530, 1000.000000000000000 ) ;
#8883 = CARTESIAN_POINT ( 'NONE',  ( 5.054675921659471000, 0.2496826248458502400, 0.0000000000000000000 ) ) ;
#8884 = CIRCLE ( 'NONE', #7065, 0.04999999999999969700 ) ;
#8885 = VERTEX_POINT ( 'NONE', #10128 ) ;
#8886 = PLANE ( 'NONE',  #1161 ) ;
#8887 = CARTESIAN_POINT ( 'NONE',  ( 4.604675921659691100, -0.4153173751542453800, 0.7499999999999998900 ) ) ;
#8888 = CARTESIAN_POINT ( 'NONE',  ( 5.219675921659555400, 0.9846826248460804900, 0.1000000000000000100 ) ) ;
#8889 = EDGE_CURVE ( 'NONE', #9197, #4485, #1211, .T. ) ;
#8890 = CARTESIAN_POINT ( 'NONE',  ( 5.354675921659710600, 0.4146826248459104000, 0.0000000000000000000 ) ) ;
#8891 = ORIENTED_EDGE ( 'NONE', *, *, #5526, .F. ) ;
#8892 = CARTESIAN_POINT ( 'NONE',  ( 6.004675921659058200, 1.459682624846193600, 0.1000000000000000100 ) ) ;
#8893 = LINE ( 'NONE', #9832, #6691 ) ;
#8894 = VERTEX_POINT ( 'NONE', #5259 ) ;
#8895 = PLANE ( 'NONE',  #7006 ) ;
#8896 = MECHANICAL_DESIGN_GEOMETRIC_PRESENTATION_REPRESENTATION (  '', ( #5594 ), #9444 ) ;
#8897 = DIRECTION ( 'NONE',  ( 1.000000000000000000, 0.0000000000000000000, 0.0000000000000000000 ) ) ;
#8898 = DIRECTION ( 'NONE',  ( 0.0000000000000000000, 0.0000000000000000000, 1.000000000000000000 ) ) ;
#8899 = ORIENTED_EDGE ( 'NONE', *, *, #1390, .T. ) ;
#8900 = CARTESIAN_POINT ( 'NONE',  ( 5.104675921659472600, 0.5996826248457300900, 0.0000000000000000000 ) ) ;
#8901 = AXIS2_PLACEMENT_3D ( 'NONE', #2384, #8055, #3193 ) ;
#8902 = VECTOR ( 'NONE', #7529, 1000.000000000000000 ) ;
#8903 = CARTESIAN_POINT ( 'NONE',  ( 5.700554488570705100, 0.4674901632768662700, 0.0000000000000000000 ) ) ;
#8904 = SURFACE_STYLE_USAGE ( .BOTH. , #5856 ) ;
#8905 = CARTESIAN_POINT ( 'NONE',  ( 5.269675921659555200, 1.034682624846080100, 0.1000000000000000100 ) ) ;
#8906 = ORIENTED_EDGE ( 'NONE', *, *, #8401, .F. ) ;
#8907 = EDGE_CURVE ( 'NONE', #9581, #9665, #3118, .T. ) ;
#8908 = VERTEX_POINT ( 'NONE', #9356 ) ;
#8909 = CARTESIAN_POINT ( 'NONE',  ( 5.104675921659546300, 0.04968262484573999400, 0.0000000000000000000 ) ) ;
#8910 = EDGE_LOOP ( 'NONE', ( #273, #9871, #2981, #2573 ) ) ;
#8911 = LINE ( 'NONE', #3905, #6705 ) ;
#8912 = DIRECTION ( 'NONE',  ( -0.0000000000000000000, -0.0000000000000000000, -1.000000000000000000 ) ) ;
#8914 = EDGE_LOOP ( 'NONE', ( #6358, #8345, #6287, #2646 ) ) ;
#8913 = CARTESIAN_POINT ( 'NONE',  ( 5.754675921659735800, -0.3153173751542484600, 0.1000000000000000100 ) ) ;
#8915 = ORIENTED_EDGE ( 'NONE', *, *, #691, .F. ) ;
#8916 = CARTESIAN_POINT ( 'NONE',  ( 5.754675921660088500, 0.8846826248450256900, -0.1000000000000000100 ) ) ;
#8917 = VERTEX_POINT ( 'NONE', #417 ) ;
#8918 = ORIENTED_EDGE ( 'NONE', *, *, #2312, .F. ) ;
#8919 = DIRECTION ( 'NONE',  ( -0.8168917372397704900, 0.5767910276949441700, 0.0000000000000000000 ) ) ;
#8920 = CARTESIAN_POINT ( 'NONE',  ( 4.604675921659691100, -0.04031737515379176000, -0.1000000000000000100 ) ) ;
#8921 = STYLED_ITEM ( 'NONE', ( #4326 ), #2161 ) ;
#8922 = DIRECTION ( 'NONE',  ( 1.000000000000000000, 0.0000000000000000000, 0.0000000000000000000 ) ) ;
#8923 = DIRECTION ( 'NONE',  ( 0.0000000000000000000, 0.0000000000000000000, 1.000000000000000000 ) ) ;
#8924 = VECTOR ( 'NONE', #4317, 1000.000000000000100 ) ;
#8925 = VECTOR ( 'NONE', #2464, 1000.000000000000000 ) ;
#8926 = DIRECTION ( 'NONE',  ( -1.000000000000000000, 0.0000000000000000000, 0.0000000000000000000 ) ) ;
#8927 = VERTEX_POINT ( 'NONE', #2056 ) ;
#8928 = ORIENTED_EDGE ( 'NONE', *, *, #883, .T. ) ;
#8929 = ORIENTED_EDGE ( 'NONE', *, *, #9013, .T. ) ;
#8930 = ADVANCED_FACE ( 'NONE', ( #5005 ), #3674, .F. ) ;
#8931 = LINE ( 'NONE', #8867, #5719 ) ;
#8932 = VECTOR ( 'NONE', #2596, 1000.000000000000000 ) ;
#8933 = ORIENTED_EDGE ( 'NONE', *, *, #1445, .F. ) ;
#8934 = ORIENTED_EDGE ( 'NONE', *, *, #5926, .T. ) ;
#8935 = ORIENTED_EDGE ( 'NONE', *, *, #5929, .T. ) ;
#8936 = VERTEX_POINT ( 'NONE', #2876 ) ;
#8937 = CARTESIAN_POINT ( 'NONE',  ( 5.754675921660088500, 0.3846826248450256900, 0.0000000000000000000 ) ) ;
#8938 = EDGE_CURVE ( 'NONE', #969, #7708, #7165, .T. ) ;
#8939 = ORIENTED_EDGE ( 'NONE', *, *, #1680, .F. ) ;
#8940 = EDGE_CURVE ( 'NONE', #3481, #1957, #9877, .T. ) ;
#8941 = DIRECTION ( 'NONE',  ( 1.000000000000000000, 0.0000000000000000000, -0.0000000000000000000 ) ) ;
#8942 = CARTESIAN_POINT ( 'NONE',  ( 5.829675921660020200, 0.8846826248451392600, 0.0000000000000000000 ) ) ;
#8943 = CARTESIAN_POINT ( 'NONE',  ( 5.829675921659906600, 0.4596826248450711600, -0.1000000000000000100 ) ) ;
#8944 = AXIS2_PLACEMENT_3D ( 'NONE', #712, #7211, #2371 ) ;
#8945 = EDGE_LOOP ( 'NONE', ( #7421, #6774, #2066, #7870 ) ) ;
#8946 = LINE ( 'NONE', #5975, #533 ) ;
#8947 = DIRECTION ( 'NONE',  ( -1.000000000000000000, 0.0000000000000000000, 0.0000000000000000000 ) ) ;
#8948 = ORIENTED_EDGE ( 'NONE', *, *, #4510, .F. ) ;
#8949 = VECTOR ( 'NONE', #261, 1000.000000000000100 ) ;
#8950 = CARTESIAN_POINT ( 'NONE',  ( 5.439675921659715900, 1.103366499252742500, 0.0000000000000000000 ) ) ;
#8951 = ORIENTED_EDGE ( 'NONE', *, *, #5929, .F. ) ;
#8952 = CARTESIAN_POINT ( 'NONE',  ( 4.604675921659691100, -0.4153173751542453800, -0.1000000000000000100 ) ) ;
#8953 = ORIENTED_EDGE ( 'NONE', *, *, #2543, .F. ) ;
#8954 = PLANE ( 'NONE',  #2170 ) ;
#8955 = LINE ( 'NONE', #7661, #6753 ) ;
#8956 = EDGE_CURVE ( 'NONE', #7689, #7732, #9358, .T. ) ;
#8957 = CARTESIAN_POINT ( 'NONE',  ( 6.104675921659724800, 0.7096826248452986500, 0.1000000000000000100 ) ) ;
#8958 = EDGE_CURVE ( 'NONE', #958, #8807, #9100, .T. ) ;
#8959 = CARTESIAN_POINT ( 'NONE',  ( 4.604675921659691100, 1.584682624845752000, 0.7499999999999998900 ) ) ;
#8960 = VECTOR ( 'NONE', #6533, 1000.000000000000000 ) ;
#8961 = VECTOR ( 'NONE', #4626, 1000.000000000000000 ) ;
#8962 = VERTEX_POINT ( 'NONE', #4529 ) ;
#8963 = AXIS2_PLACEMENT_3D ( 'NONE', #5069, #6696, #9940 ) ;
#8964 = DIRECTION ( 'NONE',  ( 0.0000000000000000000, 0.0000000000000000000, 1.000000000000000000 ) ) ;
#8965 = ORIENTED_EDGE ( 'NONE', *, *, #8300, .F. ) ;
#8966 = VECTOR ( 'NONE', #683, 1000.000000000000000 ) ;
#8967 = CARTESIAN_POINT ( 'NONE',  ( 4.954675921659529100, 1.159682624845901600, 0.1000000000000000100 ) ) ;
#8968 = DIRECTION ( 'NONE',  ( -0.0000000000000000000, -0.0000000000000000000, -1.000000000000000000 ) ) ;
#8969 = LINE ( 'NONE', #8957, #4360 ) ;
#8970 = CARTESIAN_POINT ( 'NONE',  ( 4.954675921659530900, -0.3153173751544004500, 0.0000000000000000000 ) ) ;
#8971 = EDGE_CURVE ( 'NONE', #6484, #958, #6646, .T. ) ;
#8972 = FACE_OUTER_BOUND ( 'NONE', #1371, .T. ) ;
#8973 = EDGE_CURVE ( 'NONE', #7614, #7722, #2609, .T. ) ;
#8974 = VERTEX_POINT ( 'NONE', #6151 ) ;
#8975 = ORIENTED_EDGE ( 'NONE', *, *, #2487, .F. ) ;
#8976 = EDGE_LOOP ( 'NONE', ( #7411, #8965, #8278, #5688 ) ) ;
#8977 = LINE ( 'NONE', #6532, #4623 ) ;
#8978 = DIRECTION ( 'NONE',  ( -0.7071067811865490200, 0.7071067811865460200, 0.0000000000000000000 ) ) ;
#8979 = CARTESIAN_POINT ( 'NONE',  ( 4.754675921659554700, 0.6596826248457988700, 0.0000000000000000000 ) ) ;
#8980 = DIRECTION ( 'NONE',  ( 0.7071067811865460200, 0.7071067811865489100, -0.0000000000000000000 ) ) ;
#8981 = PLANE ( 'NONE',  #10308 ) ;
#8982 = VECTOR ( 'NONE', #9996, 1000.000000000000000 ) ;
#8983 = VECTOR ( 'NONE', #9912, 1000.000000000000100 ) ;
#8984 = DIRECTION ( 'NONE',  ( 0.7071067811865430200, 0.7071067811865521200, 0.0000000000000000000 ) ) ;
#8985 = DIRECTION ( 'NONE',  ( -0.0000000000000000000, -0.0000000000000000000, -1.000000000000000000 ) ) ;
#8987 = ORIENTED_EDGE ( 'NONE', *, *, #4645, .T. ) ;
#8986 = DIRECTION ( 'NONE',  ( 0.0000000000000000000, 0.0000000000000000000, 1.000000000000000000 ) ) ;
#8988 = LINE ( 'NONE', #6130, #9505 ) ;
#8989 = ADVANCED_FACE ( 'NONE', ( #174 ), #2939, .F. ) ;
#8990 = PLANE ( 'NONE',  #2525 ) ;
#8991 = CARTESIAN_POINT ( 'NONE',  ( 5.829675921659729800, 1.009682624845805500, 0.0000000000000000000 ) ) ;
#8992 = AXIS2_PLACEMENT_3D ( 'NONE', #3055, #1464, #8712 ) ;
#8993 = VERTEX_POINT ( 'NONE', #2132 ) ;
#8994 = CARTESIAN_POINT ( 'NONE',  ( 4.704675921660172100, -0.04031737515379178000, 0.1000000000000000100 ) ) ;
#8995 = CARTESIAN_POINT ( 'NONE',  ( 5.054675921659471000, 0.6996826248457589400, 0.1000000000000000100 ) ) ;
#8996 = LINE ( 'NONE', #1959, #584 ) ;
#8997 = ORIENTED_EDGE ( 'NONE', *, *, #6891, .F. ) ;
#8998 = CIRCLE ( 'NONE', #4555, 0.04999999999999883000 ) ;
#8999 = EDGE_CURVE ( 'NONE', #10039, #9571, #6400, .T. ) ;
#9000 = DIRECTION ( 'NONE',  ( 0.0000000000000000000, 0.0000000000000000000, 1.000000000000000000 ) ) ;
#9001 = DIRECTION ( 'NONE',  ( 0.0000000000000000000, 0.0000000000000000000, 1.000000000000000000 ) ) ;
#9002 = LINE ( 'NONE', #9595, #4653 ) ;
#9003 = ORIENTED_EDGE ( 'NONE', *, *, #7903, .T. ) ;
#9004 = DIRECTION ( 'NONE',  ( -0.0000000000000000000, -0.0000000000000000000, -1.000000000000000000 ) ) ;
#9005 = VECTOR ( 'NONE', #2690, 1000.000000000000000 ) ;
#9006 = ORIENTED_EDGE ( 'NONE', *, *, #4455, .T. ) ;
#9007 = CARTESIAN_POINT ( 'NONE',  ( 4.879675921659534200, 0.009682624845666513300, 0.1000000000000000100 ) ) ;
#9008 = CARTESIAN_POINT ( 'NONE',  ( 4.954675921659327500, 0.3846826248461626700, 0.0000000000000000000 ) ) ;
#9009 = DIRECTION ( 'NONE',  ( 1.000000000000000000, 0.0000000000000000000, 0.0000000000000000000 ) ) ;
#9010 = ORIENTED_EDGE ( 'NONE', *, *, #10163, .T. ) ;
#9012 = ORIENTED_EDGE ( 'NONE', *, *, #6639, .F. ) ;
#9011 = EDGE_CURVE ( 'NONE', #2433, #3761, #8844, .T. ) ;
#9013 = EDGE_CURVE ( 'NONE', #2146, #6331, #2362, .T. ) ;
#9014 = LINE ( 'NONE', #8489, #5163 ) ;
#9015 = VERTEX_POINT ( 'NONE', #1345 ) ;
#9016 = CARTESIAN_POINT ( 'NONE',  ( 6.104675921659724800, -0.4153173751542453800, 0.7499999999999998900 ) ) ;
#9017 = ORIENTED_EDGE ( 'NONE', *, *, #4550, .F. ) ;
#9018 = AXIS2_PLACEMENT_3D ( 'NONE', #2013, #2844, #8521 ) ;
#9019 = CARTESIAN_POINT ( 'NONE',  ( 5.754675921660088500, 0.2846826248451166400, -0.1000000000000000100 ) ) ;
#9020 = VECTOR ( 'NONE', #3689, 1000.000000000000000 ) ;
#9021 = DIRECTION ( 'NONE',  ( 0.0000000000000000000, 0.0000000000000000000, 1.000000000000000000 ) ) ;
#9022 = EDGE_LOOP ( 'NONE', ( #3148, #1694, #2896, #1133 ) ) ;
#9023 = EDGE_CURVE ( 'NONE', #7218, #4394, #8590, .T. ) ;
#9024 = ORIENTED_EDGE ( 'NONE', *, *, #10293, .F. ) ;
#9025 = EDGE_CURVE ( 'NONE', #9797, #1792, #10508, .T. ) ;
#9026 = ORIENTED_EDGE ( 'NONE', *, *, #7906, .T. ) ;
#9027 = CARTESIAN_POINT ( 'NONE',  ( 5.104675921659470800, 0.2496826248458502400, 0.0000000000000000000 ) ) ;
#9028 = SURFACE_SIDE_STYLE ('',( #9555 ) ) ;
#9029 = DIRECTION ( 'NONE',  ( 0.0000000000000000000, 0.0000000000000000000, 1.000000000000000000 ) ) ;
#9030 = ADVANCED_FACE ( 'NONE', ( #4235 ), #3824, .T. ) ;
#9031 = LINE ( 'NONE', #4067, #2288 ) ;
#9032 = ORIENTED_EDGE ( 'NONE', *, *, #9378, .F. ) ;
#9033 = DIRECTION ( 'NONE',  ( 0.7422680412375349800, 0.6701030927830382600, -0.0000000000000000000 ) ) ;
#9034 = ORIENTED_EDGE ( 'NONE', *, *, #3008, .T. ) ;
#9035 = VERTEX_POINT ( 'NONE', #590 ) ;
#9036 = CARTESIAN_POINT ( 'NONE',  ( 4.704675921660040700, 1.209682624845298500, 0.1000000000000000100 ) ) ;
#9037 = EDGE_CURVE ( 'NONE', #4175, #6862, #1845, .T. ) ;
#9038 = LINE ( 'NONE', #1180, #375 ) ;
#9039 = LINE ( 'NONE', #9540, #9300 ) ;
#9040 = ORIENTED_EDGE ( 'NONE', *, *, #9692, .F. ) ;
#9041 = EDGE_LOOP ( 'NONE', ( #3085, #505, #6093, #1618 ) ) ;
#9042 = EDGE_LOOP ( 'NONE', ( #8440, #1589, #900, #4557, #1794, #7379, #1729, #2391, #1829, #6173, #360, #4841, #7096, #9859 ) ) ;
#9043 = DIRECTION ( 'NONE',  ( -0.0000000000000000000, 0.0000000000000000000, -1.000000000000000000 ) ) ;
#9044 = FACE_OUTER_BOUND ( 'NONE', #9885, .T. ) ;
#9045 = DIRECTION ( 'NONE',  ( 0.0000000000000000000, 0.0000000000000000000, 1.000000000000000000 ) ) ;
#9046 = VECTOR ( 'NONE', #9156, 1000.000000000000000 ) ;
#9047 = DIRECTION ( 'NONE',  ( 0.0000000000000000000, 0.0000000000000000000, 1.000000000000000000 ) ) ;
#9048 = VERTEX_POINT ( 'NONE', #8705 ) ;
#9049 = VECTOR ( 'NONE', #370, 1000.000000000000000 ) ;
#9050 = EDGE_CURVE ( 'NONE', #820, #138, #3992, .T. ) ;
#9051 = DIRECTION ( 'NONE',  ( -0.7071067811865460200, 0.7071067811865490200, 0.0000000000000000000 ) ) ;
#9052 = EDGE_LOOP ( 'NONE', ( #3429, #8306, #7664, #2837 ) ) ;
#9053 = VERTEX_POINT ( 'NONE', #2232 ) ;
#9054 = VERTEX_POINT ( 'NONE', #7905 ) ;
#9055 = DIRECTION ( 'NONE',  ( 0.0000000000000000000, 0.0000000000000000000, 1.000000000000000000 ) ) ;
#9056 = DIRECTION ( 'NONE',  ( 1.000000000000000000, -1.182766006352519600E-015, 0.0000000000000000000 ) ) ;
#9057 = LINE ( 'NONE', #9426, #8802 ) ;
#9058 = CARTESIAN_POINT ( 'NONE',  ( 5.154675921659544400, 0.04968262484573977200, 0.1000000000000000100 ) ) ;
#9059 = AXIS2_PLACEMENT_3D ( 'NONE', #1067, #10032, #5129 ) ;
#9060 = DIRECTION ( 'NONE',  ( 0.0000000000000000000, 0.0000000000000000000, -1.000000000000000000 ) ) ;
#9061 = CIRCLE ( 'NONE', #3122, 0.05000000000000143200 ) ;
#9062 = ORIENTED_EDGE ( 'NONE', *, *, #9602, .F. ) ;
#9063 = LINE ( 'NONE', #335, #6864 ) ;
#9064 = CARTESIAN_POINT ( 'NONE',  ( 5.304675921659710800, 0.7846826248458012000, 0.1000000000000000100 ) ) ;
#9065 = ORIENTED_EDGE ( 'NONE', *, *, #1048, .T. ) ;
#9066 = VERTEX_POINT ( 'NONE', #6257 ) ;
#9067 = EDGE_LOOP ( 'NONE', ( #9939, #2826, #8864, #4646, #5286, #1675, #10170, #4207, #7908, #3219, #4363, #1602, #4951, #6970 ) ) ;
#9068 = ORIENTED_EDGE ( 'NONE', *, *, #3236, .F. ) ;
#9069 = CARTESIAN_POINT ( 'NONE',  ( 4.879675921659509400, 0.9596826248462082500, -0.1000000000000000100 ) ) ;
#9070 = ORIENTED_EDGE ( 'NONE', *, *, #442, .T. ) ;
#9071 = CIRCLE ( 'NONE', #8307, 0.04999999999999969700 ) ;
#9072 = CARTESIAN_POINT ( 'NONE',  ( 5.870360893847723600, 0.1596826248457505200, 0.1000000000000000100 ) ) ;
#9073 = CARTESIAN_POINT ( 'NONE',  ( 4.879675921659111500, 0.2846826248466515800, -0.1000000000000000100 ) ) ;
#9074 = VERTEX_POINT ( 'NONE', #3863 ) ;
#9075 = DIRECTION ( 'NONE',  ( 0.5767910276949441700, 0.8168917372397704900, 0.0000000000000000000 ) ) ;
#9076 = EDGE_CURVE ( 'NONE', #3106, #595, #10247, .T. ) ;
#9077 = VECTOR ( 'NONE', #7649, 1000.000000000000000 ) ;
#9078 = CIRCLE ( 'NONE', #1120, 0.04999999999999969700 ) ;
#9079 = AXIS2_PLACEMENT_3D ( 'NONE', #4259, #248, #5928 ) ;
#9080 = EDGE_CURVE ( 'NONE', #7314, #7723, #9989, .T. ) ;
#9081 = DIRECTION ( 'NONE',  ( -0.0000000000000000000, -0.0000000000000000000, -1.000000000000000000 ) ) ;
#9082 = ORIENTED_EDGE ( 'NONE', *, *, #7856, .F. ) ;
#9083 = ORIENTED_EDGE ( 'NONE', *, *, #8379, .T. ) ;
#9084 = VECTOR ( 'NONE', #7382, 1000.000000000000000 ) ;
#9085 = VERTEX_POINT ( 'NONE', #7940 ) ;
#9086 = PLANE ( 'NONE',  #2921 ) ;
#9087 = LINE ( 'NONE', #3819, #2856 ) ;
#9088 = PLANE ( 'NONE',  #6199 ) ;
#9089 = LINE ( 'NONE', #1203, #3112 ) ;
#9090 = ORIENTED_EDGE ( 'NONE', *, *, #1032, .T. ) ;
#9091 = ADVANCED_FACE ( 'NONE', ( #3488 ), #6291, .F. ) ;
#9092 = EDGE_CURVE ( 'NONE', #8749, #729, #9746, .T. ) ;
#9093 = CARTESIAN_POINT ( 'NONE',  ( 5.664169081836870000, 0.09468262484602119100, 0.1000000000000000100 ) ) ;
#9094 = VERTEX_POINT ( 'NONE', #4697 ) ;
#9095 = LINE ( 'NONE', #9334, #435 ) ;
#9096 = CARTESIAN_POINT ( 'NONE',  ( 5.829675921660816900, 0.2096826248452990100, 0.0000000000000000000 ) ) ;
#9097 = PLANE ( 'NONE',  #4941 ) ;
#9098 = DIRECTION ( 'NONE',  ( -1.000000000000000000, 2.602085213967212400E-015, 0.0000000000000000000 ) ) ;
#9099 = DIRECTION ( 'NONE',  ( 0.0000000000000000000, 0.0000000000000000000, 1.000000000000000000 ) ) ;
#9100 = LINE ( 'NONE', #9424, #438 ) ;
#9101 = AXIS2_PLACEMENT_3D ( 'NONE', #8342, #3473, #9167 ) ;
#9102 = FACE_OUTER_BOUND ( 'NONE', #9052, .T. ) ;
#9103 = CARTESIAN_POINT ( 'NONE',  ( 5.269675921659555200, 1.034682624846080100, 0.0000000000000000000 ) ) ;
#9104 = EDGE_CURVE ( 'NONE', #4903, #10352, #1332, .T. ) ;
#9105 = EDGE_CURVE ( 'NONE', #4842, #4481, #7544, .T. ) ;
#9106 = LINE ( 'NONE', #5593, #6906 ) ;
#9107 = CARTESIAN_POINT ( 'NONE',  ( 5.754675921660088500, -0.1153173751549743100, -0.1000000000000000100 ) ) ;
#9108 = DIRECTION ( 'NONE',  ( 1.000000000000000000, 0.0000000000000000000, 0.0000000000000000000 ) ) ;
#9109 = ORIENTED_EDGE ( 'NONE', *, *, #6852, .F. ) ;
#9110 = DIRECTION ( 'NONE',  ( 0.0000000000000000000, 0.0000000000000000000, 1.000000000000000000 ) ) ;
#9111 = FACE_OUTER_BOUND ( 'NONE', #456, .T. ) ;
#9112 = ORIENTED_EDGE ( 'NONE', *, *, #9136, .T. ) ;
#9113 = LINE ( 'NONE', #10009, #4763 ) ;
#9114 = AXIS2_PLACEMENT_3D ( 'NONE', #7871, #3584, #9968 ) ;
#9115 = CARTESIAN_POINT ( 'NONE',  ( 5.870360893847723600, 0.1596826248457505200, 0.1000000000000000100 ) ) ;
#9116 = CARTESIAN_POINT ( 'NONE',  ( 4.604675921659691100, 0.9596826248462082500, 0.1000000000000000500 ) ) ;
#9117 = VERTEX_POINT ( 'NONE', #3922 ) ;
#9118 = DIRECTION ( 'NONE',  ( 1.000000000000000000, 0.0000000000000000000, 0.0000000000000000000 ) ) ;
#9119 =( NAMED_UNIT ( * ) PLANE_ANGLE_UNIT ( ) SI_UNIT ( $, .RADIAN. ) );
#9120 = VECTOR ( 'NONE', #6562, 1000.000000000000000 ) ;
#9121 = CARTESIAN_POINT ( 'NONE',  ( 5.829675921660816900, -0.2903173751547010200, -0.1000000000000000100 ) ) ;
#9122 = DIRECTION ( 'NONE',  ( 1.000000000000000000, 0.0000000000000000000, -0.0000000000000000000 ) ) ;
#9123 = ORIENTED_EDGE ( 'NONE', *, *, #3954, .T. ) ;
#9124 = LINE ( 'NONE', #10121, #6925 ) ;
#9125 = PLANE ( 'NONE',  #3694 ) ;
#9126 = AXIS2_PLACEMENT_3D ( 'NONE', #7358, #2503, #8184 ) ;
#9127 = ORIENTED_EDGE ( 'NONE', *, *, #7372, .F. ) ;
#9128 = PLANE ( 'NONE',  #9894 ) ;
#9129 = DIRECTION ( 'NONE',  ( -0.0000000000000000000, 1.000000000000000000, -0.0000000000000000000 ) ) ;
#9131 = VERTEX_POINT ( 'NONE', #6326 ) ;
#9130 = DIRECTION ( 'NONE',  ( 1.000000000000000000, 0.0000000000000000000, -0.0000000000000000000 ) ) ;
#9132 = LINE ( 'NONE', #730, #477 ) ;
#9133 = LINE ( 'NONE', #4730, #2645 ) ;
#9134 = DIRECTION ( 'NONE',  ( 1.000000000000000000, 0.0000000000000000000, 0.0000000000000000000 ) ) ;
#9135 = EDGE_LOOP ( 'NONE', ( #5075, #2519, #10535, #1860 ) ) ;
#9136 = EDGE_CURVE ( 'NONE', #118, #10177, #9485, .T. ) ;
#9137 = AXIS2_PLACEMENT_3D ( 'NONE', #2210, #7877, #3023 ) ;
#9138 = DIRECTION ( 'NONE',  ( 1.000000000000000000, 0.0000000000000000000, 0.0000000000000000000 ) ) ;
#9139 = ADVANCED_FACE ( 'NONE', ( #8064 ), #9640, .T. ) ;
#9140 = DIRECTION ( 'NONE',  ( -0.7422680412375349800, -0.6701030927830382600, 0.0000000000000000000 ) ) ;
#9141 = PLANE ( 'NONE',  #2912 ) ;
#9142 = UNCERTAINTY_MEASURE_WITH_UNIT (LENGTH_MEASURE( 1.000000000000000100E-005 ), #9684, 'distance_accuracy_value', 'NONE');
#9143 = LINE ( 'NONE', #8207, #2654 ) ;
#9144 = CARTESIAN_POINT ( 'NONE',  ( 4.917175921659649300, 0.6596826248457984300, 0.1000000000000000100 ) ) ;
#9145 = ORIENTED_EDGE ( 'NONE', *, *, #7404, .T. ) ;
#9146 = EDGE_LOOP ( 'NONE', ( #7455, #2761, #8048, #4947 ) ) ;
#9147 = ORIENTED_EDGE ( 'NONE', *, *, #2555, .T. ) ;
#9148 = EDGE_CURVE ( 'NONE', #10562, #4537, #1074, .T. ) ;
#9149 = ORIENTED_EDGE ( 'NONE', *, *, #5497, .T. ) ;
#9150 = EDGE_CURVE ( 'NONE', #6441, #5380, #2977, .T. ) ;
#9151 = DIRECTION ( 'NONE',  ( -1.000000000000000000, 2.249719507909152500E-015, -0.0000000000000000000 ) ) ;
#9152 = FACE_OUTER_BOUND ( 'NONE', #5709, .T. ) ;
#9153 = DIRECTION ( 'NONE',  ( -0.0000000000000000000, -0.0000000000000000000, -1.000000000000000000 ) ) ;
#9154 = ORIENTED_EDGE ( 'NONE', *, *, #9602, .T. ) ;
#9155 = LINE ( 'NONE', #7607, #5574 ) ;
#9156 = DIRECTION ( 'NONE',  ( 1.316717819115048600E-014, 1.000000000000000000, 0.0000000000000000000 ) ) ;
#9157 = VERTEX_POINT ( 'NONE', #9671 ) ;
#9158 = AXIS2_PLACEMENT_3D ( 'NONE', #9667, #7219, #2378 ) ;
#9159 = VERTEX_POINT ( 'NONE', #8846 ) ;
#9160 = DIRECTION ( 'NONE',  ( -1.000000000000000000, 1.734723475978141600E-015, -0.0000000000000000000 ) ) ;
#9161 = DIRECTION ( 'NONE',  ( 0.7071067811865460200, 0.7071067811865490200, -0.0000000000000000000 ) ) ;
#9162 = CARTESIAN_POINT ( 'NONE',  ( 5.829675921660304500, 0.2846826248455150400, -0.1000000000000000100 ) ) ;
#9163 =( LENGTH_UNIT ( ) NAMED_UNIT ( * ) SI_UNIT ( .MILLI., .METRE. ) );
#9164 = EDGE_CURVE ( 'NONE', #4719, #5194, #4877, .T. ) ;
#9165 = CIRCLE ( 'NONE', #5014, 0.04999999999999883000 ) ;
#9166 = EDGE_CURVE ( 'NONE', #38, #6674, #7020, .T. ) ;
#9167 = DIRECTION ( 'NONE',  ( 1.000000000000000000, 0.0000000000000000000, 0.0000000000000000000 ) ) ;
#9168 = EDGE_LOOP ( 'NONE', ( #810, #8024, #8556, #10301 ) ) ;
#9169 = ORIENTED_EDGE ( 'NONE', *, *, #4500, .F. ) ;
#9170 = VERTEX_POINT ( 'NONE', #8883 ) ;
#9171 = LINE ( 'NONE', #8638, #9436 ) ;
#9172 = CARTESIAN_POINT ( 'NONE',  ( 5.154675921659469800, 0.3996826248457591200, 0.1000000000000000100 ) ) ;
#9173 = CARTESIAN_POINT ( 'NONE',  ( 6.004675921660304300, 1.209682624846421200, 0.0000000000000000000 ) ) ;
#9174 = LINE ( 'NONE', #3214, #7252 ) ;
#9175 = ORIENTED_EDGE ( 'NONE', *, *, #339, .T. ) ;
#9176 = ORIENTED_EDGE ( 'NONE', *, *, #5300, .T. ) ;
#9177 = ORIENTED_EDGE ( 'NONE', *, *, #8382, .F. ) ;
#9178 = PLANE ( 'NONE',  #6902 ) ;
#9179 = ADVANCED_FACE ( 'NONE', ( #5118 ), #7224, .T. ) ;
#9180 = AXIS2_PLACEMENT_3D ( 'NONE', #2443, #8002, #8568 ) ;
#9181 = CARTESIAN_POINT ( 'NONE',  ( 5.700554488570705100, 0.4674901632768662700, 0.1000000000000000100 ) ) ;
#9182 = DIRECTION ( 'NONE',  ( 1.000000000000000000, -4.644217066735656000E-016, 0.0000000000000000000 ) ) ;
#9183 = DIRECTION ( 'NONE',  ( 1.000000000000000000, -1.182766006352519400E-015, 0.0000000000000000000 ) ) ;
#9184 = VECTOR ( 'NONE', #3599, 1000.000000000000000 ) ;
#9185 = LINE ( 'NONE', #10062, #6986 ) ;
#9186 = VERTEX_POINT ( 'NONE', #9711 ) ;
#9187 = VERTEX_POINT ( 'NONE', #1601 ) ;
#9188 = VERTEX_POINT ( 'NONE', #7263 ) ;
#9190 = VERTEX_POINT ( 'NONE', #2412 ) ;
#9189 = CARTESIAN_POINT ( 'NONE',  ( 6.104675921659724800, 0.9596826248450711600, -0.1000000000000000100 ) ) ;
#9191 = ORIENTED_EDGE ( 'NONE', *, *, #5254, .F. ) ;
#9192 = DIRECTION ( 'NONE',  ( 0.0000000000000000000, 1.000000000000000000, 0.0000000000000000000 ) ) ;
#9193 = ADVANCED_FACE ( 'NONE', ( #6768 ), #6439, .T. ) ;
#9194 = ORIENTED_EDGE ( 'NONE', *, *, #7250, .F. ) ;
#9195 = LINE ( 'NONE', #5945, #2712 ) ;
#9196 = EDGE_CURVE ( 'NONE', #8027, #6674, #4615, .T. ) ;
#9197 = VERTEX_POINT ( 'NONE', #8086 ) ;
#9198 = DIRECTION ( 'NONE',  ( 1.000000000000000000, 0.0000000000000000000, 0.0000000000000000000 ) ) ;
#9199 = LINE ( 'NONE', #7097, #795 ) ;
#9200 = FACE_OUTER_BOUND ( 'NONE', #5486, .T. ) ;
#9201 = ORIENTED_EDGE ( 'NONE', *, *, #1008, .F. ) ;
#9202 = DIRECTION ( 'NONE',  ( 0.0000000000000000000, 0.0000000000000000000, 1.000000000000000000 ) ) ;
#9203 = VERTEX_POINT ( 'NONE', #804 ) ;
#9204 = CIRCLE ( 'NONE', #10150, 0.07499999999993189900 ) ;
#9205 = LINE ( 'NONE', #7296, #4865 ) ;
#9206 = DIRECTION ( 'NONE',  ( -0.0000000000000000000, -0.0000000000000000000, -1.000000000000000000 ) ) ;
#9207 = LINE ( 'NONE', #7033, #2729 ) ;
#9208 = EDGE_LOOP ( 'NONE', ( #8088, #8279, #4818, #6181, #9994, #2223, #1049, #5738, #10477, #7987, #10072, #3158, #2501, #4521, #652, #7742 ) ) ;
#9209 = DIRECTION ( 'NONE',  ( -1.000000000000000000, -1.971276677247676800E-016, -0.0000000000000000000 ) ) ;
#9210 = EDGE_LOOP ( 'NONE', ( #3086, #972, #8987, #5135 ) ) ;
#9211 = PLANE ( 'NONE',  #9059 ) ;
#9212 = CARTESIAN_POINT ( 'NONE',  ( 5.829675921660816900, 0.7096826248452989800, 0.0000000000000000000 ) ) ;
#9213 = ORIENTED_EDGE ( 'NONE', *, *, #1337, .F. ) ;
#9214 = VECTOR ( 'NONE', #3063, 1000.000000000000100 ) ;
#9215 = DIRECTION ( 'NONE',  ( 0.0000000000000000000, 0.0000000000000000000, 1.000000000000000000 ) ) ;
#9216 = EDGE_CURVE ( 'NONE', #910, #10584, #9220, .T. ) ;
#9217 = AXIS2_PLACEMENT_3D ( 'NONE', #4868, #5673, #827 ) ;
#9218 = EDGE_CURVE ( 'NONE', #8656, #621, #300, .T. ) ;
#9219 = DIRECTION ( 'NONE',  ( -0.7071067811865505700, -0.7071067811865444600, -0.0000000000000000000 ) ) ;
#9220 = LINE ( 'NONE', #1637, #8706 ) ;
#9221 = CARTESIAN_POINT ( 'NONE',  ( 5.754675921660088500, 0.7846826248451167500, 0.0000000000000000000 ) ) ;
#9222 = LINE ( 'NONE', #871, #2741 ) ;
#9223 = ORIENTED_EDGE ( 'NONE', *, *, #5443, .F. ) ;
#9224 = CARTESIAN_POINT ( 'NONE',  ( 5.954675921659633900, 0.1596826248457502400, 0.0000000000000000000 ) ) ;
#9225 = AXIS2_PLACEMENT_3D ( 'NONE', #3344, #9029, #4137 ) ;
#9226 = EDGE_LOOP ( 'NONE', ( #7103, #3172, #3460, #9330 ) ) ;
#9227 = ORIENTED_EDGE ( 'NONE', *, *, #9934, .T. ) ;
#9228 = VECTOR ( 'NONE', #832, 1000.000000000000000 ) ;
#9229 = DIRECTION ( 'NONE',  ( -0.0000000000000000000, -0.0000000000000000000, -1.000000000000000000 ) ) ;
#9230 = LINE ( 'NONE', #2631, #5128 ) ;
#9231 = EDGE_CURVE ( 'NONE', #8039, #3662, #8969, .T. ) ;
#9232 = DIRECTION ( 'NONE',  ( 1.000000000000000000, 0.0000000000000000000, 0.0000000000000000000 ) ) ;
#9233 = EDGE_CURVE ( 'NONE', #497, #3062, #6518, .T. ) ;
#9234 = PLANE ( 'NONE',  #1508 ) ;
#9235 = DIRECTION ( 'NONE',  ( -0.0000000000000000000, -0.0000000000000000000, -1.000000000000000000 ) ) ;
#9236 = ADVANCED_FACE ( 'NONE', ( #6260 ), #1960, .F. ) ;
#9237 = CARTESIAN_POINT ( 'NONE',  ( 6.104675921659724800, -0.04031737515492882200, 0.1000000000000000500 ) ) ;
#9238 = VECTOR ( 'NONE', #2390, 1000.000000000000000 ) ;
#9239 = ORIENTED_EDGE ( 'NONE', *, *, #4720, .T. ) ;
#9240 = ORIENTED_EDGE ( 'NONE', *, *, #1535, .T. ) ;
#9241 = FACE_OUTER_BOUND ( 'NONE', #2184, .T. ) ;
#9242 = CARTESIAN_POINT ( 'NONE',  ( 5.354675921659710600, 0.4646826248459103900, 0.1000000000000000100 ) ) ;
#9243 = DIRECTION ( 'NONE',  ( 1.000000000000000000, 0.0000000000000000000, 0.0000000000000000000 ) ) ;
#9244 = CARTESIAN_POINT ( 'NONE',  ( 5.054675921659321800, -0.0003173751541496500200, 0.1000000000000000100 ) ) ;
#9245 = DIRECTION ( 'NONE',  ( 0.0000000000000000000, 0.0000000000000000000, 1.000000000000000000 ) ) ;
#9246 = AXIS2_PLACEMENT_3D ( 'NONE', #4489, #10189, #5285 ) ;
#9247 = LINE ( 'NONE', #2758, #3000 ) ;
#9248 = EDGE_CURVE ( 'NONE', #2965, #1688, #561, .T. ) ;
#9249 = ADVANCED_FACE ( 'NONE', ( #8185 ), #3866, .T. ) ;
#9250 = VERTEX_POINT ( 'NONE', #6539 ) ;
#9251 = DIRECTION ( 'NONE',  ( 0.0000000000000000000, 0.0000000000000000000, 1.000000000000000000 ) ) ;
#9252 = VECTOR ( 'NONE', #10440, 1000.000000000000000 ) ;
#9253 =( LENGTH_UNIT ( ) NAMED_UNIT ( * ) SI_UNIT ( .MILLI., .METRE. ) );
#9254 = CARTESIAN_POINT ( 'NONE',  ( 4.854675921659857200, 1.459682624844767000, -0.1000000000000000100 ) ) ;
#9255 = FACE_OUTER_BOUND ( 'NONE', #10049, .T. ) ;
#9256 = DIRECTION ( 'NONE',  ( -1.000000000000000000, -0.0000000000000000000, -0.0000000000000000000 ) ) ;
#9257 = ORIENTED_EDGE ( 'NONE', *, *, #7154, .F. ) ;
#9258 = PRESENTATION_STYLE_ASSIGNMENT (( #152 ) ) ;
#9259 = AXIS2_PLACEMENT_3D ( 'NONE', #3805, #749, #10051 ) ;
#9260 = CIRCLE ( 'NONE', #6316, 0.04999999999999969700 ) ;
#9261 = ORIENTED_EDGE ( 'NONE', *, *, #2889, .T. ) ;
#9262 = CARTESIAN_POINT ( 'NONE',  ( 5.754675921660088500, 1.384682624846375700, 0.0000000000000000000 ) ) ;
#9263 = CARTESIAN_POINT ( 'NONE',  ( 5.829675921659906600, 1.209682624846421200, -0.1000000000000000100 ) ) ;
#9264 = CARTESIAN_POINT ( 'NONE',  ( 5.829675921659729800, 1.009682624845805500, 0.0000000000000000000 ) ) ;
#9265 = AXIS2_PLACEMENT_3D ( 'NONE', #8071, #3204, #8897 ) ;
#9266 = ORIENTED_EDGE ( 'NONE', *, *, #149, .T. ) ;
#9267 = CARTESIAN_POINT ( 'NONE',  ( 5.104675921659546300, 0.09968262484573875400, 0.1000000000000000100 ) ) ;
#9268 = VECTOR ( 'NONE', #5156, 1000.000000000000000 ) ;
#9269 = PLANE ( 'NONE',  #9799 ) ;
#9270 = ORIENTED_EDGE ( 'NONE', *, *, #977, .F. ) ;
#9271 = CARTESIAN_POINT ( 'NONE',  ( 4.954675921659327500, -0.2153173751537463500, 0.0000000000000000000 ) ) ;
#9272 = EDGE_CURVE ( 'NONE', #6210, #8807, #6001, .T. ) ;
#9273 = AXIS2_PLACEMENT_3D ( 'NONE', #6405, #1555, #7223 ) ;
#9274 = DIRECTION ( 'NONE',  ( 0.0000000000000000000, -0.0000000000000000000, 1.000000000000000000 ) ) ;
#9275 = EDGE_CURVE ( 'NONE', #10473, #7913, #10365, .T. ) ;
#9276 = VECTOR ( 'NONE', #10173, 1000.000000000000000 ) ;
#9277 = ORIENTED_EDGE ( 'NONE', *, *, #4579, .T. ) ;
#9278 = CARTESIAN_POINT ( 'NONE',  ( 5.954675921659633900, 0.5096826248458022900, 0.1000000000000000100 ) ) ;
#9279 = DIRECTION ( 'NONE',  ( -0.0000000000000000000, -0.0000000000000000000, -1.000000000000000000 ) ) ;
#9280 = DIRECTION ( 'NONE',  ( -0.0000000000000000000, -0.0000000000000000000, -1.000000000000000000 ) ) ;
#9281 = VERTEX_POINT ( 'NONE', #4940 ) ;
#9282 = ORIENTED_EDGE ( 'NONE', *, *, #6258, .T. ) ;
#9283 = EDGE_LOOP ( 'NONE', ( #4308, #9952, #6453, #1227 ) ) ;
#9284 = DIRECTION ( 'NONE',  ( 0.0000000000000000000, 0.0000000000000000000, 1.000000000000000000 ) ) ;
#9285 = CARTESIAN_POINT ( 'NONE',  ( 5.104675921659473500, 0.7207828955904757000, 0.0000000000000000000 ) ) ;
#9286 = LINE ( 'NONE', #8268, #2024 ) ;
#9287 = DIRECTION ( 'NONE',  ( -1.000000000000000000, 0.0000000000000000000, 0.0000000000000000000 ) ) ;
#9288 = CARTESIAN_POINT ( 'NONE',  ( 5.754675921660088500, 0.2846826248451166400, 0.0000000000000000000 ) ) ;
#9289 = VECTOR ( 'NONE', #731, 1000.000000000000000 ) ;
#9290 = VERTEX_POINT ( 'NONE', #5723 ) ;
#9291 = ORIENTED_EDGE ( 'NONE', *, *, #947, .F. ) ;
#9292 = EDGE_CURVE ( 'NONE', #8252, #797, #5751, .T. ) ;
#9293 = ORIENTED_EDGE ( 'NONE', *, *, #4645, .F. ) ;
#9294 = EDGE_CURVE ( 'NONE', #3184, #6632, #4109, .T. ) ;
#9295 = DIRECTION ( 'NONE',  ( 0.0000000000000000000, 1.000000000000000000, 0.0000000000000000000 ) ) ;
#9296 = DIRECTION ( 'NONE',  ( 1.000000000000000000, 0.0000000000000000000, 0.0000000000000000000 ) ) ;
#9297 = ADVANCED_FACE ( 'NONE', ( #7668 ), #7405, .F. ) ;
#9298 = VECTOR ( 'NONE', #7669, 1000.000000000000000 ) ;
#9299 = DIRECTION ( 'NONE',  ( -0.7071067811865475700, -0.7071067811865475700, 0.0000000000000000000 ) ) ;
#9300 = VECTOR ( 'NONE', #5517, 1000.000000000000000 ) ;
#9301 = AXIS2_PLACEMENT_3D ( 'NONE', #4651, #7924, #3066 ) ;
#9302 = VERTEX_POINT ( 'NONE', #865 ) ;
#9303 = ORIENTED_EDGE ( 'NONE', *, *, #3830, .F. ) ;
#9304 = ORIENTED_EDGE ( 'NONE', *, *, #9105, .F. ) ;
#9305 = EDGE_CURVE ( 'NONE', #4961, #1179, #1713, .T. ) ;
#9306 = CIRCLE ( 'NONE', #10415, 0.05000000000000143200 ) ;
#9307 = EDGE_CURVE ( 'NONE', #4139, #2466, #9867, .T. ) ;
#9308 = VECTOR ( 'NONE', #1621, 1000.000000000000000 ) ;
#9309 = DIRECTION ( 'NONE',  ( 0.0000000000000000000, -1.000000000000000000, 0.0000000000000000000 ) ) ;
#9310 = VECTOR ( 'NONE', #117, 1000.000000000000200 ) ;
#9311 = ORIENTED_EDGE ( 'NONE', *, *, #9404, .F. ) ;
#9312 = ORIENTED_EDGE ( 'NONE', *, *, #1095, .T. ) ;
#9313 = ORIENTED_EDGE ( 'NONE', *, *, #744, .T. ) ;
#9314 = DIRECTION ( 'NONE',  ( -1.000000000000000000, -4.928191693119192100E-017, 0.0000000000000000000 ) ) ;
#9315 = CARTESIAN_POINT ( 'NONE',  ( 5.154675921659544400, -0.01619039102726995200, 0.1000000000000000100 ) ) ;
#9316 = PLANE ( 'NONE',  #2189 ) ;
#9317 = DIRECTION ( 'NONE',  ( -0.0000000000000000000, -0.0000000000000000000, -1.000000000000000000 ) ) ;
#9318 = CYLINDRICAL_SURFACE ( 'NONE', #6366, 0.07500000000021639400 ) ;
#9319 = ORIENTED_EDGE ( 'NONE', *, *, #3399, .T. ) ;
#9320 = CIRCLE ( 'NONE', #6074, 0.04999999999999796300 ) ;
#9321 = AXIS2_PLACEMENT_3D ( 'NONE', #4654, #8919, #10090 ) ;
#9322 = ORIENTED_EDGE ( 'NONE', *, *, #8606, .F. ) ;
#9323 = DIRECTION ( 'NONE',  ( -1.000000000000000000, 2.668805347655082700E-015, 0.0000000000000000000 ) ) ;
#9324 = ORIENTED_EDGE ( 'NONE', *, *, #857, .F. ) ;
#9325 = ORIENTED_EDGE ( 'NONE', *, *, #8414, .T. ) ;
#9326 = VERTEX_POINT ( 'NONE', #3397 ) ;
#9327 = ORIENTED_EDGE ( 'NONE', *, *, #3282, .T. ) ;
#9328 = CARTESIAN_POINT ( 'NONE',  ( 4.604675921659691100, 1.209682624845298500, 0.1000000000000000500 ) ) ;
#9329 = PLANE ( 'NONE',  #7764 ) ;
#9330 = ORIENTED_EDGE ( 'NONE', *, *, #9423, .T. ) ;
#9331 = CIRCLE ( 'NONE', #7205, 0.07499999999999953900 ) ;
#9332 = AXIS2_PLACEMENT_3D ( 'NONE', #3001, #8696, #3815 ) ;
#9333 = ORIENTED_EDGE ( 'NONE', *, *, #5944, .F. ) ;
#9334 = CARTESIAN_POINT ( 'NONE',  ( 4.837351104144149300, 0.1596826248457989800, 0.1000000000000000100 ) ) ;
#9335 = VECTOR ( 'NONE', #1882, 1000.000000000000000 ) ;
#9336 = LINE ( 'NONE', #7677, #4479 ) ;
#9337 = CARTESIAN_POINT ( 'NONE',  ( 5.558906690890459900, 1.034682624845926400, 0.1000000000000000100 ) ) ;
#9338 = ORIENTED_EDGE ( 'NONE', *, *, #6089, .T. ) ;
#9339 = DIRECTION ( 'NONE',  ( -0.0000000000000000000, -0.0000000000000000000, 1.000000000000000000 ) ) ;
#9340 = ORIENTED_EDGE ( 'NONE', *, *, #8052, .F. ) ;
#9341 = EDGE_LOOP ( 'NONE', ( #890, #4332, #6150, #2127, #4667, #7253, #3299, #3588, #1058, #4725, #1599, #7731, #5175, #6591, #7896, #3388 ) ) ;
#9342 = LINE ( 'NONE', #1781, #2086 ) ;
#9343 = DIRECTION ( 'NONE',  ( -0.0000000000000000000, -0.0000000000000000000, -1.000000000000000000 ) ) ;
#9344 = VERTEX_POINT ( 'NONE', #9093 ) ;
#9345 = DIRECTION ( 'NONE',  ( -0.0000000000000000000, -1.000000000000000000, -0.0000000000000000000 ) ) ;
#9346 = EDGE_CURVE ( 'NONE', #3267, #5533, #9614, .T. ) ;
#9347 = VECTOR ( 'NONE', #6640, 1000.000000000000000 ) ;
#9348 = AXIS2_PLACEMENT_3D ( 'NONE', #194, #1849, #7513 ) ;
#9349 = VECTOR ( 'NONE', #5180, 1000.000000000000000 ) ;
#9350 = EDGE_LOOP ( 'NONE', ( #5354, #3851, #8561, #6062 ) ) ;
#9351 = AXIS2_PLACEMENT_3D ( 'NONE', #2621, #7466, #3430 ) ;
#9352 = CARTESIAN_POINT ( 'NONE',  ( 5.154675921659469800, 0.3996826248457591200, 0.1000000000000000100 ) ) ;
#9353 = CARTESIAN_POINT ( 'NONE',  ( 5.754675921659735800, 1.484682624845741000, 0.1000000000000000100 ) ) ;
#9354 = ORIENTED_EDGE ( 'NONE', *, *, #3893, .F. ) ;
#9355 = LINE ( 'NONE', #1224, #2359 ) ;
#9356 = CARTESIAN_POINT ( 'NONE',  ( 6.104675921659724800, 0.4596826248450711100, -0.1000000000000000100 ) ) ;
#9357 = CARTESIAN_POINT ( 'NONE',  ( 4.954675921659327500, 0.8846826248461626700, 0.0000000000000000000 ) ) ;
#9358 = LINE ( 'NONE', #7758, #4742 ) ;
#9359 = ADVANCED_FACE ( 'NONE', ( #1456 ), #150, .F. ) ;
#9360 = CARTESIAN_POINT ( 'NONE',  ( 5.304675921659713500, -0.05180946618659731900, 0.1000000000000000100 ) ) ;
#9361 = EDGE_CURVE ( 'NONE', #4793, #2069, #3108, .T. ) ;
#9362 = EDGE_CURVE ( 'NONE', #6372, #2357, #1200, .T. ) ;
#9363 = DIRECTION ( 'NONE',  ( -1.000000000000000000, 1.039665590236428300E-015, 0.0000000000000000000 ) ) ;
#9364 = VECTOR ( 'NONE', #2970, 1000.000000000000000 ) ;
#9365 = DIRECTION ( 'NONE',  ( 0.8879443513902010000, -0.4599508982861488800, -0.0000000000000000000 ) ) ;
#9366 = VECTOR ( 'NONE', #8022, 1000.000000000000000 ) ;
#9367 = AXIS2_PLACEMENT_3D ( 'NONE', #6602, #1764, #7438 ) ;
#9368 = ADVANCED_FACE ( 'NONE', ( #5237 ), #9125, .F. ) ;
#9369 = ORIENTED_EDGE ( 'NONE', *, *, #9050, .F. ) ;
#9370 = CARTESIAN_POINT ( 'NONE',  ( 5.148821372569150500, 1.034682624846080100, 0.1000000000000000100 ) ) ;
#9371 = DIRECTION ( 'NONE',  ( 0.0000000000000000000, 0.0000000000000000000, 1.000000000000000000 ) ) ;
#9372 = CARTESIAN_POINT ( 'NONE',  ( 5.042175921659434400, 0.5996826248457302100, 0.1000000000000000100 ) ) ;
#9373 = LINE ( 'NONE', #3792, #2878 ) ;
#9374 = EDGE_CURVE ( 'NONE', #8936, #1944, #7156, .T. ) ;
#9375 = CARTESIAN_POINT ( 'NONE',  ( 5.664169081836870000, 0.09468262484602119100, 0.0000000000000000000 ) ) ;
#9376 = DIRECTION ( 'NONE',  ( -0.0000000000000000000, -0.0000000000000000000, -1.000000000000000000 ) ) ;
#9377 = EDGE_LOOP ( 'NONE', ( #7818, #849, #9915, #8154, #8255, #419 ) ) ;
#9378 = EDGE_CURVE ( 'NONE', #1999, #6217, #4992, .T. ) ;
#9379 = VECTOR ( 'NONE', #8980, 1000.000000000000100 ) ;
#9380 = CARTESIAN_POINT ( 'NONE',  ( 5.754675921660088500, 0.7846826248451167500, 0.0000000000000000000 ) ) ;
#9381 = CARTESIAN_POINT ( 'NONE',  ( 5.954675921659633900, 0.6596826248457791100, 0.1000000000000000100 ) ) ;
#9382 = ORIENTED_EDGE ( 'NONE', *, *, #9645, .T. ) ;
#9383 = LINE ( 'NONE', #3284, #966 ) ;
#9384 = DIRECTION ( 'NONE',  ( -1.000000000000000000, 0.0000000000000000000, 0.0000000000000000000 ) ) ;
#9385 = ORIENTED_EDGE ( 'NONE', *, *, #7654, .T. ) ;
#9386 = VECTOR ( 'NONE', #4404, 999.9999999999998900 ) ;
#9387 = VERTEX_POINT ( 'NONE', #8700 ) ;
#9388 = DIRECTION ( 'NONE',  ( 1.000000000000000000, 0.0000000000000000000, 0.0000000000000000000 ) ) ;
#9389 = STYLED_ITEM ( 'NONE', ( #3708 ), #935 ) ;
#9390 = EDGE_CURVE ( 'NONE', #623, #5457, #6890, .T. ) ;
#9391 = DIRECTION ( 'NONE',  ( 0.0000000000000000000, 0.0000000000000000000, 1.000000000000000000 ) ) ;
#9392 = CARTESIAN_POINT ( 'NONE',  ( 4.704675921658918000, 0.7096826248464360700, 0.0000000000000000000 ) ) ;
#9393 = DIRECTION ( 'NONE',  ( 0.0000000000000000000, 0.0000000000000000000, 1.000000000000000000 ) ) ;
#9394 = ORIENTED_EDGE ( 'NONE', *, *, #6793, .F. ) ;
#9395 = LINE ( 'NONE', #6371, #5037 ) ;
#9396 = VECTOR ( 'NONE', #8741, 1000.000000000000000 ) ;
#9397 = CARTESIAN_POINT ( 'NONE',  ( 5.829675921660816900, 0.7096826248452989800, -0.1000000000000000100 ) ) ;
#9398 = ORIENTED_EDGE ( 'NONE', *, *, #6045, .T. ) ;
#9399 = CARTESIAN_POINT ( 'NONE',  ( 5.829675921659729800, 0.009682624845806009400, 0.1000000000000000100 ) ) ;
#9400 = CARTESIAN_POINT ( 'NONE',  ( 5.754675921660088500, 0.8846826248450256900, 0.0000000000000000000 ) ) ;
#9401 = DIRECTION ( 'NONE',  ( -1.000000000000000000, 0.0000000000000000000, 0.0000000000000000000 ) ) ;
#9402 = EDGE_CURVE ( 'NONE', #9066, #761, #9087, .T. ) ;
#9403 = AXIS2_PLACEMENT_3D ( 'NONE', #8857, #9685, #4778 ) ;
#9404 = EDGE_CURVE ( 'NONE', #7394, #6081, #932, .T. ) ;
#9405 = LINE ( 'NONE', #1719, #735 ) ;
#9406 = CARTESIAN_POINT ( 'NONE',  ( 5.829675921659729800, 0.6596826248457794400, 0.1000000000000000100 ) ) ;
#9407 = ORIENTED_EDGE ( 'NONE', *, *, #1820, .T. ) ;
#9408 = ADVANCED_FACE ( 'NONE', ( #427 ), #163, .T. ) ;
#9409 = DIRECTION ( 'NONE',  ( 0.0000000000000000000, 0.0000000000000000000, 1.000000000000000000 ) ) ;
#9410 = ORIENTED_EDGE ( 'NONE', *, *, #4524, .F. ) ;
#9411 = VERTEX_POINT ( 'NONE', #8737 ) ;
#9412 = AXIS2_PLACEMENT_3D ( 'NONE', #7980, #3129, #8825 ) ;
#9413 = DIRECTION ( 'NONE',  ( -0.0000000000000000000, 1.000000000000000000, -0.0000000000000000000 ) ) ;
#9414 = CARTESIAN_POINT ( 'NONE',  ( 4.604675921659691100, 0.4596826248462081400, 0.0000000000000000000 ) ) ;
#9415 = LINE ( 'NONE', #8420, #6955 ) ;
#9416 = ORIENTED_EDGE ( 'NONE', *, *, #7586, .F. ) ;
#9417 = CARTESIAN_POINT ( 'NONE',  ( 5.104675921659546300, 0.04968262484573999400, 0.1000000000000000100 ) ) ;
#9418 = CARTESIAN_POINT ( 'NONE',  ( 6.104675921659724800, 1.209682624846421200, -0.1000000000000000100 ) ) ;
#9419 = LINE ( 'NONE', #5047, #5308 ) ;
#9420 = VERTEX_POINT ( 'NONE', #9565 ) ;
#9421 = ORIENTED_EDGE ( 'NONE', *, *, #3549, .T. ) ;
#9422 = ADVANCED_FACE ( 'NONE', ( #6635 ), #3038, .F. ) ;
#9423 = EDGE_CURVE ( 'NONE', #1442, #5583, #8581, .T. ) ;
#9424 = CARTESIAN_POINT ( 'NONE',  ( 5.954675921659633900, 0.5096826248458022900, 0.1000000000000000100 ) ) ;
#9425 = EDGE_CURVE ( 'NONE', #9170, #5850, #4490, .T. ) ;
#9426 = CARTESIAN_POINT ( 'NONE',  ( 4.954675921659327500, -0.2153173751537463500, -0.1000000000000000100 ) ) ;
#9427 = FACE_OUTER_BOUND ( 'NONE', #8663, .T. ) ;
#9428 = ORIENTED_EDGE ( 'NONE', *, *, #2930, .F. ) ;
#9429 = ORIENTED_EDGE ( 'NONE', *, *, #3733, .F. ) ;
#9430 = VERTEX_POINT ( 'NONE', #9605 ) ;
#9431 = AXIS2_PLACEMENT_3D ( 'NONE', #531, #6197, #1356 ) ;
#9432 = DIRECTION ( 'NONE',  ( -1.000000000000000000, 0.0000000000000000000, 0.0000000000000000000 ) ) ;
#9433 = CARTESIAN_POINT ( 'NONE',  ( 5.829675921660816900, 1.459682624846193600, -0.1000000000000000100 ) ) ;
#9434 = DIRECTION ( 'NONE',  ( 0.7071067811865460200, 0.7071067811865490200, -0.0000000000000000000 ) ) ;
#9435 = CARTESIAN_POINT ( 'NONE',  ( 4.954675921659327500, -0.1153173751538373000, -0.1000000000000000100 ) ) ;
#9436 = VECTOR ( 'NONE', #4746, 1000.000000000000000 ) ;
#9437 = EDGE_CURVE ( 'NONE', #5086, #9015, #10496, .T. ) ;
#9438 = LINE ( 'NONE', #8356, #8925 ) ;
#9439 = ORIENTED_EDGE ( 'NONE', *, *, #5374, .F. ) ;
#9441 = ORIENTED_EDGE ( 'NONE', *, *, #2218, .F. ) ;
#9440 = DIRECTION ( 'NONE',  ( 1.000000000000000000, -1.084202172478279500E-015, 0.0000000000000000000 ) ) ;
#9442 = ORIENTED_EDGE ( 'NONE', *, *, #3026, .T. ) ;
#9443 = CARTESIAN_POINT ( 'NONE',  ( 6.104675921659724800, 1.209682624846421200, 0.1000000000000000500 ) ) ;
#9444 =( GEOMETRIC_REPRESENTATION_CONTEXT ( 3 ) GLOBAL_UNCERTAINTY_ASSIGNED_CONTEXT ( ( #4038 ) ) GLOBAL_UNIT_ASSIGNED_CONTEXT ( ( #10275, #5368, #510 ) ) REPRESENTATION_CONTEXT ( 'NONE', 'WORKASPACE' ) );
#9445 = FACE_OUTER_BOUND ( 'NONE', #1850, .T. ) ;
#9446 = EDGE_LOOP ( 'NONE', ( #1588, #401, #7271, #2666 ) ) ;
#9447 = PLANE ( 'NONE',  #5832 ) ;
#9448 = VECTOR ( 'NONE', #10444, 999.9999999999998900 ) ;
#9449 = ORIENTED_EDGE ( 'NONE', *, *, #2964, .F. ) ;
#9450 = ORIENTED_EDGE ( 'NONE', *, *, #1926, .T. ) ;
#9451 = PLANE ( 'NONE',  #4660 ) ;
#9452 = EDGE_LOOP ( 'NONE', ( #8226, #4553, #9194, #6363 ) ) ;
#9453 = ORIENTED_EDGE ( 'NONE', *, *, #3294, .T. ) ;
#9454 = AXIS2_PLACEMENT_3D ( 'NONE', #6373, #9677, #1522 ) ;
#9455 = DIRECTION ( 'NONE',  ( 1.000000000000000000, -3.214735856175449900E-015, -0.0000000000000000000 ) ) ;
#9456 = EDGE_CURVE ( 'NONE', #9197, #1493, #2089, .T. ) ;
#9457 = SURFACE_SIDE_STYLE ('',( #8314 ) ) ;
#9458 = EDGE_LOOP ( 'NONE', ( #8854, #786, #10074, #8653 ) ) ;
#9459 = LINE ( 'NONE', #5764, #793 ) ;
#9460 = EDGE_LOOP ( 'NONE', ( #3445, #5893, #4859, #6620 ) ) ;
#9461 = CIRCLE ( 'NONE', #5186, 0.04999999999999796300 ) ;
#9462 = LINE ( 'NONE', #10296, #7276 ) ;
#9463 = DIRECTION ( 'NONE',  ( -1.577021341803359400E-015, 1.000000000000000000, 0.0000000000000000000 ) ) ;
#9464 = DIRECTION ( 'NONE',  ( -0.0000000000000000000, -0.0000000000000000000, -1.000000000000000000 ) ) ;
#9465 = ORIENTED_EDGE ( 'NONE', *, *, #484, .F. ) ;
#9466 = CARTESIAN_POINT ( 'NONE',  ( 4.704675921659936800, 0.9596826248462082500, 0.1000000000000000100 ) ) ;
#9467 = ADVANCED_FACE ( 'NONE', ( #6125 ), #4690, .T. ) ;
#9468 = CARTESIAN_POINT ( 'NONE',  ( 5.354675921659710600, 0.4646826248459103900, 0.1000000000000000100 ) ) ;
#9469 = ORIENTED_EDGE ( 'NONE', *, *, #3972, .F. ) ;
#9470 = LINE ( 'NONE', #2782, #803 ) ;
#9471 = PLANE ( 'NONE',  #1833 ) ;
#9472 = AXIS2_PLACEMENT_3D ( 'NONE', #9695, #541, #5756 ) ;
#9473 = VECTOR ( 'NONE', #9747, 1000.000000000000000 ) ;
#9474 = DIRECTION ( 'NONE',  ( -0.0000000000000000000, -0.0000000000000000000, -1.000000000000000000 ) ) ;
#9475 = VECTOR ( 'NONE', #4525, 1000.000000000000000 ) ;
#9476 = ORIENTED_EDGE ( 'NONE', *, *, #1172, .F. ) ;
#9477 = DIRECTION ( 'NONE',  ( 0.0000000000000000000, 0.0000000000000000000, 1.000000000000000000 ) ) ;
#9478 = ADVANCED_FACE ( 'NONE', ( #2598 ), #8053, .T. ) ;
#9479 = AXIS2_PLACEMENT_3D ( 'NONE', #8437, #6831, #2000 ) ;
#9480 = ORIENTED_EDGE ( 'NONE', *, *, #2424, .F. ) ;
#9481 = FACE_OUTER_BOUND ( 'NONE', #7280, .T. ) ;
#9482 = CARTESIAN_POINT ( 'NONE',  ( 5.489675921659711300, 1.034682624845928400, 0.0000000000000000000 ) ) ;
#9483 = ORIENTED_EDGE ( 'NONE', *, *, #9918, .F. ) ;
#9484 = CARTESIAN_POINT ( 'NONE',  ( 4.704675921660040700, 1.209682624845298500, 0.0000000000000000000 ) ) ;
#9485 = CIRCLE ( 'NONE', #3363, 0.07499999999993189900 ) ;
#9486 = CARTESIAN_POINT ( 'NONE',  ( 6.104675921659724800, -0.4153173751542453800, 0.7499999999999998900 ) ) ;
#9487 = VECTOR ( 'NONE', #8161, 1000.000000000000000 ) ;
#9488 = ORIENTED_EDGE ( 'NONE', *, *, #2877, .T. ) ;
#9489 = DIRECTION ( 'NONE',  ( 1.000000000000000000, 0.0000000000000000000, 0.0000000000000000000 ) ) ;
#9490 = ORIENTED_EDGE ( 'NONE', *, *, #367, .T. ) ;
#9491 = DIRECTION ( 'NONE',  ( 0.0000000000000000000, 0.0000000000000000000, 1.000000000000000000 ) ) ;
#9492 = FACE_OUTER_BOUND ( 'NONE', #10510, .T. ) ;
#9493 = EDGE_CURVE ( 'NONE', #8029, #7723, #6389, .T. ) ;
#9494 = AXIS2_PLACEMENT_3D ( 'NONE', #8388, #4316, #4279 ) ;
#9495 = EDGE_CURVE ( 'NONE', #2019, #3342, #10236, .T. ) ;
#9496 = PLANE ( 'NONE',  #392 ) ;
#9497 = CIRCLE ( 'NONE', #1384, 0.04999999999999796300 ) ;
#9498 = AXIS2_PLACEMENT_3D ( 'NONE', #790, #6455, #1620 ) ;
#9499 = PLANE ( 'NONE',  #1056 ) ;
#9500 = CARTESIAN_POINT ( 'NONE',  ( 4.754675921659554700, 0.1596826248457989800, 0.0000000000000000000 ) ) ;
#9501 = CARTESIAN_POINT ( 'NONE',  ( 5.704854054024949900, 0.1696826248459104600, 0.1000000000000000100 ) ) ;
#9502 = CARTESIAN_POINT ( 'NONE',  ( 4.604675921659691100, 0.9596826248462082500, -0.1000000000000000100 ) ) ;
#9503 = ORIENTED_EDGE ( 'NONE', *, *, #1997, .T. ) ;
#9504 = ORIENTED_EDGE ( 'NONE', *, *, #9305, .T. ) ;
#9505 = VECTOR ( 'NONE', #1285, 1000.000000000000000 ) ;
#9506 = DIRECTION ( 'NONE',  ( 0.0000000000000000000, -1.000000000000000000, 0.0000000000000000000 ) ) ;
#9507 = EDGE_CURVE ( 'NONE', #3436, #5397, #1834, .T. ) ;
#9508 = EDGE_CURVE ( 'NONE', #535, #6632, #3980, .T. ) ;
#9509 = ORIENTED_EDGE ( 'NONE', *, *, #5187, .F. ) ;
#9510 = CARTESIAN_POINT ( 'NONE',  ( 4.954675921659530900, -0.3153173751544004500, 0.0000000000000000000 ) ) ;
#9511 = DIRECTION ( 'NONE',  ( 0.0000000000000000000, 0.0000000000000000000, 1.000000000000000000 ) ) ;
#9512 = FACE_OUTER_BOUND ( 'NONE', #2404, .T. ) ;
#9513 = CARTESIAN_POINT ( 'NONE',  ( 5.439675921659715900, 1.103366499252742500, 0.1000000000000000100 ) ) ;
#9514 = DIRECTION ( 'NONE',  ( -0.0000000000000000000, -0.0000000000000000000, -1.000000000000000000 ) ) ;
#9515 = ORIENTED_EDGE ( 'NONE', *, *, #8261, .T. ) ;
#9516 = AXIS2_PLACEMENT_3D ( 'NONE', #1872, #9192, #4292 ) ;
#9517 = CYLINDRICAL_SURFACE ( 'NONE', #752, 0.04999999999999969700 ) ;
#9518 = DIRECTION ( 'NONE',  ( -0.0000000000000000000, -0.0000000000000000000, -1.000000000000000000 ) ) ;
#9519 = PLANE ( 'NONE',  #6546 ) ;
#9520 = ADVANCED_FACE ( 'NONE', ( #9980 ), #6401, .T. ) ;
#9521 = EDGE_CURVE ( 'NONE', #10480, #4414, #3478, .T. ) ;
#9522 = CIRCLE ( 'NONE', #7757, 0.04999999999999969700 ) ;
#9523 = EDGE_CURVE ( 'NONE', #1545, #2030, #1322, .T. ) ;
#9524 = EDGE_LOOP ( 'NONE', ( #5444, #6250, #9984, #9312 ) ) ;
#9525 = SURFACE_STYLE_FILL_AREA ( #9911 ) ;
#9526 = LINE ( 'NONE', #936, #7334 ) ;
#9527 = DIRECTION ( 'NONE',  ( -1.000000000000000000, 0.0000000000000000000, 0.0000000000000000000 ) ) ;
#9528 = VERTEX_POINT ( 'NONE', #8875 ) ;
#9529 = CARTESIAN_POINT ( 'NONE',  ( 6.004675921660368200, 0.9596826248450711600, 0.1000000000000000100 ) ) ;
#9530 = CARTESIAN_POINT ( 'NONE',  ( 4.604675921659691100, 0.7096826248464361800, -0.1000000000000000100 ) ) ;
#9531 = DIRECTION ( 'NONE',  ( 0.8629477401728806700, -0.5052931799762572200, -0.0000000000000000000 ) ) ;
#9532 = CARTESIAN_POINT ( 'NONE',  ( 6.004675921659058200, -0.2903173751547012400, 0.1000000000000000100 ) ) ;
#9533 = ADVANCED_FACE ( 'NONE', ( #5622 ), #1062, .F. ) ;
#9534 = DIRECTION ( 'NONE',  ( 0.0000000000000000000, 0.0000000000000000000, 1.000000000000000000 ) ) ;
#9535 = ORIENTED_EDGE ( 'NONE', *, *, #6975, .F. ) ;
#9536 = DIRECTION ( 'NONE',  ( 1.000000000000000000, -0.0000000000000000000, 0.0000000000000000000 ) ) ;
#9537 = CYLINDRICAL_SURFACE ( 'NONE', #9494, 0.04999999999999883000 ) ;
#9538 = ORIENTED_EDGE ( 'NONE', *, *, #8667, .F. ) ;
#9539 = PLANE ( 'NONE',  #7346 ) ;
#9540 = CARTESIAN_POINT ( 'NONE',  ( 5.829675921659729800, 0.009682624845806009400, 0.1000000000000000100 ) ) ;
#9541 = DIRECTION ( 'NONE',  ( 1.000000000000000000, 0.0000000000000000000, 0.0000000000000000000 ) ) ;
#9542 = ORIENTED_EDGE ( 'NONE', *, *, #898, .F. ) ;
#9543 = AXIS2_PLACEMENT_3D ( 'NONE', #2272, #6298, #3903 ) ;
#9544 = PLANE ( 'NONE',  #5131 ) ;
#9545 = CARTESIAN_POINT ( 'NONE',  ( 4.704675921658918000, 0.7096826248464360700, 0.1000000000000000100 ) ) ;
#9546 = PLANE ( 'NONE',  #6647 ) ;
#9547 = LINE ( 'NONE', #6871, #5428 ) ;
#9548 = ORIENTED_EDGE ( 'NONE', *, *, #3637, .T. ) ;
#9549 = DIRECTION ( 'NONE',  ( 0.7071067811865475700, 0.7071067811865475700, -0.0000000000000000000 ) ) ;
#9550 = ORIENTED_EDGE ( 'NONE', *, *, #1462, .T. ) ;
#9551 = EDGE_LOOP ( 'NONE', ( #7353, #504, #7152, #5590 ) ) ;
#9552 = EDGE_CURVE ( 'NONE', #177, #761, #3728, .T. ) ;
#9553 = CARTESIAN_POINT ( 'NONE',  ( 4.879675921659395700, -0.1153173751537237000, 0.0000000000000000000 ) ) ;
#9554 = CARTESIAN_POINT ( 'NONE',  ( 4.954675921659327500, 0.3846826248461626700, -0.1000000000000000100 ) ) ;
#9555 = SURFACE_STYLE_FILL_AREA ( #7378 ) ;
#9556 = DIRECTION ( 'NONE',  ( -1.000000000000000000, -1.577021341803359400E-015, 0.0000000000000000000 ) ) ;
#9557 = DIRECTION ( 'NONE',  ( 1.000000000000000000, 0.0000000000000000000, 0.0000000000000000000 ) ) ;
#9558 = AXIS2_PLACEMENT_3D ( 'NONE', #3088, #8774, #5516 ) ;
#9559 = VECTOR ( 'NONE', #9643, 1000.000000000000000 ) ;
#9560 = EDGE_LOOP ( 'NONE', ( #5611, #4617, #6142, #2520 ) ) ;
#9561 = ORIENTED_EDGE ( 'NONE', *, *, #8563, .F. ) ;
#9562 = ORIENTED_EDGE ( 'NONE', *, *, #9660, .F. ) ;
#9563 = CARTESIAN_POINT ( 'NONE',  ( 5.754675921659735800, 1.484682624845741000, 0.0000000000000000000 ) ) ;
#9564 = VECTOR ( 'NONE', #9287, 1000.000000000000000 ) ;
#9565 = CARTESIAN_POINT ( 'NONE',  ( 5.829675921659729800, 0.6596826248457794400, 0.0000000000000000000 ) ) ;
#9566 = DIRECTION ( 'NONE',  ( -0.0000000000000000000, -0.0000000000000000000, -1.000000000000000000 ) ) ;
#9567 = VECTOR ( 'NONE', #1204, 1000.000000000000000 ) ;
#9568 = ORIENTED_EDGE ( 'NONE', *, *, #1788, .F. ) ;
#9569 = DIRECTION ( 'NONE',  ( 0.0000000000000000000, 0.0000000000000000000, 1.000000000000000000 ) ) ;
#9570 = ORIENTED_EDGE ( 'NONE', *, *, #670, .T. ) ;
#9571 = VERTEX_POINT ( 'NONE', #2406 ) ;
#9572 = EDGE_CURVE ( 'NONE', #539, #142, #7285, .T. ) ;
#9573 = EDGE_CURVE ( 'NONE', #913, #6248, #3234, .T. ) ;
#9574 = ORIENTED_EDGE ( 'NONE', *, *, #3493, .F. ) ;
#9575 = DIRECTION ( 'NONE',  ( 0.0000000000000000000, 0.0000000000000000000, 1.000000000000000000 ) ) ;
#9576 = ADVANCED_FACE ( 'NONE', ( #7533 ), #2442, .T. ) ;
#9577 = FACE_OUTER_BOUND ( 'NONE', #3449, .T. ) ;
#9578 = LINE ( 'NONE', #6699, #389 ) ;
#9579 = VECTOR ( 'NONE', #7400, 1000.000000000000000 ) ;
#9580 = EDGE_LOOP ( 'NONE', ( #5206, #7189, #842, #7711 ) ) ;
#9581 = VERTEX_POINT ( 'NONE', #8082 ) ;
#9582 = EDGE_LOOP ( 'NONE', ( #638, #2911, #9453, #9070 ) ) ;
#9583 = CARTESIAN_POINT ( 'NONE',  ( 4.837351104144149300, 0.1596826248457989800, 0.1000000000000000100 ) ) ;
#9584 = EDGE_CURVE ( 'NONE', #595, #5039, #9205, .T. ) ;
#9585 = EDGE_CURVE ( 'NONE', #3836, #3103, #7008, .T. ) ;
#9586 = ADVANCED_FACE ( 'NONE', ( #2968 ), #6756, .F. ) ;
#9587 = VECTOR ( 'NONE', #9899, 1000.000000000000000 ) ;
#9588 = ORIENTED_EDGE ( 'NONE', *, *, #135, .T. ) ;
#9589 = CARTESIAN_POINT ( 'NONE',  ( 5.104675921659546300, 0.04968262484573999400, 0.1000000000000000100 ) ) ;
#9590 = LINE ( 'NONE', #413, #908 ) ;
#9591 = CARTESIAN_POINT ( 'NONE',  ( 4.754675921659630200, 0.009682624845666794300, 0.1000000000000000100 ) ) ;
#9592 = EDGE_LOOP ( 'NONE', ( #1888, #6574, #522, #632 ) ) ;
#9593 = EDGE_LOOP ( 'NONE', ( #4018, #6867, #7755, #9864 ) ) ;
#9594 = PLANE ( 'NONE',  #8153 ) ;
#9595 = CARTESIAN_POINT ( 'NONE',  ( 6.104675921659724800, 1.209682624846421200, 0.1000000000000000100 ) ) ;
#9596 = ORIENTED_EDGE ( 'NONE', *, *, #92, .T. ) ;
#9597 = LINE ( 'NONE', #2173, #7403 ) ;
#9598 = DIRECTION ( 'NONE',  ( 0.0000000000000000000, -1.000000000000000000, 0.0000000000000000000 ) ) ;
#9599 = ORIENTED_EDGE ( 'NONE', *, *, #5892, .T. ) ;
#9600 = LINE ( 'NONE', #8373, #4981 ) ;
#9601 = LINE ( 'NONE', #2728, #5228 ) ;
#9602 = EDGE_CURVE ( 'NONE', #539, #6619, #548, .T. ) ;
#9603 = ORIENTED_EDGE ( 'NONE', *, *, #3753, .F. ) ;
#9604 =( NAMED_UNIT ( * ) SI_UNIT ( $, .STERADIAN. ) SOLID_ANGLE_UNIT ( ) );
#9605 = CARTESIAN_POINT ( 'NONE',  ( 4.954675921659327500, -0.1153173751537237000, -0.1000000000000000100 ) ) ;
#9606 = DIRECTION ( 'NONE',  ( 4.644217066735657000E-016, 1.000000000000000000, -0.0000000000000000000 ) ) ;
#9607 = ORIENTED_EDGE ( 'NONE', *, *, #9495, .F. ) ;
#9608 = ORIENTED_EDGE ( 'NONE', *, *, #3281, .T. ) ;
#9609 = DIRECTION ( 'NONE',  ( 2.602085213967194600E-015, -1.000000000000000000, 0.0000000000000000000 ) ) ;
#9610 = VECTOR ( 'NONE', #4077, 1000.000000000000100 ) ;
#9611 = ORIENTED_EDGE ( 'NONE', *, *, #251, .T. ) ;
#9612 = CARTESIAN_POINT ( 'NONE',  ( 5.104675921659472600, 0.5996826248457300900, 0.1000000000000000100 ) ) ;
#9613 = DIRECTION ( 'NONE',  ( -0.0000000000000000000, -0.0000000000000000000, -1.000000000000000000 ) ) ;
#9614 = LINE ( 'NONE', #8220, #7418 ) ;
#9615 = CARTESIAN_POINT ( 'NONE',  ( 5.659509715401691600, 0.6896826248458012300, 0.1000000000000000100 ) ) ;
#9616 = FACE_OUTER_BOUND ( 'NONE', #5655, .T. ) ;
#9617 = ORIENTED_EDGE ( 'NONE', *, *, #470, .T. ) ;
#9618 = EDGE_CURVE ( 'NONE', #6206, #5467, #806, .T. ) ;
#9619 = AXIS2_PLACEMENT_3D ( 'NONE', #2025, #7697, #2857 ) ;
#9620 = ORIENTED_EDGE ( 'NONE', *, *, #626, .T. ) ;
#9621 = VECTOR ( 'NONE', #6776, 1000.000000000000000 ) ;
#9622 = CARTESIAN_POINT ( 'NONE',  ( 4.704675921658628500, 1.459682624844767000, 0.0000000000000000000 ) ) ;
#9623 = VECTOR ( 'NONE', #6854, 1000.000000000000000 ) ;
#9624 = DIRECTION ( 'NONE',  ( 1.000000000000000000, 0.0000000000000000000, 0.0000000000000000000 ) ) ;
#9625 = DIRECTION ( 'NONE',  ( -0.0000000000000000000, -0.0000000000000000000, -1.000000000000000000 ) ) ;
#9626 = FACE_OUTER_BOUND ( 'NONE', #1448, .T. ) ;
#9627 = ADVANCED_FACE ( 'NONE', ( #4605 ), #4348, .T. ) ;
#9628 = VECTOR ( 'NONE', #6302, 1000.000000000000000 ) ;
#9629 = DIRECTION ( 'NONE',  ( 1.000000000000000000, 0.0000000000000000000, -0.0000000000000000000 ) ) ;
#9630 = ORIENTED_EDGE ( 'NONE', *, *, #4510, .T. ) ;
#9631 = EDGE_CURVE ( 'NONE', #4097, #9186, #6511, .T. ) ;
#9632 = EDGE_CURVE ( 'NONE', #2167, #820, #289, .T. ) ;
#9633 = VECTOR ( 'NONE', #6158, 1000.000000000000000 ) ;
#9634 = CARTESIAN_POINT ( 'NONE',  ( 5.979675921659509900, 1.484682624845741400, 0.0000000000000000000 ) ) ;
#9635 = DIRECTION ( 'NONE',  ( -1.000000000000000000, 0.0000000000000000000, 0.0000000000000000000 ) ) ;
#9636 = ORIENTED_EDGE ( 'NONE', *, *, #2688, .T. ) ;
#9637 = FACE_OUTER_BOUND ( 'NONE', #2950, .T. ) ;
#9638 = ADVANCED_FACE ( 'NONE', ( #8694 ), #1950, .F. ) ;
#9639 = CARTESIAN_POINT ( 'NONE',  ( 5.754675921660088500, 0.3846826248450256900, -0.1000000000000000100 ) ) ;
#9640 = PLANE ( 'NONE',  #5520 ) ;
#9641 = CARTESIAN_POINT ( 'NONE',  ( 5.154675921659544400, -0.01619039102726995200, 0.1000000000000000100 ) ) ;
#9642 = EDGE_LOOP ( 'NONE', ( #3929, #2345, #5997, #5484 ) ) ;
#9643 = DIRECTION ( 'NONE',  ( 0.0000000000000000000, 0.0000000000000000000, 1.000000000000000000 ) ) ;
#9644 = ORIENTED_EDGE ( 'NONE', *, *, #1997, .F. ) ;
#9645 = EDGE_CURVE ( 'NONE', #2552, #8812, #4099, .T. ) ;
#9646 = LINE ( 'NONE', #5177, #9386 ) ;
#9647 = PLANE ( 'NONE',  #904 ) ;
#9648 = EDGE_LOOP ( 'NONE', ( #4862, #151, #1338, #3181 ) ) ;
#9649 = DIRECTION ( 'NONE',  ( -1.000000000000000000, -6.264279218807324600E-015, 0.0000000000000000000 ) ) ;
#9650 = CARTESIAN_POINT ( 'NONE',  ( 6.104675921659724800, -0.2903173751547011800, -0.1000000000000000100 ) ) ;
#9651 = CARTESIAN_POINT ( 'NONE',  ( 6.104675921659724800, 0.2096826248452989300, -0.1000000000000000100 ) ) ;
#9652 = AXIS2_PLACEMENT_3D ( 'NONE', #4239, #5052, #191 ) ;
#9653 = ORIENTED_EDGE ( 'NONE', *, *, #2763, .T. ) ;
#9654 = CARTESIAN_POINT ( 'NONE',  ( 6.004675921660369100, -0.04031737515492882200, 0.0000000000000000000 ) ) ;
#9655 = DIRECTION ( 'NONE',  ( 0.0000000000000000000, 0.0000000000000000000, 1.000000000000000000 ) ) ;
#9656 = FACE_OUTER_BOUND ( 'NONE', #8552, .T. ) ;
#9657 = LINE ( 'NONE', #6290, #3157 ) ;
#9658 = ORIENTED_EDGE ( 'NONE', *, *, #1333, .F. ) ;
#9659 = CARTESIAN_POINT ( 'NONE',  ( 5.154675921659472400, 0.6496826248457289200, 0.1000000000000000100 ) ) ;
#9660 = EDGE_CURVE ( 'NONE', #7501, #3527, #6249, .T. ) ;
#9661 = PLANE ( 'NONE',  #8944 ) ;
#9662 = EDGE_CURVE ( 'NONE', #917, #2594, #8438, .T. ) ;
#9663 = CARTESIAN_POINT ( 'NONE',  ( 5.439675921659715900, 1.103366499252742500, 0.0000000000000000000 ) ) ;
#9664 = FACE_OUTER_BOUND ( 'NONE', #2159, .T. ) ;
#9665 = VERTEX_POINT ( 'NONE', #5779 ) ;
#9666 = DIRECTION ( 'NONE',  ( 0.0000000000000000000, 0.0000000000000000000, 1.000000000000000000 ) ) ;
#9667 = CARTESIAN_POINT ( 'NONE',  ( 5.148821372569150500, 0.9846826248460804900, 0.1000000000000000100 ) ) ;
#9668 = ORIENTED_EDGE ( 'NONE', *, *, #8564, .T. ) ;
#9669 = ORIENTED_EDGE ( 'NONE', *, *, #6002, .F. ) ;
#9670 = DIRECTION ( 'NONE',  ( 0.0000000000000000000, 0.0000000000000000000, 1.000000000000000000 ) ) ;
#9671 = CARTESIAN_POINT ( 'NONE',  ( 5.354675921659710600, 0.4646826248459103900, 0.0000000000000000000 ) ) ;
#9673 = UNCERTAINTY_MEASURE_WITH_UNIT (LENGTH_MEASURE( 1.000000000000000100E-005 ), #303, 'distance_accuracy_value', 'NONE');
#9672 = AXIS2_PLACEMENT_3D ( 'NONE', #10075, #6822, #10003 ) ;
#9674 = DIRECTION ( 'NONE',  ( -1.000000000000000000, 0.0000000000000000000, 0.0000000000000000000 ) ) ;
#9675 = ADVANCED_FACE ( 'NONE', ( #5990 ), #6568, .F. ) ;
#9676 = VECTOR ( 'NONE', #227, 1000.000000000000000 ) ;
#9677 = DIRECTION ( 'NONE',  ( -0.0000000000000000000, -0.0000000000000000000, -1.000000000000000000 ) ) ;
#9678 = ORIENTED_EDGE ( 'NONE', *, *, #4832, .T. ) ;
#9679 = FACE_OUTER_BOUND ( 'NONE', #3602, .T. ) ;
#9680 = VERTEX_POINT ( 'NONE', #2578 ) ;
#9681 = ORIENTED_EDGE ( 'NONE', *, *, #9573, .F. ) ;
#9682 = ORIENTED_EDGE ( 'NONE', *, *, #1868, .T. ) ;
#9683 = AXIS2_PLACEMENT_3D ( 'NONE', #4055, #3289, #8984 ) ;
#9684 =( LENGTH_UNIT ( ) NAMED_UNIT ( * ) SI_UNIT ( .MILLI., .METRE. ) );
#9685 = DIRECTION ( 'NONE',  ( -3.942553354508385700E-016, -1.000000000000000000, 0.0000000000000000000 ) ) ;
#9686 = CARTESIAN_POINT ( 'NONE',  ( 5.354675921659710600, 0.8346826248458012500, 0.0000000000000000000 ) ) ;
#9687 = FACE_OUTER_BOUND ( 'NONE', #5883, .T. ) ;
#9688 = ADVANCED_FACE ( 'NONE', ( #1704 ), #9088, .T. ) ;
#9689 = EDGE_LOOP ( 'NONE', ( #3823, #7267, #2620, #9123 ) ) ;
#9690 = ORIENTED_EDGE ( 'NONE', *, *, #636, .T. ) ;
#9691 = ORIENTED_EDGE ( 'NONE', *, *, #1765, .F. ) ;
#9692 = EDGE_CURVE ( 'NONE', #4759, #8885, #3855, .T. ) ;
#9693 = AXIS2_PLACEMENT_3D ( 'NONE', #3206, #8898, #4017 ) ;
#9694 = DIRECTION ( 'NONE',  ( 1.000000000000000000, 0.0000000000000000000, 0.0000000000000000000 ) ) ;
#9695 = CARTESIAN_POINT ( 'NONE',  ( 4.754675921659630200, 0.009682624845666794300, 0.1000000000000000100 ) ) ;
#9696 = DIRECTION ( 'NONE',  ( 0.7071067811865552300, 0.7071067811865398000, 0.0000000000000000000 ) ) ;
#9697 = VECTOR ( 'NONE', #1397, 1000.000000000000000 ) ;
#9698 = VERTEX_POINT ( 'NONE', #964 ) ;
#9699 = CARTESIAN_POINT ( 'NONE',  ( 5.954675921659633900, 0.009682624845806115200, 0.1000000000000000100 ) ) ;
#9700 = FACE_OUTER_BOUND ( 'NONE', #6583, .T. ) ;
#9701 = ORIENTED_EDGE ( 'NONE', *, *, #6255, .T. ) ;
#9702 = ORIENTED_EDGE ( 'NONE', *, *, #10500, .F. ) ;
#9703 = ORIENTED_EDGE ( 'NONE', *, *, #9456, .T. ) ;
#9704 = CARTESIAN_POINT ( 'NONE',  ( 4.879675921659111500, 0.2846826248466515800, -0.1000000000000000100 ) ) ;
#9705 = VECTOR ( 'NONE', #9075, 1000.000000000000000 ) ;
#9706 = DIRECTION ( 'NONE',  ( 1.000000000000000000, -0.0000000000000000000, -0.0000000000000000000 ) ) ;
#9707 = ORIENTED_EDGE ( 'NONE', *, *, #7313, .F. ) ;
#9708 = ORIENTED_EDGE ( 'NONE', *, *, #6816, .T. ) ;
#9709 = EDGE_CURVE ( 'NONE', #2200, #7584, #8177, .T. ) ;
#9710 = PLANE ( 'NONE',  #9321 ) ;
#9711 = CARTESIAN_POINT ( 'NONE',  ( 5.754675921660088500, 0.8846826248450256900, 0.0000000000000000000 ) ) ;
#9712 = EDGE_CURVE ( 'NONE', #5970, #4101, #2206, .T. ) ;
#9713 = ORIENTED_EDGE ( 'NONE', *, *, #9294, .F. ) ;
#9714 = ORIENTED_EDGE ( 'NONE', *, *, #9983, .T. ) ;
#9715 = ORIENTED_EDGE ( 'NONE', *, *, #8596, .F. ) ;
#9716 = DIRECTION ( 'NONE',  ( 1.000000000000000000, 0.0000000000000000000, -0.0000000000000000000 ) ) ;
#9717 = VERTEX_POINT ( 'NONE', #1835 ) ;
#9718 = CARTESIAN_POINT ( 'NONE',  ( 5.829675921659906600, 0.9596826248450711600, -0.1000000000000000100 ) ) ;
#9719 = ORIENTED_EDGE ( 'NONE', *, *, #8872, .T. ) ;
#9720 = FACE_OUTER_BOUND ( 'NONE', #8020, .T. ) ;
#9721 = AXIS2_PLACEMENT_3D ( 'NONE', #7326, #2474, #8150 ) ;
#9722 = DIRECTION ( 'NONE',  ( 1.000000000000000000, 0.0000000000000000000, 0.0000000000000000000 ) ) ;
#9723 = ORIENTED_EDGE ( 'NONE', *, *, #9632, .F. ) ;
#9724 = FACE_OUTER_BOUND ( 'NONE', #6304, .T. ) ;
#9725 = VECTOR ( 'NONE', #8649, 1000.000000000000100 ) ;
#9726 = DIRECTION ( 'NONE',  ( 0.0000000000000000000, 0.0000000000000000000, 1.000000000000000000 ) ) ;
#9727 = CARTESIAN_POINT ( 'NONE',  ( 4.704675921659936800, 0.9596826248462082500, 0.1000000000000000100 ) ) ;
#9728 = VERTEX_POINT ( 'NONE', #6667 ) ;
#9729 = DIRECTION ( 'NONE',  ( 1.000000000000000000, 0.0000000000000000000, -0.0000000000000000000 ) ) ;
#9730 = EDGE_CURVE ( 'NONE', #8657, #1892, #1444, .T. ) ;
#9731 = EDGE_CURVE ( 'NONE', #9717, #4007, #3596, .T. ) ;
#9732 = VERTEX_POINT ( 'NONE', #9981 ) ;
#9733 = VECTOR ( 'NONE', #3512, 1000.000000000000000 ) ;
#9734 = DIRECTION ( 'NONE',  ( 0.7071067811865474600, -0.7071067811865474600, 0.0000000000000000000 ) ) ;
#9735 = CARTESIAN_POINT ( 'NONE',  ( 5.771983613967414300, 1.159682624845749900, 0.1000000000000000100 ) ) ;
#9736 = VECTOR ( 'NONE', #8044, 1000.000000000000000 ) ;
#9737 = ADVANCED_FACE ( 'NONE', ( #5492 ), #1188, .T. ) ;
#9738 = DIRECTION ( 'NONE',  ( 0.7071067811865490200, -0.7071067811865460200, 0.0000000000000000000 ) ) ;
#9739 = ORIENTED_EDGE ( 'NONE', *, *, #6190, .F. ) ;
#9740 = DIRECTION ( 'NONE',  ( 1.000000000000000000, 0.0000000000000000000, 0.0000000000000000000 ) ) ;
#9741 = VERTEX_POINT ( 'NONE', #2686 ) ;
#9742 = VECTOR ( 'NONE', #4574, 1000.000000000000100 ) ;
#9743 = EDGE_LOOP ( 'NONE', ( #9691, #8799, #6424, #4384, #7210, #9824, #1515, #10216, #1438, #5093, #1963, #1340, #9322, #6711 ) ) ;
#9744 = AXIS2_PLACEMENT_3D ( 'NONE', #4164, #6149, #4973 ) ;
#9745 = CARTESIAN_POINT ( 'NONE',  ( 4.704675921658918000, 0.7096826248464361800, 0.0000000000000000000 ) ) ;
#9746 = LINE ( 'NONE', #5513, #5630 ) ;
#9747 = DIRECTION ( 'NONE',  ( 0.7071067811865505700, 0.7071067811865444600, -0.0000000000000000000 ) ) ;
#9748 = DIRECTION ( 'NONE',  ( -0.0000000000000000000, -0.0000000000000000000, -1.000000000000000000 ) ) ;
#9749 = FACE_OUTER_BOUND ( 'NONE', #4469, .T. ) ;
#9750 = EDGE_LOOP ( 'NONE', ( #926, #4610, #1804, #7605 ) ) ;
#9751 = ADVANCED_FACE ( 'NONE', ( #7659 ), #3497, .F. ) ;
#9752 = CARTESIAN_POINT ( 'NONE',  ( 5.754675921660088500, -0.2153173751548833300, -0.1000000000000000100 ) ) ;
#9753 = DIRECTION ( 'NONE',  ( -1.000000000000000000, 1.724867092591717200E-016, 0.0000000000000000000 ) ) ;
#9754 = ORIENTED_EDGE ( 'NONE', *, *, #3025, .T. ) ;
#9755 = FACE_OUTER_BOUND ( 'NONE', #3422, .T. ) ;
#9756 = CARTESIAN_POINT ( 'NONE',  ( 5.771983613967414300, 1.159682624845749900, 0.1000000000000000100 ) ) ;
#9757 = DIRECTION ( 'NONE',  ( 0.0000000000000000000, 0.0000000000000000000, 1.000000000000000000 ) ) ;
#9758 = ADVANCED_BREP_SHAPE_REPRESENTATION ( '零件4', ( #343, #1840, #2161, #4636, #3091, #935, #5196, #992, #7494, #5936 ), #1613 ) ;
#9759 = VECTOR ( 'NONE', #9892, 1000.000000000000000 ) ;
#9760 = EDGE_CURVE ( 'NONE', #4020, #5749, #3350, .T. ) ;
#9761 = CARTESIAN_POINT ( 'NONE',  ( 5.829675921659906600, -0.04031737515492883600, 0.0000000000000000000 ) ) ;
#9762 = CARTESIAN_POINT ( 'NONE',  ( 4.729675921659755000, 1.484682624845893300, 0.1000000000000000100 ) ) ;
#9763 = VERTEX_POINT ( 'NONE', #7534 ) ;
#9764 = EDGE_LOOP ( 'NONE', ( #10386, #471, #4467, #2135 ) ) ;
#9765 = VECTOR ( 'NONE', #1993, 1000.000000000000000 ) ;
#9766 = AXIS2_PLACEMENT_3D ( 'NONE', #2751, #268, #3542 ) ;
#9767 = CARTESIAN_POINT ( 'NONE',  ( 5.850392180554097300, 0.5096826248458024000, 0.1000000000000000100 ) ) ;
#9768 = CARTESIAN_POINT ( 'NONE',  ( 4.954675921659529100, 1.159682624845901600, 0.1000000000000000100 ) ) ;
#9769 = EDGE_LOOP ( 'NONE', ( #199, #2788, #5334, #7606, #10094, #1316, #2841, #1847, #3670, #9282, #4696, #5972, #3636, #7828, #4151, #513 ) ) ;
#9770 = CARTESIAN_POINT ( 'NONE',  ( 4.754675921659555500, 1.009682624845826200, 0.1000000000000000100 ) ) ;
#9771 = DIRECTION ( 'NONE',  ( 1.000000000000000000, 0.0000000000000000000, 0.0000000000000000000 ) ) ;
#9772 = VECTOR ( 'NONE', #1862, 1000.000000000000000 ) ;
#9773 = ORIENTED_EDGE ( 'NONE', *, *, #7151, .F. ) ;
#9774 = DIRECTION ( 'NONE',  ( 0.0000000000000000000, -0.0000000000000000000, -1.000000000000000000 ) ) ;
#9775 = LINE ( 'NONE', #6281, #3514 ) ;
#9776 = EDGE_CURVE ( 'NONE', #1302, #2884, #10099, .T. ) ;
#9777 = AXIS2_PLACEMENT_3D ( 'NONE', #8180, #3315, #9009 ) ;
#9778 = EDGE_CURVE ( 'NONE', #1900, #1814, #9601, .T. ) ;
#9779 = DIRECTION ( 'NONE',  ( 0.0000000000000000000, 0.0000000000000000000, 1.000000000000000000 ) ) ;
#9780 = VECTOR ( 'NONE', #5360, 1000.000000000000000 ) ;
#9781 = CARTESIAN_POINT ( 'NONE',  ( 5.829675921660816900, 1.459682624846193400, 0.0000000000000000000 ) ) ;
#9782 = ORIENTED_EDGE ( 'NONE', *, *, #10521, .F. ) ;
#9783 = AXIS2_PLACEMENT_3D ( 'NONE', #4044, #6485, #2457 ) ;
#9784 = VECTOR ( 'NONE', #1733, 1000.000000000000000 ) ;
#9785 = DIRECTION ( 'NONE',  ( 0.0000000000000000000, 1.000000000000000000, 0.0000000000000000000 ) ) ;
#9786 = VECTOR ( 'NONE', #102, 1000.000000000000000 ) ;
#9787 = ORIENTED_EDGE ( 'NONE', *, *, #7168, .T. ) ;
#9788 = PLANE ( 'NONE',  #4410 ) ;
#9789 = CARTESIAN_POINT ( 'NONE',  ( 5.018646509894665500, 0.6055649777869399600, 0.1000000000000000100 ) ) ;
#9790 = EDGE_CURVE ( 'NONE', #6491, #6619, #7409, .T. ) ;
#9791 = EDGE_CURVE ( 'NONE', #4080, #10215, #924, .T. ) ;
#9792 = ORIENTED_EDGE ( 'NONE', *, *, #8050, .F. ) ;
#9793 = DIRECTION ( 'NONE',  ( -0.0000000000000000000, -0.0000000000000000000, -1.000000000000000000 ) ) ;
#9794 = CIRCLE ( 'NONE', #7820, 0.07499999999993189900 ) ;
#9795 = ORIENTED_EDGE ( 'NONE', *, *, #5926, .F. ) ;
#9796 = ADVANCED_FACE ( 'NONE', ( #7140 ), #1935, .F. ) ;
#9797 = VERTEX_POINT ( 'NONE', #6777 ) ;
#9798 = DIRECTION ( 'NONE',  ( 1.000000000000000000, 0.0000000000000000000, 0.0000000000000000000 ) ) ;
#9799 = AXIS2_PLACEMENT_3D ( 'NONE', #7609, #5178, #332 ) ;
#9800 = CIRCLE ( 'NONE', #2599, 0.04999999999999969700 ) ;
#9801 = CARTESIAN_POINT ( 'NONE',  ( 5.304675921659710800, 0.6646826248458013200, 0.1000000000000000100 ) ) ;
#9802 = CARTESIAN_POINT ( 'NONE',  ( 5.664169081836867300, 0.01968262484601956300, 0.0000000000000000000 ) ) ;
#9803 = VERTEX_POINT ( 'NONE', #9262 ) ;
#9804 = EDGE_CURVE ( 'NONE', #1403, #5850, #676, .T. ) ;
#9805 = VERTEX_POINT ( 'NONE', #4371 ) ;
#9806 = ORIENTED_EDGE ( 'NONE', *, *, #8322, .T. ) ;
#9807 = UNCERTAINTY_MEASURE_WITH_UNIT (LENGTH_MEASURE( 1.000000000000000100E-005 ), #3002, 'distance_accuracy_value', 'NONE');
#9808 = FACE_OUTER_BOUND ( 'NONE', #5125, .T. ) ;
#9809 = DIRECTION ( 'NONE',  ( -1.000000000000000000, 0.0000000000000000000, 0.0000000000000000000 ) ) ;
#9810 = CARTESIAN_POINT ( 'NONE',  ( 5.104675921659472600, 0.5996826248457300900, 0.1000000000000000100 ) ) ;
#9811 = LINE ( 'NONE', #7157, #9559 ) ;
#9812 = DIRECTION ( 'NONE',  ( 1.000000000000000000, 0.0000000000000000000, -0.0000000000000000000 ) ) ;
#9813 = ORIENTED_EDGE ( 'NONE', *, *, #7429, .F. ) ;
#9814 = ORIENTED_EDGE ( 'NONE', *, *, #6417, .F. ) ;
#9815 = EDGE_LOOP ( 'NONE', ( #7836, #2015, #4329, #6584 ) ) ;
#9816 = DIRECTION ( 'NONE',  ( 0.0000000000000000000, 0.0000000000000000000, 1.000000000000000000 ) ) ;
#9817 = AXIS2_PLACEMENT_3D ( 'NONE', #5812, #8470, #8366 ) ;
#9818 = DIRECTION ( 'NONE',  ( 9.856383386270964100E-017, -1.000000000000000000, 0.0000000000000000000 ) ) ;
#9819 = CARTESIAN_POINT ( 'NONE',  ( 5.754675921660088500, 1.384682624846375700, -0.1000000000000000100 ) ) ;
#9820 = LINE ( 'NONE', #1075, #7623 ) ;
#9821 = LINE ( 'NONE', #3241, #5452 ) ;
#9822 = AXIS2_PLACEMENT_3D ( 'NONE', #4745, #2365, #8025 ) ;
#9823 = CARTESIAN_POINT ( 'NONE',  ( 5.304675921659713500, 0.04468262484602203400, 0.1000000000000000100 ) ) ;
#9824 = ORIENTED_EDGE ( 'NONE', *, *, #3294, .F. ) ;
#9825 = ORIENTED_EDGE ( 'NONE', *, *, #2675, .F. ) ;
#9826 = ORIENTED_EDGE ( 'NONE', *, *, #2188, .F. ) ;
#9827 = CARTESIAN_POINT ( 'NONE',  ( 4.879675921659459600, 0.5096826248458689000, 0.1000000000000000100 ) ) ;
#9828 = CARTESIAN_POINT ( 'NONE',  ( 4.879675921659395700, 0.3846826248462763000, -0.1000000000000000100 ) ) ;
#9829 = VECTOR ( 'NONE', #6172, 1000.000000000000000 ) ;
#9830 = LINE ( 'NONE', #2648, #3570 ) ;
#9831 = CARTESIAN_POINT ( 'NONE',  ( 5.154675921659469800, 0.3996826248457591200, 0.1000000000000000100 ) ) ;
#9832 = CARTESIAN_POINT ( 'NONE',  ( 4.879675921659459600, 1.009682624845825900, 0.1000000000000000100 ) ) ;
#9833 = VECTOR ( 'NONE', #4446, 1000.000000000000000 ) ;
#9834 = ORIENTED_EDGE ( 'NONE', *, *, #961, .T. ) ;
#9835 = ORIENTED_EDGE ( 'NONE', *, *, #5425, .T. ) ;
#9836 = VERTEX_POINT ( 'NONE', #324 ) ;
#9837 = CARTESIAN_POINT ( 'NONE',  ( 5.269675921659555200, 1.103366499252897800, 0.1000000000000000100 ) ) ;
#9838 = EDGE_CURVE ( 'NONE', #5429, #754, #6881, .T. ) ;
#9839 = AXIS2_PLACEMENT_3D ( 'NONE', #7260, #2409, #8085 ) ;
#9840 = EDGE_CURVE ( 'NONE', #9975, #7131, #9078, .T. ) ;
#9841 = CARTESIAN_POINT ( 'NONE',  ( 5.354675921659710600, 0.2946826248459104000, 0.1000000000000000100 ) ) ;
#9842 = CARTESIAN_POINT ( 'NONE',  ( 4.854675921659857200, 1.459682624844767000, -0.1000000000000000100 ) ) ;
#9843 = PRESENTATION_STYLE_ASSIGNMENT (( #6116 ) ) ;
#9844 = ORIENTED_EDGE ( 'NONE', *, *, #2962, .F. ) ;
#9845 = FACE_OUTER_BOUND ( 'NONE', #7230, .T. ) ;
#9846 = CARTESIAN_POINT ( 'NONE',  ( 5.104675921659546300, 0.04968262484573999400, 0.1000000000000000100 ) ) ;
#9847 = VERTEX_POINT ( 'NONE', #6802 ) ;
#9848 = ORIENTED_EDGE ( 'NONE', *, *, #6474, .T. ) ;
#9849 = ADVANCED_FACE ( 'NONE', ( #2843 ), #6627, .T. ) ;
#9850 = ORIENTED_EDGE ( 'NONE', *, *, #5514, .T. ) ;
#9851 = LINE ( 'NONE', #7769, #5487 ) ;
#9852 = EDGE_CURVE ( 'NONE', #8769, #9188, #8824, .T. ) ;
#9853 = CARTESIAN_POINT ( 'NONE',  ( 4.854675921659857200, 1.459682624844767000, 0.0000000000000000000 ) ) ;
#9854 = EDGE_CURVE ( 'NONE', #6605, #2510, #9336, .T. ) ;
#9855 = ORIENTED_EDGE ( 'NONE', *, *, #6996, .F. ) ;
#9856 = DIRECTION ( 'NONE',  ( 0.0000000000000000000, 0.0000000000000000000, 1.000000000000000000 ) ) ;
#9857 = VECTOR ( 'NONE', #3461, 1000.000000000000000 ) ;
#9858 = CARTESIAN_POINT ( 'NONE',  ( 5.269675921659555200, 1.103366499252897800, 0.0000000000000000000 ) ) ;
#9859 = ORIENTED_EDGE ( 'NONE', *, *, #3153, .T. ) ;
#9860 = CARTESIAN_POINT ( 'NONE',  ( 4.917175921659649300, 0.6596826248457984300, 0.0000000000000000000 ) ) ;
#9861 = ORIENTED_EDGE ( 'NONE', *, *, #9838, .T. ) ;
#9862 = ORIENTED_EDGE ( 'NONE', *, *, #7064, .F. ) ;
#9863 = LINE ( 'NONE', #10572, #9610 ) ;
#9864 = ORIENTED_EDGE ( 'NONE', *, *, #4046, .T. ) ;
#9865 = DIRECTION ( 'NONE',  ( 0.8823529411758149800, -0.4705882352953469900, 0.0000000000000000000 ) ) ;
#9866 =( LENGTH_UNIT ( ) NAMED_UNIT ( * ) SI_UNIT ( .MILLI., .METRE. ) );
#9867 = LINE ( 'NONE', #107, #3358 ) ;
#9868 = EDGE_CURVE ( 'NONE', #4637, #5025, #416, .T. ) ;
#9869 = LINE ( 'NONE', #2743, #3360 ) ;
#9870 = EDGE_CURVE ( 'NONE', #3319, #8626, #2588, .T. ) ;
#9871 = ORIENTED_EDGE ( 'NONE', *, *, #223, .F. ) ;
#9872 = CARTESIAN_POINT ( 'NONE',  ( 6.004675921659058200, 1.459682624846193600, 0.1000000000000000100 ) ) ;
#9873 = CARTESIAN_POINT ( 'NONE',  ( 5.269675921659555200, 1.103366499252897800, 0.1000000000000000100 ) ) ;
#9874 = ORIENTED_EDGE ( 'NONE', *, *, #3812, .F. ) ;
#9875 = VECTOR ( 'NONE', #9151, 1000.000000000000000 ) ;
#9876 = PLANE ( 'NONE',  #2470 ) ;
#9877 = LINE ( 'NONE', #6928, #2867 ) ;
#9878 = VECTOR ( 'NONE', #6146, 1000.000000000000000 ) ;
#9879 = LINE ( 'NONE', #5494, #10125 ) ;
#9880 = DIRECTION ( 'NONE',  ( 0.0000000000000000000, 1.000000000000000000, -0.0000000000000000000 ) ) ;
#9881 = AXIS2_PLACEMENT_3D ( 'NONE', #9417, #6957, #5327 ) ;
#9882 = CARTESIAN_POINT ( 'NONE',  ( 4.917175921659649300, 0.6596826248457984300, 0.1000000000000000100 ) ) ;
#9883 = PLANE ( 'NONE',  #3782 ) ;
#9884 = LINE ( 'NONE', #3727, #1481 ) ;
#9885 = EDGE_LOOP ( 'NONE', ( #7502, #1916, #6617, #824, #7671, #6498 ) ) ;
#9886 = CIRCLE ( 'NONE', #8386, 0.07499999999993189900 ) ;
#9887 = DIRECTION ( 'NONE',  ( -0.0000000000000000000, -0.0000000000000000000, -1.000000000000000000 ) ) ;
#9888 = CARTESIAN_POINT ( 'NONE',  ( 4.754675921659438300, 1.159682624845901600, 0.1000000000000000100 ) ) ;
#9889 = CARTESIAN_POINT ( 'NONE',  ( 4.954675921659327500, 0.7846826248466516300, -0.1000000000000000100 ) ) ;
#9890 = EDGE_CURVE ( 'NONE', #1647, #5182, #2341, .T. ) ;
#9891 = EDGE_LOOP ( 'NONE', ( #5965, #6229, #10007, #4143, #503, #3910, #8644, #2711, #2061, #7535, #688, #4330, #7997, #7376, #2852, #2993 ) ) ;
#9892 = DIRECTION ( 'NONE',  ( 0.0000000000000000000, 0.0000000000000000000, 1.000000000000000000 ) ) ;
#9893 = ADVANCED_FACE ( 'NONE', ( #8303 ), #3659, .T. ) ;
#9894 = AXIS2_PLACEMENT_3D ( 'NONE', #7504, #9161, #4266 ) ;
#9895 = VERTEX_POINT ( 'NONE', #2034 ) ;
#9896 = DIRECTION ( 'NONE',  ( 0.0000000000000000000, 0.0000000000000000000, 1.000000000000000000 ) ) ;
#9897 = VECTOR ( 'NONE', #6781, 1000.000000000000000 ) ;
#9898 = ORIENTED_EDGE ( 'NONE', *, *, #690, .F. ) ;
#9899 = DIRECTION ( 'NONE',  ( -0.0000000000000000000, -0.0000000000000000000, -1.000000000000000000 ) ) ;
#9900 = ORIENTED_EDGE ( 'NONE', *, *, #4351, .F. ) ;
#9901 = EDGE_CURVE ( 'NONE', #3995, #7094, #4217, .T. ) ;
#9902 = LINE ( 'NONE', #2304, #10153 ) ;
#9903 = EDGE_CURVE ( 'NONE', #5335, #1069, #10485, .T. ) ;
#9904 = FACE_OUTER_BOUND ( 'NONE', #1940, .T. ) ;
#9905 = VERTEX_POINT ( 'NONE', #6910 ) ;
#9906 = DIRECTION ( 'NONE',  ( 0.0000000000000000000, 0.0000000000000000000, 1.000000000000000000 ) ) ;
#9907 = CARTESIAN_POINT ( 'NONE',  ( 5.004675921659327300, 1.209682624845298500, -0.1000000000000000100 ) ) ;
#9908 = DIRECTION ( 'NONE',  ( 1.000000000000000000, -2.668805347655082700E-015, -0.0000000000000000000 ) ) ;
#9909 = AXIS2_PLACEMENT_3D ( 'NONE', #4065, #1667, #2480 ) ;
#9910 = DIRECTION ( 'NONE',  ( -0.7071067811865474600, 0.7071067811865474600, 0.0000000000000000000 ) ) ;
#9911 = FILL_AREA_STYLE ('',( #7440 ) ) ;
#9912 = DIRECTION ( 'NONE',  ( 0.7071067811865541200, 0.7071067811865409100, -0.0000000000000000000 ) ) ;
#9913 = LINE ( 'NONE', #7283, #5551 ) ;
#9914 = DIRECTION ( 'NONE',  ( -0.0000000000000000000, -0.0000000000000000000, -1.000000000000000000 ) ) ;
#9915 = ORIENTED_EDGE ( 'NONE', *, *, #4474, .F. ) ;
#9916 = EDGE_CURVE ( 'NONE', #2439, #5875, #6114, .T. ) ;
#9917 = ORIENTED_EDGE ( 'NONE', *, *, #691, .T. ) ;
#9918 = EDGE_CURVE ( 'NONE', #2643, #9420, #10226, .T. ) ;
#9919 = ORIENTED_EDGE ( 'NONE', *, *, #6258, .F. ) ;
#9920 = CARTESIAN_POINT ( 'NONE',  ( 4.604675921659691100, 0.9596826248462082500, -0.1000000000000000100 ) ) ;
#9921 = CARTESIAN_POINT ( 'NONE',  ( 5.304675921659710800, 0.4146826248459104000, 0.0000000000000000000 ) ) ;
#9922 = FACE_OUTER_BOUND ( 'NONE', #7573, .T. ) ;
#9923 = ORIENTED_EDGE ( 'NONE', *, *, #3613, .T. ) ;
#9924 = FACE_OUTER_BOUND ( 'NONE', #659, .T. ) ;
#9926 = ORIENTED_EDGE ( 'NONE', *, *, #4264, .T. ) ;
#9925 = CARTESIAN_POINT ( 'NONE',  ( 5.702066070335085600, 0.08440370535898600300, 0.0000000000000000000 ) ) ;
#9927 = CARTESIAN_POINT ( 'NONE',  ( 5.979675921659509900, 1.484682624845741400, 0.0000000000000000000 ) ) ;
#9928 = ORIENTED_EDGE ( 'NONE', *, *, #5254, .T. ) ;
#9929 = ORIENTED_EDGE ( 'NONE', *, *, #841, .F. ) ;
#9930 = DIRECTION ( 'NONE',  ( -3.330370134191279000E-016, -1.000000000000000000, 0.0000000000000000000 ) ) ;
#9931 = AXIS2_PLACEMENT_3D ( 'NONE', #10158, #9566, #1698 ) ;
#9932 = PLANE ( 'NONE',  #3517 ) ;
#9933 = DIRECTION ( 'NONE',  ( 0.0000000000000000000, 0.0000000000000000000, 1.000000000000000000 ) ) ;
#9934 = EDGE_CURVE ( 'NONE', #6663, #3451, #3976, .T. ) ;
#9935 = VECTOR ( 'NONE', #9474, 1000.000000000000000 ) ;
#9936 = VECTOR ( 'NONE', #1259, 1000.000000000000000 ) ;
#9937 = ORIENTED_EDGE ( 'NONE', *, *, #7339, .T. ) ;
#9938 = VERTEX_POINT ( 'NONE', #6946 ) ;
#9939 = ORIENTED_EDGE ( 'NONE', *, *, #1735, .T. ) ;
#9940 = DIRECTION ( 'NONE',  ( -1.000000000000000000, 0.0000000000000000000, 0.0000000000000000000 ) ) ;
#9941 = PLANE ( 'NONE',  #6432 ) ;
#9942 = ADVANCED_FACE ( 'NONE', ( #9971 ), #4514, .F. ) ;
#9943 = LINE ( 'NONE', #10264, #9697 ) ;
#9944 = CARTESIAN_POINT ( 'NONE',  ( 4.879675921659509400, 0.9596826248462082500, -0.1000000000000000100 ) ) ;
#9945 = VERTEX_POINT ( 'NONE', #9443 ) ;
#9946 = LINE ( 'NONE', #5704, #7749 ) ;
#9947 = EDGE_CURVE ( 'NONE', #5346, #9581, #7778, .T. ) ;
#9948 = CARTESIAN_POINT ( 'NONE',  ( 5.664169081836867300, 0.01968262484601956300, 0.0000000000000000000 ) ) ;
#9949 = ORIENTED_EDGE ( 'NONE', *, *, #7934, .F. ) ;
#9950 = VERTEX_POINT ( 'NONE', #1331 ) ;
#9951 = EDGE_CURVE ( 'NONE', #5084, #4882, #3718, .T. ) ;
#9952 = ORIENTED_EDGE ( 'NONE', *, *, #1048, .F. ) ;
#9953 = VERTEX_POINT ( 'NONE', #2960 ) ;
#9954 = DIRECTION ( 'NONE',  ( -0.8823529411758149800, 0.4705882352953469900, -0.0000000000000000000 ) ) ;
#9955 = FACE_OUTER_BOUND ( 'NONE', #5658, .T. ) ;
#9956 = VERTEX_POINT ( 'NONE', #9484 ) ;
#9957 = CARTESIAN_POINT ( 'NONE',  ( 4.879675921659459600, 0.5096826248458689000, 0.1000000000000000100 ) ) ;
#9958 = ORIENTED_EDGE ( 'NONE', *, *, #9969, .F. ) ;
#9959 = CARTESIAN_POINT ( 'NONE',  ( 4.954675921659327500, -0.2153173751533484500, -0.1000000000000000100 ) ) ;
#9960 = ORIENTED_EDGE ( 'NONE', *, *, #9731, .F. ) ;
#9961 = EDGE_LOOP ( 'NONE', ( #1945, #1581, #5225, #6403, #10438, #2943 ) ) ;
#9962 = ORIENTED_EDGE ( 'NONE', *, *, #1668, .T. ) ;
#9963 = DIRECTION ( 'NONE',  ( -0.0000000000000000000, -0.0000000000000000000, -1.000000000000000000 ) ) ;
#9964 = ORIENTED_EDGE ( 'NONE', *, *, #5226, .F. ) ;
#9965 = VECTOR ( 'NONE', #4889, 1000.000000000000100 ) ;
#9966 = DIRECTION ( 'NONE',  ( -0.0000000000000000000, -0.0000000000000000000, -1.000000000000000000 ) ) ;
#9967 = ORIENTED_EDGE ( 'NONE', *, *, #2471, .T. ) ;
#9968 = DIRECTION ( 'NONE',  ( -1.000000000000000000, 0.0000000000000000000, 0.0000000000000000000 ) ) ;
#9969 = EDGE_CURVE ( 'NONE', #10197, #9387, #7524, .T. ) ;
#9970 = FACE_OUTER_BOUND ( 'NONE', #9769, .T. ) ;
#9971 = FACE_OUTER_BOUND ( 'NONE', #3141, .T. ) ;
#9972 = AXIS2_PLACEMENT_3D ( 'NONE', #6242, #3848, #9556 ) ;
#9973 = EDGE_CURVE ( 'NONE', #3761, #7002, #1311, .T. ) ;
#9974 = DIRECTION ( 'NONE',  ( 0.8823529411758090900, -0.4705882352953579800, 0.0000000000000000000 ) ) ;
#9975 = VERTEX_POINT ( 'NONE', #4577 ) ;
#9976 = ORIENTED_EDGE ( 'NONE', *, *, #1926, .F. ) ;
#9977 = LINE ( 'NONE', #1103, #7531 ) ;
#9978 = AXIS2_PLACEMENT_3D ( 'NONE', #2918, #6972, #2142 ) ;
#9979 = CARTESIAN_POINT ( 'NONE',  ( 5.829675921660816900, 0.7096826248452989800, 0.0000000000000000000 ) ) ;
#9980 = FACE_OUTER_BOUND ( 'NONE', #5367, .T. ) ;
#9981 = CARTESIAN_POINT ( 'NONE',  ( 6.104675921659724800, -0.4153173751542453800, -0.1000000000000000100 ) ) ;
#9982 = VERTEX_POINT ( 'NONE', #6202 ) ;
#9983 = EDGE_CURVE ( 'NONE', #3545, #5681, #9462, .T. ) ;
#9984 = ORIENTED_EDGE ( 'NONE', *, *, #6443, .T. ) ;
#9985 = VECTOR ( 'NONE', #9440, 1000.000000000000000 ) ;
#9986 = DIRECTION ( 'NONE',  ( 1.000000000000000000, 0.0000000000000000000, 0.0000000000000000000 ) ) ;
#9987 = ADVANCED_FACE ( 'NONE', ( #1052 ), #9519, .F. ) ;
#9988 =( NAMED_UNIT ( * ) SI_UNIT ( $, .STERADIAN. ) SOLID_ANGLE_UNIT ( ) );
#9989 = LINE ( 'NONE', #8742, #3740 ) ;
#9990 = VECTOR ( 'NONE', #8853, 1000.000000000000000 ) ;
#9991 = ORIENTED_EDGE ( 'NONE', *, *, #1112, .T. ) ;
#9992 = CARTESIAN_POINT ( 'NONE',  ( 5.829675921660816900, 0.7096826248452989800, -0.1000000000000000100 ) ) ;
#9993 = CARTESIAN_POINT ( 'NONE',  ( 5.354675921659710600, 0.2946826248459104000, 0.1000000000000000100 ) ) ;
#9994 = ORIENTED_EDGE ( 'NONE', *, *, #711, .T. ) ;
#9995 = VECTOR ( 'NONE', #3991, 1000.000000000000000 ) ;
#9996 = DIRECTION ( 'NONE',  ( 1.000000000000000000, -2.602085213967212400E-015, 0.0000000000000000000 ) ) ;
#9997 = EDGE_CURVE ( 'NONE', #7775, #7816, #5357, .T. ) ;
#9998 = LINE ( 'NONE', #4952, #5385 ) ;
#9999 = ADVANCED_FACE ( 'NONE', ( #2959 ), #5420, .F. ) ;
#10000 = DIRECTION ( 'NONE',  ( -1.000000000000000000, 0.0000000000000000000, 0.0000000000000000000 ) ) ;
#10001 = CARTESIAN_POINT ( 'NONE',  ( 4.879675921659395700, 0.3846826248462763000, -0.1000000000000000100 ) ) ;
#10002 = CARTESIAN_POINT ( 'NONE',  ( 4.604675921659691100, 0.7096826248464361800, -0.1000000000000000100 ) ) ;
#10003 = DIRECTION ( 'NONE',  ( 0.0000000000000000000, -0.0000000000000000000, -1.000000000000000000 ) ) ;
#10004 = PLANE ( 'NONE',  #5712 ) ;
#10005 = PRESENTATION_STYLE_ASSIGNMENT (( #3973 ) ) ;
#10006 = CARTESIAN_POINT ( 'NONE',  ( 5.139559183011347600, 0.7566040915149113700, 0.1000000000000000100 ) ) ;
#10007 = ORIENTED_EDGE ( 'NONE', *, *, #4294, .F. ) ;
#10008 = LINE ( 'NONE', #7672, #3259 ) ;
#10009 = CARTESIAN_POINT ( 'NONE',  ( 6.104675921659724800, -0.2903173751547013500, 0.1000000000000000100 ) ) ;
#10010 = PRESENTATION_LAYER_ASSIGNMENT (  '', '', ( #8921 ) ) ;
#10011 = EDGE_LOOP ( 'NONE', ( #1664, #2656, #5496, #7044 ) ) ;
#10012 = ORIENTED_EDGE ( 'NONE', *, *, #5389, .F. ) ;
#10013 = CARTESIAN_POINT ( 'NONE',  ( 5.979675921659509900, -0.3153173751542490100, 0.1000000000000000100 ) ) ;
#10014 = CYLINDRICAL_SURFACE ( 'NONE', #5161, 0.07499999999993189900 ) ;
#10015 = CARTESIAN_POINT ( 'NONE',  ( 4.879675921659509400, -0.04031737515379180800, -0.1000000000000000100 ) ) ;
#10016 = ORIENTED_EDGE ( 'NONE', *, *, #10503, .F. ) ;
#10017 = LINE ( 'NONE', #10404, #7324 ) ;
#10018 = ORIENTED_EDGE ( 'NONE', *, *, #7231, .T. ) ;
#10019 = DIRECTION ( 'NONE',  ( 0.0000000000000000000, 0.0000000000000000000, 1.000000000000000000 ) ) ;
#10020 = DIRECTION ( 'NONE',  ( -1.000000000000000000, 0.0000000000000000000, 0.0000000000000000000 ) ) ;
#10021 = VECTOR ( 'NONE', #5280, 1000.000000000000000 ) ;
#10022 = CARTESIAN_POINT ( 'NONE',  ( 6.004675921659183400, 0.2096826248452988400, 0.1000000000000000100 ) ) ;
#10023 = ORIENTED_EDGE ( 'NONE', *, *, #9854, .F. ) ;
#10024 = LINE ( 'NONE', #902, #9784 ) ;
#10025 = LINE ( 'NONE', #6537, #6175 ) ;
#10026 = ORIENTED_EDGE ( 'NONE', *, *, #2691, .F. ) ;
#10027 = EDGE_CURVE ( 'NONE', #5543, #10473, #1574, .T. ) ;
#10028 = AXIS2_PLACEMENT_3D ( 'NONE', #1104, #2714, #2756 ) ;
#10029 = EDGE_CURVE ( 'NONE', #9895, #9420, #796, .T. ) ;
#10030 = CARTESIAN_POINT ( 'NONE',  ( 5.040567649154480600, 0.04968262484573889700, 0.0000000000000000000 ) ) ;
#10031 = AXIS2_PLACEMENT_3D ( 'NONE', #4788, #5605, #3177 ) ;
#10032 = DIRECTION ( 'NONE',  ( -1.000000000000000000, 0.0000000000000000000, -0.0000000000000000000 ) ) ;
#10033 = CARTESIAN_POINT ( 'NONE',  ( 4.879675921659395700, 0.3846826248462763000, 0.0000000000000000000 ) ) ;
#10034 = ORIENTED_EDGE ( 'NONE', *, *, #8625, .T. ) ;
#10035 = CARTESIAN_POINT ( 'NONE',  ( 5.829675921660304500, -0.2153173751544850400, -0.1000000000000000100 ) ) ;
#10036 = ADVANCED_FACE ( 'NONE', ( #9200 ), #2250, .F. ) ;
#10037 = LINE ( 'NONE', #2668, #3787 ) ;
#10038 = CARTESIAN_POINT ( 'NONE',  ( 5.040567649154480600, 0.09968262484573889300, 0.0000000000000000000 ) ) ;
#10039 = VERTEX_POINT ( 'NONE', #7056 ) ;
#10040 = CARTESIAN_POINT ( 'NONE',  ( 0.0000000000000000000, 0.0000000000000000000, -0.1000000000000000100 ) ) ;
#10041 = CARTESIAN_POINT ( 'NONE',  ( 4.604675921659691100, 0.4596826248462081400, -0.1000000000000000100 ) ) ;
#10042 = CARTESIAN_POINT ( 'NONE',  ( 6.104675921659724800, 0.9596826248450711600, -0.1000000000000000100 ) ) ;
#10043 = EDGE_CURVE ( 'NONE', #6908, #7218, #537, .T. ) ;
#10044 = ORIENTED_EDGE ( 'NONE', *, *, #3384, .F. ) ;
#10045 = EDGE_CURVE ( 'NONE', #8510, #8036, #6998, .T. ) ;
#10046 = CARTESIAN_POINT ( 'NONE',  ( 5.829675921659729800, 0.009682624845806009400, 0.1000000000000000100 ) ) ;
#10047 = LINE ( 'NONE', #6823, #7859 ) ;
#10048 = CARTESIAN_POINT ( 'NONE',  ( 5.354675921659713300, 0.09468262484602194000, 0.1000000000000000100 ) ) ;
#10049 = EDGE_LOOP ( 'NONE', ( #1299, #7178, #5273, #5676 ) ) ;
#10050 = ADVANCED_FACE ( 'NONE', ( #277 ), #6308, .F. ) ;
#10051 = DIRECTION ( 'NONE',  ( -0.7422680412375349800, -0.6701030927830382600, 0.0000000000000000000 ) ) ;
#10052 = DIRECTION ( 'NONE',  ( -1.000000000000000000, 1.734723475975746300E-015, 0.0000000000000000000 ) ) ;
#10053 = ORIENTED_EDGE ( 'NONE', *, *, #5987, .T. ) ;
#10054 = VERTEX_POINT ( 'NONE', #3878 ) ;
#10055 = DIRECTION ( 'NONE',  ( -1.000000000000000000, -1.971276677247676800E-016, 0.0000000000000000000 ) ) ;
#10056 = CARTESIAN_POINT ( 'NONE',  ( 4.754675921659555500, 1.009682624845826200, 0.1000000000000000100 ) ) ;
#10057 = EDGE_CURVE ( 'NONE', #5815, #5233, #4597, .T. ) ;
#10058 = CYLINDRICAL_SURFACE ( 'NONE', #1569, 0.07500000000021639400 ) ;
#10059 = EDGE_CURVE ( 'NONE', #206, #8827, #4710, .T. ) ;
#10060 = DIRECTION ( 'NONE',  ( -3.330370134191279000E-016, -1.000000000000000000, 0.0000000000000000000 ) ) ;
#10061 = FACE_OUTER_BOUND ( 'NONE', #3466, .T. ) ;
#10062 = CARTESIAN_POINT ( 'NONE',  ( 4.704675921660172100, -0.04031737515379178000, 0.0000000000000000000 ) ) ;
#10063 = EDGE_LOOP ( 'NONE', ( #8236, #7183, #10026, #4179 ) ) ;
#10064 = EDGE_LOOP ( 'NONE', ( #9542, #9176, #1401, #3965 ) ) ;
#10065 = ORIENTED_EDGE ( 'NONE', *, *, #3981, .F. ) ;
#10066 = CARTESIAN_POINT ( 'NONE',  ( 4.854675921659857200, 1.459682624844767000, 0.0000000000000000000 ) ) ;
#10067 = LINE ( 'NONE', #1961, #6833 ) ;
#10068 = CARTESIAN_POINT ( 'NONE',  ( 4.604675921659691100, 1.584682624845752000, -0.1000000000000000100 ) ) ;
#10069 = CARTESIAN_POINT ( 'NONE',  ( 4.954675921659530000, 1.484682624845893300, 0.1000000000000000100 ) ) ;
#10070 = DIRECTION ( 'NONE',  ( 0.0000000000000000000, 0.0000000000000000000, 1.000000000000000000 ) ) ;
#10071 = VECTOR ( 'NONE', #6185, 1000.000000000000000 ) ;
#10072 = ORIENTED_EDGE ( 'NONE', *, *, #2860, .T. ) ;
#10073 = ORIENTED_EDGE ( 'NONE', *, *, #7946, .T. ) ;
#10074 = ORIENTED_EDGE ( 'NONE', *, *, #3666, .T. ) ;
#10075 = CARTESIAN_POINT ( 'NONE',  ( 5.954675921659633900, 1.009682624845805500, 0.1000000000000000100 ) ) ;
#10076 = AXIS2_PLACEMENT_3D ( 'NONE', #5002, #6865, #6226 ) ;
#10077 = PLANE ( 'NONE',  #3140 ) ;
#10078 = DIRECTION ( 'NONE',  ( 1.000000000000000000, -2.409338161081319000E-015, -0.0000000000000000000 ) ) ;
#10079 = VECTOR ( 'NONE', #3463, 1000.000000000000000 ) ;
#10080 = LINE ( 'NONE', #4092, #3572 ) ;
#10081 = STYLED_ITEM ( 'NONE', ( #10005 ), #5196 ) ;
#10082 = ORIENTED_EDGE ( 'NONE', *, *, #829, .T. ) ;
#10083 = EDGE_LOOP ( 'NONE', ( #91, #8933, #4683, #1190 ) ) ;
#10084 = ORIENTED_EDGE ( 'NONE', *, *, #1318, .F. ) ;
#10085 = ORIENTED_EDGE ( 'NONE', *, *, #6525, .F. ) ;
#10087 = ORIENTED_EDGE ( 'NONE', *, *, #8400, .T. ) ;
#10086 = DIRECTION ( 'NONE',  ( 0.0000000000000000000, 0.0000000000000000000, 1.000000000000000000 ) ) ;
#10088 = CARTESIAN_POINT ( 'NONE',  ( 5.054675921659321800, -0.0003173751541496500200, 0.0000000000000000000 ) ) ;
#10089 = VECTOR ( 'NONE', #10166, 1000.000000000000000 ) ;
#10090 = DIRECTION ( 'NONE',  ( -0.5767910276949441700, -0.8168917372397704900, 0.0000000000000000000 ) ) ;
#10091 = EDGE_CURVE ( 'NONE', #380, #1805, #398, .T. ) ;
#10092 = VERTEX_POINT ( 'NONE', #3932 ) ;
#10093 = LINE ( 'NONE', #7463, #10347 ) ;
#10094 = ORIENTED_EDGE ( 'NONE', *, *, #2222, .T. ) ;
#10095 = AXIS2_PLACEMENT_3D ( 'NONE', #6327, #8814, #3924 ) ;
#10096 = VERTEX_POINT ( 'NONE', #4738 ) ;
#10097 = LINE ( 'NONE', #1323, #1701 ) ;
#10098 = VERTEX_POINT ( 'NONE', #6377 ) ;
#10099 = LINE ( 'NONE', #5107, #3098 ) ;
#10100 = CARTESIAN_POINT ( 'NONE',  ( 4.729675921659755000, 1.484682624845893300, 0.1000000000000000100 ) ) ;
#10101 = ORIENTED_EDGE ( 'NONE', *, *, #6978, .T. ) ;
#10102 = ADVANCED_FACE ( 'NONE', ( #6139 ), #9647, .F. ) ;
#10103 = PLANE ( 'NONE',  #115 ) ;
#10104 = ORIENTED_EDGE ( 'NONE', *, *, #2064, .F. ) ;
#10105 = VECTOR ( 'NONE', #9734, 1000.000000000000100 ) ;
#10106 = EDGE_CURVE ( 'NONE', #10316, #9741, #3994, .T. ) ;
#10107 = EDGE_CURVE ( 'NONE', #6764, #2532, #1846, .T. ) ;
#10108 = DIRECTION ( 'NONE',  ( 1.000000000000000000, 0.0000000000000000000, 0.0000000000000000000 ) ) ;
#10109 = VECTOR ( 'NONE', #4127, 1000.000000000000000 ) ;
#10110 = LINE ( 'NONE', #6677, #7926 ) ;
#10111 = ORIENTED_EDGE ( 'NONE', *, *, #2452, .T. ) ;
#10112 = DIRECTION ( 'NONE',  ( 0.0000000000000000000, 0.0000000000000000000, 1.000000000000000000 ) ) ;
#10113 = AXIS2_PLACEMENT_3D ( 'NONE', #8573, #9388, #4499 ) ;
#10114 = ORIENTED_EDGE ( 'NONE', *, *, #1154, .F. ) ;
#10115 = VECTOR ( 'NONE', #179, 1000.000000000000000 ) ;
#10116 = DIRECTION ( 'NONE',  ( 0.8879443513902010000, -0.4599508982861488800, -0.0000000000000000000 ) ) ;
#10117 = LINE ( 'NONE', #6787, #5762 ) ;
#10118 = EDGE_CURVE ( 'NONE', #6187, #2552, #1598, .T. ) ;
#10119 = CARTESIAN_POINT ( 'NONE',  ( 5.829675921659906600, 0.4596826248450711600, -0.1000000000000000100 ) ) ;
#10120 = EDGE_CURVE ( 'NONE', #9157, #8745, #8067, .T. ) ;
#10121 = CARTESIAN_POINT ( 'NONE',  ( 4.879675921659459600, 1.009682624845825900, 0.1000000000000000100 ) ) ;
#10122 = DIRECTION ( 'NONE',  ( 0.0000000000000000000, 1.000000000000000000, 0.0000000000000000000 ) ) ;
#10123 = FACE_OUTER_BOUND ( 'NONE', #4079, .T. ) ;
#10124 = ORIENTED_EDGE ( 'NONE', *, *, #6875, .F. ) ;
#10125 = VECTOR ( 'NONE', #1469, 1000.000000000000000 ) ;
#10126 = DIRECTION ( 'NONE',  ( -0.8823529411758090900, 0.4705882352953579300, 0.0000000000000000000 ) ) ;
#10127 = DIRECTION ( 'NONE',  ( -0.0000000000000000000, -0.0000000000000000000, -1.000000000000000000 ) ) ;
#10128 = CARTESIAN_POINT ( 'NONE',  ( 5.304675921659710800, 0.4146826248459104000, 0.1000000000000000100 ) ) ;
#10129 = AXIS2_PLACEMENT_3D ( 'NONE', #6314, #1480, #7137 ) ;
#10130 = LINE ( 'NONE', #426, #3628 ) ;
#10131 = EDGE_CURVE ( 'NONE', #206, #7849, #3743, .T. ) ;
#10132 = PLANE ( 'NONE',  #822 ) ;
#10133 = ORIENTED_EDGE ( 'NONE', *, *, #577, .T. ) ;
#10134 = CARTESIAN_POINT ( 'NONE',  ( 5.439675921659715900, 1.103366499252742500, 0.1000000000000000100 ) ) ;
#10135 = LINE ( 'NONE', #5560, #3633 ) ;
#10136 = CARTESIAN_POINT ( 'NONE',  ( 5.979675921659509900, -0.3153173751542490100, 0.1000000000000000100 ) ) ;
#10137 = EDGE_LOOP ( 'NONE', ( #6933, #5170, #1297, #7616 ) ) ;
#10138 = PRESENTATION_STYLE_ASSIGNMENT (( #750 ) ) ;
#10139 = CARTESIAN_POINT ( 'NONE',  ( 5.354675921659710600, 0.7846826248458012000, 0.1000000000000000100 ) ) ;
#10140 = DIRECTION ( 'NONE',  ( 0.0000000000000000000, 0.0000000000000000000, 1.000000000000000000 ) ) ;
#10141 = ORIENTED_EDGE ( 'NONE', *, *, #1262, .T. ) ;
#10142 = VECTOR ( 'NONE', #5115, 1000.000000000000000 ) ;
#10143 = EDGE_CURVE ( 'NONE', #3342, #380, #7802, .T. ) ;
#10144 = SURFACE_STYLE_FILL_AREA ( #6834 ) ;
#10145 = ORIENTED_EDGE ( 'NONE', *, *, #581, .T. ) ;
#10146 = DIRECTION ( 'NONE',  ( -0.0000000000000000000, -0.0000000000000000000, -1.000000000000000000 ) ) ;
#10147 = DIRECTION ( 'NONE',  ( -1.000000000000000000, 0.0000000000000000000, 0.0000000000000000000 ) ) ;
#10148 = ADVANCED_FACE ( 'NONE', ( #3490 ), #6413, .T. ) ;
#10149 = CARTESIAN_POINT ( 'NONE',  ( 5.257423324848843100, 1.136155728467158200, 0.1000000000000000100 ) ) ;
#10150 = AXIS2_PLACEMENT_3D ( 'NONE', #2809, #8488, #3617 ) ;
#10151 = VERTEX_POINT ( 'NONE', #1607 ) ;
#10152 = DIRECTION ( 'NONE',  ( -0.0000000000000000000, -0.0000000000000000000, -1.000000000000000000 ) ) ;
#10153 = VECTOR ( 'NONE', #7977, 1000.000000000000000 ) ;
#10154 = LINE ( 'NONE', #558, #5792 ) ;
#10155 = CARTESIAN_POINT ( 'NONE',  ( 4.854675921659857200, 1.459682624844767000, 0.0000000000000000000 ) ) ;
#10156 = ORIENTED_EDGE ( 'NONE', *, *, #3094, .F. ) ;
#10157 = CARTESIAN_POINT ( 'NONE',  ( 5.139559183011347600, 0.7566040915149113700, 0.1000000000000000100 ) ) ;
#10158 = CARTESIAN_POINT ( 'NONE',  ( 5.354675921659712400, -0.05180946618659731900, 0.1000000000000000100 ) ) ;
#10159 = ORIENTED_EDGE ( 'NONE', *, *, #1885, .T. ) ;
#10160 = ADVANCED_FACE ( 'NONE', ( #9749 ), #2389, .T. ) ;
#10161 = EDGE_CURVE ( 'NONE', #7364, #3212, #5378, .T. ) ;
#10162 = AXIS2_PLACEMENT_3D ( 'NONE', #10088, #5172, #327 ) ;
#10163 = EDGE_CURVE ( 'NONE', #4558, #2235, #5631, .T. ) ;
#10164 = LINE ( 'NONE', #6270, #5802 ) ;
#10165 = VERTEX_POINT ( 'NONE', #4070 ) ;
#10166 = DIRECTION ( 'NONE',  ( -0.0000000000000000000, 1.000000000000000000, -0.0000000000000000000 ) ) ;
#10167 = CARTESIAN_POINT ( 'NONE',  ( 4.754675921659554700, 0.5096826248458685700, 0.1000000000000000100 ) ) ;
#10168 = CARTESIAN_POINT ( 'NONE',  ( 5.304675921659710800, 0.4146826248459104000, 0.1000000000000000100 ) ) ;
#10169 = ORIENTED_EDGE ( 'NONE', *, *, #4046, .F. ) ;
#10170 = ORIENTED_EDGE ( 'NONE', *, *, #3304, .T. ) ;
#10171 = FACE_OUTER_BOUND ( 'NONE', #2328, .T. ) ;
#10172 = DIRECTION ( 'NONE',  ( 0.5767910276949441700, 0.8168917372397704900, 0.0000000000000000000 ) ) ;
#10173 = DIRECTION ( 'NONE',  ( -0.0000000000000000000, -0.0000000000000000000, -1.000000000000000000 ) ) ;
#10174 = CARTESIAN_POINT ( 'NONE',  ( 5.954675921659633900, 0.009682624845806115200, 0.0000000000000000000 ) ) ;
#10175 = VECTOR ( 'NONE', #9021, 1000.000000000000000 ) ;
#10176 = VERTEX_POINT ( 'NONE', #7308 ) ;
#10177 = VERTEX_POINT ( 'NONE', #1643 ) ;
#10178 = EDGE_CURVE ( 'NONE', #3191, #6784, #7298, .T. ) ;
#10179 = VERTEX_POINT ( 'NONE', #6514 ) ;
#10180 = DIRECTION ( 'NONE',  ( -0.0000000000000000000, -0.0000000000000000000, -1.000000000000000000 ) ) ;
#10181 = DIRECTION ( 'NONE',  ( 1.000000000000000000, -1.182766006352519600E-015, 0.0000000000000000000 ) ) ;
#10182 = DIRECTION ( 'NONE',  ( 1.734723475975746300E-015, 1.000000000000000000, -0.0000000000000000000 ) ) ;
#10183 = LINE ( 'NONE', #10255, #6077 ) ;
#10184 = CARTESIAN_POINT ( 'NONE',  ( 5.954675921659633900, 0.1596826248457502400, 0.1000000000000000100 ) ) ;
#10185 = FACE_OUTER_BOUND ( 'NONE', #3417, .T. ) ;
#10186 = ORIENTED_EDGE ( 'NONE', *, *, #9730, .F. ) ;
#10187 = ORIENTED_EDGE ( 'NONE', *, *, #9572, .F. ) ;
#10188 = ORIENTED_EDGE ( 'NONE', *, *, #5772, .T. ) ;
#10189 = DIRECTION ( 'NONE',  ( 0.0000000000000000000, 0.0000000000000000000, 1.000000000000000000 ) ) ;
#10190 = EDGE_CURVE ( 'NONE', #3575, #262, #1336, .T. ) ;
#10191 = PRESENTATION_STYLE_ASSIGNMENT (( #5000 ) ) ;
#10192 = CARTESIAN_POINT ( 'NONE',  ( 4.729675921659755000, -0.3153173751544010000, 0.1000000000000000100 ) ) ;
#10193 = EDGE_CURVE ( 'NONE', #3735, #3004, #3244, .T. ) ;
#10194 = CARTESIAN_POINT ( 'NONE',  ( 5.269675921659555200, 1.103366499252897800, 0.1000000000000000100 ) ) ;
#10195 = FACE_OUTER_BOUND ( 'NONE', #10063, .T. ) ;
#10197 = VERTEX_POINT ( 'NONE', #7338 ) ;
#10196 = CARTESIAN_POINT ( 'NONE',  ( 5.829675921660816900, 0.2096826248452990100, 0.0000000000000000000 ) ) ;
#10198 = LINE ( 'NONE', #8074, #3693 ) ;
#10199 = VERTEX_POINT ( 'NONE', #9823 ) ;
#10200 = ORIENTED_EDGE ( 'NONE', *, *, #3893, .T. ) ;
#10201 = ORIENTED_EDGE ( 'NONE', *, *, #3930, .F. ) ;
#10202 = VERTEX_POINT ( 'NONE', #45 ) ;
#10203 = DIRECTION ( 'NONE',  ( 0.0000000000000000000, 0.0000000000000000000, 1.000000000000000000 ) ) ;
#10204 = PLANE ( 'NONE',  #4618 ) ;
#10205 = ADVANCED_FACE ( 'NONE', ( #1076 ), #3300, .T. ) ;
#10206 = DIRECTION ( 'NONE',  ( 0.7071067811865474600, -0.7071067811865474600, 0.0000000000000000000 ) ) ;
#10207 = DIRECTION ( 'NONE',  ( 1.000000000000000000, 0.0000000000000000000, 0.0000000000000000000 ) ) ;
#10208 = VECTOR ( 'NONE', #5488, 1000.000000000000000 ) ;
#10209 = ORIENTED_EDGE ( 'NONE', *, *, #9218, .F. ) ;
#10210 = DIRECTION ( 'NONE',  ( 1.000000000000000000, 0.0000000000000000000, 0.0000000000000000000 ) ) ;
#10211 = SURFACE_STYLE_FILL_AREA ( #3003 ) ;
#10212 = AXIS2_PLACEMENT_3D ( 'NONE', #7629, #3515, #5244 ) ;
#10213 = ORIENTED_EDGE ( 'NONE', *, *, #7838, .T. ) ;
#10214 = EDGE_LOOP ( 'NONE', ( #1793, #3027, #9923, #1821 ) ) ;
#10215 = VERTEX_POINT ( 'NONE', #9027 ) ;
#10216 = ORIENTED_EDGE ( 'NONE', *, *, #468, .F. ) ;
#10217 = DIRECTION ( 'NONE',  ( 0.0000000000000000000, -1.000000000000000000, 0.0000000000000000000 ) ) ;
#10218 = DIRECTION ( 'NONE',  ( 1.000000000000000000, -0.0000000000000000000, 0.0000000000000000000 ) ) ;
#10219 = ORIENTED_EDGE ( 'NONE', *, *, #6180, .T. ) ;
#10220 = LINE ( 'NONE', #8967, #9965 ) ;
#10221 = ADVANCED_FACE ( 'NONE', ( #4878 ), #563, .F. ) ;
#10222 = AXIS2_PLACEMENT_3D ( 'NONE', #9846, #4932, #62 ) ;
#10223 = ORIENTED_EDGE ( 'NONE', *, *, #8333, .T. ) ;
#10224 = CARTESIAN_POINT ( 'NONE',  ( 5.829675921660020200, 1.284682624846353200, 0.0000000000000000000 ) ) ;
#10225 = VECTOR ( 'NONE', #9345, 1000.000000000000000 ) ;
#10226 = LINE ( 'NONE', #9406, #8041 ) ;
#10227 = DIRECTION ( 'NONE',  ( -0.0000000000000000000, -0.0000000000000000000, -1.000000000000000000 ) ) ;
#10228 = ORIENTED_EDGE ( 'NONE', *, *, #7919, .T. ) ;
#10229 = CARTESIAN_POINT ( 'NONE',  ( 5.954675921659633900, 1.159682624845749900, 0.1000000000000000100 ) ) ;
#10230 = CARTESIAN_POINT ( 'NONE',  ( 5.154675921659469800, 0.2996826248458500100, 0.1000000000000000100 ) ) ;
#10231 = ORIENTED_EDGE ( 'NONE', *, *, #8747, .F. ) ;
#10232 = ORIENTED_EDGE ( 'NONE', *, *, #4475, .T. ) ;
#10233 = VECTOR ( 'NONE', #1857, 1000.000000000000100 ) ;
#10234 = PLANE ( 'NONE',  #4757 ) ;
#10235 = EDGE_CURVE ( 'NONE', #211, #7872, #2979, .T. ) ;
#10236 = LINE ( 'NONE', #3887, #5872 ) ;
#10237 = AXIS2_PLACEMENT_3D ( 'NONE', #1389, #5449, #601 ) ;
#10238 = VECTOR ( 'NONE', #7794, 1000.000000000000000 ) ;
#10239 = ORIENTED_EDGE ( 'NONE', *, *, #6284, .T. ) ;
#10240 = AXIS2_PLACEMENT_3D ( 'NONE', #7060, #8728, #3853 ) ;
#10241 = FILL_AREA_STYLE_COLOUR ( '', #8056 ) ;
#10242 = DIRECTION ( 'NONE',  ( -0.7071067811865468000, -0.7071067811865483500, -0.0000000000000000000 ) ) ;
#10243 = ORIENTED_EDGE ( 'NONE', *, *, #9997, .F. ) ;
#10244 = FACE_OUTER_BOUND ( 'NONE', #9042, .T. ) ;
#10245 = DIRECTION ( 'NONE',  ( -0.0000000000000000000, -0.0000000000000000000, -1.000000000000000000 ) ) ;
#10246 = CARTESIAN_POINT ( 'NONE',  ( 5.269675921659555200, 1.103366499252897800, 0.1000000000000000100 ) ) ;
#10247 = LINE ( 'NONE', #4665, #7801 ) ;
#10248 = VECTOR ( 'NONE', #700, 1000.000000000000000 ) ;
#10249 = VERTEX_POINT ( 'NONE', #1739 ) ;
#10250 = EDGE_CURVE ( 'NONE', #6081, #8354, #6770, .T. ) ;
#10251 = EDGE_CURVE ( 'NONE', #2289, #10361, #9222, .T. ) ;
#10252 = CLOSED_SHELL ( 'NONE', ( #9737, #10050, #2160, #5096, #7557, #5695, #8718, #9193, #641, #4482, #5529, #709, #3516, #9297, #2147, #4015, #5581, #6698, #6132, #8603 ) ) ;
#10253 = DIRECTION ( 'NONE',  ( -0.0000000000000000000, -0.0000000000000000000, -1.000000000000000000 ) ) ;
#10254 = LINE ( 'NONE', #8950, #7550 ) ;
#10255 = CARTESIAN_POINT ( 'NONE',  ( 5.018646509894665500, 0.6055649777869399600, 0.1000000000000000100 ) ) ;
#10256 = LINE ( 'NONE', #6519, #2375 ) ;
#10257 = DIRECTION ( 'NONE',  ( 1.000000000000000000, 0.0000000000000000000, 0.0000000000000000000 ) ) ;
#10258 = CARTESIAN_POINT ( 'NONE',  ( 6.104675921659724800, 0.4596826248450710500, 0.0000000000000000000 ) ) ;
#10259 = EDGE_LOOP ( 'NONE', ( #8785, #4037, #9636, #614, #7754, #2168 ) ) ;
#10260 = DIRECTION ( 'NONE',  ( 0.7071067811865493500, -0.7071067811865455700, 0.0000000000000000000 ) ) ;
#10261 = VECTOR ( 'NONE', #5521, 1000.000000000000000 ) ;
#10262 = ADVANCED_FACE ( 'NONE', ( #8972 ), #4362, .F. ) ;
#10263 = EDGE_CURVE ( 'NONE', #4192, #2289, #301, .T. ) ;
#10264 = CARTESIAN_POINT ( 'NONE',  ( 5.829675921660816900, 0.7096826248452989800, 0.0000000000000000000 ) ) ;
#10265 = PLANE ( 'NONE',  #8320 ) ;
#10266 = ORIENTED_EDGE ( 'NONE', *, *, #10500, .T. ) ;
#10267 = EDGE_CURVE ( 'NONE', #2200, #4343, #2475, .T. ) ;
#10268 = LINE ( 'NONE', #355, #3505 ) ;
#10269 = DIRECTION ( 'NONE',  ( 0.7071067811865456900, -0.7071067811865493500, 0.0000000000000000000 ) ) ;
#10270 = ORIENTED_EDGE ( 'NONE', *, *, #8259, .T. ) ;
#10271 = DIRECTION ( 'NONE',  ( -1.971276677247676800E-016, 1.000000000000000000, 0.0000000000000000000 ) ) ;
#10272 = VERTEX_POINT ( 'NONE', #2593 ) ;
#10273 = LINE ( 'NONE', #4251, #3510 ) ;
#10274 = CARTESIAN_POINT ( 'NONE',  ( 5.054675921659321800, -0.0003173751541496500200, 0.1000000000000000100 ) ) ;
#10275 =( LENGTH_UNIT ( ) NAMED_UNIT ( * ) SI_UNIT ( .MILLI., .METRE. ) );
#10276 = ORIENTED_EDGE ( 'NONE', *, *, #3624, .T. ) ;
#10277 = CIRCLE ( 'NONE', #5289, 0.07500000000021551900 ) ;
#10278 = ADVANCED_FACE ( 'NONE', ( #8447 ), #1962, .F. ) ;
#10279 = DIRECTION ( 'NONE',  ( 1.000000000000000000, 8.402566836769125100E-016, 0.0000000000000000000 ) ) ;
#10280 = ORIENTED_EDGE ( 'NONE', *, *, #4146, .T. ) ;
#10281 = CARTESIAN_POINT ( 'NONE',  ( 4.837351104144149300, 0.1596826248457989800, 0.0000000000000000000 ) ) ;
#10282 = VECTOR ( 'NONE', #9376, 1000.000000000000000 ) ;
#10283 = ORIENTED_EDGE ( 'NONE', *, *, #5171, .T. ) ;
#10284 = DIRECTION ( 'NONE',  ( 2.409338161081319400E-015, 1.000000000000000000, -0.0000000000000000000 ) ) ;
#10285 = LINE ( 'NONE', #9019, #7839 ) ;
#10286 = LINE ( 'NONE', #4880, #8103 ) ;
#10287 = CARTESIAN_POINT ( 'NONE',  ( 5.606983613967200200, 0.9096826248458013100, 0.1000000000000000100 ) ) ;
#10288 = EDGE_LOOP ( 'NONE', ( #9964, #5305, #9010, #9937 ) ) ;
#10289 = DIRECTION ( 'NONE',  ( 0.7071067811865493500, -0.7071067811865455700, 0.0000000000000000000 ) ) ;
#10290 = CARTESIAN_POINT ( 'NONE',  ( 6.104675921659724800, 0.9596826248450711600, -0.1000000000000000100 ) ) ;
#10291 = PLANE ( 'NONE',  #7478 ) ;
#10292 = PLANE ( 'NONE',  #1037 ) ;
#10293 = EDGE_CURVE ( 'NONE', #7093, #7314, #6261, .T. ) ;
#10294 = CARTESIAN_POINT ( 'NONE',  ( 6.004675921659058200, 1.459682624846193600, 0.1000000000000000100 ) ) ;
#10295 = FACE_OUTER_BOUND ( 'NONE', #799, .T. ) ;
#10296 = CARTESIAN_POINT ( 'NONE',  ( 6.104675921659724800, 0.7096826248452986500, -0.1000000000000000100 ) ) ;
#10297 = EDGE_LOOP ( 'NONE', ( #4512, #2634, #3030, #9949 ) ) ;
#10298 = AXIS2_PLACEMENT_3D ( 'NONE', #9278, #2807, #8486 ) ;
#10299 = CARTESIAN_POINT ( 'NONE',  ( 4.775129844622552100, 1.357019186297195400, 0.7499999999999998900 ) ) ;
#10300 = VECTOR ( 'NONE', #5167, 1000.000000000000100 ) ;
#10301 = ORIENTED_EDGE ( 'NONE', *, *, #8956, .T. ) ;
#10302 = DIRECTION ( 'NONE',  ( -0.0000000000000000000, 0.0000000000000000000, -1.000000000000000000 ) ) ;
#10303 = DIRECTION ( 'NONE',  ( -0.0000000000000000000, -0.0000000000000000000, -1.000000000000000000 ) ) ;
#10304 = ORIENTED_EDGE ( 'NONE', *, *, #7075, .T. ) ;
#10305 = ORIENTED_EDGE ( 'NONE', *, *, #8999, .F. ) ;
#10306 = DIRECTION ( 'NONE',  ( -1.000000000000000000, 3.330370134191279000E-016, -0.0000000000000000000 ) ) ;
#10307 = EDGE_CURVE ( 'NONE', #142, #4961, #2221, .T. ) ;
#10308 = AXIS2_PLACEMENT_3D ( 'NONE', #9802, #28, #5705 ) ;
#10309 = DIRECTION ( 'NONE',  ( 1.000000000000000000, 0.0000000000000000000, 0.0000000000000000000 ) ) ;
#10310 = EDGE_CURVE ( 'NONE', #4450, #9797, #4110, .T. ) ;
#10311 = CARTESIAN_POINT ( 'NONE',  ( 4.754675921659438300, 1.159682624845901600, 0.1000000000000000100 ) ) ;
#10312 = ADVANCED_FACE ( 'NONE', ( #1715 ), #3435, .F. ) ;
#10313 = LINE ( 'NONE', #5693, #5439 ) ;
#10314 = VECTOR ( 'NONE', #1416, 1000.000000000000000 ) ;
#10315 = ORIENTED_EDGE ( 'NONE', *, *, #6660, .F. ) ;
#10316 = VERTEX_POINT ( 'NONE', #5022 ) ;
#10317 = DIRECTION ( 'NONE',  ( -1.000000000000000000, 0.0000000000000000000, 0.0000000000000000000 ) ) ;
#10318 = AXIS2_PLACEMENT_3D ( 'NONE', #17, #2490, #8168 ) ;
#10319 = DIRECTION ( 'NONE',  ( 0.7071067811865460200, 0.7071067811865489100, -0.0000000000000000000 ) ) ;
#10320 = DIRECTION ( 'NONE',  ( -0.0000000000000000000, -0.0000000000000000000, -1.000000000000000000 ) ) ;
#10321 = CARTESIAN_POINT ( 'NONE',  ( 5.679838229676033000, 0.6174901632767579900, 0.1000000000000000100 ) ) ;
#10322 = DIRECTION ( 'NONE',  ( 0.0000000000000000000, -1.000000000000000000, 0.0000000000000000000 ) ) ;
#10323 = CARTESIAN_POINT ( 'NONE',  ( 4.704675921658918000, 0.2096826248464359600, 0.0000000000000000000 ) ) ;
#10324 = EDGE_CURVE ( 'NONE', #9797, #4903, #3867, .T. ) ;
#10325 = FACE_OUTER_BOUND ( 'NONE', #7222, .T. ) ;
#10326 = EDGE_CURVE ( 'NONE', #1309, #4719, #10110, .T. ) ;
#10327 = VECTOR ( 'NONE', #2817, 1000.000000000000000 ) ;
#10328 = ADVANCED_FACE ( 'NONE', ( #3606 ), #4270, .T. ) ;
#10329 = EDGE_LOOP ( 'NONE', ( #3020, #2379, #9149, #8928 ) ) ;
#10330 = ORIENTED_EDGE ( 'NONE', *, *, #7994, .T. ) ;
#10331 = ORIENTED_EDGE ( 'NONE', *, *, #10342, .F. ) ;
#10332 = ORIENTED_EDGE ( 'NONE', *, *, #10163, .F. ) ;
#10333 = DIRECTION ( 'NONE',  ( -0.8823529411758090900, 0.4705882352953579300, 0.0000000000000000000 ) ) ;
#10334 = CARTESIAN_POINT ( 'NONE',  ( 4.854675921659857200, 1.459682624844767000, -0.1000000000000000100 ) ) ;
#10335 = DIRECTION ( 'NONE',  ( 0.0000000000000000000, -0.0000000000000000000, -1.000000000000000000 ) ) ;
#10336 = FACE_OUTER_BOUND ( 'NONE', #10563, .T. ) ;
#10337 = ORIENTED_EDGE ( 'NONE', *, *, #10374, .T. ) ;
#10338 = VERTEX_POINT ( 'NONE', #1057 ) ;
#10339 = ORIENTED_EDGE ( 'NONE', *, *, #4720, .F. ) ;
#10340 = ORIENTED_EDGE ( 'NONE', *, *, #2989, .F. ) ;
#10341 = CARTESIAN_POINT ( 'NONE',  ( 4.754675921659630200, 0.009682624845666794300, 0.1000000000000000100 ) ) ;
#10342 = EDGE_CURVE ( 'NONE', #7141, #1907, #8187, .T. ) ;
#10343 = VECTOR ( 'NONE', #7688, 1000.000000000000000 ) ;
#10344 = DIRECTION ( 'NONE',  ( -1.000000000000000000, 0.0000000000000000000, 0.0000000000000000000 ) ) ;
#10345 = CARTESIAN_POINT ( 'NONE',  ( 5.754675921660088500, 0.2846826248451166400, -0.1000000000000000100 ) ) ;
#10346 = ORIENTED_EDGE ( 'NONE', *, *, #8746, .T. ) ;
#10347 = VECTOR ( 'NONE', #6007, 1000.000000000000100 ) ;
#10348 = ORIENTED_EDGE ( 'NONE', *, *, #3637, .F. ) ;
#10349 = DIRECTION ( 'NONE',  ( 2.891205793297583200E-015, -1.000000000000000000, 0.0000000000000000000 ) ) ;
#10350 = ORIENTED_EDGE ( 'NONE', *, *, #6408, .F. ) ;
#10351 = EDGE_LOOP ( 'NONE', ( #3631, #2139, #9040, #9147 ) ) ;
#10352 = VERTEX_POINT ( 'NONE', #2659 ) ;
#10353 = FACE_OUTER_BOUND ( 'NONE', #6977, .T. ) ;
#10354 = AXIS2_PLACEMENT_3D ( 'NONE', #1476, #2408, #3391 ) ;
#10355 = DIRECTION ( 'NONE',  ( -1.000000000000000000, -2.602085213967194600E-015, -0.0000000000000000000 ) ) ;
#10356 = DIRECTION ( 'NONE',  ( 0.7071067811865474600, -0.7071067811865474600, 0.0000000000000000000 ) ) ;
#10357 = ORIENTED_EDGE ( 'NONE', *, *, #2082, .F. ) ;
#10358 = VECTOR ( 'NONE', #8214, 1000.000000000000000 ) ;
#10359 = DIRECTION ( 'NONE',  ( -1.316717819115048800E-014, -1.000000000000000000, 0.0000000000000000000 ) ) ;
#10360 = DIRECTION ( 'NONE',  ( -1.000000000000000000, 2.114005981832989100E-015, -0.0000000000000000000 ) ) ;
#10361 = VERTEX_POINT ( 'NONE', #1886 ) ;
#10362 = ORIENTED_EDGE ( 'NONE', *, *, #1710, .F. ) ;
#10363 = VECTOR ( 'NONE', #4783, 1000.000000000000000 ) ;
#10364 = DIRECTION ( 'NONE',  ( 1.000000000000000000, 0.0000000000000000000, 0.0000000000000000000 ) ) ;
#10365 = LINE ( 'NONE', #3328, #10109 ) ;
#10366 = ADVANCED_FACE ( 'NONE', ( #6520 ), #6707, .F. ) ;
#10367 = CARTESIAN_POINT ( 'NONE',  ( 5.664169081836867300, 0.01968262484601956300, 0.0000000000000000000 ) ) ;
#10368 = VECTOR ( 'NONE', #5823, 1000.000000000000000 ) ;
#10369 = ORIENTED_EDGE ( 'NONE', *, *, #6731, .F. ) ;
#10370 = CARTESIAN_POINT ( 'NONE',  ( 5.054675921659471000, 0.2496826248458502400, 0.0000000000000000000 ) ) ;
#10371 = ORIENTED_EDGE ( 'NONE', *, *, #275, .F. ) ;
#10372 = DIRECTION ( 'NONE',  ( 0.0000000000000000000, 0.0000000000000000000, 1.000000000000000000 ) ) ;
#10373 = VECTOR ( 'NONE', #962, 1000.000000000000000 ) ;
#10374 = EDGE_CURVE ( 'NONE', #5109, #475, #1458, .T. ) ;
#10375 = EDGE_CURVE ( 'NONE', #4090, #993, #9869, .T. ) ;
#10376 = PLANE ( 'NONE',  #2584 ) ;
#10377 = LINE ( 'NONE', #5185, #1468 ) ;
#10378 =( NAMED_UNIT ( * ) PLANE_ANGLE_UNIT ( ) SI_UNIT ( $, .RADIAN. ) );
#10379 = CARTESIAN_POINT ( 'NONE',  ( 5.054675921659471000, 0.2496826248458502400, 0.0000000000000000000 ) ) ;
#10380 = ADVANCED_FACE ( 'NONE', ( #9616 ), #8416, .T. ) ;
#10381 = CARTESIAN_POINT ( 'NONE',  ( 4.704675921659936800, 0.9596826248462082500, 0.1000000000000000100 ) ) ;
#10382 = CARTESIAN_POINT ( 'NONE',  ( 5.054675921659471900, 0.4496826248457602700, 0.1000000000000000100 ) ) ;
#10383 = FACE_OUTER_BOUND ( 'NONE', #10351, .T. ) ;
#10384 = CARTESIAN_POINT ( 'NONE',  ( 4.879675921658599900, 0.7096826248464360700, 0.0000000000000000000 ) ) ;
#10385 = CARTESIAN_POINT ( 'NONE',  ( 5.754675921659735800, 1.484682624845741000, 0.1000000000000000100 ) ) ;
#10386 = ORIENTED_EDGE ( 'NONE', *, *, #2846, .F. ) ;
#10387 = LINE ( 'NONE', #7050, #1730 ) ;
#10388 = EDGE_CURVE ( 'NONE', #5160, #7503, #7670, .T. ) ;
#10389 = EDGE_CURVE ( 'NONE', #8908, #7115, #7420, .T. ) ;
#10390 = CARTESIAN_POINT ( 'NONE',  ( 5.439675921659715900, 1.103366499252742500, 0.1000000000000000100 ) ) ;
#10391 = PLANE ( 'NONE',  #5549 ) ;
#10392 = LINE ( 'NONE', #384, #6026 ) ;
#10393 = VERTEX_POINT ( 'NONE', #3569 ) ;
#10394 = AXIS2_PLACEMENT_3D ( 'NONE', #1473, #2283, #7960 ) ;
#10395 = CIRCLE ( 'NONE', #9498, 0.04999999999999969700 ) ;
#10396 = CARTESIAN_POINT ( 'NONE',  ( 5.829675921659729800, 0.6596826248457794400, 0.1000000000000000100 ) ) ;
#10397 = DIRECTION ( 'NONE',  ( -0.0000000000000000000, -1.000000000000000000, -0.0000000000000000000 ) ) ;
#10398 = CARTESIAN_POINT ( 'NONE',  ( 4.604675921659691100, 0.9596826248462082500, 0.1000000000000000500 ) ) ;
#10399 = EDGE_CURVE ( 'NONE', #8711, #7708, #933, .T. ) ;
#10400 = CARTESIAN_POINT ( 'NONE',  ( 6.104675921659724800, -0.2903173751547013500, 0.1000000000000000100 ) ) ;
#10401 = VECTOR ( 'NONE', #5562, 1000.000000000000000 ) ;
#10402 = EDGE_CURVE ( 'NONE', #8218, #93, #1201, .T. ) ;
#10403 = ORIENTED_EDGE ( 'NONE', *, *, #7477, .F. ) ;
#10404 = CARTESIAN_POINT ( 'NONE',  ( 5.014431958356886400, 0.09230803588812726300, 0.1000000000000000100 ) ) ;
#10405 = VECTOR ( 'NONE', #8411, 1000.000000000000000 ) ;
#10406 = VECTOR ( 'NONE', #1151, 1000.000000000000000 ) ;
#10407 = CARTESIAN_POINT ( 'NONE',  ( 5.606983613967200200, 0.9096826248458013100, 0.1000000000000000100 ) ) ;
#10408 = EDGE_LOOP ( 'NONE', ( #9874, #785, #372, #8147 ) ) ;
#10409 = DIRECTION ( 'NONE',  ( 0.0000000000000000000, 0.0000000000000000000, 1.000000000000000000 ) ) ;
#10410 = DIRECTION ( 'NONE',  ( -0.0000000000000000000, -0.0000000000000000000, -1.000000000000000000 ) ) ;
#10411 = DIRECTION ( 'NONE',  ( 1.000000000000000000, 0.0000000000000000000, 0.0000000000000000000 ) ) ;
#10412 = CARTESIAN_POINT ( 'NONE',  ( 4.954675921659530900, -0.3153173751544004500, 0.1000000000000000100 ) ) ;
#10413 = ORIENTED_EDGE ( 'NONE', *, *, #5388, .F. ) ;
#10414 = FACE_OUTER_BOUND ( 'NONE', #10408, .T. ) ;
#10415 = AXIS2_PLACEMENT_3D ( 'NONE', #3015, #5978, #9541 ) ;
#10416 = LINE ( 'NONE', #6120, #4150 ) ;
#10417 = ORIENTED_EDGE ( 'NONE', *, *, #10452, .F. ) ;
#10418 = CARTESIAN_POINT ( 'NONE',  ( 5.754675921660088500, 1.284682624846466700, 0.0000000000000000000 ) ) ;
#10419 = DIRECTION ( 'NONE',  ( -1.000000000000000000, -8.402566836769124100E-016, 0.0000000000000000000 ) ) ;
#10420 = ADVANCED_FACE ( 'NONE', ( #4994 ), #334, .T. ) ;
#10421 = DIRECTION ( 'NONE',  ( 1.000000000000000000, 0.0000000000000000000, 0.0000000000000000000 ) ) ;
#10422 = ORIENTED_EDGE ( 'NONE', *, *, #1606, .F. ) ;
#10423 = AXIS2_PLACEMENT_3D ( 'NONE', #10274, #3748, #508 ) ;
#10424 = PLANE ( 'NONE',  #474 ) ;
#10425 = CIRCLE ( 'NONE', #9693, 0.07499999999993189900 ) ;
#10426 = CARTESIAN_POINT ( 'NONE',  ( 5.104675921659546300, 0.04968262484573999400, 0.1000000000000000100 ) ) ;
#10427 = ORIENTED_EDGE ( 'NONE', *, *, #9216, .T. ) ;
#10428 = EDGE_LOOP ( 'NONE', ( #9109, #7193, #3288, #3950 ) ) ;
#10429 = ORIENTED_EDGE ( 'NONE', *, *, #1065, .F. ) ;
#10430 = ADVANCED_FACE ( 'NONE', ( #686 ), #8477, .T. ) ;
#10431 = CARTESIAN_POINT ( 'NONE',  ( 5.829675921660020200, 0.8846826248451392600, 0.0000000000000000000 ) ) ;
#10432 = EDGE_CURVE ( 'NONE', #4801, #5276, #9089, .T. ) ;
#10433 = AXIS2_PLACEMENT_3D ( 'NONE', #9993, #1061, #5903 ) ;
#10434 = LINE ( 'NONE', #1775, #3925 ) ;
#10435 = CARTESIAN_POINT ( 'NONE',  ( 4.854675921659857200, 1.459682624844767000, -0.1000000000000000100 ) ) ;
#10436 = DIRECTION ( 'NONE',  ( 0.0000000000000000000, 0.0000000000000000000, 1.000000000000000000 ) ) ;
#10437 = LINE ( 'NONE', #3333, #1780 ) ;
#10438 = ORIENTED_EDGE ( 'NONE', *, *, #5174, .T. ) ;
#10439 = ORIENTED_EDGE ( 'NONE', *, *, #3036, .F. ) ;
#10440 = DIRECTION ( 'NONE',  ( -0.0000000000000000000, -0.0000000000000000000, -1.000000000000000000 ) ) ;
#10441 = ORIENTED_EDGE ( 'NONE', *, *, #5427, .T. ) ;
#10442 = LINE ( 'NONE', #463, #3936 ) ;
#10443 = DIRECTION ( 'NONE',  ( -0.0000000000000000000, -0.0000000000000000000, -1.000000000000000000 ) ) ;
#10444 = DIRECTION ( 'NONE',  ( 0.8525082208477700000, 0.5227138159518741600, 0.0000000000000000000 ) ) ;
#10445 = PRESENTATION_STYLE_ASSIGNMENT (( #1226 ) ) ;
#10446 = VERTEX_POINT ( 'NONE', #3608 ) ;
#10447 = DIRECTION ( 'NONE',  ( 0.0000000000000000000, -1.000000000000000000, 0.0000000000000000000 ) ) ;
#10448 = VERTEX_POINT ( 'NONE', #5221 ) ;
#10449 = ORIENTED_EDGE ( 'NONE', *, *, #9361, .T. ) ;
#10450 = EDGE_CURVE ( 'NONE', #5839, #8800, #6892, .T. ) ;
#10452 = EDGE_CURVE ( 'NONE', #2153, #2439, #4735, .T. ) ;
#10451 = UNCERTAINTY_MEASURE_WITH_UNIT (LENGTH_MEASURE( 1.000000000000000100E-005 ), #6884, 'distance_accuracy_value', 'NONE');
#10453 = DIRECTION ( 'NONE',  ( 1.000000000000000000, -1.084202172493890000E-015, -0.0000000000000000000 ) ) ;
#10454 = CARTESIAN_POINT ( 'NONE',  ( 5.104675921659470800, 0.2996826248458500100, 0.0000000000000000000 ) ) ;
#10455 = FACE_OUTER_BOUND ( 'NONE', #9460, .T. ) ;
#10456 = FACE_OUTER_BOUND ( 'NONE', #763, .T. ) ;
#10457 = LINE ( 'NONE', #5446, #3949 ) ;
#10458 = AXIS2_PLACEMENT_3D ( 'NONE', #4096, #4911, #39 ) ;
#10459 = DIRECTION ( 'NONE',  ( 1.000000000000000000, -1.084202172489809400E-015, 0.0000000000000000000 ) ) ;
#10460 = CLOSED_SHELL ( 'NONE', ( #1348, #9796, #6289, #8930, #3789, #7887, #7719, #1925, #593, #1881, #8216, #2213, #3530, #439, #4542, #8569, #4578, #9942, #7900, #3482 ) ) ;
#10461 = ORIENTED_EDGE ( 'NONE', *, *, #7167, .T. ) ;
#10462 = CARTESIAN_POINT ( 'NONE',  ( 5.754675921660088500, -0.1153173751549743100, 0.0000000000000000000 ) ) ;
#10463 = ORIENTED_EDGE ( 'NONE', *, *, #10375, .T. ) ;
#10464 = ORIENTED_EDGE ( 'NONE', *, *, #10452, .T. ) ;
#10465 = DIRECTION ( 'NONE',  ( -1.000000000000000000, 0.0000000000000000000, -0.0000000000000000000 ) ) ;
#10466 = EDGE_CURVE ( 'NONE', #6441, #3418, #2858, .T. ) ;
#10467 = EDGE_CURVE ( 'NONE', #1676, #5089, #429, .T. ) ;
#10468 = LINE ( 'NONE', #132, #8023 ) ;
#10469 = VERTEX_POINT ( 'NONE', #10157 ) ;
#10470 = CARTESIAN_POINT ( 'NONE',  ( 5.439675921659716800, 1.034682624845923800, 0.1000000000000000100 ) ) ;
#10471 = VECTOR ( 'NONE', #3571, 1000.000000000000100 ) ;
#10472 = VERTEX_POINT ( 'NONE', #1232 ) ;
#10473 = VERTEX_POINT ( 'NONE', #7712 ) ;
#10474 = VERTEX_POINT ( 'NONE', #2872 ) ;
#10475 = EDGE_LOOP ( 'NONE', ( #10133, #8630, #2812, #5051 ) ) ;
#10476 = DIRECTION ( 'NONE',  ( -1.000000000000000000, 2.249719507909152500E-015, -0.0000000000000000000 ) ) ;
#10477 = ORIENTED_EDGE ( 'NONE', *, *, #2266, .T. ) ;
#10478 = ADVANCED_FACE ( 'NONE', ( #165 ), #4491, .F. ) ;
#10479 = CARTESIAN_POINT ( 'NONE',  ( 5.054675921659471900, 0.4496826248457602700, 0.1000000000000000100 ) ) ;
#10480 = VERTEX_POINT ( 'NONE', #10194 ) ;
#10481 = VECTOR ( 'NONE', #8095, 1000.000000000000000 ) ;
#10482 = DIRECTION ( 'NONE',  ( -0.0000000000000000000, 1.000000000000000000, -0.0000000000000000000 ) ) ;
#10483 = ORIENTED_EDGE ( 'NONE', *, *, #8971, .T. ) ;
#10484 = CYLINDRICAL_SURFACE ( 'NONE', #309, 0.04999999999999796300 ) ;
#10485 = LINE ( 'NONE', #7737, #1828 ) ;
#10486 = MECHANICAL_DESIGN_GEOMETRIC_PRESENTATION_REPRESENTATION (  '', ( #9389 ), #453 ) ;
#10487 = DIRECTION ( 'NONE',  ( 1.000000000000000000, 0.0000000000000000000, -0.0000000000000000000 ) ) ;
#10488 = ORIENTED_EDGE ( 'NONE', *, *, #4550, .T. ) ;
#10489 = CARTESIAN_POINT ( 'NONE',  ( 4.704675921658628500, 1.459682624844767000, 0.1000000000000000100 ) ) ;
#10490 = CARTESIAN_POINT ( 'NONE',  ( 0.0000000000000000000, 0.0000000000000000000, -0.1000000000000000100 ) ) ;
#10491 = ADVANCED_FACE ( 'NONE', ( #8582 ), #3668, .T. ) ;
#10492 = VERTEX_POINT ( 'NONE', #449 ) ;
#10493 = CARTESIAN_POINT ( 'NONE',  ( 5.771983613967414300, 1.159682624845749900, 0.1000000000000000100 ) ) ;
#10494 = LINE ( 'NONE', #8316, #10233 ) ;
#10495 = CARTESIAN_POINT ( 'NONE',  ( 4.604675921659691100, 0.4596826248462081400, 0.1000000000000000100 ) ) ;
#10496 = LINE ( 'NONE', #1449, #8312 ) ;
#10497 = CARTESIAN_POINT ( 'NONE',  ( 5.304675921659713500, -0.05180946618659731900, 0.1000000000000000100 ) ) ;
#10498 = VECTOR ( 'NONE', #4493, 1000.000000000000000 ) ;
#10499 = ORIENTED_EDGE ( 'NONE', *, *, #5389, .T. ) ;
#10500 = EDGE_CURVE ( 'NONE', #5429, #7700, #6393, .T. ) ;
#10501 = STYLED_ITEM ( 'NONE', ( #7089 ), #3091 ) ;
#10502 = VERTEX_POINT ( 'NONE', #2904 ) ;
#10503 = EDGE_CURVE ( 'NONE', #1865, #9945, #2090, .T. ) ;
#10504 =( NAMED_UNIT ( * ) SI_UNIT ( $, .STERADIAN. ) SOLID_ANGLE_UNIT ( ) );
#10505 = CIRCLE ( 'NONE', #534, 0.04999999999999969700 ) ;
#10506 = CARTESIAN_POINT ( 'NONE',  ( 4.879675921659534200, 0.009682624845666513300, 0.1000000000000000100 ) ) ;
#10507 = DIRECTION ( 'NONE',  ( -0.0000000000000000000, -0.0000000000000000000, -1.000000000000000000 ) ) ;
#10508 = LINE ( 'NONE', #6221, #8324 ) ;
#10509 = DIRECTION ( 'NONE',  ( 1.000000000000000000, -2.408418309332321600E-015, 0.0000000000000000000 ) ) ;
#10510 = EDGE_LOOP ( 'NONE', ( #3692, #9826, #526, #8600, #6670, #7073 ) ) ;
#10511 = AXIS2_PLACEMENT_3D ( 'NONE', #7201, #2360, #8021 ) ;
#10512 = ORIENTED_EDGE ( 'NONE', *, *, #5796, .T. ) ;
#10513 = LINE ( 'NONE', #8766, #6144 ) ;
#10514 = CARTESIAN_POINT ( 'NONE',  ( 5.154675921659544400, -0.01619039102726995200, 0.0000000000000000000 ) ) ;
#10515 = DIRECTION ( 'NONE',  ( -0.0000000000000000000, -1.000000000000000000, -0.0000000000000000000 ) ) ;
#10516 = FILL_AREA_STYLE ('',( #6392 ) ) ;
#10517 = LINE ( 'NONE', #8132, #8330 ) ;
#10518 = DIRECTION ( 'NONE',  ( 1.000000000000000000, 8.402566836769125100E-016, 0.0000000000000000000 ) ) ;
#10519 = EDGE_LOOP ( 'NONE', ( #1578, #9340, #8818, #8240 ) ) ;
#10520 = EDGE_CURVE ( 'NONE', #4175, #8315, #8836, .T. ) ;
#10521 = EDGE_CURVE ( 'NONE', #6230, #3184, #3985, .T. ) ;
#10522 = LINE ( 'NONE', #3128, #4252 ) ;
#10523 = DIRECTION ( 'NONE',  ( 0.0000000000000000000, 0.0000000000000000000, 1.000000000000000000 ) ) ;
#10525 = ORIENTED_EDGE ( 'NONE', *, *, #6147, .T. ) ;
#10524 = CARTESIAN_POINT ( 'NONE',  ( 4.879675921658599900, -0.2903173751535639800, 0.0000000000000000000 ) ) ;
#10526 = VECTOR ( 'NONE', #284, 1000.000000000000000 ) ;
#10527 = CARTESIAN_POINT ( 'NONE',  ( 5.439675921659716800, 1.034682624845923800, 0.1000000000000000100 ) ) ;
#10528 = DIRECTION ( 'NONE',  ( 0.0000000000000000000, 0.0000000000000000000, 1.000000000000000000 ) ) ;
#10529 = CARTESIAN_POINT ( 'NONE',  ( 4.704675921659895000, 0.4596826248462082000, 0.1000000000000000100 ) ) ;
#10530 = DIRECTION ( 'NONE',  ( -0.0000000000000000000, -0.0000000000000000000, -1.000000000000000000 ) ) ;
#10531 = ORIENTED_EDGE ( 'NONE', *, *, #6804, .F. ) ;
#10532 = ADVANCED_FACE ( 'NONE', ( #1837 ), #2969, .F. ) ;
#10533 = DIRECTION ( 'NONE',  ( 1.000000000000000000, 0.0000000000000000000, 0.0000000000000000000 ) ) ;
#10534 = VECTOR ( 'NONE', #6586, 1000.000000000000000 ) ;
#10535 = ORIENTED_EDGE ( 'NONE', *, *, #4581, .F. ) ;
#10536 = EDGE_CURVE ( 'NONE', #3607, #764, #5108, .T. ) ;
#10537 = LINE ( 'NONE', #2121, #4261 ) ;
#10538 = ORIENTED_EDGE ( 'NONE', *, *, #10251, .F. ) ;
#10539 = DIRECTION ( 'NONE',  ( 0.7071067811865541200, 0.7071067811865409100, -0.0000000000000000000 ) ) ;
#10540 = DIRECTION ( 'NONE',  ( 0.0000000000000000000, 0.0000000000000000000, 1.000000000000000000 ) ) ;
#10541 = CARTESIAN_POINT ( 'NONE',  ( 5.040567649154480600, 0.09968262484573889300, 0.1000000000000000100 ) ) ;
#10542 = ADVANCED_FACE ( 'NONE', ( #7289 ), #9499, .T. ) ;
#10543 = ORIENTED_EDGE ( 'NONE', *, *, #5782, .F. ) ;
#10544 = CARTESIAN_POINT ( 'NONE',  ( 4.754675921659555500, 1.009682624845826200, 0.0000000000000000000 ) ) ;
#10545 = DIRECTION ( 'NONE',  ( 0.7422680412375349800, 0.6701030927830382600, -0.0000000000000000000 ) ) ;
#10546 = LINE ( 'NONE', #7304, #8361 ) ;
#10547 = LINE ( 'NONE', #4030, #8363 ) ;
#10548 = ORIENTED_EDGE ( 'NONE', *, *, #5568, .T. ) ;
#10549 = DIRECTION ( 'NONE',  ( -1.000000000000000000, 1.734723475978141600E-015, -0.0000000000000000000 ) ) ;
#10550 = EDGE_CURVE ( 'NONE', #351, #4706, #1064, .T. ) ;
#10551 = CARTESIAN_POINT ( 'NONE',  ( 5.154675921659472400, 0.6496826248457289200, 0.0000000000000000000 ) ) ;
#10552 = DIRECTION ( 'NONE',  ( 0.7071067811865460200, -0.7071067811865490200, 0.0000000000000000000 ) ) ;
#10553 = CYLINDRICAL_SURFACE ( 'NONE', #5638, 0.07500000000021551900 ) ;
#10554 = ORIENTED_EDGE ( 'NONE', *, *, #9730, .T. ) ;
#10555 = CARTESIAN_POINT ( 'NONE',  ( 4.954675921659530000, 1.484682624845893300, 0.1000000000000000100 ) ) ;
#10556 = CARTESIAN_POINT ( 'NONE',  ( 4.604675921659691100, -0.2903173751535640400, 0.1000000000000000500 ) ) ;
#10557 = DIRECTION ( 'NONE',  ( -0.0000000000000000000, -0.0000000000000000000, -1.000000000000000000 ) ) ;
#10558 = MECHANICAL_DESIGN_GEOMETRIC_PRESENTATION_REPRESENTATION (  '', ( #8921 ), #521 ) ;
#10559 = DIRECTION ( 'NONE',  ( 0.0000000000000000000, 0.0000000000000000000, 1.000000000000000000 ) ) ;
#10560 = LINE ( 'NONE', #5952, #4048 ) ;
#10561 = CARTESIAN_POINT ( 'NONE',  ( 4.754675921659438300, 1.159682624845901600, 0.0000000000000000000 ) ) ;
#10562 = VERTEX_POINT ( 'NONE', #1372 ) ;
#10563 = EDGE_LOOP ( 'NONE', ( #5536, #5992, #9394, #5687 ) ) ;
#10564 = ORIENTED_EDGE ( 'NONE', *, *, #2155, .T. ) ;
#10565 = AXIS2_PLACEMENT_3D ( 'NONE', #8544, #4477, #10181 ) ;
#10566 = DIRECTION ( 'NONE',  ( 0.0000000000000000000, 0.0000000000000000000, 1.000000000000000000 ) ) ;
#10567 = CARTESIAN_POINT ( 'NONE',  ( 5.700554488570705100, 0.4674901632768662700, 0.1000000000000000100 ) ) ;
#10568 = DIRECTION ( 'NONE',  ( 0.0000000000000000000, 0.0000000000000000000, 1.000000000000000000 ) ) ;
#10569 = FACE_OUTER_BOUND ( 'NONE', #9961, .T. ) ;
#10570 = ORIENTED_EDGE ( 'NONE', *, *, #7091, .T. ) ;
#10571 = VERTEX_POINT ( 'NONE', #7826 ) ;
#10573 = ORIENTED_EDGE ( 'NONE', *, *, #3026, .F. ) ;
#10572 = CARTESIAN_POINT ( 'NONE',  ( 5.870360893847723600, 0.1596826248457505200, 0.1000000000000000100 ) ) ;
#10574 = ORIENTED_EDGE ( 'NONE', *, *, #3371, .T. ) ;
#10575 = EDGE_CURVE ( 'NONE', #5194, #8610, #9207, .T. ) ;
#10576 = EDGE_CURVE ( 'NONE', #7364, #7366, #4869, .T. ) ;
#10577 = CARTESIAN_POINT ( 'NONE',  ( 5.954675921659633900, 0.5096826248458022900, 0.1000000000000000100 ) ) ;
#10578 = CARTESIAN_POINT ( 'NONE',  ( 4.954675921659327500, 0.8846826248461626700, 0.0000000000000000000 ) ) ;
#10579 = AXIS2_PLACEMENT_3D ( 'NONE', #2497, #8179, #3314 ) ;
#10580 = LINE ( 'NONE', #7055, #8404 ) ;
#10581 = LINE ( 'NONE', #10514, #8406 ) ;
#10582 = ORIENTED_EDGE ( 'NONE', *, *, #7571, .T. ) ;
#10583 = VERTEX_POINT ( 'NONE', #9530 ) ;
#10584 = VERTEX_POINT ( 'NONE', #5431 ) ;
#10585 = ORIENTED_EDGE ( 'NONE', *, *, #7819, .F. ) ;
#10586 = DIRECTION ( 'NONE',  ( 0.0000000000000000000, -1.000000000000000000, 0.0000000000000000000 ) ) ;
#10587 = CARTESIAN_POINT ( 'NONE',  ( 4.837351104144149300, 0.1596826248457989800, 0.1000000000000000100 ) ) ;
#10588 = ADVANCED_FACE ( 'NONE', ( #6758 ), #291, .T. ) ;
#10589 = EDGE_CURVE ( 'NONE', #4051, #8811, #7011, .T. ) ;
ENDSEC;
END-ISO-10303-21;
